Delta,Time,CPU_FREQUENCY_0,CPU_FREQUENCY_1,CPU_FREQUENCY_10,CPU_FREQUENCY_11,CPU_FREQUENCY_12,CPU_FREQUENCY_13,CPU_FREQUENCY_14,CPU_FREQUENCY_15,CPU_FREQUENCY_16,CPU_FREQUENCY_17,CPU_FREQUENCY_18,CPU_FREQUENCY_19,CPU_FREQUENCY_2,CPU_FREQUENCY_3,CPU_FREQUENCY_4,CPU_FREQUENCY_5,CPU_FREQUENCY_6,CPU_FREQUENCY_7,CPU_FREQUENCY_8,CPU_FREQUENCY_9,CPU_USAGE_0,CPU_USAGE_1,CPU_USAGE_10,CPU_USAGE_11,CPU_USAGE_12,CPU_USAGE_13,CPU_USAGE_14,CPU_USAGE_15,CPU_USAGE_16,CPU_USAGE_17,CPU_USAGE_18,CPU_USAGE_19,CPU_USAGE_2,CPU_USAGE_3,CPU_USAGE_4,CPU_USAGE_5,CPU_USAGE_6,CPU_USAGE_7,CPU_USAGE_8,CPU_USAGE_9,DRAM_ENERGY (J),PACKAGE_ENERGY (J),PP0_ENERGY (J),PP1_ENERGY (J),TOTAL_MEMORY,TOTAL_SWAP,USED_MEMORY,USED_SWAP
0,1787762598687,3500,3500,3500,3500,3500,3500,3500,3500,3500,3500,3500,3500,3500,3500,3500,3500,3500,3500,3500,3500,0,69.41729736328125,0,0,0,41.80128860473633,0,0,0,0,0,0,0,0,0,0,0,0,0,0,0,194750.94891357422,76803.35827636719,0,34088599552,2147483648,8008724480,0
199,1787762598688,3500,3500,3500,3500,3500,3500,3500,3500,3500,3500,3500,3500,3500,3500,3500,3500,3500,3500,3500,3500,100,100,100,100,100,100,100,100,100,100,100,100,100,100,100,100,100,100,100,100,0,194750.9907836914,76803.35827636719,0,34088599552,2147483648,8008744960,0
200,1787762598887,3500,3500,3500,3500,3500,3500,3500,3500,3500,3500,3500,3500,3500,3500,3500,3500,3500,3500,3500,3500,1.3600845336914063,33.039894104003906,3.58984375,1.072296142578125,0.9947509765625,8.014503479003906,1.13433837890625,1.0393905639648438,5.1479339599609375,1.0301895141601563,1.1394577026367188,1.058380126953125,67.48312377929688,1.0147857666015625,39.90703582763672,3.5295867919921875,25.271812438964844,1.0089187622070313,1.4588623046875,3.6344375610351563,0,194763.10662841797,76813.2611694336,0,34088599552,2147483648,8056266752,0
200,1787762599087,3500,3500,3500,3500,3500,3500,3500,3500,3500,3500,3500,3500,3500,3500,3500,3500,3500,3500,3500,3500,0.4998016357421875,50.03118896484375,17.985183715820313,0.18407440185546875,0.1035614013671875,0.202667236328125,0.2265625,0.236053466796875,0.196624755859375,0.19307708740234375,0.180877685546875,2.7306289672851563,51.90105438232422,0.1063079833984375,56.4456672668457,0.1146087646484375,47.99918746948242,2.6449127197265625,42.118247985839844,0.14374542236328125,0,194775.5107421875,76823.45068359375,0,34088599552,2147483648,8109768704,0
200,1787762599288,3500,3500,3500,3500,3500,3500,3500,3500,3500,3500,3500,3500,3500,3500,3500,3500,3500,3500,3500,3500,3.0150222778320313,51.52340316772461,2.169189453125,0.226715087890625,0.213592529296875,2.7206344604492188,0.213592529296875,0.17431640625,0.1793060302734375,0.21349334716796875,0.20555877685546875,0.199371337890625,58.34991455078125,0.15335845947265625,59.57661056518555,0.14776611328125,53.222145080566406,0.13823699951171875,47.72319030761719,0.15100860595703125,0,194789.66485595703,76835.34100341797,0,34088599552,2147483648,8139112448,0
199,1787762599488,3500,3500,3500,3500,3500,3500,3500,3500,3500,3500,3500,3500,3500,3500,3500,3500,3500,3500,3500,3500,0.8539047241210938,45.98479461669922,47.975032806396484,3.1121978759765625,0.5725784301757813,8.4918212890625,7.5413055419921875,3.078765869140625,5.927848815917969,0.5935897827148438,0.6199874877929688,0.6017227172851563,48.38225173950195,3.0801620483398438,52.18364334106445,0.527923583984375,50.3671989440918,0.5468368530273438,52.57424545288086,0.5505752563476563,0,194803.26190185547,76846.71325683594,0,34088599552,2147483648,8177270784,0
200,1787762599688,3500,3500,3500,3500,3500,3500,3500,3500,3500,3500,3500,3500,3500,3500,3500,3500,3500,3500,3500,3500,1.1123504638671875,53.43471908569336,40.11308288574219,0.23657989501953125,2.7772216796875,10.964752197265625,0.3410797119140625,0.22998809814453125,1.4844131469726563,2.9191513061523438,2.9315948486328125,0.422943115234375,45.141685485839844,0.22328948974609375,44.690711975097656,0.1943511962890625,44.59016036987305,0.2327880859375,42.567115783691406,0.24198150634765625,0,194814.2398071289,76855.44268798828,0,34088599552,2147483648,8226275328,0
200,1787762599889,3500,3500,3500,3500,3500,3500,3500,3500,3500,3500,3500,3500,3500,3500,3500,3500,3500,3500,3500,3500,0.7908477783203125,9.312576293945313,0.2819366455078125,0.33216094970703125,0.2224884033203125,0.33051300048828125,0.286773681640625,0.2843780517578125,2.86859130859375,0.31914520263671875,0.32173919677734375,0.239990234375,11.22314453125,0.25774383544921875,0.50018310546875,2.7866439819335938,0.35919189453125,0.288818359375,0.3445281982421875,2.822357177734375,0,194821.41778564453,76860.47387695313,0,34088599552,2147483648,8226545664,0
200,1787762600089,3500,3500,3500,3500,3500,3500,3500,3500,3500,3500,3500,3500,3500,3500,3500,3500,3500,3500,3500,3500,2.5566864013671875,13.466781616210938,2.7385177612304688,0.11699676513671875,0.04932403564453125,0.06288909912109375,0,0.03481292724609375,0.02333831787109375,0,0.01555633544921875,2.5054244995117188,11.521110534667969,0.0760498046875,8.198249816894531,0.04862213134765625,5.196311950683594,2.6602706909179688,0.5733184814453125,0.03041839599609375,0,194828.50646972656,76865.3373413086,0,34088599552,2147483648,8227516416,0
200,1787762600290,3500,3500,3500,3500,3500,3500,3500,3500,3500,3500,3500,3500,3500,3500,3500,3500,3500,3500,3500,3500,1.4309539794921875,15.21832275390625,0.752655029296875,0.8139495849609375,0.8252182006835938,3.33917236328125,0.8653640747070313,0.8280105590820313,0.9119415283203125,0.944610595703125,0.831298828125,0.7867202758789063,19.82562255859375,0.743927001953125,9.992332458496094,0.763031005859375,13.544105529785156,0.7518539428710938,3.6480712890625,0.7913589477539063,0,194837.27142333984,76871.99578857422,0,34088599552,2147483648,8228028416,0
200,1787762600490,3500,3500,3500,3500,3500,3500,3500,3500,3500,3500,3500,3500,3500,3500,3500,3500,3500,3500,3500,3500,4.091148376464844,15.203758239746094,1.46588134765625,0.45157623291015625,0.329437255859375,0.38202667236328125,2.8189544677734375,2.8394088745117188,0.41963958740234375,0.5047607421875,0.42128753662109375,0.3834686279296875,12.793174743652344,2.8227462768554688,10.115760803222656,0.25165557861328125,10.070960998535156,0.2680206298828125,1.4236679077148438,0.304443359375,0,194845.4048461914,76877.9691772461,0,34088599552,2147483648,8230547456,0
200,1787762600691,3500,3500,3500,3500,3500,3500,3500,3500,3500,3500,3500,3500,3500,3500,3500,3500,3500,3500,3500,3500,0.9918746948242188,21.844154357910156,0.15958404541015625,2.7204513549804688,2.627105712890625,0.03204345703125,0.07476043701171875,0.0431060791015625,0.1892852783203125,2.8196258544921875,0.18121337890625,0.1724853515625,13.674919128417969,0.1280364990234375,8.752037048339844,0.006927490234375,0.43219757080078125,0.11263275146484375,0.9535980224609375,0.0908050537109375,0,194853.5845336914,76883.95147705078,0,34088599552,2147483648,8234782720,0
200,1787762600891,3500,3500,3500,3500,3500,3500,3500,3500,3500,3500,3500,3500,3500,3500,3500,3500,3500,3500,3500,3500,1.0074462890625,16.763595581054688,0.9707870483398438,0.4691619873046875,0.5087051391601563,0.4517059326171875,0.47614288330078125,0.447662353515625,3.1836700439453125,0.6319427490234375,3.08856201171875,0.6545867919921875,16.635772705078125,0.5092544555664063,10.547027587890625,3.0227279663085938,10.73150634765625,0.49544525146484375,1.8790817260742188,3.0164947509765625,0,194862.15997314453,76890.36267089844,0,34088599552,2147483648,8235814912,0
200,1787762601092,3500,3500,3500,3500,3500,3500,3500,3500,3500,3500,3500,3500,3500,3500,3500,3500,3500,3500,3500,3500,0.8286666870117188,17.74913787841797,4.413093566894531,0.29219818115234375,0.15933990478515625,1.1672439575195313,0.249908447265625,0.2541961669921875,0.490936279296875,0.34845733642578125,0.418670654296875,2.997589111328125,15.837211608886719,0.26007843017578125,15.464164733886719,0.21051025390625,9.275138854980469,2.8201446533203125,6.8594512939453125,0.274993896484375,0,194870.40600585938,76896.42468261719,0,34088599552,2147483648,8239357952,0
200,1787762601292,3500,3500,3500,3500,3500,3500,3500,3500,3500,3500,3500,3500,3500,3500,3500,3500,3500,3500,3500,3500,1.1843643188476563,19.017738342285156,0.3918609619140625,0.341644287109375,0.336761474609375,3.2208328247070313,0.30060577392578125,0.26300048828125,3.0449447631835938,0.43206024169921875,0.5225143432617188,0.5174789428710938,18.615753173828125,0.28818511962890625,12.732566833496094,0.304046630859375,8.381027221679688,0.347930908203125,3.5659637451171875,0.33760833740234375,0,194879.42388916016,76903.26654052734,0,34088599552,2147483648,8243335168,0
200,1787762601493,3500,3500,3500,3500,3500,3500,3500,3500,3500,3500,3500,3500,3500,3500,3500,3500,3500,3500,3500,3500,3.4082489013671875,15.2451171875,0.25737762451171875,0.2586212158203125,0.25458526611328125,0.47275543212890625,2.74169921875,2.7267913818359375,0.7346725463867188,0.4006500244140625,0.42273712158203125,0.44223785400390625,16.240753173828125,2.7130279541015625,7.942939758300781,0.22022247314453125,0.9890060424804688,0.31472015380859375,0.2469024658203125,0.2500457763671875,0,194887.88885498047,76909.58325195313,0,34088599552,2147483648,8243662848,0
200,1787762601693,3500,3500,3500,3500,3500,3500,3500,3500,3500,3500,3500,3500,3500,3500,3500,3500,3500,3500,3500,3500,1.6725082397460938,17.449752807617188,0.437835693359375,2.8735504150390625,2.7947158813476563,0.30501556396484375,0.31394195556640625,0.28989410400390625,0.40575408935546875,0.4124908447265625,0.5048446655273438,0.46417999267578125,14.582695007324219,0.33026123046875,8.278358459472656,0.26674652099609375,5.1887664794921875,0.3750152587890625,1.7795333862304688,0.33464813232421875,0,194895.1138305664,76914.87896728516,0,34088599552,2147483648,8245489664,0
200,1787762601894,3500,3500,3500,3500,3500,3500,3500,3500,3500,3500,3500,3500,3500,3500,3500,3500,3500,3500,3500,3500,0.8511886596679688,16.344581604003906,1.1100845336914063,0.264678955078125,0.22637939453125,0.24063873291015625,0.3599395751953125,0.24916839599609375,3.2244186401367188,2.835906982421875,2.8400421142578125,0.25400543212890625,20.29401397705078,0.30682373046875,10.614967346191406,2.7500228881835938,4.8096466064453125,0.25699615478515625,1.5318145751953125,2.8039398193359375,0,194902.5819091797,76920.18328857422,0,34088599552,2147483648,8246292480,0
200,1787762602094,3500,3500,3500,3500,3500,3500,3500,3500,3500,3500,3500,3500,3500,3500,3500,3500,3500,3500,3500,3500,1.09112548828125,21.616546630859375,2.8176422119140625,0.30228424072265625,0.30527496337890625,0.2294158935546875,0.28408050537109375,0.24507904052734375,0.243133544921875,0.216552734375,0.30342864990234375,2.8155975341796875,11.323387145996094,0.24991607666015625,4.134002685546875,0.2921600341796875,6.8814239501953125,2.1555252075195313,0.7100982666015625,0.2955474853515625,0,194910.79962158203,76925.96081542969,0,34088599552,2147483648,8251809792,0
200,1787762602295,3500,3500,3500,3500,3500,3500,3500,3500,3500,3500,3500,3500,3500,3500,3500,3500,3500,3500,3500,3500,1.1239242553710938,19.625328063964844,0.28556060791015625,0.33113861083984375,0.26102447509765625,2.7685928344726563,0.28765106201171875,0.21887969970703125,0.3083953857421875,0.400909423828125,0.3561248779296875,0.44359588623046875,14.219345092773438,0.3033599853515625,7.931755065917969,0.176788330078125,4.443687438964844,0.8892364501953125,4.2398681640625,0.2920379638671875,0,194919.8530883789,76932.85162353516,0,34088599552,2147483648,8259338240,0
199,1787762602495,3500,3500,3500,3500,3500,3500,3500,3500,3500,3500,3500,3500,3500,3500,3500,3500,3500,3500,3500,3500,3.4001312255859375,26.39838409423828,0.33837890625,0.35892486572265625,0.262420654296875,0.28032684326171875,2.8534927368164063,2.80950927734375,0.40296173095703125,0.49382781982421875,0.4411163330078125,0.5099334716796875,17.194664001464844,2.7903060913085938,6.202507019042969,0.247711181640625,0.6278305053710938,0.3359832763671875,0.5735244750976563,0.329254150390625,0,194929.1284790039,76939.95788574219,0,34088599552,2147483648,8259690496,0
200,1787762602695,3500,3500,3500,3500,3500,3500,3500,3500,3500,3500,3500,3500,3500,3500,3500,3500,3500,3500,3500,3500,1.9135818481445313,14.194740295410156,0.317657470703125,2.837799072265625,2.8483963012695313,0.22786712646484375,0.33544921875,0.2784576416015625,0.388946533203125,0.49198150634765625,0.44153594970703125,0.508575439453125,10.659492492675781,0.27001190185546875,3.2855377197265625,0.29135894775390625,0.38529205322265625,0.37709808349609375,0.32305145263671875,0.294158935546875,0,194936.5623779297,76945.23950195313,0,34088599552,2147483648,8259825664,0
200,1787762602896,3500,3500,3500,3500,3500,3500,3500,3500,3500,3500,3500,3500,3500,3500,3500,3500,3500,3500,3500,3500,0.923126220703125,16.282493591308594,1.2782135009765625,0.3034210205078125,0.31763458251953125,0.6334228515625,0.3359375,0.45557403564453125,2.8405914306640625,2.9251251220703125,2.8678665161132813,0.41487884521484375,19.9532470703125,0.3036651611328125,11.994384765625,2.7376556396484375,7.367439270019531,0.2233734130859375,4.269859313964844,2.8498153686523438,0,194945.48529052734,76951.98693847656,0,34088599552,2147483648,8262479872,0
200,1787762603096,3500,3500,3500,3500,3500,3500,3500,3500,3500,3500,3500,3500,3500,3500,3500,3500,3500,3500,3500,3500,1.2524337768554688,18.34717559814453,3.8871536254882813,0.27474212646484375,0.3617706298828125,0.6244964599609375,0.375885009765625,0.4949798583984375,0.24272918701171875,0.3053131103515625,0.34960174560546875,1.1511917114257813,16.92414093017578,0.25763702392578125,4.29266357421875,0.296539306640625,2.0929183959960938,0.3021697998046875,1.1297454833984375,0.32456207275390625,0,194952.80627441406,76957.14324951172,0,34088599552,2147483648,8263278592,0
200,1787762603297,3500,3500,3500,3500,3500,3500,3500,3500,3500,3500,3500,3500,3500,3500,3500,3500,3500,3500,3500,3500,1.1901702880859375,19.581298828125,0.30098724365234375,0.31085968017578125,0.3076171875,2.8017654418945313,0.26612091064453125,0.2669219970703125,0.28936004638671875,0.26218414306640625,0.261138916015625,1.920013427734375,10.485603332519531,0.258941650390625,4.629859924316406,0.25479888916015625,4.747215270996094,2.7881546020507813,5.4662322998046875,0.3038787841796875,0,194961.35052490234,76963.53820800781,0,34088599552,2147483648,8264331264,0
200,1787762603497,3500,3500,3500,3500,3500,3500,3500,3500,3500,3500,3500,3500,3500,3500,3500,3500,3500,3500,3500,3500,3.449676513671875,25.868850708007813,4.1595611572265625,0.3354949951171875,0.26207733154296875,9.954345703125,3.0380325317382813,2.7911148071289063,3.284698486328125,0.25649261474609375,0.22512054443359375,0.34027862548828125,25.372276306152344,2.8349533081054688,11.685623168945313,0.25055694580078125,10.289741516113281,0.289306640625,3.8241729736328125,0.322174072265625,0,194969.44708251953,76969.40496826172,0,34088599552,2147483648,8270630912,0
200,1787762603698,3500,3500,3500,3500,3500,3500,3500,3500,3500,3500,3500,3500,3500,3500,3500,3500,3500,3500,3500,3500,1.564605712890625,48.867942810058594,20.45568084716797,2.8203811645507813,2.75799560546875,4.6664886474609375,0.8040008544921875,0.23909759521484375,2.3784942626953125,0.2652740478515625,0.285003662109375,0.30957794189453125,59.04248809814453,0.27161407470703125,42.07313919067383,0.219268798828125,51.8759765625,0.22601318359375,46.08836364746094,0.2930908203125,0,194984.2315673828,76981.92395019531,0,34088599552,2147483648,8300384256,0
200,1787762603898,3500,3500,3500,3500,3500,3500,3500,3500,3500,3500,3500,3500,3500,3500,3500,3500,3500,3500,3500,3500,0.6900634765625,37.16500473022461,17.304733276367188,0.3757781982421875,0.32176971435546875,0.42041015625,0.38739776611328125,0.35527801513671875,2.920745849609375,2.8308258056640625,2.7977142333984375,0.26047515869140625,34.111900329589844,0.24710845947265625,37.26155471801758,2.7626495361328125,52.28174591064453,0.294586181640625,42.65644836425781,2.8006057739257813,0,194996.03546142578,76991.49615478516,0,34088599552,2147483648,8309751808,0
200,1787762604099,3500,3500,3500,3500,3500,3500,3500,3500,3500,3500,3500,3500,3500,3500,3500,3500,3500,3500,3500,3500,2.4486541748046875,32.197540283203125,3.1668548583984375,0.3745880126953125,0.2724456787109375,0.7981948852539063,0.2858123779296875,0.2885589599609375,0.28142547607421875,0.33084869384765625,0.27947998046875,0.21300506591796875,34.69322204589844,0.23439788818359375,26.926498413085938,0.25704193115234375,31.9290771484375,0.20467376708984375,13.702560424804688,0.27848052978515625,0,195005.89599609375,76999.13061523438,0,34088599552,2147483648,8265924608,0
200,1787762604299,3500,3500,3500,3500,3500,3500,3500,3500,3500,3500,3500,3500,3500,3500,3500,3500,3500,3500,3500,3500,1.0257415771484375,17.876991271972656,0.4296875,0.43132781982421875,0.21813201904296875,2.826324462890625,0.3694915771484375,0.3241119384765625,0.31992340087890625,0.3025665283203125,0.2830657958984375,2.8595352172851563,12.334365844726563,0.3094482421875,10.865875244140625,0.29319000244140625,2.3348922729492188,2.8126068115234375,3.61492919921875,0.31363677978515625,0,195014.2289428711,77005.28497314453,0,34088599552,2147483648,8266489856,0
199,1787762604500,3500,3500,3500,3500,3500,3500,3500,3500,3500,3500,3500,3500,3500,3500,3500,3500,3500,3500,3500,3500,3.5672073364257813,18.820655822753906,0.441802978515625,0.449432373046875,0.36730194091796875,0.8182830810546875,2.8428878784179688,2.8811416625976563,0.7882080078125,0.297882080078125,0.28725433349609375,0.30306243896484375,10.581344604492188,2.8226394653320313,1.8281631469726563,0.29563140869140625,3.2135238647460938,0.35308837890625,0.3090972900390625,0.3980712890625,0,195021.8578491211,77010.75732421875,0,34088599552,2147483648,8267194368,0
200,1787762604700,3500,3500,3500,3500,3500,3500,3500,3500,3500,3500,3500,3500,3500,3500,3500,3500,3500,3500,3500,3500,1.766571044921875,18.196685791015625,0.288116455078125,2.8318710327148438,0.35358428955078125,0.4822235107421875,0.3652801513671875,0.42984771728515625,0.26812744140625,0.1788177490234375,0.27767181396484375,0.30020904541015625,19.4788818359375,0.31275177001953125,8.049484252929688,0.26068115234375,4.1549072265625,0.3139495849609375,1.6449813842773438,0.31984710693359375,0,195029.2515258789,77015.98370361328,0,34088599552,2147483648,8265502720,0
200,1787762604900,3500,3500,3500,3500,3500,3500,3500,3500,3500,3500,3500,3500,3500,3500,3500,3500,3500,3500,3500,3500,1.0346603393554688,14.286392211914063,0.28800201416015625,0.28281402587890625,2.9377670288085938,0.39472198486328125,0.41811370849609375,0.4388580322265625,2.8108978271484375,2.7459640502929688,2.7910003662109375,0.25154876708984375,14.992012023925781,0.27223968505859375,3.030029296875,2.7794342041015625,0.5939559936523438,0.28406524658203125,0.29094696044921875,0.28041839599609375,0,195037.60369873047,77022.1605834961,0,34088599552,2147483648,8264925184,0
200,1787762605101,3500,3500,3500,3500,3500,3500,3500,3500,3500,3500,3500,3500,3500,3500,3500,3500,3500,3500,3500,3500,1.1805191040039063,16.90563201904297,2.8545303344726563,0.3764495849609375,0.4227294921875,0.3831329345703125,0.48401641845703125,0.442626953125,0.311370849609375,0.30135345458984375,0.37450408935546875,0.3139190673828125,10.942642211914063,0.26544952392578125,2.923248291015625,0.29351806640625,0.636260986328125,0.33521270751953125,0.9275436401367188,2.946441650390625,0,195044.76153564453,77027.1689453125,0,34088599552,2147483648,8264327168,0
200,1787762605301,3500,3500,3500,3500,3500,3500,3500,3500,3500,3500,3500,3500,3500,3500,3500,3500,3500,3500,3500,3500,1.2606124877929688,19.567405700683594,0.3171844482421875,0.32695770263671875,0.396881103515625,2.9694137573242188,0.49736785888671875,0.380523681640625,0.27135467529296875,0.27529144287109375,0.28656005859375,2.8333206176757813,10.983863830566406,0.27568817138671875,6.271278381347656,0.33344268798828125,0.301177978515625,2.83306884765625,2.842742919921875,0.3567352294921875,0,195052.98626708984,77033.6767578125,0,34088599552,2147483648,8264982528,0
200,1787762605502,3500,3500,3500,3500,3500,3500,3500,3500,3500,3500,3500,3500,3500,3500,3500,3500,3500,3500,3500,3500,3.2783966064453125,22.86188507080078,1.07000732421875,0.295989990234375,0.39289093017578125,1.3421554565429688,2.9431076049804688,2.8760757446289063,0.48126983642578125,0.283172607421875,0.27379608154296875,0.309906005859375,45.78306198120117,2.7729415893554688,18.476722717285156,0.14014434814453125,9.501388549804688,0.258087158203125,1.1476058959960938,0.30068206787109375,0,195062.33557128906,77040.51593017578,0,34088599552,2147483648,8269430784,0
200,1787762605702,3500,3500,3500,3500,3500,3500,3500,3500,3500,3500,3500,3500,3500,3500,3500,3500,3500,3500,3500,3500,1.675933837890625,19.307716369628906,0.37459564208984375,2.9376602172851563,0.3704071044921875,0.40438079833984375,0.380584716796875,0.30290985107421875,0.35349273681640625,0.21880340576171875,0.2776641845703125,0.33493804931640625,66.25601959228516,0.269287109375,6.54229736328125,0.305999755859375,2.2791061401367188,0.33892822265625,0.31752777099609375,0.3839263916015625,0,195071.12646484375,77046.94366455078,0,34088599552,2147483648,8274722816,0
200,1787762605903,3500,3500,3500,3500,3500,3500,3500,3500,3500,3500,3500,3500,3500,3500,3500,3500,3500,3500,3500,3500,1.041351318359375,18.57282257080078,0.32520294189453125,0.34709930419921875,2.854095458984375,0.297576904296875,0.29952239990234375,0.29010009765625,0.36141204833984375,2.8288650512695313,2.8226318359375,0.31104278564453125,45.35868835449219,0.23409271240234375,6.824348449707031,2.8019790649414063,1.6298751831054688,0.2908935546875,0.30181884765625,0.37203216552734375,0,195079.189453125,77052.78540039063,0,34088599552,2147483648,8278147072,0
200,1787762606103,3500,3500,3500,3500,3500,3500,3500,3500,3500,3500,3500,3500,3500,3500,3500,3500,3500,3500,3500,3500,1.0508270263671875,22.927291870117188,2.8143386840820313,0.30681610107421875,0.26397705078125,6.5236968994140625,0.2895660400390625,0.28707122802734375,2.8268051147460938,0.27869415283203125,0.2883148193359375,0.2787933349609375,46.80640411376953,0.24163818359375,4.056327819824219,0.35694122314453125,4.081809997558594,0.29634857177734375,0.2913055419921875,2.8564300537109375,0,195088.7061767578,77060.0405883789,0,34088599552,2147483648,8281165824,0
199,1787762606304,3500,3500,3500,3500,3500,3500,3500,3500,3500,3500,3500,3500,3500,3500,3500,3500,3500,3500,3500,3500,1.0592575073242188,13.600852966308594,0.3414306640625,0.30213165283203125,0.3222808837890625,8.241287231445313,0.29026031494140625,0.2890625,1.059600830078125,0.3154449462890625,0.33484649658203125,2.945953369140625,45.10530090332031,0.27016448974609375,9.9073486328125,0.28078460693359375,1.74017333984375,2.83782958984375,4.103462219238281,0.33893585205078125,0,195098.09692382813,77067.21166992188,0,34088599552,2147483648,8284164096,0
200,1787762606504,3500,3500,3500,3500,3500,3500,3500,3500,3500,3500,3500,3500,3500,3500,3500,3500,3500,3500,3500,3500,3.34210205078125,18.3284912109375,0.2489166259765625,0.279815673828125,0.2740631103515625,15.511123657226563,5.1565093994140625,7.151588439941406,2.6168975830078125,0.25026702880859375,0.250518798828125,0.2192230224609375,45.28803253173828,2.715484619140625,13.55743408203125,0.2145233154296875,10.218330383300781,0.2178192138671875,2.890411376953125,0.26911163330078125,0,195108.40167236328,77075.24328613281,0,34088599552,2147483648,8284880896,0
200,1787762606704,3500,3500,3500,3500,3500,3500,3500,3500,3500,3500,3500,3500,3500,3500,3500,3500,3500,3500,3500,3500,1.3758697509765625,23.27985382080078,1.64581298828125,2.8720245361328125,0.2756805419921875,1.3175277709960938,0.557159423828125,0.32468414306640625,1.0389480590820313,0.32064056396484375,0.3019561767578125,0.343017578125,41.6366081237793,0.27069091796875,7.579124450683594,0.28507232666015625,3.5938262939453125,0.3565521240234375,3.4595565795898438,0.304656982421875,0,195116.54235839844,77081.14678955078,0,34088599552,2147483648,8287916032,0
200,1787762606905,3500,3500,3500,3500,3500,3500,3500,3500,3500,3500,3500,3500,3500,3500,3500,3500,3500,3500,3500,3500,0.778778076171875,26.75292205810547,0.8520889282226563,0.2445831298828125,2.826141357421875,0.36597442626953125,0.33220672607421875,0.19600677490234375,0.30078887939453125,2.7940750122070313,2.734619140625,0.20902252197265625,67.4283218383789,0.15814971923828125,4.770317077636719,2.814666748046875,3.8212203979492188,0.22418212890625,0.8467025756835938,0.2572021484375,0,195126.32556152344,77088.70294189453,0,34088599552,2147483648,8280084480,0
200,1787762607105,3500,3500,3500,3500,3500,3500,3500,3500,3500,3500,3500,3500,3500,3500,3500,3500,3500,3500,3500,3500,0.9751434326171875,22.011581420898438,2.9097213745117188,0.35848236083984375,0.3320465087890625,6.187095642089844,0.29125213623046875,0.33693695068359375,2.90234375,0.31154632568359375,0.35294342041015625,0.32671356201171875,43.932044982910156,0.2857666015625,12.666793823242188,0.28167724609375,9.86529541015625,0.3533935546875,0.3463592529296875,2.8883743286132813,0,195137.60186767578,77097.72497558594,0,34088599552,2147483648,8282370048,0
200,1787762607306,3500,3500,3500,3500,3500,3500,3500,3500,3500,3500,3500,3500,3500,3500,3500,3500,3500,3500,3500,3500,1.0258407592773438,16.763580322265625,0.27204132080078125,0.31951904296875,0.232696533203125,2.7696151733398438,0.2574310302734375,0.2579345703125,0.26401519775390625,0.29897308349609375,0.23354339599609375,2.862823486328125,47.34259033203125,0.19783782958984375,11.984672546386719,0.20556640625,1.2732009887695313,2.84881591796875,2.995635986328125,0.31198883056640625,0,195145.14099121094,77103.03100585938,0,34088599552,2147483648,8282951680,0
200,1787762607506,3500,3500,3500,3500,3500,3500,3500,3500,3500,3500,3500,3500,3500,3500,3500,3500,3500,3500,3500,3500,3.2618408203125,19.683937072753906,1.7299423217773438,0.350006103515625,0.2595367431640625,5.824310302734375,2.8237533569335938,2.4316558837890625,0.8904800415039063,0.40357208251953125,0.4614715576171875,0.479278564453125,46.31850814819336,2.792633056640625,11.918975830078125,0.26647186279296875,13.379997253417969,0.2883148193359375,6.32073974609375,0.34078216552734375,0,195155.33172607422,77110.96673583984,0,34088599552,2147483648,8280686592,0
200,1787762607707,3500,3500,3500,3500,3500,3500,3500,3500,3500,3500,3500,3500,3500,3500,3500,3500,3500,3500,3500,3500,2.2624588012695313,22.784210205078125,0.31396484375,2.882659912109375,0.25429534912109375,0.21952056884765625,0.40192413330078125,0.710052490234375,0.5391693115234375,0.51507568359375,0.5351791381835938,0.5409164428710938,45.934722900390625,0.24785614013671875,10.632392883300781,0.25598907470703125,5.2856597900390625,0.32828521728515625,0.634613037109375,0.319305419921875,0,195165.69775390625,77119.09521484375,0,34088599552,2147483648,8278405120,0
200,1787762607907,3500,3500,3500,3500,3500,3500,3500,3500,3500,3500,3500,3500,3500,3500,3500,3500,3500,3500,3500,3500,1.0284576416015625,39.25023651123047,0.26611328125,0.28491973876953125,2.7720260620117188,0.39627838134765625,0.25429534912109375,0.26042938232421875,0.31713104248046875,2.841094970703125,2.9043807983398438,0.34401702880859375,49.23975372314453,0.19519805908203125,10.908851623535156,2.7171173095703125,5.150459289550781,0.25629425048828125,0.31873321533203125,0.27524566650390625,0,195173.78155517578,77124.9115600586,0,34088599552,2147483648,8276250624,0
200,1787762608108,3500,3500,3500,3500,3500,3500,3500,3500,3500,3500,3500,3500,3500,3500,3500,3500,3500,3500,3500,3500,2.863555908203125,23.66632843017578,2.890533447265625,0.3165740966796875,0.294586181640625,1.4117813110351563,0.2927398681640625,0.458709716796875,2.9175186157226563,0.26531219482421875,0.336273193359375,0.30899810791015625,51.61188507080078,0.28336334228515625,7.741676330566406,0.28460693359375,2.092010498046875,0.30844879150390625,0.33023834228515625,2.8812103271484375,0,195182.61547851563,77131.5062866211,0,34088599552,2147483648,8276480000,0
199,1787762608308,3500,3500,3500,3500,3500,3500,3500,3500,3500,3500,3500,3500,3500,3500,3500,3500,3500,3500,3500,3500,1.14361572265625,20.800819396972656,0.276885986328125,0.3409271240234375,0.368499755859375,2.9554061889648438,0.40590667724609375,0.3976287841796875,0.2835235595703125,0.23380279541015625,0.25250244140625,2.8675384521484375,44.16416549682617,0.27294921875,14.767021179199219,0.29628753662109375,6.158729553222656,2.8177108764648438,2.8394088745117188,0.2777862548828125,0,195191.19091796875,77137.83966064453,0,34088599552,2147483648,8276701184,0
201,1787762608508,3500,3500,3500,3500,3500,3500,3500,3500,3500,3500,3500,3500,3500,3500,3500,3500,3500,3500,3500,3500,3.2663955688476563,33.987815856933594,10.750015258789063,0.328857421875,0.27896881103515625,6.685813903808594,2.90838623046875,0.3279571533203125,7.151863098144531,0.2823638916015625,0.34630584716796875,0.33361053466796875,65.38070678710938,2.7633056640625,33.800193786621094,0.21047210693359375,25.08777618408203,0.2418212890625,16.743263244628906,0.31880950927734375,0,195202.62176513672,77146.97241210938,0,34088599552,2147483648,8303448064,0
200,1787762608709,3500,3500,3500,3500,3500,3500,3500,3500,3500,3500,3500,3500,3500,3500,3500,3500,3500,3500,3500,3500,1.3613739013671875,19.31317901611328,0.08563995361328125,2.6183547973632813,0.02617645263671875,3.1493301391601563,0.0586700439453125,2.5553970336914063,0.014129638671875,0.0922088623046875,0.08708953857421875,0.07782745361328125,78.08599090576172,0.00447845458984375,8.739601135253906,0.0192108154296875,0.7751617431640625,0.11515045166015625,0.33361053466796875,0.34749603271484375,0,195213.56280517578,77156.17346191406,0,34088599552,2147483648,8303570944,0
200,1787762608910,3500,3500,3500,3500,3500,3500,3500,3500,3500,3500,3500,3500,3500,3500,3500,3500,3500,3500,3500,3500,0.8360977172851563,25.721778869628906,0.38251495361328125,0.41896820068359375,2.883026123046875,0.336883544921875,0.39662933349609375,0.38755035400390625,0.44036865234375,2.9616241455078125,2.9146957397460938,0.3995208740234375,76.34445190429688,0.315338134765625,9.24774169921875,2.81036376953125,1.46502685546875,0.38570404052734375,0.46485137939453125,0.46131134033203125,0,195222.1524658203,77162.17407226563,0,34088599552,2147483648,8308338688,0
200,1787762609110,3500,3500,3500,3500,3500,3500,3500,3500,3500,3500,3500,3500,3500,3500,3500,3500,3500,3500,3500,3500,2.3383026123046875,30.840408325195313,2.9471282958984375,0.43149566650390625,0.38237762451171875,0.325927734375,0.48804473876953125,0.36547088623046875,3.0511016845703125,0.49134063720703125,0.5151748657226563,0.5433502197265625,51.60029983520508,0.28449249267578125,17.895042419433594,0.311065673828125,7.802253723144531,0.39105224609375,0.43902587890625,2.921142578125,0,195232.69903564453,77170.36706542969,0,34088599552,2147483648,8307490816,0
199,1787762609311,3500,3500,3500,3500,3500,3500,3500,3500,3500,3500,3500,3500,3500,3500,3500,3500,3500,3500,3500,3500,1.1898269653320313,25.583877563476563,0.5373916625976563,0.33402252197265625,0.3004608154296875,2.9243240356445313,0.32788848876953125,0.29387664794921875,0.5247726440429688,0.5670089721679688,0.4739532470703125,3.093231201171875,69.07688903808594,0.2366790771484375,23.192108154296875,0.27971649169921875,14.169548034667969,2.8729095458984375,12.337860107421875,0.30170440673828125,0,195241.58923339844,77176.99963378906,0,34088599552,2147483648,8308211712,0
200,1787762609511,3500,3500,3500,3500,3500,3500,3500,3500,3500,3500,3500,3500,3500,3500,3500,3500,3500,3500,3500,3500,3.9568252563476563,18.54418182373047,0.29965972900390625,0.31334686279296875,0.2952117919921875,7.08233642578125,2.8762664794921875,0.32494354248046875,10.271553039550781,0.46515655517578125,0.34168243408203125,0.44516754150390625,70.86307525634766,2.7374038696289063,9.501594543457031,0.297607421875,4.687164306640625,0.265777587890625,0.495330810546875,0.28781890869140625,0,195252.13897705078,77185.33795166016,0,34088599552,2147483648,8308670464,0
200,1787762609711,3500,3500,3500,3500,3500,3500,3500,3500,3500,3500,3500,3500,3500,3500,3500,3500,3500,3500,3500,3500,1.0399169921875,15.953460693359375,0.19145965576171875,2.7595977783203125,0.1814727783203125,4.385780334472656,0.2286224365234375,2.699462890625,9.878807067871094,0.2030487060546875,0.158843994140625,0.18946075439453125,63.337467193603516,0.1159820556640625,2.9676971435546875,0.16867828369140625,4.6511688232421875,0.26009368896484375,0.15514373779296875,0.236663818359375,0,195263.28717041016,77194.24285888672,0,34088599552,2147483648,8333926400,0
200,1787762609912,3500,3500,3500,3500,3500,3500,3500,3500,3500,3500,3500,3500,3500,3500,3500,3500,3500,3500,3500,3500,1.202484130859375,19.882003784179688,0.4330596923828125,0.4434814453125,3.0222702026367188,0.36280059814453125,0.38030242919921875,0.42757415771484375,0.4567413330078125,2.9233932495117188,2.89801025390625,0.412261962890625,66.43251037597656,0.3586578369140625,6.306221008300781,2.8937759399414063,4.242256164550781,0.4401397705078125,0.427520751953125,0.4852142333984375,0,195272.05926513672,77200.81262207031,0,34088599552,2147483648,8311693312,0
200,1787762610112,3500,3500,3500,3500,3500,3500,3500,3500,3500,3500,3500,3500,3500,3500,3500,3500,3500,3500,3500,3500,0.7800750732421875,18.50951385498047,2.8265380859375,0.2324676513671875,0.24504852294921875,4.974884033203125,0.24335479736328125,0.2578277587890625,2.8507003784179688,0.2758026123046875,0.2911224365234375,0.36734771728515625,58.00928497314453,0.28638458251953125,10.171157836914063,0.157196044921875,2.6980972290039063,0.35132598876953125,0.28018951416015625,2.8640823364257813,0,195279.5962524414,77206.10241699219,0,34088599552,2147483648,8311623680,0
200,1787762610312,3500,3500,3500,3500,3500,3500,3500,3500,3500,3500,3500,3500,3500,3500,3500,3500,3500,3500,3500,3500,0.9814529418945313,31.34033203125,0.375640869140625,0.33994293212890625,0.27904510498046875,2.8904876708984375,0.36235809326171875,0.287078857421875,0.4698333740234375,0.48685455322265625,0.463897705078125,3.0812759399414063,63.677886962890625,0.2861328125,17.938018798828125,0.27739715576171875,2.6934585571289063,2.942352294921875,2.8955307006835938,0.37499237060546875,0,195288.77838134766,77213.0361328125,0,34088599552,2147483648,8313679872,0
200,1787762610512,3500,3500,3500,3500,3500,3500,3500,3500,3500,3500,3500,3500,3500,3500,3500,3500,3500,3500,3500,3500,3.5499343872070313,18.781539916992188,0.32965850830078125,0.3144683837890625,0.2866363525390625,5.5926513671875,2.9499359130859375,0.22026824951171875,8.898880004882813,0.4442901611328125,0.42275238037109375,0.46218109130859375,62.71226501464844,2.7559967041015625,9.907691955566406,0.26074981689453125,6.5889739990234375,0.25090789794921875,0.228118896484375,0.30112457275390625,0,195297.00854492188,77219.052734375,0,34088599552,2147483648,8331317248,0
205,1787762610713,3500,3500,3500,3500,3500,3500,3500,3500,3500,3500,3500,3500,3500,3500,3500,3500,3500,3500,3500,3500,0.999603271484375,18.494293212890625,0.12895965576171875,2.68072509765625,0.08336639404296875,0.19356536865234375,0.16263580322265625,2.6720962524414063,20.425506591796875,0.12017822265625,0.05837249755859375,0.11225128173828125,44.82093811035156,0.09319305419921875,3.0772857666015625,0.11095428466796875,2.27264404296875,0.1804962158203125,0.12412261962890625,0.1558990478515625,0,195306.84216308594,77226.65869140625,0,34088599552,2147483648,8314515456,0
200,1787762610919,3500,3500,3500,3500,3500,3500,3500,3500,3500,3500,3500,3500,3500,3500,3500,3500,3500,3500,3500,3500,0.5502243041992188,18.866363525390625,0,0,2.1519851684570313,0,0,0,0,2.1527175903320313,2.1205673217773438,0,38.21493911743164,0,6.570732116699219,1.5234375,1.5818252563476563,0,0,0,0,195316.05322265625,77233.53210449219,0,34088599552,2147483648,8314814464,0
200,1787762611119,3500,3500,3500,3500,3500,3500,3500,3500,3500,3500,3500,3500,3500,3500,3500,3500,3500,3500,3500,3500,1.73638916015625,15.841163635253906,3.7583389282226563,1.1577911376953125,1.1291732788085938,1.1862640380859375,1.1465988159179688,1.1225357055664063,3.5623016357421875,1.189483642578125,1.10931396484375,1.189483642578125,37.02003860473633,1.10931396484375,7.715782165527344,1.6504745483398438,4.853691101074219,1.1447219848632813,1.9789657592773438,3.6979293823242188,0,195323.88134765625,77239.17999267578,0,34088599552,2147483648,8315150336,0
200,1787762611320,3500,3500,3500,3500,3500,3500,3500,3500,3500,3500,3500,3500,3500,3500,3500,3500,3500,3500,3500,3500,1.132080078125,13.987899780273438,0.29510498046875,0.31243133544921875,0.40480804443359375,8.087112426757813,0.3695526123046875,0.27518463134765625,1.1689834594726563,0.2978515625,0.25580596923828125,2.7609024047851563,33.051597595214844,0.24956512451171875,6.2723388671875,0.22205352783203125,0.5496597290039063,2.8415374755859375,2.9486465454101563,0.41614532470703125,0,195330.92083740234,77244.00622558594,0,34088599552,2147483648,8315498496,0
199,1787762611520,3500,3500,3500,3500,3500,3500,3500,3500,3500,3500,3500,3500,3500,3500,3500,3500,3500,3500,3500,3500,3.5036544799804688,18.66649627685547,0.2846221923828125,0.32781219482421875,0.346282958984375,1.5301055908203125,3.0041046142578125,1.95751953125,1.2375946044921875,0.30364227294921875,0.22381591796875,0.2836761474609375,35.594444274902344,2.7333602905273438,3.6561737060546875,0.2454833984375,3.0427932739257813,0.28487396240234375,0.333404541015625,0.27938079833984375,0,195337.7921142578,77248.65539550781,0,34088599552,2147483648,8315875328,0
200,1787762611720,3500,3500,3500,3500,3500,3500,3500,3500,3500,3500,3500,3500,3500,3500,3500,3500,3500,3500,3500,3500,1.142364501953125,19.63811492919922,0.33984375,2.8542327880859375,0.25479888916015625,0.45122528076171875,0.32535552978515625,2.793914794921875,0.34734344482421875,0.29427337646484375,0.2752838134765625,0.23516082763671875,35.57696533203125,0.23785400390625,7.040008544921875,0.35338592529296875,4.129112243652344,0.2811279296875,2.7083663940429688,0.30371856689453125,0,195347.07739257813,77255.70080566406,0,34088599552,2147483648,8315957248,0
200,1787762611920,3500,3500,3500,3500,3500,3500,3500,3500,3500,3500,3500,3500,3500,3500,3500,3500,3500,3500,3500,3500,0.9460220336914063,13.951560974121094,0.3211669921875,0.30463409423828125,2.8944244384765625,0.5080337524414063,0.264312744140625,0.2639617919921875,0.39116668701171875,2.9006195068359375,2.9221572875976563,0.30997467041015625,35.38786315917969,0.24737548828125,6.621612548828125,0.3022308349609375,1.5620346069335938,0.33551025390625,0.29048919677734375,0.31737518310546875,0,195355.60931396484,77262.01684570313,0,34088599552,2147483648,8315940864,0
200,1787762612120,3500,3500,3500,3500,3500,3500,3500,3500,3500,3500,3500,3500,3500,3500,3500,3500,3500,3500,3500,3500,2.6887054443359375,19.912559509277344,2.80535888671875,0.3254852294921875,0.39963531494140625,0.8986968994140625,0.39778900146484375,0.4240570068359375,3.0135421752929688,0.4740447998046875,0.40787506103515625,0.41217041015625,36.19876480102539,0.22261810302734375,4.551872253417969,2.7797393798828125,1.8389434814453125,0.2727508544921875,0.2674560546875,2.8167953491210938,0,195364.40844726563,77268.59033203125,0,34088599552,2147483648,8318238720,0
200,1787762612321,3500,3500,3500,3500,3500,3500,3500,3500,3500,3500,3500,3500,3500,3500,3500,3500,3500,3500,3500,3500,1.2064971923828125,15.227043151855469,0.32953643798828125,0.31805419921875,0.31555938720703125,0.33863067626953125,0.37258148193359375,0.20754241943359375,0.493133544921875,0.474456787109375,0.40439605712890625,3.0307693481445313,34.63133239746094,0.2589263916015625,7.8125,0.276458740234375,0.320098876953125,2.8379058837890625,2.8506393432617188,0.31031036376953125,0,195371.4150390625,77273.41296386719,0,34088599552,2147483648,8316235776,0
200,1787762612521,3500,3500,3500,3500,3500,3500,3500,3500,3500,3500,3500,3500,3500,3500,3500,3500,3500,3500,3500,3500,3.7361068725585938,16.879318237304688,0.2722625732421875,0.297698974609375,0.24721527099609375,3.7250823974609375,2.8075942993164063,0.19583892822265625,0.41941070556640625,0.48331451416015625,0.4059906005859375,0.502716064453125,35.227073669433594,2.746337890625,1.2998428344726563,0.26258087158203125,3.4271316528320313,0.29705047607421875,0.2726593017578125,0.29186248779296875,0,195378.84271240234,77278.59741210938,0,34088599552,2147483648,8316547072,0
201,1787762612721,3500,3500,3500,3500,3500,3500,3500,3500,3500,3500,3500,3500,3500,3500,3500,3500,3500,3500,3500,3500,1.2756881713867188,19.900291442871094,0.32401275634765625,2.8274002075195313,0.31298065185546875,0.31922149658203125,0.34503936767578125,2.9320297241210938,0.41495513916015625,0.4881744384765625,0.38968658447265625,0.5058517456054688,37.943824768066406,0.24236297607421875,6.863922119140625,0.289306640625,5.28424072265625,0.38564300537109375,0.29979705810546875,0.33709716796875,0,195387.14910888672,77284.68231201172,0,34088599552,2147483648,8318713856,0
199,1787762612923,3500,3500,3500,3500,3500,3500,3500,3500,3500,3500,3500,3500,3500,3500,3500,3500,3500,3500,3500,3500,0.6988143920898438,18.2073974609375,0,0,2.214508056640625,0,0,0,0,2.2300033569335938,2.1518783569335938,0,32.779815673828125,0,0.278106689453125,0,0,0,0,0,0,195395.17510986328,77290.46240234375,0,34088599552,2147483648,8322314240,0
200,1787762613123,3500,3500,3500,3500,3500,3500,3500,3500,3500,3500,3500,3500,3500,3500,3500,3500,3500,3500,3500,3500,2.02642822265625,20.244407653808594,3.574127197265625,1.0568161010742188,1.1480789184570313,1.2400970458984375,1.1897201538085938,1.2623748779296875,3.51953125,1.049072265625,1.0082778930664063,1.02117919921875,33.529502868652344,0.9572067260742188,1.954559326171875,3.5506515502929688,1.3569259643554688,1.125701904296875,1.0472869873046875,3.5701522827148438,0,195402.92156982422,77296.0337524414,0,34088599552,2147483648,8319758336,0
200,1787762613323,3500,3500,3500,3500,3500,3500,3500,3500,3500,3500,3500,3500,3500,3500,3500,3500,3500,3500,3500,3500,1.3864898681640625,17.75164031982422,0.3356781005859375,0.3648529052734375,0.38724517822265625,0.5057830810546875,0.4258880615234375,0.48838043212890625,0.27178955078125,0.277374267578125,0.224761962890625,2.8289337158203125,34.69434356689453,0.2001800537109375,4.5782318115234375,0.3011627197265625,0.299224853515625,2.850830078125,2.8062973022460938,0.3050537109375,0,195411.65985107422,77302.53649902344,0,34088599552,2147483648,8319676416,0
200,1787762613524,3500,3500,3500,3500,3500,3500,3500,3500,3500,3500,3500,3500,3500,3500,3500,3500,3500,3500,3500,3500,3.5294952392578125,15.385719299316406,0.2797088623046875,0.2541046142578125,0.3538665771484375,3.0899505615234375,2.5348739624023438,0.4035186767578125,0.2802581787109375,0.2323455810546875,0.19068145751953125,0.25490570068359375,35.17748260498047,2.7959671020507813,4.8500823974609375,0.19422149658203125,5.444877624511719,0.239532470703125,0.3970794677734375,0.23863983154296875,0,195421.2689819336,77309.9365234375,0,34088599552,2147483648,8320327680,0
200,1787762613724,3500,3500,3500,3500,3500,3500,3500,3500,3500,3500,3500,3500,3500,3500,3500,3500,3500,3500,3500,3500,1.1134796142578125,16.309913635253906,0.35655975341796875,2.8385162353515625,0.34798431396484375,0.3926239013671875,0.8295974731445313,2.939727783203125,0.29959869384765625,0.32613372802734375,0.35211944580078125,0.28333282470703125,32.742088317871094,0.28478240966796875,4.3167877197265625,0.2991943359375,1.65216064453125,0.32134246826171875,0.7335739135742188,0.33765411376953125,0,195430.15655517578,77316.603515625,0,34088599552,2147483648,8328716288,0
200,1787762613924,3500,3500,3500,3500,3500,3500,3500,3500,3500,3500,3500,3500,3500,3500,3500,3500,3500,3500,3500,3500,1.1442108154296875,21.427902221679688,0.5151596069335938,0.539093017578125,3.1074295043945313,0.6226043701171875,0.6451416015625,0.6406936645507813,0.4851226806640625,2.989288330078125,3.0737457275390625,0.5193557739257813,45.708656311035156,0.46123504638671875,8.7635498046875,0.47922515869140625,4.5272064208984375,0.5069122314453125,0.5104598999023438,0.556884765625,0,195439.8282470703,77324.11688232422,0,34088599552,2147483648,8327987200,0
200,1787762614125,3500,3500,3500,3500,3500,3500,3500,3500,3500,3500,3500,3500,3500,3500,3500,3500,3500,3500,3500,3500,0.9135589599609375,14.593666076660156,2.8950653076171875,0.2959747314453125,0.266448974609375,0.59698486328125,0.31153106689453125,0.34609222412109375,2.874969482421875,0.2669525146484375,0.295074462890625,0.33138275146484375,56.50849914550781,0.226654052734375,9.256050109863281,2.8022079467773438,8.857292175292969,0.352325439453125,0.627655029296875,2.8768157958984375,0,195449.3295288086,77331.4111328125,0,34088599552,2147483648,8312139776,0
200,1787762614325,3500,3500,3500,3500,3500,3500,3500,3500,3500,3500,3500,3500,3500,3500,3500,3500,3500,3500,3500,3500,1.0100631713867188,18.49005889892578,0.329498291015625,0.30226898193359375,0.22858428955078125,9.8502197265625,0.29367828369140625,0.23653411865234375,0.71038818359375,0.2720947265625,0.2408294677734375,2.7518997192382813,22.62407684326172,0.2424774169921875,11.06329345703125,0.34552764892578125,1.8685684204101563,2.8386688232421875,0.2758941650390625,0.30826568603515625,0,195457.8409423828,77337.74432373047,0,34088599552,2147483648,8283828224,0
200,1787762614525,3500,3500,3500,3500,3500,3500,3500,3500,3500,3500,3500,3500,3500,3500,3500,3500,3500,3500,3500,3500,3.7701950073242188,14.343673706054688,0.304779052734375,0.34954071044921875,0.362335205078125,2.7916030883789063,0.3231658935546875,0.30573272705078125,0.4293212890625,0.37067413330078125,0.324615478515625,0.391510009765625,7.5552215576171875,0.8966598510742188,0.48976898193359375,0.3448486328125,2.871734619140625,0.32855987548828125,2.847503662109375,0.29459381103515625,0,195465.71673583984,77343.46655273438,0,34088599552,2147483648,8283238400,0
199,1787762614726,3500,3500,3500,3500,3500,3500,3500,3500,3500,3500,3500,3500,3500,3500,3500,3500,3500,3500,3500,3500,1.2447586059570313,15.35528564453125,0.3835906982421875,2.9265975952148438,0.27736663818359375,0.25754547119140625,2.8410491943359375,2.7617950439453125,0.46858978271484375,0.36795806884765625,0.33934783935546875,0.35677337646484375,2.7310867309570313,2.1326980590820313,0.40561676025390625,0.38629150390625,0.29689788818359375,0.30313873291015625,0.3014373779296875,0.27367401123046875,0,195474.1610107422,77349.76153564453,0,34088599552,2147483648,8283238400,0
200,1787762614926,3500,3500,3500,3500,3500,3500,3500,3500,3500,3500,3500,3500,3500,3500,3500,3500,3500,3500,3500,3500,1.0293197631835938,16.300880432128906,0.32430267333984375,0.29726409912109375,2.9750213623046875,0.3467864990234375,0.3049163818359375,0.297515869140625,0.45487213134765625,2.9336471557617188,2.8807296752929688,0.3565826416015625,5.708343505859375,0.3189544677734375,1.3028488159179688,0.3164520263671875,0.30846405029296875,0.32155609130859375,0.333648681640625,0.330596923828125,0,195482.9727783203,77356.4457397461,0,34088599552,2147483648,8283963392,0
200,1787762615126,3500,3500,3500,3500,3500,3500,3500,3500,3500,3500,3500,3500,3500,3500,3500,3500,3500,3500,3500,3500,1.1055145263671875,16.1751708984375,2.7004852294921875,0.2366943359375,0.37857818603515625,0.5963211059570313,0.2424774169921875,0.25794219970703125,3.2334213256835938,0.37688446044921875,0.37593841552734375,0.32471466064453125,7.204643249511719,0.20632171630859375,1.7301177978515625,2.750701904296875,0.5368728637695313,0.28287506103515625,0.35040283203125,2.8921432495117188,0,195489.763671875,77361.0805053711,0,34088599552,2147483648,8283963392,0
200,1787762615327,3500,3500,3500,3500,3500,3500,3500,3500,3500,3500,3500,3500,3500,3500,3500,3500,3500,3500,3500,3500,0.95172119140625,24.469711303710938,0.31922149658203125,0.25032806396484375,0.40921783447265625,0.422088623046875,0.287689208984375,0.30994415283203125,0.37239837646484375,0.37239837646484375,0.3925018310546875,2.9270095825195313,14.308387756347656,0.21625518798828125,2.7775039672851563,0.21955108642578125,0.5151748657226563,2.794464111328125,0.37090301513671875,0.34217071533203125,0,195498.89825439453,77368.05206298828,0,34088599552,2147483648,8295071744,0
200,1787762615527,3500,3500,3500,3500,3500,3500,3500,3500,3500,3500,3500,3500,3500,3500,3500,3500,3500,3500,3500,3500,3.636383056640625,15.488914489746094,0.36887359619140625,0.407440185546875,0.4557342529296875,2.9831390380859375,0.3917236328125,0.40030670166015625,0.5832977294921875,0.5608978271484375,0.45548248291015625,0.5703277587890625,23.410675048828125,0.35460662841796875,4.9296417236328125,0.358795166015625,2.9207305908203125,0.37436676025390625,2.8798675537109375,0.41766357421875,0,195506.91455078125,77373.9849243164,0,34088599552,2147483648,8293212160,0
201,1787762615727,3500,3500,3500,3500,3500,3500,3500,3500,3500,3500,3500,3500,3500,3500,3500,3500,3500,3500,3500,3500,1.2972183227539063,14.255073547363281,0.30077362060546875,2.8327789306640625,0.30571746826171875,0.36554718017578125,2.7937545776367188,2.7889633178710938,0.475738525390625,0.37862396240234375,0.35646820068359375,0.375732421875,4.135490417480469,2.8300857543945313,0.28949737548828125,0.31180572509765625,0.278167724609375,0.32587432861328125,0.31304931640625,0.29633331298828125,0,195514.62860107422,77379.48645019531,0,34088599552,2147483648,8293212160,0
200,1787762615930,3500,3500,3500,3500,3500,3500,3500,3500,3500,3500,3500,3500,3500,3500,3500,3500,3500,3500,3500,3500,1.352142333984375,21.187362670898438,0.48104095458984375,0.43943023681640625,2.8513641357421875,0.351898193359375,0.4761505126953125,0.32328033447265625,0.5384750366210938,2.957427978515625,2.9423065185546875,0.4087371826171875,7.2882080078125,0.343048095703125,3.9815444946289063,0.3756256103515625,0.5089645385742188,0.39707183837890625,0.38526153564453125,0.3737945556640625,0,195523.68286132813,77386.32720947266,0,34088599552,2147483648,8292773888,0
200,1787762616130,3500,3500,3500,3500,3500,3500,3500,3500,3500,3500,3500,3500,3500,3500,3500,3500,3500,3500,3500,3500,2.7712326049804688,12.885467529296875,0.3059844970703125,0.29248809814453125,0.19835662841796875,0.2659912109375,0.139617919921875,0.17610931396484375,2.7459869384765625,0.24559783935546875,0.200408935546875,0.1892547607421875,11.200447082519531,0.1715087890625,3.9310226440429688,2.705047607421875,0.7517852783203125,0.2955322265625,0.2895355224609375,2.7626800537109375,0,195531.70849609375,77392.25323486328,0,34088599552,2147483648,8292765696,0
199,1787762616330,3500,3500,3500,3500,3500,3500,3500,3500,3500,3500,3500,3500,3500,3500,3500,3500,3500,3500,3500,3500,1.208953857421875,15.304603576660156,2.938629150390625,0.39324188232421875,0.33298492431640625,0.26560211181640625,0.24445343017578125,0.30644989013671875,0.389495849609375,0.34705352783203125,0.33448028564453125,2.8629150390625,6.4579925537109375,0.29443359375,0.702484130859375,0.32989501953125,0.39119720458984375,2.9606781005859375,0.4187774658203125,0.4258575439453125,0,195540.35906982422,77398.73309326172,0,34088599552,2147483648,8292884480,0
200,1787762616530,3500,3500,3500,3500,3500,3500,3500,3500,3500,3500,3500,3500,3500,3500,3500,3500,3500,3500,3500,3500,1.2772140502929688,14.677658081054688,0.29654693603515625,0.31159210205078125,0.27915191650390625,2.9442596435546875,0.2136077880859375,0.2599029541015625,0.28594970703125,0.25800323486328125,0.29184722900390625,0.265350341796875,8.274879455566406,0.23426055908203125,2.895721435546875,0.39357757568359375,2.829681396484375,0.34613800048828125,2.8817214965820313,0.32784271240234375,0,195547.6167602539,77403.85540771484,0,34088599552,2147483648,8293167104,0
200,1787762616731,3500,3500,3500,3500,3500,3500,3500,3500,3500,3500,3500,3500,3500,3500,3500,3500,3500,3500,3500,3500,3.8210372924804688,16.690147399902344,0.2841796875,0.26427459716796875,0.2430267333984375,0.1420135498046875,2.7717132568359375,2.78338623046875,0.216339111328125,0.25000762939453125,0.28887176513671875,0.26576995849609375,6.498626708984375,2.7547531127929688,1.0831451416015625,0.2853240966796875,0.5594329833984375,0.3818511962890625,0.35974884033203125,0.33650970458984375,0,195556.50177001953,77410.58862304688,0,34088599552,2147483648,8293101568,0
199,1787762616931,3500,3500,3500,3500,3500,3500,3500,3500,3500,3500,3500,3500,3500,3500,3500,3500,3500,3500,3500,3500,1.1140899658203125,15.861991882324219,0.2466583251953125,2.7745742797851563,2.7874984741210938,0.35137176513671875,0.2929534912109375,0.2124786376953125,0.2535400390625,2.75482177734375,0.184539794921875,0.2216644287109375,2.3190841674804688,0.35247039794921875,1.0149612426757813,0.33441162109375,0.27234649658203125,0.30936431884765625,0.25249481201171875,0.25328826904296875,0,195563.9291381836,77415.83880615234,0,34088599552,2147483648,8293236736,0
199,1787762617132,3500,3500,3500,3500,3500,3500,3500,3500,3500,3500,3500,3500,3500,3500,3500,3500,3500,3500,3500,3500,1.4235458374023438,16.856521606445313,0.3809051513671875,0.36077880859375,0.3677215576171875,0.52691650390625,0.32862091064453125,0.30275726318359375,2.8516311645507813,0.3446502685546875,2.8646621704101563,0.29071807861328125,12.654350280761719,0.35463714599609375,5.392066955566406,2.8823394775390625,0.5048446655273438,0.39313507080078125,0.305999755859375,2.922637939453125,0,195571.7364501953,77421.50885009766,0,34088599552,2147483648,8293101568,0
200,1787762617332,3500,3500,3500,3500,3500,3500,3500,3500,3500,3500,3500,3500,3500,3500,3500,3500,3500,3500,3500,3500,1.1559066772460938,14.178550720214844,2.9990768432617188,0.464996337890625,0.2554168701171875,0.34070587158203125,0.31900787353515625,0.31261444091796875,0.33245849609375,0.287261962890625,0.2779693603515625,2.8190536499023438,6.8028564453125,0.2902679443359375,2.1675338745117188,0.29146575927734375,0.574127197265625,0.47234344482421875,0.5240325927734375,0.3444061279296875,0,195579.4970703125,77427.14868164063,0,34088599552,2147483648,8293109760,0
200,1787762617532,3500,3500,3500,3500,3500,3500,3500,3500,3500,3500,3500,3500,3500,3500,3500,3500,3500,3500,3500,3500,1.099609375,23.150314331054688,0.49533843994140625,0.5117645263671875,0.29344940185546875,3.0795211791992188,0.29998779296875,0.297393798828125,0.256256103515625,0.31931304931640625,0.2079315185546875,0.29439544677734375,7.044189453125,0.2464752197265625,4.0463409423828125,0.3107757568359375,2.9872665405273438,2.7122344970703125,3.0239105224609375,0.29494476318359375,0,195586.14233398438,77431.64068603516,0,34088599552,2147483648,8294268928,0
199,1787762617732,3500,3500,3500,3500,3500,3500,3500,3500,3500,3500,3500,3500,3500,3500,3500,3500,3500,3500,3500,3500,3.5358734130859375,12.895904541015625,2.600341796875,0.505706787109375,0.31233978271484375,0.25732421875,2.88043212890625,2.8070907592773438,0.3404998779296875,0.24005126953125,0.22547149658203125,0.28298187255859375,9.925559997558594,2.8317489624023438,6.5474090576171875,0.29296875,4.2754364013671875,0.31683349609375,3.6292343139648438,0.3173370361328125,0,195593.55010986328,77436.89636230469,0,34088599552,2147483648,8294297600,0
200,1787762617932,3500,3500,3500,3500,3500,3500,3500,3500,3500,3500,3500,3500,3500,3500,3500,3500,3500,3500,3500,3500,1.2116851806640625,16.48961639404297,0.3526611328125,2.9459686279296875,2.84295654296875,0.33721923828125,0.3011322021484375,0.2274627685546875,0.32112884521484375,0.2927398681640625,0.22106170654296875,0.24990081787109375,1.8448410034179688,0.265045166015625,0.495758056640625,0.2825927734375,0.28868865966796875,0.28449249267578125,0.28574371337890625,0.3297271728515625,0,195600.40606689453,77441.6060180664,0,34088599552,2147483648,8294305792,0
201,1787762618133,3500,3500,3500,3500,3500,3500,3500,3500,3500,3500,3500,3500,3500,3500,3500,3500,3500,3500,3500,3500,1.2579727172851563,14.074699401855469,0.41999053955078125,0.433258056640625,0.24047088623046875,0.40402984619140625,0.35833740234375,0.29180145263671875,2.791290283203125,2.8645095825195313,2.82879638671875,0.2548370361328125,9.733543395996094,0.26810455322265625,1.9405364990234375,2.8440093994140625,0.31468963623046875,0.3097076416015625,0.2888031005859375,1.2019577026367188,0,195608.22143554688,77447.2749633789,0,34088599552,2147483648,8294428672,0
200,1787762618334,3500,3500,3500,3500,3500,3500,3500,3500,3500,3500,3500,3500,3500,3500,3500,3500,3500,3500,3500,3500,0.520263671875,14.082221984863281,4.311820983886719,0,0,0,0,0,0,0,0,0,10.22454833984375,0,5.020805358886719,0,4.766960144042969,0,0.42989349365234375,1.5791549682617188,0,195617.3555908203,77454.1879272461,0,34088599552,2147483648,8294555648,0
200,1787762618535,3500,3500,3500,3500,3500,3500,3500,3500,3500,3500,3500,3500,3500,3500,3500,3500,3500,3500,3500,3500,1.6447982788085938,11.68145751953125,0.7305450439453125,0.7412261962890625,0.6772384643554688,5.01641845703125,0.6745986938476563,0.7077407836914063,0.9089889526367188,0.6804656982421875,0.6963653564453125,3.2728042602539063,7.541984558105469,0.7022705078125,6.523750305175781,0.6910476684570313,1.8714370727539063,3.3046035766601563,3.3328704833984375,0.6959609985351563,0,195625.17321777344,77459.9242553711,0,34088599552,2147483648,8294875136,0
199,1787762618735,3500,3500,3500,3500,3500,3500,3500,3500,3500,3500,3500,3500,3500,3500,3500,3500,3500,3500,3500,3500,3.8788070678710938,12.4114990234375,0.38906097412109375,0.3238372802734375,0.3524322509765625,0.3020782470703125,2.876251220703125,2.9026565551757813,0.33422088623046875,0.33846282958984375,0.33721160888671875,0.38112640380859375,5.8065032958984375,2.962493896484375,1.6993331909179688,0.333465576171875,3.0559158325195313,0.508087158203125,0.35802459716796875,0.39994049072265625,0,195632.60357666016,77465.20129394531,0,34088599552,2147483648,8294866944,0
200,1787762618935,3500,3500,3500,3500,3500,3500,3500,3500,3500,3500,3500,3500,3500,3500,3500,3500,3500,3500,3500,3500,1.2387619018554688,12.914169311523438,0.275634765625,2.8098907470703125,1.966888427734375,0.2366943359375,0.2872314453125,0.230499267578125,0.2158966064453125,0.32077789306640625,0.327972412109375,0.3314208984375,3.5305709838867188,0.24713897705078125,0.2672882080078125,0.27223968505859375,0.35886383056640625,0.386810302734375,0.2457427978515625,0.283935546875,0,195640.13885498047,77470.60089111328,0,34088599552,2147483648,8294866944,0
200,1787762619135,3500,3500,3500,3500,3500,3500,3500,3500,3500,3500,3500,3500,3500,3500,3500,3500,3500,3500,3500,3500,1.3455352783203125,13.641387939453125,0.36487579345703125,0.33498382568359375,1.1328048706054688,0.5308456420898438,0.3260040283203125,0.25798797607421875,0.40894317626953125,2.9895782470703125,2.9972686767578125,0.468170166015625,8.905914306640625,0.25833892822265625,1.7163009643554688,2.8114852905273438,0.505645751953125,0.39756011962890625,0.2881317138671875,0.30474853515625,0,195647.9256591797,77476.23907470703,0,34088599552,2147483648,8287301632,0
199,1787762619336,3500,3500,3500,3500,3500,3500,3500,3500,3500,3500,3500,3500,3500,3500,3500,3500,3500,3500,3500,3500,0.505889892578125,17.807998657226563,2.4408111572265625,0,0,0,0,0,2.3314743041992188,0,0,0,14.432044982910156,0,5.425209045410156,0,2.0080642700195313,0,0,2.3153305053710938,0,195654.97131347656,77481.33447265625,0,34088599552,2147483648,8287055872,0
200,1787762619536,3500,3500,3500,3500,3500,3500,3500,3500,3500,3500,3500,3500,3500,3500,3500,3500,3500,3500,3500,3500,1.69091796875,13.723075866699219,0.8981094360351563,0.8636398315429688,0.6973190307617188,3.3702545166015625,0.7652053833007813,0.74859619140625,0.8119125366210938,0.6798629760742188,0.7693862915039063,3.2866439819335938,5.970420837402344,0.7588424682617188,3.512451171875,0.79534912109375,0.8262863159179688,3.4150161743164063,3.2920150756835938,0.7860488891601563,0,195663.15966796875,77487.55932617188,0,34088599552,2147483648,8285421568,0
200,1787762619737,3500,3500,3500,3500,3500,3500,3500,3500,3500,3500,3500,3500,3500,3500,3500,3500,3500,3500,3500,3500,3.6238937377929688,10.651939392089844,0.337982177734375,0.34362030029296875,0.22019195556640625,0.34311676025390625,2.835540771484375,2.8729782104492188,0.32410430908203125,0.27748870849609375,0.411590576171875,0.2898712158203125,5.8050384521484375,2.8358917236328125,1.3239669799804688,0.30454254150390625,2.8891983032226563,0.33773040771484375,0.34801483154296875,0.34332275390625,0,195671.0662841797,77492.97161865234,0,34088599552,2147483648,8285646848,0
200,1787762619937,3500,3500,3500,3500,3500,3500,3500,3500,3500,3500,3500,3500,3500,3500,3500,3500,3500,3500,3500,3500,1.2068557739257813,16.266998291015625,0.29221343994140625,2.8350448608398438,0.22771453857421875,0.3214263916015625,0.21378326416015625,0.2561187744140625,0.30080413818359375,0.2513275146484375,0.2426910400390625,0.28522491455078125,4.2042083740234375,0.28662109375,0.60784912109375,0.275238037109375,0.3337554931640625,0.3802337646484375,0.27239227294921875,0.30709075927734375,0,195677.99896240234,77497.70812988281,0,34088599552,2147483648,8285577216,0
200,1787762620137,3500,3500,3500,3500,3500,3500,3500,3500,3500,3500,3500,3500,3500,3500,3500,3500,3500,3500,3500,3500,2.909576416015625,12.848258972167969,0.32570648193359375,0.297576904296875,2.829620361328125,0.253631591796875,0.2823638916015625,0.31179046630859375,0.27173614501953125,2.8016891479492188,2.8608474731445313,0.2773284912109375,7.326683044433594,0.2623138427734375,1.733184814453125,2.8120651245117188,0.33388519287109375,0.37633514404296875,0.2891998291015625,0.30042266845703125,0,195684.45281982422,77502.02276611328,0,34088599552,2147483648,8285532160,0
200,1787762620338,3500,3500,3500,3500,3500,3500,3500,3500,3500,3500,3500,3500,3500,3500,3500,3500,3500,3500,3500,3500,1.2529220581054688,16.973426818847656,2.7944412231445313,0.2821197509765625,0.30535888671875,0.2555389404296875,0.2523956298828125,0.2807769775390625,2.8436126708984375,0.196441650390625,0.291046142578125,0.2109527587890625,5.647682189941406,0.272247314453125,0.6578521728515625,0.3136444091796875,0.3402252197265625,0.3820648193359375,0.2889556884765625,2.8263626098632813,0,195691.1268310547,77506.5532836914,0,34088599552,2147483648,8285569024,0
200,1787762620539,3500,3500,3500,3500,3500,3500,3500,3500,3500,3500,3500,3500,3500,3500,3500,3500,3500,3500,3500,3500,1.0974655151367188,15.21844482421875,0.2556610107421875,0.2617950439453125,0.23256683349609375,3.2582244873046875,0.230621337890625,0.176361083984375,0.44583892822265625,0.259552001953125,0.20783233642578125,2.7812118530273438,3.9820175170898438,0.21685791015625,3.0526885986328125,0.34558868408203125,0.324737548828125,2.9061508178710938,2.7653045654296875,0.26982879638671875,0,195698.03887939453,77511.3070678711,0,34088599552,2147483648,8285741056,0
200,1787762620739,3500,3500,3500,3500,3500,3500,3500,3500,3500,3500,3500,3500,3500,3500,3500,3500,3500,3500,3500,3500,3.696563720703125,11.655296325683594,0.34058380126953125,0.33145904541015625,0.30846405029296875,0.389556884765625,2.9161911010742188,2.950958251953125,0.4298095703125,0.28093719482421875,0.33440399169921875,0.30437469482421875,7.105705261230469,2.8095626831054688,3.2241592407226563,0.335296630859375,2.903228759765625,0.395843505859375,0.38372802734375,0.37604522705078125,0,195706.31298828125,77517.443359375,0,34088599552,2147483648,8285536256,0
200,1787762620940,3500,3500,3500,3500,3500,3500,3500,3500,3500,3500,3500,3500,3500,3500,3500,3500,3500,3500,3500,3500,0.9503250122070313,13.891494750976563,0.4792327880859375,2.701080322265625,0.1998443603515625,0.3297271728515625,0.1925506591796875,0.22595977783203125,0.21372222900390625,0.19939422607421875,0.28218841552734375,0.20453643798828125,12.175895690917969,0.14251708984375,4.989189147949219,0.1230926513671875,4.4415435791015625,0.137176513671875,0.48902130126953125,0.13732147216796875,0,195713.86126708984,77522.84326171875,0,34088599552,2147483648,8285622272,0
200,1787762621140,3500,3500,3500,3500,3500,3500,3500,3500,3500,3500,3500,3500,3500,3500,3500,3500,3500,3500,3500,3500,1.3676986694335938,12.094009399414063,0.5684280395507813,0.5527877807617188,2.980133056640625,1.2762069702148438,0.47509002685546875,0.38190460205078125,0.7357711791992188,3.0392990112304688,3.1280059814453125,0.489532470703125,8.222412109375,0.44147491455078125,1.1938247680664063,2.994873046875,0.41358184814453125,0.4840087890625,0.4366912841796875,0.460845947265625,0,195721.828125,77528.64660644531,0,34088599552,2147483648,8285601792,0
200,1787762621340,3500,3500,3500,3500,3500,3500,3500,3500,3500,3500,3500,3500,3500,3500,3500,3500,3500,3500,3500,3500,1.3018035888671875,16.128684997558594,2.9459075927734375,0.383392333984375,0.26068878173828125,0.25569915771484375,0.3292083740234375,0.2552947998046875,2.9150924682617188,0.389190673828125,0.36931610107421875,0.3727569580078125,5.254127502441406,0.33565521240234375,0.3242645263671875,0.31482696533203125,0.31772613525390625,0.33969879150390625,0.31977081298828125,2.8341903686523438,0,195729.6538696289,77534.3334350586,0,34088599552,2147483648,8285564928,0
200,1787762621541,3500,3500,3500,3500,3500,3500,3500,3500,3500,3500,3500,3500,3500,3500,3500,3500,3500,3500,3500,3500,1.2601776123046875,15.791679382324219,0.297149658203125,0.313323974609375,0.32779693603515625,3.1877822875976563,0.33099365234375,0.21999359130859375,0.3168182373046875,0.26166534423828125,0.2099609375,2.7479934692382813,6.78680419921875,0.2652587890625,2.8328323364257813,0.297149658203125,0.29755401611328125,2.84576416015625,2.8253021240234375,0.3003997802734375,0,195737.07037353516,77539.59985351563,0,34088599552,2147483648,8286019584,0
199,1787762621741,3500,3500,3500,3500,3500,3500,3500,3500,3500,3500,3500,3500,3500,3500,3500,3500,3500,3500,3500,3500,3.6625518798828125,14.44720458984375,0.271759033203125,0.29965972900390625,0.212982177734375,0.23308563232421875,2.8024520874023438,1.1816635131835938,0.2375335693359375,0.2974090576171875,0.181640625,0.27735137939453125,6.0916900634765625,2.8126296997070313,1.9881134033203125,0.26018524169921875,2.7919769287109375,0.30983734130859375,0.28803253173828125,0.27790069580078125,0,195743.861328125,77544.2529296875,0,34088599552,2147483648,8286019584,0
200,1787762621941,3500,3500,3500,3500,3500,3500,3500,3500,3500,3500,3500,3500,3500,3500,3500,3500,3500,3500,3500,3500,1.2541351318359375,14.856216430664063,0.32053375244140625,2.89788818359375,0.3959197998046875,0.313385009765625,0.269439697265625,1.9217453002929688,0.2764434814453125,0.28903961181640625,0.20720672607421875,0.32938385009765625,3.0706558227539063,0.3087310791015625,0.5524368286132813,0.3228302001953125,0.430908203125,0.41216278076171875,0.28194427490234375,0.32617950439453125,0,195751.27368164063,77549.52740478516,0,34088599552,2147483648,8286019584,0
200,1787762622142,3500,3500,3500,3500,3500,3500,3500,3500,3500,3500,3500,3500,3500,3500,3500,3500,3500,3500,3500,3500,1.1029891967773438,19.61602783203125,0.3720245361328125,0.38144683837890625,3.0142288208007813,0.5385971069335938,0.4198150634765625,0.43842315673828125,0.29938507080078125,2.737701416015625,2.7926788330078125,0.1863861083984375,7.231880187988281,0.30751800537109375,2.1292037963867188,2.7699737548828125,0.5411911010742188,0.2634124755859375,0.261566162109375,0.27124786376953125,0,195759.70013427734,77555.81494140625,0,34088599552,2147483648,8285863936,0
200,1787762622342,3500,3500,3500,3500,3500,3500,3500,3500,3500,3500,3500,3500,3500,3500,3500,3500,3500,3500,3500,3500,1.29949951171875,15.441703796386719,2.8408889770507813,0.274658203125,0.3682708740234375,0.46094512939453125,0.39969635009765625,0.4636383056640625,2.8437347412109375,0.283050537109375,0.30283355712890625,0.224853515625,3.9189910888671875,0.29583740234375,0.605712890625,0.30153656005859375,0.304229736328125,0.31436920166015625,0.2719573974609375,2.83953857421875,0,195766.90356445313,77560.88000488281,0,34088599552,2147483648,8285995008,0
200,1787762622542,3500,3500,3500,3500,3500,3500,3500,3500,3500,3500,3500,3500,3500,3500,3500,3500,3500,3500,3500,3500,1.2133636474609375,14.1416015625,0.297882080078125,0.32405853271484375,0.238800048828125,2.8772964477539063,0.30902099609375,0.2267608642578125,0.29319000244140625,0.25457763671875,0.27890777587890625,2.82440185546875,4.921333312988281,0.2576751708984375,2.8306503295898438,0.28774261474609375,0.29633331298828125,2.8270492553710938,2.8353958129882813,0.3488311767578125,0,195774.52758789063,77566.35626220703,0,34088599552,2147483648,8285995008,0
200,1787762622743,3500,3500,3500,3500,3500,3500,3500,3500,3500,3500,3500,3500,3500,3500,3500,3500,3500,3500,3500,3500,3.4416656494140625,12.529991149902344,0.17586517333984375,0.22858428955078125,0.1201019287109375,0.14115142822265625,2.687286376953125,0.1304779052734375,0.20594024658203125,0.26718902587890625,0.164093017578125,0.23975372314453125,4.656951904296875,2.6667861938476563,0.993988037109375,0.11576080322265625,2.675018310546875,0.1626434326171875,0.2238922119140625,0.24085235595703125,0,195781.60223388672,77571.28723144531,0,34088599552,2147483648,8285978624,0
200,1787762622943,3500,3500,3500,3500,3500,3500,3500,3500,3500,3500,3500,3500,3500,3500,3500,3500,3500,3500,3500,3500,1.2526168823242188,17.487022399902344,0.4790191650390625,3.0060272216796875,0.402191162109375,0.49591064453125,0.45575714111328125,2.881011962890625,0.5104141235351563,0.6023941040039063,0.5395126342773438,0.6189804077148438,10.038497924804688,0.38933563232421875,2.4019393920898438,0.4072265625,1.8821563720703125,0.42610931396484375,0.45375823974609375,0.5208282470703125,0,195788.80987548828,77576.32678222656,0,34088599552,2147483648,8286441472,0
200,1787762623143,3500,3500,3500,3500,3500,3500,3500,3500,3500,3500,3500,3500,3500,3500,3500,3500,3500,3500,3500,3500,1.4566192626953125,17.728851318359375,0.3009185791015625,0.27510833740234375,2.806304931640625,0.6290435791015625,0.26457977294921875,0.29742431640625,0.542633056640625,2.953521728515625,2.90704345703125,0.4451904296875,8.210845947265625,0.25324249267578125,0.5044937133789063,2.8437957763671875,0.4249725341796875,0.30815887451171875,0.29442596435546875,0.35248565673828125,0,195796.42309570313,77581.80419921875,0,34088599552,2147483648,8286441472,0
200,1787762623344,3500,3500,3500,3500,3500,3500,3500,3500,3500,3500,3500,3500,3500,3500,3500,3500,3500,3500,3500,3500,1.1399002075195313,18.234474182128906,2.7606277465820313,0.24684906005859375,0.31591033935546875,0.2877197265625,0.3173065185546875,0.3571319580078125,2.970001220703125,0.4347686767578125,0.43511962890625,0.4506378173828125,7.044624328613281,0.22205352783203125,1.2660903930664063,0.2401123046875,0.25902557373046875,0.2672119140625,0.330535888671875,2.8836288452148438,0,195803.6499633789,77586.88793945313,0,34088599552,2147483648,8287264768,0
200,1787762623544,3500,3500,3500,3500,3500,3500,3500,3500,3500,3500,3500,3500,3500,3500,3500,3500,3500,3500,3500,3500,0.9402008056640625,0.3326416015625,0.331146240234375,0.3480072021484375,0.49312591552734375,3.0430526733398438,0.9247894287109375,0.46070098876953125,0.491180419921875,0.509735107421875,0.5179214477539063,3.0485382080078125,20.981163024902344,0.30859375,6.271583557128906,0.25975799560546875,1.6582183837890625,2.85662841796875,2.9202346801757813,0.3789825439453125,0,195810.87231445313,77591.94018554688,0,34088599552,2147483648,8287264768,0
200,1787762623745,3500,3500,3500,3500,3500,3500,3500,3500,3500,3500,3500,3500,3500,3500,3500,3500,3500,3500,3500,3500,3.4459228515625,0.25531768798828125,0.26160430908203125,0.26988983154296875,0.25641632080078125,0.24039459228515625,9.379035949707031,0.2989349365234375,0.6426849365234375,0.5376815795898438,0.41396331787109375,0.34624481201171875,12.967536926269531,2.7284317016601563,6.280754089355469,0.2115020751953125,3.1395034790039063,0.2576141357421875,0.38347625732421875,0.3448486328125,0,195817.83471679688,77596.7582397461,0,34088599552,2147483648,8287272960,0
200,1787762623945,3500,3500,3500,3500,3500,3500,3500,3500,3500,3500,3500,3500,3500,3500,3500,3500,3500,3500,3500,3500,0.7708663940429688,0.27509307861328125,0.27494049072265625,2.8452987670898438,0.26055145263671875,0.31951141357421875,1.5937957763671875,2.811676025390625,7.962440490722656,8.100631713867188,0.28887939453125,0.2154388427734375,15.176139831542969,0.24651336669921875,3.8150177001953125,0.2527618408203125,4.030906677246094,0.281036376953125,0.8396682739257813,0.40808868408203125,0,195825.62854003906,77602.42700195313,0,34088599552,2147483648,8287334400,0
200,1787762624145,3500,3500,3500,3500,3500,3500,3500,3500,3500,3500,3500,3500,3500,3500,3500,3500,3500,3500,3500,3500,2.4754257202148438,0.3344268798828125,0.3612823486328125,0.291748046875,2.9014434814453125,0.2977447509765625,0.2657470703125,0.32784271240234375,0.3425140380859375,2.8425979614257813,2.784149169921875,0.29953765869140625,16.80450439453125,0.282470703125,6.313468933105469,2.8118515014648438,1.23065185546875,0.30558013916015625,0.42282867431640625,0.4271240234375,0,195833.22137451172,77608.00616455078,0,34088599552,2147483648,8286756864,0
200,1787762624346,3500,3500,3500,3500,3500,3500,3500,3500,3500,3500,3500,3500,3500,3500,3500,3500,3500,3500,3500,3500,0.8936080932617188,2.753936767578125,2.803466796875,0.30088043212890625,0.25783538818359375,0.212158203125,0.2700042724609375,0.301025390625,2.877227783203125,0.2062225341796875,0.25853729248046875,0.2184906005859375,13.891143798828125,0.22906494140625,4.0130615234375,0.27140045166015625,4.462257385253906,0.30157470703125,0.3859100341796875,2.931488037109375,0,195840.98046875,77613.48114013672,0,34088599552,2147483648,8287019008,0
200,1787762624546,3500,3500,3500,3500,3500,3500,3500,3500,3500,3500,3500,3500,3500,3500,3500,3500,3500,3500,3500,3500,0.8152999877929688,0.23719024658203125,0.2837371826171875,0.2892303466796875,0.24786376953125,2.7515869140625,0.31756591796875,0.25904083251953125,0.31591796875,0.27690887451171875,0.220977783203125,2.739166259765625,18.859779357910156,0.2404327392578125,10.492408752441406,0.242279052734375,5.7243499755859375,2.8149032592773438,3.3013076782226563,0.3826751708984375,0,195849.05517578125,77619.38745117188,0,34088599552,2147483648,8286781440,0
200,1787762624746,3500,3500,3500,3500,3500,3500,3500,3500,3500,3500,3500,3500,3500,3500,3500,3500,3500,3500,3500,3500,3.4319992065429688,0.24587249755859375,0.3746795654296875,0.32450103759765625,0.23358917236328125,0.31601715087890625,3.0252685546875,0.2803192138671875,0.2789764404296875,0.26345062255859375,0.23199462890625,0.24871826171875,16.007461547851563,2.7174453735351563,5.002998352050781,0.25611114501953125,3.1087417602539063,0.3104248046875,0.34177398681640625,0.32979583740234375,0,195856.23724365234,77624.42364501953,0,34088599552,2147483648,8286842880,0
200,1787762624947,3500,3500,3500,3500,3500,3500,3500,3500,3500,3500,3500,3500,3500,3500,3500,3500,3500,3500,3500,3500,0.9933700561523438,0.21912384033203125,0.37499237060546875,2.9003219604492188,0.30489349365234375,0.2689971923828125,0.35112762451171875,2.8015670776367188,0.34194183349609375,0.284423828125,0.26226043701171875,0.30539703369140625,13.944282531738281,0.2532196044921875,0.8526763916015625,0.30869293212890625,0.324066162109375,0.3185272216796875,0.35192108154296875,0.31403350830078125,0,195863.15655517578,77629.21380615234,0,34088599552,2147483648,8286838784,0
200,1787762625147,3500,3500,3500,3500,3500,3500,3500,3500,3500,3500,3500,3500,3500,3500,3500,3500,3500,3500,3500,3500,0.88739013671875,0.27190399169921875,0.303375244140625,0.28314208984375,2.7821578979492188,0.29802703857421875,0.7507171630859375,0.30147552490234375,0.3216552734375,2.8596343994140625,2.824615478515625,0.21665191650390625,18.885482788085938,0.19272613525390625,8.118125915527344,0.23333740234375,1.0799102783203125,0.2893829345703125,0.393341064453125,0.3909912109375,0,195870.97491455078,77634.88665771484,0,34088599552,2147483648,8288305152,0
200,1787762625347,3500,3500,3500,3500,3500,3500,3500,3500,3500,3500,3500,3500,3500,3500,3500,3500,3500,3500,3500,3500,0.4170989990234375,2.529327392578125,2.5547561645507813,0.03536224365234375,0.24683380126953125,0.18544769287109375,0.14759063720703125,0.15947723388671875,2.4804840087890625,0.02072906494140625,0.02162933349609375,0,21.41187286376953,0,6.820365905761719,2.5248336791992188,1.0133132934570313,0.1156768798828125,0.1611785888671875,2.639862060546875,0,195878.76171875,77640.5258178711,0,34088599552,2147483648,8290140160,0
200,1787762625547,3500,3500,3500,3500,3500,3500,3500,3500,3500,3500,3500,3500,3500,3500,3500,3500,3500,3500,3500,3500,1.1495132446289063,0.6005630493164063,0.59442138671875,0.5988693237304688,0.77593994140625,0.7702484130859375,0.6794891357421875,0.678192138671875,0.5559844970703125,0.668212890625,0.5602798461914063,3.0550994873046875,13.712814331054688,0.5842437744140625,7.534080505371094,0.5551834106445313,0.6550827026367188,3.2197418212890625,3.1243362426757813,0.5910797119140625,0,195886.80224609375,77646.43676757813,0,34088599552,2147483648,8290119680,0
200,1787762625748,3500,3500,3500,3500,3500,3500,3500,3500,3500,3500,3500,3500,3500,3500,3500,3500,3500,3500,3500,3500,3.4286956787109375,0.20540618896484375,0.2259521484375,0.25399017333984375,0.25678253173828125,2.7401046752929688,2.8143234252929688,0.2388763427734375,0.2112884521484375,0.2553863525390625,0.17113494873046875,0.2140350341796875,14.930145263671875,2.6893768310546875,4.1823272705078125,0.1674957275390625,3.4976806640625,0.22406005859375,0.23523712158203125,0.249053955078125,0,195894.18634033203,77651.67083740234,0,34088599552,2147483648,8290123776,0
200,1787762625948,3500,3500,3500,3500,3500,3500,3500,3500,3500,3500,3500,3500,3500,3500,3500,3500,3500,3500,3500,3500,0.17903900146484375,0,0,2.1121597290039063,0,0,0,2.0862960815429688,0,0,0,0,15.500205993652344,0,3.3554306030273438,0,0,0,0,0,0,195901.2393798828,77656.52960205078,0,34088599552,2147483648,8290189312,0
200,1787762626149,3500,3500,3500,3500,3500,3500,3500,3500,3500,3500,3500,3500,3500,3500,3500,3500,3500,3500,3500,3500,0.5224609375,0,0,0,2.3897018432617188,0,0,0,0,2.4560012817382813,2.3762664794921875,0,14.575279235839844,0,7.71807861328125,0,0.42838287353515625,0,0,0,0,195907.6646118164,77660.83660888672,0,34088599552,2147483648,8290238464,0
200,1787762626350,3500,3500,3500,3500,3500,3500,3500,3500,3500,3500,3500,3500,3500,3500,3500,3500,3500,3500,3500,3500,0.98797607421875,2.2102813720703125,3.2172393798828125,0.6957244873046875,0.7444686889648438,0.7313613891601563,0.8279495239257813,0.715362548828125,3.3500595092773438,0.778656005859375,0.860443115234375,0.7853851318359375,17.358108520507813,0.6527175903320313,10.182296752929688,3.1096420288085938,5.545783996582031,0.6574020385742188,4.399482727050781,3.2248687744140625,0,195915.15649414063,77666.18548583984,0,34088599552,2147483648,8290361344,0
200,1787762626550,3500,3500,3500,3500,3500,3500,3500,3500,3500,3500,3500,3500,3500,3500,3500,3500,3500,3500,3500,3500,1.1259994506835938,1.6516036987304688,0.6302032470703125,0.6658477783203125,0.8446731567382813,0.7538375854492188,0.8172531127929688,0.7530899047851563,0.8056869506835938,0.7696380615234375,0.7769699096679688,3.3084945678710938,13.941047668457031,0.588226318359375,9.666786193847656,0.6107101440429688,0.785247802734375,3.1788711547851563,3.1640701293945313,0.664154052734375,0,195922.02209472656,77670.92004394531,0,34088599552,2147483648,8290344960,0
200,1787762626750,3500,3500,3500,3500,3500,3500,3500,3500,3500,3500,3500,3500,3500,3500,3500,3500,3500,3500,3500,3500,3.3709487915039063,0.2582244873046875,0.2973175048828125,0.29522705078125,0.47156524658203125,2.9216842651367188,3.0633621215820313,0.39391326904296875,0.5062713623046875,0.411865234375,0.3519744873046875,0.36484527587890625,16.957290649414063,2.8121185302734375,2.9702529907226563,0.27492523193359375,3.6251373291015625,0.28176116943359375,0.310333251953125,0.2835540771484375,0,195929.00817871094,77675.76458740234,0,34088599552,2147483648,8290476032,0
199,1787762626951,3500,3500,3500,3500,3500,3500,3500,3500,3500,3500,3500,3500,3500,3500,3500,3500,3500,3500,3500,3500,0.6169509887695313,0.2224578857421875,0.28580474853515625,2.7397003173828125,0.2812652587890625,0.27518463134765625,0.241363525390625,2.7954177856445313,0.418731689453125,0.32181549072265625,0.2561798095703125,0.2601165771484375,13.400741577148438,0.2062530517578125,4.6096649169921875,0.1818084716796875,3.4764633178710938,0.1958770751953125,2.8304367065429688,0.2816162109375,0,195936.05041503906,77680.6640625,0,34088599552,2147483648,8290459648,0
199,1787762627151,3500,3500,3500,3500,3500,3500,3500,3500,3500,3500,3500,3500,3500,3500,3500,3500,3500,3500,3500,3500,0.9790802001953125,0.45795440673828125,0.42829132080078125,0.38465118408203125,2.9789352416992188,0.4013824462890625,0.6529998779296875,0.39968109130859375,0.5374526977539063,2.954864501953125,2.9353866577148438,0.4142608642578125,11.624458312988281,0.4259490966796875,5.116355895996094,0.38959503173828125,0.685211181640625,0.439178466796875,0.5093917846679688,0.520721435546875,0,195943.17541503906,77685.66613769531,0,34088599552,2147483648,8290463744,0
200,1787762627351,3500,3500,3500,3500,3500,3500,3500,3500,3500,3500,3500,3500,3500,3500,3500,3500,3500,3500,3500,3500,0.7681961059570313,0.2923126220703125,2.8370285034179688,0.27056121826171875,0.26236724853515625,0.23902130126953125,0.28876495361328125,0.31520843505859375,3.0149078369140625,0.4136962890625,0.36565399169921875,0.38469696044921875,18.93572998046875,0.2545166015625,9.652587890625,2.77978515625,0.8364410400390625,0.28881072998046875,0.39019775390625,2.9276657104492188,0,195950.00708007813,77690.33990478516,0,34088599552,2147483648,8290594816,0
200,1787762627551,3500,3500,3500,3500,3500,3500,3500,3500,3500,3500,3500,3500,3500,3500,3500,3500,3500,3500,3500,3500,0.753173828125,2.8459701538085938,0.32221221923828125,0.30722808837890625,0.28945159912109375,0.2750244140625,0.27771759033203125,0.28810882568359375,0.46031951904296875,0.3853759765625,0.34348297119140625,2.9226150512695313,13.005867004394531,0.2506561279296875,8.728752136230469,0.2067718505859375,0.8800506591796875,2.8464202880859375,0.9150009155273438,0.31217193603515625,0,195958.05053710938,77696.24389648438,0,34088599552,2147483648,8290578432,0
199,1787762627752,3500,3500,3500,3500,3500,3500,3500,3500,3500,3500,3500,3500,3500,3500,3500,3500,3500,3500,3500,3500,3.3006820678710938,0.29154205322265625,0.30760955810546875,0.27986907958984375,0.27263641357421875,2.7389907836914063,2.790771484375,0.25482940673828125,0.341583251953125,0.328460693359375,0.2792205810546875,0.3786468505859375,13.228958129882813,2.7105026245117188,6.706321716308594,0.2310333251953125,3.1378936767578125,0.27996826171875,2.240264892578125,0.32506561279296875,0,195965.50299072266,77701.5639038086,0,34088599552,2147483648,8290578432,0
199,1787762627952,3500,3500,3500,3500,3500,3500,3500,3500,3500,3500,3500,3500,3500,3500,3500,3500,3500,3500,3500,3500,0.6693649291992188,0.33585357666015625,0.3954315185546875,2.8349838256835938,0.373291015625,0.30136871337890625,0.27777862548828125,2.8574295043945313,0.3083648681640625,0.23604583740234375,0.33365631103515625,0.24854278564453125,33.314292907714844,0.2660369873046875,30.19072723388672,0.237945556640625,5.5898590087890625,0.28047943115234375,0.6133346557617188,0.43016815185546875,0,195974.68853759766,77708.56164550781,0,34088599552,2147483648,8296116224,0
199,1787762628152,3500,3500,3500,3500,3500,3500,3500,3500,3500,3500,3500,3500,3500,3500,3500,3500,3500,3500,3500,3500,2.5694808959960938,0.3308563232421875,0.3596038818359375,0.35170745849609375,2.9978790283203125,0.4531402587890625,0.39694976806640625,0.4321441650390625,0.3346099853515625,2.8302993774414063,2.8071517944335938,0.31481170654296875,16.628250122070313,0.2814178466796875,13.598472595214844,0.28241729736328125,0.5560836791992188,0.33565521240234375,0.42264556884765625,0.43344879150390625,0,195981.99383544922,77713.7202758789,0,34088599552,2147483648,8297545728,0
200,1787762628352,3500,3500,3500,3500,3500,3500,3500,3500,3500,3500,3500,3500,3500,3500,3500,3500,3500,3500,3500,3500,0.7474288940429688,0.24420928955078125,2.8111724853515625,0.256805419921875,0.365966796875,0.3924102783203125,0.40959930419921875,0.29674530029296875,2.8065719604492188,0.256805419921875,0.21521759033203125,0.21321868896484375,18.694419860839844,0.2223663330078125,8.958023071289063,2.7391510009765625,2.0372085571289063,0.268798828125,0.57489013671875,2.8281173706054688,0,195988.9012451172,77718.49353027344,0,34088599552,2147483648,8297922560,0
200,1787762628552,3500,3500,3500,3500,3500,3500,3500,3500,3500,3500,3500,3500,3500,3500,3500,3500,3500,3500,3500,3500,0.9100799560546875,2.76898193359375,0.31124114990234375,0.33982086181640625,0.4917449951171875,0.509857177734375,0.546966552734375,0.43598175048828125,0.27004241943359375,0.25946807861328125,0.35024261474609375,2.8052444458007813,14.255615234375,0.23332977294921875,7.700836181640625,0.303558349609375,0.5869140625,2.8607101440429688,0.31462860107421875,0.32535552978515625,0,195996.60498046875,77724.03466796875,0,34088599552,2147483648,8297910272,0
200,1787762628753,3500,3500,3500,3500,3500,3500,3500,3500,3500,3500,3500,3500,3500,3500,3500,3500,3500,3500,3500,3500,3.2557220458984375,0.27581024169921875,0.32535552978515625,0.292022705078125,0.2840423583984375,2.852386474609375,3.0243148803710938,0.32485198974609375,0.30150604248046875,0.25121307373046875,0.33922576904296875,0.33263397216796875,14.183097839355469,2.7567901611328125,7.085014343261719,0.253204345703125,4.3419952392578125,0.2862396240234375,2.7871780395507813,0.3310394287109375,0,196003.89251708984,77729.17785644531,0,34088599552,2147483648,8297906176,0
200,1787762628953,3500,3500,3500,3500,3500,3500,3500,3500,3500,3500,3500,3500,3500,3500,3500,3500,3500,3500,3500,3500,0.7949066162109375,0.32977294921875,0.2773590087890625,2.8554000854492188,0.27925872802734375,0.26247406005859375,0.39842987060546875,2.8378067016601563,0.2456817626953125,0.34356689453125,0.30948638916015625,0.226348876953125,14.434684753417969,0.251129150390625,3.720306396484375,0.24463653564453125,1.8966522216796875,0.29119873046875,0.2910003662109375,0.335723876953125,0,196011.50720214844,77734.65185546875,0,34088599552,2147483648,8298160128,0
200,1787762629153,3500,3500,3500,3500,3500,3500,3500,3500,3500,3500,3500,3500,3500,3500,3500,3500,3500,3500,3500,3500,0.8465347290039063,0.2555389404296875,0.26128387451171875,0.30738067626953125,2.7585296630859375,0.317718505859375,0.5419464111328125,0.23432159423828125,0.47872161865234375,2.7996826171875,2.9584426879882813,0.31067657470703125,13.536918640136719,0.2385101318359375,4.7677154541015625,0.21343994140625,0.5926895141601563,0.28725433349609375,0.2853546142578125,0.288299560546875,0,196018.16766357422,77739.16296386719,0,34088599552,2147483648,8298299392,0
199,1787762629354,3500,3500,3500,3500,3500,3500,3500,3500,3500,3500,3500,3500,3500,3500,3500,3500,3500,3500,3500,3500,0.6127777099609375,0.26953125,2.8112030029296875,0.33371734619140625,0.23935699462890625,0.20189666748046875,0.19242095947265625,0.243896484375,2.8956375122070313,0.3824462890625,0.39591217041015625,0.31441497802734375,23.8126220703125,0.18169403076171875,7.021568298339844,2.7415771484375,2.4280548095703125,0.27651214599609375,0.789031982421875,2.8008270263671875,0,196026.18872070313,77745.03045654297,0,34088599552,2147483648,8293363712,0
200,1787762629554,3500,3500,3500,3500,3500,3500,3500,3500,3500,3500,3500,3500,3500,3500,3500,3500,3500,3500,3500,3500,0.7732086181640625,2.8814620971679688,0.3523101806640625,0.35730743408203125,0.31214141845703125,0.3392181396484375,0.375335693359375,0.30814361572265625,0.372344970703125,0.2759246826171875,0.2876129150390625,2.9244766235351563,21.589736938476563,0.26947784423828125,15.287849426269531,0.23905181884765625,6.361785888671875,2.9057464599609375,1.5167922973632813,0.35625457763671875,0,196033.89080810547,77750.56921386719,0,34088599552,2147483648,8293724160,0
200,1787762629754,3500,3500,3500,3500,3500,3500,3500,3500,3500,3500,3500,3500,3500,3500,3500,3500,3500,3500,3500,3500,3.40728759765625,0.24382781982421875,0.28813934326171875,0.29058837890625,0.220703125,2.805328369140625,0.289093017578125,0.30542755126953125,0.246429443359375,0.257568359375,0.2616119384765625,0.25511932373046875,12.301795959472656,2.8227615356445313,7.854888916015625,0.26276397705078125,4.876617431640625,0.28194427490234375,2.8222122192382813,0.27574920654296875,0,196042.15789794922,77756.75769042969,0,34088599552,2147483648,8293715968,0
199,1787762629954,3500,3500,3500,3500,3500,3500,3500,3500,3500,3500,3500,3500,3500,3500,3500,3500,3500,3500,3500,3500,0.6686325073242188,0.29521942138671875,0.2804718017578125,2.8609161376953125,0.19542694091796875,0.25469207763671875,2.9332733154296875,2.8460311889648438,0.34638214111328125,0.266937255859375,0.3044586181640625,0.254241943359375,15.635269165039063,0.2060699462890625,6.602790832519531,0.25194549560546875,4.4985504150390625,0.27213287353515625,0.3240509033203125,0.3246002197265625,0,196048.73846435547,77761.1596069336,0,34088599552,2147483648,8294047744,0
200,1787762630154,3500,3500,3500,3500,3500,3500,3500,3500,3500,3500,3500,3500,3500,3500,3500,3500,3500,3500,3500,3500,0.7980194091796875,0.2972869873046875,0.35797119140625,0.2701416015625,2.7743377685546875,0.2335968017578125,0.3173828125,0.27709197998046875,0.27149200439453125,2.8125762939453125,2.82177734375,0.2712860107421875,13.413772583007813,0.23349761962890625,5.782318115234375,0.29793548583984375,3.599700927734375,0.30847930908203125,0.2980804443359375,0.31078338623046875,0,196056.25128173828,77766.46887207031,0,34088599552,2147483648,8294047744,0
199,1787762630355,3500,3500,3500,3500,3500,3500,3500,3500,3500,3500,3500,3500,3500,3500,3500,3500,3500,3500,3500,3500,0.7337799072265625,0.301727294921875,2.8262481689453125,0.28859710693359375,0.28231048583984375,0.2533111572265625,0.2866058349609375,0.193511962890625,2.8214035034179688,0.28585052490234375,0.24198150634765625,0.23419189453125,16.27935028076172,0.25830078125,3.9804916381835938,2.7679443359375,0.7798004150390625,0.321044921875,0.29683685302734375,2.8377227783203125,0,196063.57501220703,77771.6655883789,0,34088599552,2147483648,8294174720,0
200,1787762630555,3500,3500,3500,3500,3500,3500,3500,3500,3500,3500,3500,3500,3500,3500,3500,3500,3500,3500,3500,3500,0.8870086669921875,2.8397674560546875,0.32462310791015625,0.36740875244140625,0.4327850341796875,0.33502197265625,0.37420654296875,0.4445343017578125,0.3179779052734375,0.3066864013671875,0.3292236328125,2.852813720703125,14.925712585449219,0.2684478759765625,5.728218078613281,0.322479248046875,0.617462158203125,2.86151123046875,0.33127593994140625,0.3441162109375,0,196070.1983642578,77776.13470458984,0,34088599552,2147483648,8294174720,0
200,1787762630755,3500,3500,3500,3500,3500,3500,3500,3500,3500,3500,3500,3500,3500,3500,3500,3500,3500,3500,3500,3500,3.4111328125,0.2279815673828125,0.264190673828125,0.2504119873046875,0.31093597412109375,2.8265609741210938,1.6462860107421875,0.29740142822265625,0.267791748046875,0.1913299560546875,0.17254638671875,0.262542724609375,17.14190673828125,0.22983551025390625,8.062217712402344,0.2315826416015625,3.0350723266601563,0.251953125,2.769927978515625,0.261749267578125,0,196078.13122558594,77781.92608642578,0,34088599552,2147483648,8294211584,0
200,1787762630955,3500,3500,3500,3500,3500,3500,3500,3500,3500,3500,3500,3500,3500,3500,3500,3500,3500,3500,3500,3500,0.9290695190429688,0.34540557861328125,0.30550384521484375,2.8662643432617188,0.32879638671875,0.29662322998046875,2.9935531616210938,2.838531494140625,0.351837158203125,0.29293060302734375,0.28046417236328125,0.4199676513671875,11.934906005859375,2.8454132080078125,4.314613342285156,0.224395751953125,2.0593490600585938,0.3176727294921875,0.358673095703125,0.35791778564453125,0,196084.43005371094,77786.04528808594,0,34088599552,2147483648,8294195200,0
200,1787762631156,3500,3500,3500,3500,3500,3500,3500,3500,3500,3500,3500,3500,3500,3500,3500,3500,3500,3500,3500,3500,0.9111175537109375,0.28217315673828125,0.316070556640625,0.2685394287109375,2.7458267211914063,0.20269012451171875,0.77117919921875,0.3035888671875,0.25281524658203125,2.7969512939453125,1.89007568359375,0.23294830322265625,14.808006286621094,0.27707672119140625,7.339599609375,0.20124053955078125,1.0240936279296875,0.30623626708984375,0.3076324462890625,0.26519775390625,0,196091.35961914063,77790.86322021484,0,34088599552,2147483648,8294391808,0
200,1787762631356,3500,3500,3500,3500,3500,3500,3500,3500,3500,3500,3500,3500,3500,3500,3500,3500,3500,3500,3500,3500,0.6697311401367188,0.3467254638671875,0.6878662109375,0.3213043212890625,0.2570648193359375,0.25186920166015625,0.383697509765625,0.25461578369140625,2.8490142822265625,0.30706787109375,1.0981369018554688,0.235382080078125,18.65058135986328,0.24787139892578125,11.284103393554688,2.7378158569335938,4.705841064453125,0.2966766357421875,1.8095779418945313,2.8588027954101563,0,196099.4425048828,77796.79248046875,0,34088599552,2147483648,8294588416,0
200,1787762631556,3500,3500,3500,3500,3500,3500,3500,3500,3500,3500,3500,3500,3500,3500,3500,3500,3500,3500,3500,3500,0.7317962646484375,2.8400802612304688,2.4284133911132813,0.3094024658203125,0.31229400634765625,0.30525970458984375,0.33040618896484375,0.3290557861328125,0.34471893310546875,0.29817962646484375,0.38892364501953125,2.8674697875976563,15.570503234863281,0.271087646484375,4.0106353759765625,0.26116180419921875,0.49912261962890625,2.8908615112304688,0.4108734130859375,0.367767333984375,0,196105.69232177734,77800.87487792969,0,34088599552,2147483648,8294572032,0
199,1787762631757,3500,3500,3500,3500,3500,3500,3500,3500,3500,3500,3500,3500,3500,3500,3500,3500,3500,3500,3500,3500,0.8817214965820313,0.3050079345703125,0.28543853759765625,0.337005615234375,0.24405670166015625,2.8188858032226563,0.327423095703125,0.32607269287109375,0.44412994384765625,0.3719940185546875,0.4191741943359375,0.370697021484375,13.900138854980469,0.2364654541015625,7.51483154296875,0.2447052001953125,2.8252716064453125,0.268218994140625,2.832763671875,0.29207611083984375,0,196112.38995361328,77805.43151855469,0,34088599552,2147483648,8294572032,0
200,1787762631957,3500,3500,3500,3500,3500,3500,3500,3500,3500,3500,3500,3500,3500,3500,3500,3500,3500,3500,3500,3500,3.2896194458007813,0.257232666015625,0.27632904052734375,0.31206512451171875,0.36385345458984375,0.30701446533203125,2.9602584838867188,2.799102783203125,0.4534759521484375,0.3532562255859375,0.323516845703125,0.33995819091796875,14.151557922363281,2.7957000732421875,6.229133605957031,0.193695068359375,2.7214202880859375,0.29537200927734375,0.23663330078125,0.28647613525390625,0,196120.3969116211,77811.30828857422,0,34088599552,2147483648,8294121472,0
200,1787762632157,3500,3500,3500,3500,3500,3500,3500,3500,3500,3500,3500,3500,3500,3500,3500,3500,3500,3500,3500,3500,2.673828125,0.23229217529296875,0.361358642578125,2.8701248168945313,2.9500350952148438,0.4399261474609375,0.47191619873046875,0.35921478271484375,0.25579833984375,2.8239593505859375,0.25464630126953125,0.3213348388671875,15.106208801269531,0.24745941162109375,3.363006591796875,0.29802703857421875,1.1165237426757813,0.3330078125,0.2799072265625,0.3092041015625,0,196127.70654296875,77816.46447753906,0,34088599552,2147483648,8294121472,0
200,1787762632357,3500,3500,3500,3500,3500,3500,3500,3500,3500,3500,3500,3500,3500,3500,3500,3500,3500,3500,3500,3500,0.8098983764648438,0.2616119384765625,0.27579498291015625,0.29141998291015625,0.235443115234375,0.2018890380859375,0.2977142333984375,0.2993621826171875,2.7991104125976563,0.22235870361328125,2.7758407592773438,0.28902435302734375,18.064834594726563,0.22451019287109375,4.7874298095703125,2.7904739379882813,0.35693359375,0.29736328125,0.29396820068359375,2.7979660034179688,0,196134.77770996094,77821.39532470703,0,34088599552,2147483648,8294113280,0
200,1787762632558,3500,3500,3500,3500,3500,3500,3500,3500,3500,3500,3500,3500,3500,3500,3500,3500,3500,3500,3500,3500,0.8170394897460938,2.8406295776367188,2.8443756103515625,0.27973175048828125,0.26361083984375,0.25087738037109375,0.3223724365234375,0.2751922607421875,0.2430419921875,0.2642059326171875,0.286376953125,0.36925506591796875,15.965240478515625,0.310791015625,8.601028442382813,0.24493408203125,2.664093017578125,1.0080032348632813,0.587127685546875,0.37793731689453125,0,196142.67266845703,77827.13775634766,0,34088599552,2147483648,8294068224,0
200,1787762632758,3500,3500,3500,3500,3500,3500,3500,3500,3500,3500,3500,3500,3500,3500,3500,3500,3500,3500,3500,3500,0.994415283203125,0.2969207763671875,0.32958984375,0.304412841796875,0.3540191650390625,2.7768325805664063,0.39247894287109375,0.31110382080078125,0.32204437255859375,0.29766845703125,0.28713226318359375,2.8461685180664063,15.947380065917969,0.2974700927734375,6.125328063964844,0.26509857177734375,3.4499969482421875,2.1699066162109375,2.8405227661132813,0.33628082275390625,0,196149.07928466797,77831.39819335938,0,34088599552,2147483648,8293847040,0
200,1787762632958,3500,3500,3500,3500,3500,3500,3500,3500,3500,3500,3500,3500,3500,3500,3500,3500,3500,3500,3500,3500,3.2195053100585938,0.253204345703125,0.29498291015625,0.2653350830078125,0.25490570068359375,0.299224853515625,2.800537109375,2.7635574340820313,0.2504119873046875,0.281158447265625,0.21147918701171875,0.31035614013671875,16.588958740234375,2.7878646850585938,11.896888732910156,0.2493133544921875,5.841453552246094,0.24816131591796875,0.40613555908203125,0.283599853515625,0,196157.14471435547,77837.3159790039,0,34088599552,2147483648,8294305792,0
200,1787762633159,3500,3500,3500,3500,3500,3500,3500,3500,3500,3500,3500,3500,3500,3500,3500,3500,3500,3500,3500,3500,1.0760116577148438,0.31377410888671875,0.47632598876953125,2.9798202514648438,2.9081192016601563,0.43459320068359375,0.66619873046875,0.49752044677734375,0.6133956909179688,0.36513519287109375,0.3167724609375,0.28894805908203125,15.550827026367188,0.31148529052734375,3.03302001953125,0.37355804443359375,0.42950439453125,0.317962646484375,0.5703125,0.41150665283203125,0,196165.0307006836,77843.0482788086,0,34088599552,2147483648,8294305792,0
200,1787762633359,3500,3500,3500,3500,3500,3500,3500,3500,3500,3500,3500,3500,3500,3500,3500,3500,3500,3500,3500,3500,0.6845474243164063,0.30185699462890625,0.4486846923828125,0.4365997314453125,0.47536468505859375,0.40252685546875,0.5005416870117188,0.3863372802734375,2.8815689086914063,2.7955322265625,2.8271102905273438,0.25794219970703125,14.451690673828125,0.24559783935546875,5.935340881347656,2.7048568725585938,0.424957275390625,0.3019561767578125,0.38573455810546875,2.8840103149414063,0,196172.48388671875,77848.36413574219,0,34088599552,2147483648,8294305792,0
200,1787762633559,3500,3500,3500,3500,3500,3500,3500,3500,3500,3500,3500,3500,3500,3500,3500,3500,3500,3500,3500,3500,2.5027313232421875,2.7745361328125,18.658836364746094,0.2904205322265625,0.41162109375,0.364501953125,10.559219360351563,0.37273406982421875,0.6783370971679688,0.49448394775390625,0.44351959228515625,0.467529296875,27.71832275390625,0.25457763671875,22.586769104003906,0.2337188720703125,22.62700653076172,0.287078857421875,19.832656860351563,0.26441192626953125,0,196181.47882080078,77855.15930175781,0,34088599552,2147483648,8311541760,0
199,1787762633760,3500,3500,3500,3500,3500,3500,3500,3500,3500,3500,3500,3500,3500,3500,3500,3500,3500,3500,3500,3500,10.960647583007813,0.32726287841796875,43.8612060546875,0.246795654296875,0.276031494140625,2.7894287109375,1.8337783813476563,0.34856414794921875,0.7230758666992188,0.38738250732421875,0.3520050048828125,2.9174880981445313,29.411903381347656,0.22414398193359375,56.224151611328125,0.234771728515625,72.01873016357422,2.7876815795898438,31.469825744628906,0.3189849853515625,0,196196.9129638672,77868.3472290039,0,34088599552,2147483648,8328511488,0
200,1787762633960,3500,3500,3500,3500,3500,3500,3500,3500,3500,3500,3500,3500,3500,3500,3500,3500,3500,3500,3500,3500,3.2007980346679688,0.400970458984375,11.657569885253906,0.365936279296875,0.3527984619140625,0.274993896484375,2.9961700439453125,2.911865234375,0.5195999145507813,0.44873809814453125,0.400115966796875,0.4266510009765625,55.29631805419922,2.8246688842773438,25.941665649414063,0.29827880859375,43.41877746582031,0.3001251220703125,51.665313720703125,0.35619354248046875,0,196208.8634033203,77878.09338378906,0,34088599552,2147483648,8337051648,0
200,1787762634160,3500,3500,3500,3500,3500,3500,3500,3500,3500,3500,3500,3500,3500,3500,3500,3500,3500,3500,3500,3500,1.0289688110351563,0.3285675048828125,4.072608947753906,2.7983016967773438,2.8021926879882813,0.29913330078125,0.2870025634765625,0.2969818115234375,0.452911376953125,0.470428466796875,0.4152374267578125,0.48329925537109375,25.831626892089844,0.21350860595703125,9.25811767578125,0.2451934814453125,12.845535278320313,0.27318572998046875,13.301589965820313,0.28241729736328125,0,196217.18377685547,77884.5726928711,0,34088599552,2147483648,8303276032,0
200,1787762634360,3500,3500,3500,3500,3500,3500,3500,3500,3500,3500,3500,3500,3500,3500,3500,3500,3500,3500,3500,3500,0.7713851928710938,0.29461669921875,0.2764892578125,0.325286865234375,0.4922943115234375,0.38317108154296875,0.5282058715820313,0.37328338623046875,0.32613372802734375,2.82562255859375,2.8127899169921875,0.32623291015625,13.771415710449219,0.23638153076171875,4.323188781738281,2.74896240234375,1.0533676147460938,0.27154541015625,0.576904296875,2.8079452514648438,0,196224.2905883789,77889.55529785156,0,34088599552,2147483648,8299245568,0
200,1787762634561,3500,3500,3500,3500,3500,3500,3500,3500,3500,3500,3500,3500,3500,3500,3500,3500,3500,3500,3500,3500,0.6917266845703125,2.8564453125,2.833251953125,0.2606048583984375,0.511077880859375,0.4763641357421875,0.5115737915039063,0.4334716796875,2.8247756958007813,0.2933197021484375,0.31566619873046875,0.23236846923828125,21.55542755126953,0.2361602783203125,11.065673828125,0.2196502685546875,1.732940673828125,0.31955718994140625,0.3158111572265625,0.26224517822265625,0,196232.10217285156,77895.26776123047,0,34088599552,2147483648,8297467904,0
200,1787762634761,3500,3500,3500,3500,3500,3500,3500,3500,3500,3500,3500,3500,3500,3500,3500,3500,3500,3500,3500,3500,0.9096221923828125,0.281890869140625,0.29168701171875,0.27394866943359375,0.48445892333984375,2.9607620239257813,0.46547698974609375,0.41912078857421875,0.32065582275390625,0.22209930419921875,0.26226043701171875,2.7519454956054688,13.081954956054688,0.24962615966796875,6.065338134765625,0.2296905517578125,0.5386123657226563,2.8226852416992188,2.901611328125,0.349029541015625,0,196240.15454101563,77900.77471923828,0,34088599552,2147483648,8297439232,0
200,1787762634961,3500,3500,3500,3500,3500,3500,3500,3500,3500,3500,3500,3500,3500,3500,3500,3500,3500,3500,3500,3500,3.23681640625,0.2711029052734375,0.27889251708984375,0.29616546630859375,0.38977813720703125,0.35009002685546875,3.0077056884765625,2.892669677734375,0.48743438720703125,0.33910369873046875,0.36861419677734375,0.35712432861328125,14.411788940429688,2.7192764282226563,4.8172607421875,0.2484893798828125,3.0215835571289063,0.29502105712890625,0.3982696533203125,0.38993072509765625,0,196248.58294677734,77907.05206298828,0,34088599552,2147483648,8295755776,0
199,1787762635162,3500,3500,3500,3500,3500,3500,3500,3500,3500,3500,3500,3500,3500,3500,3500,3500,3500,3500,3500,3500,0.8033599853515625,0.09473419189453125,0.19814300537109375,2.6931381225585938,0.47386932373046875,0.19086456298828125,0.6829376220703125,0.1063079833984375,0.33443450927734375,0.19680023193359375,0.24848175048828125,0.21311187744140625,14.144790649414063,0.083160400390625,3.0998611450195313,0.10396575927734375,0.13788604736328125,0.1457672119140625,0.262298583984375,0.2913818359375,0,196256.3256225586,77912.64135742188,0,34088599552,2147483648,8295661568,0
200,1787762635362,3500,3500,3500,3500,3500,3500,3500,3500,3500,3500,3500,3500,3500,3500,3500,3500,3500,3500,3500,3500,0.921142578125,0.4480133056640625,0.595245361328125,0.5802154541015625,2.6390304565429688,0.5040817260742188,0.49893951416015625,0.4363861083984375,0.4705352783203125,3.004119873046875,3.0124588012695313,0.50213623046875,15.966758728027344,0.402435302734375,6.558601379394531,2.92388916015625,0.49210357666015625,0.4579010009765625,0.44661712646484375,0.47607421875,0,196263.39129638672,77917.57818603516,0,34088599552,2147483648,8295612416,0
200,1787762635562,3500,3500,3500,3500,3500,3500,3500,3500,3500,3500,3500,3500,3500,3500,3500,3500,3500,3500,3500,3500,0.7289199829101563,2.792633056640625,2.8538055419921875,0.3364410400390625,0.2804107666015625,0.2458343505859375,0.2876434326171875,0.29013824462890625,2.8226242065429688,0.24832916259765625,0.27272796630859375,0.2752685546875,14.999702453613281,0.28719329833984375,4.217041015625,0.219940185546875,0.26300048828125,0.32302093505859375,0.25945281982421875,2.8101959228515625,0,196270.06927490234,77922.11560058594,0,34088599552,2147483648,8295424000,0
199,1787762635763,3500,3500,3500,3500,3500,3500,3500,3500,3500,3500,3500,3500,3500,3500,3500,3500,3500,3500,3500,3500,1.0404281616210938,0.25250244140625,0.3463897705078125,0.30551910400390625,0.2624969482421875,2.8362045288085938,0.7656402587890625,0.2510528564453125,0.3234100341796875,0.24860382080078125,0.32410430908203125,2.8563461303710938,16.475914001464844,0.2433013916015625,5.2633056640625,0.33684539794921875,11.512474060058594,2.8304595947265625,2.8179168701171875,0.30211639404296875,0,196279.11486816406,77929.01403808594,0,34088599552,2147483648,8296374272,0
200,1787762635963,3500,3500,3500,3500,3500,3500,3500,3500,3500,3500,3500,3500,3500,3500,3500,3500,3500,3500,3500,3500,3.3816146850585938,0.24495697021484375,0.3261871337890625,0.3144378662109375,0.24115753173828125,0.2868499755859375,2.8618621826171875,2.7939224243164063,0.3080902099609375,0.2434539794921875,0.31899261474609375,0.21260833740234375,15.86767578125,2.7399826049804688,7.530387878417969,0.34273529052734375,5.460075378417969,0.26035308837890625,1.817657470703125,0.3232421875,0,196285.3739013672,77933.12145996094,0,34088599552,2147483648,8296288256,0
200,1787762636163,3500,3500,3500,3500,3500,3500,3500,3500,3500,3500,3500,3500,3500,3500,3500,3500,3500,3500,3500,3500,2.6442718505859375,0.33689117431640625,0.2897186279296875,2.8608169555664063,0.304595947265625,0.30214691162109375,0.26621246337890625,0.25243377685546875,0.33184814453125,0.32875823974609375,0.2738494873046875,0.20465850830078125,16.490455627441406,0.2451934814453125,10.655418395996094,0.27524566650390625,1.4855422973632813,0.29216766357421875,0.295562744140625,0.31388092041015625,0,196292.79022216797,77938.38787841797,0,34088599552,2147483648,8296681472,0
200,1787762636363,3500,3500,3500,3500,3500,3500,3500,3500,3500,3500,3500,3500,3500,3500,3500,3500,3500,3500,3500,3500,0.8807373046875,0.25360107421875,0.32994842529296875,0.27703857421875,2.842437744140625,0.24706268310546875,0.33942413330078125,0.23723602294921875,0.2950897216796875,2.82647705078125,2.804931640625,0.26062774658203125,21.891372680664063,0.24312591552734375,11.051765441894531,2.7435379028320313,3.2552261352539063,0.32501220703125,0.904571533203125,0.28197479248046875,0,196300.11944580078,77943.55181884766,0,34088599552,2147483648,8296656896,0
200,1787762636564,3500,3500,3500,3500,3500,3500,3500,3500,3500,3500,3500,3500,3500,3500,3500,3500,3500,3500,3500,3500,0.8159408569335938,2.8618240356445313,2.9359588623046875,0.370025634765625,0.2928924560546875,0.2928924560546875,0.2826080322265625,0.32686614990234375,2.874755859375,0.29604339599609375,0.3209228515625,0.2239532470703125,16.013275146484375,0.23110198974609375,3.5561676025390625,0.25732421875,0.38726806640625,0.33510589599609375,0.310882568359375,2.81256103515625,0,196306.8734741211,77948.16796875,0,34088599552,2147483648,8296628224,0
200,1787762636764,3500,3500,3500,3500,3500,3500,3500,3500,3500,3500,3500,3500,3500,3500,3500,3500,3500,3500,3500,3500,0.828155517578125,0.26522064208984375,0.34012603759765625,0.35369873046875,0.24176788330078125,2.7695465087890625,0.38738250732421875,0.32779693603515625,0.22106170654296875,0.2399749755859375,0.26387786865234375,2.8105621337890625,14.262596130371094,0.19720458984375,5.7626953125,0.2213592529296875,0.6287994384765625,2.8618087768554688,2.9739913940429688,0.4384307861328125,0,196314.21978759766,77953.36315917969,0,34088599552,2147483648,8296738816,0
199,1787762636964,3500,3500,3500,3500,3500,3500,3500,3500,3500,3500,3500,3500,3500,3500,3500,3500,3500,3500,3500,3500,3.3080978393554688,0.32471466064453125,0.26755523681640625,0.28229522705078125,0.23462677001953125,0.21988677978515625,2.8237533569335938,2.8005142211914063,0.26116180419921875,0.28998565673828125,0.23567962646484375,0.2456207275390625,14.626533508300781,2.7798309326171875,3.9094619750976563,0.256011962890625,3.0119171142578125,0.285491943359375,0.49139404296875,0.51287841796875,0,196321.6420288086,77958.64129638672,0,34088599552,2147483648,8296935424,0
200,1787762637164,3500,3500,3500,3500,3500,3500,3500,3500,3500,3500,3500,3500,3500,3500,3500,3500,3500,3500,3500,3500,0.9291152954101563,0.244781494140625,0.352935791015625,2.8300704956054688,0.25957489013671875,0.232391357421875,0.29821014404296875,0.3304443359375,0.28571319580078125,0.25737762451171875,0.2523345947265625,0.27691650390625,16.092086791992188,0.24503326416015625,5.7556915283203125,0.25228118896484375,0.30820465087890625,0.28601837158203125,0.5123062133789063,0.534698486328125,0,196328.73223876953,77963.59436035156,0,34088599552,2147483648,8296923136,0
200,1787762637365,3500,3500,3500,3500,3500,3500,3500,3500,3500,3500,3500,3500,3500,3500,3500,3500,3500,3500,3500,3500,0.8792648315429688,0.2502288818359375,0.42608642578125,0.40818023681640625,2.8588333129882813,0.293121337890625,0.7215042114257813,0.21441650390625,0.19705963134765625,2.8392791748046875,2.8253631591796875,0.22988128662109375,15.848747253417969,0.2382049560546875,4.499748229980469,2.7741470336914063,0.5748672485351563,0.316864013671875,0.5102767944335938,0.5351181030273438,0,196336.19940185547,77968.91705322266,0,34088599552,2147483648,8296988672,0
200,1787762637565,3500,3500,3500,3500,3500,3500,3500,3500,3500,3500,3500,3500,3500,3500,3500,3500,3500,3500,3500,3500,0.6781768798828125,2.8168411254882813,2.8950271606445313,0.34372711181640625,0.277618408203125,0.23265838623046875,0.184112548828125,0.2437896728515625,2.7555694580078125,0.23665618896484375,0.27417755126953125,0.24947357177734375,12.002822875976563,0.2231292724609375,5.234771728515625,0.19568634033203125,1.1217498779296875,0.2748260498046875,0.495758056640625,3.0207672119140625,0,196344.02587890625,77974.60546875,0,34088599552,2147483648,8296882176,0
200,1787762637765,3500,3500,3500,3500,3500,3500,3500,3500,3500,3500,3500,3500,3500,3500,3500,3500,3500,3500,3500,3500,0.7835464477539063,0.343505859375,0.3665924072265625,0.33361053466796875,0.24432373046875,2.7769241333007813,0.708343505859375,0.31427764892578125,0.3445587158203125,0.21854400634765625,0.2837982177734375,2.8421783447265625,25.581459045410156,0.23857879638671875,8.252082824707031,0.22403717041015625,1.4159469604492188,2.8226394653320313,3.2358016967773438,0.47246551513671875,0,196351.4705810547,77979.87365722656,0,34088599552,2147483648,8297377792,0
200,1787762637966,3500,3500,3500,3500,3500,3500,3500,3500,3500,3500,3500,3500,3500,3500,3500,3500,3500,3500,3500,3500,3.2717437744140625,0.25646209716796875,0.2658843994140625,0.31952667236328125,0.3222198486328125,0.23427581787109375,2.8074874877929688,0.2374114990234375,0.46331024169921875,0.333038330078125,0.30606842041015625,0.32511138916015625,17.8916015625,2.7935791015625,9.657394409179688,0.2248992919921875,7.2242279052734375,0.2948455810546875,0.391265869140625,0.33687591552734375,0,196358.32879638672,77984.5922241211,0,34088599552,2147483648,8297385984,0
200,1787762638166,3500,3500,3500,3500,3500,3500,3500,3500,3500,3500,3500,3500,3500,3500,3500,3500,3500,3500,3500,3500,0.8445968627929688,0.3250885009765625,0.3607177734375,2.86688232421875,0.3206939697265625,0.319091796875,0.41072845458984375,2.8686752319335938,0.5731735229492188,0.408782958984375,0.41652679443359375,0.4357147216796875,24.710128784179688,0.256683349609375,6.165580749511719,0.30789947509765625,1.8205642700195313,0.335479736328125,0.3760528564453125,0.3509674072265625,0,196365.54821777344,77989.66943359375,0,34088599552,2147483648,8299368448,0
200,1787762638367,3500,3500,3500,3500,3500,3500,3500,3500,3500,3500,3500,3500,3500,3500,3500,3500,3500,3500,3500,3500,0.7609481811523438,0.22058868408203125,0.2977752685546875,0.2569122314453125,2.7888336181640625,0.17183685302734375,0.2343597412109375,0.3192291259765625,0.30251312255859375,2.802703857421875,2.8116378784179688,0.31219482421875,18.016944885253906,0.20546722412109375,4.518791198730469,2.8146743774414063,0.5013961791992188,0.314239501953125,0.29846954345703125,0.30027008056640625,0,196372.35858154297,77994.34020996094,0,34088599552,2147483648,8299364352,0
200,1787762638567,3500,3500,3500,3500,3500,3500,3500,3500,3500,3500,3500,3500,3500,3500,3500,3500,3500,3500,3500,3500,0.9394683837890625,2.9150924682617188,2.9178848266601563,0.34295654296875,0.2847747802734375,0.27323150634765625,0.37436676025390625,0.23732757568359375,2.9480514526367188,0.353240966796875,0.40308380126953125,0.44329071044921875,17.734848022460938,0.3031005859375,24.828369140625,0.30225372314453125,4.969673156738281,0.310791015625,0.6323699951171875,2.8525619506835938,0,196380.39581298828,78000.21203613281,0,34088599552,2147483648,8299704320,0
200,1787762638767,3500,3500,3500,3500,3500,3500,3500,3500,3500,3500,3500,3500,3500,3500,3500,3500,3500,3500,3500,3500,0.8348541259765625,0.24090576171875,0.5622177124023438,0.41208648681640625,0.37622833251953125,3.006072998046875,0.661529541015625,0.36589813232421875,0.398468017578125,0.39498138427734375,0.39368438720703125,3.0178375244140625,13.260444641113281,0.23258209228515625,8.908180236816406,0.262603759765625,3.4455413818359375,2.8531417846679688,3.084625244140625,0.32465362548828125,0,196388.1441040039,78005.81201171875,0,34088599552,2147483648,8297070592,0
200,1787762638967,3500,3500,3500,3500,3500,3500,3500,3500,3500,3500,3500,3500,3500,3500,3500,3500,3500,3500,3500,3500,3.3672714233398438,0.23281097412109375,0.35051727294921875,0.36215972900390625,0.320648193359375,0.4358062744140625,2.9579925537109375,0.330535888671875,0.344879150390625,0.34572601318359375,0.355865478515625,0.48456573486328125,16.028892517089844,2.7405166625976563,4.34619140625,0.244903564453125,3.3549270629882813,0.35671234130859375,0.276031494140625,0.317047119140625,0,196395.1649169922,78010.69073486328,0,34088599552,2147483648,8297058304,0
199,1787762639168,3500,3500,3500,3500,3500,3500,3500,3500,3500,3500,3500,3500,3500,3500,3500,3500,3500,3500,3500,3500,1.0086898803710938,0.26165771484375,0.31351470947265625,2.8229598999023438,0.31496429443359375,0.293304443359375,0.4252777099609375,2.801849365234375,0.39643096923828125,0.36498260498046875,0.3956298828125,0.493865966796875,15.575538635253906,0.19571685791015625,3.0137863159179688,0.282073974609375,0.28461456298828125,0.339324951171875,0.31307220458984375,0.29399871826171875,0,196401.9541015625,78015.34814453125,0,34088599552,2147483648,8296841216,0
200,1787762639368,3500,3500,3500,3500,3500,3500,3500,3500,3500,3500,3500,3500,3500,3500,3500,3500,3500,3500,3500,3500,0.8040084838867188,0.28399658203125,0.3090972900390625,0.27515411376953125,2.8520965576171875,0.201416015625,0.9301376342773438,0.23630523681640625,0.314697265625,2.8972396850585938,2.8825912475585938,0.30904388427734375,16.68151092529297,0.28924560546875,4.246650695800781,2.781707763671875,0.6387405395507813,0.3188934326171875,0.26845550537109375,0.29840087890625,0,196409.3120727539,78020.56268310547,0,34088599552,2147483648,8288907264,0
199,1787762639568,3500,3500,3500,3500,3500,3500,3500,3500,3500,3500,3500,3500,3500,3500,3500,3500,3500,3500,3500,3500,0.7672042846679688,2.7705535888671875,2.9228515625,0.3367462158203125,0.2743682861328125,0.2467193603515625,0.48705291748046875,0.2345428466796875,2.7736434936523438,0.22945404052734375,0.3142852783203125,0.212188720703125,19.397544860839844,0.29876708984375,5.588706970214844,0.278106689453125,0.2965240478515625,0.2823486328125,0.28409576416015625,2.8105697631835938,0,196417.25946044922,78026.35247802734,0,34088599552,2147483648,8288722944,0
200,1787762639768,3500,3500,3500,3500,3500,3500,3500,3500,3500,3500,3500,3500,3500,3500,3500,3500,3500,3500,3500,3500,0.87530517578125,0.29761505126953125,0.397369384765625,0.43560791015625,0.32085418701171875,2.8077468872070313,0.4672393798828125,0.26053619384765625,0.3790283203125,0.37038421630859375,0.43990325927734375,2.8753662109375,17.29816436767578,0.28192138671875,13.055465698242188,0.2181549072265625,2.6761016845703125,2.8331298828125,2.8801116943359375,0.3000640869140625,0,196424.9197998047,78031.87091064453,0,34088599552,2147483648,8288718848,0
200,1787762639968,3500,3500,3500,3500,3500,3500,3500,3500,3500,3500,3500,3500,3500,3500,3500,3500,3500,3500,3500,3500,3.2581253051757813,0.25504302978515625,0.3143463134765625,0.29221343994140625,0.38519287109375,0.3017578125,2.9984893798828125,0.34577178955078125,0.48281097412109375,0.46547698974609375,0.4747161865234375,0.38219451904296875,12.7568359375,2.7322006225585938,3.3835296630859375,0.2675323486328125,3.004180908203125,0.29541015625,0.290618896484375,0.3061065673828125,0,196431.83111572266,78036.64447021484,0,34088599552,2147483648,8288849920,0
200,1787762640169,3500,3500,3500,3500,3500,3500,3500,3500,3500,3500,3500,3500,3500,3500,3500,3500,3500,3500,3500,3500,2.495208740234375,0.2435150146484375,0.288330078125,2.816619873046875,0.28033447265625,0.201446533203125,0.6250762939453125,4.568336486816406,4.914726257324219,0.3159637451171875,0.35248565673828125,0.316558837890625,16.244644165039063,0.25420379638671875,7.950828552246094,0.29438018798828125,1.4338150024414063,0.286285400390625,0.43067169189453125,0.32410430908203125,0,196439.93200683594,78042.57800292969,0,34088599552,2147483648,8290615296,0
199,1787762640369,3500,3500,3500,3500,3500,3500,3500,3500,3500,3500,3500,3500,3500,3500,3500,3500,3500,3500,3500,3500,0.8578414916992188,0.30509185791015625,0.31388092041015625,0.2925567626953125,2.8141403198242188,0.305389404296875,0.2160491943359375,0.26154327392578125,0.500762939453125,2.8931961059570313,2.9117279052734375,0.3597259521484375,17.248458862304688,0.2217864990234375,3.3809738159179688,2.7988052368164063,0.58770751953125,0.3240203857421875,0.285064697265625,0.36312103271484375,0,196447.20733642578,78047.72119140625,0,34088599552,2147483648,8290615296,0
200,1787762640569,3500,3500,3500,3500,3500,3500,3500,3500,3500,3500,3500,3500,3500,3500,3500,3500,3500,3500,3500,3500,0.7130966186523438,2.80340576171875,2.91943359375,0.34627532958984375,0.25939178466796875,0.20050811767578125,0.28394317626953125,0.2210540771484375,2.8671951293945313,0.31063079833984375,0.2967376708984375,0.2447967529296875,11.84539794921875,0.23255157470703125,5.72393798828125,0.18871307373046875,0.6657562255859375,0.3143310546875,0.30228424072265625,2.8141555786132813,0,196454.6304321289,78053.01068115234,0,34088599552,2147483648,8290570240,0
200,1787762640769,3500,3500,3500,3500,3500,3500,3500,3500,3500,3500,3500,3500,3500,3500,3500,3500,3500,3500,3500,3500,0.889862060546875,0.29790496826171875,0.5892181396484375,0.586822509765625,0.4045867919921875,2.5001144409179688,0.47161102294921875,0.3110198974609375,0.29141998291015625,0.3572540283203125,0.2800445556640625,2.8405609130859375,11.8177490234375,0.28812408447265625,6.802055358886719,0.27066802978515625,0.38413238525390625,2.9620590209960938,2.8955230712890625,0.31281280517578125,0,196461.77349853516,78057.99798583984,0,34088599552,2147483648,8290570240,0
200,1787762640970,3500,3500,3500,3500,3500,3500,3500,3500,3500,3500,3500,3500,3500,3500,3500,3500,3500,3500,3500,3500,3.3852081298828125,0.21807098388671875,0.5248031616210938,0.5244064331054688,0.28353118896484375,0.6436920166015625,2.8360595703125,0.28113555908203125,0.25130462646484375,0.264373779296875,0.3245391845703125,0.25389862060546875,14.524345397949219,2.736724853515625,3.8300399780273438,0.26392364501953125,2.847930908203125,0.29570770263671875,0.31276702880859375,0.286773681640625,0,196468.3787841797,78062.4741821289,0,34088599552,2147483648,8290701312,0
200,1787762641170,3500,3500,3500,3500,3500,3500,3500,3500,3500,3500,3500,3500,3500,3500,3500,3500,3500,3500,3500,3500,0.851715087890625,0.330718994140625,0.47049713134765625,3.0033721923828125,0.29039764404296875,0.2470855712890625,0.31043243408203125,2.8555984497070313,0.29534912109375,0.27606201171875,0.30204010009765625,0.27561187744140625,13.259101867675781,0.23564910888671875,4.512123107910156,0.19847869873046875,0.65948486328125,0.29204559326171875,0.288604736328125,0.3124847412109375,0,196476.46264648438,78068.4193725586,0,34088599552,2147483648,8290480128,0
200,1787762641370,3500,3500,3500,3500,3500,3500,3500,3500,3500,3500,3500,3500,3500,3500,3500,3500,3500,3500,3500,3500,0.7338027954101563,0.2769317626953125,0.40460968017578125,0.40071868896484375,2.8397216796875,0.31681060791015625,1.9680557250976563,0.3141632080078125,0.26564788818359375,2.7340545654296875,2.8123245239257813,0.2521209716796875,24.838645935058594,0.251373291015625,10.752731323242188,0.231353759765625,5.329742431640625,0.27852630615234375,1.1331253051757813,0.2896575927734375,0,196485.43377685547,78075.47253417969,0,34088599552,2147483648,8290488320,0
200,1787762641571,3500,3500,3500,3500,3500,3500,3500,3500,3500,3500,3500,3500,3500,3500,3500,3500,3500,3500,3500,3500,0.7291717529296875,2.8324356079101563,2.8891983032226563,0.31183624267578125,0.38141632080078125,0.48581695556640625,0.7127609252929688,0.42371368408203125,2.790740966796875,0.29099273681640625,0.34929656982421875,0.2629547119140625,14.279899597167969,0.29213714599609375,6.739601135253906,2.820068359375,0.80084228515625,0.36336517333984375,0.8981094360351563,2.8784255981445313,0,196493.03381347656,78080.78131103516,0,34088599552,2147483648,8290410496,0
200,1787762641771,3500,3500,3500,3500,3500,3500,3500,3500,3500,3500,3500,3500,3500,3500,3500,3500,3500,3500,3500,3500,0.9764175415039063,0.26387786865234375,0.26163482666015625,0.302703857421875,0.28418731689453125,0.37905120849609375,0.7252655029296875,0.26238250732421875,0.29241943359375,0.3560943603515625,0.290374755859375,2.8976593017578125,11.907501220703125,0.2043914794921875,7.701835632324219,0.21202850341796875,0.5751113891601563,2.80279541015625,2.8508987426757813,0.3400726318359375,0,196500.37268066406,78085.8724975586,0,34088599552,2147483648,8290394112,0
200,1787762641972,3500,3500,3500,3500,3500,3500,3500,3500,3500,3500,3500,3500,3500,3500,3500,3500,3500,3500,3500,3500,3.3298263549804688,0.27819061279296875,0.32358551025390625,0.34354400634765625,0.32314300537109375,2.8162078857421875,2.8123703002929688,0.29754638671875,0.4557952880859375,0.36928558349609375,0.38460540771484375,0.36724090576171875,12.617706298828125,2.82489013671875,4.596092224121094,0.25264739990234375,4.606620788574219,0.337554931640625,0.2866668701171875,0.3280792236328125,0,196507.4232788086,78091.00024414063,0,34088599552,2147483648,8290521088,0
200,1787762642172,3500,3500,3500,3500,3500,3500,3500,3500,3500,3500,3500,3500,3500,3500,3500,3500,3500,3500,3500,3500,0.8981246948242188,0.18137359619140625,0.22344207763671875,2.7843093872070313,0.252777099609375,0.2054595947265625,0.26381683349609375,2.687530517578125,0.386077880859375,0.37488555908203125,0.42870330810546875,0.3037872314453125,14.635307312011719,0.20830535888671875,4.714263916015625,0.1923675537109375,0.79425048828125,0.2697601318359375,0.25377655029296875,0.232940673828125,0,196515.4906616211,78096.7113647461,0,34088599552,2147483648,8290492416,0
200,1787762642372,3500,3500,3500,3500,3500,3500,3500,3500,3500,3500,3500,3500,3500,3500,3500,3500,3500,3500,3500,3500,1.0143280029296875,0.29177093505859375,0.37386322021484375,0.32901763916015625,2.911651611328125,0.3228302001953125,0.28427886962890625,0.28937530517578125,0.3834991455078125,2.9382171630859375,2.9006118774414063,0.3567352294921875,17.133338928222656,0.2559661865234375,3.7132034301757813,0.3145904541015625,0.67486572265625,0.34714508056640625,0.35259246826171875,0.3373565673828125,0,196523.4633178711,78102.95184326172,0,34088599552,2147483648,8290463744,0
200,1787762642572,3500,3500,3500,3500,3500,3500,3500,3500,3500,3500,3500,3500,3500,3500,3500,3500,3500,3500,3500,3500,0.7595367431640625,1.149169921875,2.7436904907226563,0.2055816650390625,0.205535888671875,0.19474029541015625,0.4068756103515625,0.21527862548828125,2.8745803833007813,0.1275482177734375,0.20098876953125,0.195343017578125,14.310508728027344,0.17176055908203125,3.55963134765625,2.63922119140625,0.2137298583984375,0.2069854736328125,0.17845916748046875,2.7526779174804688,0,196531.98071289063,78108.9097290039,0,34088599552,2147483648,8290201600,0
200,1787762642772,3500,3500,3500,3500,3500,3500,3500,3500,3500,3500,3500,3500,3500,3500,3500,3500,3500,3500,3500,3500,0.9675216674804688,1.8989028930664063,0.3684844970703125,0.37902069091796875,0.2718353271484375,0.36743927001953125,1.0092620849609375,0.358856201171875,0.5548553466796875,0.37297821044921875,0.3610992431640625,2.9171981811523438,16.174484252929688,0.32320404052734375,12.017974853515625,0.3548126220703125,0.9292831420898438,2.926788330078125,2.9002304077148438,0.36304473876953125,0,196539.84985351563,78114.64654541016,0,34088599552,2147483648,8287834112,0
200,1787762642973,3500,3500,3500,3500,3500,3500,3500,3500,3500,3500,3500,3500,3500,3500,3500,3500,3500,3500,3500,3500,3.3043212890625,0.30008697509765625,0.32262420654296875,0.3154449462890625,0.2603912353515625,2.788970947265625,2.9049072265625,0.2958984375,0.3251190185546875,0.257598876953125,0.2268829345703125,0.35593414306640625,13.776710510253906,2.7834396362304688,3.0048828125,0.2830810546875,3.1367263793945313,0.27759552001953125,0.41980743408203125,0.3290557861328125,0,196547.3744506836,78120.01580810547,0,34088599552,2147483648,8287580160,0
200,1787762643173,3500,3500,3500,3500,3500,3500,3500,3500,3500,3500,3500,3500,3500,3500,3500,3500,3500,3500,3500,3500,0.7680511474609375,0.28400421142578125,0.30889892578125,2.80865478515625,0.267791748046875,0.26708984375,0.32501220703125,2.80999755859375,0.30141448974609375,0.28180694580078125,0.289337158203125,0.254119873046875,13.920387268066406,0.23187255859375,9.056121826171875,0.22149658203125,0.5910568237304688,0.30994415283203125,0.279510498046875,0.31084442138671875,0,196554.03631591797,78124.54284667969,0,34088599552,2147483648,8287956992,0
200,1787762643374,3500,3500,3500,3500,3500,3500,3500,3500,3500,3500,3500,3500,3500,3500,3500,3500,3500,3500,3500,3500,0.8314437866210938,0.2194061279296875,0.2601318359375,0.2931671142578125,2.7928009033203125,0.2897796630859375,0.8348388671875,0.28214263916015625,0.28733062744140625,2.7093048095703125,2.7211837768554688,0.2534942626953125,18.21807861328125,0.180023193359375,7.376518249511719,0.29251861572265625,5.1562347412109375,0.29856109619140625,0.4270782470703125,0.27215576171875,0,196561.48608398438,78129.83587646484,0,34088599552,2147483648,8287948800,0
200,1787762643574,3500,3500,3500,3500,3500,3500,3500,3500,3500,3500,3500,3500,3500,3500,3500,3500,3500,3500,3500,3500,0.9815597534179688,0.2848968505859375,2.9001541137695313,0.3276214599609375,0.26548004150390625,0.32462310791015625,0.45699310302734375,0.3845672607421875,3.0282745361328125,0.42440032958984375,0.2992706298828125,0.2395782470703125,14.651908874511719,0.264129638671875,3.4760818481445313,2.7683868408203125,0.924957275390625,0.326019287109375,0.6965179443359375,2.8357696533203125,0,196568.86505126953,78135.0728149414,0,34088599552,2147483648,8287879168,0
200,1787762643775,3500,3500,3500,3500,3500,3500,3500,3500,3500,3500,3500,3500,3500,3500,3500,3500,3500,3500,3500,3500,0.9639511108398438,2.743072509765625,0.4174041748046875,0.3965301513671875,0.27327728271484375,0.25833892822265625,0.48577117919921875,0.377899169921875,0.24785614013671875,0.30109405517578125,0.27337646484375,2.8270263671875,15.320915222167969,0.20870208740234375,7.715888977050781,0.22318267822265625,0.9888229370117188,2.80560302734375,2.8324661254882813,0.26943206787109375,0,196575.47424316406,78139.53381347656,0,34088599552,2147483648,8287875072,0
200,1787762643975,3500,3500,3500,3500,3500,3500,3500,3500,3500,3500,3500,3500,3500,3500,3500,3500,3500,3500,3500,3500,3.4203720092773438,0.28281402587890625,0.3936004638671875,0.41616058349609375,0.36090087890625,2.7873916625976563,3.326263427734375,0.385009765625,0.38726043701171875,0.264495849609375,0.3673858642578125,0.341827392578125,14.759742736816406,2.7964248657226563,3.4102859497070313,0.32305908203125,3.5103378295898438,0.31935882568359375,0.36649322509765625,0.339630126953125,0,196581.72790527344,78143.64178466797,0,34088599552,2147483648,8287985664,0
200,1787762644175,3500,3500,3500,3500,3500,3500,3500,3500,3500,3500,3500,3500,3500,3500,3500,3500,3500,3500,3500,3500,2.6240234375,0.25543212890625,0.2709503173828125,2.8598556518554688,0.29872894287109375,0.28336334228515625,0.2511444091796875,2.8080825805664063,0.276885986328125,0.2501983642578125,0.25293731689453125,0.21912384033203125,15.339668273925781,0.1876983642578125,4.102012634277344,0.2392730712890625,0.5658340454101563,0.29534149169921875,0.28790283203125,0.306060791015625,0,196589.49182128906,78149.25573730469,0,34088599552,2147483648,8287961088,0
200,1787762644375,3500,3500,3500,3500,3500,3500,3500,3500,3500,3500,3500,3500,3500,3500,3500,3500,3500,3500,3500,3500,0.78350830078125,0.19184112548828125,0.334136962890625,0.353668212890625,2.7407455444335938,0.261322021484375,0.37055206298828125,0.2175140380859375,0.290435791015625,2.7145233154296875,2.6772689819335938,0.21901702880859375,15.736793518066406,0.15822601318359375,4.302360534667969,0.16512298583984375,0.22735595703125,0.25897216796875,0.25592803955078125,0.23224639892578125,0,196597.34240722656,78154.96301269531,0,34088599552,2147483648,8286187520,0
199,1787762644576,3500,3500,3500,3500,3500,3500,3500,3500,3500,3500,3500,3500,3500,3500,3500,3500,3500,3500,3500,3500,1.775726318359375,0.388031005859375,3.3099822998046875,0.34039306640625,0.42024993896484375,0.40184783935546875,1.3080368041992188,0.925201416015625,4.164100646972656,0.9381179809570313,0.702728271484375,1.2634963989257813,14.735359191894531,0.303131103515625,4.048919677734375,2.7504119873046875,1.0969924926757813,0.36124420166015625,1.0582809448242188,2.8988571166992188,0,196604.79711914063,78160.27941894531,0,34088599552,2147483648,8285876224,0
200,1787762644776,3500,3500,3500,3500,3500,3500,3500,3500,3500,3500,3500,3500,3500,3500,3500,3500,3500,3500,3500,3500,0.891510009765625,2.891937255859375,0.28620147705078125,0.28415679931640625,0.30190277099609375,0.25376129150390625,0.2265167236328125,0.32164764404296875,0.4437255859375,0.36454010009765625,0.345794677734375,2.884490966796875,12.454055786132813,0.25070953369140625,6.152412414550781,0.22641754150390625,0.3566436767578125,2.8319473266601563,0.270355224609375,0.3094024658203125,0,196611.1587524414,78164.48760986328,0,34088599552,2147483648,8285868032,0
200,1787762644976,3500,3500,3500,3500,3500,3500,3500,3500,3500,3500,3500,3500,3500,3500,3500,3500,3500,3500,3500,3500,3.5082626342773438,0.317596435546875,0.29998016357421875,0.33486175537109375,0.3187408447265625,2.8613433837890625,2.9496231079101563,0.2200775146484375,0.444854736328125,0.37164306640625,0.4208984375,0.4506378173828125,12.770744323730469,2.7544479370117188,3.7823333740234375,0.294189453125,3.0020751953125,0.293487548828125,2.8566513061523438,0.2840118408203125,0,196619.13165283203,78170.32006835938,0,34088599552,2147483648,8285843456,0
200,1787762645177,3500,3500,3500,3500,3500,3500,3500,3500,3500,3500,3500,3500,3500,3500,3500,3500,3500,3500,3500,3500,0.8289794921875,0.22686767578125,0.2634735107421875,2.8488311767578125,0.2230224609375,0.2735595703125,0.31591033935546875,2.7032623291015625,0.452239990234375,0.35760498046875,0.4439544677734375,0.34941864013671875,11.922370910644531,0.1839752197265625,6.5746307373046875,0.18017578125,1.0153427124023438,0.33319091796875,0.3679962158203125,0.35820770263671875,0,196626.26806640625,78175.32733154297,0,34088599552,2147483648,8282853376,0
200,1787762645377,3500,3500,3500,3500,3500,3500,3500,3500,3500,3500,3500,3500,3500,3500,3500,3500,3500,3500,3500,3500,0.5067977905273438,0,0.11676788330078125,0.12966156005859375,2.53277587890625,0.0007476806640625,0.4404449462890625,0.01873779296875,0.09832763671875,2.6724319458007813,2.7441253662109375,0.10622406005859375,13.838661193847656,0,2.493804931640625,0.00484466552734375,0.08908843994140625,0.1090240478515625,0.1816253662109375,0.1525421142578125,0,196634.30169677734,78181.19482421875,0,34088599552,2147483648,8281899008,0
200,1787762645578,3500,3500,3500,3500,3500,3500,3500,3500,3500,3500,3500,3500,3500,3500,3500,3500,3500,3500,3500,3500,1.0450515747070313,0.5824966430664063,3.09307861328125,0.5863265991210938,0.5679702758789063,0.5255889892578125,0.83636474609375,0.5944900512695313,6.266593933105469,5.262580871582031,0.6357803344726563,0.6072235107421875,9.939285278320313,0.528717041015625,2.1096572875976563,3.0620803833007813,0.8447189331054688,0.5671234130859375,0.823974609375,3.1388931274414063,0,196641.33862304688,78186.0980834961,0,34088599552,2147483648,8281526272,0
200,1787762645778,3500,3500,3500,3500,3500,3500,3500,3500,3500,3500,3500,3500,3500,3500,3500,3500,3500,3500,3500,3500,0.8083038330078125,2.8121719360351563,0.33615875244140625,0.35634613037109375,0.3280181884765625,0.28035736083984375,0.2817535400390625,0.33031463623046875,0.292144775390625,0.3134307861328125,0.281158447265625,2.8420944213867188,3.6334152221679688,0.29294586181640625,2.4090728759765625,0.3373565673828125,0.33811187744140625,2.900299072265625,0.42852783203125,0.43972015380859375,0,196648.81048583984,78191.4439086914,0,34088599552,2147483648,8281505792,0
200,1787762645978,3500,3500,3500,3500,3500,3500,3500,3500,3500,3500,3500,3500,3500,3500,3500,3500,3500,3500,3500,3500,3.2430191040039063,0.2761077880859375,0.3335723876953125,0.29329681396484375,0.27526092529296875,2.7298736572265625,1.2813186645507813,0.309539794921875,0.31708526611328125,0.3109893798828125,0.34686279296875,0.2133026123046875,5.4126739501953125,2.782135009765625,1.5057144165039063,0.29784393310546875,2.9236907958984375,0.40451812744140625,2.9376754760742188,0.39463043212890625,0,196655.7314453125,78196.23858642578,0,34088599552,2147483648,8281022464,0
200,1787762646178,3500,3500,3500,3500,3500,3500,3500,3500,3500,3500,3500,3500,3500,3500,3500,3500,3500,3500,3500,3500,0.8300704956054688,0.2672119140625,0.2664642333984375,2.8365097045898438,0.23128509521484375,0.237884521484375,2.3458023071289063,2.7791976928710938,0.534820556640625,0.37253570556640625,0.4603271484375,0.4581298828125,4.888114929199219,0.20755767822265625,0.6773223876953125,0.26221466064453125,0.35739898681640625,0.36794281005859375,0.37384033203125,0.3616943359375,0,196662.01831054688,78200.39978027344,0,34088599552,2147483648,8280776704,0
199,1787762646378,3500,3500,3500,3500,3500,3500,3500,3500,3500,3500,3500,3500,3500,3500,3500,3500,3500,3500,3500,3500,0.6979904174804688,0.3242950439453125,0.31604766845703125,0.310302734375,2.8259201049804688,0.20195770263671875,1.6433868408203125,0.24886322021484375,3.2332839965820313,2.891357421875,2.92132568359375,0.37953948974609375,6.476203918457031,0.22454071044921875,1.0831756591796875,0.26584625244140625,0.3980255126953125,0.3868865966796875,0.3807373046875,0.42714691162109375,0,196669.59442138672,78205.85675048828,0,34088599552,2147483648,8280346624,0
200,1787762646578,3500,3500,3500,3500,3500,3500,3500,3500,3500,3500,3500,3500,3500,3500,3500,3500,3500,3500,3500,3500,0.6883697509765625,0.25295257568359375,2.781036376953125,0.2530517578125,0.29189300537109375,0.20220947265625,0.22270965576171875,0.27349853515625,2.8173294067382813,0.21630859375,0.23265838623046875,0.29369354248046875,8.787086486816406,0.20316314697265625,2.0037307739257813,2.7373428344726563,0.5754470825195313,0.3704833984375,0.29984283447265625,2.8361282348632813,0,196677.13958740234,78211.26434326172,0,34088599552,2147483648,8279879680,0
199,1787762646779,3500,3500,3500,3500,3500,3500,3500,3500,3500,3500,3500,3500,3500,3500,3500,3500,3500,3500,3500,3500,0.8949737548828125,2.8369903564453125,0.2918548583984375,0.30452728271484375,0.2649078369140625,0.25377655029296875,0.30268096923828125,0.23186492919921875,0.287109375,0.31815338134765625,0.4421234130859375,2.8362960815429688,4.0844573974609375,0.23955535888671875,0.9531631469726563,0.28466796875,0.40254974365234375,2.9318161010742188,0.36716461181640625,0.34819793701171875,0,196684.62518310547,78216.62951660156,0,34088599552,2147483648,8279597056,0
0,1787762646979,3500,3500,3500,3500,3500,3500,3500,3500,3500,3500,3500,3500,3500,3500,3500,3500,3500,3500,3500,3500,3.2533950805664063,0.2869415283203125,1.1183319091796875,0.28064727783203125,0.2199249267578125,2.7711181640625,0.307830810546875,0.26605224609375,0.3287200927734375,0.36374664306640625,0.458343505859375,0.42236328125,13.551795959472656,2.366790771484375,6.3918609619140625,0.2974853515625,4.435340881347656,0.4485015869140625,2.968658447265625,0.34880828857421875,0,196692.5200805664,78222.37377929688,0,34088599552,2147483648,8073121792,0
