Delta,Time,CPU_FREQUENCY_0,CPU_FREQUENCY_1,CPU_FREQUENCY_10,CPU_FREQUENCY_11,CPU_FREQUENCY_12,CPU_FREQUENCY_13,CPU_FREQUENCY_14,CPU_FREQUENCY_15,CPU_FREQUENCY_16,CPU_FREQUENCY_17,CPU_FREQUENCY_18,CPU_FREQUENCY_19,CPU_FREQUENCY_2,CPU_FREQUENCY_3,CPU_FREQUENCY_4,CPU_FREQUENCY_5,CPU_FREQUENCY_6,CPU_FREQUENCY_7,CPU_FREQUENCY_8,CPU_FREQUENCY_9,CPU_USAGE_0,CPU_USAGE_1,CPU_USAGE_10,CPU_USAGE_11,CPU_USAGE_12,CPU_USAGE_13,CPU_USAGE_14,CPU_USAGE_15,CPU_USAGE_16,CPU_USAGE_17,CPU_USAGE_18,CPU_USAGE_19,CPU_USAGE_2,CPU_USAGE_3,CPU_USAGE_4,CPU_USAGE_5,CPU_USAGE_6,CPU_USAGE_7,CPU_USAGE_8,CPU_USAGE_9,DRAM_ENERGY (J),PACKAGE_ENERGY (J),PP0_ENERGY (J),PP1_ENERGY (J),TOTAL_MEMORY,TOTAL_SWAP,USED_MEMORY,USED_SWAP
0,1787750449731,3500,3500,3500,3500,3500,3500,3500,3500,3500,3500,3500,3500,3500,3500,3500,3500,3500,3500,3500,3500,0,0,0,0,0,0,0,0,0,0,0,0,0,0,100,0,0,0,0,0,0,194858.7504272461,207579.3101196289,0,34088599552,2147483648,7726170112,0
199,1787750449732,3500,3500,3500,3500,3500,3500,3500,3500,3500,3500,3500,3500,3500,3500,3500,3500,3500,3500,3500,3500,43.477012634277344,43.48275375366211,43.83860397338867,43.563106536865234,43.895999908447266,43.878780364990234,43.86730194091797,43.93617630004883,43.580326080322266,43.511451721191406,43.5401496887207,43.499969482421875,43.964874267578125,43.39665985107422,100,43.39665985107422,64.10491943359375,43.39091873168945,43.39665985107422,43.39091873168945,0,194858.7573852539,207579.3101196289,0,34088599552,2147483648,7726190592,0
200,1787750449932,3500,3500,3500,3500,3500,3500,3500,3500,3500,3500,3500,3500,3500,3500,3500,3500,3500,3500,3500,3500,1.66796875,0.233123779296875,20.723190307617188,0.1324310302734375,0.5810623168945313,2.7198944091796875,0.14704132080078125,0.175872802734375,4.766685485839844,0.0927886962890625,0.0761260986328125,2.66033935546875,0.29108428955078125,0.1824798583984375,56.45016860961914,0.0323333740234375,49.33285140991211,0.03708648681640625,31.968223571777344,0.0493011474609375,0,194870.16082763672,207588.44989013672,0,34088599552,2147483648,7774613504,0
200,1787750450132,3500,3500,3500,3500,3500,3500,3500,3500,3500,3500,3500,3500,3500,3500,3500,3500,3500,3500,3500,3500,35.765655517578125,0.30312347412109375,68.51144409179688,0.3020782470703125,1.2504806518554688,0.41635894775390625,0.405517578125,0.38613128662109375,1.447418212890625,0.41526031494140625,0.400421142578125,0.34984588623046875,6.5789337158203125,0.4022216796875,49.50947952270508,2.8393707275390625,52.546791076660156,0.305023193359375,45.010459899902344,2.8244781494140625,0,194883.47326660156,207599.5538330078,0,34088599552,2147483648,7827386368,0
200,1787750450332,3500,3500,3500,3500,3500,3500,3500,3500,3500,3500,3500,3500,3500,3500,3500,3500,3500,3500,3500,3500,42.052452087402344,2.7736968994140625,67.64141845703125,0.214630126953125,3.08074951171875,0.270172119140625,2.8290939331054688,0.28903961181640625,12.579254150390625,2.0429229736328125,0.29772186279296875,0.20859527587890625,32.29540252685547,0.240631103515625,49.496803283691406,0.21503448486328125,48.5845832824707,2.7700576782226563,44.549888610839844,0.2167816162109375,0,194897.66925048828,207611.5131225586,0,34088599552,2147483648,7858163712,0
199,1787750450533,3500,3500,3500,3500,3500,3500,3500,3500,3500,3500,3500,3500,3500,3500,3500,3500,3500,3500,3500,3500,75.72936248779297,0.1203155517578125,82.96410369873047,2.6489715576171875,31.328399658203125,8.911598205566406,8.251304626464844,0.15488433837890625,27.36347198486328,52.707984924316406,17.1533203125,6.89459228515625,78.06676483154297,2.644927978515625,80.32809448242188,0.116424560546875,72.43146514892578,0.100311279296875,79.1180419921875,0.12036895751953125,0,194916.30242919922,207628.90454101563,0,34088599552,2147483648,7930580992,0
200,1787750450733,3500,3500,3500,3500,3500,3500,3500,3500,3500,3500,3500,3500,3500,3500,3500,3500,3500,3500,3500,3500,80.63908386230469,0.39795684814453125,76.53378295898438,0.44406890869140625,48.73883819580078,30.546707153320313,13.412437438964844,3.99493408203125,37.011051177978516,100,34.182899475097656,24.919334411621094,83.08291625976563,0.5529861450195313,86.06825256347656,0.41234588623046875,72.03337860107422,0.37157440185546875,72.9921646118164,0.6796417236328125,0,194934.41485595703,207644.59063720703,0,34088599552,2147483648,8035766272,0
199,1787750450933,3500,3500,3500,3500,3500,3500,3500,3500,3500,3500,3500,3500,3500,3500,3500,3500,3500,3500,3500,3500,49.308013916015625,0.301971435546875,61.227718353271484,0.36700439453125,25.84313201904297,3.6920623779296875,0.5486297607421875,0.3309478759765625,14.905540466308594,41.260154724121094,6.796592712402344,7.765785217285156,33.152503967285156,0.37542724609375,49.18253707885742,0.3443603515625,50.33356475830078,0.38629913330078125,65.53369140625,0.3607177734375,0,194952.4555053711,207659.65728759766,0,34088599552,2147483648,7997702144,0
200,1787750451133,3500,3500,3500,3500,3500,3500,3500,3500,3500,3500,3500,3500,3500,3500,3500,3500,3500,3500,3500,3500,2.9482345581054688,0.2210693359375,20.67938232421875,0.26306915283203125,37.64118194580078,0.3607025146484375,0.25727081298828125,0.18907928466796875,0.298614501953125,0.31786346435546875,0.2774658203125,0.331512451171875,0.6854171752929688,0.2767181396484375,20.096656799316406,2.7755584716796875,35.85435485839844,0.2709197998046875,41.0868034362793,2.7611083984375,0,194960.51263427734,207665.23236083984,0,34088599552,2147483648,7998189568,0
200,1787750451334,3500,3500,3500,3500,3500,3500,3500,3500,3500,3500,3500,3500,3500,3500,3500,3500,3500,3500,3500,3500,0.7459640502929688,2.7574539184570313,40.28207778930664,0.242767333984375,2.7282333374023438,0.22776031494140625,2.8835296630859375,0.28057098388671875,0.4883880615234375,0.50494384765625,0.43741607666015625,0.4662933349609375,0.313934326171875,0.3035125732421875,14.233421325683594,0.219085693359375,42.563568115234375,2.7580032348632813,21.80445098876953,0.23065185546875,0,194971.43334960938,207673.6849975586,0,34088599552,2147483648,7998894080,0
200,1787750451534,3500,3500,3500,3500,3500,3500,3500,3500,3500,3500,3500,3500,3500,3500,3500,3500,3500,3500,3500,3500,10.697013854980469,0.2209930419921875,23.63605499267578,2.787139892578125,0.29425811767578125,0.258148193359375,0.337249755859375,0.22119140625,0.405975341796875,0.44637298583984375,0.42133331298828125,0.4102630615234375,2.0632247924804688,2.8206558227539063,22.931785583496094,0.2378997802734375,20.401046752929688,0.28797149658203125,53.584774017333984,0.19550323486328125,0,194981.14392089844,207681.20611572266,0,34088599552,2147483648,7986450432,0
200,1787750451735,3500,3500,3500,3500,3500,3500,3500,3500,3500,3500,3500,3500,3500,3500,3500,3500,3500,3500,3500,3500,1.8020782470703125,0.01903533935546875,9.935073852539063,0.08397674560546875,0.074554443359375,0,0.02800750732421875,2.5461044311523438,3.0255889892578125,2.6646194458007813,2.7427597045898438,0.18903350830078125,2.6200637817382813,0.0804901123046875,8.429679870605469,0,44.22374725341797,0,47.40283966064453,0,0,194991.9683227539,207689.86895751953,0,34088599552,2147483648,7985942528,0
200,1787750451935,3500,3500,3500,3500,3500,3500,3500,3500,3500,3500,3500,3500,3500,3500,3500,3500,3500,3500,3500,3500,6.098846435546875,0.49819183349609375,24.958473205566406,0.55743408203125,0.7637481689453125,0.5379409790039063,0.5825729370117188,0.5419769287109375,1.1301345825195313,0.6234664916992188,0.748931884765625,3.2498703002929688,3.7207870483398438,0.5910491943359375,24.557723999023438,0.5321044921875,45.666046142578125,0.5132064819335938,40.8338737487793,0.5294647216796875,0,195001.20153808594,207696.9354248047,0,34088599552,2147483648,7989809152,0
200,1787750452136,3500,3500,3500,3500,3500,3500,3500,3500,3500,3500,3500,3500,3500,3500,3500,3500,3500,3500,3500,3500,2.7906112670898438,0.17206573486328125,24.632606506347656,0.251708984375,1.5586929321289063,2.8094635009765625,0.2459716796875,0.26108551025390625,3.7146148681640625,3.8849258422851563,1.25994873046875,1.187286376953125,2.9496536254882813,0.29534912109375,19.365142822265625,2.7524566650390625,55.551692962646484,0.19460296630859375,26.01793670654297,2.7035293579101563,0,195010.72882080078,207704.2335205078,0,34088599552,2147483648,7993487360,0
200,1787750452336,3500,3500,3500,3500,3500,3500,3500,3500,3500,3500,3500,3500,3500,3500,3500,3500,3500,3500,3500,3500,4.828666687011719,2.7395477294921875,31.20795440673828,0.25205230712890625,3.8374710083007813,0.255889892578125,2.8223342895507813,0.19150543212890625,2.6440963745117188,0.29229736328125,0.25504302978515625,0.2187347412109375,3.0300979614257813,0.2724456787109375,50.089195251464844,0.1958465576171875,27.530075073242188,2.7602920532226563,35.887306213378906,0.20477294921875,0,195020.38250732422,207711.76483154297,0,34088599552,2147483648,7992610816,0
200,1787750452537,3500,3500,3500,3500,3500,3500,3500,3500,3500,3500,3500,3500,3500,3500,3500,3500,3500,3500,3500,3500,5.4302978515625,0.2138519287109375,18.33892822265625,2.853515625,0.3597259521484375,0.31374359130859375,0.28985595703125,0.33174896240234375,0.480712890625,0.466796875,0.45832061767578125,0.527496337890625,0.9286651611328125,2.8670806884765625,18.144027709960938,0.27294921875,33.123138427734375,0.26202392578125,58.148536682128906,0.2367401123046875,0,195030.67626953125,207719.88677978516,0,34088599552,2147483648,7998578688,0
200,1787750452737,3500,3500,3500,3500,3500,3500,3500,3500,3500,3500,3500,3500,3500,3500,3500,3500,3500,3500,3500,3500,6.237846374511719,0.15346527099609375,47.410888671875,0.22802734375,0.26123809814453125,0.29584503173828125,0.27142333984375,2.7246246337890625,3.0240631103515625,2.8572158813476563,2.8103713989257813,0.34413909912109375,3.5549240112304688,0.3089752197265625,17.80743408203125,0.17414093017578125,43.685218811035156,0.17398834228515625,19.353927612304688,0.24515533447265625,0,195039.86950683594,207726.89337158203,0,34088599552,2147483648,8004792320,0
200,1787750452938,3500,3500,3500,3500,3500,3500,3500,3500,3500,3500,3500,3500,3500,3500,3500,3500,3500,3500,3500,3500,0.58624267578125,0.2159423828125,0.3318939208984375,0.28626251220703125,0.434783935546875,0.3801727294921875,0.4435577392578125,0.3163909912109375,0.28496551513671875,0.2376861572265625,0.2766876220703125,2.8569107055664063,0.3002777099609375,0.3336944580078125,10.344322204589844,0.23310089111328125,95.20471954345703,0.14078521728515625,0.306915283203125,0.29903411865234375,0,195049.07244873047,207733.96478271484,0,34088599552,2147483648,8004861952,0
200,1787750453138,3500,3500,3500,3500,3500,3500,3500,3500,3500,3500,3500,3500,3500,3500,3500,3500,3500,3500,3500,3500,1.2646942138671875,0.23828887939453125,9.701286315917969,0.28142547607421875,0.47582244873046875,2.9604339599609375,0.4047088623046875,0.36022186279296875,0.2720489501953125,0.29309844970703125,0.301025390625,0.30741119384765625,1.6667098999023438,0.32730865478515625,21.918838500976563,2.7266845703125,65.2008056640625,0.20133209228515625,21.076309204101563,2.7967529296875,0,195058.47271728516,207741.20928955078,0,34088599552,2147483648,8004702208,0
200,1787750453339,3500,3500,3500,3500,3500,3500,3500,3500,3500,3500,3500,3500,3500,3500,3500,3500,3500,3500,3500,3500,15.267105102539063,2.697784423828125,5.754096984863281,0.34661102294921875,2.9449005126953125,0.40047454833984375,2.8749771118164063,0.3916473388671875,0.5314865112304688,0.314544677734375,0.2982330322265625,0.28936004638671875,0.5110397338867188,0.2833251953125,13.712493896484375,0.31240081787109375,80.81459045410156,2.7036209106445313,8.343109130859375,0.26776123046875,0,195069.37353515625,207749.96356201172,0,34088599552,2147483648,8003497984,0
200,1787750453539,3500,3500,3500,3500,3500,3500,3500,3500,3500,3500,3500,3500,3500,3500,3500,3500,3500,3500,3500,3500,3.108642578125,0.1996307373046875,0.310394287109375,2.8398895263671875,0.48833465576171875,0.4095916748046875,0.373382568359375,0.4425506591796875,0.26102447509765625,0.2927398681640625,0.29802703857421875,0.2802734375,0.305908203125,2.8419876098632813,7.416282653808594,0.24616241455078125,64.76594543457031,0.21549224853515625,37.72111511230469,0.2544403076171875,0,195077.71459960938,207756.15997314453,0,34088599552,2147483648,8003506176,0
200,1787750453740,3500,3500,3500,3500,3500,3500,3500,3500,3500,3500,3500,3500,3500,3500,3500,3500,3500,3500,3500,3500,3.7662353515625,0.18877410888671875,7.87249755859375,0.32740020751953125,0.7055511474609375,0.43523406982421875,0.44701385498046875,2.9974594116210938,4.073326110839844,2.9741058349609375,3.996429443359375,0.4949188232421875,14.715438842773438,0.2451171875,10.214706420898438,0.2102813720703125,65.5426254272461,0.23323822021484375,31.82958221435547,0.2695159912109375,0,195087.4878540039,207763.7674560547,0,34088599552,2147483648,8006082560,0
199,1787750453940,3500,3500,3500,3500,3500,3500,3500,3500,3500,3500,3500,3500,3500,3500,3500,3500,3500,3500,3500,3500,0.6338958740234375,0.2169036865234375,0.29465484619140625,0.33026123046875,0.4500579833984375,0.41280364990234375,0.34612274169921875,0.40222930908203125,0.251068115234375,0.31864166259765625,0.2877197265625,0.297393798828125,0.291961669921875,0.319488525390625,3.1748580932617188,0.25555419921875,32.31981658935547,0.21984100341796875,70.98686218261719,0.1851348876953125,0,195097.45056152344,207771.59466552734,0,34088599552,2147483648,8006021120,0
200,1787750454140,3500,3500,3500,3500,3500,3500,3500,3500,3500,3500,3500,3500,3500,3500,3500,3500,3500,3500,3500,3500,0.5665130615234375,0.1536865234375,23.44677734375,0.32342529296875,0.25188446044921875,2.8361129760742188,0.27423095703125,0.250732421875,0.46842193603515625,0.35202789306640625,0.32477569580078125,2.859710693359375,0.2964324951171875,0.317230224609375,13.135116577148438,2.774566650390625,73.94014739990234,0.16204071044921875,10.013580322265625,2.8201141357421875,0,195106.66131591797,207778.66009521484,0,34088599552,2147483648,8006275072,0
200,1787750454341,3500,3500,3500,3500,3500,3500,3500,3500,3500,3500,3500,3500,3500,3500,3500,3500,3500,3500,3500,3500,1.2268905639648438,2.7770538330078125,19.917770385742188,0.32143402099609375,2.8680267333984375,0.4086151123046875,2.8035354614257813,0.26617431640625,0.91851806640625,0.49733734130859375,0.48577117919921875,0.45294952392578125,1.9477081298828125,0.3191375732421875,12.617141723632813,0.24118804931640625,37.33483123779297,2.7733154296875,45.003177642822266,0.22537994384765625,0,195117.13452148438,207786.99322509766,0,34088599552,2147483648,8006864896,0
200,1787750454541,3500,3500,3500,3500,3500,3500,3500,3500,3500,3500,3500,3500,3500,3500,3500,3500,3500,3500,3500,3500,20.31549835205078,0.17650604248046875,7.812614440917969,2.9110794067382813,0.299041748046875,0.32044219970703125,0.18602752685546875,0.3218841552734375,1.9388427734375,0.459686279296875,0.4189910888671875,0.4249267578125,7.069000244140625,2.7797088623046875,16.20660400390625,0.26772308349609375,83.81159973144531,0.15435791015625,15.018165588378906,0.22747039794921875,0,195128.3540649414,207796.5726928711,0,34088599552,2147483648,8006127616,0
200,1787750454742,3500,3500,3500,3500,3500,3500,3500,3500,3500,3500,3500,3500,3500,3500,3500,3500,3500,3500,3500,3500,1.3304824829101563,0.214019775390625,13.441818237304688,0.297821044921875,0.277557373046875,0.25888824462890625,0.24596405029296875,2.835205078125,2.8646011352539063,2.99237060546875,2.9537887573242188,0.417755126953125,2.8643035888671875,0.2559967041015625,5.93438720703125,0.250701904296875,77.4916763305664,0.1396484375,17.315269470214844,0.2495574951171875,0,195137.75762939453,207803.79663085938,0,34088599552,2147483648,8006455296,0
200,1787750454942,3500,3500,3500,3500,3500,3500,3500,3500,3500,3500,3500,3500,3500,3500,3500,3500,3500,3500,3500,3500,0.5070571899414063,0.1621856689453125,0.30622100830078125,0.31589508056640625,0.2738037109375,0.24078369140625,0.3809814453125,0.262481689453125,0.37778472900390625,0.5156326293945313,0.48052215576171875,0.50396728515625,0.38057708740234375,0.33260345458984375,3.8796157836914063,0.2623291015625,84.18653869628906,0.162139892578125,17.076690673828125,0.29579925537109375,0,195146.85009765625,207810.25555419922,0,34088599552,2147483648,8006651904,0
200,1787750455143,3500,3500,3500,3500,3500,3500,3500,3500,3500,3500,3500,3500,3500,3500,3500,3500,3500,3500,3500,3500,5.66619873046875,0.1524505615234375,10.296401977539063,0.32505035400390625,0.16611480712890625,2.779937744140625,0.28076934814453125,0.2734832763671875,0.40314483642578125,0.34101104736328125,0.2652587890625,2.7996826171875,1.8267745971679688,0.36664581298828125,19.401214599609375,2.757293701171875,82.12763977050781,0.13669586181640625,26.88117218017578,2.7504653930664063,0,195157.17938232422,207818.3797607422,0,34088599552,2147483648,7987662848,0
200,1787750455343,3500,3500,3500,3500,3500,3500,3500,3500,3500,3500,3500,3500,3500,3500,3500,3500,3500,3500,3500,3500,17.54839324951172,2.7792205810546875,22.39232635498047,0.29857635498046875,2.8711776733398438,0.33592987060546875,2.921600341796875,0.34485626220703125,0.3594207763671875,0.32755279541015625,0.30999755859375,0.34386444091796875,27.32343292236328,0.2975311279296875,13.880821228027344,0.29463958740234375,30.03522491455078,2.7885894775390625,25.43157196044922,0.2862091064453125,0,195166.43615722656,207825.4969482422,0,34088599552,2147483648,7988510720,0
200,1787750455544,3500,3500,3500,3500,3500,3500,3500,3500,3500,3500,3500,3500,3500,3500,3500,3500,3500,3500,3500,3500,3.0888519287109375,0.226470947265625,0.5272445678710938,2.8542098999023438,0.2475128173828125,0.293548583984375,0.26576995849609375,0.35742950439453125,0.41114044189453125,0.47727203369140625,0.3741912841796875,0.465301513671875,0.31917572021484375,2.8447341918945313,4.307670593261719,0.29927825927734375,59.89654541015625,0.1992340087890625,45.538875579833984,0.21210479736328125,0,195175.6016845703,207832.5405883789,0,34088599552,2147483648,7988674560,0
200,1787750455744,3500,3500,3500,3500,3500,3500,3500,3500,3500,3500,3500,3500,3500,3500,3500,3500,3500,3500,3500,3500,8.053451538085938,0.22734832763671875,24.888809204101563,0.25334930419921875,0.29512786865234375,0.35591888427734375,0.31468963623046875,2.8185806274414063,5.692710876464844,2.810791015625,2.86065673828125,0.32851409912109375,3.3550262451171875,0.32891082763671875,31.767807006835938,0.232086181640625,43.051055908203125,0.1991424560546875,17.499771118164063,0.27960205078125,0,195184.22723388672,207838.98931884766,0,34088599552,2147483648,7997632512,0
199,1787750455944,3500,3500,3500,3500,3500,3500,3500,3500,3500,3500,3500,3500,3500,3500,3500,3500,3500,3500,3500,3500,11.090339660644531,0.19181060791015625,5.2075042724609375,0.31280517578125,0.241790771484375,0.2553558349609375,0.29510498046875,0.28926849365234375,0.2618865966796875,0.2599945068359375,0.33036041259765625,0.2676239013671875,8.496612548828125,0.39330291748046875,9.795372009277344,0.239990234375,81.70960998535156,0.15087127685546875,3.3646697998046875,0.3224334716796875,0,195193.17041015625,207845.79162597656,0,34088599552,2147483648,7999053824,0
200,1787750456145,3500,3500,3500,3500,3500,3500,3500,3500,3500,3500,3500,3500,3500,3500,3500,3500,3500,3500,3500,3500,0.7173309326171875,0.22556304931640625,1.1295700073242188,0.45407867431640625,0.2766571044921875,2.8104400634765625,0.31534576416015625,0.21411895751953125,0.48917388916015625,0.25630950927734375,0.25470733642578125,2.8158950805664063,0.38928985595703125,0.41303253173828125,9.569793701171875,2.7553558349609375,99.27971649169922,0.133575439453125,1.4148178100585938,2.829193115234375,0,195202.75,207853.22198486328,0,34088599552,2147483648,7999754240,0
200,1787750456345,3500,3500,3500,3500,3500,3500,3500,3500,3500,3500,3500,3500,3500,3500,3500,3500,3500,3500,3500,3500,0.6174240112304688,2.7120513916015625,3.10296630859375,0.25971221923828125,2.8034591674804688,0.26454925537109375,2.7317962646484375,0.26734161376953125,0.4704132080078125,0.21074676513671875,0.2378692626953125,0.258819580078125,0.38852691650390625,0.39246368408203125,13.667167663574219,0.23622894287109375,62.198062896728516,2.7329940795898438,35.47956085205078,0.2599639892578125,0,195211.8895263672,207860.22344970703,0,34088599552,2147483648,7999713280,0
200,1787750456546,3500,3500,3500,3500,3500,3500,3500,3500,3500,3500,3500,3500,3500,3500,3500,3500,3500,3500,3500,3500,6.5776824951171875,0.2388916015625,47.45991134643555,1.6548080444335938,0.392608642578125,0.3307647705078125,0.38921356201171875,0.31604766845703125,0.27700042724609375,0.2962493896484375,0.29709625244140625,0.310516357421875,0.7990264892578125,2.9339675903320313,19.027244567871094,0.31719970703125,33.574989318847656,0.25640106201171875,41.8837890625,0.24802398681640625,0,195221.8876953125,207868.0401611328,0,34088599552,2147483648,8001294336,0
200,1787750456746,3500,3500,3500,3500,3500,3500,3500,3500,3500,3500,3500,3500,3500,3500,3500,3500,3500,3500,3500,3500,4.056159973144531,0.19689178466796875,41.52611541748047,1.3641738891601563,0.39983367919921875,0.3224639892578125,0.4350433349609375,2.8608551025390625,2.82354736328125,2.8251953125,2.7567672729492188,0.26937103271484375,3.9641571044921875,0.36771392822265625,9.065116882324219,0.28710174560546875,31.593849182128906,0.26776885986328125,35.92542266845703,0.23230743408203125,0,195231.4541015625,207875.47821044922,0,34088599552,2147483648,8004489216,0
200,1787750456946,3500,3500,3500,3500,3500,3500,3500,3500,3500,3500,3500,3500,3500,3500,3500,3500,3500,3500,3500,3500,0.5901031494140625,0.20995330810546875,50.159732818603516,0.243560791015625,0.29996490478515625,0.28655242919921875,0.3096923828125,0.29961395263671875,0.4430389404296875,0.4928131103515625,0.37711334228515625,0.39830780029296875,0.3402099609375,0.35372161865234375,3.7859954833984375,0.2586212158203125,52.424705505371094,0.230194091796875,1.2553634643554688,0.40982818603515625,0,195240.23065185547,207882.10247802734,0,34088599552,2147483648,8004775936,0
200,1787750457147,3500,3500,3500,3500,3500,3500,3500,3500,3500,3500,3500,3500,3500,3500,3500,3500,3500,3500,3500,3500,0.6278533935546875,0.20832061767578125,14.361648559570313,0.2655792236328125,0.24752044677734375,2.8003921508789063,0.270660400390625,0.25514984130859375,0.5336456298828125,0.4160919189453125,0.322479248046875,2.87939453125,0.30213165283203125,0.355743408203125,8.997268676757813,0.2496185302734375,54.434993743896484,0.192962646484375,34.535499572753906,2.7625885009765625,0,195248.8282470703,207888.5736694336,0,34088599552,2147483648,8004636672,0
200,1787750457347,3500,3500,3500,3500,3500,3500,3500,3500,3500,3500,3500,3500,3500,3500,3500,3500,3500,3500,3500,3500,15.329963684082031,2.722900390625,24.49396514892578,0.2722015380859375,0.19445037841796875,0.266815185546875,2.793121337890625,0.297943115234375,1.818359375,0.45224761962890625,0.3531951904296875,0.440673828125,17.56525421142578,0.29544830322265625,40.806121826171875,2.7371597290039063,45.66307067871094,2.7577590942382813,13.762466430664063,0.264373779296875,0,195258.4389038086,207895.9839477539,0,34088599552,2147483648,8007540736,0
200,1787750457548,3500,3500,3500,3500,3500,3500,3500,3500,3500,3500,3500,3500,3500,3500,3500,3500,3500,3500,3500,3500,3.7685623168945313,0.24237060546875,1.079315185546875,0.3575286865234375,2.7408218383789063,0.32366180419921875,0.28481292724609375,0.35204315185546875,0.313690185546875,0.33293914794921875,0.331146240234375,0.3343353271484375,0.42105865478515625,2.0533447265625,5.940948486328125,0.316680908203125,75.34465026855469,0.169464111328125,30.310989379882813,0.24282073974609375,0,195266.90106201172,207902.3057861328,0,34088599552,2147483648,8008134656,0
200,1787750457748,3500,3500,3500,3500,3500,3500,3500,3500,3500,3500,3500,3500,3500,3500,3500,3500,3500,3500,3500,3500,1.1095428466796875,0.20035552978515625,0.6567459106445313,2.89434814453125,0.397918701171875,0.27269744873046875,0.2156219482421875,2.8135757446289063,4.184638977050781,2.8636627197265625,2.8077392578125,0.28676605224609375,2.9016265869140625,1.2587127685546875,7.455902099609375,0.24675750732421875,52.56884002685547,0.1826934814453125,46.2135009765625,0.19776153564453125,0,195277.79846191406,207911.07104492188,0,34088599552,2147483648,8008040448,0
200,1787750457949,3500,3500,3500,3500,3500,3500,3500,3500,3500,3500,3500,3500,3500,3500,3500,3500,3500,3500,3500,3500,0.5523529052734375,0.18857574462890625,0.6183319091796875,0.25420379638671875,0.2565460205078125,0.315399169921875,0.277496337890625,0.2125091552734375,0.36731719970703125,0.22467803955078125,0.27774810791015625,0.249969482421875,0.30043792724609375,0.277496337890625,3.69488525390625,0.2423858642578125,89.82933044433594,0.1558074951171875,11.17681884765625,0.2678680419921875,0,195286.29302978516,207917.4317626953,0,34088599552,2147483648,8007782400,0
200,1787750458149,3500,3500,3500,3500,3500,3500,3500,3500,3500,3500,3500,3500,3500,3500,3500,3500,3500,3500,3500,3500,11.979095458984375,0.19908905029296875,27.08470916748047,0.24123382568359375,0.5969161987304688,2.809539794921875,0.21898651123046875,0.26711273193359375,1.525634765625,0.24407196044921875,0.240631103515625,2.75213623046875,13.715232849121094,0.2328033447265625,50.73603439331055,0.18183135986328125,32.838836669921875,0.21579742431640625,22.544021606445313,2.8060455322265625,0,195297.4022216797,207926.63061523438,0,34088599552,2147483648,8011563008,0
200,1787750458350,3500,3500,3500,3500,3500,3500,3500,3500,3500,3500,3500,3500,3500,3500,3500,3500,3500,3500,3500,3500,0.5893783569335938,2.748565673828125,81.08209991455078,0.21659088134765625,0.378173828125,0.3913421630859375,2.9329910278320313,0.30875396728515625,0.7952499389648438,0.31982421875,0.28665924072265625,0.35468292236328125,0.312896728515625,0.34017181396484375,18.545761108398438,2.7720565795898438,9.333892822265625,0.35369110107421875,5.5506439208984375,0.3944854736328125,0,195307.19622802734,207934.40032958984,0,34088599552,2147483648,8011390976,0
200,1787750458550,3500,3500,3500,3500,3500,3500,3500,3500,3500,3500,3500,3500,3500,3500,3500,3500,3500,3500,3500,3500,3.1770401000976563,0.22327423095703125,27.926658630371094,0.3056640625,2.8560638427734375,0.2746429443359375,0.36226654052734375,0.29698944091796875,0.30017852783203125,0.270904541015625,0.36650848388671875,0.3604278564453125,0.33957672119140625,0.29937744140625,10.301788330078125,0.26282501220703125,54.76246643066406,2.7325820922851563,19.483001708984375,0.2352447509765625,0,195317.4175415039,207942.07696533203,0,34088599552,2147483648,8011345920,0
199,1787750458750,3500,3500,3500,3500,3500,3500,3500,3500,3500,3500,3500,3500,3500,3500,3500,3500,3500,3500,3500,3500,1.078643798828125,0.18236541748046875,13.578010559082031,2.8795013427734375,0.21628570556640625,0.25870513916015625,0.27799224853515625,2.808502197265625,3.0585174560546875,2.8008575439453125,2.7528457641601563,0.31646728515625,0.33050537109375,2.8415756225585938,21.69500732421875,0.22788238525390625,43.42208480834961,0.20294952392578125,29.372825622558594,0.2669525146484375,0,195327.47442626953,207949.99353027344,0,34088599552,2147483648,8011165696,0
200,1787750458951,3500,3500,3500,3500,3500,3500,3500,3500,3500,3500,3500,3500,3500,3500,3500,3500,3500,3500,3500,3500,3.1025772094726563,0.20000457763671875,31.2047119140625,0.2510986328125,1.1727447509765625,0.22260284423828125,0.24285125732421875,0.29688262939453125,1.4744796752929688,0.22550201416015625,0.29308319091796875,0.2187042236328125,4.664543151855469,0.3153839111328125,39.678131103515625,0.18096160888671875,19.130821228027344,0.22080230712890625,38.10601806640625,0.1995086669921875,0,195338.2191772461,207958.560546875,0,34088599552,2147483648,8021082112,0
200,1787750459151,3500,3500,3500,3500,3500,3500,3500,3500,3500,3500,3500,3500,3500,3500,3500,3500,3500,3500,3500,3500,0.5832443237304688,0.21213531494140625,0.314361572265625,0.31371307373046875,0.457183837890625,2.908355712890625,0.4722900390625,0.4525909423828125,0.3335113525390625,0.2454986572265625,0.28304290771484375,2.8733978271484375,0.30767822265625,0.30877685546875,20.39117431640625,0.24200439453125,79.8896713256836,0.15503692626953125,9.274246215820313,2.7908172607421875,0,195347.05267333984,207965.25158691406,0,34088599552,2147483648,8020967424,0
200,1787750459352,3500,3500,3500,3500,3500,3500,3500,3500,3500,3500,3500,3500,3500,3500,3500,3500,3500,3500,3500,3500,0.6547088623046875,2.8125839233398438,2.889129638671875,0.32952880859375,0.4764862060546875,0.401580810546875,2.9225921630859375,0.39829254150390625,0.7939910888671875,0.25916290283203125,0.29003143310546875,0.29461669921875,0.31366729736328125,0.31571197509765625,12.964332580566406,2.8227081298828125,66.3455810546875,0.18959808349609375,28.970298767089844,0.2726287841796875,0,195356.08099365234,207972.1368408203,0,34088599552,2147483648,8021991424,0
200,1787750459552,3500,3500,3500,3500,3500,3500,3500,3500,3500,3500,3500,3500,3500,3500,3500,3500,3500,3500,3500,3500,3.0564651489257813,0.16712188720703125,3.25390625,0.27095794677734375,2.8250503540039063,0.22692108154296875,0.2438812255859375,0.2123565673828125,0.3007354736328125,0.28662109375,0.183929443359375,0.22747039794921875,1.6560821533203125,0.2869720458984375,15.420112609863281,0.17360687255859375,43.238677978515625,2.7099456787109375,54.319644927978516,0.14517974853515625,0,195365.72064208984,207979.62677001953,0,34088599552,2147483648,8022593536,0
200,1787750459752,3500,3500,3500,3500,3500,3500,3500,3500,3500,3500,3500,3500,3500,3500,3500,3500,3500,3500,3500,3500,11.784797668457031,0.24460601806640625,14.049072265625,2.8292388916015625,0.2982940673828125,0.28510284423828125,0.30522918701171875,2.7597274780273438,3.2980728149414063,2.7718124389648438,2.7379989624023438,0.2510986328125,4.1854095458984375,2.7963790893554688,17.232887268066406,0.22817230224609375,50.95604705810547,0.2089996337890625,53.540733337402344,0.21389007568359375,0,195376.33209228516,207988.06951904297,0,34088599552,2147483648,8023601152,0
200,1787750459953,3500,3500,3500,3500,3500,3500,3500,3500,3500,3500,3500,3500,3500,3500,3500,3500,3500,3500,3500,3500,0.5617294311523438,0.2418365478515625,0.33589935302734375,0.337493896484375,0.2835845947265625,0.33145904541015625,0.2899169921875,0.29709625244140625,0.36737060546875,0.23111724853515625,0.29261016845703125,0.329315185546875,2.863494873046875,0.31146240234375,2.9726715087890625,0.27051544189453125,4.10101318359375,0.2877197265625,100,0.1534576416015625,0,195387.1109008789,207996.70434570313,0,34088599552,2147483648,8023568384,0
202,1787750460153,3500,3500,3500,3500,3500,3500,3500,3500,3500,3500,3500,3500,3500,3500,3500,3500,3500,3500,3500,3500,6.150184631347656,0.2250213623046875,0.9842758178710938,0.33264923095703125,4.683891296386719,2.862060546875,0.34621429443359375,0.268463134765625,3.2166519165039063,1.5558624267578125,1.1945343017578125,2.83477783203125,17.197608947753906,0.29010772705078125,7.896705627441406,0.26093292236328125,54.14168167114258,0.22821807861328125,29.159034729003906,2.8288955688476563,0,195396.60137939453,208004.03997802734,0,34088599552,2147483648,8015253504,0
200,1787750460356,3500,3500,3500,3500,3500,3500,3500,3500,3500,3500,3500,3500,3500,3500,3500,3500,3500,3500,3500,3500,7.3936614990234375,2.6892242431640625,21.564208984375,0.33380889892578125,0.24874114990234375,0.198455810546875,2.6875534057617188,0.26622772216796875,1.3628616333007813,0.181854248046875,0.253570556640625,0.26213836669921875,0.7317428588867188,0.2518463134765625,17.89715576171875,2.6970138549804688,56.23395919799805,0.15392303466796875,41.683746337890625,0.28095245361328125,0,195407.23541259766,208012.42541503906,0,34088599552,2147483648,8026337280,0
200,1787750460557,3500,3500,3500,3500,3500,3500,3500,3500,3500,3500,3500,3500,3500,3500,3500,3500,3500,3500,3500,3500,2.2975997924804688,0.20951080322265625,25.502197265625,0.31768035888671875,2.7736663818359375,0.34814453125,0.2912445068359375,0.32849884033203125,0.303314208984375,0.3029632568359375,0.30805206298828125,0.36176300048828125,0.6986923217773438,0.3236083984375,32.18389129638672,0.21698760986328125,35.507781982421875,2.7795028686523438,31.38800811767578,0.27703094482421875,0,195418.09759521484,208021.62371826172,0,34088599552,2147483648,8022405120,0
200,1787750460757,3500,3500,3500,3500,3500,3500,3500,3500,3500,3500,3500,3500,3500,3500,3500,3500,3500,3500,3500,3500,3.7218856811523438,0.27968597412109375,2.043914794921875,2.8832778930664063,0.3582611083984375,0.27170562744140625,0.307525634765625,2.7929229736328125,3.0132904052734375,2.85968017578125,2.8411712646484375,0.28742218017578125,0.3612060546875,2.8346786499023438,12.349510192871094,0.3375091552734375,47.283084869384766,0.24376678466796875,48.26652908325195,0.23638153076171875,0,195426.9259033203,208028.37426757813,0,34088599552,2147483648,8022519808,0
201,1787750460958,3500,3500,3500,3500,3500,3500,3500,3500,3500,3500,3500,3500,3500,3500,3500,3500,3500,3500,3500,3500,0.5195846557617188,0.1442718505859375,23.02985382080078,0.22551727294921875,0.20835113525390625,0.23541259765625,0.28670501708984375,0.16208648681640625,0.245513916015625,0.16043853759765625,0.2283477783203125,0.259246826171875,2.7611846923828125,0.23815155029296875,8.917213439941406,0.21521759033203125,74.8258056640625,0.09218597412109375,1.3735809326171875,0.21845245361328125,0,195437.29608154297,208036.08221435547,0,34088599552,2147483648,8022470656,0
199,1787750461160,3500,3500,3500,3500,3500,3500,3500,3500,3500,3500,3500,3500,3500,3500,3500,3500,3500,3500,3500,3500,11.275749206542969,0.30294036865234375,23.93267059326172,0.3625335693359375,0.5302581787109375,2.9635086059570313,0.4337921142578125,0.3957366943359375,0.42987060546875,0.34869384765625,0.42535400390625,2.89324951171875,3.2903213500976563,0.42858123779296875,21.96656036376953,0.318572998046875,54.083152770996094,0.32775115966796875,31.128921508789063,2.8486328125,0,195446.6982421875,208043.28631591797,0,34088599552,2147483648,8023031808,0
200,1787750461360,3500,3500,3500,3500,3500,3500,3500,3500,3500,3500,3500,3500,3500,3500,3500,3500,3500,3500,3500,3500,2.2387008666992188,2.6428909301757813,2.7865371704101563,0.248443603515625,0.4207916259765625,0.3230438232421875,2.8969345092773438,0.3116912841796875,0.336639404296875,0.25614166259765625,0.26714324951171875,0.2150421142578125,0.29624176025390625,0.346343994140625,5.153984069824219,2.7058868408203125,100,0.08715057373046875,1.8692550659179688,0.32049560546875,0,195455.17443847656,208049.62231445313,0,34088599552,2147483648,8022478848,0
200,1787750461560,3500,3500,3500,3500,3500,3500,3500,3500,3500,3500,3500,3500,3500,3500,3500,3500,3500,3500,3500,3500,0.4554290771484375,0.08807373046875,0.15021514892578125,0.169464111328125,2.7163238525390625,0.1813812255859375,0.24048614501953125,0.21529388427734375,0.23963165283203125,0.15599822998046875,0.18273162841796875,0.18158721923828125,0.2505035400390625,0.27768707275390625,19.942588806152344,0.0874786376953125,88.0643539428711,2.5499038696289063,3.3724365234375,0.24182891845703125,0,195465.2860107422,208057.59674072266,0,34088599552,2147483648,8022401024,0
200,1787750461761,3500,3500,3500,3500,3500,3500,3500,3500,3500,3500,3500,3500,3500,3500,3500,3500,3500,3500,3500,3500,3.4284744262695313,0.109649658203125,43.10209655761719,2.637542724609375,0.326446533203125,0.32444000244140625,0.319732666015625,2.7552566528320313,0.683441162109375,2.688934326171875,2.7082672119140625,0.088409423828125,0.170562744140625,2.73236083984375,7.825263977050781,0.06632232666015625,34.480079650878906,0.064666748046875,21.427474975585938,0.12302398681640625,0,195476.15338134766,208066.3373413086,0,34088599552,2147483648,8022474752,0
200,1787750461961,3500,3500,3500,3500,3500,3500,3500,3500,3500,3500,3500,3500,3500,3500,3500,3500,3500,3500,3500,3500,1.6387710571289063,0.2464141845703125,47.81713104248047,0.287261962890625,0.42475128173828125,0.5033493041992188,0.3841094970703125,0.3694000244140625,2.77020263671875,0.32157135009765625,0.2575836181640625,0.26312255859375,2.88934326171875,0.30471038818359375,27.471572875976563,0.2473602294921875,43.29988479614258,0.24227142333984375,33.61726379394531,0.256591796875,0,195486.6010131836,208074.59783935547,0,34088599552,2147483648,8030986240,0
200,1787750462162,3500,3500,3500,3500,3500,3500,3500,3500,3500,3500,3500,3500,3500,3500,3500,3500,3500,3500,3500,3500,0.7352218627929688,0.18426513671875,1.4765853881835938,0.3037567138671875,0.32210540771484375,2.9782485961914063,0.36389923095703125,0.36913299560546875,0.46657562255859375,0.48677825927734375,0.327545166015625,2.945831298828125,0.296722412109375,0.283905029296875,12.49761962890625,0.2684478759765625,72.61293029785156,0.20610809326171875,24.943923950195313,0.25812530517578125,0,195495.7172241211,208081.57080078125,0,34088599552,2147483648,8030867456,0
200,1787750462362,3500,3500,3500,3500,3500,3500,3500,3500,3500,3500,3500,3500,3500,3500,3500,3500,3500,3500,3500,3500,1.2055206298828125,2.7595443725585938,3.0472946166992188,0.26975250244140625,0.2276611328125,0.24541473388671875,2.7898101806640625,0.2742919921875,0.497406005859375,0.3816070556640625,0.39656829833984375,0.4171142578125,0.28969573974609375,0.2799224853515625,6.0354461669921875,2.7601394653320313,77.32820892333984,0.14342498779296875,24.398361206054688,2.795196533203125,0,195505.06323242188,208088.7749633789,0,34088599552,2147483648,8030552064,0
200,1787750462563,3500,3500,3500,3500,3500,3500,3500,3500,3500,3500,3500,3500,3500,3500,3500,3500,3500,3500,3500,3500,0.7243576049804688,0.17070770263671875,0.3197174072265625,0.33567047119140625,2.81005859375,0.37616729736328125,0.340606689453125,0.2306976318359375,0.3232574462890625,0.3474884033203125,0.32186126708984375,0.3050537109375,0.31951141357421875,0.286651611328125,19.517799377441406,0.25308990478515625,54.55445098876953,2.7132110595703125,37.46904373168945,0.21129608154296875,0,195514.8555908203,208096.44512939453,0,34088599552,2147483648,8027734016,0
200,1787750462763,3500,3500,3500,3500,3500,3500,3500,3500,3500,3500,3500,3500,3500,3500,3500,3500,3500,3500,3500,3500,4.076301574707031,0.21331787109375,21.940017700195313,2.812957763671875,0.311492919921875,0.3335113525390625,0.32367706298828125,2.815155029296875,0.47173309326171875,2.8247451782226563,0.2567138671875,0.31818389892578125,0.28737640380859375,2.8215484619140625,24.169288635253906,0.29122161865234375,56.68038558959961,0.21537017822265625,33.83880615234375,0.252471923828125,0,195525.11419677734,208104.5174560547,0,34088599552,2147483648,8028086272,0
200,1787750462963,3500,3500,3500,3500,3500,3500,3500,3500,3500,3500,3500,3500,3500,3500,3500,3500,3500,3500,3500,3500,0.8008041381835938,0.19133758544921875,73.05432891845703,0.19188690185546875,0.30738067626953125,0.21746826171875,0.31465911865234375,0.29421234130859375,2.7994613647460938,0.26908111572265625,2.7431640625,0.30577850341796875,5.0662994384765625,0.30309295654296875,3.7689666748046875,0.24579620361328125,8.513572692871094,0.26589202880859375,25.996109008789063,0.27142333984375,0,195533.92462158203,208111.19036865234,0,34088599552,2147483648,8028180480,0
199,1787750463164,3500,3500,3500,3500,3500,3500,3500,3500,3500,3500,3500,3500,3500,3500,3500,3500,3500,3500,3500,3500,0.6512069702148438,0.19788360595703125,0.7075119018554688,0.398468017578125,0.2642669677734375,2.8198318481445313,0.31568145751953125,0.2925872802734375,0.2767333984375,0.26645660400390625,0.321319580078125,2.765869140625,0.3137359619140625,0.274932861328125,9.327392578125,0.2650146484375,81.4864501953125,0.16257476806640625,20.40613555908203,0.258331298828125,0,195542.77960205078,208117.89184570313,0,34088599552,2147483648,8028377088,0
200,1787750463364,3500,3500,3500,3500,3500,3500,3500,3500,3500,3500,3500,3500,3500,3500,3500,3500,3500,3500,3500,3500,1.1148834228515625,0.2215728759765625,24.27764129638672,0.30611419677734375,0.26171875,0.27692413330078125,2.8487014770507813,0.2235260009765625,0.606689453125,0.1873321533203125,0.22682952880859375,0.2864227294921875,0.872711181640625,0.28742218017578125,15.28948974609375,2.7974014282226563,69.05436706542969,0.2084808349609375,8.877510070800781,2.7853546142578125,0,195551.89642333984,208124.86883544922,0,34088599552,2147483648,8030404608,0
200,1787750463564,3500,3500,3500,3500,3500,3500,3500,3500,3500,3500,3500,3500,3500,3500,3500,3500,3500,3500,3500,3500,6.630767822265625,2.7313690185546875,12.514480590820313,0.30956268310546875,2.7727127075195313,0.35485076904296875,0.33150482177734375,0.32906341552734375,0.5303573608398438,0.32363128662109375,0.33275604248046875,0.24622344970703125,5.481834411621094,0.33893585205078125,18.207626342773438,0.2557525634765625,81.21543884277344,2.7239837646484375,26.063934326171875,0.27370452880859375,0,195563.49810791016,208134.2855834961,0,34088599552,2147483648,8029523968,0
200,1787750463765,3500,3500,3500,3500,3500,3500,3500,3500,3500,3500,3500,3500,3500,3500,3500,3500,3500,3500,3500,3500,3.5099029541015625,0.23426055908203125,0.3062896728515625,2.80572509765625,0.5149612426757813,0.27616119384765625,0.3114776611328125,1.8330230712890625,0.557464599609375,2.82293701171875,0.2829437255859375,0.2762603759765625,0.30280303955078125,2.7999420166015625,14.835968017578125,0.2547149658203125,86.77182006835938,0.1398773193359375,3.1432952880859375,0.30229949951171875,0,195571.6303100586,208140.30548095703,0,34088599552,2147483648,8029593600,0
199,1787750463965,3500,3500,3500,3500,3500,3500,3500,3500,3500,3500,3500,3500,3500,3500,3500,3500,3500,3500,3500,3500,0.5486068725585938,0.1621856689453125,0.33928680419921875,0.29764556884765625,0.27689361572265625,0.2449798583984375,0.2754974365234375,1.2071762084960938,2.8448104858398438,0.2320098876953125,2.8105010986328125,0.31414794921875,2.8128890991210938,0.302978515625,6.875053405761719,0.34951019287109375,52.20334243774414,0.19051361083984375,47.00238037109375,0.20891571044921875,0,195581.6083984375,208148.63208007813,0,34088599552,2147483648,8029556736,0
200,1787750464165,3500,3500,3500,3500,3500,3500,3500,3500,3500,3500,3500,3500,3500,3500,3500,3500,3500,3500,3500,3500,0.5169601440429688,0.1390380859375,4.513671875,0.2762298583984375,0.2256317138671875,2.83135986328125,0.2225799560546875,0.18648529052734375,0.26493072509765625,0.2050323486328125,0.2733306884765625,2.8003158569335938,0.29607391357421875,0.32897186279296875,11.002731323242188,0.195831298828125,63.36445999145508,0.17868804931640625,35.91145324707031,0.19843292236328125,0,195591.73889160156,208156.4276123047,0,34088599552,2147483648,8030158848,0
200,1787750464366,3500,3500,3500,3500,3500,3500,3500,3500,3500,3500,3500,3500,3500,3500,3500,3500,3500,3500,3500,3500,0.5786819458007813,0.24825286865234375,91.49187469482422,0.18541717529296875,0.26355743408203125,0.32953643798828125,0.31797027587890625,0.38513946533203125,0.391326904296875,0.289794921875,0.28580474853515625,0.3165740966796875,0.32175445556640625,0.31268310546875,7.2595977783203125,2.7900924682617188,10.376930236816406,0.33551788330078125,7.783172607421875,2.9544143676757813,0,195602.9100341797,208165.11944580078,0,34088599552,2147483648,8031006720,0
200,1787750464566,3500,3500,3500,3500,3500,3500,3500,3500,3500,3500,3500,3500,3500,3500,3500,3500,3500,3500,3500,3500,0.569244384765625,2.67730712890625,0.44261932373046875,0.3253173828125,2.9477157592773438,0.36257171630859375,2.8039321899414063,0.3214263916015625,0.33184814453125,0.3137969970703125,0.2567901611328125,0.2567901611328125,0.29045867919921875,0.28263092041015625,9.073753356933594,0.18896484375,73.3612060546875,2.6514205932617188,28.333663940429688,0.19305419921875,0,195611.81085205078,208171.89404296875,0,34088599552,2147483648,8030572544,0
200,1787750464767,3500,3500,3500,3500,3500,3500,3500,3500,3500,3500,3500,3500,3500,3500,3500,3500,3500,3500,3500,3500,3.4766998291015625,0.2488555908203125,0.35512542724609375,2.856842041015625,0.5046005249023438,0.42279815673828125,0.3976287841796875,0.505096435546875,0.26198577880859375,0.2631378173828125,0.328155517578125,0.32056427001953125,0.33464813232421875,2.8181381225585938,5.1568450927734375,0.24825286865234375,55.980560302734375,0.19666290283203125,44.45526885986328,0.2635345458984375,0,195621.71844482422,208179.6912841797,0,34088599552,2147483648,8030552064,0
200,1787750464967,3500,3500,3500,3500,3500,3500,3500,3500,3500,3500,3500,3500,3500,3500,3500,3500,3500,3500,3500,3500,0.6422500610351563,0.20507049560546875,0.3188323974609375,0.307861328125,0.45642852783203125,0.4238128662109375,0.32840728759765625,2.928070068359375,2.9377975463867188,2.9861221313476563,2.70355224609375,0.30701446533203125,2.7961654663085938,0.29364776611328125,11.092338562011719,0.21414947509765625,82.53977966308594,0.18891143798828125,16.928382873535156,0.219482421875,0,195631.34490966797,208187.15313720703,0,34088599552,2147483648,8030470144,0
200,1787750465168,3500,3500,3500,3500,3500,3500,3500,3500,3500,3500,3500,3500,3500,3500,3500,3500,3500,3500,3500,3500,0.5125808715820313,0.1651763916015625,0.39788055419921875,0.39029693603515625,0.46680450439453125,2.87615966796875,0.3805694580078125,0.34765625,0.3141937255859375,0.2636260986328125,0.2922515869140625,2.8526229858398438,0.28292083740234375,0.30596160888671875,7.509010314941406,0.2192840576171875,80.12126159667969,0.1463775634765625,21.18463897705078,0.22936248779296875,0,195640.93536376953,208194.59698486328,0,34088599552,2147483648,8016240640,0
200,1787750465368,3500,3500,3500,3500,3500,3500,3500,3500,3500,3500,3500,3500,3500,3500,3500,3500,3500,3500,3500,3500,2.26678466796875,0.17325592041015625,0.42186737060546875,0.4024200439453125,0.40850067138671875,0.379425048828125,0.388153076171875,0.36536407470703125,1.040130615234375,0.41588592529296875,0.30686187744140625,0.2902069091796875,0.29698944091796875,0.311248779296875,13.490219116210938,2.8289871215820313,92.98326110839844,0.15724945068359375,0.3770294189453125,2.8408584594726563,0,195650.4375,208201.9692993164,0,34088599552,2147483648,8015904768,0
200,1787750465568,3500,3500,3500,3500,3500,3500,3500,3500,3500,3500,3500,3500,3500,3500,3500,3500,3500,3500,3500,3500,0.8331832885742188,2.7000732421875,50.854793548583984,0.21817779541015625,2.978271484375,0.38957977294921875,2.9551849365234375,0.417266845703125,0.3162689208984375,0.25795745849609375,0.2684478759765625,0.1975860595703125,0.2891845703125,0.2965850830078125,7.6488800048828125,0.2233734130859375,51.356510162353516,2.6968307495117188,3.4286117553710938,0.2717437744140625,0,195657.6873779297,208207.09539794922,0,34088599552,2147483648,8015876096,0
200,1787750465769,3500,3500,3500,3500,3500,3500,3500,3500,3500,3500,3500,3500,3500,3500,3500,3500,3500,3500,3500,3500,5.575157165527344,0.290283203125,60.943641662597656,2.6890945434570313,0.29666900634765625,0.33283233642578125,0.3560791015625,0.36978912353515625,0.2742767333984375,0.40795135498046875,0.25861358642578125,0.34769439697265625,0.270782470703125,2.80291748046875,18.003372192382813,0.19207763671875,30.80767059326172,0.2050933837890625,21.486221313476563,0.29741668701171875,0,195668.29718017578,208215.52996826172,0,34088599552,2147483648,8016789504,0
201,1787750465969,3500,3500,3500,3500,3500,3500,3500,3500,3500,3500,3500,3500,3500,3500,3500,3500,3500,3500,3500,3500,0.661834716796875,0.32846832275390625,0.32917022705078125,0.33042144775390625,0.33226776123046875,0.344757080078125,0.2777252197265625,2.8145828247070313,2.8603363037109375,2.9849624633789063,2.9282150268554688,0.35854339599609375,2.8783645629882813,0.3219757080078125,6.633003234863281,0.29759979248046875,56.12351608276367,0.20928955078125,41.554264068603516,0.31183624267578125,0,195678.34143066406,208223.4345703125,0,34088599552,2147483648,8016764928,0
200,1787750466171,3500,3500,3500,3500,3500,3500,3500,3500,3500,3500,3500,3500,3500,3500,3500,3500,3500,3500,3500,3500,0,0,0,0,0,2.1229782104492188,0,0,0,0,0,2.188720703125,0,0,5.862342834472656,0,79.81013488769531,0,20.38958740234375,0,0,195686.92028808594,208229.86291503906,0,34088599552,2147483648,8016633856,0
200,1787750466371,3500,3500,3500,3500,3500,3500,3500,3500,3500,3500,3500,3500,3500,3500,3500,3500,3500,3500,3500,3500,1.2664337158203125,1.0191192626953125,0.98052978515625,0.9617996215820313,1.0780258178710938,1.1464920043945313,1.037200927734375,1.1251373291015625,1.2885818481445313,0.9612579345703125,0.9860763549804688,0.9889984130859375,0.9720077514648438,0.9805755615234375,4.8922882080078125,3.4060897827148438,100,0.806884765625,0.9568939208984375,3.482879638671875,0,195695.07635498047,208235.88793945313,0,34088599552,2147483648,8016642048,0
200,1787750466571,3500,3500,3500,3500,3500,3500,3500,3500,3500,3500,3500,3500,3500,3500,3500,3500,3500,3500,3500,3500,8.052528381347656,2.8259201049804688,22.45227813720703,0.31815338134765625,2.7612152099609375,0.37871551513671875,2.7679061889648438,0.24175262451171875,0.36577606201171875,0.2285614013671875,0.28667449951171875,0.23505401611328125,7.2548675537109375,0.27718353271484375,30.323570251464844,0.1836395263671875,57.31578063964844,2.720489501953125,63.654808044433594,0.190582275390625,0,195707.0629272461,208245.69122314453,0,34088599552,2147483648,8028434432,0
200,1787750466772,3500,3500,3500,3500,3500,3500,3500,3500,3500,3500,3500,3500,3500,3500,3500,3500,3500,3500,3500,3500,3.01483154296875,0.28206634521484375,0,2.5224609375,0,0,0,0,0,0,0,0,0.2707977294921875,2.7403945922851563,2.5601654052734375,0.1752471923828125,85.35052490234375,0,15.015823364257813,0,0,195715.85760498047,208252.31866455078,0,34088599552,2147483648,8028434432,0
200,1787750466972,3500,3500,3500,3500,3500,3500,3500,3500,3500,3500,3500,3500,3500,3500,3500,3500,3500,3500,3500,3500,0.9956207275390625,0.7885894775390625,0.7853927612304688,0.8123016357421875,0.7332763671875,0.75164794921875,0.8092117309570313,3.29974365234375,3.3315887451171875,3.3194122314453125,3.3823165893554688,0.7675704956054688,3.2902069091796875,0.7945327758789063,3.9442520141601563,0.7296829223632813,77.74847412109375,0.6594390869140625,23.969444274902344,0.7737655639648438,0,195725.2836303711,208260.07885742188,0,34088599552,2147483648,8028368896,0
200,1787750467173,3500,3500,3500,3500,3500,3500,3500,3500,3500,3500,3500,3500,3500,3500,3500,3500,3500,3500,3500,3500,0.9280319213867188,0.2723236083984375,6.4010009765625,0.27611541748046875,0.27556610107421875,2.797332763671875,0.24725341796875,0.3307037353515625,0.2183380126953125,0.289154052734375,0.23107147216796875,2.788848876953125,0.2443084716796875,0.25904083251953125,9.632865905761719,0.20305633544921875,94.95906066894531,0.1157073974609375,4.644462585449219,0.265228271484375,0,195735.78143310547,208268.37939453125,0,34088599552,2147483648,8030027776,0
200,1787750467373,3500,3500,3500,3500,3500,3500,3500,3500,3500,3500,3500,3500,3500,3500,3500,3500,3500,3500,3500,3500,0.632171630859375,0.3555755615234375,18.955459594726563,0.32740020751953125,0.3570709228515625,0.4313507080078125,0.377105712890625,0.4268035888671875,0.600799560546875,0.29003143310546875,0.28324127197265625,0.3061676025390625,0.3130645751953125,0.334442138671875,7.342445373535156,2.8403396606445313,81.98072814941406,0.17908477783203125,0.35736846923828125,2.8633651733398438,0,195745.35681152344,208275.58099365234,0,34088599552,2147483648,8029487104,0
200,1787750467573,3500,3500,3500,3500,3500,3500,3500,3500,3500,3500,3500,3500,3500,3500,3500,3500,3500,3500,3500,3500,0.5666351318359375,2.8146438598632813,2.9039459228515625,0.37548828125,2.8402023315429688,0.31574249267578125,2.8080520629882813,0.3136444091796875,0.27490234375,0.25403594970703125,0.28803253173828125,0.3276214599609375,0.301513671875,0.3010101318359375,14.833786010742188,0.26322174072265625,90.44192504882813,2.6741180419921875,3.1877899169921875,0.332763671875,0,195755.30853271484,208283.2479248047,0,34088599552,2147483648,8029442048,0
200,1787750467774,3500,3500,3500,3500,3500,3500,3500,3500,3500,3500,3500,3500,3500,3500,3500,3500,3500,3500,3500,3500,3.0492706298828125,0.30663299560546875,0.30698394775390625,2.8531570434570313,0.296356201171875,0.1660308837890625,0.3055877685546875,0.25994873046875,0.7427902221679688,0.25994873046875,0.2985992431640625,0.3271331787109375,0.28917694091796875,2.819091796875,9.8675537109375,0.25182342529296875,92.77981567382813,0.13690948486328125,0.37012481689453125,0.3734130859375,0,195765.09686279297,208290.89770507813,0,34088599552,2147483648,8029442048,0
200,1787750467974,3500,3500,3500,3500,3500,3500,3500,3500,3500,3500,3500,3500,3500,3500,3500,3500,3500,3500,3500,3500,6.384757995605469,0.24776458740234375,9.041152954101563,0.27919769287109375,0.24137115478515625,0.23961639404296875,0.278900146484375,2.6744842529296875,2.9373931884765625,2.8584365844726563,2.951934814453125,0.4122772216796875,2.8424453735351563,0.246917724609375,15.547248840332031,0.26165771484375,85.31932830810547,0.1121368408203125,8.436836242675781,0.249114990234375,0,195773.80200195313,208297.45434570313,0,34088599552,2147483648,8035688448,0
200,1787750468174,3500,3500,3500,3500,3500,3500,3500,3500,3500,3500,3500,3500,3500,3500,3500,3500,3500,3500,3500,3500,0.645477294921875,0.34734344482421875,16.36359405517578,0.3673248291015625,0.33550262451171875,2.36279296875,0.296234130859375,0.32186126708984375,0.4612884521484375,0.3386993408203125,0.4528961181640625,3.0049667358398438,0.31381988525390625,0.3256072998046875,3.7074432373046875,0.32875823974609375,84.73322296142578,0.16590118408203125,0.8818130493164063,0.31256866455078125,0,195781.88330078125,208303.39038085938,0,34088599552,2147483648,8035643392,0
200,1787750468374,3500,3500,3500,3500,3500,3500,3500,3500,3500,3500,3500,3500,3500,3500,3500,3500,3500,3500,3500,3500,0.5060958862304688,0.311798095703125,0.4002838134765625,0.39539337158203125,0.28614044189453125,0.7096328735351563,0.26238250732421875,0.205780029296875,0.36255645751953125,0.3704376220703125,0.4235992431640625,0.3694915771484375,0.2938232421875,0.29128265380859375,6.2860107421875,2.77520751953125,93.37319946289063,0.12258148193359375,7.133445739746094,2.8043594360351563,0,195792.60986328125,208311.9946899414,0,34088599552,2147483648,8037019648,0
200,1787750468575,3500,3500,3500,3500,3500,3500,3500,3500,3500,3500,3500,3500,3500,3500,3500,3500,3500,3500,3500,3500,0.48419952392578125,2.7992172241210938,2.8861618041992188,0.37628936767578125,2.7325363159179688,0.21527099609375,2.7906341552734375,0.25215911865234375,0.324127197265625,0.3217315673828125,0.41960906982421875,0.32312774658203125,0.25550079345703125,0.3068084716796875,3.036346435546875,0.21446990966796875,100,2.6115493774414063,2.7918319702148438,0.24352264404296875,0,195800.86004638672,208318.1102294922,0,34088599552,2147483648,8037085184,0
200,1787750468775,3500,3500,3500,3500,3500,3500,3500,3500,3500,3500,3500,3500,3500,3500,3500,3500,3500,3500,3500,3500,4.4670257568359375,0.3169708251953125,30.59143829345703,2.8238296508789063,0.35240936279296875,0.2188873291015625,0.37616729736328125,0.2807769775390625,0.5523300170898438,0.4310302734375,0.5007095336914063,0.5323104858398438,0.3929443359375,2.821533203125,34.80503845214844,0.23485565185546875,46.16049575805664,0.239898681640625,18.973220825195313,0.2910614013671875,0,195811.3936767578,208326.48120117188,0,34088599552,2147483648,8035987456,0
200,1787750468975,3500,3500,3500,3500,3500,3500,3500,3500,3500,3500,3500,3500,3500,3500,3500,3500,3500,3500,3500,3500,0.5107498168945313,0.35544586181640625,0.32942962646484375,0.30890655517578125,0.28653717041015625,0.3024139404296875,0.329681396484375,2.8041152954101563,2.9784927368164063,2.8409194946289063,2.853851318359375,0.32213592529296875,2.8709793090820313,0.30011749267578125,11.429733276367188,0.27744293212890625,86.50286102294922,0.16458892822265625,5.422660827636719,0.3297271728515625,0,195820.73376464844,208333.69696044922,0,34088599552,2147483648,8036196352,0
203,1787750469175,3500,3500,3500,3500,3500,3500,3500,3500,3500,3500,3500,3500,3500,3500,3500,3500,3500,3500,3500,3500,0.5162429809570313,0.3076324462890625,0.30683135986328125,0.28940582275390625,0.31731414794921875,0.25954437255859375,0.20981597900390625,0.26064300537109375,0.2447662353515625,0.291900634765625,0.2377777099609375,2.8274307250976563,0.3370361328125,0.29219818115234375,4.618431091308594,0.28426361083984375,80.7597885131836,0.1624298095703125,19.606361389160156,0.25475311279296875,0,195829.07580566406,208339.90753173828,0,34088599552,2147483648,8036147200,0
200,1787750469379,3500,3500,3500,3500,3500,3500,3500,3500,3500,3500,3500,3500,3500,3500,3500,3500,3500,3500,3500,3500,2.7224807739257813,0,1.9552993774414063,0,0,1.5818023681640625,0,0,0,0,0,0,0,0,9.557144165039063,1.5377731323242188,99.9865951538086,0,2.2451400756835938,1.5465774536132813,0,195838.03857421875,208346.62072753906,0,34088599552,2147483648,8037203968,0
200,1787750469579,3500,3500,3500,3500,3500,3500,3500,3500,3500,3500,3500,3500,3500,3500,3500,3500,3500,3500,3500,3500,2.2484664916992188,3.1959686279296875,3.7951202392578125,0.7125473022460938,3.2799911499023438,0.7017135620117188,3.1965713500976563,0.6540451049804688,0.7995681762695313,0.7935028076171875,0.8580703735351563,0.8297958374023438,2.4852828979492188,0.659454345703125,8.74969482421875,0.63238525390625,69.46758270263672,3.1114044189453125,34.858665466308594,0.59088134765625,0,195848.37615966797,208354.88024902344,0,34088599552,2147483648,8039047168,0
200,1787750469779,3500,3500,3500,3500,3500,3500,3500,3500,3500,3500,3500,3500,3500,3500,3500,3500,3500,3500,3500,3500,3.1354522705078125,0.36008453369140625,0.3499603271484375,2.8677215576171875,0.39251708984375,0.40943145751953125,0.537261962890625,0.4032440185546875,0.8871688842773438,0.42789459228515625,0.5236358642578125,0.5022811889648438,0.3575439453125,2.8702163696289063,2.2869491577148438,0.3032073974609375,79.84883117675781,0.21788787841796875,23.466293334960938,0.347564697265625,0,195856.99224853516,208361.36700439453,0,34088599552,2147483648,8039047168,0
200,1787750469980,3500,3500,3500,3500,3500,3500,3500,3500,3500,3500,3500,3500,3500,3500,3500,3500,3500,3500,3500,3500,0.6023712158203125,0.290252685546875,0.2359161376953125,0.27606964111328125,0.30083465576171875,0.29404449462890625,0.32845306396484375,2.8551483154296875,2.8254852294921875,2.820892333984375,2.8484573364257813,0.24080657958984375,2.753570556640625,0.24350738525390625,15.187492370605469,0.2403564453125,79.82887268066406,0.128692626953125,8.352653503417969,0.318817138671875,0,195866.4190673828,208368.66345214844,0,34088599552,2147483648,8039038976,0
200,1787750470180,3500,3500,3500,3500,3500,3500,3500,3500,3500,3500,3500,3500,3500,3500,3500,3500,3500,3500,3500,3500,0.5394287109375,0.2966766357421875,4.8215789794921875,0.30027008056640625,0.3162994384765625,0.3437042236328125,0.3466033935546875,0.2407073974609375,0.28314208984375,0.2415008544921875,0.25568389892578125,2.8704299926757813,0.2829437255859375,0.2987213134765625,7.622459411621094,0.28524017333984375,78.16593933105469,0.16356658935546875,20.82880401611328,0.31804656982421875,0,195875.1332397461,208375.2130126953,0,34088599552,2147483648,8027004928,0
200,1787750470380,3500,3500,3500,3500,3500,3500,3500,3500,3500,3500,3500,3500,3500,3500,3500,3500,3500,3500,3500,3500,0.554168701171875,0.3534698486328125,4.698112487792969,0.310577392578125,0.38175201416015625,2.9664154052734375,0.5107269287109375,0.5136184692382813,0.3625946044921875,0.30733489990234375,0.3169097900390625,0.400604248046875,0.33277130126953125,0.33367156982421875,10.961219787597656,2.7897567749023438,88.08943939208984,0.18608856201171875,8.571815490722656,2.8630218505859375,0,195882.6830444336,208380.63122558594,0,34088599552,2147483648,8026521600,0
200,1787750470581,3500,3500,3500,3500,3500,3500,3500,3500,3500,3500,3500,3500,3500,3500,3500,3500,3500,3500,3500,3500,1.1155166625976563,2.9407730102539063,3.114105224609375,0.28137969970703125,2.918853759765625,0.3944091796875,2.9809112548828125,0.4469757080078125,0.31377410888671875,0.23534393310546875,0.27848052978515625,0.3581085205078125,0.2770843505859375,0.29166412353515625,9.038131713867188,0.22631072998046875,94.98909759521484,2.650054931640625,3.1787643432617188,0.24028778076171875,0,195892.02014160156,208387.84075927734,0,34088599552,2147483648,8026509312,0
200,1787750470781,3500,3500,3500,3500,3500,3500,3500,3500,3500,3500,3500,3500,3500,3500,3500,3500,3500,3500,3500,3500,3.1284027099609375,0.3385467529296875,0.3067169189453125,2.8490371704101563,0.447174072265625,0.46259307861328125,0.49752044677734375,0.49332427978515625,3.1866378784179688,0.3232269287109375,0.2866058349609375,0.3013763427734375,0.32208251953125,2.8209915161132813,6.758567810058594,0.22498321533203125,83.46068572998047,0.16550445556640625,15.619972229003906,0.27971649169921875,0,195899.58172607422,208393.630859375,0,34088599552,2147483648,8026124288,0
200,1787750470982,3500,3500,3500,3500,3500,3500,3500,3500,3500,3500,3500,3500,3500,3500,3500,3500,3500,3500,3500,3500,1.31298828125,0.2801666259765625,8.903228759765625,0.3027801513671875,0.30767059326171875,0.37006378173828125,0.36217498779296875,2.9038009643554688,2.7808609008789063,2.8564376831054688,2.745025634765625,0.219818115234375,2.8103103637695313,0.25116729736328125,8.567657470703125,0.21038818359375,94.49222564697266,0.12029266357421875,10.433944702148438,0.278472900390625,0,195909.32360839844,208401.005859375,0,34088599552,2147483648,8031752192,0
200,1787750471182,3500,3500,3500,3500,3500,3500,3500,3500,3500,3500,3500,3500,3500,3500,3500,3500,3500,3500,3500,3500,0.49161529541015625,0.3277435302734375,5.771476745605469,0.38051605224609375,0.33368682861328125,0.43184661865234375,0.39704132080078125,0.3312835693359375,0.242462158203125,0.27890777587890625,0.30237579345703125,1.6646194458007813,0.28155517578125,0.30716705322265625,3.9866714477539063,0.2436065673828125,87.18627166748047,0.146942138671875,8.268836975097656,0.31201171875,0,195919.08044433594,208408.74768066406,0,34088599552,2147483648,8031662080,0
200,1787750471382,3500,3500,3500,3500,3500,3500,3500,3500,3500,3500,3500,3500,3500,3500,3500,3500,3500,3500,3500,3500,0.64398193359375,0.36102294921875,0.357177734375,0.38184356689453125,0.4704437255859375,3.028594970703125,0.4750823974609375,0.44182586669921875,0.2411651611328125,0.25739288330078125,0.321868896484375,1.4860305786132813,0.305938720703125,0.30364227294921875,7.7282562255859375,2.7485809326171875,77.11587524414063,0.17743682861328125,23.819564819335938,2.8056106567382813,0,195928.7569580078,208416.009765625,0,34088599552,2147483648,8031035392,0
200,1787750471583,3500,3500,3500,3500,3500,3500,3500,3500,3500,3500,3500,3500,3500,3500,3500,3500,3500,3500,3500,3500,0.5547332763671875,2.788421630859375,2.7688751220703125,0.30889129638671875,2.8796005249023438,0.43009185791015625,2.8469314575195313,0.3563232421875,0.25920867919921875,0.300262451171875,0.22154998779296875,0.20185089111328125,0.2589111328125,0.28155517578125,10.882667541503906,0.2286376953125,91.9456558227539,2.6277236938476563,2.88897705078125,0.3074951171875,0,195936.34954833984,208421.48693847656,0,34088599552,2147483648,8031051776,0
200,1787750471783,3500,3500,3500,3500,3500,3500,3500,3500,3500,3500,3500,3500,3500,3500,3500,3500,3500,3500,3500,3500,3.1195144653320313,0.31621551513671875,1.641357421875,2.8307113647460938,0.4841156005859375,0.510528564453125,0.515625,0.508880615234375,0.7415008544921875,0.31452178955078125,0.2730712890625,0.3113250732421875,0.30397796630859375,2.835205078125,27.5472412109375,0.26967620849609375,40.29126739501953,0.24945068359375,56.244991302490234,0.22757720947265625,0,195946.92193603516,208429.89324951172,0,34088599552,2147483648,8032632832,0
200,1787750471983,3500,3500,3500,3500,3500,3500,3500,3500,3500,3500,3500,3500,3500,3500,3500,3500,3500,3500,3500,3500,0.5662384033203125,0.29738616943359375,0.30377197265625,0.30626678466796875,0.4356536865234375,0.4969024658203125,0.49102020263671875,2.96282958984375,2.805908203125,2.7953872680664063,2.8433151245117188,0.29479217529296875,2.8179779052734375,0.30406951904296875,2.964324951171875,0.3204803466796875,99.6377182006836,0.13587188720703125,0.97760009765625,0.3994903564453125,0,195956.23461914063,208437.0728149414,0,34088599552,2147483648,8032567296,0
202,1787750472184,3500,3500,3500,3500,3500,3500,3500,3500,3500,3500,3500,3500,3500,3500,3500,3500,3500,3500,3500,3500,0.5611724853515625,0.2694549560546875,0.2839813232421875,0.28143310546875,0.45662689208984375,0.451141357421875,0.46221923828125,0.35308837890625,0.2105255126953125,0.3207550048828125,0.19789886474609375,0.2725982666015625,0.27893829345703125,0.25363922119140625,4.9197845458984375,0.26711273193359375,77.09900665283203,0.11646270751953125,22.535926818847656,0.339263916015625,0,195965.43084716797,208444.15557861328,0,34088599552,2147483648,8032460800,0
200,1787750472386,3500,3500,3500,3500,3500,3500,3500,3500,3500,3500,3500,3500,3500,3500,3500,3500,3500,3500,3500,3500,1.52801513671875,0,1.7780609130859375,0,0,2.3300323486328125,0,0,0,0,0,2.2736053466796875,0,0,10.6187744140625,2.2106475830078125,74.620361328125,0,27.00218963623047,2.2263870239257813,0,195973.9476928711,208450.4359741211,0,34088599552,2147483648,8032034816,0
200,1787750472587,3500,3500,3500,3500,3500,3500,3500,3500,3500,3500,3500,3500,3500,3500,3500,3500,3500,3500,3500,3500,8.104621887207031,3.4119873046875,6.100578308105469,0.8574066162109375,3.4466934204101563,0.8229446411132813,3.4387741088867188,0.8119888305664063,0.8683624267578125,0.8999786376953125,0.89764404296875,0.9304580688476563,27.79242706298828,0.8734893798828125,18.70281219482422,0.7845001220703125,69.43407440185547,3.30999755859375,19.78083038330078,0.7815093994140625,0,195985.12768554688,208459.51055908203,0,34088599552,2147483648,8041058304,0
200,1787750472787,3500,3500,3500,3500,3500,3500,3500,3500,3500,3500,3500,3500,3500,3500,3500,3500,3500,3500,3500,3500,3.0644454956054688,0.32039642333984375,0.29044342041015625,2.873687744140625,0.27062225341796875,0.29538726806640625,0.2697296142578125,0.37021636962890625,0.28679656982421875,0.2719268798828125,0.255096435546875,0.3621826171875,0.38874053955078125,2.978729248046875,3.79119873046875,0.238128662109375,65.08263397216797,0.24616241455078125,38.553558349609375,0.28694915771484375,0,195993.78869628906,208466.04443359375,0,34088599552,2147483648,8041041920,0
200,1787750472987,3500,3500,3500,3500,3500,3500,3500,3500,3500,3500,3500,3500,3500,3500,3500,3500,3500,3500,3500,3500,0.5688934326171875,0.25794219970703125,0.29930877685546875,0.2924652099609375,0.27227783203125,0.23465728759765625,0.2371063232421875,2.7658157348632813,2.7775497436523438,2.777801513671875,2.7177047729492188,0.2292633056640625,2.8804702758789063,0.36345672607421875,11.117607116699219,0.22736358642578125,84.7052230834961,0.1111602783203125,8.419441223144531,0.2527923583984375,0,196003.67181396484,208473.78619384766,0,34088599552,2147483648,8038219776,0
199,1787750473187,3500,3500,3500,3500,3500,3500,3500,3500,3500,3500,3500,3500,3500,3500,3500,3500,3500,3500,3500,3500,1.706268310546875,0.28299713134765625,2.711944580078125,0.24175262451171875,0.2566375732421875,0.2440032958984375,0.21913909912109375,0.29967498779296875,0.22303009033203125,0.23915863037109375,0.236663818359375,0.3206939697265625,2.2140960693359375,0.36533355712890625,9.318687438964844,0.2042083740234375,71.180908203125,0.14464569091796875,40.27394104003906,0.23236846923828125,0,196012.2625732422,208480.17346191406,0,34088599552,2147483648,8034508800,0
200,1787750473387,3500,3500,3500,3500,3500,3500,3500,3500,3500,3500,3500,3500,3500,3500,3500,3500,3500,3500,3500,3500,2.36236572265625,0.3650054931640625,0.5026016235351563,0.3574066162109375,0.3190765380859375,2.8523712158203125,0.3269195556640625,0.3178253173828125,0.26004791259765625,0.39464569091796875,0.34696197509765625,2.8600692749023438,0.650146484375,0.34116363525390625,5.274566650390625,5.409767150878906,100,0.17028045654296875,3.302947998046875,2.7904510498046875,0,196019.5570678711,208485.3833618164,0,34088599552,2147483648,8034021376,0
199,1787750473588,3500,3500,3500,3500,3500,3500,3500,3500,3500,3500,3500,3500,3500,3500,3500,3500,3500,3500,3500,3500,0.6499481201171875,2.83184814453125,2.8245086669921875,0.33255767822265625,2.7704238891601563,0.3069610595703125,2.8209152221679688,0.28690338134765625,0.344482421875,0.2927398681640625,0.30431365966796875,0.243438720703125,0.31349945068359375,0.3095550537109375,0.2772216796875,14.480110168457031,86.37371063232422,2.6901397705078125,5.8502044677734375,0.271636962890625,0,196026.85186767578,208490.55072021484,0,34088599552,2147483648,8034021376,0
200,1787750473788,3500,3500,3500,3500,3500,3500,3500,3500,3500,3500,3500,3500,3500,3500,3500,3500,3500,3500,3500,3500,3.420806884765625,0.25054168701171875,0.3135223388671875,2.8109054565429688,0.29148101806640625,0.20890045166015625,0.2497406005859375,0.25023651123046875,0.25708770751953125,0.49868011474609375,0.22809600830078125,0.27922821044921875,0.27093505859375,2.7830123901367188,0.26583099365234375,6.5728759765625,67.94631958007813,0.13251495361328125,33.252288818359375,0.2095489501953125,0,196037.70043945313,208499.2705078125,0,34088599552,2147483648,8034017280,0
200,1787750473988,3500,3500,3500,3500,3500,3500,3500,3500,3500,3500,3500,3500,3500,3500,3500,3500,3500,3500,3500,3500,0.6002197265625,0.27972412109375,1.2480545043945313,0.28002166748046875,0.3350372314453125,0.27237701416015625,0.2862701416015625,2.874267578125,2.76348876953125,2.7804336547851563,2.767791748046875,0.26277923583984375,2.81640625,0.28871917724609375,0.2941131591796875,9.390022277832031,86.44377899169922,0.15265655517578125,16.71326446533203,0.2970123291015625,0,196046.76202392578,208506.18487548828,0,34088599552,2147483648,8034017280,0
200,1787750474188,3500,3500,3500,3500,3500,3500,3500,3500,3500,3500,3500,3500,3500,3500,3500,3500,3500,3500,3500,3500,0.8817596435546875,0.25348663330078125,0.28755950927734375,0.27626800537109375,0.28740692138671875,0.2559814453125,0.2266082763671875,0.236053466796875,0.288604736328125,0.262725830078125,0.21411895751953125,0.2570343017578125,0.27736663818359375,0.3069915771484375,0.224761962890625,17.32489776611328,64.78099060058594,0.17230224609375,23.287368774414063,0.23690032958984375,0,196056.1353149414,208513.43328857422,0,34088599552,2147483648,8033943552,0
200,1787750474389,3500,3500,3500,3500,3500,3500,3500,3500,3500,3500,3500,3500,3500,3500,3500,3500,3500,3500,3500,3500,0.666595458984375,0.28084564208984375,0.32474517822265625,0.32030487060546875,1.430511474609375,2.8059539794921875,0.29935455322265625,0.23635101318359375,0.35931396484375,0.40575408935546875,0.229217529296875,2.8334884643554688,0.38649749755859375,0.4076995849609375,2.743499755859375,7.028251647949219,63.35389709472656,0.1556396484375,37.837825775146484,2.8282012939453125,0,196064.89965820313,208520.0760498047,0,34088599552,2147483648,8033656832,0
200,1787750474589,3500,3500,3500,3500,3500,3500,3500,3500,3500,3500,3500,3500,3500,3500,3500,3500,3500,3500,3500,3500,0.129241943359375,2.31219482421875,2.7035293579101563,0,0,0,2.2813949584960938,0,0,0,0,0,0,0,0,5.286994934082031,38.18752670288086,2.2193374633789063,65.62010192871094,0,0,196074.71228027344,208527.7212524414,0,34088599552,2147483648,8033529856,0
200,1787750474790,3500,3500,3500,3500,3500,3500,3500,3500,3500,3500,3500,3500,3500,3500,3500,3500,3500,3500,3500,3500,4.1207733154296875,0.81060791015625,35.16893005371094,3.2220993041992188,3.4815826416015625,0.8657073974609375,0.8764801025390625,0.8588790893554688,0.6994171142578125,0.8033294677734375,0.7385635375976563,0.7605514526367188,1.1883163452148438,3.410980224609375,0.7480850219726563,16.747848510742188,86.56181335449219,0.677276611328125,20.17473602294922,0.7312774658203125,0,196086.10083007813,208536.96502685547,0,34088599552,2147483648,8051695616,0
200,1787750474990,3500,3500,3500,3500,3500,3500,3500,3500,3500,3500,3500,3500,3500,3500,3500,3500,3500,3500,3500,3500,0.8077011108398438,0.27878570556640625,0.34405517578125,0.32233428955078125,0.34819793701171875,0.34894561767578125,0.36487579345703125,2.7826309204101563,2.8713607788085938,2.8407516479492188,2.8095932006835938,0.3516387939453125,2.960693359375,0.43802642822265625,0.28992462158203125,3.9021224975585938,82.8514175415039,0.17507171630859375,17.907142639160156,0.31329345703125,0,196095.41864013672,208544.16021728516,0,34088599552,2147483648,8051691520,0
200,1787750475190,3500,3500,3500,3500,3500,3500,3500,3500,3500,3500,3500,3500,3500,3500,3500,3500,3500,3500,3500,3500,0.7359466552734375,0.269561767578125,8.029556274414063,0.25803375244140625,0.4275360107421875,0.3783111572265625,0.40097808837890625,0.28389739990234375,0.22467803955078125,0.26531982421875,0.20800018310546875,0.25218963623046875,0.35129547119140625,0.36577606201171875,0.236907958984375,5.660499572753906,88.61115264892578,0.10335540771484375,4.024085998535156,0.25388336181640625,0,196104.62432861328,208551.23303222656,0,34088599552,2147483648,8029970432,0
199,1787750475390,3500,3500,3500,3500,3500,3500,3500,3500,3500,3500,3500,3500,3500,3500,3500,3500,3500,3500,3500,3500,4.270729064941406,0.27426910400390625,3.8005142211914063,0.31560516357421875,0.2635345458984375,2.8383636474609375,0.23767852783203125,0.31096649169921875,0.2761688232421875,0.29798126220703125,0.27277374267578125,2.7857437133789063,3.6676712036132813,0.32349395751953125,2.7443084716796875,15.981826782226563,95.10719299316406,0.12969970703125,8.7786865234375,2.7897415161132813,0,196113.2548828125,208557.68487548828,0,34088599552,2147483648,8031498240,0
199,1787750475590,3500,3500,3500,3500,3500,3500,3500,3500,3500,3500,3500,3500,3500,3500,3500,3500,3500,3500,3500,3500,0.8555145263671875,2.8438034057617188,2.9753265380859375,0.314697265625,0.277008056640625,0.277557373046875,2.886444091796875,0.33089447021484375,0.32999420166015625,0.3848419189453125,0.2480621337890625,0.247314453125,0.6834945678710938,0.42893218994140625,0.2674560546875,5.404296875,83.46271514892578,2.7006759643554688,21.503700256347656,0.2904510498046875,0,196122.16864013672,208564.4760131836,0,34088599552,2147483648,8031002624,0
200,1787750475790,3500,3500,3500,3500,3500,3500,3500,3500,3500,3500,3500,3500,3500,3500,3500,3500,3500,3500,3500,3500,3.3127059936523438,0.29965972900390625,30.870925903320313,2.7727813720703125,2.9566574096679688,0.44579315185546875,0.437042236328125,0.360198974609375,0.285308837890625,2.7811813354492188,0.24886322021484375,0.34705352783203125,0.3769989013671875,2.930511474609375,0.2105712890625,10.599685668945313,53.89680480957031,0.1975250244140625,12.645759582519531,0.34485626220703125,0,196132.5909423828,208572.79180908203,0,34088599552,2147483648,8030650368,0
200,1787750475991,3500,3500,3500,3500,3500,3500,3500,3500,3500,3500,3500,3500,3500,3500,3500,3500,3500,3500,3500,3500,0.7619094848632813,0.233978271484375,0.372467041015625,0.390045166015625,0.4566650390625,0.4621124267578125,0.45621490478515625,2.930328369140625,2.7632217407226563,3.2952041625976563,2.8208084106445313,0.26573944091796875,2.8359909057617188,0.32906341552734375,0.2770233154296875,13.362556457519531,75.156494140625,0.15357208251953125,15.929756164550781,0.25885009765625,0,196141.4066772461,208579.48370361328,0,34088599552,2147483648,8030605312,0
200,1787750476191,3500,3500,3500,3500,3500,3500,3500,3500,3500,3500,3500,3500,3500,3500,3500,3500,3500,3500,3500,3500,0.7923965454101563,0.2949981689453125,0.5986251831054688,0.42321014404296875,0.5207977294921875,0.5025863647460938,0.497894287109375,0.493011474609375,0.31101226806640625,0.33031463623046875,0.2285919189453125,0.34358978271484375,0.3000335693359375,0.32183837890625,0.256683349609375,16.930686950683594,85.79248046875,0.1719207763671875,13.610992431640625,0.28472137451171875,0,196150.3080444336,208586.7085571289,0,34088599552,2147483648,8031641600,0
200,1787750476392,3500,3500,3500,3500,3500,3500,3500,3500,3500,3500,3500,3500,3500,3500,3500,3500,3500,3500,3500,3500,0.6714096069335938,0.265777587890625,0.4041290283203125,0.3989410400390625,0.4629058837890625,3.0394668579101563,0.41735076904296875,0.4776763916015625,0.31836700439453125,0.28379058837890625,0.26303863525390625,2.7980880737304688,0.29157257080078125,0.32524871826171875,2.7592239379882813,5.8526763916015625,85.92154693603516,0.12693023681640625,14.767219543457031,2.7735443115234375,0,196158.64013671875,208592.5447998047,0,34088599552,2147483648,8032247808,0
200,1787750476592,3500,3500,3500,3500,3500,3500,3500,3500,3500,3500,3500,3500,3500,3500,3500,3500,3500,3500,3500,3500,0.7519760131835938,2.7696304321289063,2.8711624145507813,0.3798370361328125,0.416015625,0.4233551025390625,2.95025634765625,0.396728515625,0.3454132080078125,0.25327301025390625,0.3143310546875,0.2722625732421875,0.311431884765625,0.310638427734375,0.23738861083984375,16.982894897460938,89.84617614746094,2.6805419921875,0.34731292724609375,0.29779052734375,0,196169.67321777344,208601.81909179688,0,34088599552,2147483648,8031981568,0
200,1787750476792,3500,3500,3500,3500,3500,3500,3500,3500,3500,3500,3500,3500,3500,3500,3500,3500,3500,3500,3500,3500,3.34808349609375,0.2723541259765625,0.2649078369140625,2.8234710693359375,2.699188232421875,0.2867431640625,0.3421173095703125,0.26320648193359375,0.29064178466796875,0.35546112060546875,0.34896087646484375,0.36165618896484375,0.2727508544921875,2.7859420776367188,0.2366180419921875,10.415855407714844,45.69803237915039,0.253814697265625,52.88408660888672,0.19594573974609375,0,196179.13427734375,208608.67218017578,0,34088599552,2147483648,8032051200,0
200,1787750476992,3500,3500,3500,3500,3500,3500,3500,3500,3500,3500,3500,3500,3500,3500,3500,3500,3500,3500,3500,3500,0.9680557250976563,0.31916046142578125,7.415306091308594,0.336578369140625,0.25482940673828125,0.263214111328125,0.30648040771484375,2.7755584716796875,2.8275604248046875,2.8885955810546875,2.8176803588867188,0.3655242919921875,2.4073867797851563,0.2664031982421875,0.2244873046875,8.542366027832031,82.14549255371094,0.13909149169921875,28.861053466796875,0.227325439453125,0,196189.04949951172,208616.42779541016,0,34088599552,2147483648,8037769216,0
200,1787750477193,3500,3500,3500,3500,3500,3500,3500,3500,3500,3500,3500,3500,3500,3500,3500,3500,3500,3500,3500,3500,0.8307418823242188,0.29046630859375,0.42644500732421875,0.4207611083984375,0.31939697265625,0.27664947509765625,0.33895111083984375,0.30966949462890625,0.31231689453125,0.28533172607421875,0.327728271484375,0.303436279296875,0.66119384765625,0.328277587890625,0.253753662109375,5.19647216796875,100,0.14894866943359375,0.34154510498046875,0.3216400146484375,0,196199.0174560547,208624.27728271484,0,34088599552,2147483648,8037715968,0
199,1787750477393,3500,3500,3500,3500,3500,3500,3500,3500,3500,3500,3500,3500,3500,3500,3500,3500,3500,3500,3500,3500,2.5198822021484375,0.35117340087890625,0.39485931396484375,0.39505767822265625,0.364654541015625,2.838653564453125,0.319122314453125,0.2726898193359375,0.2583160400390625,0.686676025390625,0.27259063720703125,2.7649154663085938,0.28472137451171875,0.26984405517578125,2.8193817138671875,4.76312255859375,92.41584777832031,0.11887359619140625,8.222801208496094,2.7916259765625,0,196208.9766845703,208632.10186767578,0,34088599552,2147483648,8037326848,0
200,1787750477593,3500,3500,3500,3500,3500,3500,3500,3500,3500,3500,3500,3500,3500,3500,3500,3500,3500,3500,3500,3500,0.8276214599609375,2.7607421875,8.812179565429688,0.344482421875,0.46010589599609375,0.48268890380859375,2.94451904296875,0.38315582275390625,0.25058746337890625,0.260986328125,0.26982879638671875,0.22900390625,0.29126739501953125,0.321990966796875,0.2462921142578125,15.464187622070313,92.67012786865234,0.14105987548828125,2.688934326171875,0.276275634765625,0,196217.7021484375,208638.67211914063,0,34088599552,2147483648,8037314560,0
200,1787750477793,3500,3500,3500,3500,3500,3500,3500,3500,3500,3500,3500,3500,3500,3500,3500,3500,3500,3500,3500,3500,3.3017730712890625,0.26583099365234375,56.32731246948242,2.732696533203125,2.9981307983398438,0.49609375,0.506072998046875,0.47245025634765625,0.36041259765625,0.2803497314453125,0.360260009765625,0.32219696044921875,0.2965087890625,2.8317184448242188,0.3055419921875,3.8374252319335938,46.4676399230957,2.7071533203125,3.4253311157226563,0.2822418212890625,0,196228.12213134766,208646.97467041016,0,34088599552,2147483648,8035233792,0
200,1787750477994,3500,3500,3500,3500,3500,3500,3500,3500,3500,3500,3500,3500,3500,3500,3500,3500,3500,3500,3500,3500,0.6837158203125,0.28235626220703125,0.3299102783203125,0.327911376953125,0.45719146728515625,0.4388275146484375,0.42630767822265625,2.9264984130859375,2.97015380859375,3.172332763671875,2.9192657470703125,0.3811492919921875,0.3055572509765625,0.35739898681640625,0.29498291015625,3.6539230346679688,71.23222351074219,0.18126678466796875,29.788681030273438,0.27127838134765625,0,196236.06414794922,208652.78955078125,0,34088599552,2147483648,8035438592,0
200,1787750478194,3500,3500,3500,3500,3500,3500,3500,3500,3500,3500,3500,3500,3500,3500,3500,3500,3500,3500,3500,3500,0.7618942260742188,0.24727630615234375,0.2490234375,0.28607177734375,0.2088775634765625,0.22040557861328125,0.25057220458984375,0.2824249267578125,0.2339935302734375,0.45369720458984375,0.185455322265625,0.3000030517578125,2.7553558349609375,0.24987030029296875,0.206024169921875,6.637275695800781,82.40272521972656,0.095123291015625,18.93061065673828,0.22719573974609375,0,196244.59057617188,208659.17944335938,0,34088599552,2147483648,8038072320,0
200,1787750478394,3500,3500,3500,3500,3500,3500,3500,3500,3500,3500,3500,3500,3500,3500,3500,3500,3500,3500,3500,3500,0.5946807861328125,0.32506561279296875,0.37696075439453125,0.3498382568359375,0.482696533203125,3.01727294921875,0.5158615112304688,0.4501800537109375,0.35758209228515625,1.2264251708984375,0.35758209228515625,2.8220748901367188,0.30863189697265625,0.3330535888671875,2.8463516235351563,7.272010803222656,98.74290466308594,0.16747283935546875,5.2253875732421875,2.8317184448242188,0,196252.78637695313,208665.23345947266,0,34088599552,2147483648,8039723008,0
201,1787750478595,3500,3500,3500,3500,3500,3500,3500,3500,3500,3500,3500,3500,3500,3500,3500,3500,3500,3500,3500,3500,0.5264892578125,2.79803466796875,2.800628662109375,0.28726959228515625,0.44512176513671875,0.46862030029296875,3.0166015625,0.41353607177734375,0.3680877685546875,0.43958282470703125,0.36783599853515625,0.42217254638671875,0.28397369384765625,0.27764129638671875,0.23358154296875,7.6089324951171875,94.30046081542969,0.1187896728515625,6.7041778564453125,0.31375885009765625,0,196261.8388671875,208672.15625,0,34088599552,2147483648,8039391232,0
200,1787750478796,3500,3500,3500,3500,3500,3500,3500,3500,3500,3500,3500,3500,3500,3500,3500,3500,3500,3500,3500,3500,3.8399658203125,0,1.8467559814453125,0.6928329467773438,2.3277359008789063,0,0,0,0,0,0,0,0,2.2953033447265625,0,21.532249450683594,79.07604217529297,2.18408203125,13.974937438964844,0,0,196269.54718017578,208677.6719970703,0,34088599552,2147483648,8039391232,0
200,1787750478996,3500,3500,3500,3500,3500,3500,3500,3500,3500,3500,3500,3500,3500,3500,3500,3500,3500,3500,3500,3500,2.4484481811523438,0.8337936401367188,14.547630310058594,2.4755325317382813,0.8570556640625,0.7636642456054688,0.8281784057617188,3.3186721801757813,3.36260986328125,3.4255905151367188,3.3667373657226563,0.9429473876953125,3.2469482421875,0.837921142578125,0.7681350708007813,4.202568054199219,78.87451934814453,0.6976547241210938,9.960342407226563,0.8053665161132813,0,196279.07287597656,208685.11865234375,0,34088599552,2147483648,8039596032,0
199,1787750479196,3500,3500,3500,3500,3500,3500,3500,3500,3500,3500,3500,3500,3500,3500,3500,3500,3500,3500,3500,3500,0.9112319946289063,0.3248748779296875,30.279151916503906,0.272613525390625,0.2952728271484375,0.32672119140625,0.2998199462890625,0.22130584716796875,0.25440216064453125,0.2607879638671875,0.3138427734375,0.23458099365234375,2.81829833984375,0.3230743408203125,0.21372222900390625,14.945144653320313,42.14021301269531,0.211273193359375,27.410888671875,0.299468994140625,0,196289.203125,208693.1065673828,0,34088599552,2147483648,8039256064,0
200,1787750479397,3500,3500,3500,3500,3500,3500,3500,3500,3500,3500,3500,3500,3500,3500,3500,3500,3500,3500,3500,3500,0.6686477661132813,0.2689361572265625,0.36476898193359375,0.32527923583984375,0.32297515869140625,2.8203582763671875,0.2683868408203125,0.27983856201171875,0.38980865478515625,0.438201904296875,0.4483489990234375,2.8714981079101563,0.35407257080078125,0.34157562255859375,2.780670166015625,5.001861572265625,99.99864959716797,0.12397003173828125,0.6563034057617188,2.8391571044921875,0,196298.94897460938,208700.72802734375,0,34088599552,2147483648,8039882752,0
200,1787750479597,3500,3500,3500,3500,3500,3500,3500,3500,3500,3500,3500,3500,3500,3500,3500,3500,3500,3500,3500,3500,0.7064666748046875,2.8406982421875,3.0012359619140625,0.3212127685546875,0.2524871826171875,0.28231048583984375,2.8119277954101563,0.3032379150390625,0.3907928466796875,0.3154754638671875,0.382904052734375,0.3202667236328125,0.31526947021484375,0.347442626953125,0.2667236328125,8.364913940429688,21.843017578125,0.22936248779296875,78.45198059082031,0.16672515869140625,0,196307.701171875,208707.3448486328,0,34088599552,2147483648,8039763968,0
200,1787750479797,3500,3500,3500,3500,3500,3500,3500,3500,3500,3500,3500,3500,3500,3500,3500,3500,3500,3500,3500,3500,3.2886276245117188,0.26854705810546875,23.276840209960938,0.24001312255859375,2.7907943725585938,0.2256011962890625,0.2521820068359375,0.28820037841796875,0.3545379638671875,0.2508392333984375,0.21282958984375,0.410400390625,0.3746337890625,1.0104827880859375,0.2115325927734375,4.9763641357421875,45.8834114074707,2.7054061889648438,44.444271087646484,0.19023895263671875,0,196315.70043945313,208713.19262695313,0,34088599552,2147483648,8040910848,0
200,1787750479998,3500,3500,3500,3500,3500,3500,3500,3500,3500,3500,3500,3500,3500,3500,3500,3500,3500,3500,3500,3500,0.58160400390625,0.3005523681640625,8.241401672363281,2.8046417236328125,0.404144287109375,0.4124755859375,0.30863189697265625,2.8521728515625,2.9497299194335938,3.4486923217773438,2.8635406494140625,0.44300079345703125,0.2708740234375,2.1751556396484375,0.24069976806640625,17.45288848876953,54.21611404418945,0.202301025390625,35.38130187988281,0.2236480712890625,0,196323.3448486328,208718.71875,0,34088599552,2147483648,8041267200,0
199,1787750480198,3500,3500,3500,3500,3500,3500,3500,3500,3500,3500,3500,3500,3500,3500,3500,3500,3500,3500,3500,3500,0.7702560424804688,0.35929107666015625,0.3364410400390625,0.3454742431640625,0.4075775146484375,0.5071868896484375,0.5137176513671875,0.44348907470703125,0.28940582275390625,0.434661865234375,0.302276611328125,0.37255859375,2.8236846923828125,0.33814239501953125,0.26566314697265625,4.47393798828125,100,0.15323638916015625,0.34317779541015625,0.33350372314453125,0,196331.7958984375,208725.03833007813,0,34088599552,2147483648,8041250816,0
200,1787750480398,3500,3500,3500,3500,3500,3500,3500,3500,3500,3500,3500,3500,3500,3500,3500,3500,3500,3500,3500,3500,6.624786376953125,0.2994384765625,19.28998565673828,0.290191650390625,0.9206619262695313,2.9999313354492188,0.44306182861328125,0.36052703857421875,0.29209136962890625,8.357330322265625,0.6309738159179688,2.7752761840820313,4.442237854003906,0.27149200439453125,2.7604827880859375,25.358787536621094,92.73004150390625,0.15396881103515625,37.18800735473633,2.7537841796875,0,196343.08526611328,208734.1229248047,0,34088599552,2147483648,8049520640,0
200,1787750480599,3500,3500,3500,3500,3500,3500,3500,3500,3500,3500,3500,3500,3500,3500,3500,3500,3500,3500,3500,3500,18.946556091308594,2.7925033569335938,53.38665008544922,0.254180908203125,3.468048095703125,0.4444732666015625,2.976959228515625,0.42401123046875,0.3375244140625,2.66094970703125,1.1011505126953125,0.43973541259765625,30.17687225341797,0.32085418701171875,0.28087615966796875,57.18578338623047,67.228759765625,0.240753173828125,97.70980834960938,0.16728973388671875,0,196357.9542236328,208746.76782226563,0,34088599552,2147483648,8066449408,0
200,1787750480799,3500,3500,3500,3500,3500,3500,3500,3500,3500,3500,3500,3500,3500,3500,3500,3500,3500,3500,3500,3500,7.305755615234375,0.350677490234375,53.55854797363281,0.22674560546875,2.8252105712890625,0.31613922119140625,0.3094940185546875,0.29042816162109375,0.37053680419921875,0.33150482177734375,0.423492431640625,0.343536376953125,8.41168212890625,0.326019287109375,0.28484344482421875,40.739830017089844,87.04362487792969,2.7152557373046875,95.226318359375,0.16585540771484375,0,196371.9149169922,208759.17572021484,0,34088599552,2147483648,8078581760,0
200,1787750480999,3500,3500,3500,3500,3500,3500,3500,3500,3500,3500,3500,3500,3500,3500,3500,3500,3500,3500,3500,3500,7.767967224121094,0.3899993896484375,39.995182037353516,2.855987548828125,1.4380874633789063,0.39794921875,0.4156341552734375,2.9192428588867188,1.7313461303710938,10.717842102050781,3.060455322265625,0.4012451171875,0.4281768798828125,2.842041015625,0.29736328125,22.151473999023438,50.08981704711914,0.28891754150390625,38.7398796081543,0.31185150146484375,0,196382.21270751953,208767.1644897461,0,34088599552,2147483648,8036372480,0
200,1787750481199,3500,3500,3500,3500,3500,3500,3500,3500,3500,3500,3500,3500,3500,3500,3500,3500,3500,3500,3500,3500,0.7498321533203125,0.23461151123046875,0.23920440673828125,0.2821502685546875,0.19171142578125,0.23990631103515625,0.2438507080078125,0.26947021484375,1.3385086059570313,0.3556671142578125,0.22087860107421875,0.27086639404296875,2.7374420166015625,0.25418853759765625,0.15845489501953125,14.985008239746094,83.06553649902344,0.0955352783203125,6.8435516357421875,0.31781005859375,0,196391.42755126953,208773.98413085938,0,34088599552,2147483648,8036368384,0
200,1787750481400,3500,3500,3500,3500,3500,3500,3500,3500,3500,3500,3500,3500,3500,3500,3500,3500,3500,3500,3500,3500,7.107872009277344,0.33461761474609375,20.21550750732422,0.27515411376953125,0.3057098388671875,2.7762069702148438,0.29132843017578125,0.338958740234375,0.3258819580078125,0.260528564453125,0.31793975830078125,2.873565673828125,9.029159545898438,0.298370361328125,2.8357162475585938,14.441871643066406,51.43838119506836,0.2384033203125,19.45600128173828,0.27660369873046875,0,196399.59954833984,208780.18157958984,0,34088599552,2147483648,8035545088,0
200,1787750481600,3500,3500,3500,3500,3500,3500,3500,3500,3500,3500,3500,3500,3500,3500,3500,3500,3500,3500,3500,3500,0.7084579467773438,2.8163604736328125,24.486358642578125,0.3542022705078125,0.29172515869140625,0.279937744140625,2.83758544921875,0.31954193115234375,0.3061065673828125,0.8559951782226563,0.342071533203125,0.2930755615234375,0.32083892822265625,0.31789398193359375,0.277587890625,9.918846130371094,76.82233428955078,0.2227020263671875,0.71600341796875,2.8829879760742188,0,196410.34735107422,208788.39764404297,0,34088599552,2147483648,8034783232,0
200,1787750481800,3500,3500,3500,3500,3500,3500,3500,3500,3500,3500,3500,3500,3500,3500,3500,3500,3500,3500,3500,3500,3.3624114990234375,0.24652862548828125,0.39410400390625,0.4351348876953125,2.7968368530273438,0.26142120361328125,0.33428955078125,0.26847076416015625,0.29485321044921875,0.33603668212890625,0.2787628173828125,0.29535675048828125,0.292755126953125,0.30300140380859375,0.25107574462890625,3.919586181640625,79.39994812011719,2.6695480346679688,26.15308380126953,0.24248504638671875,0,196420.87786865234,208796.8115234375,0,34088599552,2147483648,8034779136,0
200,1787750482000,3500,3500,3500,3500,3500,3500,3500,3500,3500,3500,3500,3500,3500,3500,3500,3500,3500,3500,3500,3500,0.592529296875,0.2672882080078125,4.7828521728515625,2.8201828002929688,0.22603607177734375,0.2600555419921875,0.2091827392578125,2.7649688720703125,0.20558929443359375,4.242195129394531,2.7748489379882813,0.1970062255859375,0.2530670166015625,2.77215576171875,0.18768310546875,12.392318725585938,90.72592163085938,0.10593414306640625,11.17095947265625,0.22045135498046875,0,196431.1185913086,208804.95727539063,0,34088599552,2147483648,8033583104,0
200,1787750482201,3500,3500,3500,3500,3500,3500,3500,3500,3500,3500,3500,3500,3500,3500,3500,3500,3500,3500,3500,3500,10.825111389160156,0.26691436767578125,21.9862060546875,0.2562408447265625,0.27214813232421875,0.32082366943359375,0.274688720703125,0.29444122314453125,2.8292007446289063,0.368499755859375,0.2999725341796875,0.27683258056640625,11.188972473144531,0.2873077392578125,0.26656341552734375,26.09050750732422,63.39822006225586,0.212249755859375,10.451324462890625,0.30117034912109375,0,196441.99072265625,208813.57446289063,0,34088599552,2147483648,8041496576,0
200,1787750482401,3500,3500,3500,3500,3500,3500,3500,3500,3500,3500,3500,3500,3500,3500,3500,3500,3500,3500,3500,3500,0.6756439208984375,0.31841278076171875,0.30279541015625,0.32021331787109375,0.27330780029296875,2.8013687133789063,0.33652496337890625,0.22576141357421875,0.34575653076171875,0.24976348876953125,0.31976318359375,2.78485107421875,0.30559539794921875,0.3486480712890625,2.8222274780273438,4.9639129638671875,100,0.1602020263671875,0.318115234375,0.38536834716796875,0,196452.13543701172,208821.59912109375,0,34088599552,2147483648,8040361984,0
200,1787750482602,3500,3500,3500,3500,3500,3500,3500,3500,3500,3500,3500,3500,3500,3500,3500,3500,3500,3500,3500,3500,0.6055374145507813,2.7089157104492188,50.233768463134766,0.06635284423828125,0.17073822021484375,0.196319580078125,0.6071929931640625,0.17218017578125,0.12726593017578125,0.752838134765625,0.12531280517578125,0.16588592529296875,0.20296478271484375,0.18022918701171875,0.15239715576171875,7.034538269042969,24.672409057617188,0.10292816162109375,30.50446319580078,2.65625,0,196460.14239501953,208827.47131347656,0,34088599552,2147483648,8039862272,0
200,1787750482802,3500,3500,3500,3500,3500,3500,3500,3500,3500,3500,3500,3500,3500,3500,3500,3500,3500,3500,3500,3500,7.563636779785156,0.44695281982421875,29.273338317871094,0.3460845947265625,2.9117431640625,0.3855743408203125,2.4088897705078125,0.34319305419921875,0.37750244140625,0.40118408203125,0.358001708984375,0.3538665771484375,2.0893325805664063,0.40666961669921875,0.35157012939453125,11.395416259765625,44.34846115112305,2.8586883544921875,31.316299438476563,0.315673828125,0,196468.8594970703,208834.0333251953,0,34088599552,2147483648,8037502976,0
199,1787750483002,3500,3500,3500,3500,3500,3500,3500,3500,3500,3500,3500,3500,3500,3500,3500,3500,3500,3500,3500,3500,3.2461166381835938,0.2841033935546875,0.31064605712890625,2.8324203491210938,0.2776641845703125,0.26943206787109375,0.314788818359375,2.8227920532226563,0.2690277099609375,2.8423995971679688,0.251068115234375,0.3007659912109375,0.30301666259765625,2.87823486328125,0.2544097900390625,9.067558288574219,91.17157745361328,0.1400299072265625,4.819526672363281,0.36280059814453125,0,196478.51837158203,208841.56427001953,0,34088599552,2147483648,8037634048,0
200,1787750483203,3500,3500,3500,3500,3500,3500,3500,3500,3500,3500,3500,3500,3500,3500,3500,3500,3500,3500,3500,3500,0.813385009765625,0.287322998046875,0.3085174560546875,0.33086395263671875,0.27927398681640625,0.24953460693359375,0.212493896484375,0.34685516357421875,2.8547897338867188,0.241485595703125,2.8238449096679688,0.30156707763671875,2.8288955688476563,0.3350067138671875,0.26697540283203125,5.4219970703125,85.49962615966797,0.15915679931640625,14.096382141113281,0.36260223388671875,0,196488.25390625,208849.17541503906,0,34088599552,2147483648,8037629952,0
200,1787750483403,3500,3500,3500,3500,3500,3500,3500,3500,3500,3500,3500,3500,3500,3500,3500,3500,3500,3500,3500,3500,0.779052734375,0.330352783203125,0.34619140625,0.31207275390625,0.316070556640625,2.77691650390625,0.31381988525390625,0.272552490234375,0.43151092529296875,0.41338348388671875,0.35213470458984375,2.96868896484375,0.36472320556640625,0.419921875,2.7815093994140625,10.430656433105469,92.81922912597656,0.166900634765625,0.42047119140625,0.4175262451171875,0,196496.9721069336,208855.7728881836,0,34088599552,2147483648,8037613568,0
200,1787750483603,3500,3500,3500,3500,3500,3500,3500,3500,3500,3500,3500,3500,3500,3500,3500,3500,3500,3500,3500,3500,16.10791778564453,2.5936050415039063,11.158172607421875,0.253021240234375,0.21590423583984375,0.2814178466796875,0.2247314453125,0.245635986328125,0.1941986083984375,0.38744354248046875,0.2306671142578125,0.31928253173828125,0.4142913818359375,0.28924560546875,0.18177032470703125,19.47057342529297,74.32444763183594,0.128082275390625,12.523231506347656,2.7542648315429688,0,196505.8564453125,208862.48400878906,0,34088599552,2147483648,8045031424,0
200,1787750483803,3500,3500,3500,3500,3500,3500,3500,3500,3500,3500,3500,3500,3500,3500,3500,3500,3500,3500,3500,3500,0.8858184814453125,0.46900177001953125,0.2958221435546875,0.297119140625,2.8206939697265625,0.290679931640625,2.798919677734375,0.340362548828125,0.2602691650390625,0.28478240966796875,0.27734375,0.30361175537109375,0.3119049072265625,0.2875823974609375,0.27594757080078125,7.373374938964844,94.3270034790039,2.6565017700195313,9.985191345214844,0.35419464111328125,0,196513.69244384766,208868.1943359375,0,34088599552,2147483648,8045281280,0
200,1787750484004,3500,3500,3500,3500,3500,3500,3500,3500,3500,3500,3500,3500,3500,3500,3500,3500,3500,3500,3500,3500,3.387237548828125,0.426513671875,0.34995269775390625,2.8751296997070313,0.440032958984375,0.34027862548828125,0.3450164794921875,0.340576171875,0.3256072998046875,3.23016357421875,0.3422698974609375,0.3209686279296875,0.3455657958984375,2.8740310668945313,0.28745269775390625,14.990150451660156,89.16552734375,0.20619964599609375,0.5051727294921875,0.4576873779296875,0,196521.84228515625,208874.22271728516,0,34088599552,2147483648,8045707264,0
199,1787750484205,3500,3500,3500,3500,3500,3500,3500,3500,3500,3500,3500,3500,3500,3500,3500,3500,3500,3500,3500,3500,0.61199951171875,0,0.39511871337890625,0.01238250732421875,0.0455322265625,0,0,2.4825515747070313,2.4948348999023438,0.017822265625,2.523193359375,0,2.5203475952148438,0.00634002685546875,0,6.6897125244140625,98.78498840332031,0,1.5068359375,0,0,196529.72869873047,208879.94653320313,0,34088599552,2147483648,8045760512,0
200,1787750484405,3500,3500,3500,3500,3500,3500,3500,3500,3500,3500,3500,3500,3500,3500,3500,3500,3500,3500,3500,3500,0.9898910522460938,0.5782470703125,0.6088027954101563,0.5693740844726563,0.6487274169921875,3.0575180053710938,0.5583038330078125,0.503173828125,0.5973892211914063,0.5674285888671875,0.5067596435546875,3.1542205810546875,0.5912551879882813,0.586273193359375,3.0188827514648438,12.823966979980469,80.609619140625,0.44110870361328125,13.80413818359375,0.5712127685546875,0,196539.2202758789,208887.30029296875,0,34088599552,2147483648,8045756416,0
200,1787750484605,3500,3500,3500,3500,3500,3500,3500,3500,3500,3500,3500,3500,3500,3500,3500,3500,3500,3500,3500,3500,0.6866073608398438,0.25763702392578125,2.8413772583007813,0.291259765625,0.28076934814453125,0.266876220703125,0.2985076904296875,0.25034332275390625,0.24124908447265625,0.3741607666015625,0.3398284912109375,0.2579345703125,0.3134002685546875,0.29421234130859375,0.24639129638671875,8.239616394042969,41.48420715332031,0.2110137939453125,60.32158279418945,2.688873291015625,0,196549.12860107422,208895.08282470703,0,34088599552,2147483648,8045682688,0
200,1787750484805,3500,3500,3500,3500,3500,3500,3500,3500,3500,3500,3500,3500,3500,3500,3500,3500,3500,3500,3500,3500,0.8267593383789063,2.7924346923828125,0.33487701416015625,0.31385040283203125,2.8205032348632813,0.251007080078125,2.817657470703125,0.26824188232421875,0.353363037109375,0.3300323486328125,0.4687042236328125,0.4524688720703125,0.29596710205078125,0.27513885498046875,0.24871063232421875,3.5540542602539063,79.90769958496094,2.6525650024414063,25.80109405517578,0.3387298583984375,0,196557.53436279297,208901.36895751953,0,34088599552,2147483648,8045514752,0
200,1787750485005,3500,3500,3500,3500,3500,3500,3500,3500,3500,3500,3500,3500,3500,3500,3500,3500,3500,3500,3500,3500,3.2682266235351563,0.24352264404296875,22.655433654785156,2.801544189453125,0.31183624267578125,0.24701690673828125,0.3245086669921875,0.2382354736328125,0.35390472412109375,1.7042007446289063,0.39267730712890625,0.45835113525390625,0.32491302490234375,2.8034439086914063,0.31383514404296875,6.533912658691406,43.73411178588867,0.22730255126953125,54.32465362548828,0.1959686279296875,0,196567.59405517578,208909.25622558594,0,34088599552,2147483648,8045744128,0
200,1787750485206,3500,3500,3500,3500,3500,3500,3500,3500,3500,3500,3500,3500,3500,3500,3500,3500,3500,3500,3500,3500,0.7847442626953125,0.2586212158203125,0.32177734375,0.26241302490234375,0.376251220703125,0.27339935302734375,0.25577545166015625,2.7993392944335938,2.7211074829101563,1.3645477294921875,2.8373870849609375,0.2340087890625,2.8683395385742188,0.3248748779296875,0.3116912841796875,3.9843521118164063,99.7491683959961,0.0829315185546875,0.648101806640625,0.428619384765625,0,196577.3724975586,208916.91790771484,0,34088599552,2147483648,8045707264,0
200,1787750485406,3500,3500,3500,3500,3500,3500,3500,3500,3500,3500,3500,3500,3500,3500,3500,3500,3500,3500,3500,3500,2.6056747436523438,0.42702484130859375,0.36258697509765625,0.31396484375,0.48827362060546875,2.9626235961914063,0.37286376953125,0.36817169189453125,0.2935028076171875,0.33423614501953125,0.30832672119140625,2.802490234375,0.4500885009765625,0.44029998779296875,2.8179702758789063,5.056465148925781,100,0.171112060546875,0.578216552734375,0.5660858154296875,0,196586.93328857422,208924.3359375,0,34088599552,2147483648,8038432768,0
200,1787750485606,3500,3500,3500,3500,3500,3500,3500,3500,3500,3500,3500,3500,3500,3500,3500,3500,3500,3500,3500,3500,0.6946487426757813,0.285797119140625,0.37540435791015625,0.36696624755859375,0.36017608642578125,0.243560791015625,0.35558319091796875,0.29563140869140625,0.393524169921875,0.36487579345703125,0.28659820556640625,0.31824493408203125,0.423828125,0.40590667724609375,0.3298797607421875,7.607902526855469,61.550453186035156,0.195037841796875,39.154727935791016,2.7606277465820313,0,196597.56219482422,208932.84197998047,0,34088599552,2147483648,8038006784,0
199,1787750485807,3500,3500,3500,3500,3500,3500,3500,3500,3500,3500,3500,3500,3500,3500,3500,3500,3500,3500,3500,3500,4.610145568847656,2.81488037109375,6.9836578369140625,0.27144622802734375,2.748748779296875,0.22492218017578125,2.8055496215820313,0.2560882568359375,0.431488037109375,0.33029937744140625,0.35947418212890625,0.443206787109375,0.34146881103515625,0.33493804931640625,0.18511962890625,30.28223419189453,64.85513305664063,2.6304092407226563,26.593910217285156,0.1531524658203125,0,196607.86303710938,208941.19940185547,0,34088599552,2147483648,8037621760,0
200,1787750486007,3500,3500,3500,3500,3500,3500,3500,3500,3500,3500,3500,3500,3500,3500,3500,3500,3500,3500,3500,3500,3.4368438720703125,0.38236236572265625,38.912052154541016,2.7857666015625,0.27960205078125,0.36797332763671875,0.2955474853515625,0.25011444091796875,0.49962615966796875,0.365020751953125,0.46503448486328125,0.5277633666992188,0.38116455078125,2.9083251953125,0.298248291015625,7.35955810546875,4.89422607421875,0.2964935302734375,55.816402435302734,0.22257232666015625,0,196617.16961669922,208948.69897460938,0,34088599552,2147483648,8037601280,0
200,1787750486207,3500,3500,3500,3500,3500,3500,3500,3500,3500,3500,3500,3500,3500,3500,3500,3500,3500,3500,3500,3500,0.8825225830078125,0.25040435791015625,0.39565277099609375,0.40863037109375,0.2680816650390625,0.28874969482421875,0.22054290771484375,2.795074462890625,2.7821884155273438,2.9115142822265625,2.8534927368164063,0.26468658447265625,2.797271728515625,0.30028533935546875,0.210906982421875,3.2039031982421875,100,0.12972259521484375,0.28580474853515625,0.302581787109375,0,196628.00164794922,208957.12506103516,0,34088599552,2147483648,8037601280,0
200,1787750486407,3500,3500,3500,3500,3500,3500,3500,3500,3500,3500,3500,3500,3500,3500,3500,3500,3500,3500,3500,3500,0.7338180541992188,0.32098388671875,15.141593933105469,0.33261871337890625,0.3487548828125,2.771942138671875,0.302947998046875,0.17652130126953125,0.2921600341796875,0.43921661376953125,0.1988525390625,2.7222442626953125,0.31658172607421875,0.26782989501953125,0.42388153076171875,4.682090759277344,81.03646087646484,0.14585113525390625,6.955986022949219,0.25054931640625,0,196636.84436035156,208963.76251220703,0,34088599552,2147483648,8038248448,0
200,1787750486608,3500,3500,3500,3500,3500,3500,3500,3500,3500,3500,3500,3500,3500,3500,3500,3500,3500,3500,3500,3500,0.7073440551757813,0.3000946044921875,0.46262359619140625,0.40270233154296875,0.300994873046875,0.27687835693359375,0.3184661865234375,0.37224578857421875,0.30188751220703125,0.340240478515625,0.339691162109375,0.27303314208984375,0.38652801513671875,0.38358306884765625,2.6496658325195313,7.8773345947265625,91.39640045166016,0.17276763916015625,9.277488708496094,2.8203277587890625,0,196647.85028076172,208972.43212890625,0,34088599552,2147483648,8037986304,0
200,1787750486808,3500,3500,3500,3500,3500,3500,3500,3500,3500,3500,3500,3500,3500,3500,3500,3500,3500,3500,3500,3500,0.9365386962890625,2.844482421875,2.9383468627929688,0.3991851806640625,2.8379440307617188,0.28618621826171875,2.8630142211914063,0.34178924560546875,0.337738037109375,0.3052215576171875,0.31540679931640625,0.22849273681640625,0.32375335693359375,0.30126953125,0.24327850341796875,10.152168273925781,94.87970733642578,2.6760406494140625,2.935699462890625,0.30861663818359375,0,196655.78356933594,208978.23413085938,0,34088599552,2147483648,8037634048,0
200,1787750487008,3500,3500,3500,3500,3500,3500,3500,3500,3500,3500,3500,3500,3500,3500,3500,3500,3500,3500,3500,3500,3.2382431030273438,0.31980133056640625,0.43320465087890625,2.9695281982421875,0.4597015380859375,0.37398529052734375,0.33636474609375,0.31496429443359375,0.412353515625,0.28682708740234375,0.45265960693359375,0.31272125244140625,0.3252410888671875,2.8018417358398438,0.21652984619140625,8.533248901367188,82.69757080078125,0.13755035400390625,15.8629150390625,0.34809112548828125,0,196663.2989501953,208983.6343383789,0,34088599552,2147483648,8037769216,0
200,1787750487209,3500,3500,3500,3500,3500,3500,3500,3500,3500,3500,3500,3500,3500,3500,3500,3500,3500,3500,3500,3500,7.943672180175781,0.27956390380859375,1.9424362182617188,0.38101959228515625,0.3960418701171875,0.3612060546875,0.368743896484375,2.8433151245117188,2.8679656982421875,2.8296432495117188,2.8627777099609375,0.237396240234375,2.8279495239257813,0.2577056884765625,0.1678314208984375,17.30467987060547,79.05313110351563,0.1296539306640625,8.249885559082031,0.30571746826171875,0,196672.61950683594,208990.80450439453,0,34088599552,2147483648,8037109760,0
200,1787750487409,3500,3500,3500,3500,3500,3500,3500,3500,3500,3500,3500,3500,3500,3500,3500,3500,3500,3500,3500,3500,0.7746658325195313,0.32476043701171875,0.444610595703125,0.42908477783203125,0.5068588256835938,3.015045166015625,0.439971923828125,0.39349365234375,0.2779388427734375,0.304840087890625,0.30803680419921875,2.8796157836914063,0.3158721923828125,0.350616455078125,0.28462982177734375,3.277557373046875,100,0.16562652587890625,0.43682098388671875,0.4423675537109375,0,196680.9464111328,208996.99407958984,0,34088599552,2147483648,8037109760,0
200,1787750487609,3500,3500,3500,3500,3500,3500,3500,3500,3500,3500,3500,3500,3500,3500,3500,3500,3500,3500,3500,3500,0.6246871948242188,0.19115447998046875,0.333099365234375,0.34169769287109375,0.4010009765625,0.30157470703125,0.294830322265625,0.40360260009765625,0.13320159912109375,0.26865386962890625,0.23412322998046875,0.203399658203125,0.23462677001953125,0.213592529296875,2.693206787109375,16.27123260498047,93.33024597167969,0.07733917236328125,0.5035781860351563,2.8202056884765625,0,196690.1524658203,209004.0796508789,0,34088599552,2147483648,8036941824,0
200,1787750487810,3500,3500,3500,3500,3500,3500,3500,3500,3500,3500,3500,3500,3500,3500,3500,3500,3500,3500,3500,3500,0.7847671508789063,2.81451416015625,2.92437744140625,0.38886260986328125,2.9838485717773438,0.33977508544921875,2.8869247436523438,0.46941375732421875,0.2900390625,0.2900848388671875,0.3058624267578125,0.257476806640625,0.39620208740234375,0.36194610595703125,0.26751708984375,8.508750915527344,100,2.6619033813476563,4.0204925537109375,0.3591461181640625,0,196698.07818603516,209009.87890625,0,34088599552,2147483648,8037605376,0
200,1787750488010,3500,3500,3500,3500,3500,3500,3500,3500,3500,3500,3500,3500,3500,3500,3500,3500,3500,3500,3500,3500,3.2867202758789063,0.31259918212890625,0.3738861083984375,2.8838577270507813,0.49037933349609375,0.4078521728515625,0.43677520751953125,0.4459686279296875,0.41884613037109375,0.78973388671875,0.3316802978515625,0.320892333984375,0.3674468994140625,2.8508453369140625,0.2953643798828125,4.90625,54.687889099121094,0.2117462158203125,47.244590759277344,0.25215911865234375,0,196707.3267211914,209016.9965209961,0,34088599552,2147483648,8037801984,0
200,1787750488210,3500,3500,3500,3500,3500,3500,3500,3500,3500,3500,3500,3500,3500,3500,3500,3500,3500,3500,3500,3500,0.7366409301757813,0.25920867919921875,68.62858581542969,0.14705657958984375,0.30399322509765625,0.31291961669921875,0.32318878173828125,2.797943115234375,2.7636337280273438,2.7626876831054688,2.7135696411132813,0.2747650146484375,2.87359619140625,0.30702972412109375,0.24135589599609375,4.449790954589844,3.5150375366210938,0.25791168212890625,31.023788452148438,0.22235870361328125,0,196717.24438476563,209024.78216552734,0,34088599552,2147483648,8038694912,0
200,1787750488411,3500,3500,3500,3500,3500,3500,3500,3500,3500,3500,3500,3500,3500,3500,3500,3500,3500,3500,3500,3500,0.711029052734375,0.30401611328125,2.5824508666992188,0.29572296142578125,0.46263885498046875,0.4575958251953125,0.4813079833984375,0.372314453125,0.3720703125,0.2537384033203125,0.2614288330078125,2.81561279296875,0.5096664428710938,0.5080184936523438,0.3014678955078125,6.363731384277344,78.83163452148438,0.18343353271484375,28.404296875,0.2579803466796875,0,196726.97412109375,209032.38208007813,0,34088599552,2147483648,8038096896,0
200,1787750488611,3500,3500,3500,3500,3500,3500,3500,3500,3500,3500,3500,3500,3500,3500,3500,3500,3500,3500,3500,3500,4.447502136230469,0.36602020263671875,3.496368408203125,0.328094482421875,0.28362274169921875,2.8414306640625,0.3611297607421875,0.266204833984375,0.30648040771484375,0.837249755859375,0.310821533203125,0.31386566162109375,3.2650985717773438,0.34371185302734375,2.7132720947265625,16.20854949951172,85.15103149414063,0.1321563720703125,16.267539978027344,2.7956161499023438,0,196738.37176513672,209041.61517333984,0,34088599552,2147483648,8043323392,0
200,1787750488811,3500,3500,3500,3500,3500,3500,3500,3500,3500,3500,3500,3500,3500,3500,3500,3500,3500,3500,3500,3500,1.0526657104492188,2.8643417358398438,2.9031524658203125,0.34319305419921875,2.8228836059570313,0.29988861083984375,2.8040008544921875,0.30133819580078125,0.39559173583984375,0.5235061645507813,0.420013427734375,0.4588775634765625,0.38829803466796875,0.4121246337890625,0.24884033203125,4.197715759277344,100,2.66424560546875,2.8227310180664063,0.33455657958984375,0,196746.24981689453,209047.3720703125,0,34088599552,2147483648,8042991616,0
200,1787750489011,3500,3500,3500,3500,3500,3500,3500,3500,3500,3500,3500,3500,3500,3500,3500,3500,3500,3500,3500,3500,3.2117767333984375,0.298583984375,0.33637237548828125,2.8552398681640625,0.29958343505859375,0.311614990234375,0.27217864990234375,0.24971771240234375,0.4264678955078125,0.5012359619140625,0.499542236328125,0.45825958251953125,0.396514892578125,2.9394454956054688,0.33472442626953125,6.765159606933594,41.714927673339844,0.21782684326171875,60.5865592956543,0.21248626708984375,0,196754.75018310547,209053.7553100586,0,34088599552,2147483648,8043474944,0
200,1787750489212,3500,3500,3500,3500,3500,3500,3500,3500,3500,3500,3500,3500,3500,3500,3500,3500,3500,3500,3500,3500,0.83880615234375,0.2447509765625,0.31473541259765625,0.30794525146484375,0.28545379638671875,0.33203887939453125,0.28570556640625,2.7986221313476563,2.8764801025390625,2.8366775512695313,2.8709487915039063,0.3236083984375,2.9202728271484375,0.38730621337890625,0.2380218505859375,6.007896423339844,63.284568786621094,0.18175506591796875,35.9837646484375,0.259613037109375,0,196763.02893066406,209059.896484375,0,34088599552,2147483648,8043470848,0
200,1787750489412,3500,3500,3500,3500,3500,3500,3500,3500,3500,3500,3500,3500,3500,3500,3500,3500,3500,3500,3500,3500,2.3575820922851563,0.26837158203125,0.26493072509765625,0.285400390625,0.5151748657226563,0.26772308349609375,0.26003265380859375,0.27910614013671875,0.310760498046875,0.4193115234375,0.36698150634765625,2.7985076904296875,0.3731231689453125,0.37677001953125,0.2587890625,14.239303588867188,28.145423889160156,0.20256805419921875,65.60208129882813,0.18753814697265625,0,196771.46771240234,209066.20147705078,0,34088599552,2147483648,8043114496,0
200,1787750489613,3500,3500,3500,3500,3500,3500,3500,3500,3500,3500,3500,3500,3500,3500,3500,3500,3500,3500,3500,3500,0.6069488525390625,0.35187530517578125,0.307037353515625,0.29521942138671875,8.316299438476563,2.9482955932617188,0.3927764892578125,0.4129791259765625,0.32714080810546875,15.922111511230469,2.1701278686523438,0.34210205078125,0.33457183837890625,0.34589385986328125,2.794830322265625,14.285514831542969,26.452430725097656,0.21816253662109375,67.18433380126953,2.6951751708984375,0,196780.77404785156,209073.37725830078,0,34088599552,2147483648,8042921984,0
200,1787750489813,3500,3500,3500,3500,3500,3500,3500,3500,3500,3500,3500,3500,3500,3500,3500,3500,3500,3500,3500,3500,0.9279861450195313,2.8293609619140625,2.829315185546875,0.29801177978515625,2.8593292236328125,0.4279632568359375,2.9272537231445313,0.37841796875,0.42806243896484375,0.33916473388671875,0.33112335205078125,0.37342071533203125,0.3092498779296875,0.28781890869140625,0.25011444091796875,15.019927978515625,73.01580810546875,2.7079010009765625,18.43956756591797,0.32437896728515625,0,196791.07385253906,209081.5464477539,0,34088599552,2147483648,8042520576,0
200,1787750490013,3500,3500,3500,3500,3500,3500,3500,3500,3500,3500,3500,3500,3500,3500,3500,3500,3500,3500,3500,3500,3.2427978515625,0.25415802001953125,4.0192413330078125,2.7778549194335938,0.43703460693359375,0.41931915283203125,0.34384918212890625,0.33885955810546875,0.40529632568359375,0.5141067504882813,0.32593536376953125,0.430999755859375,0.25201416015625,2.7549972534179688,0.17429351806640625,5.079200744628906,77.1612548828125,0.11071014404296875,24.809005737304688,0.19945526123046875,0,196800.92388916016,209089.26721191406,0,34088599552,2147483648,8042196992,0
200,1787750490213,3500,3500,3500,3500,3500,3500,3500,3500,3500,3500,3500,3500,3500,3500,3500,3500,3500,3500,3500,3500,2.6201171875,0.27603912353515625,15.790420532226563,0.2448272705078125,0.3629913330078125,0.380126953125,0.36414337158203125,2.853607177734375,2.8599014282226563,3.066619873046875,2.8007659912109375,0.33766937255859375,3.3321685791015625,0.31954193115234375,0.22739410400390625,14.782150268554688,45.870399475097656,0.17675018310546875,39.10022735595703,0.22674560546875,0,196810.26922607422,209096.47528076172,0,34088599552,2147483648,8042000384,0
199,1787750490414,3500,3500,3500,3500,3500,3500,3500,3500,3500,3500,3500,3500,3500,3500,3500,3500,3500,3500,3500,3500,0.7097091674804688,0.2894287109375,0.681060791015625,0.3115386962890625,0.45026397705078125,0.25020599365234375,0.24346923828125,0.30200958251953125,0.32730865478515625,0.4549102783203125,0.38100433349609375,0.2889862060546875,0.3167266845703125,0.3554534912109375,0.27086639404296875,11.613845825195313,65.80967712402344,0.135833740234375,28.050819396972656,0.26143646240234375,0,196820.0281982422,209104.10418701172,0,34088599552,2147483648,8036724736,0
200,1787750490614,3500,3500,3500,3500,3500,3500,3500,3500,3500,3500,3500,3500,3500,3500,3500,3500,3500,3500,3500,3500,0.7368927001953125,0.30457305908203125,23.33411407470703,0.36559295654296875,0.30966949462890625,2.9329605102539063,0.28557586669921875,0.29262542724609375,0.302825927734375,0.7103500366210938,0.31006622314453125,2.85894775390625,0.32886505126953125,0.299072265625,2.77947998046875,6.7631988525390625,78.80823516845703,0.17992401123046875,0.6926116943359375,2.8587417602539063,0,196829.8510131836,209111.80072021484,0,34088599552,2147483648,8036581376,0
200,1787750490814,3500,3500,3500,3500,3500,3500,3500,3500,3500,3500,3500,3500,3500,3500,3500,3500,3500,3500,3500,3500,1.0503158569335938,2.7454910278320313,23.684646606445313,0.35504150390625,1.1243820190429688,0.37249755859375,2.8724212646484375,0.270111083984375,0.2565460205078125,0.47084808349609375,0.28617095947265625,0.224029541015625,0.27799224853515625,0.26038360595703125,0.24108123779296875,13.088539123535156,76.8783187866211,2.67816162109375,8.848663330078125,0.29230499267578125,0,196838.69635009766,209118.4833984375,0,34088599552,2147483648,8037294080,0
200,1787750491015,3500,3500,3500,3500,3500,3500,3500,3500,3500,3500,3500,3500,3500,3500,3500,3500,3500,3500,3500,3500,3.2540969848632813,0.3054351806640625,10.150863647460938,2.8131256103515625,1.8943710327148438,0.1763458251953125,0.27141571044921875,0.31917572021484375,0.26647186279296875,0.37242889404296875,0.3437042236328125,0.33721160888671875,0.26232147216796875,2.7888031005859375,0.2809600830078125,10.388908386230469,33.274269104003906,0.21031951904296875,55.62843322753906,0.156463623046875,0,196847.99249267578,209125.6697998047,0,34088599552,2147483648,8037265408,0
200,1787750491215,3500,3500,3500,3500,3500,3500,3500,3500,3500,3500,3500,3500,3500,3500,3500,3500,3500,3500,3500,3500,0.8786773681640625,0.302154541015625,0.31168365478515625,0.3008575439453125,0.32714080810546875,0.225341796875,0.26270294189453125,2.7649688720703125,2.8842239379882813,2.8817825317382813,2.8509597778320313,0.39971160888671875,2.8025283813476563,0.28155517578125,0.2951202392578125,3.0334091186523438,46.58039474487305,0.17606353759765625,54.639190673828125,0.19127655029296875,0,196857.18621826172,209132.84716796875,0,34088599552,2147483648,8037249024,0
200,1787750491415,3500,3500,3500,3500,3500,3500,3500,3500,3500,3500,3500,3500,3500,3500,3500,3500,3500,3500,3500,3500,3.2110443115234375,0.32527923583984375,3.4473953247070313,0.33861541748046875,0.3442535400390625,0.35443878173828125,0.36273193359375,0.43688201904296875,0.23863983154296875,0.37531280517578125,0.31468963623046875,0.31319427490234375,0.34180450439453125,0.31903839111328125,0.2581634521484375,12.034690856933594,76.99549865722656,0.198394775390625,20.629478454589844,0.28238677978515625,0,196866.8475341797,209140.54669189453,0,34088599552,2147483648,8037244928,0
200,1787750491616,3500,3500,3500,3500,3500,3500,3500,3500,3500,3500,3500,3500,3500,3500,3500,3500,3500,3500,3500,3500,1.9668655395507813,0.30025482177734375,2.9294815063476563,0.30269622802734375,0.37099456787109375,2.9511947631835938,0.372894287109375,0.44518280029296875,0.28647613525390625,0.403045654296875,0.20224761962890625,2.7824020385742188,0.33005523681640625,0.2787322998046875,2.7232894897460938,20.287094116210938,24.550636291503906,0.22486114501953125,73.57526397705078,2.6832962036132813,0,196876.45678710938,209148.06866455078,0,34088599552,2147483648,8036552704,0
200,1787750491816,3500,3500,3500,3500,3500,3500,3500,3500,3500,3500,3500,3500,3500,3500,3500,3500,3500,3500,3500,3500,0.798004150390625,2.8756790161132813,2.873931884765625,0.322418212890625,0.40673828125,0.4545135498046875,2.909576416015625,0.40828704833984375,0.37339019775390625,0.35536956787109375,0.31333160400390625,0.26670074462890625,0.44083404541015625,0.39400482177734375,0.2783355712890625,10.965476989746094,43.40108871459961,2.758209228515625,52.57510757446289,0.23204803466796875,0,196885.7299194336,209154.86053466797,0,34088599552,2147483648,8036331520,0
199,1787750492016,3500,3500,3500,3500,3500,3500,3500,3500,3500,3500,3500,3500,3500,3500,3500,3500,3500,3500,3500,3500,3.1870651245117188,0.2590179443359375,0.8752059936523438,2.812469482421875,2.843231201171875,0.30237579345703125,0.28629302978515625,0.24383544921875,0.2525787353515625,0.6836624145507813,0.23149871826171875,0.298126220703125,0.3805389404296875,2.9045181274414063,0.31116485595703125,4.743988037109375,93.84028625488281,0.12616729736328125,9.681159973144531,0.3324432373046875,0,196894.16888427734,209161.169921875,0,34088599552,2147483648,8036315136,0
200,1787750492216,3500,3500,3500,3500,3500,3500,3500,3500,3500,3500,3500,3500,3500,3500,3500,3500,3500,3500,3500,3500,0.9561309814453125,0.2618865966796875,7.4326019287109375,0.2878265380859375,0.2400970458984375,0.260986328125,0.28142547607421875,2.808319091796875,2.7563934326171875,2.828460693359375,2.7772369384765625,0.2970733642578125,3.1582183837890625,0.37218475341796875,0.2435455322265625,12.515670776367188,78.6546401977539,0.12914276123046875,9.608993530273438,0.26548004150390625,0,196903.71740722656,209168.56408691406,0,34088599552,2147483648,8037707776,0
200,1787750492416,3500,3500,3500,3500,3500,3500,3500,3500,3500,3500,3500,3500,3500,3500,3500,3500,3500,3500,3500,3500,0.726654052734375,0.31060028076171875,0.7013626098632813,0.3058013916015625,0.36582183837890625,0.31055450439453125,0.45438385009765625,0.3009033203125,0.406707763671875,0.3529815673828125,0.3817138671875,0.3858184814453125,0.42389678955078125,0.40740203857421875,0.26062774658203125,3.7385101318359375,100,0.1437835693359375,2.0422210693359375,0.35817718505859375,0,196911.7015991211,209174.470703125,0,34088599552,2147483648,8037986304,0
200,1787750492617,3500,3500,3500,3500,3500,3500,3500,3500,3500,3500,3500,3500,3500,3500,3500,3500,3500,3500,3500,3500,0.7218170166015625,0.30472564697265625,0.30806732177734375,0.34633636474609375,0.35855865478515625,2.8944931030273438,0.4145965576171875,0.2873077392578125,0.32527923583984375,0.32363128662109375,0.30706787109375,2.7978439331054688,0.43016815185546875,0.42392730712890625,2.782623291015625,5.331275939941406,100,0.1459503173828125,0.39807891845703125,2.94818115234375,0,196920.27673339844,209180.91229248047,0,34088599552,2147483648,8037871616,0
200,1787750492817,3500,3500,3500,3500,3500,3500,3500,3500,3500,3500,3500,3500,3500,3500,3500,3500,3500,3500,3500,3500,0.9028778076171875,2.7190017700195313,2.9548416137695313,0.2614288330078125,0.2194366455078125,0.28995513916015625,2.7425918579101563,0.24262237548828125,0.27434539794921875,0.258880615234375,0.1897125244140625,0.21096038818359375,0.3233184814453125,0.32012939453125,0.21604156494140625,6.284919738769531,99.97501373291016,2.63531494140625,0.5634002685546875,0.33274078369140625,0,196929.1382446289,209187.63916015625,0,34088599552,2147483648,8037752832,0
200,1787750493018,3500,3500,3500,3500,3500,3500,3500,3500,3500,3500,3500,3500,3500,3500,3500,3500,3500,3500,3500,3500,3.2741241455078125,0.2584381103515625,24.866104125976563,2.7735824584960938,3.6826934814453125,0.29084014892578125,0.257232666015625,0.20940399169921875,0.38401031494140625,1.0784759521484375,0.2975311279296875,0.39688873291015625,0.33342742919921875,2.84228515625,0.218292236328125,18.02197265625,47.32136154174805,0.184539794921875,27.33251190185547,0.24445343017578125,0,196938.10858154297,209194.47790527344,0,34088599552,2147483648,8038518784,0
200,1787750493218,3500,3500,3500,3500,3500,3500,3500,3500,3500,3500,3500,3500,3500,3500,3500,3500,3500,3500,3500,3500,0.8987808227539063,0.29766082763671875,14.275932312011719,0.34746551513671875,0.27715301513671875,0.293670654296875,0.29042816162109375,2.8194961547851563,2.965057373046875,2.8836669921875,2.9156570434570313,0.348114013671875,1.95111083984375,0.28504180908203125,0.24172210693359375,21.5361328125,60.17293930053711,0.1867828369140625,8.310333251953125,0.27954864501953125,0,196947.5478515625,209201.77197265625,0,34088599552,2147483648,8038461440,0
200,1787750493418,3500,3500,3500,3500,3500,3500,3500,3500,3500,3500,3500,3500,3500,3500,3500,3500,3500,3500,3500,3500,2.4317855834960938,0.29022979736328125,0.4043426513671875,0.47322845458984375,0.33860015869140625,0.338897705078125,0.29941558837890625,0.2623748779296875,0.514312744140625,0.40848541259765625,0.38018035888671875,0.40903472900390625,1.2913970947265625,0.376983642578125,0.2454986572265625,4.973548889160156,100,0.15160369873046875,0.49678802490234375,0.29282379150390625,0,196956.28057861328,209208.38891601563,0,34088599552,2147483648,8038219776,0
199,1787750493619,3500,3500,3500,3500,3500,3500,3500,3500,3500,3500,3500,3500,3500,3500,3500,3500,3500,3500,3500,3500,2.8054351806640625,0.22998809814453125,4.3577728271484375,0.347900390625,0.23552703857421875,2.707977294921875,0.28447723388671875,0.21756744384765625,0.41876220703125,1.1055374145507813,0.3101806640625,2.9325790405273438,0.34326171875,0.3235015869140625,2.7337799072265625,10.370437622070313,49.496559143066406,0.13472747802734375,11.921333312988281,2.7858734130859375,0,196966.3236694336,209216.28576660156,0,34088599552,2147483648,8037994496,0
200,1787750493819,3500,3500,3500,3500,3500,3500,3500,3500,3500,3500,3500,3500,3500,3500,3500,3500,3500,3500,3500,3500,0.9874420166015625,2.8342361450195313,6.0212860107421875,0.337127685546875,0.32427978515625,0.288299560546875,2.861968994140625,0.31998443603515625,0.5160140991210938,0.44384002685546875,0.44379425048828125,0.47118377685546875,0.4268951416015625,0.42984771728515625,0.2643585205078125,12.040374755859375,66.82991027832031,0.2138214111328125,8.154121398925781,0.3904571533203125,0,196974.09143066406,209221.90887451172,0,34088599552,2147483648,8037949440,0
199,1787750494019,3500,3500,3500,3500,3500,3500,3500,3500,3500,3500,3500,3500,3500,3500,3500,3500,3500,3500,3500,3500,5.881889343261719,0.26900482177734375,8.638450622558594,2.7776412963867188,2.9675216674804688,0.49300384521484375,0.34563446044921875,0.3088226318359375,0.49370574951171875,1.03326416015625,0.5689849853515625,0.5413131713867188,8.151542663574219,2.797271728515625,0.2280426025390625,15.991767883300781,66.87225341796875,2.7360305786132813,13.688095092773438,0.2960357666015625,0,196982.6322631836,209228.2735595703,0,34088599552,2147483648,8039723008,0
200,1787750494219,3500,3500,3500,3500,3500,3500,3500,3500,3500,3500,3500,3500,3500,3500,3500,3500,3500,3500,3500,3500,0.8583908081054688,0.28060150146484375,0.38506317138671875,0.30564117431640625,0.321685791015625,0.34307861328125,0.35427093505859375,2.7621078491210938,2.9842758178710938,4.235076904296875,3.0107192993164063,0.42644500732421875,0.3138885498046875,0.31838226318359375,0.2415618896484375,5.195732116699219,80.15707397460938,0.165191650390625,20.75989532470703,0.2734527587890625,0,196990.68975830078,209234.20086669922,0,34088599552,2147483648,8039665664,0
199,1787750494419,3500,3500,3500,3500,3500,3500,3500,3500,3500,3500,3500,3500,3500,3500,3500,3500,3500,3500,3500,3500,0.8940963745117188,0.3601226806640625,0.23261260986328125,0.3250732421875,0.3174896240234375,0.34789276123046875,0.399017333984375,0.3681640625,0.25247955322265625,0.3938751220703125,0.26766204833984375,0.35413360595703125,2.8032150268554688,0.27320098876953125,0.22212982177734375,12.493789672851563,94.0713882446289,0.12267303466796875,0.2870330810546875,0.28678131103515625,0,196999.8701171875,209241.25439453125,0,34088599552,2147483648,8039641088,0
200,1787750494619,3500,3500,3500,3500,3500,3500,3500,3500,3500,3500,3500,3500,3500,3500,3500,3500,3500,3500,3500,3500,0.914215087890625,0.31296539306640625,3.494842529296875,0.3212127685546875,0.31381988525390625,2.86920166015625,0.29521942138671875,0.27072906494140625,0.29732513427734375,0.78399658203125,0.28227996826171875,2.8330612182617188,0.38069915771484375,0.35550689697265625,2.7516860961914063,17.84100341796875,31.675796508789063,0.23104095458984375,31.121192932128906,2.811065673828125,0,197009.11248779297,209248.35717773438,0,34088599552,2147483648,8038350848,0
199,1787750494820,3500,3500,3500,3500,3500,3500,3500,3500,3500,3500,3500,3500,3500,3500,3500,3500,3500,3500,3500,3500,0.8495635986328125,2.8235244750976563,4.0877227783203125,0.4034576416015625,0.310546875,0.3094024658203125,2.8379898071289063,0.2928466796875,0.42246246337890625,0.4982147216796875,0.4036102294921875,0.5107345581054688,0.40161895751953125,0.39792633056640625,0.254241943359375,12.427696228027344,7.86090087890625,0.255340576171875,9.327926635742188,0.28028106689453125,0,197016.04583740234,209253.13092041016,0,34088599552,2147483648,8038309888,0
200,1787750495020,3500,3500,3500,3500,3500,3500,3500,3500,3500,3500,3500,3500,3500,3500,3500,3500,3500,3500,3500,3500,3.4974822998046875,0.261993408203125,3.8722991943359375,0.27364349365234375,2.7799911499023438,0.24054718017578125,0.2588958740234375,0.25274658203125,0.36406707763671875,0.493438720703125,0.34882354736328125,0.47429656982421875,0.3606719970703125,2.8804702758789063,0.2010040283203125,19.66724395751953,18.921104431152344,2.7674407958984375,10.926010131835938,0.26404571533203125,0,197023.41766357422,209258.33978271484,0,34088599552,2147483648,8038825984,0
199,1787750495220,3500,3500,3500,3500,3500,3500,3500,3500,3500,3500,3500,3500,3500,3500,3500,3500,3500,3500,3500,3500,1.1410903930664063,0.194000244140625,1.2181015014648438,2.8204193115234375,0.23313140869140625,0.2722625732421875,0.33080291748046875,2.7761993408203125,2.9411468505859375,3.1094436645507813,2.9253311157226563,0.36539459228515625,0.5092849731445313,0.48607635498046875,0.27550506591796875,20.166160583496094,18.211380004882813,0.230438232421875,3.7493438720703125,0.31093597412109375,0,197031.6788330078,209264.4369506836,0,34088599552,2147483648,8039063552,0
200,1787750495420,3500,3500,3500,3500,3500,3500,3500,3500,3500,3500,3500,3500,3500,3500,3500,3500,3500,3500,3500,3500,0.9974441528320313,0.13983154296875,0.30120086669921875,0.25431060791015625,0.2633056640625,0.185821533203125,0.269561767578125,0.26296234130859375,0.23691558837890625,0.32830047607421875,0.2374114990234375,0.19426727294921875,2.8307647705078125,0.2614593505859375,0.17592620849609375,17.128555297851563,6.403114318847656,0.2679595947265625,2.0946731567382813,0.24976348876953125,0,197040.0108642578,209270.62957763672,0,34088599552,2147483648,8039063552,0
200,1787750495621,3500,3500,3500,3500,3500,3500,3500,3500,3500,3500,3500,3500,3500,3500,3500,3500,3500,3500,3500,3500,1.1720352172851563,0.24664306640625,0.673248291015625,0.42205810546875,0.3226165771484375,2.7782135009765625,0.30987548828125,0.297393798828125,0.2881011962890625,0.2526397705078125,0.29449462890625,2.8341522216796875,0.2928924560546875,0.34339141845703125,2.7840576171875,12.803543090820313,16.526718139648438,0.29769134521484375,4.2580718994140625,2.8304595947265625,0,197048.39916992188,209276.85717773438,0,34088599552,2147483648,8038072320,0
200,1787750495821,3500,3500,3500,3500,3500,3500,3500,3500,3500,3500,3500,3500,3500,3500,3500,3500,3500,3500,3500,3500,0.870391845703125,2.438385009765625,2.6618118286132813,0.1141357421875,0.01049041748046875,0,2.5046234130859375,0,0,0.4276275634765625,0,0.0498504638671875,0.01728057861328125,0,0,20.304046630859375,13.408576965332031,0.04080963134765625,0.27072906494140625,0.003692626953125,0,197056.0258178711,209282.31201171875,0,34088599552,2147483648,8038236160,0
200,1787750496021,3500,3500,3500,3500,3500,3500,3500,3500,3500,3500,3500,3500,3500,3500,3500,3500,3500,3500,3500,3500,3.7402572631835938,0.3699493408203125,0.6074905395507813,0.5991897583007813,2.9937667846679688,0.5344390869140625,0.413818359375,0.4578399658203125,0.480926513671875,0.9917221069335938,0.467132568359375,0.47248077392578125,0.48836517333984375,0.4939117431640625,0.431304931640625,14.94573974609375,12.785408020019531,3.0122528076171875,4.455970764160156,0.5033111572265625,0,197064.03491210938,209288.17193603516,0,34088599552,2147483648,8040321024,0
200,1787750496221,3500,3500,3500,3500,3500,3500,3500,3500,3500,3500,3500,3500,3500,3500,3500,3500,3500,3500,3500,3500,1.3180770874023438,0.312469482421875,0.5290069580078125,3.0422210693359375,0.3999786376953125,0.40416717529296875,0.39788055419921875,2.9247665405273438,3.0179595947265625,2.9279098510742188,2.8421554565429688,0.40057373046875,0.48583221435546875,3.0295867919921875,0.3455657958984375,17.667556762695313,11.426078796386719,0.39348602294921875,0.45238494873046875,0.43865966796875,0,197071.04266357422,209293.05334472656,0,34088599552,2147483648,8040853504,0
200,1787750496422,3500,3500,3500,3500,3500,3500,3500,3500,3500,3500,3500,3500,3500,3500,3500,3500,3500,3500,3500,3500,5.1899261474609375,0.1968841552734375,6.071990966796875,0.33385467529296875,0.4252777099609375,0.29195404052734375,0.31722259521484375,0.34763336181640625,0.2976531982421875,0.27178192138671875,0.26769256591796875,0.23493194580078125,2.9014511108398438,0.3798370361328125,0.22864532470703125,15.208465576171875,21.445640563964844,0.24642181396484375,8.109603881835938,0.27452850341796875,0,197077.85528564453,209297.69213867188,0,34088599552,2147483648,8045387776,0
199,1787750496622,3500,3500,3500,3500,3500,3500,3500,3500,3500,3500,3500,3500,3500,3500,3500,3500,3500,3500,3500,3500,1.017059326171875,0.28790283203125,0.5804901123046875,0.3603668212890625,0.406494140625,3.066986083984375,0.4191131591796875,0.44055938720703125,0.23773193359375,0.34340667724609375,0.30290985107421875,2.8781204223632813,0.3997650146484375,0.40679168701171875,2.776092529296875,15.158424377441406,8.220199584960938,0.34101104736328125,4.941314697265625,0.3241119384765625,0,197084.7582397461,209302.43878173828,0,34088599552,2147483648,8045187072,0
200,1787750496822,3500,3500,3500,3500,3500,3500,3500,3500,3500,3500,3500,3500,3500,3500,3500,3500,3500,3500,3500,3500,1.2332077026367188,2.6968917846679688,2.8246917724609375,0.27850341796875,0.316436767578125,0.42549896240234375,2.8542861938476563,0.35912322998046875,0.2497100830078125,0.218475341796875,0.22226715087890625,0.27405548095703125,0.3729705810546875,0.36167144775390625,0.225372314453125,14.177452087402344,12.68963623046875,0.24111175537109375,2.0995559692382813,2.7998504638671875,0,197093.50817871094,209309.04595947266,0,34088599552,2147483648,8047087616,0
199,1787750497022,3500,3500,3500,3500,3500,3500,3500,3500,3500,3500,3500,3500,3500,3500,3500,3500,3500,3500,3500,3500,3.6267776489257813,0.21221160888671875,0.31472015380859375,0.3256988525390625,2.83837890625,0.35614776611328125,0.34551239013671875,0.306732177734375,0.27124786376953125,0.30908203125,0.2924652099609375,0.25273895263671875,0.32984161376953125,0.3310394287109375,0.23047637939453125,16.22820281982422,17.229019165039063,2.7967071533203125,6.4261322021484375,0.2954559326171875,0,197100.216796875,209313.57598876953,0,34088599552,2147483648,8045576192,0
200,1787750497223,3500,3500,3500,3500,3500,3500,3500,3500,3500,3500,3500,3500,3500,3500,3500,3500,3500,3500,3500,3500,1.1657791137695313,0.23526763916015625,0.3166351318359375,2.9011077880859375,0.310638427734375,0.31943511962890625,0.338531494140625,2.8747177124023438,0.4100494384765625,2.9560394287109375,2.8862152099609375,0.34197998046875,0.31658935546875,2.8420257568359375,0.24401092529296875,10.38836669921875,9.879295349121094,0.28730010986328125,3.1771087646484375,0.31293487548828125,0,197108.04571533203,209319.29150390625,0,34088599552,2147483648,8047013888,0
200,1787750497423,3500,3500,3500,3500,3500,3500,3500,3500,3500,3500,3500,3500,3500,3500,3500,3500,3500,3500,3500,3500,2.5981369018554688,0.20511627197265625,0.62933349609375,0.3040008544921875,0.378753662109375,0.4122314453125,0.34002685546875,0.3159942626953125,2.83453369140625,0.318939208984375,0.28975677490234375,0.30374908447265625,2.8922958374023438,0.33522796630859375,0.227203369140625,13.500755310058594,10.258537292480469,0.2956085205078125,2.3554458618164063,0.29061126708984375,0,197115.75396728516,209324.86541748047,0,34088599552,2147483648,8046317568,0
200,1787750497623,3500,3500,3500,3500,3500,3500,3500,3500,3500,3500,3500,3500,3500,3500,3500,3500,3500,3500,3500,3500,0.9128799438476563,0.25179290771484375,0.364654541015625,0.34485626220703125,0.4620513916015625,2.89996337890625,0.35657501220703125,0.34405517578125,0.2594757080078125,1.0930099487304688,0.2516937255859375,2.8278961181640625,0.39373016357421875,0.3760223388671875,2.7338409423828125,11.213996887207031,4.2583770751953125,0.26251983642578125,2.4410552978515625,0.29084014892578125,0,197123.07580566406,209330.37127685547,0,34088599552,2147483648,8046268416,0
200,1787750497824,3500,3500,3500,3500,3500,3500,3500,3500,3500,3500,3500,3500,3500,3500,3500,3500,3500,3500,3500,3500,1.44268798828125,2.7456588745117188,3.12335205078125,0.40068817138671875,0.47415924072265625,0.4964599609375,2.9944076538085938,0.4617919921875,0.291900634765625,0.42163848876953125,0.26092529296875,0.39180755615234375,0.356842041015625,0.3473663330078125,0.2568359375,12.098747253417969,9.493904113769531,0.26236724853515625,3.0722732543945313,2.803466796875,0,197131.08337402344,209336.31939697266,0,34088599552,2147483648,8045416448,0
199,1787750498024,3500,3500,3500,3500,3500,3500,3500,3500,3500,3500,3500,3500,3500,3500,3500,3500,3500,3500,3500,3500,0.9607009887695313,0.2300262451171875,0.3224639892578125,0.311431884765625,2.9037857055664063,0.3121795654296875,0.379547119140625,0.34523773193359375,0.41805267333984375,0.39553070068359375,0.46494293212890625,0.5000534057617188,0.41291046142578125,0.39687347412109375,0.21759033203125,11.27728271484375,7.618255615234375,2.7974090576171875,5.3307342529296875,0.32801055908203125,0,197137.87103271484,209340.578125,0,34088599552,2147483648,8045559808,0
203,1787750498224,3500,3500,3500,3500,3500,3500,3500,3500,3500,3500,3500,3500,3500,3500,3500,3500,3500,3500,3500,3500,3.534393310546875,0.176849365234375,0.24603271484375,2.7965927124023438,0.39429473876953125,0.3974456787109375,0.2987213134765625,2.973846435546875,0.3241119384765625,3.4600601196289063,0.38519287109375,0.4516754150390625,0.26842498779296875,2.8061370849609375,0.17800140380859375,14.522010803222656,6.2233123779296875,0.22119140625,0.3769989013671875,0.26967620849609375,0,197145.20245361328,209345.78100585938,0,34088599552,2147483648,8045907968,0
200,1787750498427,3500,3500,3500,3500,3500,3500,3500,3500,3500,3500,3500,3500,3500,3500,3500,3500,3500,3500,3500,3500,0.5552825927734375,0,0,0,0,0,0,0.00548553466796875,2.5051116943359375,0,2.5530624389648438,0.03495025634765625,2.3406524658203125,0,0,13.794319152832031,38.4045295715332,0,0,0,0,197153.56048583984,209351.9366455078,0,34088599552,2147483648,8061603840,0
199,1787750498628,3500,3500,3500,3500,3500,3500,3500,3500,3500,3500,3500,3500,3500,3500,3500,3500,3500,3500,3500,3500,1.6976394653320313,0.6952667236328125,1.949005126953125,0.7935028076171875,0.8961029052734375,3.38897705078125,0.8469085693359375,0.9744796752929688,0.8868179321289063,1.330474853515625,0.8687515258789063,3.4127578735351563,0.7665939331054688,0.7775192260742188,3.2580337524414063,14.038642883300781,4.169670104980469,0.7591018676757813,1.2880859375,0.7569198608398438,0,197160.6791381836,209356.9345703125,0,34088599552,2147483648,8064131072,0
200,1787750498828,3500,3500,3500,3500,3500,3500,3500,3500,3500,3500,3500,3500,3500,3500,3500,3500,3500,3500,3500,3500,9.352439880371094,2.7398529052734375,3.7486724853515625,0.3118133544921875,0.41753387451171875,0.44427490234375,2.7797927856445313,0.47461700439453125,0.31066131591796875,0.26842498779296875,0.2567291259765625,0.2223358154296875,0.28857421875,0.30181884765625,0.201446533203125,13.713546752929688,23.506072998046875,0.28636932373046875,0.4567718505859375,2.8226776123046875,0,197168.3936767578,209362.50952148438,0,34088599552,2147483648,8067416064,0
199,1787750499028,3500,3500,3500,3500,3500,3500,3500,3500,3500,3500,3500,3500,3500,3500,3500,3500,3500,3500,3500,3500,1.0057449340820313,0.1470947265625,0.27950286865234375,0.31656646728515625,2.8320159912109375,0.2449951171875,0.43973541259765625,0.287994384765625,0.303680419921875,0.3393402099609375,0.32225799560546875,0.28035736083984375,0.30287933349609375,0.28694915771484375,0.21767425537109375,29.4290771484375,12.950523376464844,2.8194351196289063,2.7994537353515625,0.30063629150390625,0,197176.3663330078,209368.33099365234,0,34088599552,2147483648,8067747840,0
200,1787750499228,3500,3500,3500,3500,3500,3500,3500,3500,3500,3500,3500,3500,3500,3500,3500,3500,3500,3500,3500,3500,3.272613525390625,0.294464111328125,0.30361175537109375,2.8476409912109375,0.283111572265625,0.33100128173828125,0.28881072998046875,0.23477935791015625,0.22423553466796875,2.7710189819335938,0.33100128173828125,0.3214569091796875,0.299713134765625,2.83294677734375,0.23822784423828125,14.087966918945313,86.8173599243164,0.16010284423828125,3.8995819091796875,0.36454010009765625,0,197187.4594116211,209377.32678222656,0,34088599552,2147483648,8067719168,0
200,1787750499429,3500,3500,3500,3500,3500,3500,3500,3500,3500,3500,3500,3500,3500,3500,3500,3500,3500,3500,3500,3500,0.7621612548828125,0.3228302001953125,0.2840728759765625,0.32851409912109375,0.29116058349609375,0.25499725341796875,0.36107635498046875,2.7549819946289063,2.9266433715820313,0.43309783935546875,2.8666458129882813,0.3125,2.7916336059570313,0.30367279052734375,0.2329559326171875,13.424392700195313,90.86023712158203,0.14348602294921875,0.4419708251953125,0.4371337890625,0,197196.8642578125,209384.60107421875,0,34088599552,2147483648,8067682304,0
200,1787750499629,3500,3500,3500,3500,3500,3500,3500,3500,3500,3500,3500,3500,3500,3500,3500,3500,3500,3500,3500,3500,0.6561660766601563,0.26171112060546875,0.28411865234375,0.28631591796875,0.264801025390625,2.769256591796875,0.2732391357421875,0.29250335693359375,0.45055389404296875,0.5412368774414063,0.42290496826171875,2.9195709228515625,0.2780303955078125,0.30542755126953125,2.7192001342773438,8.153251647949219,92.43269348144531,0.13005828857421875,5.3856964111328125,0.375396728515625,0,197206.97076416016,209392.59735107422,0,34088599552,2147483648,8067760128,0
200,1787750499829,3500,3500,3500,3500,3500,3500,3500,3500,3500,3500,3500,3500,3500,3500,3500,3500,3500,3500,3500,3500,0.7910614013671875,2.7865829467773438,2.9488525390625,0.29431915283203125,0.2504730224609375,0.26934814453125,0.2261962890625,0.3212432861328125,0.45184326171875,0.44091033935546875,0.38796234130859375,0.4048004150390625,0.296417236328125,0.26740264892578125,0.2680511474609375,7.4072113037109375,59.57646560668945,0.183197021484375,40.20128631591797,2.7641067504882813,0,197215.61651611328,209399.11486816406,0,34088599552,2147483648,8070209536,0
200,1787750500030,3500,3500,3500,3500,3500,3500,3500,3500,3500,3500,3500,3500,3500,3500,3500,3500,3500,3500,3500,3500,0.8306732177734375,0.20830535888671875,3.1617965698242188,0.3205413818359375,2.8123626708984375,0.24259185791015625,2.7369003295898438,0.27991485595703125,0.39350128173828125,0.45568084716796875,0.3518829345703125,0.44216156005859375,0.2302093505859375,0.26914215087890625,0.2202301025390625,8.376396179199219,81.31907653808594,2.64642333984375,24.00640869140625,0.227813720703125,0,197224.3798828125,209405.7240600586,0,34088599552,2147483648,8070950912,0
199,1787750500230,3500,3500,3500,3500,3500,3500,3500,3500,3500,3500,3500,3500,3500,3500,3500,3500,3500,3500,3500,3500,3.3373565673828125,0.31744384765625,0.32558441162109375,2.8607864379882813,0.32668304443359375,0.34401702880859375,0.35100555419921875,0.35390472412109375,0.4481964111328125,2.0465545654296875,0.42122650146484375,0.47791290283203125,0.3487548828125,2.8290252685546875,0.2856292724609375,10.916152954101563,83.95360565185547,0.1910858154296875,9.6937255859375,0.358795166015625,0,197233.9256591797,209413.16888427734,0,34088599552,2147483648,8071016448,0
199,1787750500430,3500,3500,3500,3500,3500,3500,3500,3500,3500,3500,3500,3500,3500,3500,3500,3500,3500,3500,3500,3500,0.7169647216796875,0.271759033203125,0.32694244384765625,0.30889892578125,0.229827880859375,0.26091766357421875,0.28980255126953125,2.7426605224609375,2.8412322998046875,1.4263381958007813,2.782501220703125,0.2392730712890625,2.8149871826171875,0.2608184814453125,0.2225799560546875,5.027618408203125,100,0.114013671875,0.6880264282226563,0.34394073486328125,0,197243.16528320313,209420.2769165039,0,34088599552,2147483648,8049664000,0
200,1787750500630,3500,3500,3500,3500,3500,3500,3500,3500,3500,3500,3500,3500,3500,3500,3500,3500,3500,3500,3500,3500,0.7700347900390625,0.2596588134765625,0.2834014892578125,0.27545928955078125,0.25841522216796875,2.7198715209960938,0.2378692626953125,0.2483673095703125,0.30584716796875,0.252716064453125,0.31468963623046875,2.8120880126953125,0.25121307373046875,0.29834747314453125,2.7937469482421875,6.611045837402344,100,0.105560302734375,0.36342620849609375,0.350830078125,0,197252.22686767578,209427.52575683594,0,34088599552,2147483648,8049844224,0
199,1787750500830,3500,3500,3500,3500,3500,3500,3500,3500,3500,3500,3500,3500,3500,3500,3500,3500,3500,3500,3500,3500,0.86627197265625,0.333404541015625,2.9291305541992188,0.39342498779296875,0.33819580078125,0.31290435791015625,0.32991790771484375,0.2974395751953125,0.34976959228515625,0.2802734375,0.33306121826171875,0.26476287841796875,0.3176422119140625,0.33660125732421875,0.36568450927734375,7.741668701171875,73.7130126953125,0.17446136474609375,28.183212280273438,2.7741241455078125,0,197261.43157958984,209434.63061523438,0,34088599552,2147483648,8050016256,0
200,1787750501030,3500,3500,3500,3500,3500,3500,3500,3500,3500,3500,3500,3500,3500,3500,3500,3500,3500,3500,3500,3500,4.051361083984375,2.8391876220703125,1.0917739868164063,0.5029525756835938,2.9979248046875,0.3101806640625,2.8240966796875,0.25140380859375,0.25730133056640625,0.43437957763671875,0.30452728271484375,0.2501983642578125,0.29738616943359375,0.33226776123046875,0.21036529541015625,4.858795166015625,95.58442687988281,2.6762008666992188,6.2991790771484375,0.2728424072265625,0,197272.0662841797,209443.3139038086,0,34088599552,2147483648,8049893376,0
200,1787750501231,3500,3500,3500,3500,3500,3500,3500,3500,3500,3500,3500,3500,3500,3500,3500,3500,3500,3500,3500,3500,3.309356689453125,0.31230926513671875,0.36321258544921875,2.9210433959960938,0.28969573974609375,0.330322265625,0.31510162353515625,0.2899017333984375,0.2548675537109375,1.3184432983398438,0.26953887939453125,0.305572509765625,0.3789825439453125,2.8913497924804688,0.2635955810546875,19.167755126953125,49.54663848876953,0.23949432373046875,35.81280517578125,0.2188873291015625,0,197280.70111083984,209449.30822753906,0,34088599552,2147483648,8049963008,0
200,1787750501431,3500,3500,3500,3500,3500,3500,3500,3500,3500,3500,3500,3500,3500,3500,3500,3500,3500,3500,3500,3500,2.8912887573242188,0.29096221923828125,2.5252227783203125,0.25453948974609375,0.23914337158203125,0.19931793212890625,0.2772216796875,2.7648162841796875,2.7858505249023438,2.7785568237304688,2.7909011840820313,0.225555419921875,7.378440856933594,0.3048553466796875,0.2645263671875,5.091163635253906,88.3826904296875,0.11837005615234375,9.296501159667969,0.2183074951171875,0,197290.12927246094,209456.93060302734,0,34088599552,2147483648,8053579776,0
200,1787750501631,3500,3500,3500,3500,3500,3500,3500,3500,3500,3500,3500,3500,3500,3500,3500,3500,3500,3500,3500,3500,0,0,0,0,0,1.551116943359375,0,0,0,0,0,1.629730224609375,0,0,0.40843963623046875,6.297508239746094,14.703117370605469,0,84.47955322265625,0,0,197299.6332397461,209463.92724609375,0,34088599552,2147483648,8053448704,0
200,1787750501832,3500,3500,3500,3500,3500,3500,3500,3500,3500,3500,3500,3500,3500,3500,3500,3500,3500,3500,3500,3500,1.1970367431640625,0.6728057861328125,0.7831192016601563,0.76837158203125,0.6349411010742188,0.7019119262695313,0.5821762084960938,0.6420440673828125,0.8660964965820313,0.72491455078125,0.7004470825195313,0.7895660400390625,0.6439056396484375,0.674163818359375,1.7514724731445313,6.314605712890625,83.20429992675781,0.519195556640625,17.625442504882813,3.201812744140625,0,197308.93115234375,209471.14630126953,0,34088599552,2147483648,8053645312,0
200,1787750502032,3500,3500,3500,3500,3500,3500,3500,3500,3500,3500,3500,3500,3500,3500,3500,3500,3500,3500,3500,3500,0.7111358642578125,2.780792236328125,8.72674560546875,0.27347564697265625,2.7993240356445313,0.23276519775390625,2.7848892211914063,0.25079345703125,0.39730072021484375,0.3643798828125,0.26963043212890625,0.30359649658203125,0.2701263427734375,0.30419158935546875,0.21508026123046875,11.855094909667969,87.32164001464844,2.6550216674804688,6.0142822265625,0.2519989013671875,0,197317.2177734375,209477.29278564453,0,34088599552,2147483648,8053587968,0
200,1787750502232,3500,3500,3500,3500,3500,3500,3500,3500,3500,3500,3500,3500,3500,3500,3500,3500,3500,3500,3500,3500,3.1618804931640625,0.2583770751953125,0.58489990234375,2.8891372680664063,0.33475494384765625,0.223602294921875,0.269500732421875,0.2470550537109375,0.275238037109375,0.6738510131835938,0.2642669677734375,0.22016143798828125,0.283721923828125,2.7862167358398438,0.1989593505859375,11.120567321777344,82.04749298095703,0.138092041015625,15.706985473632813,0.22674560546875,0,197325.82202148438,209483.7647705078,0,34088599552,2147483648,8055095296,0
200,1787750502433,3500,3500,3500,3500,3500,3500,3500,3500,3500,3500,3500,3500,3500,3500,3500,3500,3500,3500,3500,3500,0.6634750366210938,0.26621246337890625,0.36898040771484375,0.33809661865234375,0.32398223876953125,0.47060394287109375,0.43558502197265625,2.8913421630859375,2.7436676025390625,2.8170547485351563,2.7586822509765625,0.2645111083984375,2.7959976196289063,0.29105377197265625,0.24555206298828125,5.530387878417969,98.19155883789063,0.11669158935546875,0.2869110107421875,0.30606842041015625,0,197335.45880126953,209491.26873779297,0,34088599552,2147483648,8055095296,0
200,1787750502633,3500,3500,3500,3500,3500,3500,3500,3500,3500,3500,3500,3500,3500,3500,3500,3500,3500,3500,3500,3500,0.9991073608398438,0.4474029541015625,0.404510498046875,0.39727783203125,0.416778564453125,3.003509521484375,0.54437255859375,0.4444122314453125,0.369598388671875,0.30979156494140625,0.361114501953125,2.9669952392578125,0.34764862060546875,0.3353271484375,0.262908935546875,4.661308288574219,100,0.17876434326171875,0.3490447998046875,0.35797882080078125,0,197344.40045166016,209498.08233642578,0,34088599552,2147483648,8054865920,0
200,1787750502834,3500,3500,3500,3500,3500,3500,3500,3500,3500,3500,3500,3500,3500,3500,3500,3500,3500,3500,3500,3500,0.8842544555664063,0.357177734375,0.386566162109375,0.320098876953125,0.44280242919921875,0.49893951416015625,0.480926513671875,0.400634765625,0.47887420654296875,0.7500762939453125,0.3603668212890625,0.4034271240234375,0.30558013916015625,0.2652130126953125,2.7635879516601563,9.471015930175781,46.189788818359375,0.169403076171875,52.06296157836914,2.730804443359375,0,197353.32690429688,209504.88049316406,0,34088599552,2147483648,8054906880,0
200,1787750503034,3500,3500,3500,3500,3500,3500,3500,3500,3500,3500,3500,3500,3500,3500,3500,3500,3500,3500,3500,3500,0.6917266845703125,2.8156509399414063,25.606109619140625,0.23876953125,2.7863311767578125,0.2948150634765625,2.8291854858398438,0.24420928955078125,0.18816375732421875,0.3463592529296875,0.2646942138671875,0.234375,0.343414306640625,0.33342742919921875,0.23906707763671875,18.49420166015625,55.48215103149414,2.6777877807617188,17.042068481445313,0.21759033203125,0,197363.6064453125,209513.03045654297,0,34088599552,2147483648,8056885248,0
200,1787750503234,3500,3500,3500,3500,3500,3500,3500,3500,3500,3500,3500,3500,3500,3500,3500,3500,3500,3500,3500,3500,3.35760498046875,0.36232757568359375,0.35424041748046875,2.8656692504882813,0.29721832275390625,0.29592132568359375,0.3136444091796875,0.322235107421875,0.3397064208984375,0.22103118896484375,0.3079071044921875,0.3338165283203125,0.3845977783203125,2.8934249877929688,0.30306243896484375,7.560447692871094,63.80321502685547,0.2328643798828125,35.74583435058594,0.316741943359375,0,197371.28479003906,209518.5767211914,0,34088599552,2147483648,8056885248,0
200,1787750503434,3500,3500,3500,3500,3500,3500,3500,3500,3500,3500,3500,3500,3500,3500,3500,3500,3500,3500,3500,3500,0.6067581176757813,0.29370880126953125,59.557437896728516,0.187225341796875,0.3417816162109375,0.3482208251953125,0.38449859619140625,2.9780197143554688,2.7957382202148438,2.8000869750976563,2.8136749267578125,0.27986907958984375,2.79833984375,0.305999755859375,0.265228271484375,1.218658447265625,42.24244689941406,0.1964263916015625,1.061065673828125,0.2987060546875,0,197379.90606689453,209525.08239746094,0,34088599552,2147483648,8056848384,0
200,1787750503635,3500,3500,3500,3500,3500,3500,3500,3500,3500,3500,3500,3500,3500,3500,3500,3500,3500,3500,3500,3500,11.431709289550781,0.27953338623046875,79.7096176147461,0.14966583251953125,0.36456298828125,0.3697509765625,0.46126556396484375,0.4864501953125,0.28052520751953125,0.3030242919921875,0.3448638916015625,2.7583084106445313,0.27194976806640625,0.2884063720703125,0.2935943603515625,0.26531982421875,13.632049560546875,0.21240234375,3.2581253051757813,0.22901153564453125,0,197388.54821777344,209531.5819091797,0,34088599552,2147483648,8059056128,0
200,1787750503835,3500,3500,3500,3500,3500,3500,3500,3500,3500,3500,3500,3500,3500,3500,3500,3500,3500,3500,3500,3500,11.741081237792969,0.287261962890625,44.9957389831543,0.18285369873046875,0.2498626708984375,2.762176513671875,0.30144500732421875,0.30948638916015625,0.264495849609375,0.25965118408203125,0.25101470947265625,0.24077606201171875,0.2674407958984375,0.2880096435546875,2.8128585815429688,2.825592041015625,12.576858520507813,0.236480712890625,37.83738327026367,2.7127456665039063,0,197398.97106933594,209539.88049316406,0,34088599552,2147483648,8059396096,0
199,1787750504036,3500,3500,3500,3500,3500,3500,3500,3500,3500,3500,3500,3500,3500,3500,3500,3500,3500,3500,3500,3500,8.137359619140625,2.8053741455078125,45.268253326416016,0.20660400390625,2.78253173828125,0.25502777099609375,2.7548065185546875,0.30084991455078125,0.333465576171875,0.365631103515625,0.186004638671875,0.3174591064453125,0.32534027099609375,0.27661895751953125,0.28948211669921875,0.30135345458984375,23.625999450683594,2.7613372802734375,35.150238037109375,0.1875,0,197407.6710205078,209546.45574951172,0,34088599552,2147483648,8061227008,0
200,1787750504236,3500,3500,3500,3500,3500,3500,3500,3500,3500,3500,3500,3500,3500,3500,3500,3500,3500,3500,3500,3500,12.229583740234375,0.3284149169921875,37.3609733581543,2.7553329467773438,0.305572509765625,0.30181884765625,0.32091522216796875,0.27947998046875,0.29952239990234375,0.2905731201171875,0.2519378662109375,0.28807830810546875,0.33216094970703125,2.8763580322265625,0.3586578369140625,0.3065185546875,13.591880798339844,0.23229217529296875,47.43721389770508,0.18795013427734375,0,197416.4627685547,209553.12341308594,0,34088599552,2147483648,8061210624,0
200,1787750504436,3500,3500,3500,3500,3500,3500,3500,3500,3500,3500,3500,3500,3500,3500,3500,3500,3500,3500,3500,3500,11.801826477050781,0.28395843505859375,51.466434478759766,0.2270965576171875,0.31935882568359375,0.22130584716796875,0.26983642578125,2.7617874145507813,2.77825927734375,2.8402175903320313,2.7387237548828125,0.24646759033203125,2.9182968139648438,0.31461334228515625,0.3823089599609375,0.39923095703125,5.6688995361328125,0.2160186767578125,49.72697067260742,0.15621185302734375,0,197426.07257080078,209560.56518554688,0,34088599552,2147483648,8071823360,0
200,1787750504636,3500,3500,3500,3500,3500,3500,3500,3500,3500,3500,3500,3500,3500,3500,3500,3500,3500,3500,3500,3500,8.55633544921875,0.24897003173828125,35.491973876953125,0.22796630859375,0.26978302001953125,0.23050689697265625,0.21498870849609375,0.33490753173828125,0.30925750732421875,0.274871826171875,0.23709869384765625,2.8206558227539063,0.49275970458984375,0.5020904541015625,0.3796234130859375,0.38341522216796875,7.011444091796875,0.22676849365234375,54.68556213378906,0.15540313720703125,0,197434.5098876953,209566.88360595703,0,34088599552,2147483648,8071680000,0
200,1787750504837,3500,3500,3500,3500,3500,3500,3500,3500,3500,3500,3500,3500,3500,3500,3500,3500,3500,3500,3500,3500,24.317626953125,0.29339599609375,36.71887969970703,0.305419921875,0.3431854248046875,2.9353790283203125,0.415679931640625,0.5337142944335938,0.30941009521484375,0.317840576171875,0.9834671020507813,0.37770843505859375,0.5785140991210938,0.5984725952148438,2.944061279296875,2.9586257934570313,9.110313415527344,0.30477142333984375,34.85222625732422,2.7143173217773438,0,197444.90368652344,209575.15460205078,0,34088599552,2147483648,8071872512,0
200,1787750505037,3500,3500,3500,3500,3500,3500,3500,3500,3500,3500,3500,3500,3500,3500,3500,3500,3500,3500,3500,3500,24.31761932373047,2.7889251708984375,47.229095458984375,0.196380615234375,2.8354034423828125,0.2894287109375,2.8504714965820313,0.35266876220703125,0.24135589599609375,0.2692108154296875,0.3082427978515625,0.22278594970703125,0.40029144287109375,0.39300537109375,0.379180908203125,0.3851165771484375,11.395210266113281,2.797760009765625,28.137901306152344,0.19942474365234375,0,197453.6697998047,209581.79528808594,0,34088599552,2147483648,8071802880,0
200,1787750505237,3500,3500,3500,3500,3500,3500,3500,3500,3500,3500,3500,3500,3500,3500,3500,3500,3500,3500,3500,3500,19.807701110839844,0.28299713134765625,36.944095611572266,2.7816238403320313,0.3364105224609375,0.289581298828125,0.29572296142578125,0.28708648681640625,0.31908416748046875,0.31150054931640625,0.28214263916015625,0.26222991943359375,1.3414459228515625,2.7981033325195313,0.47548675537109375,0.38762664794921875,28.885902404785156,0.2423095703125,49.41164779663086,0.20217132568359375,0,197463.08837890625,209589.03869628906,0,34088599552,2147483648,8071774208,0
200,1787750505438,3500,3500,3500,3500,3500,3500,3500,3500,3500,3500,3500,3500,3500,3500,3500,3500,3500,3500,3500,3500,10.22650146484375,0.3563079833984375,44.92594528198242,0.2591400146484375,0.3581085205078125,0.26248931884765625,0.30977630615234375,2.87713623046875,2.8512649536132813,2.853515625,2.9029464721679688,0.36419677734375,2.8495712280273438,0.319061279296875,0.31131744384765625,0.33948516845703125,17.886436462402344,0.26747894287109375,33.36004638671875,0.22089385986328125,0,197472.18908691406,209596.01245117188,0,34088599552,2147483648,8071774208,0
200,1787750505638,3500,3500,3500,3500,3500,3500,3500,3500,3500,3500,3500,3500,3500,3500,3500,3500,3500,3500,3500,3500,16.296409606933594,0.2684326171875,52.07412338256836,0.20122528076171875,0.25151824951171875,0.23175811767578125,0.2706756591796875,0.2954254150390625,0.2891387939453125,0.28244781494140625,0.24213409423828125,2.4045944213867188,0.2795562744140625,0.278961181640625,0.27745819091796875,0.295074462890625,4.01837158203125,0.22162628173828125,33.8028564453125,0.18555450439453125,0,197481.49572753906,209603.18560791016,0,34088599552,2147483648,8062517248,0
200,1787750505838,3500,3500,3500,3500,3500,3500,3500,3500,3500,3500,3500,3500,3500,3500,3500,3500,3500,3500,3500,3500,15.826606750488281,0.18978118896484375,52.869815826416016,0.11102294921875,0.163909912109375,2.7204360961914063,0.1904754638671875,0.12969970703125,0.166259765625,0.13803863525390625,0.21575164794921875,0.5723876953125,0.22124481201171875,0.17295074462890625,2.7057037353515625,2.7238311767578125,19.028884887695313,0.1315460205078125,22.595497131347656,2.6413345336914063,0,197491.837890625,209611.38256835938,0,34088599552,2147483648,8063225856,0
200,1787750506039,3500,3500,3500,3500,3500,3500,3500,3500,3500,3500,3500,3500,3500,3500,3500,3500,3500,3500,3500,3500,1.7902145385742188,2.9774017333984375,43.140403747558594,0.3748321533203125,2.9465560913085938,0.34264373779296875,2.9554901123046875,0.467620849609375,0.37194061279296875,0.42115020751953125,0.37218475341796875,0.46796417236328125,0.46662139892578125,0.45154571533203125,0.445953369140625,0.4100189208984375,41.180389404296875,2.8447418212890625,27.13347625732422,0.333709716796875,0,197500.38970947266,209617.80224609375,0,34088599552,2147483648,8063840256,0
199,1787750506239,3500,3500,3500,3500,3500,3500,3500,3500,3500,3500,3500,3500,3500,3500,3500,3500,3500,3500,3500,3500,18.645362854003906,0.31380462646484375,52.186702728271484,2.7929534912109375,0.2516632080078125,0.39122772216796875,0.2963714599609375,0.34726715087890625,0.33902740478515625,0.37389373779296875,0.926971435546875,0.38483428955078125,0.36240386962890625,2.8806686401367188,0.34212493896484375,0.361358642578125,12.726577758789063,0.3224945068359375,26.25005340576172,0.25115966796875,0,197508.57720947266,209624.3579711914,0,34088599552,2147483648,8063909888,0
200,1787750506439,3500,3500,3500,3500,3500,3500,3500,3500,3500,3500,3500,3500,3500,3500,3500,3500,3500,3500,3500,3500,21.115379333496094,0.29114532470703125,40.8397102355957,0.238616943359375,0.32868194580078125,0.224517822265625,0.273651123046875,2.8093414306640625,2.8679733276367188,2.8621749877929688,2.8906631469726563,0.265655517578125,10.773735046386719,0.287445068359375,0.29079437255859375,0.3185882568359375,18.234214782714844,0.22716522216796875,16.39472198486328,0.23526763916015625,0,197515.95245361328,209629.10998535156,0,34088599552,2147483648,8063909888,0
200,1787750506639,3500,3500,3500,3500,3500,3500,3500,3500,3500,3500,3500,3500,3500,3500,3500,3500,3500,3500,3500,3500,10.633964538574219,0.2895965576171875,46.700286865234375,0.18769073486328125,0.24028778076171875,0.14012908935546875,0.25147247314453125,0.2709808349609375,0.28894805908203125,0.1862945556640625,0.27547454833984375,0.18434906005859375,8.0035400390625,0.266387939453125,0.25760650634765625,0.26888275146484375,27.886314392089844,0.24158477783203125,40.0583381652832,0.15630340576171875,0,197525.63818359375,209637.10137939453,0,34088599552,2147483648,8072740864,0
199,1787750506840,3500,3500,3500,3500,3500,3500,3500,3500,3500,3500,3500,3500,3500,3500,3500,3500,3500,3500,3500,3500,0.601226806640625,0.34860992431640625,58.41803741455078,0.21988677978515625,0.2288665771484375,2.7583465576171875,0.30660247802734375,0.27147674560546875,0.33827972412109375,0.22118377685546875,0.29996490478515625,2.8613815307617188,0.287139892578125,0.298614501953125,2.8209609985351563,2.8282012939453125,18.191444396972656,0.26214599609375,29.177581787109375,2.7332000732421875,0,197534.52728271484,209643.5020751953,0,34088599552,2147483648,8072626176,0
200,1787750507040,3500,3500,3500,3500,3500,3500,3500,3500,3500,3500,3500,3500,3500,3500,3500,3500,3500,3500,3500,3500,19.235374450683594,2.849273681640625,68.84186553955078,0.16310882568359375,1.703460693359375,0.45589447021484375,3.0125885009765625,0.379638671875,0.23126983642578125,0.29433441162109375,0.36914825439453125,0.28284454345703125,0.3356170654296875,0.28509521484375,0.2740020751953125,0.313873291015625,11.00592041015625,2.7985000610351563,12.100814819335938,0.25975799560546875,0,197543.11907958984,209649.8455810547,0,34088599552,2147483648,8072359936,0
200,1787750507240,3500,3500,3500,3500,3500,3500,3500,3500,3500,3500,3500,3500,3500,3500,3500,3500,3500,3500,3500,3500,11.076675415039063,0.3055572509765625,54.612064361572266,2.7252120971679688,1.44580078125,0.277679443359375,0.26139068603515625,0.24509429931640625,0.2971649169921875,0.29736328125,0.32634735107421875,0.2511444091796875,0.2956695556640625,2.8165054321289063,0.3188018798828125,0.304962158203125,5.4476165771484375,0.3328399658203125,38.54758071899414,0.2191619873046875,0,197552.07556152344,209656.6834716797,0,34088599552,2147483648,8072359936,0
200,1787750507440,3500,3500,3500,3500,3500,3500,3500,3500,3500,3500,3500,3500,3500,3500,3500,3500,3500,3500,3500,3500,21.951034545898438,0.248931884765625,26.68604278564453,0.18785858154296875,0.2303009033203125,0.20543670654296875,0.29132843017578125,2.7701873779296875,2.8041458129882813,2.8630218505859375,2.7870635986328125,0.23589324951171875,2.8112335205078125,0.26935577392578125,0.24822998046875,0.241790771484375,12.495590209960938,0.22360992431640625,52.244789123535156,0.1548004150390625,0,197559.26678466797,209661.73114013672,0,34088599552,2147483648,8075882496,0
200,1787750507640,3500,3500,3500,3500,3500,3500,3500,3500,3500,3500,3500,3500,3500,3500,3500,3500,3500,3500,3500,3500,10.08184814453125,0.3157958984375,27.33203887939453,0.25537109375,0.30385589599609375,0.28298187255859375,0.3925933837890625,0.35394287109375,0.5110931396484375,0.5249252319335938,0.43613433837890625,0.549591064453125,0.36248016357421875,0.34215545654296875,0.34246063232421875,0.3603363037109375,14.963096618652344,0.2804412841796875,53.11093521118164,0.22655487060546875,0,197567.9727783203,209668.314453125,0,34088599552,2147483648,8075706368,0
199,1787750507841,3500,3500,3500,3500,3500,3500,3500,3500,3500,3500,3500,3500,3500,3500,3500,3500,3500,3500,3500,3500,20.992889404296875,0.2224578857421875,31.748374938964844,0.1798095703125,0.229705810546875,2.7484817504882813,0.235443115234375,0.2547760009765625,0.37718963623046875,0.38553619384765625,2.3485641479492188,2.9619064331054688,0.26036834716796875,0.23944091796875,2.8346405029296875,2.801422119140625,32.42344665527344,0.16477203369140625,19.73699188232422,2.7029342651367188,0,197576.00115966797,209674.23168945313,0,34088599552,2147483648,8075522048,0
200,1787750508041,3500,3500,3500,3500,3500,3500,3500,3500,3500,3500,3500,3500,3500,3500,3500,3500,3500,3500,3500,3500,14.927993774414063,2.8229293823242188,61.86430358886719,0.241455078125,0.253204345703125,0.30328369140625,2.8216323852539063,0.32077789306640625,0.3758544921875,0.42563629150390625,0.523651123046875,0.403900146484375,2.40948486328125,0.32187652587890625,2.132843017578125,0.5067596435546875,19.649749755859375,2.7782974243164063,26.592819213867188,0.2421112060546875,0,197584.7989501953,209680.96600341797,0,34088599552,2147483648,8077467648,0
200,1787750508241,3500,3500,3500,3500,3500,3500,3500,3500,3500,3500,3500,3500,3500,3500,3500,3500,3500,3500,3500,3500,16.497520446777344,0.28858184814453125,40.01904296875,2.7168731689453125,2.8204727172851563,0.20923614501953125,0.27495574951171875,0.2816925048828125,0.32421112060546875,0.26043701171875,0.9754180908203125,0.25719451904296875,9.934303283691406,2.7819442749023438,1.7959976196289063,0.3023529052734375,7.151451110839844,0.26113128662109375,41.095062255859375,0.169464111328125,0,197595.21350097656,209689.1220703125,0,34088599552,2147483648,8078405632,0
200,1787750508441,3500,3500,3500,3500,3500,3500,3500,3500,3500,3500,3500,3500,3500,3500,3500,3500,3500,3500,3500,3500,16.058212280273438,0.34958648681640625,16.560302734375,0.3842926025390625,0.2711944580078125,0.44970703125,0.3363037109375,2.89312744140625,2.8926773071289063,2.871551513671875,2.7841644287109375,0.28961944580078125,2.8761978149414063,0.34593963623046875,0.38748931884765625,0.364166259765625,3.8921051025390625,0.4205474853515625,69.28636932373047,0.2047271728515625,0,197605.95935058594,209697.7437133789,0,34088599552,2147483648,8078614528,0
200,1787750508642,3500,3500,3500,3500,3500,3500,3500,3500,3500,3500,3500,3500,3500,3500,3500,3500,3500,3500,3500,3500,13.546775817871094,0.280609130859375,45.28623962402344,0.2144012451171875,0.37396240234375,0.47695159912109375,0.4840850830078125,0.461029052734375,0.2493743896484375,0.2452850341796875,0.292236328125,0.29468536376953125,0.29767608642578125,0.286102294921875,0.3009185791015625,0.27801513671875,33.776832580566406,0.18536376953125,12.31121826171875,0.21619415283203125,0,197615.1918334961,209704.84057617188,0,34088599552,2147483648,8078721024,0
200,1787750508842,3500,3500,3500,3500,3500,3500,3500,3500,3500,3500,3500,3500,3500,3500,3500,3500,3500,3500,3500,3500,16.304534912109375,0.24947357177734375,53.08533477783203,0.19915008544921875,0.3271331787109375,2.9531173706054688,0.3845367431640625,0.36843109130859375,0.39605712890625,0.3754119873046875,0.5559616088867188,2.8617477416992188,0.30628204345703125,0.2642364501953125,2.7902755737304688,0.25860595703125,9.991470336914063,0.27780914306640625,32.6895751953125,2.6869354248046875,0,197624.6333618164,209712.15002441406,0,34088599552,2147483648,8080371712,0
200,1787750509043,3500,3500,3500,3500,3500,3500,3500,3500,3500,3500,3500,3500,3500,3500,3500,3500,3500,3500,3500,3500,0.6394577026367188,2.8739089965820313,43.461910247802734,0.23812103271484375,0.38690948486328125,0.48462677001953125,2.955596923828125,0.40114593505859375,0.4962615966796875,0.4944610595703125,0.45501708984375,0.373382568359375,0.28420257568359375,0.3154144287109375,0.32529449462890625,2.8030548095703125,22.352943420410156,2.7719955444335938,47.30377197265625,0.1990203857421875,0,197635.06176757813,209720.44372558594,0,34088599552,2147483648,8081072128,0
200,1787750509243,3500,3500,3500,3500,3500,3500,3500,3500,3500,3500,3500,3500,3500,3500,3500,3500,3500,3500,3500,3500,11.198738098144531,0.30443572998046875,20.347198486328125,2.7784423828125,2.8794021606445313,0.33011627197265625,0.23724365234375,0.27056884765625,0.49921417236328125,0.467193603515625,0.39056396484375,0.349945068359375,0.4598541259765625,2.8045654296875,0.29769134521484375,0.297393798828125,22.877151489257813,0.23055267333984375,56.42665100097656,0.164459228515625,0,197646.03381347656,209729.28424072266,0,34088599552,2147483648,8081117184,0
200,1787750509443,3500,3500,3500,3500,3500,3500,3500,3500,3500,3500,3500,3500,3500,3500,3500,3500,3500,3500,3500,3500,2.2542495727539063,0.2995452880859375,42.8469352722168,0.24468231201171875,0.32840728759765625,0.232147216796875,0.2671966552734375,2.8213424682617188,2.824493408203125,2.8001785278320313,2.8633346557617188,0.335693359375,2.8558425903320313,0.27538299560546875,0.3753814697265625,0.2969512939453125,10.755783081054688,0.2434844970703125,51.16289520263672,0.20284271240234375,0,197655.64093017578,209736.7655029297,0,34088599552,2147483648,8080941056,0
200,1787750509643,3500,3500,3500,3500,3500,3500,3500,3500,3500,3500,3500,3500,3500,3500,3500,3500,3500,3500,3500,3500,24.298721313476563,0.26161956787109375,28.923866271972656,0.204254150390625,0.2379302978515625,0.2675628662109375,0.17552947998046875,0.2065582275390625,0.24143218994140625,0.1856231689453125,0.19016265869140625,0.24892425537109375,0.393524169921875,0.2590179443359375,0.31807708740234375,0.31333160400390625,27.231353759765625,0.1995086669921875,63.7823600769043,0.12281036376953125,0,197664.05841064453,209743.02215576172,0,34088599552,2147483648,8089665536,0
200,1787750509844,3500,3500,3500,3500,3500,3500,3500,3500,3500,3500,3500,3500,3500,3500,3500,3500,3500,3500,3500,3500,0.7237319946289063,0.3505859375,42.037227630615234,0.27944183349609375,0.3517303466796875,2.8611373901367188,0.2700042724609375,0.32038116455078125,0.36077117919921875,0.3007049560546875,0.35123443603515625,2.8963851928710938,0.34998321533203125,0.3513336181640625,2.863433837890625,0.34833526611328125,25.888961791992188,0.37619781494140625,37.7208366394043,2.7425079345703125,0,197673.6068725586,209750.43774414063,0,34088599552,2147483648,8089583616,0
200,1787750510044,3500,3500,3500,3500,3500,3500,3500,3500,3500,3500,3500,3500,3500,3500,3500,3500,3500,3500,3500,3500,21.270675659179688,2.7407608032226563,65.58584594726563,0.14789581298828125,0.20760345458984375,0.2622222900390625,2.7500534057617188,0.20111083984375,0.23508453369140625,0.23978424072265625,0.2187957763671875,0.2276458740234375,0.24762725830078125,0.261016845703125,0.24523162841796875,2.802764892578125,4.2694549560546875,2.7955245971679688,18.077125549316406,0.14324951171875,0,197683.1683959961,209757.87762451172,0,34088599552,2147483648,8089309184,0
200,1787750510244,3500,3500,3500,3500,3500,3500,3500,3500,3500,3500,3500,3500,3500,3500,3500,3500,3500,3500,3500,3500,11.251686096191406,0.2822265625,56.28469467163086,2.7384033203125,2.8056793212890625,0.35558319091796875,0.22861480712890625,0.30202484130859375,0.25274658203125,0.29090118408203125,0.8019332885742188,0.28292083740234375,0.41518402099609375,2.8618850708007813,0.32357025146484375,0.31927490234375,25.935775756835938,0.229705810546875,18.27460479736328,0.295440673828125,0,197692.0888671875,209764.6615600586,0,34088599552,2147483648,8089305088,0
200,1787750510444,3500,3500,3500,3500,3500,3500,3500,3500,3500,3500,3500,3500,3500,3500,3500,3500,3500,3500,3500,3500,43.02877426147461,0.2449188232421875,33.882476806640625,0.25646209716796875,1.605712890625,0.2840423583984375,0.298828125,2.8168182373046875,2.7660598754882813,2.8124237060546875,14.600021362304688,0.30432891845703125,33.97880554199219,0.3161163330078125,42.3087043762207,0.2625579833984375,25.282981872558594,0.24686431884765625,46.21092224121094,0.23752593994140625,0,197705.11779785156,209775.47216796875,0,34088599552,2147483648,8111689728,0
200,1787750510645,3500,3500,3500,3500,3500,3500,3500,3500,3500,3500,3500,3500,3500,3500,3500,3500,3500,3500,3500,3500,47.89027404785156,0.29880523681640625,89.8670425415039,0.21782684326171875,0.4074249267578125,0.32729339599609375,0.325897216796875,0.28174591064453125,0.33727264404296875,0.31766510009765625,4.77764892578125,0.9593353271484375,23.5767822265625,0.29192352294921875,10.703781127929688,0.31267547607421875,69.80583190917969,0.266326904296875,85.1805419921875,0.2271575927734375,0,197718.85662841797,209786.9942626953,0,34088599552,2147483648,8112066560,0
200,1787750510845,3500,3500,3500,3500,3500,3500,3500,3500,3500,3500,3500,3500,3500,3500,3500,3500,3500,3500,3500,3500,19.41730499267578,0.27484130859375,87.25453186035156,0.1817169189453125,0.2949066162109375,2.8156204223632813,0.29221343994140625,0.278289794921875,0.3170166015625,0.31008148193359375,3.2642974853515625,2.8352890014648438,22.316871643066406,0.2766876220703125,3.3202972412109375,0.3013458251953125,55.27582550048828,0.25572967529296875,79.97271728515625,2.7425613403320313,0,197733.1235961914,209799.05596923828,0,34088599552,2147483648,8124514304,0
200,1787750511045,3500,3500,3500,3500,3500,3500,3500,3500,3500,3500,3500,3500,3500,3500,3500,3500,3500,3500,3500,3500,22.026573181152344,2.8215789794921875,52.18022918701172,0.215057373046875,68.8021240234375,0.21091461181640625,2.7336349487304688,0.1978302001953125,0.29431915283203125,0.26395416259765625,5.408477783203125,0.39520263671875,24.775436401367188,0.266998291015625,0.521514892578125,2.9365005493164063,18.438949584960938,0.6623077392578125,49.094539642333984,0.22534942626953125,0,197745.4223022461,209809.15234375,0,34088599552,2147483648,8093999104,0
200,1787750511246,3500,3500,3500,3500,3500,3500,3500,3500,3500,3500,3500,3500,3500,3500,3500,3500,3500,3500,3500,3500,25.99541473388672,0.2934112548828125,54.181373596191406,0.27068328857421875,2.9756622314453125,0.358612060546875,0.490753173828125,0.48351287841796875,0.30220794677734375,0.39463043212890625,0.5103378295898438,0.3092041015625,15.953010559082031,2.855010986328125,4.2502899169921875,0.41901397705078125,20.58789825439453,2.37664794921875,41.00583267211914,0.25484466552734375,0,197756.04357910156,209817.6036376953,0,34088599552,2147483648,8096985088,0
200,1787750511446,3500,3500,3500,3500,3500,3500,3500,3500,3500,3500,3500,3500,3500,3500,3500,3500,3500,3500,3500,3500,8.501762390136719,0.3131103515625,27.0511474609375,2.7886123657226563,0.36731719970703125,0.35903167724609375,0.48077392578125,3.0153274536132813,2.79974365234375,2.853607177734375,2.8937835693359375,0.30013275146484375,0.32883453369140625,0.28191375732421875,0.3868865966796875,0.37650299072265625,11.427993774414063,0.31945037841796875,58.82373809814453,0.1870269775390625,0,197764.13165283203,209823.56103515625,0,34088599552,2147483648,8093892608,0
200,1787750511646,3500,3500,3500,3500,3500,3500,3500,3500,3500,3500,3500,3500,3500,3500,3500,3500,3500,3500,3500,3500,1.3496246337890625,0.4277801513671875,47.07286071777344,0.23717498779296875,0.41475677490234375,0.42253875732421875,0.482330322265625,0.509033203125,0.4342193603515625,0.41994476318359375,0.5549545288085938,0.5238113403320313,2.8664474487304688,0.32376861572265625,0.33160400390625,0.31243896484375,11.299797058105469,0.29547119140625,46.7702522277832,0.19924163818359375,0,197773.76885986328,209831.08038330078,0,34088599552,2147483648,8094085120,0
200,1787750511846,3500,3500,3500,3500,3500,3500,3500,3500,3500,3500,3500,3500,3500,3500,3500,3500,3500,3500,3500,3500,4.6858978271484375,0.29178619384765625,77.17252349853516,0.14589691162109375,0.31232452392578125,2.8978424072265625,0.32306671142578125,0.43923187255859375,0.38532257080078125,0.3388519287109375,0.4651641845703125,2.96295166015625,0.2543182373046875,0.28314208984375,2.7893753051757813,0.26081085205078125,7.917755126953125,0.207550048828125,26.231704711914063,2.7175750732421875,0,197783.84075927734,209838.99951171875,0,34088599552,2147483648,8093196288,0
200,1787750512047,3500,3500,3500,3500,3500,3500,3500,3500,3500,3500,3500,3500,3500,3500,3500,3500,3500,3500,3500,3500,0.6656494140625,2.8335952758789063,61.96022415161133,0.183929443359375,0.3475799560546875,0.3695526123046875,2.9046096801757813,0.47432708740234375,0.46953582763671875,0.32196044921875,0.393829345703125,0.465240478515625,0.2668304443359375,0.29859161376953125,0.2735748291015625,2.7809066772460938,9.305213928222656,0.20211029052734375,36.97820281982422,0.2051544189453125,0,197793.37622070313,209846.85498046875,0,34088599552,2147483648,8092925952,0
200,1787750512247,3500,3500,3500,3500,3500,3500,3500,3500,3500,3500,3500,3500,3500,3500,3500,3500,3500,3500,3500,3500,7.0569610595703125,0.28905487060546875,23.241043090820313,0.3277587890625,2.9700775146484375,0.3285064697265625,0.29718017578125,0.32830810546875,0.426971435546875,0.332794189453125,1.0582427978515625,0.46767425537109375,8.011314392089844,0.5308685302734375,0.298431396484375,0.280975341796875,22.533905029296875,2.7362442016601563,52.23665237426758,0.1819610595703125,0,197802.4757080078,209853.70635986328,0,34088599552,2147483648,8092803072,0
200,1787750512447,3500,3500,3500,3500,3500,3500,3500,3500,3500,3500,3500,3500,3500,3500,3500,3500,3500,3500,3500,3500,8.772895812988281,0.3331298828125,8.83734130859375,2.80914306640625,0.3128509521484375,0.320343017578125,0.3099517822265625,2.8761367797851563,2.8327255249023438,2.8377151489257813,2.8055419921875,0.23166656494140625,0.4495391845703125,2.73480224609375,0.303009033203125,0.3263397216796875,3.40081787109375,0.32628631591796875,84.50975036621094,0.17446136474609375,0,197810.35021972656,209859.54119873047,0,34088599552,2147483648,8092782592,0
200,1787750512648,3500,3500,3500,3500,3500,3500,3500,3500,3500,3500,3500,3500,3500,3500,3500,3500,3500,3500,3500,3500,7.052116394042969,0.2871246337890625,43.39796447753906,0.22104644775390625,0.28038787841796875,0.2436065673828125,0.24660491943359375,0.34247589111328125,0.28733062744140625,0.33319091796875,0.26621246337890625,0.2559814453125,6.0135040283203125,0.28313446044921875,0.5244979858398438,0.3101348876953125,31.94470977783203,0.1652984619140625,34.773109436035156,0.251739501953125,0,197819.25225830078,209866.3409423828,0,34088599552,2147483648,8091627520,0
200,1787750512848,3500,3500,3500,3500,3500,3500,3500,3500,3500,3500,3500,3500,3500,3500,3500,3500,3500,3500,3500,3500,8.455032348632813,0.30225372314453125,50.65303421020508,0.24578857421875,0.29467010498046875,2.8482513427734375,0.270233154296875,0.29970550537109375,0.3832550048828125,0.4959259033203125,0.45337677001953125,3.0351943969726563,0.31177520751953125,0.29128265380859375,2.9200286865234375,0.4001617431640625,4.0227508544921875,0.29970550537109375,42.36289596557617,2.7129364013671875,0,197829.21923828125,209873.69848632813,0,34088599552,2147483648,8091381760,0
200,1787750513048,3500,3500,3500,3500,3500,3500,3500,3500,3500,3500,3500,3500,3500,3500,3500,3500,3500,3500,3500,3500,8.2232666015625,2.8297119140625,27.577468872070313,0.29010009765625,0.3475341796875,0.41146087646484375,2.874114990234375,0.3401947021484375,0.34857940673828125,0.37619781494140625,0.3656158447265625,0.48986053466796875,0.27182769775390625,0.31542205810546875,0.36681365966796875,2.8839492797851563,13.767280578613281,0.21569061279296875,58.91908264160156,0.17333984375,0,197838.18908691406,209880.54278564453,0,34088599552,2147483648,8091303936,0
200,1787750513248,3500,3500,3500,3500,3500,3500,3500,3500,3500,3500,3500,3500,3500,3500,3500,3500,3500,3500,3500,3500,25.611785888671875,0.27059173583984375,34.28014373779297,0.22467041015625,2.858062744140625,0.2503509521484375,0.28153228759765625,0.26479339599609375,0.35787200927734375,0.4510955810546875,0.3693084716796875,0.46813201904296875,8.278060913085938,0.27388763427734375,0.3998870849609375,0.38714599609375,14.828880310058594,2.8323287963867188,30.661827087402344,0.2118377685546875,0,197848.30688476563,209888.529296875,0,34088599552,2147483648,8091107328,0
199,1787750513449,3500,3500,3500,3500,3500,3500,3500,3500,3500,3500,3500,3500,3500,3500,3500,3500,3500,3500,3500,3500,3.4477615356445313,0.237335205078125,71.90330505371094,2.712554931640625,0.23448944091796875,0.2293548583984375,0.2647247314453125,2.772125244140625,2.810394287109375,2.8532028198242188,2.8674163818359375,0.388153076171875,0.25923919677734375,2.8077011108398438,0.377227783203125,0.38431549072265625,16.90601348876953,0.22930145263671875,20.722518920898438,0.2166290283203125,0,197857.13287353516,209895.21319580078,0,34088599552,2147483648,8092360704,0
200,1787750513649,3500,3500,3500,3500,3500,3500,3500,3500,3500,3500,3500,3500,3500,3500,3500,3500,3500,3500,3500,3500,8.191566467285156,0.29084014892578125,61.723785400390625,0.2064056396484375,0.26439666748046875,0.37192535400390625,0.28124237060546875,0.347381591796875,0.39556884765625,0.40016937255859375,0.5001983642578125,0.5277481079101563,2.838287353515625,0.3072357177734375,0.41666412353515625,0.41556549072265625,3.6844635009765625,0.2912445068359375,31.643638610839844,0.21710968017578125,0,197865.6616821289,209901.6180419922,0,34088599552,2147483648,8092209152,0
200,1787750513849,3500,3500,3500,3500,3500,3500,3500,3500,3500,3500,3500,3500,3500,3500,3500,3500,3500,3500,3500,3500,17.86280059814453,0.2749481201171875,75.04725646972656,0.17975616455078125,0.39566802978515625,3.007659912109375,0.39382171630859375,0.45604705810546875,0.40245819091796875,0.41489410400390625,0.46459197998046875,3.01739501953125,0.304168701171875,0.3028717041015625,2.9075164794921875,0.376739501953125,2.8143234252929688,0.275146484375,9.810409545898438,0.23444366455078125,0,197874.97204589844,209908.78924560547,0,34088599552,2147483648,8092225536,0
200,1787750514049,3500,3500,3500,3500,3500,3500,3500,3500,3500,3500,3500,3500,3500,3500,3500,3500,3500,3500,3500,3500,23.158493041992188,2.8063201904296875,53.93704605102539,0.20220947265625,0.37334442138671875,0.46288299560546875,2.914794921875,0.4163665771484375,0.30983734130859375,0.23958587646484375,0.34381103515625,0.28345489501953125,0.32347869873046875,0.30529022216796875,0.2809600830078125,2.8134689331054688,17.484840393066406,0.21435546875,21.316802978515625,2.7710952758789063,0,197884.49383544922,209916.16876220703,0,34088599552,2147483648,8092217344,0
200,1787750514250,3500,3500,3500,3500,3500,3500,3500,3500,3500,3500,3500,3500,3500,3500,3500,3500,3500,3500,3500,3500,25.033302307128906,0.2838134765625,47.541500091552734,0.2195281982421875,2.9511260986328125,0.249847412109375,0.2856597900390625,0.35929107666015625,0.26908111572265625,0.3237762451171875,2.4350509643554688,0.27996826171875,11.706016540527344,0.36208343505859375,0.304046630859375,0.29924774169921875,17.164772033691406,2.7659683227539063,12.192680358886719,0.2620391845703125,0,197893.67797851563,209923.22302246094,0,34088599552,2147483648,8092332032,0
199,1787750514450,3500,3500,3500,3500,3500,3500,3500,3500,3500,3500,3500,3500,3500,3500,3500,3500,3500,3500,3500,3500,8.320419311523438,0.2909698486328125,39.48297882080078,2.747039794921875,0.26378631591796875,0.20453643798828125,0.2725677490234375,2.769683837890625,0.201690673828125,2.7706298828125,2.7379150390625,0.2224884033203125,0.27475738525390625,2.7906265258789063,0.27809906005859375,0.2559051513671875,25.741546630859375,0.1521148681640625,31.098670959472656,0.16259002685546875,0,197903.0880126953,209930.48693847656,0,34088599552,2147483648,8092266496,0
200,1787750514650,3500,3500,3500,3500,3500,3500,3500,3500,3500,3500,3500,3500,3500,3500,3500,3500,3500,3500,3500,3500,4.511932373046875,0.3636016845703125,73.16232299804688,0.22440338134765625,0.37994384765625,0.406982421875,0.477203369140625,0.49399566650390625,2.8533172607421875,0.38278961181640625,0.3730926513671875,0.40908050537109375,2.8498153686523438,0.33615875244140625,0.4273223876953125,0.425323486328125,10.992843627929688,0.2661895751953125,16.87470245361328,0.2482452392578125,0,197913.31524658203,209938.60577392578,0,34088599552,2147483648,8092188672,0
200,1787750514851,3500,3500,3500,3500,3500,3500,3500,3500,3500,3500,3500,3500,3500,3500,3500,3500,3500,3500,3500,3500,13.608383178710938,0.27490234375,36.711997985839844,0.22438812255859375,0.3877410888671875,2.911865234375,0.46857452392578125,0.45880126953125,0.3569793701171875,0.32865142822265625,0.42763519287109375,2.861358642578125,3.1246414184570313,0.3169403076171875,6.085670471191406,0.37961578369140625,40.58041000366211,0.23949432373046875,32.376007080078125,0.2155609130859375,0,197922.1947631836,209945.3251953125,0,34088599552,2147483648,8092274688,0
199,1787750515051,3500,3500,3500,3500,3500,3500,3500,3500,3500,3500,3500,3500,3500,3500,3500,3500,3500,3500,3500,3500,7.7160491943359375,2.7689437866210938,27.158035278320313,0.24033355712890625,0.362945556640625,0.43802642822265625,2.9421844482421875,0.32524871826171875,0.32000732421875,0.24652099609375,0.2246551513671875,0.183319091796875,0.2705841064453125,0.3015899658203125,0.36089324951171875,2.8798751831054688,23.711875915527344,0.204437255859375,50.075035095214844,2.689666748046875,0,197929.6431274414,209950.6134033203,0,34088599552,2147483648,8092151808,0
199,1787750515251,3500,3500,3500,3500,3500,3500,3500,3500,3500,3500,3500,3500,3500,3500,3500,3500,3500,3500,3500,3500,6.5262298583984375,0.395843505859375,67.14360046386719,0.21936798095703125,3.0368728637695313,0.48773193359375,0.4217376708984375,0.49407958984375,0.458282470703125,0.308807373046875,0.4694366455078125,0.3858489990234375,0.5870132446289063,0.32880401611328125,0.43228912353515625,0.42803955078125,22.89605712890625,2.79290771484375,15.878204345703125,0.26676177978515625,0,197938.30053710938,209957.15850830078,0,34088599552,2147483648,8092721152,0
200,1787750515451,3500,3500,3500,3500,3500,3500,3500,3500,3500,3500,3500,3500,3500,3500,3500,3500,3500,3500,3500,3500,2.48919677734375,0.2897186279296875,84.82511138916016,2.6722412109375,0.4649200439453125,0.34995269775390625,0.34815216064453125,2.978607177734375,0.45507049560546875,2.8564910888671875,0.36594390869140625,0.33675384521484375,0.289520263671875,2.794708251953125,0.38309478759765625,0.3765411376953125,10.557304382324219,0.23928070068359375,9.056678771972656,0.229034423828125,0,197948.03881835938,209964.77838134766,0,34088599552,2147483648,8092561408,0
200,1787750515652,3500,3500,3500,3500,3500,3500,3500,3500,3500,3500,3500,3500,3500,3500,3500,3500,3500,3500,3500,3500,10.8677978515625,0.26779937744140625,71.13003540039063,0.1490936279296875,0.459686279296875,0.34820556640625,0.35713958740234375,0.35828399658203125,2.9457321166992188,0.3323974609375,2.8536605834960938,0.41155242919921875,2.9490280151367188,0.26580810546875,0.36122894287109375,0.40087890625,11.152259826660156,0.2816162109375,33.527069091796875,0.20111083984375,0,197957.01831054688,209971.60675048828,0,34088599552,2147483648,8079704064,0
200,1787750515852,3500,3500,3500,3500,3500,3500,3500,3500,3500,3500,3500,3500,3500,3500,3500,3500,3500,3500,3500,3500,0.5857315063476563,0.30023193359375,88.7986068725586,0.1641998291015625,0.5201644897460938,2.9366073608398438,0.38053131103515625,0.36865234375,0.40006256103515625,0.32759857177734375,0.35906219482421875,2.9962844848632813,0.39186859130859375,0.34093475341796875,2.9207763671875,0.41838836669921875,5.7421722412109375,0.333740234375,12.752998352050781,0.2924957275390625,0,197965.6781616211,209978.14642333984,0,34088599552,2147483648,8079446016,0
200,1787750516052,3500,3500,3500,3500,3500,3500,3500,3500,3500,3500,3500,3500,3500,3500,3500,3500,3500,3500,3500,3500,8.255912780761719,2.8410491943359375,39.825782775878906,0.238739013671875,0.41436004638671875,0.46170806884765625,2.8763198852539063,0.38347625732421875,0.38507080078125,0.38826751708984375,0.5874404907226563,0.4749298095703125,0.44638824462890625,0.39714813232421875,0.34905242919921875,2.9036636352539063,31.202163696289063,0.188995361328125,28.77307891845703,2.771942138671875,0,197974.02447509766,209984.36474609375,0,34088599552,2147483648,8079335424,0
200,1787750516252,3500,3500,3500,3500,3500,3500,3500,3500,3500,3500,3500,3500,3500,3500,3500,3500,3500,3500,3500,3500,20.53729248046875,0.23511505126953125,32.44482421875,0.22722625732421875,2.868377685546875,0.3129730224609375,0.35861968994140625,0.28890228271484375,0.4043121337890625,0.3349456787109375,0.4603424072265625,0.427581787109375,8.184341430664063,0.26922607421875,0.33304595947265625,0.3464813232421875,33.946258544921875,2.693389892578125,19.66669464111328,0.144775390625,0,197983.43127441406,209991.62237548828,0,34088599552,2147483648,8078434304,0
200,1787750516453,3500,3500,3500,3500,3500,3500,3500,3500,3500,3500,3500,3500,3500,3500,3500,3500,3500,3500,3500,3500,11.385086059570313,0.38256072998046875,30.71166229248047,2.9267044067382813,0.32208251953125,0.338897705078125,0.36993408203125,2.8856887817382813,0.37462615966796875,2.9683151245117188,2.4873123168945313,0.485992431640625,0.384552001953125,2.9019088745117188,0.46883392333984375,0.47866058349609375,22.886032104492188,0.31604766845703125,46.0313720703125,0.25621795654296875,0,197993.30450439453,209999.36602783203,0,34088599552,2147483648,8079011840,0
200,1787750516653,3500,3500,3500,3500,3500,3500,3500,3500,3500,3500,3500,3500,3500,3500,3500,3500,3500,3500,3500,3500,0.5707168579101563,0.341766357421875,55.59029769897461,0.17383575439453125,0.240234375,0.293304443359375,0.25722503662109375,0.27651214599609375,2.8120498657226563,0.27761077880859375,2.7933120727539063,0.20226287841796875,2.806854248046875,0.2980499267578125,0.38513946533203125,0.402130126953125,11.022857666015625,0.23529052734375,38.07927703857422,0.2094573974609375,0,198003.14086914063,210007.07550048828,0,34088599552,2147483648,8078929920,0
200,1787750516853,3500,3500,3500,3500,3500,3500,3500,3500,3500,3500,3500,3500,3500,3500,3500,3500,3500,3500,3500,3500,16.362937927246094,0.3211212158203125,24.793357849121094,0.2548675537109375,0.3207244873046875,2.8917007446289063,0.29538726806640625,0.2457275390625,0.27425384521484375,0.22454071044921875,0.603973388671875,2.8244476318359375,0.27655029296875,0.289398193359375,2.8990936279296875,0.37818145751953125,4.893379211425781,0.23138427734375,60.249900817871094,0.1631317138671875,0,198012.0557861328,210013.8568725586,0,34088599552,2147483648,8078770176,0
199,1787750517054,3500,3500,3500,3500,3500,3500,3500,3500,3500,3500,3500,3500,3500,3500,3500,3500,3500,3500,3500,3500,5.8586273193359375,2.822265625,75.46334075927734,0.159820556640625,0.33026885986328125,0.4540252685546875,1.1113204956054688,0.335357666015625,0.23963165283203125,0.24756622314453125,0.26861572265625,0.22666168212890625,20.33605194091797,0.23758697509765625,0.41088104248046875,2.859832763671875,34.1998291015625,0.1844635009765625,18.654937744140625,2.764801025390625,0,198021.63653564453,210021.2509765625,0,34088599552,2147483648,8095182848,0
200,1787750517254,3500,3500,3500,3500,3500,3500,3500,3500,3500,3500,3500,3500,3500,3500,3500,3500,3500,3500,3500,3500,32.801734924316406,0.40699005126953125,40.70405197143555,0.2678070068359375,2.8525543212890625,0.35204315185546875,2.2461471557617188,0.31584930419921875,0.34189605712890625,0.30934906005859375,0.33594512939453125,0.37334442138671875,1.2934494018554688,0.34784698486328125,16.479026794433594,0.3450469970703125,54.39631271362305,2.7611160278320313,4.352119445800781,0.37303924560546875,0,198031.45947265625,210028.94793701172,0,34088599552,2147483648,8095727616,0
200,1787750517454,3500,3500,3500,3500,3500,3500,3500,3500,3500,3500,3500,3500,3500,3500,3500,3500,3500,3500,3500,3500,12.546554565429688,0.31639862060546875,77.8753662109375,2.715087890625,0.35039520263671875,0.27706146240234375,0.22524261474609375,0.3101043701171875,0.28110504150390625,2.8499679565429688,0.308807373046875,0.32433319091796875,0.31824493408203125,2.8307037353515625,0.320037841796875,0.32009124755859375,10.726448059082031,0.24251556396484375,8.668220520019531,0.25524139404296875,0,198040.6762084961,210036.01934814453,0,34088599552,2147483648,8095100928,0
200,1787750517654,3500,3500,3500,3500,3500,3500,3500,3500,3500,3500,3500,3500,3500,3500,3500,3500,3500,3500,3500,3500,8.538970947265625,0.2720947265625,75.7547378540039,0.1915130615234375,0.24758148193359375,0.19655609130859375,0.274444580078125,2.8009719848632813,2.8216934204101563,0.22171783447265625,2.7270889282226563,0.27678680419921875,2.7855453491210938,0.30194854736328125,0.2630615234375,0.2801361083984375,3.7051239013671875,0.30834197998046875,17.565719604492188,0.233551025390625,0,198048.79626464844,210042.03454589844,0,34088599552,2147483648,8094957568,0
200,1787750517855,3500,3500,3500,3500,3500,3500,3500,3500,3500,3500,3500,3500,3500,3500,3500,3500,3500,3500,3500,3500,8.325798034667969,0.34037017822265625,69.89823913574219,0.14917755126953125,0.27765655517578125,2.8047866821289063,0.2530059814453125,0.204010009765625,0.24976348876953125,0.2996063232421875,0.2137451171875,2.824493408203125,6.5874786376953125,0.24417877197265625,2.8917465209960938,0.25939178466796875,21.74542999267578,0.24971771240234375,23.31311798095703,0.23195648193359375,0,198057.2261352539,210048.59619140625,0,34088599552,2147483648,8095485952,0
200,1787750518055,3500,3500,3500,3500,3500,3500,3500,3500,3500,3500,3500,3500,3500,3500,3500,3500,3500,3500,3500,3500,6.853973388671875,1.9040603637695313,40.33152389526367,0.25064849853515625,0.28624725341796875,0.2733612060546875,0.28310394287109375,0.25618743896484375,0.28150177001953125,0.35434722900390625,0.32269287109375,0.2997283935546875,0.33248138427734375,0.30387115478515625,0.30202484130859375,2.836944580078125,11.615158081054688,0.263275146484375,49.763710021972656,2.7143707275390625,0,198065.0326538086,210053.9813232422,0,34088599552,2147483648,8095223808,0
199,1787750518255,3500,3500,3500,3500,3500,3500,3500,3500,3500,3500,3500,3500,3500,3500,3500,3500,3500,3500,3500,3500,17.20362091064453,1.1199417114257813,40.38747024536133,0.21344757080078125,2.7702789306640625,0.22911834716796875,2.8175888061523438,0.24219512939453125,0.24668121337890625,0.24015045166015625,0.28890228271484375,0.2803192138671875,8.183372497558594,0.31356048583984375,0.2569122314453125,0.27562713623046875,5.2335357666015625,2.7751693725585938,40.074161529541016,0.147674560546875,0,198073.61328125,210060.44525146484,0,34088599552,2147483648,8094769152,0
200,1787750518455,3500,3500,3500,3500,3500,3500,3500,3500,3500,3500,3500,3500,3500,3500,3500,3500,3500,3500,3500,3500,19.29108428955078,0.28106689453125,30.481536865234375,2.8043594360351563,0.44141387939453125,0.32593536376953125,0.30829620361328125,0.36466217041015625,0.2978515625,0.29790496826171875,0.7604522705078125,0.31864166259765625,0.32193756103515625,2.8726654052734375,0.32868194580078125,0.30759429931640625,18.607086181640625,0.29935455322265625,40.545631408691406,0.206268310546875,0,198081.99627685547,210066.90600585938,0,34088599552,2147483648,8094773248,0
200,1787750518656,3500,3500,3500,3500,3500,3500,3500,3500,3500,3500,3500,3500,3500,3500,3500,3500,3500,3500,3500,3500,40.48423767089844,0.21619415283203125,55.76310348510742,0.1528167724609375,0.28755950927734375,0.3079376220703125,0.27013397216796875,2.8121185302734375,2.7931976318359375,2.7839584350585938,2.9633941650390625,0.271575927734375,45.81248092651367,0.1983184814453125,11.960441589355469,0.2435150146484375,42.43752670288086,0.20360565185546875,67.00830078125,0.15251922607421875,0,198097.087890625,210079.4711303711,0,34088599552,2147483648,8113627136,0
200,1787750518856,3500,3500,3500,3500,3500,3500,3500,3500,3500,3500,3500,3500,3500,3500,3500,3500,3500,3500,3500,3500,11.277671813964844,0.35631561279296875,65.86659240722656,0.23303985595703125,0.5355224609375,3.003936767578125,0.44591522216796875,0.53607177734375,0.32927703857421875,0.33042144775390625,0.35611724853515625,2.8669891357421875,0.41254425048828125,0.37886810302734375,0.36389923095703125,0.37737274169921875,10.905242919921875,0.316802978515625,18.028160095214844,0.28601837158203125,0,198104.60131835938,210084.85650634766,0,34088599552,2147483648,8113610752,0
200,1787750519057,3500,3500,3500,3500,3500,3500,3500,3500,3500,3500,3500,3500,3500,3500,3500,3500,3500,3500,3500,3500,14.372238159179688,0.26268768310546875,56.135597229003906,0.2081451416015625,0.460601806640625,0.4439849853515625,0.3476715087890625,0.44278717041015625,0.2788543701171875,0.23758697509765625,0.30500030517578125,0.22895050048828125,0.39867401123046875,0.379608154296875,2.7920913696289063,2.8289642333984375,5.9346923828125,0.2232666015625,31.93743133544922,2.6872940063476563,0,198112.87573242188,210090.99737548828,0,34088599552,2147483648,8113582080,0
200,1787750519257,3500,3500,3500,3500,3500,3500,3500,3500,3500,3500,3500,3500,3500,3500,3500,3500,3500,3500,3500,3500,13.633125305175781,2.798797607421875,59.794132232666016,0.1893463134765625,2.9285202026367188,0.41930389404296875,2.9308700561523438,0.45068359375,0.26064300537109375,0.29506683349609375,0.31372833251953125,0.26702880859375,0.9328536987304688,0.37459564208984375,0.8141555786132813,0.32315826416015625,26.37890625,2.7253570556640625,19.136329650878906,0.24327850341796875,0,198122.58172607422,210098.54455566406,0,34088599552,2147483648,8113496064,0
199,1787750519457,3500,3500,3500,3500,3500,3500,3500,3500,3500,3500,3500,3500,3500,3500,3500,3500,3500,3500,3500,3500,11.085746765136719,0.31081390380859375,34.739013671875,2.7174606323242188,0.3380126953125,0.38177490234375,0.33477020263671875,0.4518280029296875,0.23406982421875,0.2105712890625,0.27812957763671875,0.2924041748046875,8.048934936523438,2.8051300048828125,0.26001739501953125,0.2809295654296875,18.367599487304688,0.19106292724609375,36.119850158691406,0.177337646484375,0,198132.57165527344,210106.41510009766,0,34088599552,2147483648,8113537024,0
199,1787750519658,3500,3500,3500,3500,3500,3500,3500,3500,3500,3500,3500,3500,3500,3500,3500,3500,3500,3500,3500,3500,6.4322052001953125,0.28553009033203125,68.22879791259766,0.19643402099609375,0.40520477294921875,0.48281097412109375,0.40375518798828125,3.0379867553710938,2.8383026123046875,2.7800369262695313,2.805023193359375,0.33174896240234375,2.8607406616210938,0.31606292724609375,0.3800201416015625,0.43279266357421875,3.6907424926757813,0.34079742431640625,27.574256896972656,0.25844573974609375,0,198141.7362060547,210113.44891357422,0,34088599552,2147483648,8113475584,0
200,1787750519858,3500,3500,3500,3500,3500,3500,3500,3500,3500,3500,3500,3500,3500,3500,3500,3500,3500,3500,3500,3500,26.20746612548828,0.30582427978515625,26.363548278808594,0.31377410888671875,0.383544921875,0.48635101318359375,0.42028045654296875,0.48650360107421875,0.26789093017578125,0.30147552490234375,0.5480270385742188,2.878814697265625,13.070770263671875,0.36859893798828125,0.41358184814453125,0.4049835205078125,28.390716552734375,0.24365234375,46.917144775390625,0.19132232666015625,0,198150.3920288086,210119.9678955078,0,34088599552,2147483648,8122941440,0
200,1787750520058,3500,3500,3500,3500,3500,3500,3500,3500,3500,3500,3500,3500,3500,3500,3500,3500,3500,3500,3500,3500,19.042739868164063,0.2870635986328125,59.409034729003906,0.2357635498046875,5.853759765625,2.9347000122070313,0.3933563232421875,0.40494537353515625,0.31168365478515625,0.31752777099609375,5.035980224609375,0.20809173583984375,49.24510955810547,0.1945037841796875,15.119041442871094,2.8358001708984375,25.26673126220703,0.29280853271484375,52.50602722167969,2.759521484375,0,198162.36248779297,210129.6961669922,0,34088599552,2147483648,8126566400,0
199,1787750520258,3500,3500,3500,3500,3500,3500,3500,3500,3500,3500,3500,3500,3500,3500,3500,3500,3500,3500,3500,3500,22.324661254882813,2.81170654296875,36.31818771362305,0.211700439453125,2.83856201171875,0.331756591796875,2.90350341796875,0.3140869140625,0.26087188720703125,0.269012451171875,0.2612762451171875,0.3138885498046875,0.3282623291015625,0.27410125732421875,0.5058746337890625,0.5179061889648438,25.15283966064453,2.7494049072265625,31.916481018066406,0.203765869140625,0,198170.97119140625,210136.15649414063,0,34088599552,2147483648,8125521920,0
200,1787750520458,3500,3500,3500,3500,3500,3500,3500,3500,3500,3500,3500,3500,3500,3500,3500,3500,3500,3500,3500,3500,3.541351318359375,0.3322296142578125,62.193214416503906,2.711334228515625,0.31113433837890625,0.24517059326171875,0.3010406494140625,0.2572174072265625,0.30313873291015625,0.22608184814453125,0.2503662109375,0.2839508056640625,0.31878662109375,2.8066864013671875,0.5103836059570313,0.5096359252929688,11.962059020996094,0.2624664306640625,31.459091186523438,0.244873046875,0,198179.09381103516,210142.14978027344,0,34088599552,2147483648,8125014016,0
200,1787750520659,3500,3500,3500,3500,3500,3500,3500,3500,3500,3500,3500,3500,3500,3500,3500,3500,3500,3500,3500,3500,1.7996292114257813,0.3098297119140625,55.37467956542969,0.2200775146484375,0.3190155029296875,0.29107666015625,0.2870330810546875,2.7853012084960938,2.7649459838867188,2.85809326171875,3.1018218994140625,0.219024658203125,10.843452453613281,0.45098114013671875,0.5616378784179688,0.48505401611328125,19.99504852294922,0.2301025390625,26.26984405517578,0.1847991943359375,0,198188.8726196289,210149.78509521484,0,34088599552,2147483648,8090861568,0
200,1787750520859,3500,3500,3500,3500,3500,3500,3500,3500,3500,3500,3500,3500,3500,3500,3500,3500,3500,3500,3500,3500,17.9866943359375,0.400054931640625,24.009063720703125,0.34156036376953125,0.496124267578125,0.3641204833984375,0.33123016357421875,0.41303253173828125,0.3762969970703125,0.294952392578125,4.3856658935546875,3.17877197265625,5.010704040527344,0.372802734375,3.9847183227539063,0.446868896484375,26.057144165039063,0.309173583984375,60.054168701171875,0.2577667236328125,0,198198.8638305664,210157.59204101563,0,34088599552,2147483648,8089460736,0
199,1787750521059,3500,3500,3500,3500,3500,3500,3500,3500,3500,3500,3500,3500,3500,3500,3500,3500,3500,3500,3500,3500,28.636474609375,0.286895751953125,46.36407470703125,0.227386474609375,0.2792510986328125,2.8593368530273438,0.23348236083984375,0.2938385009765625,0.22328948974609375,0.29463958740234375,0.3187713623046875,0.30867767333984375,0.3128204345703125,0.2898406982421875,2.8798675537109375,2.90020751953125,4.875633239746094,0.23838043212890625,43.51942825317383,2.7769927978515625,0,198207.69921875,210164.30084228516,0,34088599552,2147483648,8086528000,0
200,1787750521259,3500,3500,3500,3500,3500,3500,3500,3500,3500,3500,3500,3500,3500,3500,3500,3500,3500,3500,3500,3500,0.7876968383789063,2.9332809448242188,25.575828552246094,0.24568939208984375,2.9406814575195313,0.430206298828125,2.993255615234375,0.403717041015625,0.26567840576171875,0.2855224609375,0.28287506103515625,0.3771820068359375,0.40071868896484375,0.38637542724609375,0.3144073486328125,0.32050323486328125,39.57210159301758,2.7559127807617188,44.07918167114258,0.204559326171875,0,198215.82208251953,210170.3120727539,0,34088599552,2147483648,8086122496,0
200,1787750521459,3500,3500,3500,3500,3500,3500,3500,3500,3500,3500,3500,3500,3500,3500,3500,3500,3500,3500,3500,3500,24.132286071777344,0.2663421630859375,45.05620193481445,2.757659912109375,0.2736358642578125,0.18042755126953125,0.32398223876953125,0.236572265625,0.233673095703125,0.24016571044921875,0.40190887451171875,0.1905670166015625,17.255348205566406,2.840728759765625,2.5052032470703125,0.26679229736328125,55.83547592163086,0.17028045654296875,41.40057373046875,0.18317413330078125,0,198227.0053100586,210179.27947998047,0,34088599552,2147483648,8106303488,0
200,1787750521660,3500,3500,3500,3500,3500,3500,3500,3500,3500,3500,3500,3500,3500,3500,3500,3500,3500,3500,3500,3500,17.47801971435547,0.34810638427734375,49.46165466308594,0.27223968505859375,0.3408660888671875,0.342315673828125,0.25241851806640625,2.8130340576171875,2.7800216674804688,2.855133056640625,2.7944564819335938,0.3112030029296875,5.5630340576171875,0.3202362060546875,0.42856597900390625,0.4193267822265625,11.487815856933594,0.280487060546875,26.94231414794922,0.26035308837890625,0,198237.74865722656,210187.92114257813,0,34088599552,2147483648,8094064640,0
200,1787750521860,3500,3500,3500,3500,3500,3500,3500,3500,3500,3500,3500,3500,3500,3500,3500,3500,3500,3500,3500,3500,0.583221435546875,0.271026611328125,47.512874603271484,0.20346832275390625,0.33708953857421875,0.29607391357421875,0.2525177001953125,0.186309814453125,0.203125,0.2451324462890625,0.38628387451171875,2.8196029663085938,0.2476806640625,0.281005859375,0.263641357421875,0.30121612548828125,2.89459228515625,0.1981353759765625,53.503631591796875,0.12952423095703125,0,198246.2501220703,210194.26501464844,0,34088599552,2147483648,8094040064,0
200,1787750522061,3500,3500,3500,3500,3500,3500,3500,3500,3500,3500,3500,3500,3500,3500,3500,3500,3500,3500,3500,3500,24.96862030029297,0.9772186279296875,45.72335433959961,0.9595565795898438,0.9564666748046875,3.5678329467773438,1.0558395385742188,0.9673385620117188,1.0161819458007813,0.9769210815429688,1.0773468017578125,1.0353851318359375,1.0494537353515625,1.0376815795898438,3.5399398803710938,3.5321121215820313,19.339195251464844,0.9657440185546875,18.785484313964844,3.5053176879882813,0,198257.72314453125,210203.63665771484,0,34088599552,2147483648,8093753344,0
199,1787750522261,3500,3500,3500,3500,3500,3500,3500,3500,3500,3500,3500,3500,3500,3500,3500,3500,3500,3500,3500,3500,14.973373413085938,2.7804641723632813,46.1346435546875,0.19426727294921875,2.8496017456054688,0.2229461669921875,2.7633285522460938,0.3240509033203125,0.3332366943359375,0.260406494140625,1.2644729614257813,0.28278350830078125,2.9538040161132813,0.2881317138671875,0.28783416748046875,0.30511474609375,26.62464141845703,2.778167724609375,28.439552307128906,0.189971923828125,0,198266.45733642578,210210.2197265625,0,34088599552,2147483648,8093429760,0
200,1787750522461,3500,3500,3500,3500,3500,3500,3500,3500,3500,3500,3500,3500,3500,3500,3500,3500,3500,3500,3500,3500,6.310401916503906,0.30086517333984375,45.024017333984375,2.7637557983398438,0.265777587890625,0.35100555419921875,0.26702880859375,0.27147674560546875,0.34575653076171875,0.25878143310546875,0.7239532470703125,0.27687835693359375,0.33165740966796875,2.8265914916992188,0.3192138671875,0.30731964111328125,34.99127197265625,0.2496795654296875,24.924331665039063,0.22199249267578125,0,198275.45831298828,210217.08709716797,0,34088599552,2147483648,8093515776,0
199,1787750522661,3500,3500,3500,3500,3500,3500,3500,3500,3500,3500,3500,3500,3500,3500,3500,3500,3500,3500,3500,3500,11.222831726074219,0.28649139404296875,45.151947021484375,0.22280120849609375,0.25926971435546875,0.2207489013671875,0.3144683837890625,2.824005126953125,2.8178634643554688,2.7936782836914063,2.956787109375,0.35472869873046875,2.8510818481445313,0.3016815185546875,0.2880401611328125,0.27845001220703125,13.881088256835938,0.29888153076171875,34.728240966796875,0.2053680419921875,0,198286.00903320313,210225.5068359375,0,34088599552,2147483648,8093601792,0
200,1787750522861,3500,3500,3500,3500,3500,3500,3500,3500,3500,3500,3500,3500,3500,3500,3500,3500,3500,3500,3500,3500,13.49664306640625,0.24263763427734375,47.231605529785156,0.18140411376953125,0.19950103759765625,0.2596282958984375,0.2760772705078125,0.2121429443359375,0.444732666015625,0.33111572265625,0.38050079345703125,1.7264938354492188,7.9253082275390625,0.27182769775390625,0.28592681884765625,0.2778778076171875,18.375961303710938,0.2104949951171875,18.03125,0.1891021728515625,0,198294.33532714844,210231.69305419922,0,34088599552,2147483648,8093556736,0
200,1787750523061,3500,3500,3500,3500,3500,3500,3500,3500,3500,3500,3500,3500,3500,3500,3500,3500,3500,3500,3500,3500,3.6337203979492188,0.30130767822265625,34.35742950439453,0.202484130859375,0.18695831298828125,2.82513427734375,0.3307037353515625,0.27225494384765625,0.4374542236328125,0.37377166748046875,0.6336517333984375,1.5297317504882813,8.075820922851563,0.3447265625,3.394500732421875,2.8068161010742188,21.60297393798828,0.22235107421875,62.89484786987305,2.67236328125,0,198304.43884277344,210239.65795898438,0,34088599552,2147483648,8098009088,0
200,1787750523262,3500,3500,3500,3500,3500,3500,3500,3500,3500,3500,3500,3500,3500,3500,3500,3500,3500,3500,3500,3500,12.470527648925781,2.9903564453125,23.511741638183594,0.41602325439453125,3.3956069946289063,0.46361541748046875,2.931640625,0.43413543701171875,0.49015045166015625,0.4386749267578125,3.3477706909179688,0.7651138305664063,0.9870376586914063,0.41188812255859375,0.41841888427734375,0.410736083984375,21.556671142578125,2.9302444458007813,62.8372917175293,0.30977630615234375,0,198314.11499023438,210247.1967163086,0,34088599552,2147483648,8100827136,0
200,1787750523462,3500,3500,3500,3500,3500,3500,3500,3500,3500,3500,3500,3500,3500,3500,3500,3500,3500,3500,3500,3500,18.827178955078125,0.26688385009765625,43.97812271118164,2.752471923828125,0.32421112060546875,0.2514495849609375,0.28830718994140625,0.3628692626953125,0.2764739990234375,0.31287384033203125,0.29674530029296875,0.34284210205078125,0.38533782958984375,2.8953018188476563,0.31462860107421875,0.3041839599609375,14.187705993652344,0.253448486328125,35.12187194824219,0.20630645751953125,0,198324.30432128906,210255.24731445313,0,34088599552,2147483648,8100950016,0
200,1787750523662,3500,3500,3500,3500,3500,3500,3500,3500,3500,3500,3500,3500,3500,3500,3500,3500,3500,3500,3500,3500,9.04364013671875,0.28339385986328125,52.39285659790039,0.20024871826171875,0.38232421875,0.34771728515625,0.4094390869140625,2.9307861328125,2.7482147216796875,2.8080902099609375,2.77972412109375,0.2236175537109375,2.9007720947265625,0.35640716552734375,0.30551910400390625,0.2801971435546875,37.41069793701172,0.22237396240234375,16.22679901123047,0.2310638427734375,0,198333.93017578125,210262.7368774414,0,34088599552,2147483648,8099160064,0
200,1787750523863,3500,3500,3500,3500,3500,3500,3500,3500,3500,3500,3500,3500,3500,3500,3500,3500,3500,3500,3500,3500,8.307380676269531,0.30890655517578125,38.92972946166992,0.2639312744140625,0.3961181640625,0.3875274658203125,0.4994049072265625,0.3657684326171875,0.32178497314453125,0.3284759521484375,0.5007476806640625,0.28449249267578125,0.38777923583984375,0.4231719970703125,0.32712554931640625,0.31934356689453125,25.016250610351563,0.27321624755859375,31.98626708984375,0.259735107421875,0,198343.82525634766,210270.50341796875,0,34088599552,2147483648,8098136064,0
200,1787750524063,3500,3500,3500,3500,3500,3500,3500,3500,3500,3500,3500,3500,3500,3500,3500,3500,3500,3500,3500,3500,8.279441833496094,0.29239654541015625,69.363525390625,0.19301605224609375,0.32199859619140625,2.8105087280273438,0.33661651611328125,0.3681640625,0.32004547119140625,0.2642974853515625,0.9148712158203125,2.78515625,0.402008056640625,0.40450286865234375,2.8173446655273438,2.8177947998046875,7.989234924316406,0.252166748046875,21.235069274902344,2.7705764770507813,0,198352.287109375,210277.31701660156,0,34088599552,2147483648,8097517568,0
199,1787750524263,3500,3500,3500,3500,3500,3500,3500,3500,3500,3500,3500,3500,3500,3500,3500,3500,3500,3500,3500,3500,7.314216613769531,2.812164306640625,32.87461853027344,0.237457275390625,2.8472900390625,0.29039764404296875,2.7910537719726563,0.3433837890625,0.29129791259765625,0.17119598388671875,0.3568115234375,0.227325439453125,0.3714752197265625,0.34488677978515625,0.28340911865234375,0.2677459716796875,13.630256652832031,2.7499923706054688,57.67838668823242,0.159515380859375,0,198361.03063964844,210284.03607177734,0,34088599552,2147483648,8096997376,0
200,1787750524464,3500,3500,3500,3500,3500,3500,3500,3500,3500,3500,3500,3500,3500,3500,3500,3500,3500,3500,3500,3500,15.270072937011719,0.2860870361328125,42.8126335144043,2.7181854248046875,0.3538970947265625,0.5196533203125,0.36289215087890625,0.37628173828125,0.28713226318359375,0.25620269775390625,0.4144134521484375,0.30527496337890625,3.0618896484375,2.8330230712890625,0.36583709716796875,0.29347991943359375,52.74427032470703,0.1959381103515625,23.197410583496094,0.21607208251953125,0,198369.61212158203,210290.1572265625,0,34088599552,2147483648,8097275904,0
200,1787750524664,3500,3500,3500,3500,3500,3500,3500,3500,3500,3500,3500,3500,3500,3500,3500,3500,3500,3500,3500,3500,0.7637710571289063,0.4022216796875,56.630496978759766,0.2662200927734375,0.42867279052734375,0.50982666015625,0.37856292724609375,2.9160690307617188,2.8602752685546875,2.7912445068359375,2.7665939331054688,0.3526153564453125,2.8894729614257813,0.33170318603515625,0.45672607421875,0.440155029296875,26.00458526611328,0.3454742431640625,22.694320678710938,0.26531982421875,0,198379.6103515625,210297.73376464844,0,34088599552,2147483648,8096673792,0
200,1787750524864,3500,3500,3500,3500,3500,3500,3500,3500,3500,3500,3500,3500,3500,3500,3500,3500,3500,3500,3500,3500,15.6749267578125,0.278900146484375,60.396812438964844,0.17969512939453125,0.4557952880859375,0.49591827392578125,0.3659210205078125,0.345062255859375,0.45659637451171875,0.279693603515625,0.31188201904296875,0.43503570556640625,0.28009796142578125,0.277099609375,0.38149261474609375,0.38433837890625,11.7259521484375,0.21811676025390625,16.8525390625,0.19765472412109375,0,198388.09283447266,210304.09503173828,0,34088599552,2147483648,8096251904,0
200,1787750525064,3500,3500,3500,3500,3500,3500,3500,3500,3500,3500,3500,3500,3500,3500,3500,3500,3500,3500,3500,3500,6.8209075927734375,0.22834014892578125,50.80640411376953,0.178863525390625,0.3016510009765625,2.9391632080078125,0.30145263671875,0.310150146484375,0.2460784912109375,0.21724700927734375,0.308502197265625,2.7287139892578125,0.33928680419921875,0.246978759765625,2.8618011474609375,0.480316162109375,21.264183044433594,0.171417236328125,28.046859741210938,2.6656951904296875,0,198397.03204345703,210310.91247558594,0,34088599552,2147483648,8096444416,0
200,1787750525265,3500,3500,3500,3500,3500,3500,3500,3500,3500,3500,3500,3500,3500,3500,3500,3500,3500,3500,3500,3500,11.889617919921875,2.8900070190429688,48.51321029663086,0.26189422607421875,0.44571685791015625,0.54632568359375,2.9916152954101563,0.41030120849609375,0.27043914794921875,0.3510589599609375,0.6331863403320313,0.30400848388671875,5.4557342529296875,0.31299591064453125,0.6800460815429688,2.6842575073242188,37.479862213134766,2.799346923828125,18.063461303710938,0.2414703369140625,0,198405.34100341797,210317.06427001953,0,34088599552,2147483648,8097947648,0
200,1787750525465,3500,3500,3500,3500,3500,3500,3500,3500,3500,3500,3500,3500,3500,3500,3500,3500,3500,3500,3500,3500,18.4560546875,0.34873199462890625,55.397010803222656,2.74627685546875,2.88800048828125,0.376678466796875,0.34009552001953125,0.3392486572265625,0.3878021240234375,0.31185150146484375,0.26519012451171875,0.28969573974609375,0.32477569580078125,2.8416900634765625,0.3252716064453125,0.31404876708984375,29.64276885986328,0.3385467529296875,10.322723388671875,0.26483917236328125,0,198415.0654296875,210324.64379882813,0,34088599552,2147483648,8097849344,0
200,1787750525665,3500,3500,3500,3500,3500,3500,3500,3500,3500,3500,3500,3500,3500,3500,3500,3500,3500,3500,3500,3500,10.968086242675781,0.27953338623046875,62.15571212768555,0.1878204345703125,0.3747406005859375,0.294708251953125,0.3141326904296875,2.8091583251953125,2.7975234985351563,2.862030029296875,2.7685699462890625,0.2974090576171875,2.8283309936523438,0.2562713623046875,0.310638427734375,0.274688720703125,18.041732788085938,0.26760101318359375,13.508293151855469,0.23070526123046875,0,198424.3051147461,210331.76831054688,0,34088599552,2147483648,8097779712,0
199,1787750525866,3500,3500,3500,3500,3500,3500,3500,3500,3500,3500,3500,3500,3500,3500,3500,3500,3500,3500,3500,3500,5.0277099609375,0.31146240234375,50.07363510131836,0.19112396240234375,0.2124786376953125,0.30377960205078125,0.3448333740234375,0.21756744384765625,0.48238372802734375,0.49539947509765625,0.40784454345703125,0.48427581787109375,0.39178466796875,0.34319305419921875,0.3090667724609375,0.28936004638671875,39.45575714111328,0.26590728759765625,23.573837280273438,0.2308349609375,0,198434.02447509766,210339.35021972656,0,34088599552,2147483648,8086081536,0
200,1787750526066,3500,3500,3500,3500,3500,3500,3500,3500,3500,3500,3500,3500,3500,3500,3500,3500,3500,3500,3500,3500,8.556045532226563,0.29302215576171875,28.325782775878906,0.25998687744140625,0.292022705078125,2.7842941284179688,0.29067230224609375,0.3190155029296875,0.481292724609375,0.458404541015625,0.41167449951171875,3.0418853759765625,0.27993011474609375,0.29372406005859375,2.9011917114257813,0.352294921875,35.695892333984375,0.1842193603515625,34.506858825683594,2.7265167236328125,0,198442.0977783203,210345.2797241211,0,34088599552,2147483648,8085991424,0
200,1787750526266,3500,3500,3500,3500,3500,3500,3500,3500,3500,3500,3500,3500,3500,3500,3500,3500,3500,3500,3500,3500,13.872451782226563,2.814361572265625,66.2961196899414,0.21518707275390625,0.34622955322265625,0.30472564697265625,2.9094924926757813,0.3092193603515625,0.49419403076171875,0.36745452880859375,0.34847259521484375,0.47901153564453125,0.3111724853515625,0.31327056884765625,0.34772491455078125,2.8608551025390625,16.722023010253906,2.8043746948242188,12.919570922851563,0.237060546875,0,198451.2255859375,210352.30322265625,0,34088599552,2147483648,8085553152,0
200,1787750526466,3500,3500,3500,3500,3500,3500,3500,3500,3500,3500,3500,3500,3500,3500,3500,3500,3500,3500,3500,3500,7.240318298339844,0.28256988525390625,47.057960510253906,2.7366867065429688,2.9491043090820313,0.4138946533203125,0.44020843505859375,0.3341064453125,0.3145294189453125,0.350128173828125,0.47261810302734375,0.29645538330078125,0.2822723388671875,2.7910690307617188,0.2780303955078125,0.29665374755859375,18.01630401611328,0.22629547119140625,39.016666412353516,0.20886993408203125,0,198460.04266357422,210358.9916381836,0,34088599552,2147483648,8085549056,0
200,1787750526666,3500,3500,3500,3500,3500,3500,3500,3500,3500,3500,3500,3500,3500,3500,3500,3500,3500,3500,3500,3500,32.14452362060547,0.2493438720703125,29.151588439941406,0.20871734619140625,0.28836822509765625,0.286468505859375,0.27433013916015625,2.765228271484375,2.8527755737304688,2.7817153930664063,2.71795654296875,0.2260589599609375,0.3282928466796875,0.255889892578125,0.29051971435546875,0.28562164306640625,20.804542541503906,0.24105072021484375,26.965896606445313,0.1902313232421875,0,198469.06494140625,210365.87963867188,0,34088599552,2147483648,8085504000,0
200,1787750526867,3500,3500,3500,3500,3500,3500,3500,3500,3500,3500,3500,3500,3500,3500,3500,3500,3500,3500,3500,3500,11.969009399414063,0.31649017333984375,59.576847076416016,0.23960113525390625,0.27178955078125,0.31444549560546875,0.280670166015625,0.34123992919921875,0.32407379150390625,0.30511474609375,0.271636962890625,0.33255767822265625,2.8778305053710938,0.32363128662109375,0.37966156005859375,0.34563446044921875,7.059898376464844,0.2725372314453125,25.89655303955078,0.24144744873046875,0,198477.5108642578,210372.20416259766,0,34088599552,2147483648,8085499904,0
200,1787750527067,3500,3500,3500,3500,3500,3500,3500,3500,3500,3500,3500,3500,3500,3500,3500,3500,3500,3500,3500,3500,10.864852905273438,0.31578826904296875,46.53247833251953,0.1897125244140625,0.240875244140625,2.7809829711914063,0.2362823486328125,0.2372283935546875,0.28554534912109375,0.20967864990234375,0.7026596069335938,2.8006515502929688,0.27501678466796875,0.2786102294921875,2.8570022583007813,0.3473358154296875,19.41644287109375,0.22650146484375,30.043960571289063,2.7258834838867188,0,198487.22900390625,210379.78259277344,0,34088599552,2147483648,8085577728,0
199,1787750527268,3500,3500,3500,3500,3500,3500,3500,3500,3500,3500,3500,3500,3500,3500,3500,3500,3500,3500,3500,3500,8.51849365234375,2.792266845703125,37.21623611450195,0.250091552734375,0.2397003173828125,0.2398529052734375,2.8444137573242188,0.28380584716796875,0.3222198486328125,0.24669647216796875,1.0280838012695313,0.23560333251953125,0.28510284423828125,0.3055877685546875,0.29639434814453125,2.8166427612304688,26.21955108642578,2.7757797241210938,37.87610626220703,0.20208740234375,0,198495.96417236328,210386.37982177734,0,34088599552,2147483648,8085585920,0
200,1787750527468,3500,3500,3500,3500,3500,3500,3500,3500,3500,3500,3500,3500,3500,3500,3500,3500,3500,3500,3500,3500,3.4392929077148438,0.3425750732421875,39.59761428833008,2.8013534545898438,2.9340972900390625,0.29381561279296875,0.28092193603515625,0.2909698486328125,0.356964111328125,0.4524383544921875,0.375946044921875,0.466278076171875,0.33992767333984375,2.8618545532226563,0.34851837158203125,0.35321807861328125,24.33100128173828,0.271484375,49.351593017578125,0.2219696044921875,0,198504.97705078125,210393.26287841797,0,34088599552,2147483648,8085667840,0
200,1787750527668,3500,3500,3500,3500,3500,3500,3500,3500,3500,3500,3500,3500,3500,3500,3500,3500,3500,3500,3500,3500,0.5933685302734375,0.356414794921875,32.003013610839844,0.2397003173828125,0.30403900146484375,0.30329132080078125,0.3412017822265625,2.778076171875,2.932342529296875,2.996826171875,2.9341354370117188,0.4260406494140625,0.36528778076171875,0.306488037109375,0.38813018798828125,0.3165130615234375,47.74043273925781,0.226287841796875,24.930152893066406,0.24109649658203125,0,198515.57330322266,210401.7192993164,0,34088599552,2147483648,8086036480,0
200,1787750527868,3500,3500,3500,3500,3500,3500,3500,3500,3500,3500,3500,3500,3500,3500,3500,3500,3500,3500,3500,3500,0.5388259887695313,0.3037109375,54.403621673583984,0.19718170166015625,0.2326202392578125,0.2129058837890625,0.25104522705078125,0.297271728515625,0.22693634033203125,0.31798553466796875,0.2829437255859375,0.18614959716796875,2.7964248657226563,0.283538818359375,0.27001190185546875,0.29352569580078125,2.5839691162109375,0.23731231689453125,46.97978973388672,0.15839385986328125,0,198525.19207763672,210409.22967529297,0,34088599552,2147483648,8085938176,0
200,1787750528069,3500,3500,3500,3500,3500,3500,3500,3500,3500,3500,3500,3500,3500,3500,3500,3500,3500,3500,3500,3500,13.058341979980469,0.35544586181640625,50.767982482910156,0.195709228515625,0.480010986328125,2.7849349975585938,0.27547454833984375,0.31328582763671875,0.25527191162109375,0.2628021240234375,1.0826416015625,2.7204818725585938,3.8160934448242188,0.26739501953125,26.51587677001953,0.216461181640625,11.916580200195313,0.2479400634765625,25.55146026611328,2.7816925048828125,0,198536.40991210938,210418.27966308594,0,34088599552,2147483648,8085975040,0
200,1787750528269,3500,3500,3500,3500,3500,3500,3500,3500,3500,3500,3500,3500,3500,3500,3500,3500,3500,3500,3500,3500,9.148155212402344,2.8551101684570313,65.05879211425781,0.21334075927734375,0.34032440185546875,0.3154144287109375,2.8120880126953125,0.34571075439453125,0.31107330322265625,0.3577423095703125,0.24503326416015625,0.3213043212890625,0.321502685546875,0.3314361572265625,0.29894256591796875,2.89324951171875,2.9584884643554688,2.830657958984375,29.814895629882813,0.22920989990234375,0,198545.72235107422,210425.47088623047,0,34088599552,2147483648,8085970944,0
200,1787750528469,3500,3500,3500,3500,3500,3500,3500,3500,3500,3500,3500,3500,3500,3500,3500,3500,3500,3500,3500,3500,19.12701416015625,0.29443359375,52.375736236572266,2.7060699462890625,2.9735870361328125,0.249298095703125,0.20316314697265625,0.30181884765625,0.258331298828125,0.2773590087890625,0.6484832763671875,0.26187896728515625,8.180419921875,2.7704238891601563,0.29473114013671875,0.30167388916015625,12.568649291992188,0.212646484375,22.66405487060547,0.212249755859375,0,198554.703125,210432.32049560547,0,34088599552,2147483648,8085704704,0
200,1787750528670,3500,3500,3500,3500,3500,3500,3500,3500,3500,3500,3500,3500,3500,3500,3500,3500,3500,3500,3500,3500,17.562904357910156,0.3081817626953125,53.391658782958984,0.23549652099609375,0.3158721923828125,0.30329132080078125,0.30144500732421875,2.8006744384765625,2.7555465698242188,2.798431396484375,2.8757095336914063,0.2822265625,0.2910614013671875,0.3206634521484375,0.31357574462890625,0.30743408203125,2.766876220703125,0.26470184326171875,30.79753875732422,0.21123504638671875,0,198563.30627441406,210438.8057861328,0,34088599552,2147483648,8085594112,0
200,1787750528870,3500,3500,3500,3500,3500,3500,3500,3500,3500,3500,3500,3500,3500,3500,3500,3500,3500,3500,3500,3500,15.1763916015625,0.246673583984375,64.8753433227539,0.15212249755859375,0.260711669921875,0.205841064453125,0.30728912353515625,0.20264434814453125,0.2970428466796875,0.2336273193359375,0.2243804931640625,0.252471923828125,2.7695159912109375,0.27515411376953125,0.262115478515625,0.25347137451171875,19.774703979492188,0.17700958251953125,7.660179138183594,0.2266845703125,0,198572.4246826172,210445.78784179688,0,34088599552,2147483648,8085553152,0
200,1787750529070,3500,3500,3500,3500,3500,3500,3500,3500,3500,3500,3500,3500,3500,3500,3500,3500,3500,3500,3500,3500,8.454910278320313,0.30156707763671875,85.2541275024414,0.160125732421875,0.39521026611328125,2.7755203247070313,0.25312042236328125,0.38481903076171875,0.242584228515625,0.2393341064453125,0.26959991455078125,2.7926025390625,0.27614593505859375,0.28128814697265625,2.7991943359375,0.2746429443359375,5.008338928222656,0.2545166015625,8.607887268066406,2.7206268310546875,0,198581.11193847656,210452.35131835938,0,34088599552,2147483648,8085876736,0
200,1787750529271,3500,3500,3500,3500,3500,3500,3500,3500,3500,3500,3500,3500,3500,3500,3500,3500,3500,3500,3500,3500,8.397056579589844,2.7743453979492188,63.56760025024414,0.167083740234375,0.2716217041015625,0.2459869384765625,2.701629638671875,0.21929931640625,0.238006591796875,0.2268829345703125,0.214111328125,0.2393035888671875,0.38832855224609375,0.26004791259765625,0.3035430908203125,2.8493118286132813,33.25431823730469,0.34772491455078125,1.2374496459960938,0.194610595703125,0,198590.8175048828,210459.94116210938,0,34088599552,2147483648,8085794816,0
199,1787750529471,3500,3500,3500,3500,3500,3500,3500,3500,3500,3500,3500,3500,3500,3500,3500,3500,3500,3500,3500,3500,7.8313751220703125,0.375030517578125,81.2164077758789,0,2.67327880859375,0.11203765869140625,0.13568115234375,0.11643218994140625,0.07831573486328125,0.12630462646484375,0.11128997802734375,0.09423065185546875,0.37258148193359375,2.7444610595703125,0.33213043212890625,0.24837493896484375,16.42877197265625,2.3993148803710938,30.909820556640625,0.06390380859375,0,198601.68377685547,210468.58068847656,0,34088599552,2147483648,8092848128,0
200,1787750529671,3500,3500,3500,3500,3500,3500,3500,3500,3500,3500,3500,3500,3500,3500,3500,3500,3500,3500,3500,3500,46.029930114746094,0.8761520385742188,19.854957580566406,3.5009613037109375,1.00518798828125,0.9449691772460938,1.0079879760742188,3.5314483642578125,3.5092544555664063,3.57122802734375,3.65118408203125,0.9927902221679688,26.094818115234375,0.8570632934570313,24.84490203857422,0.8462142944335938,38.880130767822266,0.8332748413085938,70.24060821533203,0.8119354248046875,0,198611.23095703125,210475.9935913086,0,34088599552,2147483648,8104050688,0
200,1787750529872,3500,3500,3500,3500,3500,3500,3500,3500,3500,3500,3500,3500,3500,3500,3500,3500,3500,3500,3500,3500,9.280418395996094,0.3115081787109375,27.827537536621094,0.281829833984375,0.30806732177734375,0.30013275146484375,0.31864166259765625,0.25225830078125,0.35564422607421875,0.29195404052734375,0.306671142578125,0.31589508056640625,2.8746261596679688,0.315948486328125,0.30846405029296875,0.34332275390625,21.462646484375,0.23140716552734375,46.078712463378906,0.22168731689453125,0,198621.1812133789,210483.8126220703,0,34088599552,2147483648,8103972864,0
200,1787750530072,3500,3500,3500,3500,3500,3500,3500,3500,3500,3500,3500,3500,3500,3500,3500,3500,3500,3500,3500,3500,21.970672607421875,0.27715301513671875,26.404579162597656,0.27455902099609375,0.35323333740234375,2.901458740234375,0.3857574462890625,0.33267974853515625,0.27176666259765625,0.27046966552734375,0.34075927734375,2.8983688354492188,0.340362548828125,0.29636383056640625,2.860504150390625,0.30364227294921875,5.075958251953125,0.2547607421875,54.05690383911133,2.7107009887695313,0,198631.29333496094,210491.9428100586,0,34088599552,2147483648,8104325120,0
199,1787750530273,3500,3500,3500,3500,3500,3500,3500,3500,3500,3500,3500,3500,3500,3500,3500,3500,3500,3500,3500,3500,16.38390350341797,2.783660888671875,56.957374572753906,0.19420623779296875,0.29944610595703125,0.262237548828125,2.82904052734375,0.19216156005859375,0.22014617919921875,0.335052490234375,0.2880706787109375,0.24712371826171875,0.3311614990234375,0.28144073486328125,0.308319091796875,2.861358642578125,12.159690856933594,0.2102203369140625,23.981292724609375,0.20328521728515625,0,198641.28350830078,210499.68408203125,0,34088599552,2147483648,8104329216,0
200,1787750530473,3500,3500,3500,3500,3500,3500,3500,3500,3500,3500,3500,3500,3500,3500,3500,3500,3500,3500,3500,3500,3.6217117309570313,0.29395294189453125,61.75874328613281,0.19857025146484375,2.8520889282226563,0.31674957275390625,0.32244873046875,0.31925201416015625,0.31674957275390625,0.27260589599609375,0.41968536376953125,0.34404754638671875,0.28460693359375,1.9061431884765625,0.31385040283203125,0.29520416259765625,29.65514373779297,2.753753662109375,19.568130493164063,0.15822601318359375,0,198649.93103027344,210506.49627685547,0,34088599552,2147483648,8104140800,0
200,1787750530673,3500,3500,3500,3500,3500,3500,3500,3500,3500,3500,3500,3500,3500,3500,3500,3500,3500,3500,3500,3500,8.226966857910156,0.308746337890625,45.780357360839844,2.70697021484375,0.2804412841796875,0.27864837646484375,0.2466583251953125,2.846221923828125,2.8054428100585938,2.7078704833984375,2.77349853515625,0.22319793701171875,0.29361724853515625,1.16619873046875,0.28348541259765625,0.28728485107421875,25.573837280273438,0.21511077880859375,24.825439453125,0.2138671875,0,198659.36431884766,210513.46856689453,0,34088599552,2147483648,8104140800,0
200,1787750530873,3500,3500,3500,3500,3500,3500,3500,3500,3500,3500,3500,3500,3500,3500,3500,3500,3500,3500,3500,3500,23.806655883789063,0.2666473388671875,38.04041290283203,0.27074432373046875,0.2624053955078125,0.26929473876953125,0.3662872314453125,0.2657470703125,0.26290130615234375,0.2697906494140625,3.1181106567382813,0.3094024658203125,2.8123092651367188,0.30495452880859375,0.30695343017578125,0.3458099365234375,19.43975830078125,0.27059173583984375,24.79218292236328,0.22304534912109375,0,198668.72760009766,210520.703125,0,34088599552,2147483648,8080257024,0
200,1787750531074,3500,3500,3500,3500,3500,3500,3500,3500,3500,3500,3500,3500,3500,3500,3500,3500,3500,3500,3500,3500,31.452239990234375,0.3030242919921875,31.568161010742188,0.280426025390625,0.3597869873046875,2.8522186279296875,0.29514312744140625,0.313995361328125,0.3102569580078125,0.2904510498046875,0.33634185791015625,2.8391494750976563,8.249198913574219,0.3080596923828125,2.8595504760742188,0.31330108642578125,18.64989471435547,0.27374267578125,20.871376037597656,0.2405242919921875,0,198677.9780883789,210527.80139160156,0,34088599552,2147483648,8080314368,0
200,1787750531274,3500,3500,3500,3500,3500,3500,3500,3500,3500,3500,3500,3500,3500,3500,3500,3500,3500,3500,3500,3500,8.623184204101563,2.9177398681640625,57.477256774902344,0.22061920166015625,0.3282012939453125,0.3187103271484375,2.8597183227539063,0.3206024169921875,0.3792724609375,0.33669281005859375,0.43068695068359375,0.30631256103515625,0.30826568603515625,0.3176116943359375,0.32590484619140625,2.8390350341796875,9.364837646484375,0.25684356689453125,31.39887237548828,2.7636260986328125,0,198688.73950195313,210536.44213867188,0,34088599552,2147483648,8080302080,0
200,1787750531474,3500,3500,3500,3500,3500,3500,3500,3500,3500,3500,3500,3500,3500,3500,3500,3500,3500,3500,3500,3500,12.786819458007813,0.3290252685546875,38.98483657836914,0.23986053466796875,2.7716064453125,0.26406097412109375,0.31470489501953125,0.28202056884765625,0.40322113037109375,0.3656005859375,0.49428558349609375,0.40930938720703125,0.32448577880859375,0.29105377197265625,0.29070281982421875,0.29534149169921875,7.0454254150390625,2.7184600830078125,55.27381134033203,0.15862274169921875,0,198697.10760498047,210542.68353271484,0,34088599552,2147483648,8079953920,0
200,1787750531675,3500,3500,3500,3500,3500,3500,3500,3500,3500,3500,3500,3500,3500,3500,3500,3500,3500,3500,3500,3500,10.307174682617188,0.27265167236328125,38.51704025268555,2.6981964111328125,0.28058624267578125,0.26731109619140625,0.29955291748046875,2.6950454711914063,2.709228515625,2.8830413818359375,2.9519729614257813,0.39385223388671875,12.577178955078125,2.79937744140625,0.26910400390625,0.2604217529296875,6.004631042480469,0.21878814697265625,47.000179290771484,0.14635467529296875,0,198707.1142578125,210550.55401611328,0,34088599552,2147483648,8084619264,0
200,1787750531875,3500,3500,3500,3500,3500,3500,3500,3500,3500,3500,3500,3500,3500,3500,3500,3500,3500,3500,3500,3500,19.879005432128906,0,23.902488708496094,0,0,0,0,0,0,0,0,0.00873565673828125,15.995452880859375,0,0.00759124755859375,0,3.7609481811523438,0,44.49203872680664,0,0,198716.5760498047,210557.87493896484,0,34088599552,2147483648,8084561920,0
199,1787750532075,3500,3500,3500,3500,3500,3500,3500,3500,3500,3500,3500,3500,3500,3500,3500,3500,3500,3500,3500,3500,0.9322738647460938,0.6845016479492188,65.14077758789063,0.5285568237304688,0.6280746459960938,3.1343765258789063,0.59027099609375,0.6654281616210938,0.6542892456054688,0.6650772094726563,0.7287445068359375,3.2177200317382813,0.7383270263671875,0.747467041015625,3.2023391723632813,0.7192535400390625,21.383743286132813,0.5605621337890625,20.602020263671875,0.5580673217773438,0,198725.59375,210564.7628173828,0,34088599552,2147483648,8084795392,0
200,1787750532275,3500,3500,3500,3500,3500,3500,3500,3500,3500,3500,3500,3500,3500,3500,3500,3500,3500,3500,3500,3500,8.390922546386719,2.9033889770507813,48.21999740600586,0.28705596923828125,0.368011474609375,0.3646697998046875,2.821380615234375,0.28055572509765625,0.44522857666015625,0.4222869873046875,0.47556304931640625,0.5317840576171875,0.40969085693359375,0.36981201171875,0.3525238037109375,2.8634567260742188,10.165023803710938,0.29230499267578125,39.661109924316406,2.7760009765625,0,198733.94067382813,210571.00317382813,0,34088599552,2147483648,8084795392,0
199,1787750532476,3500,3500,3500,3500,3500,3500,3500,3500,3500,3500,3500,3500,3500,3500,3500,3500,3500,3500,3500,3500,42.586761474609375,0.19625091552734375,58.45594787597656,0.16852569580078125,4.357719421386719,0.2550048828125,0.194305419921875,0.23974609375,0.2305145263671875,0.26383209228515625,3.551361083984375,0.31395721435546875,29.702919006347656,0.19904327392578125,39.24925994873047,0.20194244384765625,74.2791519165039,2.6677474975585938,49.9661865234375,0.193756103515625,0,198748.06524658203,210582.82482910156,0,34088599552,2147483648,8131559424,0
200,1787750532676,3500,3500,3500,3500,3500,3500,3500,3500,3500,3500,3500,3500,3500,3500,3500,3500,3500,3500,3500,3500,2.4287796020507813,0.34215545654296875,42.01822280883789,2.7765884399414063,0.35410308837890625,0.300079345703125,0.29608154296875,2.8536453247070313,0.334259033203125,2.8465423583984375,2.8507461547851563,0.3445587158203125,4.1220245361328125,2.868133544921875,0.5320510864257813,0.43035888671875,31.54277801513672,0.25970458984375,55.27045440673828,0.22617340087890625,0,198757.8585205078,210590.46228027344,0,34088599552,2147483648,8119824384,0
200,1787750532876,3500,3500,3500,3500,3500,3500,3500,3500,3500,3500,3500,3500,3500,3500,3500,3500,3500,3500,3500,3500,0.7060470581054688,0.2949981689453125,41.42585372924805,0.2475738525390625,0.2475738525390625,0.2646942138671875,0.3329315185546875,0.2552642822265625,2.7666702270507813,0.2915496826171875,0.26973724365234375,0.33083343505859375,2.8270721435546875,0.30667877197265625,0.316009521484375,0.302032470703125,15.560356140136719,0.24338531494140625,47.00117492675781,0.1980133056640625,0,198766.3634033203,210596.8466796875,0,34088599552,2147483648,8119754752,0
200,1787750533077,3500,3500,3500,3500,3500,3500,3500,3500,3500,3500,3500,3500,3500,3500,3500,3500,3500,3500,3500,3500,8.262184143066406,0.3611602783203125,42.86119842529297,0.27402496337890625,0.31063079833984375,2.7973556518554688,0.324005126953125,0.304595947265625,0.28839111328125,0.28385162353515625,0.7508468627929688,2.7661285400390625,0.3404083251953125,0.38779449462890625,2.8191986083984375,0.32968902587890625,32.359580993652344,0.23502349853515625,23.106590270996094,0.197662353515625,0,198774.24865722656,210602.58642578125,0,34088599552,2147483648,8119586816,0
200,1787750533277,3500,3500,3500,3500,3500,3500,3500,3500,3500,3500,3500,3500,3500,3500,3500,3500,3500,3500,3500,3500,9.499923706054688,2.8365707397460938,45.327945709228516,0.20943450927734375,0.26190948486328125,0.3010406494140625,2.7788009643554688,0.3105316162109375,0.200439453125,0.27864837646484375,0.24011993408203125,0.30863189697265625,0.373199462890625,0.38419342041015625,0.28404998779296875,2.7900924682617188,14.8133544921875,0.2425689697265625,42.977813720703125,2.6916961669921875,0,198783.9276123047,210610.13671875,0,34088599552,2147483648,8118263808,0
200,1787750533477,3500,3500,3500,3500,3500,3500,3500,3500,3500,3500,3500,3500,3500,3500,3500,3500,3500,3500,3500,3500,12.999580383300781,1.2674026489257813,36.747108459472656,0.2386474609375,2.72552490234375,0.2896728515625,0.33370208740234375,0.25873565673828125,0.26248931884765625,0.26458740234375,0.24944305419921875,0.29322052001953125,0.37778472900390625,0.40572357177734375,0.278076171875,0.266937255859375,3.0733718872070313,26.189720153808594,37.07696533203125,0.1617279052734375,0,198793.27508544922,210617.34814453125,0,34088599552,2147483648,8117809152,0
200,1787750533677,3500,3500,3500,3500,3500,3500,3500,3500,3500,3500,3500,3500,3500,3500,3500,3500,3500,3500,3500,3500,18.871620178222656,1.4052505493164063,31.18891143798828,2.8823318481445313,0.335601806640625,0.3226318359375,0.3860321044921875,2.8584365844726563,0.45008087158203125,2.8829803466796875,0.4448394775390625,0.46384429931640625,0.44992828369140625,2.988525390625,0.374359130859375,0.35924530029296875,0.30547332763671875,31.843399047851563,24.427978515625,0.233642578125,0,198801.44091796875,210623.39013671875,0,34088599552,2147483648,8117809152,0
200,1787750533877,3500,3500,3500,3500,3500,3500,3500,3500,3500,3500,3500,3500,3500,3500,3500,3500,3500,3500,3500,3500,5.489959716796875,1.38055419921875,50.59563064575195,0.1644439697265625,0.25101470947265625,0.15250396728515625,0.21927642822265625,0.23427581787109375,2.8552169799804688,0.38057708740234375,2.9344940185546875,0.3958740234375,18.65752410888672,0.171142578125,0.2242279052734375,0.23427581787109375,0.22032928466796875,8.492286682128906,40.453182220458984,0.1636962890625,0,198811.95672607422,210631.76171875,0,34088599552,2147483648,8117166080,0
200,1787750534078,3500,3500,3500,3500,3500,3500,3500,3500,3500,3500,3500,3500,3500,3500,3500,3500,3500,3500,3500,3500,8.756271362304688,1.420745849609375,73.54774475097656,0.2339019775390625,0.349456787109375,2.8388900756835938,0.3019866943359375,0.30573272705078125,0.4068145751953125,0.42877197265625,0.36808013916015625,2.963531494140625,0.38390350341796875,0.33698272705078125,2.8510208129882813,0.2901611328125,0.3095245361328125,5.634407043457031,19.29846954345703,0.208648681640625,0,198822.26123046875,210639.93817138672,0,34088599552,2147483648,8117051392,0
200,1787750534278,3500,3500,3500,3500,3500,3500,3500,3500,3500,3500,3500,3500,3500,3500,3500,3500,3500,3500,3500,3500,8.976371765136719,4.127410888671875,53.729576110839844,0.23085784912109375,0.30328369140625,0.2652740478515625,2.8624725341796875,0.2398529052734375,0.24444580078125,0.30278778076171875,0.29019927978515625,1.5391998291015625,0.43050384521484375,0.287353515625,0.40583038330078125,2.7970428466796875,0.20178985595703125,33.35939025878906,10.950019836425781,2.757781982421875,0,198832.68212890625,210648.22296142578,0,34088599552,2147483648,8116998144,0
200,1787750534478,3500,3500,3500,3500,3500,3500,3500,3500,3500,3500,3500,3500,3500,3500,3500,3500,3500,3500,3500,3500,8.658592224121094,1.13751220703125,31.97930145263672,0.2402496337890625,2.7869415283203125,0.2511444091796875,0.34841156005859375,0.2945098876953125,0.31684112548828125,0.2476959228515625,0.24904632568359375,0.3492584228515625,0.31958770751953125,0.284912109375,0.37863922119140625,0.34331512451171875,2.7844467163085938,13.403114318847656,56.59464645385742,0.1910400390625,0,198842.16705322266,210655.58172607422,0,34088599552,2147483648,8116940800,0
200,1787750534678,3500,3500,3500,3500,3500,3500,3500,3500,3500,3500,3500,3500,3500,3500,3500,3500,3500,3500,3500,3500,22.666709899902344,1.023406982421875,31.266441345214844,2.72198486328125,0.25572967529296875,0.230316162109375,0.32562255859375,0.927001953125,0.26860809326171875,2.7670211791992188,0.2868804931640625,0.290679931640625,23.38121795654297,2.7649765014648438,0.41265106201171875,0.3718109130859375,0.2362060546875,4.97296142578125,28.464767456054688,0.1844329833984375,0,198850.8983154297,210662.19140625,0,34088599552,2147483648,8116932608,0
200,1787750534879,3500,3500,3500,3500,3500,3500,3500,3500,3500,3500,3500,3500,3500,3500,3500,3500,3500,3500,3500,3500,15.4085693359375,1.5607452392578125,62.56352615356445,0.216766357421875,0.3356170654296875,0.23062896728515625,0.3121795654296875,2.162109375,2.7564849853515625,0.247039794921875,2.7975387573242188,0.3639984130859375,2.8337936401367188,0.30419921875,0.40769195556640625,0.4165191650390625,0.2366180419921875,16.561065673828125,8.849624633789063,0.23447418212890625,0,198859.60668945313,210668.77508544922,0,34088599552,2147483648,8116932608,0
200,1787750535079,3500,3500,3500,3500,3500,3500,3500,3500,3500,3500,3500,3500,3500,3500,3500,3500,3500,3500,3500,3500,1.9682388305664063,1.4112930297851563,47.681556701660156,0.25664520263671875,0.3128662109375,2.832061767578125,0.27330780029296875,0.3006439208984375,0.25919342041015625,0.2899169921875,0.37038421630859375,3.21771240234375,0.32927703857421875,0.3114166259765625,2.9073867797851563,0.3503265380859375,0.206512451171875,39.43613052368164,17.5548095703125,0.24248504638671875,0,198868.57080078125,210675.6078491211,0,34088599552,2147483648,8116916224,0
200,1787750535280,3500,3500,3500,3500,3500,3500,3500,3500,3500,3500,3500,3500,3500,3500,3500,3500,3500,3500,3500,3500,11.889747619628906,4.0684967041015625,66.99464416503906,0.147857666015625,0.23708343505859375,0.27850341796875,0.31069183349609375,0.22116851806640625,0.257293701171875,0.1983642578125,0.31029510498046875,0.257293701171875,0.31673431396484375,0.287139892578125,0.24951171875,2.7941360473632813,0.28264617919921875,4.211463928222656,25.514060974121094,2.7441864013671875,0,198877.5255126953,210682.65545654297,0,34088599552,2147483648,8116912128,0
200,1787750535480,3500,3500,3500,3500,3500,3500,3500,3500,3500,3500,3500,3500,3500,3500,3500,3500,3500,3500,3500,3500,17.032791137695313,1.1839447021484375,68.30989837646484,0.185577392578125,2.9769973754882813,0.40312957763671875,2.956146240234375,0.3280487060546875,0.26274871826171875,0.24713897705078125,0.2587127685546875,0.3542938232421875,0.2726287841796875,0.32550811767578125,0.305999755859375,0.2828521728515625,2.7471237182617188,18.130233764648438,7.719017028808594,0.241546630859375,0,198887.6043701172,210690.37622070313,0,34088599552,2147483648,8116846592,0
200,1787750535681,3500,3500,3500,3500,3500,3500,3500,3500,3500,3500,3500,3500,3500,3500,3500,3500,3500,3500,3500,3500,13.829498291015625,1.0073165893554688,32.54026794433594,2.8026351928710938,0.510589599609375,0.5186691284179688,0.3972015380859375,0.40457916259765625,0.28345489501953125,2.8617019653320313,0.3044586181640625,0.26055908203125,0.33344268798828125,2.7949066162109375,0.319976806640625,0.2696380615234375,0.2679443359375,10.15509033203125,50.2462158203125,0.2007904052734375,0,198896.13671875,210697.18914794922,0,34088599552,2147483648,8116838400,0
200,1787750535881,3500,3500,3500,3500,3500,3500,3500,3500,3500,3500,3500,3500,3500,3500,3500,3500,3500,3500,3500,3500,18.31237030029297,1.5444412231445313,45.0640754699707,0.2469482421875,0.3153839111328125,0.3178253173828125,0.274383544921875,2.8216400146484375,2.8063278198242188,0.32181549072265625,2.7493667602539063,3.0575180053710938,2.8791961669921875,0.30171966552734375,0.3730926513671875,0.32525634765625,0.25079345703125,6.7447509765625,35.199066162109375,0.18475341796875,0,198906.17706298828,210704.69415283203,0,34088599552,2147483648,8076992512,0
200,1787750536081,3500,3500,3500,3500,3500,3500,3500,3500,3500,3500,3500,3500,3500,3500,3500,3500,3500,3500,3500,3500,39.05889129638672,0.387542724609375,65.19367980957031,0.19232177734375,0.26918792724609375,2.7661590576171875,0.2993011474609375,0.18323516845703125,0.2921600341796875,0.23172760009765625,0.31113433837890625,3.1473159790039063,24.061859130859375,0.26503753662109375,0.9886398315429688,0.2821197509765625,0.21524810791015625,43.11294174194336,82.89273834228516,0.1884765625,0,198918.07708740234,210714.38250732422,0,34088599552,2147483648,8102424576,0
200,1787750536282,3500,3500,3500,3500,3500,3500,3500,3500,3500,3500,3500,3500,3500,3500,3500,3500,3500,3500,3500,3500,10.3948974609375,0.6085586547851563,47.53001403808594,0.23911285400390625,0.2519073486328125,0.330078125,0.26644134521484375,0.25185394287109375,0.36539459228515625,0.46419525146484375,0.510101318359375,0.33037567138671875,0.5724411010742188,0.355804443359375,2.89447021484375,2.9476165771484375,0.28507232666015625,25.03234100341797,33.58238983154297,2.7744369506835938,0,198928.90728759766,210723.0513305664,0,34088599552,2147483648,8102653952,0
200,1787750536482,3500,3500,3500,3500,3500,3500,3500,3500,3500,3500,3500,3500,3500,3500,3500,3500,3500,3500,3500,3500,0.65802001953125,3.7819442749023438,62.532474517822266,0.19069671630859375,2.8015899658203125,0.25809478759765625,2.7810516357421875,0.301055908203125,0.358306884765625,0.3619537353515625,0.5233306884765625,0.3487701416015625,0.32513427734375,0.356658935546875,8.829368591308594,0.28057098388671875,2.822418212890625,15.098747253417969,24.37775421142578,0.204437255859375,0,198938.54559326172,210730.56640625,0,34088599552,2147483648,8102567936,0
200,1787750536682,3500,3500,3500,3500,3500,3500,3500,3500,3500,3500,3500,3500,3500,3500,3500,3500,3500,3500,3500,3500,18.674087524414063,1.1203689575195313,51.240692138671875,2.757843017578125,0.28484344482421875,0.3361663818359375,0.30438995361328125,0.338958740234375,0.38289642333984375,0.36843109130859375,0.4960174560546875,0.8786697387695313,8.03173828125,2.8306655883789063,0.31047821044921875,0.3114776611328125,0.1843414306640625,25.388893127441406,3.8002548217773438,0.24698638916015625,0,198947.77276611328,210737.6639404297,0,34088599552,2147483648,8102567936,0
200,1787750536883,3500,3500,3500,3500,3500,3500,3500,3500,3500,3500,3500,3500,3500,3500,3500,3500,3500,3500,3500,3500,11.83447265625,0.9495925903320313,44.07345199584961,0.0146331787109375,0,0.00025177001953125,0.01308441162109375,2.5746383666992188,2.5004348754882813,2.5779342651367188,2.6769561767578125,0.006195068359375,4.693229675292969,0.02132415771484375,1.4215164184570313,0.0216217041015625,0,17.17034912109375,6.562202453613281,0,0,198956.02307128906,210743.74560546875,0,34088599552,2147483648,8102563840,0
200,1787750537083,3500,3500,3500,3500,3500,3500,3500,3500,3500,3500,3500,3500,3500,3500,3500,3500,3500,3500,3500,3500,0.9436874389648438,1.8009490966796875,2.0878829956054688,0.63525390625,1.0479965209960938,3.012603759765625,0.5179977416992188,0.5815277099609375,0.5080413818359375,0.5030593872070313,0.491363525390625,3.1134262084960938,0.5598678588867188,0.5473251342773438,0.5451812744140625,0.559173583984375,0.515411376953125,14.9090576171875,3.5633621215820313,0.48215484619140625,0,198963.23724365234,210748.8286743164,0,34088599552,2147483648,8102563840,0
200,1787750537284,3500,3500,3500,3500,3500,3500,3500,3500,3500,3500,3500,3500,3500,3500,3500,3500,3500,3500,3500,3500,0.5790481567382813,1.7113723754882813,1.9145278930664063,0.29509735107421875,0.4418487548828125,0.329620361328125,0.32132720947265625,0.335418701171875,0.268768310546875,0.32128143310546875,0.2711639404296875,0.20990753173828125,0.2944488525390625,0.28130340576171875,2.8009185791015625,2.8050155639648438,0.29380035400390625,13.285392761230469,2.2968673706054688,2.7829818725585938,0,198970.1309814453,210753.5799560547,0,34088599552,2147483648,8102629376,0
199,1787750537484,3500,3500,3500,3500,3500,3500,3500,3500,3500,3500,3500,3500,3500,3500,3500,3500,3500,3500,3500,3500,2.2754287719726563,4.156890869140625,1.3864974975585938,0.33129119873046875,2.8942031860351563,0.324951171875,2.8781814575195313,0.30194854736328125,0.234832763671875,0.34900665283203125,0.3487548828125,0.23194122314453125,0.27280426025390625,0.2909698486328125,0.28623199462890625,0.30324554443359375,2.7513351440429688,21.927040100097656,6.51361083984375,0.235931396484375,0,198977.39501953125,210758.7001953125,0,34088599552,2147483648,8102727680,0
200,1787750537684,3500,3500,3500,3500,3500,3500,3500,3500,3500,3500,3500,3500,3500,3500,3500,3500,3500,3500,3500,3500,3.0792007446289063,1.2697830200195313,4.048759460449219,2.7626266479492188,0.33106231689453125,0.22545623779296875,0.22845458984375,0.23900604248046875,0.2621917724609375,0.291229248046875,0.37000274658203125,0.24759674072265625,0.31017303466796875,2.7870712280273438,0.3024749755859375,0.27783966064453125,0.23410797119140625,27.088912963867188,11.7060546875,0.25154876708984375,0,198984.84552001953,210763.99530029297,0,34088599552,2147483648,8102715392,0
200,1787750537884,3500,3500,3500,3500,3500,3500,3500,3500,3500,3500,3500,3500,3500,3500,3500,3500,3500,3500,3500,3500,6.787139892578125,1.2031097412109375,11.678512573242188,0.3990020751953125,0.2826080322265625,0.2574310302734375,0.2970428466796875,2.7805023193359375,2.8531875610351563,2.8331069946289063,2.8309555053710938,0.29824066162109375,2.8255615234375,0.34200286865234375,0.387664794921875,0.36798095703125,0.219512939453125,14.159225463867188,29.470352172851563,0.2099151611328125,0,198994.57159423828,210771.56060791016,0,34088599552,2147483648,8102715392,0
200,1787750538085,3500,3500,3500,3500,3500,3500,3500,3500,3500,3500,3500,3500,3500,3500,3500,3500,3500,3500,3500,3500,0.5753402709960938,1.1342239379882813,3.0940704345703125,0.2883453369140625,0.19939422607421875,0.22857666015625,0.2525787353515625,0.2611083984375,0.1959075927734375,0.32735443115234375,0.256317138671875,2.9279937744140625,0.3085479736328125,0.26070404052734375,0.372100830078125,0.37923431396484375,0.20253753662109375,21.004554748535156,5.645668029785156,0.2624053955078125,0,199002.6138305664,210777.44311523438,0,34088599552,2147483648,8102715392,0
200,1787750538285,3500,3500,3500,3500,3500,3500,3500,3500,3500,3500,3500,3500,3500,3500,3500,3500,3500,3500,3500,3500,0.875946044921875,1.327301025390625,1.8978118896484375,0.41135406494140625,0.33929443359375,2.905548095703125,0.28485870361328125,0.3499298095703125,0.44970703125,0.417449951171875,0.3937225341796875,0.33794403076171875,0.3515777587890625,0.38104248046875,2.989990234375,2.94659423828125,0.28121185302734375,18.80341339111328,5.93658447265625,2.8039703369140625,0,199009.45892333984,210782.15338134766,0,34088599552,2147483648,8102686720,0
200,1787750538485,3500,3500,3500,3500,3500,3500,3500,3500,3500,3500,3500,3500,3500,3500,3500,3500,3500,3500,3500,3500,0.7005081176757813,3.782684326171875,5.1365814208984375,0.333465576171875,2.8126068115234375,0.2513885498046875,2.8248519897460938,0.283660888671875,0.244842529296875,0.31822967529296875,0.2545318603515625,0.3730316162109375,0.4033050537109375,0.34905242919921875,0.34160614013671875,0.30893707275390625,2.1179962158203125,18.4891357421875,7.925361633300781,0.27097320556640625,0,199017.21240234375,210787.7328491211,0,34088599552,2147483648,8102739968,0
201,1787750538685,3500,3500,3500,3500,3500,3500,3500,3500,3500,3500,3500,3500,3500,3500,3500,3500,3500,3500,3500,3500,3.144439697265625,1.7361831665039063,0.2788238525390625,2.8231964111328125,0.27797698974609375,0.23651123046875,0.27278900146484375,0.26355743408203125,0.32413482666015625,0.27288818359375,0.31604766845703125,0.85284423828125,0.314453125,2.8389205932617188,0.31195831298828125,0.28072357177734375,0.8649749755859375,17.00995635986328,4.303955078125,0.22344207763671875,0,199024.10314941406,210792.5103149414,0,34088599552,2147483648,8102739968,0
200,1787750538887,3500,3500,3500,3500,3500,3500,3500,3500,3500,3500,3500,3500,3500,3500,3500,3500,3500,3500,3500,3500,0.1849365234375,1.1924591064453125,0.61297607421875,0,0,0,0,2.3789215087890625,2.4172134399414063,2.4374847412109375,2.4081802368164063,0,2.3942489624023438,0,0,0,0,21.178367614746094,4.322013854980469,0,0,199030.7108154297,210796.9457397461,0,34088599552,2147483648,8102805504,0
199,1787750539087,3500,3500,3500,3500,3500,3500,3500,3500,3500,3500,3500,3500,3500,3500,3500,3500,3500,3500,3500,3500,1.4507522583007813,1.6476974487304688,3.4586944580078125,0.6968307495117188,0.7184982299804688,0.6988143920898438,0.646087646484375,0.7288284301757813,0.73822021484375,0.6460418701171875,0.7467727661132813,3.4943771362304688,0.7087020874023438,0.7345428466796875,0.7468719482421875,0.7172012329101563,0.7065200805664063,15.316787719726563,4.7804412841796875,0.7225189208984375,0,199038.85369873047,210802.95263671875,0,34088599552,2147483648,8103002112,0
200,1787750539287,3500,3500,3500,3500,3500,3500,3500,3500,3500,3500,3500,3500,3500,3500,3500,3500,3500,3500,3500,3500,0.697052001953125,1.3580703735351563,1.5101470947265625,0.31154632568359375,0.24488067626953125,2.8001937866210938,0.33498382568359375,0.24288177490234375,0.337432861328125,0.328887939453125,0.25202178955078125,0.2501220703125,0.293304443359375,0.3223876953125,2.8116912841796875,2.8086929321289063,0.2546234130859375,12.883598327636719,5.482505798339844,2.7590179443359375,0,199046.88568115234,210808.85192871094,0,34088599552,2147483648,8103071744,0
200,1787750539487,3500,3500,3500,3500,3500,3500,3500,3500,3500,3500,3500,3500,3500,3500,3500,3500,3500,3500,3500,3500,0.5801544189453125,4.169502258300781,2.7782516479492188,0.279571533203125,2.7641220092773438,0.2306365966796875,2.8067169189453125,0.2223968505859375,0.27771759033203125,0.23328399658203125,0.22803497314453125,0.1869964599609375,0.2698822021484375,0.23572540283203125,0.37119293212890625,0.34383392333984375,0.21515655517578125,20.72088623046875,7.0641937255859375,0.20781707763671875,0,199054.79461669922,210814.61254882813,0,34088599552,2147483648,8103690240,0
200,1787750539688,3500,3500,3500,3500,3500,3500,3500,3500,3500,3500,3500,3500,3500,3500,3500,3500,3500,3500,3500,3500,5.250335693359375,1.628875732421875,2.8643264770507813,2.8383407592773438,0.32573699951171875,0.32918548583984375,0.32703399658203125,0.29605865478515625,0.283966064453125,0.31299591064453125,0.35540771484375,0.32593536376953125,0.395477294921875,2.9037399291992188,0.4475860595703125,0.45458221435546875,2.8024215698242188,20.20238494873047,11.612113952636719,0.29441070556640625,0,199062.77124023438,210820.41912841797,0,34088599552,2147483648,8104275968,0
199,1787750539888,3500,3500,3500,3500,3500,3500,3500,3500,3500,3500,3500,3500,3500,3500,3500,3500,3500,3500,3500,3500,2.7715072631835938,1.3392868041992188,1.2239913940429688,0.32486724853515625,0.23517608642578125,0.3211212158203125,0.403076171875,2.8536529541015625,2.8387298583984375,2.8681793212890625,2.8211135864257813,0.26856231689453125,2.9540786743164063,0.403076171875,0.41869354248046875,0.44629669189453125,0.25084686279296875,13.364906311035156,3.6702346801757813,0.31548309326171875,0,199071.04302978516,210826.58428955078,0,34088599552,2147483648,8106827776,0
200,1787750540088,3500,3500,3500,3500,3500,3500,3500,3500,3500,3500,3500,3500,3500,3500,3500,3500,3500,3500,3500,3500,0.5357894897460938,1.72637939453125,0.5489883422851563,0.34986114501953125,0.33042144775390625,0.30957794189453125,0.275146484375,0.24610137939453125,0.21216583251953125,0.31512451171875,0.27819061279296875,2.778717041015625,0.3436126708984375,0.34441375732421875,0.3695526123046875,0.37865447998046875,0.28359222412109375,17.074241638183594,4.647483825683594,0.2871856689453125,0,199078.1547241211,210831.82690429688,0,34088599552,2147483648,8108584960,0
199,1787750540288,3500,3500,3500,3500,3500,3500,3500,3500,3500,3500,3500,3500,3500,3500,3500,3500,3500,3500,3500,3500,1.0243453979492188,0.9997787475585938,5.205238342285156,0.3580780029296875,0.27762603759765625,2.8700332641601563,0.2420654296875,0.31917572021484375,0.3315582275390625,0.25460052490234375,0.273681640625,0.34004974365234375,0.39313507080078125,0.3443450927734375,2.834625244140625,2.8254852294921875,0.230682373046875,11.291046142578125,4.017738342285156,2.7497711181640625,0,199086.31201171875,210837.89709472656,0,34088599552,2147483648,8109359104,0
200,1787750540488,3500,3500,3500,3500,3500,3500,3500,3500,3500,3500,3500,3500,3500,3500,3500,3500,3500,3500,3500,3500,20.09100341796875,3.3421173095703125,44.13282012939453,0.3377227783203125,2.8416061401367188,0.3149261474609375,2.8378067016601563,0.25162506103515625,0.3323211669921875,0.319671630859375,0.2529754638671875,1.1859970092773438,15.539985656738281,0.315826416015625,1.5431671142578125,0.29242706298828125,0.24727630615234375,38.97535705566406,35.490699768066406,0.2480316162109375,0,199097.4976196289,210846.88024902344,0,34088599552,2147483648,8133509120,0
200,1787750540688,3500,3500,3500,3500,3500,3500,3500,3500,3500,3500,3500,3500,3500,3500,3500,3500,3500,3500,3500,3500,26.777610778808594,0.296234130859375,61.48282241821289,2.793426513671875,1.4151077270507813,0.797637939453125,0.9683151245117188,0.45263671875,1.2204666137695313,0.8368759155273438,0.2472076416015625,2.412078857421875,21.368873596191406,2.814544677734375,17.614166259765625,0.296478271484375,2.7698135375976563,78.27723693847656,57.50611877441406,0.27046966552734375,0,199110.77142333984,210857.90771484375,0,34088599552,2147483648,8150949888,0
200,1787750540889,3500,3500,3500,3500,3500,3500,3500,3500,3500,3500,3500,3500,3500,3500,3500,3500,3500,3500,3500,3500,46.27853775024414,0.25356292724609375,39.37357711791992,0.22900390625,0.2923431396484375,0.32064056396484375,0.2538604736328125,2.8254928588867188,2.85150146484375,2.7448348999023438,2.7734832763671875,6.471015930175781,4.104820251464844,0.26464080810546875,1.795928955078125,0.2888946533203125,0.2216644287109375,50.84400939941406,58.03277587890625,0.23868560791015625,0,199122.23889160156,210866.82635498047,0,34088599552,2147483648,8138428416,0
200,1787750541089,3500,3500,3500,3500,3500,3500,3500,3500,3500,3500,3500,3500,3500,3500,3500,3500,3500,3500,3500,3500,5.318367004394531,1.5442123413085938,4.638679504394531,0.31610107421875,0.4561004638671875,0.29174041748046875,0.4105682373046875,0.30901336669921875,0.34051513671875,0.2870941162109375,0.376068115234375,2.0321197509765625,0.3896484375,0.33087921142578125,4.034233093261719,0.3404693603515625,0.29308319091796875,14.565162658691406,5.7866973876953125,0.26772308349609375,0,199130.68310546875,210873.13256835938,0,34088599552,2147483648,8103641088,0
200,1787750541289,3500,3500,3500,3500,3500,3500,3500,3500,3500,3500,3500,3500,3500,3500,3500,3500,3500,3500,3500,3500,0.8563461303710938,1.5050125122070313,2.374603271484375,0.31866455078125,0.30681610107421875,2.8543701171875,0.3408966064453125,0.3059234619140625,0.32445526123046875,0.315216064453125,0.3123626708984375,1.9641952514648438,0.3045196533203125,0.30022430419921875,2.8599166870117188,2.86456298828125,0.25080108642578125,10.251953125,5.719581604003906,2.7957534790039063,0,199138.17407226563,210878.4966430664,0,34088599552,2147483648,8103518208,0
200,1787750541489,3500,3500,3500,3500,3500,3500,3500,3500,3500,3500,3500,3500,3500,3500,3500,3500,3500,3500,3500,3500,2.3004379272460938,3.9089431762695313,4.37567138671875,0.27548980712890625,2.755828857421875,0.2868804931640625,2.770263671875,0.24362945556640625,0.39760589599609375,0.4109954833984375,0.40274810791015625,0.5736618041992188,0.28038787841796875,0.2956695556640625,0.28792572021484375,0.2574615478515625,0.20027923583984375,21.196823120117188,14.490547180175781,0.28258514404296875,0,199146.0526123047,210884.48315429688,0,34088599552,2147483648,8104345600,0
200,1787750541690,3500,3500,3500,3500,3500,3500,3500,3500,3500,3500,3500,3500,3500,3500,3500,3500,3500,3500,3500,3500,3.2239151000976563,1.061309814453125,13.154762268066406,2.8084869384765625,0.28417205810546875,0.3255615234375,0.34128570556640625,0.37109375,0.3718414306640625,0.3499755859375,0.33664703369140625,0.29445648193359375,0.32640838623046875,2.8241119384765625,0.30709075927734375,0.3272552490234375,2.7718887329101563,12.297447204589844,59.594078063964844,0.218475341796875,0,199154.97039794922,210891.01092529297,0,34088599552,2147483648,8104341504,0
199,1787750541890,3500,3500,3500,3500,3500,3500,3500,3500,3500,3500,3500,3500,3500,3500,3500,3500,3500,3500,3500,3500,0.45830535888671875,1.6073989868164063,0.29138946533203125,0.30216217041015625,0.25653076171875,0.2530364990234375,0.28635406494140625,2.7714614868164063,2.8289108276367188,2.836090087890625,2.7890625,0.28206634521484375,2.7904129028320313,0.28281402587890625,0.2844085693359375,0.308746337890625,0.24416351318359375,40.48318862915039,62.05772399902344,0.17474365234375,0,199164.3109741211,210898.22174072266,0,34088599552,2147483648,8104247296,0
200,1787750542090,3500,3500,3500,3500,3500,3500,3500,3500,3500,3500,3500,3500,3500,3500,3500,3500,3500,3500,3500,3500,0.6026992797851563,1.8301849365234375,0.26969146728515625,0.286285400390625,0.31566619873046875,0.32131195068359375,0.3824310302734375,0.299224853515625,0.250152587890625,0.3034210205078125,0.24001312255859375,0.5446853637695313,0.31237030029296875,0.2828369140625,0.29347991943359375,0.227569580078125,0.16765594482421875,43.7569694519043,60.70334243774414,0.14296722412109375,0,199173.39294433594,210905.18774414063,0,34088599552,2147483648,8104275968,0
200,1787750542291,3500,3500,3500,3500,3500,3500,3500,3500,3500,3500,3500,3500,3500,3500,3500,3500,3500,3500,3500,3500,0.56732177734375,1.8558120727539063,0.32021331787109375,0.3427581787109375,0.4167633056640625,2.8982391357421875,0.34270477294921875,0.3729248046875,0.34006500244140625,0.32540130615234375,0.329986572265625,2.8053359985351563,0.4394073486328125,0.43077850341796875,2.8423919677734375,2.8566513061523438,0.2650604248046875,33.83348083496094,69.10565948486328,2.7258453369140625,0,199182.5673828125,210912.21911621094,0,34088599552,2147483648,8104394752,0
200,1787750542491,3500,3500,3500,3500,3500,3500,3500,3500,3500,3500,3500,3500,3500,3500,3500,3500,3500,3500,3500,3500,2.6094894409179688,3.3757095336914063,17.549591064453125,0.171844482421875,1.846466064453125,0.23046875,2.8032073974609375,0.1703948974609375,0.4586944580078125,0.439666748046875,0.34967803955078125,0.5732574462890625,0.3631591796875,0.36121368408203125,0.223876953125,0.2734222412109375,0.1467742919921875,48.999385833740234,44.66608810424805,0.166748046875,0,199191.55474853516,210919.09326171875,0,34088599552,2147483648,8104390656,0
200,1787750542692,3500,3500,3500,3500,3500,3500,3500,3500,3500,3500,3500,3500,3500,3500,3500,3500,3500,3500,3500,3500,3.035125732421875,0.9517822265625,26.812828063964844,2.7667160034179688,1.2235794067382813,0.3191070556640625,0.25403594970703125,0.3352203369140625,0.464813232421875,0.47049713134765625,0.376190185546875,0.517608642578125,0.29999542236328125,2.8302841186523438,0.29864501953125,0.301239013671875,2.8387680053710938,4.6536102294921875,74.4294662475586,0.14794921875,0,199201.0115966797,210926.43524169922,0,34088599552,2147483648,8104378368,0
200,1787750542892,3500,3500,3500,3500,3500,3500,3500,3500,3500,3500,3500,3500,3500,3500,3500,3500,3500,3500,3500,3500,0.5411605834960938,1.5479583740234375,0.5826187133789063,0.373779296875,0.39922332763671875,0.3032379150390625,0.3852081298828125,2.881683349609375,2.9378585815429688,2.9747238159179688,2.9227371215820313,0.3634033203125,2.8474578857421875,0.30388641357421875,0.32743072509765625,0.33242034912109375,0.204803466796875,39.053504943847656,63.28037643432617,0.1996612548828125,0,199209.72790527344,210933.01300048828,0,34088599552,2147483648,8104378368,0
200,1787750543092,3500,3500,3500,3500,3500,3500,3500,3500,3500,3500,3500,3500,3500,3500,3500,3500,3500,3500,3500,3500,0.5119781494140625,1.6121673583984375,8.991325378417969,0.33465576171875,0.2573089599609375,0.36313629150390625,0.24481964111328125,0.295684814453125,0.5169754028320313,0.4728546142578125,0.4741058349609375,0.8734130859375,0.2849884033203125,0.2793426513671875,0.295135498046875,0.26845550537109375,0.2071990966796875,23.320838928222656,73.96104431152344,0.15973663330078125,0,199219.7446899414,210940.9165649414,0,34088599552,2147483648,8104706048,0
200,1787750543293,3500,3500,3500,3500,3500,3500,3500,3500,3500,3500,3500,3500,3500,3500,3500,3500,3500,3500,3500,3500,0.5492477416992188,1.6144638061523438,0.4210357666015625,0.4464263916015625,0.37255096435546875,2.8135223388671875,0.36067962646484375,0.30096435546875,0.3465576171875,0.3252105712890625,0.3241119384765625,2.8516845703125,0.3160247802734375,0.31014251708984375,2.879669189453125,0.30200958251953125,0.1867218017578125,64.83473205566406,37.65312957763672,2.739593505859375,0,199227.60760498047,210946.6446533203,0,34088599552,2147483648,8104706048,0
200,1787750543493,3500,3500,3500,3500,3500,3500,3500,3500,3500,3500,3500,3500,3500,3500,3500,3500,3500,3500,3500,3500,0.481170654296875,4.210075378417969,2.8593673706054688,0.34238433837890625,0.3498687744140625,0.3643951416015625,2.8804397583007813,0.3500213623046875,0.27353668212890625,0.27703094482421875,0.2773284912109375,0.27373504638671875,0.3179168701171875,0.30663299560546875,0.30413818359375,2.8438949584960938,0.18172454833984375,43.006046295166016,65.4236831665039,0.16504669189453125,0,199236.0375366211,210952.95989990234,0,34088599552,2147483648,8104636416,0
200,1787750543693,3500,3500,3500,3500,3500,3500,3500,3500,3500,3500,3500,3500,3500,3500,3500,3500,3500,3500,3500,3500,18.272384643554688,1.2695541381835938,28.465118408203125,2.7929534912109375,2.876617431640625,0.2849884033203125,0.28079986572265625,0.24370574951171875,0.27271270751953125,0.28079986572265625,0.25798797607421875,0.2300262451171875,0.311798095703125,2.7952499389648438,0.2814483642578125,0.26662445068359375,2.75067138671875,15.891563415527344,47.23285675048828,0.18689727783203125,0,199245.39727783203,210960.1900024414,0,34088599552,2147483648,8105021440,0
200,1787750543894,3500,3500,3500,3500,3500,3500,3500,3500,3500,3500,3500,3500,3500,3500,3500,3500,3500,3500,3500,3500,0.5745925903320313,1.5665817260742188,41.28998947143555,0.226654052734375,0.273040771484375,0.32007598876953125,0.3225250244140625,2.7830810546875,2.86846923828125,2.8164825439453125,2.852935791015625,0.289764404296875,2.0462493896484375,0.4218902587890625,0.31238555908203125,0.33211517333984375,0.284423828125,17.00037384033203,44.293678283691406,0.24298095703125,0,199255.14331054688,210967.80529785156,0,34088599552,2147483648,8105021440,0
199,1787750544094,3500,3500,3500,3500,3500,3500,3500,3500,3500,3500,3500,3500,3500,3500,3500,3500,3500,3500,3500,3500,0.593017578125,1.6903839111328125,54.20133590698242,0.2041168212890625,0.43373870849609375,0.45186614990234375,0.3805694580078125,0.33773040771484375,0.31226348876953125,0.39888763427734375,0.44467926025390625,0.347015380859375,1.2826004028320313,0.3767242431640625,0.2797088623046875,0.30457305908203125,0.20446014404296875,27.069313049316406,22.822113037109375,0.2060089111328125,0,199264.41925048828,210974.9549560547,0,34088599552,2147483648,8105156608,0
200,1787750544294,3500,3500,3500,3500,3500,3500,3500,3500,3500,3500,3500,3500,3500,3500,3500,3500,3500,3500,3500,3500,8.555793762207031,1.4516220092773438,47.754844665527344,0.1819305419921875,0.38219451904296875,2.8894500732421875,0.34601593017578125,0.34156036376953125,0.3327178955078125,0.3630523681640625,0.3528594970703125,2.9002456665039063,0.394439697265625,0.37435150146484375,2.7989349365234375,0.29363250732421875,0.24629974365234375,16.222396850585938,34.848182678222656,2.757598876953125,0,199273.38250732422,210981.7979736328,0,34088599552,2147483648,8105160704,0
199,1787750544494,3500,3500,3500,3500,3500,3500,3500,3500,3500,3500,3500,3500,3500,3500,3500,3500,3500,3500,3500,3500,0.7799911499023438,3.6470184326171875,26.39167022705078,0.25228118896484375,0.327911376953125,0.30710601806640625,2.7749862670898438,0.25672149658203125,0.33335113525390625,0.448486328125,0.44195556640625,0.33654022216796875,0.38597869873046875,0.388275146484375,0.29009246826171875,2.786407470703125,0.24365234375,30.614288330078125,55.70514678955078,0.16896820068359375,0,199284.3826904297,210990.66668701172,0,34088599552,2147483648,8105586688,0
199,1787750544694,3500,3500,3500,3500,3500,3500,3500,3500,3500,3500,3500,3500,3500,3500,3500,3500,3500,3500,3500,3500,3.23736572265625,1.2427444458007813,34.41886901855469,2.7954330444335938,2.8403091430664063,0.22054290771484375,0.3500823974609375,0.29590606689453125,0.2989044189453125,0.29425811767578125,0.32424163818359375,0.5760650634765625,8.582756042480469,2.85760498046875,0.337738037109375,0.30115509033203125,2.7437057495117188,24.5513916015625,40.29474639892578,0.2495269775390625,0,199295.0849609375,210999.24389648438,0,34088599552,2147483648,8105586688,0
200,1787750544894,3500,3500,3500,3500,3500,3500,3500,3500,3500,3500,3500,3500,3500,3500,3500,3500,3500,3500,3500,3500,8.495750427246094,1.388763427734375,50.44295120239258,0.2159423828125,0.28252410888671875,0.24822998046875,0.25447845458984375,2.7233963012695313,2.7469940185546875,2.8168182373046875,2.796875,0.2498321533203125,0.265228271484375,0.283172607421875,0.28781890869140625,0.274871826171875,0.23273468017578125,24.563156127929688,20.099945068359375,0.2085418701171875,0,199305.15521240234,211007.19067382813,0,34088599552,2147483648,8105586688,0
200,1787750545095,3500,3500,3500,3500,3500,3500,3500,3500,3500,3500,3500,3500,3500,3500,3500,3500,3500,3500,3500,3500,16.235191345214844,1.755645751953125,62.169456481933594,0.17066192626953125,0.1895294189453125,0.22730255126953125,0.288330078125,0.29113006591796875,0.3019561767578125,0.27101898193359375,0.22490692138671875,0.22805023193359375,2.7795867919921875,0.26617431640625,0.27600860595703125,0.25035858154296875,0.24372100830078125,5.752197265625,27.612525939941406,0.16712188720703125,0,199314.2075805664,211014.09045410156,0,34088599552,2147483648,8107282432,0
200,1787750545295,3500,3500,3500,3500,3500,3500,3500,3500,3500,3500,3500,3500,3500,3500,3500,3500,3500,3500,3500,3500,16.389007568359375,1.3108444213867188,40.26081848144531,0.23398590087890625,0.21326446533203125,2.7847747802734375,0.301025390625,0.3553924560546875,0.22743988037109375,0.34505462646484375,0.28131103515625,2.8837738037109375,0.33028411865234375,0.308013916015625,2.8581619262695313,0.34051513671875,0.22354888916015625,24.75237274169922,24.37946319580078,2.7613601684570313,0,199323.17901611328,211020.93688964844,0,34088599552,2147483648,8107347968,0
200,1787750545495,3500,3500,3500,3500,3500,3500,3500,3500,3500,3500,3500,3500,3500,3500,3500,3500,3500,3500,3500,3500,9.810188293457031,3.8713150024414063,48.95563507080078,0.26889801025390625,0.3310089111328125,0.32750701904296875,2.8027114868164063,0.27683258056640625,0.32122039794921875,0.29236602783203125,0.24613189697265625,0.291015625,0.35117340087890625,0.3455810546875,0.4157257080078125,2.8657684326171875,0.28816986083984375,11.199562072753906,39.99897003173828,0.242584228515625,0,199332.86206054688,211028.48974609375,0,34088599552,2147483648,8107290624,0
200,1787750545696,3500,3500,3500,3500,3500,3500,3500,3500,3500,3500,3500,3500,3500,3500,3500,3500,3500,3500,3500,3500,13.539299011230469,1.2617111206054688,55.01839828491211,2.7346038818359375,2.9781646728515625,0.35526275634765625,0.44870758056640625,0.3568572998046875,0.21537017822265625,0.35761260986328125,0.28382110595703125,0.2789306640625,0.29230499267578125,2.8172149658203125,0.397918701171875,0.40061187744140625,2.7396392822265625,12.177261352539063,31.951873779296875,0.20050811767578125,0,199341.111328125,211034.61254882813,0,34088599552,2147483648,8107290624,0
199,1787750545896,3500,3500,3500,3500,3500,3500,3500,3500,3500,3500,3500,3500,3500,3500,3500,3500,3500,3500,3500,3500,16.466079711914063,1.0929641723632813,39.06193923950195,0.2313690185546875,0.446807861328125,0.33991241455078125,0.3487548828125,2.8801422119140625,2.7914810180664063,2.8507232666015625,2.7450790405273438,0.29555511474609375,0.27632904052734375,0.27487945556640625,0.37602996826171875,0.377227783203125,0.1800689697265625,9.850341796875,43.014671325683594,0.1602935791015625,0,199349.53094482422,211040.8901977539,0,34088599552,2147483648,8103493632,0
200,1787750546096,3500,3500,3500,3500,3500,3500,3500,3500,3500,3500,3500,3500,3500,3500,3500,3500,3500,3500,3500,3500,6.148590087890625,1.79266357421875,54.45119857788086,0.19353485107421875,0.45428466796875,0.4022674560546875,0.44979095458984375,0.38762664794921875,0.3042755126953125,0.3325042724609375,0.3115234375,0.29163360595703125,2.8263626098632813,0.30532073974609375,0.35344696044921875,0.35329437255859375,0.23676300048828125,7.97613525390625,36.62026596069336,0.22132110595703125,0,199360.68658447266,211049.923828125,0,34088599552,2147483648,8101191680,0
200,1787750546297,3500,3500,3500,3500,3500,3500,3500,3500,3500,3500,3500,3500,3500,3500,3500,3500,3500,3500,3500,3500,12.7772216796875,1.4978408813476563,40.119022369384766,0.237884521484375,0.27744293212890625,2.8765869140625,0.32863616943359375,0.34644317626953125,0.33846282958984375,0.3055877685546875,0.34958648681640625,2.8560791015625,0.3283843994140625,0.30847930908203125,2.8218536376953125,0.33447265625,0.33307647705078125,11.590507507324219,40.74690246582031,2.7319488525390625,0,199370.51275634766,211057.6284790039,0,34088599552,2147483648,8101158912,0
200,1787750546497,3500,3500,3500,3500,3500,3500,3500,3500,3500,3500,3500,3500,3500,3500,3500,3500,3500,3500,3500,3500,27.22295379638672,3.8889923095703125,43.28111267089844,0.17287445068359375,0.27048492431640625,0.23055267333984375,2.8188018798828125,0.20241546630859375,0.274932861328125,0.25473785400390625,0.24599456787109375,0.3874359130859375,1.6290054321289063,0.24269866943359375,0.25244140625,2.7496261596679688,0.17682647705078125,15.382698059082031,30.4901123046875,0.1752777099609375,0,199380.7879638672,211065.7371826172,0,34088599552,2147483648,8100970496,0
200,1787750546697,3500,3500,3500,3500,3500,3500,3500,3500,3500,3500,3500,3500,3500,3500,3500,3500,3500,3500,3500,3500,17.706573486328125,0.931793212890625,31.067520141601563,1.6283111572265625,2.9592208862304688,0.388336181640625,0.264862060546875,0.2600250244140625,0.29076385498046875,0.3066864013671875,0.32740020751953125,0.74603271484375,20.171554565429688,2.8254165649414063,2.8109970092773438,0.31536865234375,2.796966552734375,33.45185089111328,42.69439697265625,0.24904632568359375,0,199390.68408203125,211073.80438232422,0,34088599552,2147483648,8103030784,0
199,1787750546898,3500,3500,3500,3500,3500,3500,3500,3500,3500,3500,3500,3500,3500,3500,3500,3500,3500,3500,3500,3500,38.80453109741211,0.32169342041015625,46.97148513793945,1.2707977294921875,0.238311767578125,0.2150115966796875,0.1607666015625,2.6897811889648438,2.7225189208984375,2.7680740356445313,2.6381912231445313,0.1810302734375,0.4088592529296875,0.20672607421875,0.2595672607421875,0.228485107421875,0.15308380126953125,58.04941940307617,39.29567337036133,0.12070465087890625,0,199403.91748046875,211085.10333251953,0,34088599552,2147483648,8109846528,0
200,1787750547098,3500,3500,3500,3500,3500,3500,3500,3500,3500,3500,3500,3500,3500,3500,3500,3500,3500,3500,3500,3500,12.211601257324219,1.26898193359375,76.34930419921875,0.2679443359375,0.46225738525390625,0.3087005615234375,0.326385498046875,0.3865814208984375,0.3508148193359375,0.3770904541015625,0.43798065185546875,0.3206939697265625,3.0689010620117188,0.4913787841796875,0.38897705078125,0.4286346435546875,0.5843887329101563,44.46907043457031,15.19677734375,0.31919097900390625,0,199415.00134277344,211093.8451538086,0,34088599552,2147483648,8113000448,0
200,1787750547298,3500,3500,3500,3500,3500,3500,3500,3500,3500,3500,3500,3500,3500,3500,3500,3500,3500,3500,3500,3500,16.770225524902344,0.8698806762695313,47.71731185913086,0.16764068603515625,0.30260467529296875,2.82525634765625,0.31634521484375,0.22675323486328125,0.35956573486328125,0.41387939453125,0.41867828369140625,3.2498855590820313,0.5692825317382813,0.5016708374023438,2.8301544189453125,0.25328826904296875,0.42462158203125,49.964698791503906,45.584651947021484,2.7542572021484375,0,199424.9005126953,211101.1328125,0,34088599552,2147483648,8123895808,0
200,1787750547498,3500,3500,3500,3500,3500,3500,3500,3500,3500,3500,3500,3500,3500,3500,3500,3500,3500,3500,3500,3500,14.500251770019531,2.9894943237304688,56.15663528442383,0.20227813720703125,0.32498931884765625,0.23154449462890625,2.872772216796875,0.23119354248046875,0.490509033203125,0.5242691040039063,0.527069091796875,0.5156784057617188,7.24627685546875,0.4556427001953125,0.31829833984375,2.8463516235351563,0.33148193359375,48.811866760253906,48.768062591552734,0.1880950927734375,0,199435.9603881836,211110.00927734375,0,34088599552,2147483648,8129732608,0
200,1787750547698,3500,3500,3500,3500,3500,3500,3500,3500,3500,3500,3500,3500,3500,3500,3500,3500,3500,3500,3500,3500,39.274898529052734,0.47876739501953125,54.16379928588867,0.253173828125,2.8021621704101563,0.27025604248046875,0.23728179931640625,0.30307769775390625,0.381103515625,0.43770599365234375,0.50274658203125,0.47676849365234375,8.577323913574219,2.170379638671875,7.8170166015625,0.29138946533203125,2.8698959350585938,32.74676513671875,19.306297302246094,0.2097625732421875,0,199445.70501708984,211117.55792236328,0,34088599552,2147483648,8128884736,0
200,1787750547899,3500,3500,3500,3500,3500,3500,3500,3500,3500,3500,3500,3500,3500,3500,3500,3500,3500,3500,3500,3500,33.940650939941406,0.38714599609375,49.35355758666992,2.7589645385742188,0.3452911376953125,0.242034912109375,0.373382568359375,2.845367431640625,2.8740997314453125,2.9496688842773438,2.9347076416015625,0.5352020263671875,0.6597137451171875,0.9452438354492188,0.31671142578125,0.31461334228515625,0.3161163330078125,53.30624008178711,18.657737731933594,0.33013153076171875,0,199456.35986328125,211126.0108642578,0,34088599552,2147483648,8129589248,0
200,1787750548099,3500,3500,3500,3500,3500,3500,3500,3500,3500,3500,3500,3500,3500,3500,3500,3500,3500,3500,3500,3500,23.843482971191406,0.3190460205078125,53.84101867675781,0.20269012451171875,0.31169891357421875,0.24440765380859375,0.25939178466796875,0.26389312744140625,0.26213836669921875,0.260589599609375,0.27742767333984375,1.7307205200195313,2.86102294921875,0.29396820068359375,0.25080108642578125,0.3405303955078125,0.334930419921875,35.80531311035156,54.31968688964844,0.22927093505859375,0,199467.14611816406,211134.6192626953,0,34088599552,2147483648,8131387392,0
200,1787750548299,3500,3500,3500,3500,3500,3500,3500,3500,3500,3500,3500,3500,3500,3500,3500,3500,3500,3500,3500,3500,8.157279968261719,0.7618560791015625,73.29496765136719,0.18207550048828125,0.31333160400390625,2.8866119384765625,0.3786773681640625,0.32601165771484375,0.29680633544921875,0.268798828125,0.3230133056640625,15.083366394042969,8.037757873535156,0.29245758056640625,2.8621978759765625,0.37877655029296875,0.5092849731445313,39.636085510253906,12.59515380859375,0.23000335693359375,0,199477.5731201172,211142.84063720703,0,34088599552,2147483648,8132067328,0
200,1787750548499,3500,3500,3500,3500,3500,3500,3500,3500,3500,3500,3500,3500,3500,3500,3500,3500,3500,3500,3500,3500,24.453536987304688,3.0627288818359375,67.17390441894531,0.16492462158203125,0.309722900390625,0.31317138671875,2.9648666381835938,0.38082122802734375,0.31656646728515625,0.2223968505859375,0.2651824951171875,0.288604736328125,8.075965881347656,0.28780364990234375,0.3023834228515625,2.84417724609375,0.446685791015625,33.48249816894531,15.752235412597656,2.679107666015625,0,199487.20739746094,211150.2954711914,0,34088599552,2147483648,8131424256,0
200,1787750548700,3500,3500,3500,3500,3500,3500,3500,3500,3500,3500,3500,3500,3500,3500,3500,3500,3500,3500,3500,3500,30.029090881347656,0.3939361572265625,35.36498260498047,0.22676849365234375,3.8000335693359375,0.3627166748046875,0.3209228515625,0.36281585693359375,0.6658401489257813,0.29853057861328125,0.2578887939453125,13.956138610839844,0.44899749755859375,0.3099517822265625,0.32147216796875,0.35408782958984375,2.8497772216796875,48.635379791259766,40.742759704589844,0.1846771240234375,0,199497.18280029297,211158.0717163086,0,34088599552,2147483648,8132231168,0
200,1787750548900,3500,3500,3500,3500,3500,3500,3500,3500,3500,3500,3500,3500,3500,3500,3500,3500,3500,3500,3500,3500,22.899002075195313,0.42115020751953125,46.21576690673828,2.7050399780273438,0.3750457763671875,0.42079925537109375,0.43831634521484375,2.8840255737304688,2.6628189086914063,2.79730224609375,2.7155685424804688,0.39769744873046875,15.716812133789063,2.8029861450195313,0.2704010009765625,0.252838134765625,0.33038330078125,41.17744064331055,25.651046752929688,0.1922149658203125,0,199507.20892333984,211165.9073486328,0,34088599552,2147483648,8132206592,0
199,1787750549102,3500,3500,3500,3500,3500,3500,3500,3500,3500,3500,3500,3500,3500,3500,3500,3500,3500,3500,3500,3500,37.2801513671875,0.17633056640625,54.7788200378418,0,0.0492095947265625,0.04217529296875,0.00453948974609375,0.0631866455078125,0.04427337646484375,0.02655029296875,0.0548553466796875,0.0484619140625,2.402801513671875,0,0,0,0,46.76631546020508,15.215110778808594,0,0,199517.99200439453,211174.4750366211,0,34088599552,2147483648,8132292608,0
200,1787750549301,3500,3500,3500,3500,3500,3500,3500,3500,3500,3500,3500,3500,3500,3500,3500,3500,3500,3500,3500,3500,10.025672912597656,0.9336318969726563,49.415733337402344,0.72698974609375,1.010986328125,3.4975814819335938,0.954864501953125,0.9706649780273438,0.913299560546875,0.90118408203125,0.9496841430664063,6.878334045410156,0.793975830078125,0.8289642333984375,3.2953262329101563,0.7871475219726563,1.0316162109375,40.95558166503906,54.58993148803711,0.6633377075195313,0,199527.7471923828,211182.06896972656,0,34088599552,2147483648,8133890048,0
200,1787750549502,3500,3500,3500,3500,3500,3500,3500,3500,3500,3500,3500,3500,3500,3500,3500,3500,3500,3500,3500,3500,21.825096130371094,3.0343475341796875,46.33281707763672,0.15343475341796875,0.3949432373046875,0.28192901611328125,2.8136672973632813,0.223480224609375,0.27793121337890625,0.21743011474609375,0.2608489990234375,0.423370361328125,8.014793395996094,0.24840545654296875,3.1575546264648438,2.7677536010742188,0.25914764404296875,45.795082092285156,61.271446228027344,2.6960601806640625,0,199538.91619873047,211190.9931640625,0,34088599552,2147483648,8134791168,0
200,1787750549702,3500,3500,3500,3500,3500,3500,3500,3500,3500,3500,3500,3500,3500,3500,3500,3500,3500,3500,3500,3500,11.269599914550781,0.30979156494140625,55.65609359741211,0.2240142822265625,2.8877792358398438,0.2947845458984375,0.3206634521484375,0.30361175537109375,0.38210296630859375,0.3072967529296875,0.358917236328125,0.45307159423828125,29.657455444335938,0.288299560546875,0.7278518676757813,0.322662353515625,2.828033447265625,43.53920364379883,62.11247634887695,0.21294403076171875,0,199551.62786865234,211201.52923583984,0,34088599552,2147483648,8135434240,0
200,1787750549902,3500,3500,3500,3500,3500,3500,3500,3500,3500,3500,3500,3500,3500,3500,3500,3500,3500,3500,3500,3500,6.5573883056640625,0.43198394775390625,74.13858032226563,2.6854248046875,0.23725128173828125,0.25937652587890625,0.31478118896484375,2.7529678344726563,0.33881378173828125,2.8575286865234375,2.2309112548828125,0.17694854736328125,8.140144348144531,2.7535171508789063,7.8922576904296875,0.26792144775390625,0.259979248046875,61.2230339050293,32.42815399169922,0.174652099609375,0,199561.5482788086,211209.27709960938,0,34088599552,2147483648,8134807552,0
200,1787750550103,3500,3500,3500,3500,3500,3500,3500,3500,3500,3500,3500,3500,3500,3500,3500,3500,3500,3500,3500,3500,29.076904296875,0.9800491333007813,38.64646911621094,0.31212615966796875,0.35414886474609375,0.3378753662109375,0.33782958984375,0.2887725830078125,2.9181365966796875,0.28302764892578125,0.8872222900390625,0.31172943115234375,25.30638885498047,0.3682708740234375,0.34526824951171875,0.340576171875,0.5147018432617188,34.38824462890625,31.040451049804688,0.2411041259765625,0,199572.19946289063,211217.75372314453,0,34088599552,2147483648,8135565312,0
200,1787750550303,3500,3500,3500,3500,3500,3500,3500,3500,3500,3500,3500,3500,3500,3500,3500,3500,3500,3500,3500,3500,32.592857360839844,0.5279693603515625,56.955474853515625,0.244903564453125,0.38283538818359375,2.9055328369140625,0.28076934814453125,0.32833099365234375,0.35655975341796875,0.32852935791015625,0.3238372802734375,3.0192337036132813,25.309547424316406,0.32903289794921875,2.9410018920898438,0.31634521484375,0.36495208740234375,40.930049896240234,28.751541137695313,0.24410247802734375,0,199585.22979736328,211228.56689453125,0,34088599552,2147483648,8138317824,0
199,1787750550503,3500,3500,3500,3500,3500,3500,3500,3500,3500,3500,3500,3500,3500,3500,3500,3500,3500,3500,3500,3500,26.704383850097656,3.1100082397460938,69.41011810302734,0.2286529541015625,0.278289794921875,0.35349273681640625,2.8203353881835938,0.3653717041015625,0.42230224609375,0.33331298828125,0.27144622802734375,0.32617950439453125,1.7531204223632813,0.32826995849609375,6.10736083984375,2.9068679809570313,0.42150115966796875,50.700138092041016,44.21287155151367,2.7577667236328125,0,199594.47357177734,211235.60205078125,0,34088599552,2147483648,8139038720,0
199,1787750550703,3500,3500,3500,3500,3500,3500,3500,3500,3500,3500,3500,3500,3500,3500,3500,3500,3500,3500,3500,3500,23.976158142089844,0.46646881103515625,67.4951171875,0.1833648681640625,2.7925491333007813,0.32059478759765625,0.29949951171875,0.2005157470703125,0.25260162353515625,0.26409912109375,0.26779937744140625,0.5774459838867188,8.36669921875,0.29604339599609375,0.364288330078125,0.29644775390625,2.841888427734375,30.29747772216797,55.736473083496094,0.16461944580078125,0,199605.69061279297,211244.6162109375,0,34088599552,2147483648,8164990976,0
200,1787750550903,3500,3500,3500,3500,3500,3500,3500,3500,3500,3500,3500,3500,3500,3500,3500,3500,3500,3500,3500,3500,23.78606414794922,0.431427001953125,50.45486068725586,2.7232666015625,0.356109619140625,0.39154815673828125,0.46520233154296875,2.1029434204101563,0.28659820556640625,2.7859878540039063,0.26621246337890625,0.28789520263671875,11.582069396972656,2.8158187866210938,0.27675628662109375,0.29559326171875,0.34162139892578125,47.8120002746582,42.74176025390625,0.1747589111328125,0,199614.48931884766,211251.24645996094,0,34088599552,2147483648,8141119488,0
200,1787750551103,3500,3500,3500,3500,3500,3500,3500,3500,3500,3500,3500,3500,3500,3500,3500,3500,3500,3500,3500,3500,23.860580444335938,0.5968399047851563,62.95412826538086,0.19969940185546875,0.6653213500976563,0.48484039306640625,0.49532318115234375,1.3603897094726563,2.8463592529296875,0.30072021484375,2.8271408081054688,0.5242233276367188,3.0073699951171875,0.3799285888671875,0.30376434326171875,0.3548736572265625,0.31449127197265625,48.24643325805664,45.375267028808594,0.23677825927734375,0,199625.5147705078,211260.05389404297,0,34088599552,2147483648,8135823360,0
200,1787750551304,3500,3500,3500,3500,3500,3500,3500,3500,3500,3500,3500,3500,3500,3500,3500,3500,3500,3500,3500,3500,0.6933364868164063,0.6346054077148438,85.62994384765625,0.130645751953125,0.3999786376953125,2.9275665283203125,0.2951507568359375,0.3079376220703125,0.2253875732421875,0.1322479248046875,0.18353271484375,42.82151412963867,0.30928802490234375,0.3780059814453125,2.7991180419921875,0.26019287109375,0.35573577880859375,33.364349365234375,12.379539489746094,0.22393798828125,0,199635.06280517578,211267.8436279297,0,34088599552,2147483648,8136101888,0
200,1787750551504,3500,3500,3500,3500,3500,3500,3500,3500,3500,3500,3500,3500,3500,3500,3500,3500,3500,3500,3500,3500,15.462150573730469,3.0683975219726563,76.1624755859375,0.1776885986328125,0.27565765380859375,0.34110260009765625,0.304290771484375,0.28418731689453125,0.28697967529296875,0.25146484375,0.2709197998046875,6.148162841796875,8.059059143066406,0.28338623046875,0.33975982666015625,2.8716583251953125,0.2635345458984375,55.07209777832031,24.45677947998047,2.771240234375,0,199646.0502319336,211276.3243408203,0,34088599552,2147483648,8161124352,0
200,1787750551705,3500,3500,3500,3500,3500,3500,3500,3500,3500,3500,3500,3500,3500,3500,3500,3500,3500,3500,3500,3500,11.475112915039063,0.4250335693359375,54.08469772338867,0.18241119384765625,2.8126983642578125,0.25005340576171875,2.805816650390625,0.20560455322265625,0.23558807373046875,0.22655487060546875,0.28740692138671875,0.4914703369140625,5.380088806152344,0.29439544677734375,0.334197998046875,0.3618316650390625,2.9757080078125,45.168643951416016,54.18675231933594,0.1511383056640625,0,199655.90948486328,211283.87213134766,0,34088599552,2147483648,8135659520,0
200,1787750551905,3500,3500,3500,3500,3500,3500,3500,3500,3500,3500,3500,3500,3500,3500,3500,3500,3500,3500,3500,3500,12.443099975585938,0.8015213012695313,41.3365478515625,2.7914352416992188,0.29656219482421875,0.28423309326171875,0.38373565673828125,0.4051513671875,0.44190216064453125,3.0649795532226563,0.49277496337890625,0.4917755126953125,4.118927001953125,2.9566421508789063,0.39936065673828125,0.35787200927734375,0.5302200317382813,40.502479553222656,42.27091979980469,0.289520263671875,0,199667.1986694336,211292.97650146484,0,34088599552,2147483648,8135696384,0
200,1787750552105,3500,3500,3500,3500,3500,3500,3500,3500,3500,3500,3500,3500,3500,3500,3500,3500,3500,3500,3500,3500,8.048568725585938,0.930145263671875,30.66290283203125,0.27124786376953125,0.2951507568359375,0.2374267578125,0.28936004638671875,2.7989654541015625,2.788787841796875,0.270751953125,2.8304977416992188,0.2638702392578125,2.8363800048828125,0.3107147216796875,0.32513427734375,0.277191162109375,0.436187744140625,21.976890563964844,72.62248992919922,0.15814971923828125,0,199678.73162841797,211302.33123779297,0,34088599552,2147483648,8136032256,0
200,1787750552306,3500,3500,3500,3500,3500,3500,3500,3500,3500,3500,3500,3500,3500,3500,3500,3500,3500,3500,3500,3500,16.533172607421875,0.6045150756835938,28.735191345214844,0.2065277099609375,0.8890914916992188,2.9429244995117188,0.446868896484375,0.347015380859375,0.31864166259765625,0.26902008056640625,0.2550048828125,2.7954025268554688,0.279541015625,0.32418060302734375,2.7040863037109375,0.30417633056640625,0.47369384765625,33.95374298095703,53.76887893676758,0.14852142333984375,0,199687.89416503906,211309.31396484375,0,34088599552,2147483648,8136376320,0
200,1787750552506,3500,3500,3500,3500,3500,3500,3500,3500,3500,3500,3500,3500,3500,3500,3500,3500,3500,3500,3500,3500,19.153274536132813,2.47625732421875,68.17604064941406,0.1701507568359375,0.32201385498046875,0.28136444091796875,0.3624725341796875,0.25170135498046875,0.2995452880859375,0.304290771484375,0.29180145263671875,1.4984207153320313,24.074478149414063,0.32122039794921875,0.4219512939453125,2.8728866577148438,0.4459686279296875,24.59265899658203,17.806625366210938,2.7433853149414063,0,199697.53424072266,211316.73767089844,0,34088599552,2147483648,8136368128,0
200,1787750552706,3500,3500,3500,3500,3500,3500,3500,3500,3500,3500,3500,3500,3500,3500,3500,3500,3500,3500,3500,3500,29.524459838867188,1.6086349487304688,49.35207748413086,0.13872528076171875,2.8431930541992188,0.260650634765625,2.8525924682617188,0.23380279541015625,0.2286529541015625,0.2183074951171875,0.18216705322265625,0.5569915771484375,0.5008010864257813,0.233154296875,0.25605010986328125,0.2324066162109375,2.9797134399414063,29.130844116210938,34.626365661621094,0.15851593017578125,0,199707.17413330078,211324.2064819336,0,34088599552,2147483648,8137953280,0
200,1787750552907,3500,3500,3500,3500,3500,3500,3500,3500,3500,3500,3500,3500,3500,3500,3500,3500,3500,3500,3500,3500,18.607093811035156,1.2497329711914063,57.938663482666016,2.8202590942382813,0.31749725341796875,0.36241912841796875,0.4534149169921875,0.34235382080078125,0.34764862060546875,0.40130615234375,0.40529632568359375,0.34749603271484375,0.8985443115234375,2.91510009765625,0.4453277587890625,0.39665985107421875,0.6149368286132813,37.58824157714844,20.48583984375,0.313507080078125,0,199717.83978271484,211332.70678710938,0,34088599552,2147483648,8137166848,0
200,1787750553107,3500,3500,3500,3500,3500,3500,3500,3500,3500,3500,3500,3500,3500,3500,3500,3500,3500,3500,3500,3500,9.028076171875,1.06463623046875,47.8243293762207,0.181610107421875,0.35488128662109375,0.2856597900390625,0.28266143798828125,2.7910003662109375,2.8725051879882813,2.7771072387695313,2.7346267700195313,0.33998870849609375,2.7684097290039063,0.3077545166015625,0.3135986328125,0.28261566162109375,0.5594253540039063,30.653549194335938,46.85874557495117,0.1841583251953125,0,199727.35009765625,211340.0469970703,0,34088599552,2147483648,8137633792,0
200,1787750553307,3500,3500,3500,3500,3500,3500,3500,3500,3500,3500,3500,3500,3500,3500,3500,3500,3500,3500,3500,3500,9.049400329589844,0.9255828857421875,52.8879508972168,0.17987060546875,0.29808807373046875,2.8022842407226563,0.33983612060546875,0.277984619140625,0.2798309326171875,0.33090972900390625,0.27140045166015625,2.9853897094726563,2.0792617797851563,0.3364410400390625,0.2959442138671875,0.29828643798828125,0.47206878662109375,22.725013732910156,51.5670166015625,0.1598663330078125,0,199736.79180908203,211347.2788696289,0,34088599552,2147483648,8137961472,0
200,1787750553507,3500,3500,3500,3500,3500,3500,3500,3500,3500,3500,3500,3500,3500,3500,3500,3500,3500,3500,3500,3500,25.58826446533203,0.9396286010742188,50.961612701416016,0.18393707275390625,0.2945404052734375,0.27455902099609375,0.314727783203125,0.31797027587890625,0.3069305419921875,0.28594970703125,0.2664642333984375,0.36768341064453125,0.414093017578125,0.333160400390625,2.8091506958007813,2.8138961791992188,0.5006637573242188,27.324546813964844,33.976356506347656,2.694549560546875,0,199746.7130126953,211355.0210571289,0,34088599552,2147483648,8138166272,0
200,1787750553708,3500,3500,3500,3500,3500,3500,3500,3500,3500,3500,3500,3500,3500,3500,3500,3500,3500,3500,3500,3500,16.102264404296875,3.4617233276367188,42.61471176147461,0.1910247802734375,2.7957077026367188,0.26914215087890625,2.8559036254882813,0.3744659423828125,0.29010772705078125,0.34786224365234375,0.24927520751953125,0.30393218994140625,0.31491851806640625,0.28411865234375,0.31751251220703125,0.3060302734375,3.1270904541015625,24.941558837890625,54.02828598022461,0.1641693115234375,0,199756.9771118164,211363.12017822266,0,34088599552,2147483648,8138424320,0
200,1787750553908,3500,3500,3500,3500,3500,3500,3500,3500,3500,3500,3500,3500,3500,3500,3500,3500,3500,3500,3500,3500,23.443023681640625,0.7055816650390625,27.61475372314453,2.754669189453125,0.24779510498046875,0.3015289306640625,0.24324798583984375,0.292938232421875,0.3176116943359375,0.3619537353515625,0.32849884033203125,0.40775299072265625,0.34847259521484375,2.8140945434570313,0.26068115234375,0.2894439697265625,0.416839599609375,27.88426971435547,57.70246887207031,0.1631011962890625,0,199766.5223388672,211370.4839477539,0,34088599552,2147483648,8138493952,0
200,1787750554108,3500,3500,3500,3500,3500,3500,3500,3500,3500,3500,3500,3500,3500,3500,3500,3500,3500,3500,3500,3500,9.228385925292969,1.0392379760742188,43.41437530517578,0.32915496826171875,0.3946990966796875,0.445220947265625,0.371551513671875,2.9527130126953125,3.0267333984375,3.0469818115234375,2.9780960083007813,0.5958099365234375,3.40740966796875,0.4066162109375,0.42208099365234375,0.43245697021484375,0.48822021484375,17.556396484375,59.447357177734375,0.29822540283203125,0,199776.92358398438,211378.72979736328,0,34088599552,2147483648,8125874176,0
200,1787750554309,3500,3500,3500,3500,3500,3500,3500,3500,3500,3500,3500,3500,3500,3500,3500,3500,3500,3500,3500,3500,18.260650634765625,1.60540771484375,43.62778854370117,0.2580718994140625,0.43145751953125,0.25702667236328125,0.299774169921875,0.21921539306640625,0.44866180419921875,0.436492919921875,0.446319580078125,3.073699951171875,0.3045654296875,0.33065032958984375,0.32720947265625,0.27996826171875,0.20230865478515625,10.942237854003906,32.07698059082031,0.22600555419921875,0,199786.50372314453,211386.1883544922,0,34088599552,2147483648,8125792256,0
200,1787750554509,3500,3500,3500,3500,3500,3500,3500,3500,3500,3500,3500,3500,3500,3500,3500,3500,3500,3500,3500,3500,8.309196472167969,1.3170166015625,34.86039733886719,0.2493896484375,0.313568115234375,2.7970809936523438,0.21265411376953125,0.26955413818359375,0.3673248291015625,0.4119415283203125,0.3249969482421875,0.4188232421875,0.2656097412109375,0.2810821533203125,2.7785186767578125,2.7973785400390625,0.1918487548828125,17.86963653564453,43.369773864746094,2.7101898193359375,0,199794.63580322266,211392.17614746094,0,34088599552,2147483648,8125616128,0
200,1787750554709,3500,3500,3500,3500,3500,3500,3500,3500,3500,3500,3500,3500,3500,3500,3500,3500,3500,3500,3500,3500,9.227027893066406,3.527008056640625,26.51250457763672,0.26161956787109375,2.8522567749023438,0.2635650634765625,2.7866439819335938,0.2335052490234375,0.32439422607421875,0.41931915283203125,0.38945770263671875,0.38556671142578125,8.000823974609375,0.27849578857421875,0.29622650146484375,0.2712554931640625,2.79302978515625,8.343193054199219,66.49819946289063,0.17592620849609375,0,199803.46844482422,211398.8607788086,0,34088599552,2147483648,8124936192,0
200,1787750554910,3500,3500,3500,3500,3500,3500,3500,3500,3500,3500,3500,3500,3500,3500,3500,3500,3500,3500,3500,3500,10.968978881835938,1.0289535522460938,47.03184127807617,2.7409210205078125,0.36693572998046875,0.4125518798828125,0.4102020263671875,0.36663818359375,0.42409515380859375,0.49419403076171875,0.5264205932617188,0.40010833740234375,0.3106231689453125,2.8064727783203125,0.37542724609375,0.3441009521484375,0.2354278564453125,3.882598876953125,45.48666000366211,0.19675445556640625,0,199813.0209350586,211406.2822265625,0,34088599552,2147483648,8124907520,0
200,1787750555110,3500,3500,3500,3500,3500,3500,3500,3500,3500,3500,3500,3500,3500,3500,3500,3500,3500,3500,3500,3500,16.296051025390625,1.0688705444335938,27.836624145507813,0.25629425048828125,0.370758056640625,0.4728851318359375,0.36496734619140625,2.9418411254882813,2.8368148803710938,2.7951126098632813,2.8072967529296875,0.32895660400390625,2.8567428588867188,0.27492523193359375,0.3570709228515625,0.3400421142578125,0.225830078125,24.894187927246094,37.438568115234375,0.18842315673828125,0,199823.11260986328,211414.23431396484,0,34088599552,2147483648,8124985344,0
200,1787750555310,3500,3500,3500,3500,3500,3500,3500,3500,3500,3500,3500,3500,3500,3500,3500,3500,3500,3500,3500,3500,0.581634521484375,1.4519882202148438,39.2842903137207,0.27848052978515625,0.3930511474609375,0.5054702758789063,0.40099334716796875,0.48989105224609375,0.33042144775390625,0.43035888671875,0.44513702392578125,2.9726486206054688,0.3036041259765625,0.31703948974609375,0.42476654052734375,0.4132232666015625,0.2961578369140625,10.845489501953125,54.148277282714844,0.179595947265625,0,199831.7940673828,211420.78344726563,0,34088599552,2147483648,8124985344,0
200,1787750555510,3500,3500,3500,3500,3500,3500,3500,3500,3500,3500,3500,3500,3500,3500,3500,3500,3500,3500,3500,3500,11.926094055175781,1.2109527587890625,42.337337493896484,0.21115875244140625,0.38982391357421875,3.03765869140625,0.36661529541015625,0.44692230224609375,0.46453857421875,0.3330841064453125,0.4202728271484375,0.388580322265625,0.299346923828125,0.28931427001953125,2.897918701171875,2.8937225341796875,0.21380615234375,36.28288650512695,28.291831970214844,2.7451019287109375,0,199841.86547851563,211428.72009277344,0,34088599552,2147483648,8124887040,0
199,1787750555711,3500,3500,3500,3500,3500,3500,3500,3500,3500,3500,3500,3500,3500,3500,3500,3500,3500,3500,3500,3500,1.1106033325195313,4.0867767333984375,28.101455688476563,0.24423980712890625,2.82086181640625,0.31333160400390625,2.8710861206054688,0.3440399169921875,0.5047531127929688,0.3519287109375,0.35931396484375,0.3267669677734375,0.30170440673828125,0.2957611083984375,0.4073944091796875,0.399658203125,0.2524261474609375,4.590080261230469,77.66962432861328,0.15631866455078125,0,199850.5043334961,211435.21801757813,0,34088599552,2147483648,8124866560,0
200,1787750555911,3500,3500,3500,3500,3500,3500,3500,3500,3500,3500,3500,3500,3500,3500,3500,3500,3500,3500,3500,3500,18.310813903808594,1.0688018798828125,36.5788459777832,2.7806930541992188,0.26568603515625,0.27169036865234375,0.2777862548828125,0.29217529296875,0.48334503173828125,0.374542236328125,0.4066314697265625,0.3547515869140625,0.32526397705078125,2.8115768432617188,0.40908050537109375,0.41492462158203125,2.7881851196289063,25.196495056152344,27.271827697753906,0.288726806640625,0,199859.0726928711,211441.6622314453,0,34088599552,2147483648,8124866560,0
200,1787750556111,3500,3500,3500,3500,3500,3500,3500,3500,3500,3500,3500,3500,3500,3500,3500,3500,3500,3500,3500,3500,8.396781921386719,1.357666015625,24.002517700195313,0.2136688232421875,0.275177001953125,0.241729736328125,0.259002685546875,2.708648681640625,2.7846832275390625,2.7954177856445313,2.7814865112304688,2.0586929321289063,2.8016586303710938,0.25011444091796875,0.3886566162109375,0.386260986328125,0.25450897216796875,5.1107177734375,69.90975952148438,0.12386322021484375,0,199864.9569091797,211445.4048461914,0,34088599552,2147483648,8124981248,0
200,1787750556311,3500,3500,3500,3500,3500,3500,3500,3500,3500,3500,3500,3500,3500,3500,3500,3500,3500,3500,3500,3500,16.154441833496094,1.2133331298828125,21.31977081298828,0.3063201904296875,0.2306365966796875,0.24167633056640625,0.2882843017578125,0.29412841796875,0.2999725341796875,0.23963165283203125,0.292633056640625,4.2037200927734375,14.8687744140625,0.2718505859375,0.5027847290039063,0.503082275390625,0.2339324951171875,24.911354064941406,29.433883666992188,0.16994476318359375,0,199873.31829833984,211451.642578125,0,34088599552,2147483648,8124981248,0
200,1787750556511,3500,3500,3500,3500,3500,3500,3500,3500,3500,3500,3500,3500,3500,3500,3500,3500,3500,3500,3500,3500,0.7723236083984375,1.5466995239257813,48.558319091796875,0.27779388427734375,0.3076324462890625,2.8225936889648438,0.34226226806640625,0.2458648681640625,0.33231353759765625,0.385284423828125,0.31722259521484375,0.28119659423828125,0.33061981201171875,0.3200225830078125,2.9412841796875,2.976959228515625,0.22232818603515625,31.901390075683594,23.14301300048828,2.7686233520507813,0,199882.37030029297,211458.5633544922,0,34088599552,2147483648,8124952576,0
200,1787750556712,3500,3500,3500,3500,3500,3500,3500,3500,3500,3500,3500,3500,3500,3500,3500,3500,3500,3500,3500,3500,12.448745727539063,4.200614929199219,50.10701370239258,0.2515869140625,2.8587799072265625,0.2971343994140625,2.906280517578125,0.33809661865234375,0.467803955078125,0.4979705810546875,0.4981231689453125,0.5320892333984375,0.34503173828125,0.351226806640625,0.4497222900390625,0.45197296142578125,0.26886749267578125,22.304237365722656,27.201858520507813,0.3165130615234375,0,199891.7479248047,211465.8197631836,0,34088599552,2147483648,8124948480,0
200,1787750556912,3500,3500,3500,3500,3500,3500,3500,3500,3500,3500,3500,3500,3500,3500,3500,3500,3500,3500,3500,3500,10.7685546875,1.07928466796875,25.56975555419922,2.7413711547851563,0.280548095703125,0.2557525634765625,0.2437744140625,0.258941650390625,0.27506256103515625,0.2642364501953125,0.2069091796875,0.67724609375,0.3001556396484375,2.765167236328125,0.30524444580078125,0.29571533203125,2.740570068359375,13.489013671875,60.96847152709961,0.1730804443359375,0,199902.17596435547,211474.3529663086,0,34088599552,2147483648,8124882944,0
200,1787750557113,3500,3500,3500,3500,3500,3500,3500,3500,3500,3500,3500,3500,3500,3500,3500,3500,3500,3500,3500,3500,0.5532073974609375,1.3678054809570313,78.25690460205078,0.16164398193359375,0.269073486328125,0.318450927734375,0.3554534912109375,2.7655792236328125,2.9259262084960938,2.8532562255859375,2.8752517700195313,0.28667449951171875,2.7842330932617188,0.29869842529296875,0.313262939453125,0.26263427734375,0.217254638671875,10.477737426757813,16.230690002441406,0.2479248046875,0,199911.95068359375,211482.19604492188,0,34088599552,2147483648,8125018112,0
200,1787750557313,3500,3500,3500,3500,3500,3500,3500,3500,3500,3500,3500,3500,3500,3500,3500,3500,3500,3500,3500,3500,16.737197875976563,1.1451950073242188,61.27902603149414,0.19281768798828125,0.2473602294921875,0.22400665283203125,0.2713165283203125,0.346771240234375,0.4615936279296875,0.3621368408203125,0.48065185546875,2.9063873291015625,0.34951019287109375,0.28398895263671875,0.28473663330078125,0.30410003662109375,0.2960662841796875,4.7526092529296875,26.264663696289063,0.19686126708984375,0,199922.20336914063,211489.86199951172,0,34088599552,2147483648,8125460480,0
200,1787750557513,3500,3500,3500,3500,3500,3500,3500,3500,3500,3500,3500,3500,3500,3500,3500,3500,3500,3500,3500,3500,18.54065704345703,1.2720565795898438,61.66804504394531,0.1704254150390625,0.2784271240234375,2.829193115234375,0.23174285888671875,0.2591552734375,0.333160400390625,0.29775238037109375,0.3529815673828125,0.34978485107421875,0.38333892822265625,0.38243865966796875,2.783599853515625,2.8133087158203125,0.24987030029296875,15.342063903808594,11.541763305664063,2.7497482299804688,0,199932.53997802734,211498.07196044922,0,34088599552,2147483648,8125214720,0
199,1787750557714,3500,3500,3500,3500,3500,3500,3500,3500,3500,3500,3500,3500,3500,3500,3500,3500,3500,3500,3500,3500,8.22052001953125,3.8825912475585938,47.470855712890625,0.22547149658203125,2.7849197387695313,0.2207794189453125,2.810211181640625,0.258392333984375,0.3269805908203125,0.33147430419921875,0.40245819091796875,0.36394500732421875,0.3953704833984375,0.43233489990234375,0.3100738525390625,0.27071380615234375,0.197235107421875,15.769760131835938,42.47083282470703,0.17528533935546875,0,199940.91870117188,211504.31323242188,0,34088599552,2147483648,8125284352,0
200,1787750557914,3500,3500,3500,3500,3500,3500,3500,3500,3500,3500,3500,3500,3500,3500,3500,3500,3500,3500,3500,3500,18.589256286621094,1.304107666015625,32.02210998535156,2.7863082885742188,0.24971771240234375,0.26840972900390625,0.33118438720703125,0.2944488525390625,0.31339263916015625,0.3481292724609375,0.22692108154296875,0.2737579345703125,0.37117767333984375,2.8938217163085938,0.29364776611328125,0.27805328369140625,2.7492218017578125,25.763931274414063,30.735198974609375,0.2054290771484375,0,199950.2769165039,211511.53759765625,0,34088599552,2147483648,8125284352,0
199,1787750558114,3500,3500,3500,3500,3500,3500,3500,3500,3500,3500,3500,3500,3500,3500,3500,3500,3500,3500,3500,3500,1.12725830078125,1.5571365356445313,44.48873519897461,0.32329559326171875,0.28543853759765625,0.3767852783203125,0.4123992919921875,2.9364242553710938,2.8440704345703125,2.8885269165039063,2.8056182861328125,0.34447479248046875,2.8299407958984375,0.32059478759765625,0.31160736083984375,0.31945037841796875,0.2119140625,26.845733642578125,33.13507080078125,0.2216033935546875,0,199959.10345458984,211518.24633789063,0,34088599552,2147483648,8125411328,0
200,1787750558314,3500,3500,3500,3500,3500,3500,3500,3500,3500,3500,3500,3500,3500,3500,3500,3500,3500,3500,3500,3500,16.299530029296875,1.352203369140625,50.941280364990234,0.21311187744140625,0.24970245361328125,0.329986572265625,0.2816009521484375,0.34093475341796875,0.3405914306640625,0.28585052490234375,0.28639984130859375,0.35748291015625,0.3013458251953125,0.27960205078125,0.29074859619140625,0.2953948974609375,0.22541046142578125,8.883583068847656,31.86894989013672,0.23630523681640625,0,199967.5415649414,211524.5350341797,0,34088599552,2147483648,8125739008,0
200,1787750558514,3500,3500,3500,3500,3500,3500,3500,3500,3500,3500,3500,3500,3500,3500,3500,3500,3500,3500,3500,3500,0.58734130859375,1.6165313720703125,64.08709716796875,0.2218475341796875,0.427215576171875,3.0678024291992188,0.4043426513671875,0.47681427001953125,0.30310821533203125,0.28537750244140625,0.3286285400390625,2.8927459716796875,8.058387756347656,0.28133392333984375,2.919464111328125,2.8447494506835938,0.18334197998046875,30.350257873535156,1.2374114990234375,2.7737808227539063,0,199976.57781982422,211531.4520263672,0,34088599552,2147483648,8125702144,0
200,1787750558715,3500,3500,3500,3500,3500,3500,3500,3500,3500,3500,3500,3500,3500,3500,3500,3500,3500,3500,3500,3500,16.23027801513672,3.7567977905273438,55.31868362426758,0.2356109619140625,2.9695968627929688,0.4022064208984375,2.9102706909179688,0.429351806640625,0.292236328125,0.28899383544921875,0.33000946044921875,0.26934051513671875,0.310150146484375,0.29917144775390625,0.40470123291015625,0.39102935791015625,0.27582550048828125,23.613548278808594,17.07770538330078,0.19329833984375,0,199985.68811035156,211538.4273071289,0,34088599552,2147483648,8125685760,0
200,1787750558915,3500,3500,3500,3500,3500,3500,3500,3500,3500,3500,3500,3500,3500,3500,3500,3500,3500,3500,3500,3500,18.723968505859375,1.1488418579101563,36.750160217285156,2.746063232421875,0.3604583740234375,0.32086181640625,0.47171783447265625,0.44029998779296875,0.178985595703125,0.2913360595703125,0.2455596923828125,0.8857345581054688,0.27692413330078125,2.8010711669921875,0.3837432861328125,0.37062835693359375,2.8349838256835938,5.065147399902344,47.06971740722656,0.1686553955078125,0,199994.77362060547,211545.38635253906,0,34088599552,2147483648,8125685760,0
200,1787750559115,3500,3500,3500,3500,3500,3500,3500,3500,3500,3500,3500,3500,3500,3500,3500,3500,3500,3500,3500,3500,20.687171936035156,0.9856033325195313,44.37779235839844,0.26556396484375,0.4665679931640625,0.4425048828125,0.46726226806640625,3.01837158203125,2.7876129150390625,2.853118896484375,2.8607559204101563,0.23630523681640625,2.96954345703125,0.3017578125,0.441253662109375,0.40061187744140625,0.22512054443359375,41.03459167480469,14.820625305175781,0.2672576904296875,0,200005.24810791016,211553.70471191406,0,34088599552,2147483648,8126148608,0
200,1787750559316,3500,3500,3500,3500,3500,3500,3500,3500,3500,3500,3500,3500,3500,3500,3500,3500,3500,3500,3500,3500,16.562515258789063,1.5708236694335938,54.55855178833008,0.1994781494140625,0.4399566650390625,0.3759918212890625,0.465118408203125,0.472259521484375,0.33853912353515625,0.28881072998046875,0.23937225341796875,0.28061676025390625,0.2882080078125,0.2781219482421875,0.38672637939453125,0.38507843017578125,0.26389312744140625,1.6907119750976563,31.553314208984375,0.21735382080078125,0,200013.3719482422,211559.70416259766,0,34088599552,2147483648,8126144512,0
200,1787750559516,3500,3500,3500,3500,3500,3500,3500,3500,3500,3500,3500,3500,3500,3500,3500,3500,3500,3500,3500,3500,7.14990234375,1.5991897583007813,54.555423736572266,0.22618865966796875,0.408538818359375,2.9411697387695313,0.40988922119140625,0.48105621337890625,0.38639068603515625,0.295166015625,0.26444244384765625,2.9042587280273438,0.3262939453125,0.35068511962890625,2.9558868408203125,0.42494964599609375,0.277313232421875,17.86907196044922,24.320907592773438,2.7581253051757813,0,200023.5609741211,211567.7550048828,0,34088599552,2147483648,8126111744,0
200,1787750559717,3500,3500,3500,3500,3500,3500,3500,3500,3500,3500,3500,3500,3500,3500,3500,3500,3500,3500,3500,3500,11.683944702148438,4.08251953125,44.599761962890625,0.1932220458984375,0.304595947265625,0.3123779296875,2.8816375732421875,0.32080841064453125,0.24564361572265625,0.24918365478515625,0.2052459716796875,0.2453460693359375,0.247589111328125,0.28045654296875,0.35771942138671875,2.878143310546875,0.2057952880859375,20.143356323242188,34.5635986328125,0.1576080322265625,0,200032.3231201172,211574.37872314453,0,34088599552,2147483648,8126111744,0
200,1787750559917,3500,3500,3500,3500,3500,3500,3500,3500,3500,3500,3500,3500,3500,3500,3500,3500,3500,3500,3500,3500,14.333099365234375,1.3203964233398438,55.34290313720703,2.697418212890625,2.72650146484375,0.27862548828125,0.27094268798828125,0.2482452392578125,0.22150421142578125,0.23162841796875,0.304718017578125,0.23133087158203125,4.292999267578125,2.7863235473632813,0.29389190673828125,0.277130126953125,2.7510452270507813,14.645805358886719,24.420745849609375,0.2034912109375,0,200041.76849365234,211581.68389892578,0,34088599552,2147483648,8126791680,0
199,1787750560117,3500,3500,3500,3500,3500,3500,3500,3500,3500,3500,3500,3500,3500,3500,3500,3500,3500,3500,3500,3500,2.1225433349609375,1.61199951171875,79.817626953125,0.18068695068359375,0.234588623046875,0.330352783203125,0.27715301513671875,2.861328125,2.8071823120117188,2.8728179931640625,2.9273223876953125,0.33974456787109375,2.8373489379882813,0.28504180908203125,0.2808990478515625,0.31237030029296875,0.32585906982421875,13.699249267578125,9.73345947265625,0.2529754638671875,0,200052.61584472656,211590.40557861328,0,34088599552,2147483648,8126894080,0
200,1787750560317,3500,3500,3500,3500,3500,3500,3500,3500,3500,3500,3500,3500,3500,3500,3500,3500,3500,3500,3500,3500,12.496467590332031,1.5592880249023438,41.923675537109375,0.24042510986328125,0.27425384521484375,0.29718780517578125,0.32561492919921875,0.30023193359375,0.26021575927734375,0.25506591796875,0.33980560302734375,0.322418212890625,8.2103271484375,0.2767486572265625,0.32286834716796875,0.30098724365234375,0.27664947509765625,9.432052612304688,32.605934143066406,0.247772216796875,0,200062.52154541016,211598.19165039063,0,34088599552,2147483648,8127430656,0
200,1787750560518,3500,3500,3500,3500,3500,3500,3500,3500,3500,3500,3500,3500,3500,3500,3500,3500,3500,3500,3500,3500,22.06390380859375,1.2298660278320313,27.76618194580078,0.23123931884765625,0.21935272216796875,2.7314910888671875,0.31158447265625,0.2706146240234375,0.25307464599609375,0.26526641845703125,0.27231597900390625,2.8314285278320313,0.28885650634765625,0.29160308837890625,2.8279800415039063,0.2755126953125,0.2185516357421875,22.089187622070313,38.13953399658203,2.7397918701171875,0,200071.46618652344,211604.98706054688,0,34088599552,2147483648,8130011136,0
200,1787750560718,3500,3500,3500,3500,3500,3500,3500,3500,3500,3500,3500,3500,3500,3500,3500,3500,3500,3500,3500,3500,20.446853637695313,3.5750961303710938,15.749076843261719,0.3184356689453125,0.4506988525390625,0.41074371337890625,2.8835830688476563,0.2985992431640625,0.35070037841796875,0.32222747802734375,0.281219482421875,0.29065704345703125,0.47991943359375,0.39031219482421875,0.32332611083984375,2.8398208618164063,0.219085693359375,28.731163024902344,46.3203125,0.203094482421875,0,200080.3165283203,211611.69067382813,0,34088599552,2147483648,8130011136,0
200,1787750560918,3500,3500,3500,3500,3500,3500,3500,3500,3500,3500,3500,3500,3500,3500,3500,3500,3500,3500,3500,3500,19.13072967529297,1.2783050537109375,52.073062896728516,2.7501983642578125,2.8328018188476563,0.3126068115234375,0.27843475341796875,0.2597808837890625,0.37126922607421875,0.4236907958984375,0.4119720458984375,0.48015594482421875,8.321723937988281,2.8469696044921875,0.34482574462890625,0.31829071044921875,2.7675094604492188,18.105873107910156,10.263748168945313,0.23374176025390625,0,200088.3890991211,211617.6469116211,0,34088599552,2147483648,8130027520,0
200,1787750561119,3500,3500,3500,3500,3500,3500,3500,3500,3500,3500,3500,3500,3500,3500,3500,3500,3500,3500,3500,3500,4.496849060058594,1.321441650390625,32.79368591308594,0.19834136962890625,0.32855224609375,0.3057403564453125,0.31192779541015625,2.7965011596679688,2.8348770141601563,2.8702163696289063,2.8654708862304688,0.3414306640625,23.569007873535156,0.26880645751953125,0.39627838134765625,0.39537811279296875,0.27115631103515625,25.10101318359375,26.114120483398438,0.2259368896484375,0,200098.41790771484,211625.54583740234,0,34088599552,2147483648,8131829760,0
200,1787750561319,3500,3500,3500,3500,3500,3500,3500,3500,3500,3500,3500,3500,3500,3500,3500,3500,3500,3500,3500,3500,16.8685302734375,1.3465805053710938,74.6225814819336,0.157196044921875,0.2992095947265625,0.31549835205078125,0.22765350341796875,0.2400970458984375,0.26507568359375,0.22824859619140625,0.24988555908203125,0.41832733154296875,2.7943878173828125,0.2477874755859375,0.38604736328125,0.364715576171875,0.1769866943359375,5.056327819824219,13.220489501953125,0.218505859375,0,200109.65661621094,211634.6309814453,0,34088599552,2147483648,8136396800,0
200,1787750561519,3500,3500,3500,3500,3500,3500,3500,3500,3500,3500,3500,3500,3500,3500,3500,3500,3500,3500,3500,3500,8.95269775390625,1.3463058471679688,51.625186920166016,0.22560882568359375,0.22101593017578125,2.7821044921875,0.29663848876953125,0.28166961669921875,0.3948516845703125,0.36541748046875,0.46622467041015625,2.9499969482421875,0.3321990966796875,0.30207061767578125,2.9273529052734375,0.3895111083984375,0.23418426513671875,25.447296142578125,20.805023193359375,2.7784652709960938,0,200118.8299560547,211641.67907714844,0,34088599552,2147483648,8136310784,0
200,1787750561720,3500,3500,3500,3500,3500,3500,3500,3500,3500,3500,3500,3500,3500,3500,3500,3500,3500,3500,3500,3500,23.913551330566406,3.9534378051757813,41.86009979248047,0.02739715576171875,0.05004119873046875,0.000396728515625,2.5631790161132813,0.08988189697265625,0.126922607421875,0.14996337890625,0.29193115234375,0.11746978759765625,0.05023956298828125,0.079132080078125,0.12647247314453125,2.6463088989257813,0,19.158302307128906,22.322837829589844,0.0047454833984375,0,200126.4071044922,211647.1215209961,0,34088599552,2147483648,8136310784,0
200,1787750561920,3500,3500,3500,3500,3500,3500,3500,3500,3500,3500,3500,3500,3500,3500,3500,3500,3500,3500,3500,3500,19.116127014160156,1.0976715087890625,64.72948455810547,2.9380645751953125,3.0207290649414063,0.5000534057617188,0.5538177490234375,0.4885406494140625,0.58251953125,0.6461563110351563,0.6844711303710938,0.6474990844726563,0.5574569702148438,3.0220794677734375,0.555511474609375,0.5485382080078125,2.9238128662109375,2.8801116943359375,24.731590270996094,0.434326171875,0,200135.0103149414,211653.5942993164,0,34088599552,2147483648,8137035776,0
200,1787750562120,3500,3500,3500,3500,3500,3500,3500,3500,3500,3500,3500,3500,3500,3500,3500,3500,3500,3500,3500,3500,9.25677490234375,1.18206787109375,57.35028839111328,0.18511199951171875,0.32305145263671875,0.32729339599609375,0.3085784912109375,2.7793197631835938,2.8602752685546875,2.9210128784179688,2.86566162109375,0.43364715576171875,0.37795257568359375,0.2938079833984375,0.30169677734375,0.29540252685546875,0.22518157958984375,14.297821044921875,43.07707214355469,0.20721435546875,0,200145.021484375,211661.43286132813,0,34088599552,2147483648,8140767232,0
200,1787750562321,3500,3500,3500,3500,3500,3500,3500,3500,3500,3500,3500,3500,3500,3500,3500,3500,3500,3500,3500,3500,16.16313934326172,1.5688934326171875,46.10818099975586,0.22176361083984375,0.304046630859375,0.3087921142578125,0.27545166015625,0.24027252197265625,0.2475128173828125,0.21591949462890625,0.25559234619140625,0.34581756591796875,2.7961654663085938,0.29302215576171875,0.345367431640625,0.2989044189453125,0.23967742919921875,11.893791198730469,31.582199096679688,0.20404815673828125,0,200153.88665771484,211668.17712402344,0,34088599552,2147483648,8141582336,0
200,1787750562521,3500,3500,3500,3500,3500,3500,3500,3500,3500,3500,3500,3500,3500,3500,3500,3500,3500,3500,3500,3500,13.016632080078125,1.672760009765625,84.82138061523438,0.19812774658203125,0.260772705078125,2.8420486450195313,0.35674285888671875,0.3212738037109375,0.3497467041015625,0.2306976318359375,0.2963409423828125,2.8470993041992188,0.3146820068359375,0.325469970703125,2.9443588256835938,0.40814971923828125,0.29744720458984375,2.351226806640625,3.691070556640625,2.8467483520507813,0,200163.36785888672,211675.8051147461,0,34088599552,2147483648,8141299712,0
200,1787750562722,3500,3500,3500,3500,3500,3500,3500,3500,3500,3500,3500,3500,3500,3500,3500,3500,3500,3500,3500,3500,10.307220458984375,3.5796661376953125,45.382511138916016,0.19162750244140625,0.24977874755859375,0.27297210693359375,2.6947097778320313,0.1518707275390625,0.41312408447265625,0.3341217041015625,0.37781524658203125,0.28893280029296875,0.23715972900390625,0.2406005859375,0.24509429931640625,2.7718734741210938,0.2086334228515625,19.575965881347656,33.82708740234375,0.20130157470703125,0,200173.6475830078,211684.0450439453,0,34088599552,2147483648,8143028224,0
200,1787750562922,3500,3500,3500,3500,3500,3500,3500,3500,3500,3500,3500,3500,3500,3500,3500,3500,3500,3500,3500,3500,18.998641967773438,0.8773880004882813,40.51240539550781,1.6374893188476563,2.8867874145507813,0.302093505859375,0.34307098388671875,0.39342498779296875,0.5314712524414063,0.42975616455078125,0.48720550537109375,0.7278594970703125,9.553619384765625,2.840576171875,0.31522369384765625,0.3350830078125,2.78033447265625,20.240257263183594,24.30078887939453,0.31621551513671875,0,200183.58514404297,211691.46350097656,0,34088599552,2147483648,8143396864,0
200,1787750563122,3500,3500,3500,3500,3500,3500,3500,3500,3500,3500,3500,3500,3500,3500,3500,3500,3500,3500,3500,3500,1.1820144653320313,1.7876358032226563,77.17459869384766,1.3172531127929688,0.33827972412109375,0.26868438720703125,0.29521942138671875,2.72119140625,2.9439620971679688,2.9119415283203125,2.910888671875,0.40657806396484375,10.735984802246094,0.37270355224609375,0.2981109619140625,0.28387451171875,0.2687835693359375,4.709312438964844,11.627426147460938,0.2583465576171875,0,200191.64233398438,211697.4139404297,0,34088599552,2147483648,8143736832,0
200,1787750563322,3500,3500,3500,3500,3500,3500,3500,3500,3500,3500,3500,3500,3500,3500,3500,3500,3500,3500,3500,3500,14.071418762207031,1.3987808227539063,9.6422119140625,0.3077392578125,0.35578155517578125,0.22069549560546875,0.34296417236328125,0.32724761962890625,0.2878875732421875,0.27855682373046875,0.2730712890625,1.418731689453125,2.91204833984375,0.3885040283203125,0.399627685546875,0.34690093994140625,0.22891998291015625,32.163787841796875,48.27312469482422,0.20886993408203125,0,200200.31396484375,211703.95428466797,0,34088599552,2147483648,8143855616,0
200,1787750563523,3500,3500,3500,3500,3500,3500,3500,3500,3500,3500,3500,3500,3500,3500,3500,3500,3500,3500,3500,3500,3.6203765869140625,0.32646942138671875,42.05820083618164,0.2189788818359375,0.26458740234375,2.8683395385742188,0.3347015380859375,0.269775390625,0.26558685302734375,0.19647216796875,0.30396270751953125,2.8198318481445313,0.5009765625,0.401519775390625,2.8943405151367188,0.35296630859375,0.3173370361328125,0.29717254638671875,63.542442321777344,2.7161331176757813,0,200209.44219970703,211710.93505859375,0,34088599552,2147483648,8144420864,0
199,1787750563723,3500,3500,3500,3500,3500,3500,3500,3500,3500,3500,3500,3500,3500,3500,3500,3500,3500,3500,3500,3500,31.387779235839844,2.8038482666015625,28.71185302734375,0.20348358154296875,0.7122344970703125,0.63262939453125,3.168182373046875,0.5491256713867188,0.7152786254882813,0.419952392578125,0.5567703247070313,0.43933868408203125,11.179473876953125,0.28493499755859375,0.49275970458984375,2.7986526489257813,15.865463256835938,0.255096435546875,20.161087036132813,0.184539794921875,0,200220.20849609375,211719.55963134766,0,34088599552,2147483648,8144490496,0
200,1787750563923,3500,3500,3500,3500,3500,3500,3500,3500,3500,3500,3500,3500,3500,3500,3500,3500,3500,3500,3500,3500,19.053382873535156,0.29700469970703125,70.17086029052734,0.18531036376953125,2.8283233642578125,0.285308837890625,0.291107177734375,0.30370330810546875,0.2998046875,0.325439453125,0.3348846435546875,0.2244873046875,15.986221313476563,2.80853271484375,0.30770111083984375,0.30554962158203125,2.8096847534179688,2.848663330078125,4.650733947753906,0.2509307861328125,0,200228.2520751953,211725.47729492188,0,34088599552,2147483648,8144486400,0
200,1787750564124,3500,3500,3500,3500,3500,3500,3500,3500,3500,3500,3500,3500,3500,3500,3500,3500,3500,3500,3500,3500,41.368221282958984,0.26143646240234375,52.18634796142578,2.703460693359375,0.2596435546875,0.276702880859375,0.27809906005859375,2.757781982421875,2.7855148315429688,2.8553009033203125,2.7522964477539063,0.21883392333984375,1.7640609741210938,0.28802490234375,0.35107421875,0.27220916748046875,0.29036712646484375,0.27370452880859375,11.186660766601563,0.215545654296875,0,200237.66717529297,211732.75286865234,0,34088599552,2147483648,8144822272,0
200,1787750564324,3500,3500,3500,3500,3500,3500,3500,3500,3500,3500,3500,3500,3500,3500,3500,3500,3500,3500,3500,3500,26.799156188964844,0.30495452880859375,33.928680419921875,0.16490936279296875,1.6938705444335938,0.2351531982421875,0.2988128662109375,0.2953643798828125,0.2962646484375,0.29946136474609375,0.2417449951171875,0.27629852294921875,25.153114318847656,0.2797393798828125,0.393524169921875,0.39577484130859375,0.30994415283203125,0.36626434326171875,25.43450164794922,0.195465087890625,0,200245.20947265625,211738.1700439453,0,34088599552,2147483648,8145256448,0
200,1787750564524,3500,3500,3500,3500,3500,3500,3500,3500,3500,3500,3500,3500,3500,3500,3500,3500,3500,3500,3500,3500,26.63764190673828,0.27712249755859375,23.241737365722656,0.23134613037109375,0.28166961669921875,2.8241806030273438,0.3205108642578125,0.27727508544921875,0.320556640625,0.30588531494140625,0.2760772705078125,2.881195068359375,30.209877014160156,0.26329803466796875,2.9164886474609375,0.40088653564453125,0.4014892578125,0.41980743408203125,24.745635986328125,0.2424774169921875,0,200253.8172607422,211744.6390991211,0,34088599552,2147483648,8145223680,0
200,1787750564725,3500,3500,3500,3500,3500,3500,3500,3500,3500,3500,3500,3500,3500,3500,3500,3500,3500,3500,3500,3500,34.761070251464844,2.7738265991210938,43.920555114746094,0.1631927490234375,0.38626861572265625,0.23859405517578125,2.7559127807617188,0.19507598876953125,0.27861785888671875,0.2833099365234375,0.24134063720703125,0.24613189697265625,8.798675537109375,0.31175994873046875,0.35123443603515625,2.8706436157226563,0.35247802734375,0.36580657958984375,19.8753662109375,2.6843948364257813,0,200263.62786865234,211752.32421875,0,34088599552,2147483648,8145223680,0
200,1787750564925,3500,3500,3500,3500,3500,3500,3500,3500,3500,3500,3500,3500,3500,3500,3500,3500,3500,3500,3500,3500,35.716819763183594,0.2464599609375,59.812713623046875,0.18209075927734375,3.4537887573242188,0.22126007080078125,0.3068389892578125,0.3170166015625,0.29247283935546875,0.26667022705078125,0.24251556396484375,0.29970550537109375,11.498016357421875,0.30035400390625,1.475067138671875,0.36212921142578125,4.453254699707031,2.7861175537109375,18.893630981445313,0.2093353271484375,0,200272.16534423828,211758.69134521484,0,34088599552,2147483648,8145760256,0
200,1787750565125,3500,3500,3500,3500,3500,3500,3500,3500,3500,3500,3500,3500,3500,3500,3500,3500,3500,3500,3500,3500,4.78985595703125,0.26947021484375,82.51445007324219,2.620391845703125,0.54718017578125,0.22441864013671875,0.22402191162109375,2.770172119140625,2.83154296875,2.8621749877929688,2.8202667236328125,0.294219970703125,2.0001678466796875,2.7793045043945313,0.28932952880859375,0.240386962890625,0.33722686767578125,0.2104034423828125,15.585960388183594,0.18410491943359375,0,200280.30725097656,211764.7075805664,0,34088599552,2147483648,8145891328,0
200,1787750565325,3500,3500,3500,3500,3500,3500,3500,3500,3500,3500,3500,3500,3500,3500,3500,3500,3500,3500,3500,3500,16.676361083984375,0.35888671875,59.21022033691406,0.25872802734375,0.34564971923828125,0.358489990234375,0.3902587890625,0.3592376708984375,1.1302108764648438,0.4364166259765625,0.3946075439453125,0.37612152099609375,3.043792724609375,0.4679412841796875,0.37352752685546875,0.359588623046875,0.36498260498046875,0.3738250732421875,28.480514526367188,0.28914642333984375,0,200288.97259521484,211771.24627685547,0,34088599552,2147483648,8145891328,0
200,1787750565526,3500,3500,3500,3500,3500,3500,3500,3500,3500,3500,3500,3500,3500,3500,3500,3500,3500,3500,3500,3500,18.27452850341797,0.3409423828125,47.3544807434082,0.205841064453125,0.43004608154296875,2.84716796875,0.314300537109375,0.38105010986328125,0.3768157958984375,0.3553619384765625,0.379058837890625,2.8803482055664063,15.076385498046875,0.33046722412109375,2.8335494995117188,0.31524658203125,0.3104095458984375,0.3098602294921875,26.35791015625,0.24585723876953125,0,200298.30377197266,211778.45245361328,0,34088599552,2147483648,8145813504,0
200,1787750565726,3500,3500,3500,3500,3500,3500,3500,3500,3500,3500,3500,3500,3500,3500,3500,3500,3500,3500,3500,3500,25.66979217529297,2.7892379760742188,63.049285888671875,0.11287689208984375,0.2146148681640625,0.23613739013671875,2.711822509765625,0.246826171875,0.18834686279296875,0.245880126953125,0.25067138671875,0.19129180908203125,8.378509521484375,0.2689056396484375,0.27684783935546875,2.7601242065429688,0.23789215087890625,0.24782562255859375,11.714096069335938,2.6868057250976563,0,200307.16638183594,211785.18194580078,0,34088599552,2147483648,8146456576,0
200,1787750565927,3500,3500,3500,3500,3500,3500,3500,3500,3500,3500,3500,3500,3500,3500,3500,3500,3500,3500,3500,3500,32.43556213378906,0.28507232666015625,56.152339935302734,0.23954010009765625,2.812103271484375,0.29674530029296875,0.30023956298828125,0.29116058349609375,0.31005859375,0.3376922607421875,0.29410552978515625,0.2808837890625,1.0148696899414063,0.33834075927734375,0.4322509765625,0.4208831787109375,2.826019287109375,2.8479156494140625,20.29431915283203,0.26318359375,0,200317.25714111328,211793.14154052734,0,34088599552,2147483648,8146452480,0
200,1787750566127,3500,3500,3500,3500,3500,3500,3500,3500,3500,3500,3500,3500,3500,3500,3500,3500,3500,3500,3500,3500,25.801406860351563,0.25652313232421875,33.115272521972656,2.7269134521484375,0.268798828125,0.2328643798828125,0.281524658203125,2.8654098510742188,0.27114105224609375,2.7442855834960938,2.7842636108398438,0.26166534423828125,7.876167297363281,2.7373504638671875,0.46533203125,0.45904541015625,0.26385498046875,0.278228759765625,40.60281753540039,0.20417022705078125,0,200327.50744628906,211801.24920654297,0,34088599552,2147483648,8146722816,0
200,1787750566327,3500,3500,3500,3500,3500,3500,3500,3500,3500,3500,3500,3500,3500,3500,3500,3500,3500,3500,3500,3500,26.733177185058594,0.21526336669921875,53.9763298034668,0.1457366943359375,0.9022293090820313,0.2258453369140625,0.24475860595703125,0.32940673828125,2.80535888671875,0.32546234130859375,0.27719879150390625,0.259033203125,11.267707824707031,0.2347259521484375,0.492462158203125,0.48792266845703125,0.29222869873046875,0.325714111328125,15.508987426757813,0.19669342041015625,0,200337.21313476563,211808.83728027344,0,34088599552,2147483648,8146722816,0
199,1787750566528,3500,3500,3500,3500,3500,3500,3500,3500,3500,3500,3500,3500,3500,3500,3500,3500,3500,3500,3500,3500,42.91548538208008,0.257293701171875,51.39094924926758,0.19004058837890625,0.33518218994140625,2.8132553100585938,0.363250732421875,0.346771240234375,0.29229736328125,0.19757843017578125,0.2818603515625,2.8506546020507813,0.368438720703125,0.3227996826171875,3.0272064208984375,0.4995574951171875,0.4026947021484375,0.415374755859375,16.73548126220703,0.22328948974609375,0,200347.60968017578,211817.0814819336,0,34088599552,2147483648,8148578304,0
199,1787750566728,3500,3500,3500,3500,3500,3500,3500,3500,3500,3500,3500,3500,3500,3500,3500,3500,3500,3500,3500,3500,40.72638702392578,2.81268310546875,13.85577392578125,0.24079132080078125,0.3244171142578125,0.4160919189453125,2.8500213623046875,0.3126220703125,0.34676361083984375,0.2836761474609375,0.21489715576171875,0.3314666748046875,15.710205078125,0.28697967529296875,0.3437652587890625,2.8882675170898438,0.41669464111328125,0.42464447021484375,37.683258056640625,2.7558975219726563,0,200354.62774658203,211821.98858642578,0,34088599552,2147483648,8148578304,0
200,1787750566928,3500,3500,3500,3500,3500,3500,3500,3500,3500,3500,3500,3500,3500,3500,3500,3500,3500,3500,3500,3500,31.49970245361328,0.2679595947265625,57.310218811035156,0.18023681640625,2.937530517578125,0.3702239990234375,0.3938140869140625,0.327239990234375,0.30564117431640625,0.2787017822265625,0.213226318359375,0.33208465576171875,16.63104248046875,0.26081085205078125,0.30924224853515625,0.29434967041015625,2.8542098999023438,2.8513641357421875,4.7339630126953125,0.21817779541015625,0,200363.65313720703,211828.86206054688,0,34088599552,2147483648,8148946944,0
200,1787750567128,3500,3500,3500,3500,3500,3500,3500,3500,3500,3500,3500,3500,3500,3500,3500,3500,3500,3500,3500,3500,26.723060607910156,0.21828460693359375,50.48743438720703,2.65313720703125,0.26398468017578125,0.15557098388671875,0.29926300048828125,2.74798583984375,0.2805023193359375,2.7181015014648438,0.389068603515625,0.205657958984375,2.3665008544921875,2.7628555297851563,0.2584991455078125,0.2337493896484375,0.25376129150390625,0.302154541015625,29.67266082763672,0.1939849853515625,0,200372.67071533203,211835.74920654297,0,34088599552,2147483648,8152424448,0
200,1787750567329,3500,3500,3500,3500,3500,3500,3500,3500,3500,3500,3500,3500,3500,3500,3500,3500,3500,3500,3500,3500,23.190101623535156,0.34717559814453125,9.964111328125,0.28798675537109375,0.46027374267578125,0.3314666748046875,0.32513427734375,0.39759063720703125,2.8500213623046875,0.41484832763671875,2.6901473999023438,0.31296539306640625,10.604209899902344,0.3477783203125,0.36707305908203125,0.33805084228515625,0.36278533935546875,0.360992431640625,64.880859375,0.2591094970703125,0,200382.0571899414,211843.01593017578,0,34088599552,2147483648,8153673728,0
200,1787750567529,3500,3500,3500,3500,3500,3500,3500,3500,3500,3500,3500,3500,3500,3500,3500,3500,3500,3500,3500,3500,32.640296936035156,0.22723388671875,3.5171890258789063,0.2745361328125,0.266143798828125,2.8176116943359375,0.3319854736328125,0.29216766357421875,0.2106475830078125,0.30600738525390625,0.3469696044921875,2.8107147216796875,16.21881866455078,0.3636016845703125,2.8032760620117188,0.3095550537109375,0.29681396484375,0.3465728759765625,52.692955017089844,0.16349029541015625,0,200389.9140625,211848.73315429688,0,34088599552,2147483648,8153522176,0
200,1787750567729,3500,3500,3500,3500,3500,3500,3500,3500,3500,3500,3500,3500,3500,3500,3500,3500,3500,3500,3500,3500,23.820632934570313,2.8011474609375,57.62455749511719,0.1934661865234375,0.23952484130859375,0.2599334716796875,2.8355789184570313,0.3198089599609375,0.227447509765625,0.28058624267578125,0.25738525390625,0.3308868408203125,8.149658203125,0.374847412109375,0.3029937744140625,2.8272476196289063,0.40982818603515625,0.40863037109375,16.669326782226563,2.7340850830078125,0,200398.54986572266,211855.2677001953,0,34088599552,2147483648,8153522176,0
200,1787750567930,3500,3500,3500,3500,3500,3500,3500,3500,3500,3500,3500,3500,3500,3500,3500,3500,3500,3500,3500,3500,20.568572998046875,0.2445068359375,34.33287048339844,0.17810821533203125,2.8741302490234375,0.15999603271484375,0.24715423583984375,0.222808837890625,0.1967620849609375,0.2650146484375,0.2863616943359375,0.27938079833984375,5.439094543457031,0.25543212890625,0.25104522705078125,0.2370758056640625,2.8133163452148438,2.868743896484375,50.131507873535156,0.13460540771484375,0,200406.54022216797,211861.10772705078,0,34088599552,2147483648,8157859840,0
200,1787750568130,3500,3500,3500,3500,3500,3500,3500,3500,3500,3500,3500,3500,3500,3500,3500,3500,3500,3500,3500,3500,12.94805908203125,0.29697418212890625,59.95029067993164,2.7182693481445313,0.2788543701171875,0.2616729736328125,0.29163360595703125,2.7618026733398438,0.37091827392578125,2.8175735473632813,0.28813934326171875,0.3424072265625,0.3922882080078125,2.8980636596679688,0.30780792236328125,0.3199462890625,0.30925750732421875,0.2959747314453125,35.108314514160156,0.22672271728515625,0,200415.15228271484,211867.69696044922,0,34088599552,2147483648,8158199808,0
200,1787750568330,3500,3500,3500,3500,3500,3500,3500,3500,3500,3500,3500,3500,3500,3500,3500,3500,3500,3500,3500,3500,47.55910110473633,0.250518798828125,40.57820510864258,0.18181610107421875,0.3446044921875,0.27695465087890625,0.26331329345703125,0.24352264404296875,2.7374343872070313,0.28479766845703125,2.7705612182617188,0.24652099609375,2.9376907348632813,0.27425384521484375,0.31207275390625,0.2976837158203125,0.28629302978515625,0.30553436279296875,16.753890991210938,0.1931610107421875,0,200422.5880126953,211873.4482421875,0,34088599552,2147483648,8159109120,0
200,1787750568531,3500,3500,3500,3500,3500,3500,3500,3500,3500,3500,3500,3500,3500,3500,3500,3500,3500,3500,3500,3500,25.69068145751953,0.2300567626953125,48.50497817993164,0.21309661865234375,0.2642364501953125,2.793914794921875,0.2867889404296875,0.20626068115234375,0.250213623046875,0.32096099853515625,0.19738006591796875,2.7565460205078125,7.896636962890625,0.30185699462890625,2.8145217895507813,0.26438140869140625,0.30814361572265625,0.27097320556640625,23.67644500732422,0.21309661865234375,0,200431.3305053711,211879.87432861328,0,34088599552,2147483648,8158781440,0
200,1787750568731,3500,3500,3500,3500,3500,3500,3500,3500,3500,3500,3500,3500,3500,3500,3500,3500,3500,3500,3500,3500,30.345001220703125,2.8011550903320313,38.55907440185547,0.20471954345703125,0.25617218017578125,0.2679595947265625,0.29103851318359375,0.26621246337890625,0.25522613525390625,0.2982330322265625,0.267913818359375,0.31746673583984375,25.206031799316406,0.24648284912109375,3.1713714599609375,2.8126907348632813,0.32086181640625,0.2657623291015625,34.953392028808594,2.8093948364257813,0,200442.6221923828,211888.65789794922,0,34088599552,2147483648,8161357824,0
200,1787750568931,3500,3500,3500,3500,3500,3500,3500,3500,3500,3500,3500,3500,3500,3500,3500,3500,3500,3500,3500,3500,30.664031982421875,0.249847412109375,55.74716567993164,0.20169830322265625,2.7940673828125,0.21866607666015625,2.8021011352539063,0.26412200927734375,0.3443603515625,0.3304901123046875,0.273651123046875,0.32120513916015625,0.6612319946289063,0.42675018310546875,0.35179901123046875,0.323455810546875,2.7838897705078125,2.8021011352539063,19.723342895507813,0.1781463623046875,0,200451.07342529297,211894.97760009766,0,34088599552,2147483648,8161353728,0
200,1787750569132,3500,3500,3500,3500,3500,3500,3500,3500,3500,3500,3500,3500,3500,3500,3500,3500,3500,3500,3500,3500,30.332801818847656,0.24747467041015625,38.19926071166992,2.7329483032226563,0.2895355224609375,0.2545623779296875,0.35170745849609375,0.29038238525390625,0.29607391357421875,2.1915969848632813,0.2932281494140625,0.243682861328125,0.769866943359375,2.9507904052734375,2.2313156127929688,0.40668487548828125,0.319122314453125,0.31951904296875,38.54632568359375,0.19882965087890625,0,200460.03967285156,211901.81610107422,0,34088599552,2147483648,8161390592,0
199,1787750569332,3500,3500,3500,3500,3500,3500,3500,3500,3500,3500,3500,3500,3500,3500,3500,3500,3500,3500,3500,3500,32.85405731201172,0.21971893310546875,25.41424560546875,0.2015380859375,0.5416259765625,0.24309539794921875,0.28079986572265625,2.8103713989257813,2.7272567749023438,0.9018936157226563,2.8340911865234375,0.305572509765625,3.16314697265625,0.37060546875,29.94908905029297,0.2444915771484375,0.2744598388671875,0.30997467041015625,20.298423767089844,0.25742340087890625,0,200470.71520996094,211910.35028076172,0,34088599552,2147483648,8161570816,0
200,1787750569532,3500,3500,3500,3500,3500,3500,3500,3500,3500,3500,3500,3500,3500,3500,3500,3500,3500,3500,3500,3500,29.449241638183594,0.30027008056640625,29.526611328125,0.221405029296875,0.373382568359375,2.9641952514648438,0.38048553466796875,0.30226898193359375,0.25763702392578125,0.30072021484375,0.31391143798828125,2.8625869750976563,8.108383178710938,0.37598419189453125,23.6322021484375,0.2858734130859375,0.3363037109375,0.403076171875,17.366455078125,0.26143646240234375,0,200478.78063964844,211916.29138183594,0,34088599552,2147483648,8161452032,0
200,1787750569732,3500,3500,3500,3500,3500,3500,3500,3500,3500,3500,3500,3500,3500,3500,3500,3500,3500,3500,3500,3500,32.86424255371094,0.26456451416015625,51.677001953125,0.19878387451171875,0.4156951904296875,0.38518524169921875,0.4991607666015625,0.442718505859375,0.30622100830078125,0.29767608642578125,0.3144073486328125,0.2328948974609375,8.235404968261719,0.2700042724609375,2.8071517944335938,2.8356704711914063,0.31230926513671875,0.32684326171875,13.575248718261719,2.768341064453125,0,200486.85217285156,211922.24438476563,0,34088599552,2147483648,8161443840,0
200,1787750569932,3500,3500,3500,3500,3500,3500,3500,3500,3500,3500,3500,3500,3500,3500,3500,3500,3500,3500,3500,3500,27.040054321289063,2.7602996826171875,28.969528198242188,0.199462890625,2.8751907348632813,0.32349395751953125,2.9414291381835938,0.34502410888671875,0.20815277099609375,0.223541259765625,0.30046844482421875,0.29521942138671875,8.479850769042969,0.26869964599609375,0.30426025390625,0.2824859619140625,2.799163818359375,2.7997589111328125,42.26064682006836,0.1959686279296875,0,200495.19830322266,211928.47088623047,0,34088599552,2147483648,8161443840,0
200,1787750570132,3500,3500,3500,3500,3500,3500,3500,3500,3500,3500,3500,3500,3500,3500,3500,3500,3500,3500,3500,3500,39.48451614379883,0.1827239990234375,32.074806213378906,2.7311553955078125,0.3186798095703125,0.25257110595703125,0.2484283447265625,0.218597412109375,0.33696746826171875,0.37139129638671875,0.4551849365234375,0.31768035888671875,5.573188781738281,2.77447509765625,15.962432861328125,0.2442779541015625,0.2655181884765625,0.27330780029296875,18.431365966796875,0.193267822265625,0,200504.58935546875,211935.72241210938,0,34088599552,2147483648,8161824768,0
200,1787750570333,3500,3500,3500,3500,3500,3500,3500,3500,3500,3500,3500,3500,3500,3500,3500,3500,3500,3500,3500,3500,22.9862060546875,0.31671142578125,42.00310516357422,0.22354888916015625,0.2880706787109375,0.2790374755859375,0.28926849365234375,2.8373336791992188,2.8120880126953125,2.7960662841796875,2.8880844116210938,0.3473968505859375,10.605743408203125,0.2705535888671875,0.29610443115234375,0.30483245849609375,0.29730224609375,0.2880706787109375,31.70135498046875,0.22959136962890625,0,200513.6221923828,211942.62481689453,0,34088599552,2147483648,8161890304,0
200,1787750570533,3500,3500,3500,3500,3500,3500,3500,3500,3500,3500,3500,3500,3500,3500,3500,3500,3500,3500,3500,3500,40.46921920776367,0.2147674560546875,54.679039001464844,0.15531158447265625,12.871749877929688,0.49927520751953125,0.252655029296875,0.23728179931640625,1.918365478515625,0.19948577880859375,0.19963836669921875,2.7660903930664063,58.03411102294922,0.21227264404296875,66.02521514892578,0.1471710205078125,15.472854614257813,0.21746063232421875,35.66095733642578,0.15146636962890625,0,200524.25555419922,211950.98236083984,0,34088599552,2147483648,8191496192,0
200,1787750570734,3500,3500,3500,3500,3500,3500,3500,3500,3500,3500,3500,3500,3500,3500,3500,3500,3500,3500,3500,3500,35.62933349609375,0.342620849609375,74.03788757324219,0.3452606201171875,0.8032684326171875,2.8470611572265625,0.487640380859375,0.5383224487304688,0.5576324462890625,0.5696487426757813,0.45416259765625,0.4119110107421875,53.7110481262207,0.3611297607421875,44.93922805786133,2.8622817993164063,52.305397033691406,0.32720184326171875,54.91999053955078,2.8358917236328125,0,200537.98767089844,211962.5980834961,0,34088599552,2147483648,8199393280,0
200,1787750570934,3500,3500,3500,3500,3500,3500,3500,3500,3500,3500,3500,3500,3500,3500,3500,3500,3500,3500,3500,3500,52.2192268371582,2.8237075805664063,21.85413360595703,0.26373291015625,7.884918212890625,0.4696197509765625,22.794174194335938,0.32442474365234375,3.26812744140625,0.37433624267578125,0.28170013427734375,0.40763092041015625,32.88648986816406,0.286590576171875,38.831783294677734,0.26064300537109375,49.240989685058594,2.796112060546875,53.310298919677734,0.24042510986328125,0,200553.6723022461,211976.07696533203,0,34088599552,2147483648,8169598976,0
200,1787750571134,3500,3500,3500,3500,3500,3500,3500,3500,3500,3500,3500,3500,3500,3500,3500,3500,3500,3500,3500,3500,60.7525634765625,0.25101470947265625,18.372901916503906,2.8290176391601563,3.067901611328125,0.24492645263671875,34.930137634277344,0.2603607177734375,1.7008895874023438,0.27588653564453125,0.32413482666015625,0.27069854736328125,6.2520751953125,2.8972396850585938,0.29541778564453125,0.32628631591796875,0.40264892578125,0.417327880859375,23.67723846435547,0.21620941162109375,0,200564.75,211985.0126953125,0,34088599552,2147483648,8168996864,0
200,1787750571335,3500,3500,3500,3500,3500,3500,3500,3500,3500,3500,3500,3500,3500,3500,3500,3500,3500,3500,3500,3500,34.03087615966797,0.26532745361328125,67.35997009277344,0.1699371337890625,1.1290664672851563,0.28697967529296875,0.334625244140625,2.849700927734375,2.7886810302734375,2.760498046875,2.8041000366210938,0.33058929443359375,2.8975982666015625,0.3979949951171875,0.29880523681640625,0.332183837890625,0.42847442626953125,0.41236114501953125,2.5916061401367188,0.2907257080078125,0,200574.01751708984,211992.15045166016,0,34088599552,2147483648,8168992768,0
200,1787750571535,3500,3500,3500,3500,3500,3500,3500,3500,3500,3500,3500,3500,3500,3500,3500,3500,3500,3500,3500,3500,19.579025268554688,0.2174835205078125,61.69295120239258,0.179656982421875,0.23297882080078125,0.252716064453125,0.22577667236328125,0.28244781494140625,0.24806976318359375,0.2045440673828125,0.1849517822265625,2.77117919921875,0.9182662963867188,0.2141876220703125,0.9140167236328125,0.27021026611328125,0.35436248779296875,0.358856201171875,25.595733642578125,0.2034912109375,0,200584.96716308594,212000.9535522461,0,34088599552,2147483648,8168087552,0
200,1787750571735,3500,3500,3500,3500,3500,3500,3500,3500,3500,3500,3500,3500,3500,3500,3500,3500,3500,3500,3500,3500,45.8403434753418,0.25286865234375,32.161109924316406,0.267333984375,0.2801055908203125,2.8005599975585938,0.38007354736328125,0.32819366455078125,0.4749603271484375,0.382568359375,0.5198516845703125,0.3539886474609375,8.283241271972656,0.30524444580078125,2.9137496948242188,2.9192352294921875,0.38486480712890625,0.41414642333984375,17.880813598632813,2.7799072265625,0,200593.57202148438,212007.43334960938,0,34088599552,2147483648,8168062976,0
199,1787750571936,3500,3500,3500,3500,3500,3500,3500,3500,3500,3500,3500,3500,3500,3500,3500,3500,3500,3500,3500,3500,46.218658447265625,2.77392578125,52.72968292236328,0.216217041015625,2.8316497802734375,0.25646209716796875,2.853668212890625,0.2642974853515625,0.37929534912109375,0.3630218505859375,0.5007858276367188,0.34314727783203125,0.5108261108398438,0.29071807861328125,0.2939605712890625,0.341949462890625,0.33914947509765625,2.8614120483398438,10.614433288574219,0.2501220703125,0,200601.00262451172,212012.71936035156,0,34088599552,2147483648,8167038976,0
200,1787750572136,3500,3500,3500,3500,3500,3500,3500,3500,3500,3500,3500,3500,3500,3500,3500,3500,3500,3500,3500,3500,21.535842895507813,0.2178497314453125,20.924530029296875,2.7047958374023438,0.2861175537109375,0.3069610595703125,0.30290985107421875,0.17876434326171875,0.3627777099609375,0.35683441162109375,0.4600372314453125,0.338592529296875,39.06685256958008,2.78985595703125,0.3721771240234375,0.38101959228515625,2.80419921875,0.269622802734375,27.714576721191406,0.1953582763671875,0,200611.09399414063,212020.6807861328,0,34088599552,2147483648,8166809600,0
200,1787750572336,3500,3500,3500,3500,3500,3500,3500,3500,3500,3500,3500,3500,3500,3500,3500,3500,3500,3500,3500,3500,34.02147674560547,0.19602203369140625,44.826480865478516,0.16085052490234375,0.2611846923828125,0.21421051025390625,0.21551513671875,2.8187637329101563,2.9495315551757813,2.96966552734375,2.9992446899414063,0.3916015625,3.1854782104492188,0.34763336181640625,0.44991302490234375,0.471954345703125,0.30326080322265625,0.35472869873046875,26.688682556152344,0.1833343505859375,0,200619.67895507813,212027.1444091797,0,34088599552,2147483648,8167059456,0
200,1787750572536,3500,3500,3500,3500,3500,3500,3500,3500,3500,3500,3500,3500,3500,3500,3500,3500,3500,3500,3500,3500,47.04507064819336,0.282806396484375,18.912216186523438,0.27925872802734375,0.299530029296875,0.2955322265625,0.292236328125,0.36362457275390625,0.40425872802734375,0.48563385009765625,0.5393447875976563,2.90380859375,8.319908142089844,0.33068084716796875,0.5471878051757813,0.5590133666992188,0.4065093994140625,0.43102264404296875,31.690231323242188,0.22010040283203125,0,200628.71313476563,212034.03411865234,0,34088599552,2147483648,8167022592,0
200,1787750572736,3500,3500,3500,3500,3500,3500,3500,3500,3500,3500,3500,3500,3500,3500,3500,3500,3500,3500,3500,3500,39.5285530090332,0.227783203125,40.88859558105469,0.2022552490234375,0.3603057861328125,2.8360214233398438,0.241668701171875,0.2095489501953125,0.286773681640625,0.28672027587890625,0.2748870849609375,0.2723388671875,0.2975616455078125,0.29901123046875,2.9851760864257813,2.9700927734375,0.4081573486328125,0.4087066650390625,24.582191467285156,2.6659317016601563,0,200637.75,212040.95379638672,0,34088599552,2147483648,8167088128,0
200,1787750572936,3500,3500,3500,3500,3500,3500,3500,3500,3500,3500,3500,3500,3500,3500,3500,3500,3500,3500,3500,3500,44.4966926574707,2.7826690673828125,19.784584045410156,0.224273681640625,3.3185577392578125,0.30596923828125,2.8617172241210938,0.2559814453125,0.29168701171875,0.27276611328125,0.2751617431640625,0.3088226318359375,1.0890579223632813,0.38123321533203125,6.30157470703125,0.397857666015625,0.34912109375,2.8815460205078125,40.67540740966797,0.2294158935546875,0,200646.46966552734,212047.5263671875,0,34088599552,2147483648,8167157760,0
200,1787750573137,3500,3500,3500,3500,3500,3500,3500,3500,3500,3500,3500,3500,3500,3500,3500,3500,3500,3500,3500,3500,51.77783203125,0.152557373046875,12.410545349121094,2.708831787109375,0.281280517578125,0.198944091796875,0.2235260009765625,0.23834228515625,0.2865142822265625,0.23958587646484375,0.30342864990234375,0.22263336181640625,0.7967147827148438,2.7676315307617188,0.26985931396484375,0.2532501220703125,2.7480316162109375,0.27300262451171875,44.312355041503906,0.11640167236328125,0,200655.74188232422,212054.6664428711,0,34088599552,2147483648,8167157760,0
200,1787750573337,3500,3500,3500,3500,3500,3500,3500,3500,3500,3500,3500,3500,3500,3500,3500,3500,3500,3500,3500,3500,26.160186767578125,0.26372528076171875,22.084022521972656,0.304901123046875,0.30280303955078125,0.2630767822265625,0.23079681396484375,2.8626174926757813,2.840179443359375,2.7602310180664063,2.752288818359375,0.3185882568359375,41.73668670654297,0.27062225341796875,17.768959045410156,0.28610992431640625,1.5356369018554688,0.30609893798828125,12.94183349609375,0.21630859375,0,200665.9248046875,212062.701171875,0,34088599552,2147483648,8167157760,0
200,1787750573537,3500,3500,3500,3500,3500,3500,3500,3500,3500,3500,3500,3500,3500,3500,3500,3500,3500,3500,3500,3500,19.15374755859375,0.2994537353515625,76.59384155273438,0.17351531982421875,0.34197998046875,0.32424163818359375,0.2409820556640625,0.26706695556640625,0.359222412109375,0.346527099609375,0.3373870849609375,0.27581787109375,0.345977783203125,0.3110504150390625,0.32228851318359375,0.31969451904296875,0.3604736328125,0.3695220947265625,10.7117919921875,0.25617218017578125,0,200675.33044433594,212069.98699951172,0,34088599552,2147483648,8167276544,0
200,1787750573738,3500,3500,3500,3500,3500,3500,3500,3500,3500,3500,3500,3500,3500,3500,3500,3500,3500,3500,3500,3500,30.52568817138672,0.27544403076171875,60.94424819946289,0.21105194091796875,0.2912139892578125,2.8544998168945313,0.28497314453125,0.258819580078125,0.35216522216796875,0.33484649658203125,0.28597259521484375,2.834136962890625,3.3626556396484375,0.2971038818359375,2.8833541870117188,2.836181640625,0.4065704345703125,0.42868804931640625,12.708213806152344,2.7636032104492188,0,200684.74096679688,212077.25384521484,0,34088599552,2147483648,8167464960,0
200,1787750573938,3500,3500,3500,3500,3500,3500,3500,3500,3500,3500,3500,3500,3500,3500,3500,3500,3500,3500,3500,3500,37.053035736083984,2.774658203125,31.289833068847656,0.2489776611328125,2.8068923950195313,0.225372314453125,2.7995071411132813,0.2336578369140625,0.33391571044921875,0.23105621337890625,0.28595733642578125,0.301971435546875,7.956962585449219,0.29264068603515625,0.31140899658203125,0.2930908203125,0.36345672607421875,2.9189300537109375,32.92012023925781,0.192779541015625,0,200694.36309814453,212084.90338134766,0,34088599552,2147483648,8167464960,0
200,1787750574138,3500,3500,3500,3500,3500,3500,3500,3500,3500,3500,3500,3500,3500,3500,3500,3500,3500,3500,3500,3500,44.01814270019531,0.233856201171875,32.33180236816406,2.74249267578125,0.311859130859375,0.2649383544921875,0.29752349853515625,0.23775482177734375,0.23050689697265625,0.2540435791015625,0.2616424560546875,0.31920623779296875,8.773345947265625,2.7996597290039063,0.29752349853515625,0.28812408447265625,2.896148681640625,0.382171630859375,24.122314453125,0.19133758544921875,0,200703.42584228516,212091.68145751953,0,34088599552,2147483648,8167727104,0
200,1787750574338,3500,3500,3500,3500,3500,3500,3500,3500,3500,3500,3500,3500,3500,3500,3500,3500,3500,3500,3500,3500,38.80940628051758,0.2021636962890625,30.107704162597656,0.18933868408203125,1.5661544799804688,0.3265228271484375,0.2683868408203125,2.8178558349609375,2.7532806396484375,2.8016891479492188,2.7712020874023438,0.30651092529296875,9.4591064453125,0.26828765869140625,0.341400146484375,0.33141326904296875,0.387908935546875,0.3912506103515625,29.1268310546875,0.21923065185546875,0,200711.72033691406,212098.39141845703,0,34088599552,2147483648,8167727104,0
200,1787750574539,3500,3500,3500,3500,3500,3500,3500,3500,3500,3500,3500,3500,3500,3500,3500,3500,3500,3500,3500,3500,44.89451599121094,0.24086761474609375,33.98753356933594,0.2032623291015625,0.2908935546875,0.375640869140625,0.2851104736328125,0.2810211181640625,0.255279541015625,0.28281402587890625,0.25827789306640625,0.3416748046875,8.011184692382813,0.28166961669921875,0.30561065673828125,0.30730438232421875,0.405517578125,0.420135498046875,21.12084197998047,0.246856689453125,0,200720.21838378906,212104.4949951172,0,34088599552,2147483648,8168022016,0
200,1787750574739,3500,3500,3500,3500,3500,3500,3500,3500,3500,3500,3500,3500,3500,3500,3500,3500,3500,3500,3500,3500,39.47750473022461,0.27289581298828125,46.23874282836914,0.16237640380859375,0.49437713623046875,2.9115982055664063,0.40718841552734375,0.4884796142578125,0.28643035888671875,0.255859375,0.2260284423828125,2.739227294921875,0.5802078247070313,0.361175537109375,2.7819976806640625,0.27838897705078125,0.371368408203125,0.386260986328125,18.79449462890625,2.7887954711914063,0,200729.34283447266,212111.20446777344,0,34088599552,2147483648,8168022016,0
200,1787750574939,3500,3500,3500,3500,3500,3500,3500,3500,3500,3500,3500,3500,3500,3500,3500,3500,3500,3500,3500,3500,35.435096740722656,2.8052139282226563,40.78133010864258,0.22240447998046875,0.3797149658203125,0.336181640625,2.9551315307617188,0.43477630615234375,0.3618927001953125,0.43822479248046875,0.32878875732421875,0.425140380859375,13.786033630371094,0.36258697509765625,0.28515625,2.8292236328125,0.39743804931640625,2.91754150390625,19.580917358398438,0.20717620849609375,0,200737.79913330078,212117.53845214844,0,34088599552,2147483648,8168005632,0
200,1787750575140,3500,3500,3500,3500,3500,3500,3500,3500,3500,3500,3500,3500,3500,3500,3500,3500,3500,3500,3500,3500,26.430496215820313,0.21295928955078125,52.15660858154297,2.6878890991210938,2.8502197265625,0.2984161376953125,0.225982666015625,0.2409515380859375,0.341217041015625,0.46688079833984375,0.3762359619140625,0.408660888671875,2.5287551879882813,2.8213882446289063,0.813140869140625,0.27187347412109375,2.79833984375,0.29502105712890625,28.5745849609375,0.178741455078125,0,200746.87939453125,212124.4649658203,0,34088599552,2147483648,8168390656,0
200,1787750575340,3500,3500,3500,3500,3500,3500,3500,3500,3500,3500,3500,3500,3500,3500,3500,3500,3500,3500,3500,3500,22.869239807128906,0.341064453125,60.68983459472656,0.2596435546875,0.38027191162109375,0.30904388427734375,0.3575439453125,2.84307861328125,2.9264450073242188,2.9681549072265625,2.9256973266601563,0.392059326171875,2.8992233276367188,0.34820556640625,0.3451080322265625,0.34085845947265625,0.350799560546875,0.37442779541015625,19.703933715820313,0.29755401611328125,0,200754.9453125,212130.4091796875,0,34088599552,2147483648,8168390656,0
200,1787750575541,3500,3500,3500,3500,3500,3500,3500,3500,3500,3500,3500,3500,3500,3500,3500,3500,3500,3500,3500,3500,18.639328002929688,0.2465362548828125,67.55437469482422,0.15920257568359375,0.3319244384765625,0.1694793701171875,0.27716064453125,0.289031982421875,0.3291778564453125,0.282745361328125,0.19112396240234375,0.31571197509765625,8.075454711914063,0.30194854736328125,0.28409576416015625,0.29526519775390625,0.34523773193359375,0.38285064697265625,11.581436157226563,0.18070220947265625,0,200763.85778808594,212137.201171875,0,34088599552,2147483648,8168271872,0
202,1787750575741,3500,3500,3500,3500,3500,3500,3500,3500,3500,3500,3500,3500,3500,3500,3500,3500,3500,3500,3500,3500,49.73227310180664,0.1862945556640625,36.6347770690918,0.22423553466796875,0.2895965576171875,2.7514266967773438,0.32584381103515625,0.2488555908203125,0.26378631591796875,0.30931854248046875,0.27901458740234375,2.715576171875,8.730262756347656,0.31865692138671875,2.8207321166992188,0.30272674560546875,0.39824676513671875,0.418365478515625,9.354843139648438,2.768402099609375,0,200772.09197998047,212143.29669189453,0,34088599552,2147483648,8168271872,0
200,1787750575943,3500,3500,3500,3500,3500,3500,3500,3500,3500,3500,3500,3500,3500,3500,3500,3500,3500,3500,3500,3500,17.56450653076172,2.6784820556640625,32.948524475097656,0.1273193359375,0.7296829223632813,0.155609130859375,2.7501068115234375,0.20645904541015625,0.13681793212890625,0.18498992919921875,0.2053680419921875,0.16229248046875,7.791801452636719,0.19696044921875,0.23717498779296875,2.6683425903320313,0.27561187744140625,2.7889404296875,53.05885696411133,0.09690093994140625,0,200781.26440429688,212150.31024169922,0,34088599552,2147483648,8168534016,0
200,1787750576143,3500,3500,3500,3500,3500,3500,3500,3500,3500,3500,3500,3500,3500,3500,3500,3500,3500,3500,3500,3500,40.25637435913086,0.3482513427734375,20.93958282470703,2.8563766479492188,2.9402542114257813,0.38959503173828125,0.38999176025390625,0.368621826171875,0.36557769775390625,0.3852996826171875,0.37911224365234375,0.39858245849609375,24.467750549316406,2.869659423828125,0.43582916259765625,0.37271881103515625,3.0075607299804688,0.48041534423828125,25.957069396972656,0.35599517822265625,0,200789.87353515625,212156.7748413086,0,34088599552,2147483648,8168534016,0
200,1787750576343,3500,3500,3500,3500,3500,3500,3500,3500,3500,3500,3500,3500,3500,3500,3500,3500,3500,3500,3500,3500,26.859779357910156,0.2812042236328125,33.22362518310547,0.21538543701171875,0.26351165771484375,0.279052734375,0.28894805908203125,2.7963714599609375,2.7668914794921875,2.85064697265625,2.8016738891601563,0.2249298095703125,0.3021392822265625,0.31398773193359375,0.3936920166015625,0.3929901123046875,0.41608428955078125,0.39249420166015625,43.4071044921875,0.23467254638671875,0,200798.96551513672,212163.74114990234,0,34088599552,2147483648,8168534016,0
200,1787750576544,3500,3500,3500,3500,3500,3500,3500,3500,3500,3500,3500,3500,3500,3500,3500,3500,3500,3500,3500,3500,22.512664794921875,0.27660369873046875,54.319435119628906,0.20291900634765625,0.44757843017578125,0.26407623291015625,0.270660400390625,0.35068511962890625,0.3761444091796875,0.273406982421875,0.25653839111328125,0.20342254638671875,10.590110778808594,0.26801300048828125,0.42665863037109375,0.403350830078125,0.3248748779296875,0.35497283935546875,23.94379425048828,0.239013671875,0,200807.95208740234,212170.6078491211,0,34088599552,2147483648,8168763392,0
199,1787750576744,3500,3500,3500,3500,3500,3500,3500,3500,3500,3500,3500,3500,3500,3500,3500,3500,3500,3500,3500,3500,29.24535369873047,0.2581024169921875,25.8759765625,0.25095367431640625,0.3566436767578125,2.8961105346679688,0.43439483642578125,0.392822265625,0.29567718505859375,0.24735260009765625,0.33370208740234375,2.806610107421875,27.890945434570313,0.25334930419921875,2.9134445190429688,0.42949676513671875,0.313018798828125,0.3017730712890625,22.10662841796875,2.7752304077148438,0,200816.53485107422,212177.04913330078,0,34088599552,2147483648,8168767488,0
200,1787750576944,3500,3500,3500,3500,3500,3500,3500,3500,3500,3500,3500,3500,3500,3500,3500,3500,3500,3500,3500,3500,36.96519470214844,2.7665786743164063,45.14778137207031,0.2299957275390625,0.3724822998046875,0.34178924560546875,2.9448471069335938,0.31630706787109375,0.190216064453125,0.34423828125,0.263031005859375,0.31745147705078125,4.5550537109375,0.410064697265625,0.26622772216796875,2.8101043701171875,0.29016876220703125,2.8208541870117188,21.05451202392578,0.21010589599609375,0,200826.14044189453,212184.52447509766,0,34088599552,2147483648,8168767488,0
200,1787750577144,3500,3500,3500,3500,3500,3500,3500,3500,3500,3500,3500,3500,3500,3500,3500,3500,3500,3500,3500,3500,29.65484619140625,0.21332550048828125,51.06938171386719,2.7254409790039063,2.9620361328125,0.2837982177734375,0.46405792236328125,0.3324432373046875,0.3824920654296875,0.4683990478515625,0.41405487060546875,0.5012664794921875,1.2511138916015625,3.0142822265625,0.29099273681640625,0.283599853515625,2.8050537109375,0.26566314697265625,30.359291076660156,0.19948577880859375,0,200836.0830078125,212192.3526611328,0,34088599552,2147483648,8168730624,0
199,1787750577345,3500,3500,3500,3500,3500,3500,3500,3500,3500,3500,3500,3500,3500,3500,3500,3500,3500,3500,3500,3500,29.723648071289063,0.2318572998046875,40.44625473022461,0.1903533935546875,1.0469970703125,0.34055328369140625,0.3500823974609375,2.9257354736328125,2.8862838745117188,2.9632492065429688,2.9546737670898438,0.42246246337890625,1.0029449462890625,0.4835662841796875,0.2985992431640625,0.2975006103515625,0.3964691162109375,0.3441925048828125,37.022830963134766,0.2277679443359375,0,200845.1146850586,212199.24676513672,0,34088599552,2147483648,8169123840,0
200,1787750577545,3500,3500,3500,3500,3500,3500,3500,3500,3500,3500,3500,3500,3500,3500,3500,3500,3500,3500,3500,3500,33.50025939941406,0.2602081298828125,25.807327270507813,0.2469635009765625,0.32024383544921875,0.2924041748046875,0.342987060546875,0.22727203369140625,0.40576171875,0.3836669921875,0.36197662353515625,0.392669677734375,10.851608276367188,0.317840576171875,6.0725860595703125,0.32659149169921875,0.40876007080078125,0.39936065673828125,36.2520751953125,0.2229766845703125,0,200855.3286743164,212207.32720947266,0,34088599552,2147483648,8169238528,0
199,1787750577745,3500,3500,3500,3500,3500,3500,3500,3500,3500,3500,3500,3500,3500,3500,3500,3500,3500,3500,3500,3500,38.400638580322266,0.20536041259765625,25.307594299316406,0.20735931396484375,0.22029876708984375,2.80133056640625,0.2956085205078125,0.2359771728515625,0.2847747802734375,0.36832427978515625,0.3011016845703125,2.8787918090820313,0.5037689208984375,0.41422271728515625,4.927879333496094,0.38555908203125,0.44364166259765625,0.3797607421875,38.07136917114258,2.7191238403320313,0,200864.20245361328,212214.08282470703,0,34088599552,2147483648,8169213952,0
199,1787750577945,3500,3500,3500,3500,3500,3500,3500,3500,3500,3500,3500,3500,3500,3500,3500,3500,3500,3500,3500,3500,26.47154998779297,2.792510986328125,39.26871109008789,0.17012786865234375,1.0681991577148438,0.2627410888671875,2.7992630004882813,0.246795654296875,0.43011474609375,0.25159454345703125,0.28498077392578125,0.20416259765625,4.394683837890625,0.41192626953125,0.39388275146484375,2.9308013916015625,0.309967041015625,0.285430908203125,37.325286865234375,0.1389923095703125,0,200873.71990966797,212221.46215820313,0,34088599552,2147483648,8169189376,0
200,1787750578145,3500,3500,3500,3500,3500,3500,3500,3500,3500,3500,3500,3500,3500,3500,3500,3500,3500,3500,3500,3500,53.310218811035156,0.201873779296875,60.480751037597656,2.0424346923828125,8.22235107421875,0.206268310546875,0.2644805908203125,0.2155609130859375,0.37610626220703125,0.2183074951171875,0.30825042724609375,0.29190826416015625,25.80463409423828,2.8199844360351563,1.3761138916015625,0.3907012939453125,3.0347976684570313,2.8200836181640625,44.92007064819336,0.18488311767578125,0,200883.70526123047,212229.2674560547,0,34088599552,2147483648,8177512448,0
199,1787750578345,3500,3500,3500,3500,3500,3500,3500,3500,3500,3500,3500,3500,3500,3500,3500,3500,3500,3500,3500,3500,54.972572326660156,0.18122100830078125,69.0660629272461,0.709442138671875,0.204498291015625,0.17302703857421875,0.14275360107421875,2.7236709594726563,2.7131805419921875,2.7243728637695313,2.6799163818359375,0.134765625,0.3911590576171875,0.212188720703125,0.26873016357421875,0.28002166748046875,0.1817169189453125,0.21338653564453125,30.831939697265625,0.1446533203125,0,200893.6460571289,212237.47521972656,0,34088599552,2147483648,8185110528,0
200,1787750578546,3500,3500,3500,3500,3500,3500,3500,3500,3500,3500,3500,3500,3500,3500,3500,3500,3500,3500,3500,3500,26.44750213623047,0.39682769775390625,53.10248565673828,1.1756973266601563,4.763908386230469,1.3005599975585938,1.3363723754882813,1.235931396484375,1.8420791625976563,1.2340850830078125,1.338470458984375,1.2964630126953125,32.11940002441406,0.326904296875,0.45656585693359375,0.36341094970703125,0.40651702880859375,0.40377044677734375,33.771034240722656,0.355072021484375,0,200904.51849365234,212245.7353515625,0,34088599552,2147483648,8186138624,0
200,1787750578746,3500,3500,3500,3500,3500,3500,3500,3500,3500,3500,3500,3500,3500,3500,3500,3500,3500,3500,3500,3500,34.33990478515625,0.204986572265625,57.63874435424805,0.20528411865234375,0.42535400390625,2.7672271728515625,0.24353790283203125,0.2300567626953125,0.2736968994140625,0.24208831787109375,0.258270263671875,2.8653564453125,18.58258056640625,0.257568359375,7.41802978515625,0.27289581298828125,4.866020202636719,0.25617218017578125,40.37556457519531,2.7451553344726563,0,200915.86657714844,212254.83868408203,0,34088599552,2147483648,8187535360,0
200,1787750578946,3500,3500,3500,3500,3500,3500,3500,3500,3500,3500,3500,3500,3500,3500,3500,3500,3500,3500,3500,3500,17.733551025390625,2.9852294921875,37.585689544677734,0.2738800048828125,1.804290771484375,0.3064117431640625,2.8978652954101563,0.28894805908203125,0.32886505126953125,0.32572174072265625,0.40201568603515625,0.38150787353515625,18.4505615234375,0.325225830078125,2.4473495483398438,2.845672607421875,0.4593963623046875,0.31813812255859375,33.56207275390625,0.27806854248046875,0,200926.18328857422,212262.95483398438,0,34088599552,2147483648,8192016384,0
200,1787750579146,3500,3500,3500,3500,3500,3500,3500,3500,3500,3500,3500,3500,3500,3500,3500,3500,3500,3500,3500,3500,33.986541748046875,0.2651519775390625,49.08159637451172,0.21953582763671875,2.851837158203125,0.2933807373046875,0.294677734375,0.313812255859375,0.2701416015625,0.30861663818359375,0.388153076171875,0.27059173583984375,16.2066650390625,0.6344680786132813,7.969505310058594,0.24576568603515625,2.8042755126953125,2.8729705810546875,52.03895568847656,0.19060516357421875,0,200936.54364013672,212271.1075439453,0,34088599552,2147483648,8192036864,0
200,1787750579347,3500,3500,3500,3500,3500,3500,3500,3500,3500,3500,3500,3500,3500,3500,3500,3500,3500,3500,3500,3500,29.997215270996094,0.25351715087890625,37.83756637573242,2.720794677734375,4.0418701171875,0.231353759765625,0.18808746337890625,2.8005905151367188,5.655082702636719,2.8818893432617188,2.9014968872070313,0.41730499267578125,16.876312255859375,2.3745040893554688,0.409515380859375,0.3148956298828125,0.32378387451171875,0.270782470703125,72.64293670654297,0.1471710205078125,0,200948.07452392578,212280.46630859375,0,34088599552,2147483648,8192417792,0
199,1787750579547,3500,3500,3500,3500,3500,3500,3500,3500,3500,3500,3500,3500,3500,3500,3500,3500,3500,3500,3500,3500,68.40646362304688,0.2496185302734375,44.37327575683594,0.24762725830078125,0.6111221313476563,0.35491180419921875,0.28961181640625,0.271636962890625,0.2277069091796875,0.32860565185546875,0.33294677734375,0.3618011474609375,59.225624084472656,0.24523162841796875,34.60687255859375,0.3260040283203125,0.720306396484375,0.32500457763671875,48.89532470703125,0.2229156494140625,0,200961.33837890625,212291.7684326172,0,34088599552,2147483648,8195035136,0
200,1787750579747,3500,3500,3500,3500,3500,3500,3500,3500,3500,3500,3500,3500,3500,3500,3500,3500,3500,3500,3500,3500,17.493911743164063,0.2899932861328125,26.51300048828125,0.28934478759765625,2.9390487670898438,2.8211441040039063,0.32563018798828125,0.330780029296875,0.36472320556640625,0.288848876953125,0.3518218994140625,2.9026641845703125,13.897499084472656,0.324188232421875,3.6270599365234375,0.29334259033203125,0.3358306884765625,0.34302520751953125,32.10015869140625,0.280853271484375,0,200970.98114013672,212299.09301757813,0,34088599552,2147483648,8196292608,0
200,1787750579947,3500,3500,3500,3500,3500,3500,3500,3500,3500,3500,3500,3500,3500,3500,3500,3500,3500,3500,3500,3500,6.5766754150390625,2.8998184204101563,25.054901123046875,0.22968292236328125,2.0056076049804688,0.29813385009765625,2.9171524047851563,0.2202911376953125,0.33795928955078125,0.34964752197265625,0.4096527099609375,0.42889404296875,8.922935485839844,0.283843994140625,0.3266143798828125,2.8060836791992188,0.30108642578125,0.27739715576171875,28.53319549560547,2.745025634765625,0,200979.50482177734,212305.34887695313,0,34088599552,2147483648,8197341184,0
200,1787750580148,3500,3500,3500,3500,3500,3500,3500,3500,3500,3500,3500,3500,3500,3500,3500,3500,3500,3500,3500,3500,13.004722595214844,0.26369476318359375,26.053329467773438,0.25266265869140625,26.664443969726563,0.29430389404296875,0.31841278076171875,0.310028076171875,0.46923065185546875,0.499237060546875,0.5214996337890625,0.5307388305664063,15.164772033691406,0.26753997802734375,3.4402923583984375,0.27892303466796875,2.8802490234375,2.8045120239257813,38.12821960449219,0.22470855712890625,0,200988.85955810547,212312.96069335938,0,34088599552,2147483648,8199995392,0
200,1787750580348,3500,3500,3500,3500,3500,3500,3500,3500,3500,3500,3500,3500,3500,3500,3500,3500,3500,3500,3500,3500,7.9533843994140625,0.34975433349609375,24.60718536376953,2.718505859375,0.47969818115234375,0.23972320556640625,0.26922607421875,2.760040283203125,0.3827056884765625,2.9449539184570313,3.0043563842773438,0.4269866943359375,15.6590576171875,2.740020751953125,0.7979507446289063,0.294891357421875,0.41844940185546875,0.25579833984375,29.68860626220703,0.19225311279296875,0,200999.3907470703,212320.6167602539,0,34088599552,2147483648,8201670656,0
200,1787750580548,3500,3500,3500,3500,3500,3500,3500,3500,3500,3500,3500,3500,3500,3500,3500,3500,3500,3500,3500,3500,8.20806884765625,0.29656219482421875,16.323287963867188,0.1876983642578125,16.253334045410156,0.24198150634765625,0.27231597900390625,0.24237823486328125,2.806488037109375,0.24103546142578125,0.322113037109375,0.27496337890625,19.703895568847656,0.26587677001953125,0.402587890625,0.308837890625,0.39694976806640625,0.35993194580078125,24.743850708007813,0.2076568603515625,0,201008.0958251953,212327.0927734375,0,34088599552,2147483648,8203005952,0
200,1787750580749,3500,3500,3500,3500,3500,3500,3500,3500,3500,3500,3500,3500,3500,3500,3500,3500,3500,3500,3500,3500,11.427406311035156,0,39.528076171875,0,0.6209487915039063,2.3737411499023438,0,0,0,0,0.05390167236328125,2.542694091796875,0,0,2.401641845703125,0,0,0,29.574356079101563,0,0,201018.26470947266,212335.0277709961,0,34088599552,2147483648,8201236480,0
200,1787750580949,3500,3500,3500,3500,3500,3500,3500,3500,3500,3500,3500,3500,3500,3500,3500,3500,3500,3500,3500,3500,17.797462463378906,3.2831573486328125,45.850955963134766,0.6830520629882813,4.231834411621094,0.7153244018554688,3.3233566284179688,0.7544708251953125,0.7714309692382813,0.7935714721679688,0.8137664794921875,0.7902297973632813,0.9847793579101563,0.7555694580078125,0.733428955078125,3.2989654541015625,0.74688720703125,0.766937255859375,31.124595642089844,3.1959304809570313,0,201026.25225830078,212340.79364013672,0,34088599552,2147483648,8203587584,0
200,1787750581149,3500,3500,3500,3500,3500,3500,3500,3500,3500,3500,3500,3500,3500,3500,3500,3500,3500,3500,3500,3500,16.149307250976563,0.27518463134765625,42.23591995239258,0.19775390625,3.8637847900390625,0.282623291015625,0.26763916015625,0.217987060546875,0.25205230712890625,0.26284027099609375,0.2468109130859375,0.326934814453125,26.913009643554688,0.2491607666015625,1.5825576782226563,0.22967529296875,2.7706985473632813,2.7681045532226563,32.056495666503906,0.1630401611328125,0,201036.2108154297,212348.53759765625,0,34088599552,2147483648,8204169216,0
199,1787750581350,3500,3500,3500,3500,3500,3500,3500,3500,3500,3500,3500,3500,3500,3500,3500,3500,3500,3500,3500,3500,9.780876159667969,0.40415191650390625,43.293907165527344,2.8005218505859375,1.0565567016601563,0.35233306884765625,0.434173583984375,2.8493423461914063,0.37816619873046875,2.8757247924804688,0.43267822265625,0.332489013671875,16.78771209716797,2.9045028686523438,1.3390655517578125,0.32111358642578125,0.393280029296875,0.40399932861328125,43.31285858154297,0.28790283203125,0,201044.70086669922,212354.81536865234,0,34088599552,2147483648,8204947456,0
200,1787750581550,3500,3500,3500,3500,3500,3500,3500,3500,3500,3500,3500,3500,3500,3500,3500,3500,3500,3500,3500,3500,15.532112121582031,0.2947540283203125,27.34283447265625,0.2208404541015625,0.7032470703125,0.27706146240234375,0.30319976806640625,0.29540252685546875,2.8773574829101563,0.3529205322265625,2.9163894653320313,0.35607147216796875,14.55780029296875,0.28600311279296875,0.7614212036132813,0.49425506591796875,0.284759521484375,0.35262298583984375,36.09479904174805,0.2346343994140625,0,201053.01232910156,212360.89013671875,0,34088599552,2147483648,8205918208,0
200,1787750581750,3500,3500,3500,3500,3500,3500,3500,3500,3500,3500,3500,3500,3500,3500,3500,3500,3500,3500,3500,3500,4.3547210693359375,0.39743804931640625,35.75502014160156,0.2225341796875,0.403076171875,2.7949371337890625,0.34796142578125,0.31589508056640625,0.34601593017578125,0.30791473388671875,0.338836669921875,2.8554306030273438,0.6385726928710938,0.35340118408203125,3.054229736328125,0.5072097778320313,0.36586761474609375,0.375640869140625,47.38108825683594,0.22742462158203125,0,201062.9644165039,212368.66827392578,0,34088599552,2147483648,8208179200,0
200,1787750581951,3500,3500,3500,3500,3500,3500,3500,3500,3500,3500,3500,3500,3500,3500,3500,3500,3500,3500,3500,3500,18.07672882080078,2.8177413940429688,40.7612419128418,0.20865631103515625,10.0670166015625,0.9841232299804688,2.8254318237304688,0.27819061279296875,7.735862731933594,0.227325439453125,0.27639007568359375,0.3168792724609375,18.255279541015625,0.26755523681640625,0.33170318603515625,2.823883056640625,0.3134307861328125,0.29421234130859375,29.950157165527344,2.7321853637695313,0,201073.01135253906,212376.4907836914,0,34088599552,2147483648,8213528576,0
200,1787750582151,3500,3500,3500,3500,3500,3500,3500,3500,3500,3500,3500,3500,3500,3500,3500,3500,3500,3500,3500,3500,16.082847595214844,0.2745208740234375,41.537193298339844,0.23760223388671875,11.837936401367188,0.283447265625,0.29207611083984375,0.274566650390625,9.161529541015625,0.2198944091796875,0.26943206787109375,0.27646636962890625,4.712188720703125,0.25072479248046875,0.277313232421875,0.308441162109375,2.8181838989257813,2.7861099243164063,32.03704071044922,0.22797393798828125,0,201081.73748779297,212382.94580078125,0,34088599552,2147483648,8212451328,0
200,1787750582352,3500,3500,3500,3500,3500,3500,3500,3500,3500,3500,3500,3500,3500,3500,3500,3500,3500,3500,3500,3500,17.13964080810547,0.2901458740234375,53.87723922729492,2.72320556640625,0.5490493774414063,0.36322021484375,0.3309783935546875,0.32004547119140625,0.2775726318359375,2.8416976928710938,0.27158355712890625,0.3101654052734375,0.33477020263671875,2.81195068359375,0.29998016357421875,0.26708984375,0.31096649169921875,0.266937255859375,35.23249053955078,0.206695556640625,0,201090.85961914063,212389.8896484375,0,34088599552,2147483648,8210780160,0
200,1787750582552,3500,3500,3500,3500,3500,3500,3500,3500,3500,3500,3500,3500,3500,3500,3500,3500,3500,3500,3500,3500,7.706695556640625,0.32269287109375,34.882469177246094,0.2559051513671875,0.737396240234375,0.36614990234375,0.28757476806640625,2.8288040161132813,2.8309478759765625,0.32788848876953125,2.8342437744140625,0.34052276611328125,7.0216522216796875,0.2912750244140625,0.41350555419921875,0.38677978515625,0.35730743408203125,0.30815887451171875,50.27473831176758,0.22093963623046875,0,201100.52532958984,212397.32293701172,0,34088599552,2147483648,8211374080,0
200,1787750582752,3500,3500,3500,3500,3500,3500,3500,3500,3500,3500,3500,3500,3500,3500,3500,3500,3500,3500,3500,3500,9.055877685546875,0.3007049560546875,34.94581604003906,0.19658660888671875,0.118408203125,2.817138671875,0.25896453857421875,0.21903228759765625,0.2713623046875,0.32694244384765625,0.36357879638671875,2.8424301147460938,15.553672790527344,0.23382568359375,0.9363937377929688,0.26840972900390625,0.2486724853515625,0.26906585693359375,23.27342987060547,0.1742401123046875,0,201109.31060791016,212403.89453125,0,34088599552,2147483648,8211701760,0
200,1787750582952,3500,3500,3500,3500,3500,3500,3500,3500,3500,3500,3500,3500,3500,3500,3500,3500,3500,3500,3500,3500,13.237586975097656,2.8875503540039063,45.302978515625,0.2225494384765625,2.7014694213867188,0.2694549560546875,0.36057281494140625,0.27150726318359375,0.3828582763671875,0.40423583984375,0.534515380859375,0.3885498046875,14.177391052246094,0.2991790771484375,2.1824874877929688,2.853179931640625,0.32880401611328125,0.33040618896484375,27.404388427734375,2.7677078247070313,0,201118.54125976563,212410.92950439453,0,34088599552,2147483648,8216244224,0
200,1787750583152,3500,3500,3500,3500,3500,3500,3500,3500,3500,3500,3500,3500,3500,3500,3500,3500,3500,3500,3500,3500,11.573066711425781,0.35527801513671875,37.115413665771484,0.26314544677734375,3.42578125,0.2919769287109375,2.8697052001953125,0.2619476318359375,0.499267578125,0.39369964599609375,0.5282440185546875,0.4026947021484375,14.6171875,0.27423858642578125,0.739288330078125,0.31955718994140625,2.8655624389648438,2.8225479125976563,34.928680419921875,0.20789337158203125,0,201127.4022216797,212417.58361816406,0,34088599552,2147483648,8211005440,0
200,1787750583353,3500,3500,3500,3500,3500,3500,3500,3500,3500,3500,3500,3500,3500,3500,3500,3500,3500,3500,3500,3500,6.8893585205078125,0.5649261474609375,20.83307647705078,2.7433319091796875,0.32022857666015625,0.2266693115234375,0.30899810791015625,0.27320098876953125,0.6710205078125,0.37889862060546875,0.48413848876953125,0.353485107421875,0.33121490478515625,2.8255081176757813,0.269256591796875,0.32732391357421875,0.26546478271484375,0.31049346923828125,31.260101318359375,0.2000579833984375,0,201136.16876220703,212424.14892578125,0,34088599552,2147483648,8211681280,0
200,1787750583553,3500,3500,3500,3500,3500,3500,3500,3500,3500,3500,3500,3500,3500,3500,3500,3500,3500,3500,3500,3500,7.439155578613281,0.310760498046875,19.042068481445313,0.25443267822265625,1.2633285522460938,0.336700439453125,0.46196746826171875,2.8743362426757813,2.8280868530273438,2.7911224365234375,2.8375701904296875,0.30905914306640625,9.086830139160156,0.24260711669921875,0.39441680908203125,0.29608917236328125,0.3065643310546875,0.33385467529296875,23.65886688232422,0.22280120849609375,0,201144.57330322266,212430.34979248047,0,34088599552,2147483648,8212688896,0
200,1787750583753,3500,3500,3500,3500,3500,3500,3500,3500,3500,3500,3500,3500,3500,3500,3500,3500,3500,3500,3500,3500,0.6152191162109375,0.8039016723632813,17.752639770507813,0.24485015869140625,0.6679916381835938,1.0098037719726563,0.41620635986328125,0.3541412353515625,0.2132415771484375,0.36118316650390625,0.27750396728515625,2.8282012939453125,0.30925750732421875,0.314849853515625,0.31200408935546875,0.286041259765625,0.3328704833984375,0.33721923828125,36.00251388549805,0.2249298095703125,0,201153.27978515625,212436.85723876953,0,34088599552,2147483648,8216248320,0
200,1787750583954,3500,3500,3500,3500,3500,3500,3500,3500,3500,3500,3500,3500,3500,3500,3500,3500,3500,3500,3500,3500,3.3896865844726563,0.4430999755859375,21.181655883789063,0.2385406494140625,0.809814453125,2.19329833984375,0.3343353271484375,0.24442291259765625,0.46036529541015625,0.35204315185546875,0.30748748779296875,0.400390625,0.3781890869140625,0.3223114013671875,2.8507919311523438,2.825042724609375,0.308837890625,0.313232421875,27.438552856445313,2.7565460205078125,0,201162.0118408203,212443.38354492188,0,34088599552,2147483648,8219058176,0
200,1787750584154,3500,3500,3500,3500,3500,3500,3500,3500,3500,3500,3500,3500,3500,3500,3500,3500,3500,3500,3500,3500,6.161277770996094,3.2024612426757813,15.718215942382813,0.2736358642578125,4.211738586425781,0.21820068359375,2.8418045043945313,0.25836944580078125,0.501068115234375,0.40821075439453125,0.36330413818359375,0.34523773193359375,0.292999267578125,0.286712646484375,0.32213592529296875,0.27972412109375,2.8615646362304688,2.9180984497070313,16.83960723876953,0.20742034912109375,0,201170.73858642578,212449.9482421875,0,34088599552,2147483648,8202231808,0
199,1787750584354,3500,3500,3500,3500,3500,3500,3500,3500,3500,3500,3500,3500,3500,3500,3500,3500,3500,3500,3500,3500,8.576431274414063,1.2124404907226563,8.105728149414063,2.753387451171875,1.4391021728515625,0.12162017822265625,0.2087860107421875,0.2570648193359375,0.43779754638671875,0.30249786376953125,0.39415740966796875,0.3339996337890625,2.5080032348632813,2.7553787231445313,0.25482177734375,0.20843505859375,0.27179718017578125,0.30419158935546875,18.256004333496094,0.2085418701171875,0,201177.93450927734,212454.99572753906,0,34088599552,2147483648,8202240000,0
199,1787750584555,3500,3500,3500,3500,3500,3500,3500,3500,3500,3500,3500,3500,3500,3500,3500,3500,3500,3500,3500,3500,2.754058837890625,0.37500762939453125,74.6895751953125,0.22412872314453125,0.35152435302734375,0.28363037109375,0.3350372314453125,2.8313522338867188,2.9455108642578125,2.9774322509765625,3.02764892578125,0.40084075927734375,4.682609558105469,0.458892822265625,0.393890380859375,0.34423065185546875,0.3515777587890625,0.32759857177734375,14.491729736328125,0.26973724365234375,0,201185.73907470703,212460.77197265625,0,34088599552,2147483648,8201707520,0
201,1787750584755,3500,3500,3500,3500,3500,3500,3500,3500,3500,3500,3500,3500,3500,3500,3500,3500,3500,3500,3500,3500,0.94110107421875,0.372772216796875,76.81752014160156,0.2364501953125,0.344024658203125,0.288787841796875,0.36712646484375,0.44525909423828125,0.40401458740234375,0.45250701904296875,0.54058837890625,2.9559783935546875,0.5902252197265625,0.6086196899414063,0.4605560302734375,0.447509765625,0.37996673583984375,0.35277557373046875,26.28778076171875,0.30823516845703125,0,201195.18627929688,212468.12420654297,0,34088599552,2147483648,8201707520,0
200,1787750584956,3500,3500,3500,3500,3500,3500,3500,3500,3500,3500,3500,3500,3500,3500,3500,3500,3500,3500,3500,3500,0.12740325927734375,0,85.102294921875,0,0,1.9791488647460938,0,0,0,0,0,0,0,0,2.0402297973632813,2.0424270629882813,0,0,20.669654846191406,1.9921875,0,201202.32244873047,212472.99041748047,0,34088599552,2147483648,8201588736,0
199,1787750585157,3500,3500,3500,3500,3500,3500,3500,3500,3500,3500,3500,3500,3500,3500,3500,3500,3500,3500,3500,3500,2.07586669921875,3.5787506103515625,97.12035369873047,1.0364532470703125,4.513648986816406,1.1822738647460938,3.6534194946289063,1.1627120971679688,1.281402587890625,1.2459487915039063,1.3633499145507813,1.3655776977539063,1.2846221923828125,1.2944717407226563,1.1445388793945313,1.126220703125,3.5981597900390625,3.5735549926757813,11.454322814941406,1.1685562133789063,0,201212.61206054688,212481.1449584961,0,34088599552,2147483648,8201023488,0
200,1787750585357,3500,3500,3500,3500,3500,3500,3500,3500,3500,3500,3500,3500,3500,3500,3500,3500,3500,3500,3500,3500,3.0280227661132813,0.29572296142578125,78.33372497558594,2.6645126342773438,0.287872314453125,0.269927978515625,0.25673675537109375,0.23809051513671875,0.35511016845703125,0.38500213623046875,0.5021209716796875,0.3643035888671875,0.5132675170898438,3.02886962890625,0.38939666748046875,0.387603759765625,0.288177490234375,0.29277801513671875,24.57677459716797,0.22039031982421875,0,201220.7080078125,212487.1239013672,0,34088599552,2147483648,8201015296,0
200,1787750585557,3500,3500,3500,3500,3500,3500,3500,3500,3500,3500,3500,3500,3500,3500,3500,3500,3500,3500,3500,3500,3.1605987548828125,0.37483978271484375,70.00653839111328,0.17205047607421875,0.86395263671875,0.2545318603515625,0.262420654296875,2.8291702270507813,2.8485794067382813,2.8666915893554688,2.8844070434570313,0.28502655029296875,3.0478286743164063,0.5395050048828125,0.41855621337890625,0.4044342041015625,0.28267669677734375,0.29779815673828125,34.23382568359375,0.226837158203125,0,201229.98413085938,212494.27020263672,0,34088599552,2147483648,8201023488,0
200,1787750585758,3500,3500,3500,3500,3500,3500,3500,3500,3500,3500,3500,3500,3500,3500,3500,3500,3500,3500,3500,3500,0.6433563232421875,0.362701416015625,45.55652618408203,0.25217437744140625,0.326141357421875,0.30359649658203125,0.2433013916015625,0.2739715576171875,0.2880401611328125,0.32234954833984375,0.42420196533203125,2.8721389770507813,0.5322799682617188,0.5403594970703125,0.417816162109375,0.42125701904296875,0.31511688232421875,0.32794189453125,58.00944900512695,0.21482086181640625,0,201240.4330444336,212502.59985351563,0,34088599552,2147483648,8201015296,0
200,1787750585958,3500,3500,3500,3500,3500,3500,3500,3500,3500,3500,3500,3500,3500,3500,3500,3500,3500,3500,3500,3500,1.3202972412109375,0.28543853759765625,59.973243713378906,0.1596832275390625,0.23839569091796875,2.7439498901367188,0.327545166015625,0.29581451416015625,0.321807861328125,0.27915191650390625,0.2530670166015625,0.25750732421875,0.5004425048828125,0.5232925415039063,2.7791671752929688,2.80670166015625,0.275360107421875,0.269927978515625,42.628135681152344,2.7115249633789063,0,201249.8739013672,212509.9100341797,0,34088599552,2147483648,8201011200,0
200,1787750586158,3500,3500,3500,3500,3500,3500,3500,3500,3500,3500,3500,3500,3500,3500,3500,3500,3500,3500,3500,3500,17.682861328125,2.8591690063476563,55.494075775146484,0.197418212890625,6.836585998535156,0.291259765625,2.73406982421875,0.26064300537109375,0.3695220947265625,0.46860504150390625,0.43419647216796875,0.3306121826171875,0.4136199951171875,0.4313507080078125,0.307342529296875,0.296905517578125,2.8190155029296875,2.7968902587890625,38.971717834472656,0.20136260986328125,0,201259.45013427734,212517.3536376953,0,34088599552,2147483648,8201011200,0
200,1787750586359,3500,3500,3500,3500,3500,3500,3500,3500,3500,3500,3500,3500,3500,3500,3500,3500,3500,3500,3500,3500,3.0419540405273438,0.278106689453125,67.41328430175781,2.6788864135742188,0.20014190673828125,0.2871856689453125,0.2328643798828125,0.29058074951171875,0.34600067138671875,0.4473724365234375,0.44857025146484375,0.3214111328125,0.2734222412109375,2.83203125,0.3604736328125,0.29042816162109375,0.25994873046875,0.28524017333984375,35.81474304199219,0.18756866455078125,0,201268.31689453125,212524.09771728516,0,34088599552,2147483648,8201011200,0
200,1787750586559,3500,3500,3500,3500,3500,3500,3500,3500,3500,3500,3500,3500,3500,3500,3500,3500,3500,3500,3500,3500,19.166580200195313,0.27899169921875,43.928627014160156,0.17491912841796875,0.3928375244140625,0.29500579833984375,0.2483062744140625,2.782562255859375,2.8375930786132813,2.8844451904296875,2.8691787719726563,0.27819061279296875,2.942413330078125,0.28702545166015625,0.38126373291015625,0.3761749267578125,0.2745513916015625,0.3324737548828125,44.5067138671875,0.180206298828125,0,201277.35864257813,212531.00323486328,0,34088599552,2147483648,8201039872,0
200,1787750586759,3500,3500,3500,3500,3500,3500,3500,3500,3500,3500,3500,3500,3500,3500,3500,3500,3500,3500,3500,3500,17.70708465576172,0.331329345703125,58.89181137084961,0.21417236328125,0.2730255126953125,0.36734771728515625,0.27347564697265625,0.34542083740234375,0.34816741943359375,0.3672027587890625,0.32743072509765625,2.89898681640625,8.057289123535156,0.43329620361328125,0.44788360595703125,0.43968963623046875,0.41526031494140625,0.4408416748046875,18.973556518554688,0.2445526123046875,0,201284.9301147461,212536.45343017578,0,34088599552,2147483648,8201039872,0
200,1787750586960,3500,3500,3500,3500,3500,3500,3500,3500,3500,3500,3500,3500,3500,3500,3500,3500,3500,3500,3500,3500,23.686294555664063,0.23827362060546875,33.64790344238281,0.2429656982421875,0.319427490234375,2.8261260986328125,0.284423828125,0.24521636962890625,0.33866119384765625,0.2659912109375,0.28082275390625,0.194671630859375,8.046173095703125,0.36032867431640625,2.9215621948242188,2.907379150390625,0.39044952392578125,0.4039306640625,39.164310455322266,2.7387237548828125,0,201294.14025878906,212543.54461669922,0,34088599552,2147483648,8201039872,0
200,1787750587160,3500,3500,3500,3500,3500,3500,3500,3500,3500,3500,3500,3500,3500,3500,3500,3500,3500,3500,3500,3500,24.266921997070313,2.6562042236328125,27.205772399902344,0.13021087646484375,2.6548538208007813,0.16286468505859375,2.644073486328125,0.16086578369140625,0.17809295654296875,0.2133941650390625,0.18213653564453125,0.05936431884765625,23.76140594482422,0.1772918701171875,8.096633911132813,0.180389404296875,0.47595977783203125,2.7878646850585938,32.46894836425781,0.106597900390625,0,201302.4027709961,212549.6541748047,0,34088599552,2147483648,8201031680,0
200,1787750587361,3500,3500,3500,3500,3500,3500,3500,3500,3500,3500,3500,3500,3500,3500,3500,3500,3500,3500,3500,3500,19.127914428710938,0.4285430908203125,56.294219970703125,2.8011398315429688,0.4036102294921875,0.36386871337890625,0.37035369873046875,0.40276336669921875,0.44155120849609375,0.3777313232421875,0.3819732666015625,0.32598114013671875,0.43222808837890625,2.9181060791015625,0.4051055908203125,0.42435455322265625,2.6599884033203125,0.3970794677734375,31.33562469482422,0.2871856689453125,0,201311.7738647461,212556.90649414063,0,34088599552,2147483648,8201019392,0
200,1787750587561,3500,3500,3500,3500,3500,3500,3500,3500,3500,3500,3500,3500,3500,3500,3500,3500,3500,3500,3500,3500,45.066287994384766,0.2725830078125,34.789886474609375,0.24959564208984375,0.39720916748046875,0.40643310546875,0.2958221435546875,2.8259506225585938,2.9101791381835938,2.8465957641601563,2.8496932983398438,0.36315155029296875,2.8740234375,0.34978485107421875,0.32579803466796875,0.3513336181640625,0.33766937255859375,0.32285308837890625,25.94214630126953,0.2338409423828125,0,201321.6806640625,212564.68133544922,0,34088599552,2147483648,8201142272,0
200,1787750587762,3500,3500,3500,3500,3500,3500,3500,3500,3500,3500,3500,3500,3500,3500,3500,3500,3500,3500,3500,3500,40.59773254394531,0.2361602783203125,30.908828735351563,0.1963653564453125,0.237213134765625,0.29177093505859375,0.30419158935546875,0.28055572509765625,0.49367523193359375,0.38045501708984375,0.36419677734375,2.9140548706054688,8.0638427734375,0.27486419677734375,0.28897857666015625,0.29357147216796875,0.28673553466796875,0.3007049560546875,24.695884704589844,0.2106781005859375,0,201330.08081054688,212570.96942138672,0,34088599552,2147483648,8201142272,0
200,1787750587962,3500,3500,3500,3500,3500,3500,3500,3500,3500,3500,3500,3500,3500,3500,3500,3500,3500,3500,3500,3500,18.719398498535156,0.231414794921875,43.039642333984375,0.1685943603515625,0.23375701904296875,2.7268524169921875,0.26927947998046875,0.29717254638671875,0.28974151611328125,0.27691650390625,0.246826171875,0.22212982177734375,0.41961669921875,0.251220703125,2.8208541870117188,2.7886199951171875,0.2656402587890625,0.263641357421875,45.91548156738281,2.7222137451171875,0,201339.9223022461,212578.7393798828,0,34088599552,2147483648,8201211904,0
200,1787750588162,3500,3500,3500,3500,3500,3500,3500,3500,3500,3500,3500,3500,3500,3500,3500,3500,3500,3500,3500,3500,16.88451385498047,2.8210983276367188,55.36567687988281,0.176910400390625,3.4100570678710938,0.25835418701171875,2.7772293090820313,0.3010711669921875,0.32781982421875,0.20819854736328125,0.30525970458984375,0.2697296142578125,15.7144775390625,0.24472808837890625,0.3363037109375,0.27442169189453125,0.29602813720703125,2.7744903564453125,23.76696014404297,0.19213104248046875,0,201350.1805419922,212587.0867919922,0,34088599552,2147483648,8201211904,0
199,1787750588363,3500,3500,3500,3500,3500,3500,3500,3500,3500,3500,3500,3500,3500,3500,3500,3500,3500,3500,3500,3500,34.682456970214844,0.25457763671875,54.412654876708984,2.7180633544921875,0.3299713134765625,0.34114837646484375,0.27109527587890625,0.30821990966796875,0.36479949951171875,0.3482818603515625,0.5178375244140625,0.38326263427734375,7.9678192138671875,2.835174560546875,0.31804656982421875,0.30901336669921875,2.7894134521484375,0.3295745849609375,9.377876281738281,0.2517852783203125,0,201358.20428466797,212593.0151977539,0,34088599552,2147483648,8201211904,0
200,1787750588563,3500,3500,3500,3500,3500,3500,3500,3500,3500,3500,3500,3500,3500,3500,3500,3500,3500,3500,3500,3500,44.85198211669922,0.211029052734375,11.893646240234375,0.23006439208984375,0.28783416748046875,0.29347991943359375,0.355743408203125,2.7991485595703125,2.8554153442382813,2.782958984375,2.8165435791015625,0.3372039794921875,10.795539855957031,0.27333831787109375,0.3110198974609375,0.29717254638671875,0.31371307373046875,0.303924560546875,42.26075744628906,0.217620849609375,0,201366.90020751953,212599.26403808594,0,34088599552,2147483648,8201256960,0
200,1787750588763,3500,3500,3500,3500,3500,3500,3500,3500,3500,3500,3500,3500,3500,3500,3500,3500,3500,3500,3500,3500,33.209877014160156,0.228485107421875,38.10920715332031,0.17327880859375,0.354339599609375,0.30092620849609375,0.24261474609375,0.305267333984375,0.27825927734375,0.258392333984375,0.29213714599609375,0.40515899658203125,27.906936645507813,0.21570587158203125,8.122665405273438,0.23712158203125,0.25494384765625,0.25664520263671875,35.27385711669922,0.210968017578125,0,201378.20361328125,212608.40954589844,0,34088599552,2147483648,8223256576,0
199,1787750588964,3500,3500,3500,3500,3500,3500,3500,3500,3500,3500,3500,3500,3500,3500,3500,3500,3500,3500,3500,3500,28.419517517089844,0.255859375,65.39877319335938,0.1832427978515625,0.3261871337890625,2.9042205810546875,0.35785675048828125,0.3005523681640625,0.3499755859375,0.3991546630859375,0.3742218017578125,3.0052642822265625,0.41820526123046875,0.28578948974609375,2.8261642456054688,2.8015213012695313,0.2933197021484375,0.29007720947265625,9.707870483398438,2.7114944458007813,0,201388.83868408203,212616.94067382813,0,34088599552,2147483648,8223256576,0
199,1787750589164,3500,3500,3500,3500,3500,3500,3500,3500,3500,3500,3500,3500,3500,3500,3500,3500,3500,3500,3500,3500,17.46514129638672,2.87115478515625,55.55450439453125,0.237548828125,2.8541641235351563,0.27088165283203125,2.894439697265625,0.3499298095703125,0.42133331298828125,0.45711517333984375,0.4406280517578125,0.52996826171875,22.26569366455078,0.32219696044921875,0.45256805419921875,0.414093017578125,0.31705474853515625,2.872955322265625,16.249900817871094,0.29671478271484375,0,201397.73712158203,212623.71215820313,0,34088599552,2147483648,8223256576,0
200,1787750589364,3500,3500,3500,3500,3500,3500,3500,3500,3500,3500,3500,3500,3500,3500,3500,3500,3500,3500,3500,3500,13.085411071777344,0.2398681640625,39.15569305419922,2.6779708862304688,0.236968994140625,0.22922515869140625,0.26377105712890625,0.20977783203125,0.33510589599609375,0.3476104736328125,0.380157470703125,0.4532470703125,28.12433624267578,2.768310546875,0.37525177001953125,0.36385345458984375,2.7855606079101563,0.23577117919921875,31.110618591308594,0.19527435302734375,0,201407.5902709961,212631.42834472656,0,34088599552,2147483648,8223260672,0
200,1787750589564,3500,3500,3500,3500,3500,3500,3500,3500,3500,3500,3500,3500,3500,3500,3500,3500,3500,3500,3500,3500,7.484611511230469,0.29962921142578125,55.861759185791016,0.16002655029296875,0.2577362060546875,0.298583984375,0.287445068359375,2.8226470947265625,2.8101577758789063,2.8953399658203125,2.8301315307617188,0.35515594482421875,2.8211441040039063,0.28105926513671875,0.30072784423828125,0.29538726806640625,0.26697540283203125,0.31795501708984375,44.79197311401367,0.1671142578125,0,201417.02380371094,212638.73498535156,0,34088599552,2147483648,8223326208,0
200,1787750589765,3500,3500,3500,3500,3500,3500,3500,3500,3500,3500,3500,3500,3500,3500,3500,3500,3500,3500,3500,3500,23.856590270996094,0.29447174072265625,50.57736587524414,0.20572662353515625,0.32360076904296875,0.3214569091796875,0.29946136474609375,0.21869659423828125,0.36266326904296875,0.3524322509765625,0.3650054931640625,0.40277099609375,12.361946105957031,0.3068389892578125,0.39383697509765625,0.34081268310546875,0.32360076904296875,0.346649169921875,17.097457885742188,0.25276947021484375,0,201427.0248413086,212646.61181640625,0,34088599552,2147483648,8223326208,0
199,1787750589965,3500,3500,3500,3500,3500,3500,3500,3500,3500,3500,3500,3500,3500,3500,3500,3500,3500,3500,3500,3500,27.179351806640625,0.26590728759765625,21.31285858154297,0.21883392333984375,0.4030303955078125,2.9660110473632813,0.28624725341796875,0.3288726806640625,0.36200714111328125,0.28044891357421875,0.29628753662109375,2.8697052001953125,17.240737915039063,0.304840087890625,2.914031982421875,2.8468704223632813,0.322479248046875,0.27680206298828125,38.580833435058594,2.72613525390625,0,201437.80419921875,212655.2794189453,0,34088599552,2147483648,8223326208,0
200,1787750590165,3500,3500,3500,3500,3500,3500,3500,3500,3500,3500,3500,3500,3500,3500,3500,3500,3500,3500,3500,3500,14.318672180175781,2.8071746826171875,57.62819290161133,0.16455078125,0.27196502685546875,0.2395782470703125,2.7799835205078125,0.23897552490234375,0.805694580078125,0.2765655517578125,0.24872589111328125,0.2482757568359375,30.639671325683594,0.239471435546875,17.488983154296875,0.233428955078125,0.7089767456054688,2.8338165283203125,20.17499542236328,0.251068115234375,0,201447.5499267578,212662.85137939453,0,34088599552,2147483648,8223903744,0
199,1787750590365,3500,3500,3500,3500,3500,3500,3500,3500,3500,3500,3500,3500,3500,3500,3500,3500,3500,3500,3500,3500,25.349838256835938,0.19561004638671875,42.809288024902344,2.6995925903320313,2.7242202758789063,0.28008270263671875,0.238372802734375,0.2550048828125,0.28537750244140625,0.24835968017578125,0.3736419677734375,0.26808929443359375,0.39272308349609375,2.7762222290039063,0.27863311767578125,0.25455474853515625,2.7852096557617188,0.259246826171875,38.03739547729492,0.1708831787109375,0,201456.24591064453,212669.4237060547,0,34088599552,2147483648,8223903744,0
200,1787750590565,3500,3500,3500,3500,3500,3500,3500,3500,3500,3500,3500,3500,3500,3500,3500,3500,3500,3500,3500,3500,35.84770202636719,0.25533294677734375,10.124267578125,0.2886199951171875,0.280975341796875,0.33780670166015625,0.29137420654296875,2.8022537231445313,3.0380935668945313,2.9824066162109375,2.9748611450195313,0.47022247314453125,10.412391662597656,0.2829742431640625,0.47037506103515625,0.38974761962890625,0.3264617919921875,0.3001708984375,52.34022903442383,0.2216949462890625,0,201466.40533447266,212677.45361328125,0,34088599552,2147483648,8224018432,0
200,1787750590765,3500,3500,3500,3500,3500,3500,3500,3500,3500,3500,3500,3500,3500,3500,3500,3500,3500,3500,3500,3500,52.579689025878906,0.2283935546875,20.99750518798828,0.27671051025390625,0.38653564453125,0.32907867431640625,0.32012939453125,0.428558349609375,0.474578857421875,0.47492218017578125,0.38733673095703125,0.411865234375,0.874053955078125,0.37773895263671875,0.406524658203125,0.40682220458984375,0.30828857421875,0.32842254638671875,30.134971618652344,0.2411346435546875,0,201475.21588134766,212684.15533447266,0,34088599552,2147483648,8224018432,0
200,1787750590966,3500,3500,3500,3500,3500,3500,3500,3500,3500,3500,3500,3500,3500,3500,3500,3500,3500,3500,3500,3500,27.177566528320313,0.26598358154296875,53.53262710571289,0.1568145751953125,0.5726852416992188,2.9357681274414063,0.4070892333984375,0.43108367919921875,0.5262832641601563,0.40373992919921875,0.359588623046875,2.9011459350585938,8.239158630371094,0.39690399169921875,2.8940048217773438,0.36283111572265625,0.28090667724609375,0.27835845947265625,21.57421112060547,2.6883468627929688,0,201484.48114013672,212691.28204345703,0,34088599552,2147483648,8224018432,0
200,1787750591166,3500,3500,3500,3500,3500,3500,3500,3500,3500,3500,3500,3500,3500,3500,3500,3500,3500,3500,3500,3500,23.713645935058594,2.746337890625,65.74889373779297,0.10996246337890625,1.2798233032226563,0.281036376953125,2.8153839111328125,0.32878875732421875,3.2712936401367188,0.4293212890625,0.44293975830078125,0.3305816650390625,8.40264892578125,0.284881591796875,0.30683135986328125,2.7690887451171875,0.27539825439453125,2.7764663696289063,11.163955688476563,0.21743011474609375,0,201492.55755615234,212697.22332763672,0,34088599552,2147483648,8224018432,0
200,1787750591366,3500,3500,3500,3500,3500,3500,3500,3500,3500,3500,3500,3500,3500,3500,3500,3500,3500,3500,3500,3500,35.915122985839844,0.28853607177734375,39.291893005371094,2.73980712890625,2.8039321899414063,0.3580169677734375,0.22455596923828125,0.28449249267578125,0.49227142333984375,0.5014114379882813,0.39812469482421875,0.3860321044921875,0.40970611572265625,2.8269577026367188,0.28154754638671875,0.3131103515625,2.8208160400390625,0.29108428955078125,34.24901580810547,0.22625732421875,0,201502.62469482422,212705.17303466797,0,34088599552,2147483648,8224006144,0
200,1787750591566,3500,3500,3500,3500,3500,3500,3500,3500,3500,3500,3500,3500,3500,3500,3500,3500,3500,3500,3500,3500,21.61524200439453,0.3132171630859375,68.93844604492188,0.22209930419921875,0.8038177490234375,0.300628662109375,0.27300262451171875,2.8341217041015625,2.8967666625976563,2.940826416015625,2.9075088500976563,0.31661224365234375,0.43740081787109375,0.33504486083984375,0.3269500732421875,0.34378814697265625,0.32175445556640625,0.33829498291015625,18.613067626953125,0.256317138671875,0,201510.2305908203,212710.6265258789,0,34088599552,2147483648,8225050624,0
200,1787750591767,3500,3500,3500,3500,3500,3500,3500,3500,3500,3500,3500,3500,3500,3500,3500,3500,3500,3500,3500,3500,21.91387939453125,0.2646026611328125,69.94081115722656,0.17279052734375,0.2324676513671875,0.298980712890625,0.29813385009765625,0.30791473388671875,0.264007568359375,0.31070709228515625,0.2490386962890625,0.32642364501953125,2.842071533203125,0.32563018798828125,0.299530029296875,0.297637939453125,0.302825927734375,0.28760528564453125,11.225334167480469,0.25048065185546875,0,201517.3081665039,212715.5873413086,0,34088599552,2147483648,8225050624,0
199,1787750591967,3500,3500,3500,3500,3500,3500,3500,3500,3500,3500,3500,3500,3500,3500,3500,3500,3500,3500,3500,3500,29.31529998779297,0.2728424072265625,54.86030960083008,0.19449615478515625,0.26386260986328125,2.7794723510742188,0.285858154296875,0.2572784423828125,0.2531890869140625,0.35712432861328125,0.3797149658203125,2.898162841796875,0.36251068115234375,0.28835296630859375,2.7971267700195313,0.2920379638671875,0.27164459228515625,0.3193206787109375,19.64764404296875,2.7034683227539063,0,201526.5191040039,212722.6771850586,0,34088599552,2147483648,8225382400,0
199,1787750592167,3500,3500,3500,3500,3500,3500,3500,3500,3500,3500,3500,3500,3500,3500,3500,3500,3500,3500,3500,3500,39.512508392333984,2.73162841796875,47.44781494140625,0.15512847900390625,0.73931884765625,0.28617095947265625,2.713836669921875,0.259033203125,0.36728668212890625,0.44000244140625,0.45754241943359375,0.4901275634765625,0.55889892578125,0.25254058837890625,0.25433349609375,2.8212890625,0.30231475830078125,0.6483612060546875,21.48126220703125,0.1960601806640625,0,201535.92388916016,212729.94555664063,0,34088599552,2147483648,8225353728,0
200,1787750592368,3500,3500,3500,3500,3500,3500,3500,3500,3500,3500,3500,3500,3500,3500,3500,3500,3500,3500,3500,3500,32.590850830078125,0.23028564453125,26.545394897460938,2.7723007202148438,2.8659744262695313,0.35030364990234375,0.37165069580078125,0.26717376708984375,0.38799285888671875,0.46367645263671875,0.46826934814453125,0.34130859375,0.6055831909179688,2.8285293579101563,0.27227783203125,0.2788238525390625,2.787139892578125,2.398651123046875,54.14265060424805,0.18074798583984375,0,201546.06774902344,212737.95867919922,0,34088599552,2147483648,8227966976,0
200,1787750592568,3500,3500,3500,3500,3500,3500,3500,3500,3500,3500,3500,3500,3500,3500,3500,3500,3500,3500,3500,3500,46.046024322509766,0.24132537841796875,17.510848999023438,0.238677978515625,0.38330078125,0.34830474853515625,0.40396881103515625,2.8838958740234375,2.9185943603515625,2.9260330200195313,2.9506912231445313,0.4217376708984375,0.5335693359375,0.3629302978515625,0.32684326171875,0.2687835693359375,0.30268096923828125,0.28804779052734375,42.08591079711914,0.1944427490234375,0,201556.0405883789,212745.7958984375,0,34088599552,2147483648,8228651008,0
200,1787750592768,3500,3500,3500,3500,3500,3500,3500,3500,3500,3500,3500,3500,3500,3500,3500,3500,3500,3500,3500,3500,35.88885498046875,0.31243133544921875,10.366722106933594,0.27677154541015625,0.3370513916015625,0.26343536376953125,0.36322021484375,0.29619598388671875,0.30733489990234375,0.320220947265625,0.33864593505859375,0.30609130859375,18.559776306152344,0.29360198974609375,0.35552978515625,0.32401275634765625,0.3117828369140625,0.31851959228515625,42.34151840209961,0.19891357421875,0,201564.4959716797,212752.12969970703,0,34088599552,2147483648,8228700160,0
200,1787750592968,3500,3500,3500,3500,3500,3500,3500,3500,3500,3500,3500,3500,3500,3500,3500,3500,3500,3500,3500,3500,28.7730712890625,0.25502777099609375,10.223030090332031,0.28107452392578125,0.3449554443359375,2.886962890625,0.28881072998046875,0.279876708984375,0.4317474365234375,0.41382598876953125,0.37619781494140625,2.873138427734375,8.027923583984375,0.25083160400390625,2.8611602783203125,0.3630218505859375,0.29190826416015625,0.30542755126953125,57.17049789428711,2.6753082275390625,0,201573.07513427734,212758.59252929688,0,34088599552,2147483648,8228679680,0
200,1787750593169,3500,3500,3500,3500,3500,3500,3500,3500,3500,3500,3500,3500,3500,3500,3500,3500,3500,3500,3500,3500,26.8123779296875,2.8083267211914063,24.234458923339844,0.18259429931640625,0.431182861328125,0.48938751220703125,2.9464111328125,0.36838531494140625,0.3123321533203125,0.49198150634765625,0.36508941650390625,0.32587432861328125,23.551185607910156,0.23584747314453125,0.2796173095703125,2.7825469970703125,0.31128692626953125,0.33611297607421875,40.3948974609375,0.16580963134765625,0,201583.0255126953,212766.39947509766,0,34088599552,2147483648,8235114496,0
200,1787750593369,3500,3500,3500,3500,3500,3500,3500,3500,3500,3500,3500,3500,3500,3500,3500,3500,3500,3500,3500,3500,42.144920349121094,0.21500396728515625,47.390567779541016,2.779571533203125,2.8060073852539063,0.2581939697265625,0.328765869140625,0.3807830810546875,0.348114013671875,0.49573516845703125,0.37923431396484375,0.366119384765625,0.3888092041015625,2.8857574462890625,0.39987945556640625,0.37659454345703125,2.8363800048828125,2.80291748046875,17.473472595214844,2.2168045043945313,0,201592.6849975586,212773.95849609375,0,34088599552,2147483648,8235073536,0
200,1787750593570,3500,3500,3500,3500,3500,3500,3500,3500,3500,3500,3500,3500,3500,3500,3500,3500,3500,3500,3500,3500,26.13530731201172,0.209259033203125,63.47674560546875,0.16735076904296875,0.2419891357421875,0.24887847900390625,0.27477264404296875,2.7765731811523438,2.8071060180664063,2.93084716796875,2.8440780639648438,0.27646636962890625,7.9512176513671875,0.27776336669921875,0.3632354736328125,0.36992645263671875,0.275970458984375,0.27337646484375,0.30865478515625,11.016181945800781,0,201600.86865234375,212780.14373779297,0,34088599552,2147483648,8236347392,0
200,1787750593770,3500,3500,3500,3500,3500,3500,3500,3500,3500,3500,3500,3500,3500,3500,3500,3500,3500,3500,3500,3500,50.769954681396484,0.17737579345703125,10.797439575195313,0.1581573486328125,0.2391815185546875,0.25930023193359375,0.26209259033203125,0.26653289794921875,0.27037811279296875,0.22295379638671875,0.2405242919921875,0.27053070068359375,16.639976501464844,0.27112579345703125,0.6600265502929688,0.26723480224609375,0.6124496459960938,0.28061676025390625,0.21776580810546875,46.966209411621094,0,201610.5707397461,212787.51141357422,0,34088599552,2147483648,8241520640,0
200,1787750593970,3500,3500,3500,3500,3500,3500,3500,3500,3500,3500,3500,3500,3500,3500,3500,3500,3500,3500,3500,3500,45.972251892089844,0.2041168212890625,24.008995056152344,0.25946807861328125,0.292236328125,2.8689804077148438,0.2961273193359375,0.2812652587890625,0.32599639892578125,0.283905029296875,0.3308868408203125,2.8259429931640625,5.049522399902344,0.29882049560546875,2.9665298461914063,0.400299072265625,0.30699920654296875,0.3592071533203125,0.25054168701171875,31.73919677734375,0,201620.30352783203,212795.10809326172,0,34088599552,2147483648,8241520640,0
199,1787750594171,3500,3500,3500,3500,3500,3500,3500,3500,3500,3500,3500,3500,3500,3500,3500,3500,3500,3500,3500,3500,19.874420166015625,2.7426681518554688,50.862064361572266,0.1884765625,0.22432708740234375,0.9283676147460938,2.7574996948242188,0.27695465087890625,0.219635009765625,0.3054656982421875,0.28653717041015625,0.25128936767578125,15.866462707519531,0.241058349609375,0.35259246826171875,2.8344345092773438,0.3731689453125,0.39548492431640625,0.25762939453125,22.0089111328125,0,201629.00354003906,212801.6987915039,0,34088599552,2147483648,8241557504,0
200,1787750594371,3500,3500,3500,3500,3500,3500,3500,3500,3500,3500,3500,3500,3500,3500,3500,3500,3500,3500,3500,3500,37.12687683105469,0.22066497802734375,39.239498138427734,2.746124267578125,2.8151473999023438,0.35326385498046875,0.36590576171875,0.28163909912109375,1.4308395385742188,0.29848480224609375,0.3073272705078125,0.36740875244140625,0.4658203125,2.935394287109375,0.33281707763671875,0.3345184326171875,2.8876190185546875,2.860626220703125,2.7868576049804688,30.94860076904297,0,201638.39825439453,212808.9552001953,0,34088599552,2147483648,8241598464,0
199,1787750594571,3500,3500,3500,3500,3500,3500,3500,3500,3500,3500,3500,3500,3500,3500,3500,3500,3500,3500,3500,3500,20.961166381835938,0.20916748046875,50.628055572509766,0.1435089111328125,0.250213623046875,0.29120635986328125,0.23488616943359375,2.7418060302734375,2.7856979370117188,2.7567367553710938,2.6673049926757813,0.3018951416015625,0.39351654052734375,0.29540252685546875,0.23928070068359375,0.25675201416015625,0.25820159912109375,0.234283447265625,0.17376708984375,46.983612060546875,0,201647.31610107422,212815.71154785156,0,34088599552,2147483648,8242655232,0
200,1787750594771,3500,3500,3500,3500,3500,3500,3500,3500,3500,3500,3500,3500,3500,3500,3500,3500,3500,3500,3500,3500,26.297332763671875,0.21903228759765625,53.307342529296875,0.2279815673828125,0.32464599609375,0.3005523681640625,0.29206085205078125,0.30730438232421875,0.356689453125,0.2312774658203125,0.31565093994140625,0.30245208740234375,4.457359313964844,0.3695831298828125,0.5276336669921875,0.33449554443359375,0.33374786376953125,0.30440521240234375,0.2628173828125,24.19654083251953,0,201657.11138916016,212823.37310791016,0,34088599552,2147483648,8242655232,0
200,1787750594971,3500,3500,3500,3500,3500,3500,3500,3500,3500,3500,3500,3500,3500,3500,3500,3500,3500,3500,3500,3500,31.95421600341797,0.19443511962890625,47.09765625,0.1892852783203125,0.2548828125,2.8302764892578125,0.21361541748046875,0.33991241455078125,0.27890777587890625,0.23604583740234375,0.24349212646484375,2.8033523559570313,0.6188201904296875,0.36003875732421875,2.8259811401367188,0.24259185791015625,0.3179779052734375,0.2844085693359375,0.2029266357421875,27.13373565673828,0,201665.9259033203,212830.06713867188,0,34088599552,2147483648,8242655232,0
200,1787750595172,3500,3500,3500,3500,3500,3500,3500,3500,3500,3500,3500,3500,3500,3500,3500,3500,3500,3500,3500,3500,15.356185913085938,2.8058624267578125,44.2103385925293,0.20690155029296875,0.274505615234375,0.2904815673828125,2.8523941040039063,0.2539825439453125,0.31964111328125,0.2670135498046875,0.28873443603515625,0.309600830078125,8.261604309082031,0.35549163818359375,0.2763519287109375,2.8035125732421875,0.34405517578125,0.2939300537109375,0.19951629638671875,42.61738204956055,0,201675.931640625,212837.92651367188,0,34088599552,2147483648,8242790400,0
200,1787750595372,3500,3500,3500,3500,3500,3500,3500,3500,3500,3500,3500,3500,3500,3500,3500,3500,3500,3500,3500,3500,29.366592407226563,0.41121673583984375,61.79353713989258,0.3423614501953125,2.9933929443359375,0.48526763916015625,0.46337890625,0.39098358154296875,0.41921234130859375,0.4620819091796875,0.4524383544921875,0.392730712890625,1.2238616943359375,3.0674896240234375,0.49405670166015625,0.461029052734375,2.9910430908203125,3.0103302001953125,2.934783935546875,21.599685668945313,0,201685.8451538086,212845.70080566406,0,34088599552,2147483648,8243916800,0
200,1787750595572,3500,3500,3500,3500,3500,3500,3500,3500,3500,3500,3500,3500,3500,3500,3500,3500,3500,3500,3500,3500,48.5838623046875,0.16513824462890625,20.030174255371094,2.68280029296875,0.20081329345703125,0.9081192016601563,0.24616241455078125,2.7976531982421875,2.8232955932617188,2.806182861328125,2.7800369262695313,0.19956207275390625,0.6264877319335938,0.26078033447265625,0.27535247802734375,0.2451629638671875,0.2451629638671875,0.29370880126953125,0.1827545166015625,36.187095642089844,0,201694.4155883789,212852.1414794922,0,34088599552,2147483648,8244002816,0
200,1787750595773,3500,3500,3500,3500,3500,3500,3500,3500,3500,3500,3500,3500,3500,3500,3500,3500,3500,3500,3500,3500,29.975563049316406,0.27468109130859375,32.85626220703125,0.27752685546875,0.33721160888671875,0.31841278076171875,0.3218536376953125,0.27358245849609375,0.38646697998046875,0.5198440551757813,0.46544647216796875,0.5285263061523438,2.9324569702148438,0.3135223388671875,0.39943695068359375,0.34912109375,0.3345184326171875,0.40386962890625,0.23255157470703125,40.51970672607422,0,201703.31524658203,212858.91442871094,0,34088599552,2147483648,8244002816,0
199,1787750595973,3500,3500,3500,3500,3500,3500,3500,3500,3500,3500,3500,3500,3500,3500,3500,3500,3500,3500,3500,3500,41.534706115722656,0.19853973388671875,48.3848876953125,0.1620635986328125,0.2696990966796875,2.813751220703125,0.25466156005859375,0.196441650390625,0.29358673095703125,0.33097076416015625,0.25266265869140625,2.8885116577148438,0.41437530517578125,0.25101470947265625,10.606765747070313,0.3149261474609375,0.37174224853515625,0.3776397705078125,0.23236846923828125,7.593421936035156,0,201711.99908447266,212865.46063232422,0,34088599552,2147483648,8244133888,0
200,1787750596173,3500,3500,3500,3500,3500,3500,3500,3500,3500,3500,3500,3500,3500,3500,3500,3500,3500,3500,3500,3500,34.945579528808594,2.7746734619140625,58.138641357421875,0.18582916259765625,0.272369384765625,3.2337188720703125,2.8505172729492188,0.27027130126953125,0.26522064208984375,0.34030914306640625,0.2901153564453125,0.3101654052734375,1.6956024169921875,0.3277130126953125,0.3943023681640625,2.9229049682617188,0.3590545654296875,0.3878021240234375,0.30391693115234375,22.963088989257813,0,201722.97052001953,212874.27166748047,0,34088599552,2147483648,8244985856,0
199,1787750596373,3500,3500,3500,3500,3500,3500,3500,3500,3500,3500,3500,3500,3500,3500,3500,3500,3500,3500,3500,3500,36.70113754272461,0.2462921142578125,16.816055297851563,0.26984405517578125,2.8928070068359375,0.358734130859375,0.37953948974609375,0.4083404541015625,0.28566741943359375,0.22093963623046875,0.32274627685546875,0.2859649658203125,0.6968002319335938,0.33103179931640625,0.42575836181640625,0.40494537353515625,2.9999618530273438,3.022216796875,2.7280120849609375,52.638282775878906,0,201732.4676513672,212881.65063476563,0,34088599552,2147483648,8244944896,0
200,1787750596573,3500,3500,3500,3500,3500,3500,3500,3500,3500,3500,3500,3500,3500,3500,3500,3500,3500,3500,3500,3500,36.7823486328125,0.20204925537109375,46.68315124511719,2.6991500854492188,0.4786376953125,0.465087890625,0.44354248046875,3.0157699584960938,0.298126220703125,2.7990188598632813,2.796875,0.27013397216796875,0.382354736328125,2.7937240600585938,0.39295196533203125,0.39110565185546875,0.5294723510742188,0.5390701293945313,0.17760467529296875,22.407127380371094,0,201741.19482421875,212888.24072265625,0,34088599552,2147483648,8244948992,0
200,1787750596773,3500,3500,3500,3500,3500,3500,3500,3500,3500,3500,3500,3500,3500,3500,3500,3500,3500,3500,3500,3500,29.80377197265625,0.21009063720703125,28.3575439453125,0.189300537109375,0.44016265869140625,0.45191192626953125,0.3877410888671875,0.43721771240234375,2.7606353759765625,0.22802734375,0.24956512451171875,0.22103118896484375,30.30426025390625,0.1911468505859375,12.938880920410156,0.29608917236328125,2.5561447143554688,0.3611602783203125,0.211090087890625,25.828887939453125,0,201751.78833007813,212896.67016601563,0,34088599552,2147483648,8245743616,0
200,1787750596974,3500,3500,3500,3500,3500,3500,3500,3500,3500,3500,3500,3500,3500,3500,3500,3500,3500,3500,3500,3500,44.36865234375,0.212493896484375,56.672691345214844,0.1839447021484375,0.45836639404296875,3.0435867309570313,0.40871429443359375,0.38446044921875,0.23584747314453125,0.269134521484375,0.3173370361328125,2.840972900390625,0.6821823120117188,0.390594482421875,2.8231582641601563,0.30246734619140625,0.30511474609375,0.320831298828125,0.2701263427734375,3.4299392700195313,0,201760.50567626953,212903.2724609375,0,34088599552,2147483648,8245727232,0
200,1787750597174,3500,3500,3500,3500,3500,3500,3500,3500,3500,3500,3500,3500,3500,3500,3500,3500,3500,3500,3500,3500,30.443115234375,2.716400146484375,72.08496856689453,0.1255950927734375,0.2544403076171875,0.24504852294921875,2.8048934936523438,0.183624267578125,0.3426361083984375,0.28325653076171875,0.33948516845703125,0.2368621826171875,0.41759490966796875,0.3543701171875,0.28859710693359375,2.8248672485351563,0.24614715576171875,0.26837158203125,0.19411468505859375,8.895294189453125,0,201768.17138671875,212908.80267333984,0,34088599552,2147483648,8245727232,0
200,1787750597374,3500,3500,3500,3500,3500,3500,3500,3500,3500,3500,3500,3500,3500,3500,3500,3500,3500,3500,3500,3500,32.26226806640625,0.27774810791015625,61.69624328613281,0.21556854248046875,2.9369354248046875,0.3883819580078125,0.34867095947265625,0.4487152099609375,0.46654510498046875,0.38248443603515625,0.43433380126953125,0.39432525634765625,0.44402313232421875,0.4249420166015625,0.37863922119140625,0.454559326171875,2.953216552734375,2.9586639404296875,2.8389892578125,10.624794006347656,0,201778.1903076172,212916.7006225586,0,34088599552,2147483648,8245706752,0
200,1787750597575,3500,3500,3500,3500,3500,3500,3500,3500,3500,3500,3500,3500,3500,3500,3500,3500,3500,3500,3500,3500,27.08575439453125,0.24423980712890625,18.267715454101563,2.7076568603515625,0.22064971923828125,0.33386993408203125,0.323944091796875,2.7833175659179688,0.2397003173828125,2.6936416625976563,0.16683197021484375,0.32753753662109375,27.425758361816406,2.7274093627929688,0.34818267822265625,0.36858367919921875,0.352874755859375,0.35172271728515625,0.15755462646484375,41.89567947387695,0,201787.1537475586,212923.51330566406,0,34088599552,2147483648,8246349824,0
200,1787750597775,3500,3500,3500,3500,3500,3500,3500,3500,3500,3500,3500,3500,3500,3500,3500,3500,3500,3500,3500,3500,40.68832778930664,0.26453399658203125,39.30097579956055,0.25884246826171875,0.44820404052734375,0.39168548583984375,0.42415618896484375,0.49658966064453125,2.91168212890625,0.2711181640625,2.84478759765625,0.26921844482421875,10.496871948242188,0.32593536376953125,0.43682861328125,0.43653106689453125,0.4422607421875,0.4396209716796875,0.28118896484375,16.10010528564453,0,201796.99884033203,212931.23834228516,0,34088599552,2147483648,8246349824,0
200,1787750597975,3500,3500,3500,3500,3500,3500,3500,3500,3500,3500,3500,3500,3500,3500,3500,3500,3500,3500,3500,3500,41.00056838989258,0.21251678466796875,29.211944580078125,0.242919921875,0.44405364990234375,2.906585693359375,0.38629150390625,0.49901580810546875,0.342864990234375,0.28110504150390625,0.302276611328125,2.8014450073242188,0.460479736328125,0.408905029296875,2.9426727294921875,0.41510009765625,0.4324188232421875,0.42658233642578125,0.19249725341796875,33.38249206542969,0,201804.9813232422,212937.103515625,0,34088599552,2147483648,8246349824,0
200,1787750598176,3500,3500,3500,3500,3500,3500,3500,3500,3500,3500,3500,3500,3500,3500,3500,3500,3500,3500,3500,3500,17.850608825683594,2.730224609375,42.067848205566406,0.1365203857421875,0.409454345703125,0.45925140380859375,2.9479751586914063,0.41175079345703125,0.24898529052734375,0.218902587890625,0.25507354736328125,0.30078125,16.46172332763672,0.3126068115234375,8.040779113769531,2.7734832763671875,0.36474609375,0.34413909912109375,0.206573486328125,28.740768432617188,0,201814.408203125,212944.56964111328,0,34088599552,2147483648,8246337536,0
200,1787750598376,3500,3500,3500,3500,3500,3500,3500,3500,3500,3500,3500,3500,3500,3500,3500,3500,3500,3500,3500,3500,20.432571411132813,0.0548553466796875,56.6695671081543,0.03614044189453125,2.646820068359375,0.07242584228515625,0.10227203369140625,0.1759490966796875,0.10337066650390625,0.139007568359375,0.07921600341796875,0.08425140380859375,1.0414505004882813,0.19670867919921875,0.165313720703125,0.13462066650390625,2.7633209228515625,2.7751998901367188,2.6354446411132813,33.37060546875,0,201823.3002319336,212951.61291503906,0,34088599552,2147483648,8247406592,0
200,1787750598577,3500,3500,3500,3500,3500,3500,3500,3500,3500,3500,3500,3500,3500,3500,3500,3500,3500,3500,3500,3500,52.452301025390625,0.37390899658203125,26.765884399414063,2.907257080078125,0.4631805419921875,0.5369415283203125,0.44219207763671875,0.48809814453125,0.5159072875976563,3.025726318359375,0.458740234375,0.42778778076171875,0.6847686767578125,3.1388702392578125,0.6032333374023438,0.5801544189453125,0.5923690795898438,0.5706863403320313,0.41916656494140625,29.715553283691406,0,201831.96954345703,212957.77392578125,0,34088599552,2147483648,8248123392,0
199,1787750598777,3500,3500,3500,3500,3500,3500,3500,3500,3500,3500,3500,3500,3500,3500,3500,3500,3500,3500,3500,3500,26.73999786376953,0.222442626953125,23.47118377685547,0.2052154541015625,0.2519073486328125,0.23532867431640625,0.26239013671875,2.7962112426757813,2.7828826904296875,0.25365447998046875,2.8290634155273438,0.31916046142578125,10.540031433105469,0.26348876953125,8.103080749511719,0.3808746337890625,0.41363525390625,0.38661956787109375,0.1853485107421875,37.731712341308594,0,201842.4217529297,212965.99084472656,0,34088599552,2147483648,8248123392,0
199,1787750598977,3500,3500,3500,3500,3500,3500,3500,3500,3500,3500,3500,3500,3500,3500,3500,3500,3500,3500,3500,3500,35.30506134033203,0.21921539306640625,45.290496826171875,0.15808868408203125,0.27864837646484375,2.8107452392578125,0.20722198486328125,0.3165283203125,0.2615509033203125,0.228363037109375,0.23661041259765625,2.7573089599609375,15.360565185546875,0.24605560302734375,2.8929595947265625,0.3770599365234375,0.26685333251953125,0.30118560791015625,0.21572113037109375,19.14069366455078,0,201851.03009033203,212972.45391845703,0,34088599552,2147483648,8249475072,0
200,1787750599177,3500,3500,3500,3500,3500,3500,3500,3500,3500,3500,3500,3500,3500,3500,3500,3500,3500,3500,3500,3500,25.327430725097656,2.748443603515625,61.697750091552734,0.16302490234375,0.2774200439453125,0.25353240966796875,2.7680282592773438,0.2830657958984375,0.42459869384765625,0.45513153076171875,0.3355865478515625,0.3873138427734375,12.010330200195313,0.2767181396484375,0.3695220947265625,2.885223388671875,0.3478851318359375,0.293212890625,0.275970458984375,12.131217956542969,0,201859.7459716797,212979.04754638672,0,34088599552,2147483648,8249475072,0
200,1787750599377,3500,3500,3500,3500,3500,3500,3500,3500,3500,3500,3500,3500,3500,3500,3500,3500,3500,3500,3500,3500,32.6024169921875,0.21083831787109375,46.93663024902344,0.21424102783203125,2.7722625732421875,0.25106048583984375,0.3412933349609375,0.28009033203125,0.5007247924804688,0.4984283447265625,0.42972564697265625,0.38271331787109375,0.408294677734375,0.31890869140625,0.40659332275390625,0.40045166015625,2.8998184204101563,2.8883285522460938,2.7501296997070313,25.593887329101563,0,201868.8759765625,212986.04681396484,0,34088599552,2147483648,8249475072,0
200,1787750599578,3500,3500,3500,3500,3500,3500,3500,3500,3500,3500,3500,3500,3500,3500,3500,3500,3500,3500,3500,3500,45.75531768798828,0.17063140869140625,50.10655975341797,2.6996536254882813,0.24681854248046875,0.636260986328125,0.23952484130859375,0.31561279296875,0.39658355712890625,2.3361740112304688,0.4556427001953125,0.33373260498046875,0.5900344848632813,2.7584152221679688,0.28580474853515625,0.25400543212890625,0.38315582275390625,0.35894012451171875,0.21601104736328125,12.509765625,0,201878.74731445313,212993.791015625,0,34088599552,2147483648,8249708544,0
200,1787750599778,3500,3500,3500,3500,3500,3500,3500,3500,3500,3500,3500,3500,3500,3500,3500,3500,3500,3500,3500,3500,36.170284271240234,0.28720855712890625,40.6341552734375,0.23567962646484375,0.28106689453125,0.36460113525390625,0.33908843994140625,2.8117218017578125,2.9920272827148438,1.0060272216796875,2.9692535400390625,0.39101409912109375,8.808555603027344,0.3402862548828125,0.40364837646484375,0.33065032958984375,0.43500518798828125,0.33579254150390625,0.287811279296875,40.11835861206055,0,201888.29071044922,213001.1767578125,0,34088599552,2147483648,8252346368,0
200,1787750599978,3500,3500,3500,3500,3500,3500,3500,3500,3500,3500,3500,3500,3500,3500,3500,3500,3500,3500,3500,3500,17.275726318359375,0.2267913818359375,55.4847526550293,0.1556549072265625,0.29058074951171875,2.8529129028320313,0.27304840087890625,0.2743988037109375,0.42620849609375,0.3431854248046875,0.34108734130859375,2.8763427734375,0.43309783935546875,0.28638458251953125,0.3909912109375,0.310516357421875,0.2534637451171875,0.29462432861328125,0.2020111083984375,30.990951538085938,0,201899.04315185547,213009.80236816406,0,34088599552,2147483648,8252416000,0
200,1787750600179,3500,3500,3500,3500,3500,3500,3500,3500,3500,3500,3500,3500,3500,3500,3500,3500,3500,3500,3500,3500,28.014068603515625,2.8487472534179688,66.27351379394531,0.22490692138671875,0.33882904052734375,0.3185272216796875,0.30820465087890625,0.33568572998046875,0.403076171875,0.40471649169921875,0.5130081176757813,0.50701904296875,0.383270263671875,0.32845306396484375,2.6837005615234375,2.8661041259765625,0.314239501953125,0.33069610595703125,0.32530975341796875,16.78667449951172,0,201909.05395507813,213017.6905517578,0,34088599552,2147483648,8252903424,0
200,1787750600379,3500,3500,3500,3500,3500,3500,3500,3500,3500,3500,3500,3500,3500,3500,3500,3500,3500,3500,3500,3500,25.17206573486328,0.200897216796875,69.87297058105469,0.14054107666015625,2.8320770263671875,3.2606353759765625,2.7539901733398438,0.23090362548828125,2.01959228515625,0.34743499755859375,0.4349517822265625,0.442138671875,0.340545654296875,0.25012969970703125,0.27988433837890625,0.246429443359375,2.7746658325195313,2.7913360595703125,2.7973785400390625,13.098121643066406,0,201920.02264404297,213026.5005493164,0,34088599552,2147483648,8257167360,0
200,1787750600579,3500,3500,3500,3500,3500,3500,3500,3500,3500,3500,3500,3500,3500,3500,3500,3500,3500,3500,3500,3500,40.768310546875,0.27465057373046875,64.50597381591797,2.7704010009765625,0.362640380859375,5.1168670654296875,0.8042831420898438,0.57196044921875,1.540740966796875,0.3553009033203125,0.3438262939453125,0.37012481689453125,74.76561737060547,2.7825241088867188,39.645606994628906,0.262420654296875,25.51557159423828,0.318817138671875,0.1986846923828125,88.87618255615234,0,201934.47772216797,213038.71606445313,0,34088599552,2147483648,8292921344,0
200,1787750600779,3500,3500,3500,3500,3500,3500,3500,3500,3500,3500,3500,3500,3500,3500,3500,3500,3500,3500,3500,3500,33.341392517089844,0.33397674560546875,66.79045104980469,0.30280303955078125,0.44158935546875,0.5890731811523438,0.5703887939453125,3.1085357666015625,2.9760360717773438,2.88311767578125,2.8340072631835938,0.370849609375,62.652801513671875,0.27123260498046875,22.793434143066406,0.28491973876953125,61.684085845947266,0.26288604736328125,0.28476715087890625,44.444000244140625,0,201948.98406982422,213051.03619384766,0,34088599552,2147483648,8299941888,0
200,1787750600980,3500,3500,3500,3500,3500,3500,3500,3500,3500,3500,3500,3500,3500,3500,3500,3500,3500,3500,3500,3500,33.063804626464844,0.27954864501953125,41.23394775390625,0.25043487548828125,0.352508544921875,0.48314666748046875,0.37873077392578125,0.3568572998046875,0.5717849731445313,0.31465911865234375,0.36025238037109375,2.8461456298828125,40.19349670410156,0.21707916259765625,6.28265380859375,0.27495574951171875,61.54712677001953,0.18941497802734375,0.260223388671875,32.62664794921875,0,201960.16339111328,213060.04193115234,0,34088599552,2147483648,8270360576,0
200,1787750601180,3500,3500,3500,3500,3500,3500,3500,3500,3500,3500,3500,3500,3500,3500,3500,3500,3500,3500,3500,3500,19.60400390625,0.279052734375,21.42595672607422,0.20035552978515625,0.3056488037109375,2.8332138061523438,0.25514984130859375,0.2552947998046875,0.39656829833984375,0.30484771728515625,0.2598876953125,0.26996612548828125,52.20802307128906,0.22290802001953125,2.8301239013671875,2.8141555786132813,0.28493499755859375,0.314483642578125,0.26422882080078125,24.79212188720703,0,201971.64617919922,213069.37365722656,0,34088599552,2147483648,8270356480,0
200,1787750601381,3500,3500,3500,3500,3500,3500,3500,3500,3500,3500,3500,3500,3500,3500,3500,3500,3500,3500,3500,3500,16.811859130859375,2.7107086181640625,35.84886169433594,0.1790771484375,2.7658767700195313,0.24078369140625,2.7832870483398438,0.318603515625,0.2441253662109375,0.38414764404296875,0.22576904296875,0.22527313232421875,2.7697219848632813,0.24048614501953125,0.31681060791015625,0.26009368896484375,2.7821884155273438,2.7942581176757813,2.68048095703125,51.0260009765625,0,201980.89910888672,213076.48876953125,0,34088599552,2147483648,8270131200,0
199,1787750601581,3500,3500,3500,3500,3500,3500,3500,3500,3500,3500,3500,3500,3500,3500,3500,3500,3500,3500,3500,3500,29.685150146484375,0.23056793212890625,67.32757568359375,2.7242889404296875,0.27431488037109375,0.32330322265625,0.3346405029296875,0.2348175048828125,0.4184417724609375,0.49179840087890625,0.41469573974609375,0.4947967529296875,0.38408660888671875,2.8069381713867188,0.31821441650390625,0.2793121337890625,0.298583984375,0.29329681396484375,0.238311767578125,14.329673767089844,0,201989.20599365234,213082.66186523438,0,34088599552,2147483648,8269819904,0
200,1787750601781,3500,3500,3500,3500,3500,3500,3500,3500,3500,3500,3500,3500,3500,3500,3500,3500,3500,3500,3500,3500,42.296627044677734,0.25066375732421875,22.475906372070313,0.27565765380859375,0.31134033203125,0.34283447265625,0.31609344482421875,2.822174072265625,2.9181442260742188,2.9567794799804688,2.893402099609375,0.43030548095703125,10.980514526367188,0.2776031494140625,0.3455810546875,0.321441650390625,0.31104278564453125,0.324188232421875,0.25336456298828125,30.828582763671875,0,201998.81872558594,213090.15002441406,0,34088599552,2147483648,8269799424,0
200,1787750601981,3500,3500,3500,3500,3500,3500,3500,3500,3500,3500,3500,3500,3500,3500,3500,3500,3500,3500,3500,3500,28.889251708984375,0.2596588134765625,41.73989486694336,0.18627166748046875,0.365264892578125,0.49761199951171875,0.35663604736328125,0.4295654296875,0.32305908203125,0.44074249267578125,0.338623046875,2.8634109497070313,10.562019348144531,0.26494598388671875,16.08849334716797,0.2706298828125,0.30275726318359375,0.259307861328125,0.24269866943359375,12.007469177246094,0,202008.1318359375,213097.32098388672,0,34088599552,2147483648,8269012992,0
200,1787750602182,3500,3500,3500,3500,3500,3500,3500,3500,3500,3500,3500,3500,3500,3500,3500,3500,3500,3500,3500,3500,33.76597595214844,0.2689056396484375,25.335647583007813,0.23628997802734375,0.2454833984375,2.96929931640625,0.3244476318359375,0.32764434814453125,0.4376678466796875,0.45510101318359375,0.3707427978515625,0.48287200927734375,15.734245300292969,0.30536651611328125,2.9181060791015625,2.8689651489257813,0.29582977294921875,0.274749755859375,0.2639617919921875,33.73435974121094,0,202016.94744873047,213104.00994873047,0,34088599552,2147483648,8269012992,0
199,1787750602382,3500,3500,3500,3500,3500,3500,3500,3500,3500,3500,3500,3500,3500,3500,3500,3500,3500,3500,3500,3500,32.861839294433594,2.7986526489257813,26.49071502685547,0.2456207275390625,2.8507156372070313,0.21784210205078125,2.8843841552734375,0.2337493896484375,0.5240097045898438,0.438629150390625,0.40586090087890625,0.5089035034179688,15.709213256835938,0.31444549560546875,0.3675079345703125,0.36771392822265625,2.8369522094726563,2.8474273681640625,2.7800445556640625,33.007469177246094,0,202026.25634765625,213111.17626953125,0,34088599552,2147483648,8268992512,0
200,1787750602582,3500,3500,3500,3500,3500,3500,3500,3500,3500,3500,3500,3500,3500,3500,3500,3500,3500,3500,3500,3500,24.46002960205078,0.206939697265625,17.086097717285156,2.8176345825195313,0.2996063232421875,0.28081512451171875,0.20703887939453125,0.3050537109375,0.470306396484375,0.40027618408203125,0.38253021240234375,0.480499267578125,0.47565460205078125,2.799041748046875,0.3784332275390625,0.35878753662109375,0.29570770263671875,0.26161956787109375,0.16139984130859375,65.5892333984375,0,202034.51544189453,213117.30950927734,0,34088599552,2147483648,8268881920,0
200,1787750602782,3500,3500,3500,3500,3500,3500,3500,3500,3500,3500,3500,3500,3500,3500,3500,3500,3500,3500,3500,3500,34.31781005859375,0.2274932861328125,39.40233612060547,0.22005462646484375,0.25899505615234375,0.6901702880859375,0.24810791015625,2.8500289916992188,2.9445343017578125,2.8661041259765625,2.8610153198242188,0.4379119873046875,2.874298095703125,0.2636871337890625,0.375457763671875,0.33946990966796875,0.26743316650390625,0.29299163818359375,0.23772430419921875,34.71014404296875,0,202043.0365600586,213123.69482421875,0,34088599552,2147483648,8268886016,0
200,1787750602983,3500,3500,3500,3500,3500,3500,3500,3500,3500,3500,3500,3500,3500,3500,3500,3500,3500,3500,3500,3500,40.84727096557617,0.2404022216796875,25.24982452392578,0.2469024658203125,0.27068328857421875,0.27902984619140625,0.34903717041015625,0.34703826904296875,0.5114898681640625,0.379669189453125,0.39231109619140625,2.923736572265625,16.164352416992188,0.29701995849609375,0.417449951171875,0.4167022705078125,0.32050323486328125,0.3568878173828125,0.2490997314453125,22.76837158203125,0,202052.41802978516,213130.95379638672,0,34088599552,2147483648,8268886016,0
199,1787750603183,3500,3500,3500,3500,3500,3500,3500,3500,3500,3500,3500,3500,3500,3500,3500,3500,3500,3500,3500,3500,43.10942840576172,0.1936492919921875,25.626373291015625,0.22974395751953125,0.26393890380859375,2.8061599731445313,0.30532073974609375,0.2220001220703125,0.47745513916015625,0.365875244140625,0.350006103515625,0.37496185302734375,8.029792785644531,0.2750701904296875,2.8693161010742188,2.8647232055664063,0.3772125244140625,0.37481689453125,0.19300079345703125,31.144088745117188,0,202060.92138671875,213137.32000732422,0,34088599552,2147483648,8268886016,0
200,1787750603383,3500,3500,3500,3500,3500,3500,3500,3500,3500,3500,3500,3500,3500,3500,3500,3500,3500,3500,3500,3500,32.01110076904297,2.7807235717773438,27.433692932128906,0.2105255126953125,2.796417236328125,0.27959442138671875,2.8203125,0.256103515625,0.49396514892578125,0.47377777099609375,0.3663177490234375,0.45383453369140625,24.232070922851563,0.25055694580078125,3.8229446411132813,0.27994537353515625,3.2565994262695313,2.8962326049804688,2.7794265747070313,38.68719482421875,0,202070.07598876953,213144.32067871094,0,34088599552,2147483648,8268886016,0
200,1787750603583,3500,3500,3500,3500,3500,3500,3500,3500,3500,3500,3500,3500,3500,3500,3500,3500,3500,3500,3500,3500,24.493453979492188,0.22133636474609375,58.311702728271484,2.6930999755859375,0.2909088134765625,0.24713897705078125,0.25298309326171875,0.33173370361328125,0.5030136108398438,0.48439788818359375,0.45819854736328125,0.4975738525390625,6.5850830078125,2.867279052734375,0.3646697998046875,0.29630279541015625,0.3048858642578125,0.3132171630859375,0.23146820068359375,18.91625213623047,0,202080.52294921875,213152.6239013672,0,34088599552,2147483648,8268951552,0
200,1787750603784,3500,3500,3500,3500,3500,3500,3500,3500,3500,3500,3500,3500,3500,3500,3500,3500,3500,3500,3500,3500,27.92176055908203,0.21990966796875,42.95805358886719,0.18235015869140625,0.25731658935546875,1.2200088500976563,0.2886810302734375,2.8223953247070313,2.8479156494140625,2.8260879516601563,2.7930221557617188,0.2652587890625,25.94318389892578,0.2349395751953125,0.28054046630859375,0.25276947021484375,0.2966766357421875,0.27045440673828125,0.208221435546875,10.864585876464844,0,202089.42291259766,213159.40747070313,0,34088599552,2147483648,8268935168,0
200,1787750603984,3500,3500,3500,3500,3500,3500,3500,3500,3500,3500,3500,3500,3500,3500,3500,3500,3500,3500,3500,3500,31.45972442626953,0.2793426513671875,58.33578109741211,0.244232177734375,0.40975189208984375,0.5202865600585938,0.4822235107421875,0.5388107299804688,0.5311737060546875,0.44591522216796875,0.37823486328125,2.9311599731445313,3.5467376708984375,0.395721435546875,0.36255645751953125,0.34497833251953125,0.388031005859375,0.34062957763671875,0.31580352783203125,10.9853515625,0,202099.21807861328,213167.0845336914,0,34088599552,2147483648,8268935168,0
200,1787750604184,3500,3500,3500,3500,3500,3500,3500,3500,3500,3500,3500,3500,3500,3500,3500,3500,3500,3500,3500,3500,22.347793579101563,0.2302703857421875,21.477157592773438,0.16387176513671875,0.30908203125,2.9531631469726563,0.2986602783203125,0.43239593505859375,0.35767364501953125,0.271270751953125,0.20278167724609375,0.25989532470703125,13.582389831542969,0.27166748046875,39.323726654052734,2.7352142333984375,0.2432403564453125,0.25301361083984375,0.2088165283203125,17.810653686523438,0,202107.8311767578,213173.64776611328,0,34088599552,2147483648,8268939264,0
200,1787750604385,3500,3500,3500,3500,3500,3500,3500,3500,3500,3500,3500,3500,3500,3500,3500,3500,3500,3500,3500,3500,36.1337776184082,2.7566757202148438,37.64999771118164,0.19350433349609375,2.860443115234375,0.647857666015625,2.856201171875,0.441619873046875,0.3199310302734375,0.32791900634765625,0.1983489990234375,0.22809600830078125,7.344810485839844,0.28444671630859375,0.35546875,0.3024139404296875,1.7819976806640625,2.7967987060546875,2.7725448608398438,26.23094940185547,0,202117.25927734375,213180.99481201172,0,34088599552,2147483648,8268939264,0
200,1787750604585,3500,3500,3500,3500,3500,3500,3500,3500,3500,3500,3500,3500,3500,3500,3500,3500,3500,3500,3500,3500,32.281776428222656,0.230194091796875,40.128868103027344,2.725799560546875,0.45793914794921875,0.383758544921875,0.437835693359375,0.4990997314453125,0.3911895751953125,0.48493194580078125,0.359710693359375,0.3634490966796875,0.9916152954101563,2.8740234375,0.41408538818359375,0.42156982421875,1.29425048828125,0.31475830078125,0.22435760498046875,34.579872131347656,0,202127.24475097656,213188.70874023438,0,34088599552,2147483648,8268996608,0
200,1787750604785,3500,3500,3500,3500,3500,3500,3500,3500,3500,3500,3500,3500,3500,3500,3500,3500,3500,3500,3500,3500,46.54151916503906,0.19930267333984375,31.698394775390625,0.26212310791015625,0.42452239990234375,0.5719375610351563,0.40599822998046875,3.0095138549804688,2.8746337890625,2.8802719116210938,2.86334228515625,0.37618255615234375,2.9306640625,0.30602264404296875,0.41243743896484375,0.4121856689453125,0.302276611328125,0.3109130859375,0.24609375,26.351287841796875,0,202136.0948486328,213195.4385986328,0,34088599552,2147483648,8268996608,0
200,1787750604986,3500,3500,3500,3500,3500,3500,3500,3500,3500,3500,3500,3500,3500,3500,3500,3500,3500,3500,3500,3500,32.646385192871094,0.20983123779296875,36.5997200012207,0.16704559326171875,0.35520172119140625,0.45455169677734375,0.33683013916015625,0.4524078369140625,0.23189544677734375,0.27667236328125,0.30817413330078125,0.2321929931640625,0.3084259033203125,0.291351318359375,0.37152862548828125,0.3691864013671875,0.2948455810546875,0.32265472412109375,0.18561553955078125,37.470882415771484,0,202144.5874633789,213201.7915649414,0,34088599552,2147483648,8268996608,0
200,1787750605186,3500,3500,3500,3500,3500,3500,3500,3500,3500,3500,3500,3500,3500,3500,3500,3500,3500,3500,3500,3500,44.73227310180664,0.22949981689453125,22.33161163330078,0.218170166015625,0.42102813720703125,2.9384841918945313,0.34954071044921875,0.46389007568359375,0.22490692138671875,0.26531982421875,0.261383056640625,2.8145065307617188,7.9113311767578125,0.2754974365234375,2.9992523193359375,2.9019699096679688,0.36834716796875,0.37044525146484375,0.1987152099609375,33.188018798828125,0,202154.1713256836,213209.24450683594,0,34088599552,2147483648,8268980224,0
199,1787750605386,3500,3500,3500,3500,3500,3500,3500,3500,3500,3500,3500,3500,3500,3500,3500,3500,3500,3500,3500,3500,40.73413848876953,2.7555084228515625,43.37838363647461,0.21100616455078125,2.849517822265625,0.3092498779296875,2.841827392578125,0.37860107421875,0.36623382568359375,0.30027008056640625,0.336639404296875,0.2752227783203125,8.182708740234375,0.33853912353515625,0.42725372314453125,0.42061614990234375,0.33025360107421875,2.8715667724609375,2.841583251953125,15.08441162109375,0,202162.9609375,213215.91284179688,0,34088599552,2147483648,8268980224,0
200,1787750605587,3500,3500,3500,3500,3500,3500,3500,3500,3500,3500,3500,3500,3500,3500,3500,3500,3500,3500,3500,3500,26.319236755371094,0.2224884033203125,72.44892883300781,2.6693191528320313,0.3512725830078125,0.45647430419921875,0.41544342041015625,0.358917236328125,0.18735504150390625,0.29175567626953125,0.24237823486328125,0.2787628173828125,0.33393096923828125,2.832733154296875,0.37056732177734375,0.35077667236328125,2.7903060913085938,0.27276611328125,0.2121429443359375,15.631736755371094,0,202173.28692626953,213224.09893798828,0,34088599552,2147483648,8269078528,0
200,1787750605787,3500,3500,3500,3500,3500,3500,3500,3500,3500,3500,3500,3500,3500,3500,3500,3500,3500,3500,3500,3500,29.00481414794922,0.202606201171875,56.9975471496582,0.17836761474609375,0.36666107177734375,1.7370223999023438,0.28156280517578125,2.8212814331054688,2.8053207397460938,2.8040237426757813,2.8123092651367188,0.2816619873046875,2.9780502319335938,0.28545379638671875,0.39214324951171875,0.38191986083984375,0.28226470947265625,0.313690185546875,0.20784759521484375,18.087783813476563,0,202181.875,213230.53814697266,0,34088599552,2147483648,8269078528,0
200,1787750605987,3500,3500,3500,3500,3500,3500,3500,3500,3500,3500,3500,3500,3500,3500,3500,3500,3500,3500,3500,3500,37.280372619628906,0.24250030517578125,13.591896057128906,0.25858306884765625,0.276458740234375,0.24015045166015625,0.32391357421875,0.2711181640625,0.30648040771484375,0.306182861328125,0.36761474609375,0.2935943603515625,8.358795166015625,0.3018341064453125,0.3217620849609375,0.3626251220703125,0.34344482421875,0.3803558349609375,0.16033172607421875,46.98771286010742,0,202190.91680908203,213237.47271728516,0,34088599552,2147483648,8269078528,0
200,1787750606188,3500,3500,3500,3500,3500,3500,3500,3500,3500,3500,3500,3500,3500,3500,3500,3500,3500,3500,3500,3500,36.9046745300293,0.22568511962890625,58.17473220825195,0.1848907470703125,0.29503631591796875,2.8791351318359375,0.3167572021484375,0.2521514892578125,0.27591705322265625,0.33663177490234375,0.21555328369140625,2.8093338012695313,0.43529510498046875,0.285003662109375,2.822967529296875,2.7794265747070313,0.298431396484375,0.3162078857421875,0.26238250732421875,15.298431396484375,0,202201.10900878906,213245.53350830078,0,34088599552,2147483648,8269078528,0
200,1787750606388,3500,3500,3500,3500,3500,3500,3500,3500,3500,3500,3500,3500,3500,3500,3500,3500,3500,3500,3500,3500,29.836441040039063,2.7577362060546875,52.264530181884766,0.16474151611328125,0.37528228759765625,1.490081787109375,2.8502731323242188,0.30606842041015625,0.277099609375,0.31101226806640625,0.2386016845703125,0.28813934326171875,11.222511291503906,0.2433929443359375,2.0155181884765625,0.27895355224609375,0.3891143798828125,2.842132568359375,2.8217086791992188,30.148948669433594,0,202210.07293701172,213252.33142089844,0,34088599552,2147483648,8270028800,0
200,1787750606588,3500,3500,3500,3500,3500,3500,3500,3500,3500,3500,3500,3500,3500,3500,3500,3500,3500,3500,3500,3500,27.90239715576172,0.2404937744140625,26.646652221679688,2.7448043823242188,2.9452133178710938,0.3565521240234375,0.32879638671875,0.39469146728515625,0.251678466796875,0.36414337158203125,0.28926849365234375,0.271697998046875,0.3574981689453125,2.8248672485351563,8.288459777832031,0.2818756103515625,2.8287582397460938,0.34781646728515625,0.20111083984375,44.93256378173828,0,202218.96856689453,213259.09045410156,0,34088599552,2147483648,8270368768,0
199,1787750606788,3500,3500,3500,3500,3500,3500,3500,3500,3500,3500,3500,3500,3500,3500,3500,3500,3500,3500,3500,3500,40.506446838378906,0.1915740966796875,37.440269470214844,0.180328369140625,0.4032745361328125,0.6193695068359375,0.3611602783203125,3.000640869140625,2.8219528198242188,2.8320999145507813,2.7908859252929688,0.27933502197265625,9.845123291015625,0.28203582763671875,0.34702301025390625,0.3089599609375,0.31980133056640625,0.3467254638671875,0.2319793701171875,19.22393798828125,0,202226.90991210938,213264.90881347656,0,34088599552,2147483648,8270643200,0
200,1787750606988,3500,3500,3500,3500,3500,3500,3500,3500,3500,3500,3500,3500,3500,3500,3500,3500,3500,3500,3500,3500,39.81393814086914,0.1953582763671875,31.41595458984375,0.25,0.342376708984375,0.34227752685546875,0.35247802734375,0.4705047607421875,0.27099609375,0.23035430908203125,0.230255126953125,0.32268524169921875,10.20635986328125,0.29538726806640625,0.38732147216796875,0.39171600341796875,0.3854217529296875,0.3935699462890625,0.21715545654296875,24.6859130859375,0,202236.0281982422,213271.90692138672,0,34088599552,2147483648,8270643200,0
200,1787750607189,3500,3500,3500,3500,3500,3500,3500,3500,3500,3500,3500,3500,3500,3500,3500,3500,3500,3500,3500,3500,37.917667388916016,0.17848968505859375,43.317691802978516,0.17684173583984375,0.31597900390625,2.8162765502929688,0.31662750244140625,0.308685302734375,0.22953033447265625,0.23871612548828125,0.2706298828125,2.7658309936523438,16.061080932617188,0.27017974853515625,2.8556747436523438,0.3200225830078125,0.36077117919921875,0.35837554931640625,0.19012451171875,14.948196411132813,0,202246.134765625,213279.8770751953,0,34088599552,2147483648,8273145856,0
200,1787750607389,3500,3500,3500,3500,3500,3500,3500,3500,3500,3500,3500,3500,3500,3500,3500,3500,3500,3500,3500,3500,45.436248779296875,2.8019790649414063,21.25745391845703,0.25665283203125,0.31927490234375,0.3819580078125,2.8828887939453125,0.3073883056640625,0.5091094970703125,0.3995819091796875,0.5161972045898438,0.5059127807617188,11.922195434570313,0.32851409912109375,0.3120880126953125,2.8418350219726563,0.41316986083984375,2.9505081176757813,1.2270660400390625,28.323158264160156,0,202256.7817993164,213288.3890991211,0,34088599552,2147483648,8273350656,0
200,1787750607589,3500,3500,3500,3500,3500,3500,3500,3500,3500,3500,3500,3500,3500,3500,3500,3500,3500,3500,3500,3500,31.219314575195313,0.2539825439453125,38.05846405029297,2.802886962890625,2.7798690795898438,0.3225860595703125,0.31060791015625,0.3132476806640625,0.5321884155273438,0.41375732421875,0.41205596923828125,0.42034912109375,35.571075439453125,2.7824630737304688,0.30281829833984375,0.33112335205078125,2.9321517944335938,0.4062652587890625,1.770416259765625,3.4653854370117188,0,202265.72595214844,213295.2095336914,0,34088599552,2147483648,8273367040,0
199,1787750607790,3500,3500,3500,3500,3500,3500,3500,3500,3500,3500,3500,3500,3500,3500,3500,3500,3500,3500,3500,3500,28.72046661376953,0.14351654052734375,27.504234313964844,0.07855224609375,0.15764617919921875,0.16513824462890625,0.12374114990234375,2.7638397216796875,3.49359130859375,2.7463607788085938,2.7704238891601563,0.23724365234375,2.538177490234375,0.218719482421875,0.1920013427734375,0.21147918701171875,0.2938690185546875,0.29467010498046875,0.1208953857421875,49.40149688720703,0,202275.4370727539,213302.77911376953,0,34088599552,2147483648,8278130688,0
200,1787750607990,3500,3500,3500,3500,3500,3500,3500,3500,3500,3500,3500,3500,3500,3500,3500,3500,3500,3500,3500,3500,28.411575317382813,0.3020782470703125,65.23085021972656,0.2342071533203125,0.37979888916015625,0.34285736083984375,0.3452606201171875,0.3838958740234375,0.5657196044921875,0.5371322631835938,0.5797653198242188,0.44387054443359375,2.8625869750976563,0.388641357421875,0.38904571533203125,0.36724853515625,0.47396087646484375,0.473907470703125,0.39778900146484375,10.635185241699219,0,202283.32934570313,213308.55541992188,0,34088599552,2147483648,8278241280,0
200,1787750608190,3500,3500,3500,3500,3500,3500,3500,3500,3500,3500,3500,3500,3500,3500,3500,3500,3500,3500,3500,3500,51.70728302001953,0.22032928466796875,35.39776611328125,0.23748016357421875,0.32225799560546875,2.8728256225585938,0.33577728271484375,0.27687835693359375,0.40140533447265625,0.3494873046875,0.400909423828125,2.9263839721679688,8.403091430664063,0.317474365234375,2.83203125,0.33911895751953125,0.3899383544921875,0.39746856689453125,0.29193878173828125,12.997787475585938,0,202291.93969726563,213315.02545166016,0,34088599552,2147483648,8278241280,0
200,1787750608390,3500,3500,3500,3500,3500,3500,3500,3500,3500,3500,3500,3500,3500,3500,3500,3500,3500,3500,3500,3500,21.80554962158203,2.8022613525390625,58.84756851196289,0.18291473388671875,0.27410125732421875,0.8131103515625,2.8376388549804688,0.2246856689453125,0.3158721923828125,0.30242919921875,0.29009246826171875,0.31491851806640625,8.048896789550781,0.2952880859375,0.3022308349609375,2.8007125854492188,0.31097412109375,0.30142974853515625,0.2432708740234375,18.197219848632813,0,202301.33282470703,213322.28564453125,0,34088599552,2147483648,8278380544,0
199,1787750608591,3500,3500,3500,3500,3500,3500,3500,3500,3500,3500,3500,3500,3500,3500,3500,3500,3500,3500,3500,3500,40.24321746826172,0.16724395751953125,19.100372314453125,2.6745758056640625,2.7875137329101563,0.27335357666015625,0.26436614990234375,0.20871734619140625,0.2021331787109375,0.26651763916015625,0.30429840087890625,0.24610137939453125,0.42023468017578125,2.848602294921875,0.24285888671875,0.247650146484375,2.8161163330078125,2.8047332763671875,2.6782150268554688,51.56681823730469,0,202310.55029296875,213329.35931396484,0,34088599552,2147483648,8282460160,0
199,1787750608791,3500,3500,3500,3500,3500,3500,3500,3500,3500,3500,3500,3500,3500,3500,3500,3500,3500,3500,3500,3500,43.876548767089844,0.21094512939453125,24.195037841796875,0.248687744140625,0.303619384765625,0.26853179931640625,0.2606353759765625,2.7636795043945313,2.7638778686523438,2.7979202270507813,2.7672271728515625,0.357757568359375,16.44361114501953,0.27337646484375,0.35405731201171875,0.32021331787109375,0.41344451904296875,0.40439605712890625,0.25933074951171875,21.71758270263672,0,202320.01098632813,213336.6826171875,0,34088599552,2147483648,8283377664,0
200,1787750608991,3500,3500,3500,3500,3500,3500,3500,3500,3500,3500,3500,3500,3500,3500,3500,3500,3500,3500,3500,3500,43.35945510864258,0.22901153564453125,29.571800231933594,0.224365234375,0.46692657470703125,0.37316131591796875,0.37575531005859375,0.4442291259765625,0.30853271484375,0.27489471435546875,0.310882568359375,0.25055694580078125,11.138053894042969,0.37340545654296875,0.404998779296875,0.38880157470703125,0.41594696044921875,0.412445068359375,0.245758056640625,23.10918426513672,0,202329.63970947266,213344.1978149414,0,34088599552,2147483648,8283721728,0
200,1787750609191,3500,3500,3500,3500,3500,3500,3500,3500,3500,3500,3500,3500,3500,3500,3500,3500,3500,3500,3500,3500,30.27490997314453,0.22841644287109375,43.11317443847656,0.165435791015625,0.44101715087890625,2.87188720703125,0.37918853759765625,0.46308135986328125,0.23136138916015625,0.305023193359375,0.237548828125,2.786651611328125,0.6135406494140625,0.5084915161132813,2.8344573974609375,0.3155059814453125,0.40982818603515625,0.39804840087890625,0.22582244873046875,35.62408447265625,0,202339.92547607422,213352.34881591797,0,34088599552,2147483648,8283705344,0
199,1787750609391,3500,3500,3500,3500,3500,3500,3500,3500,3500,3500,3500,3500,3500,3500,3500,3500,3500,3500,3500,3500,42.0885009765625,2.7107086181640625,46.65564727783203,0.1594390869140625,0.41266632080078125,0.5427322387695313,3.0462265014648438,0.5094528198242188,0.351409912109375,0.23883819580078125,0.26671600341796875,0.29425048828125,0.5213470458984375,0.44045257568359375,0.3349761962890625,2.8429183959960938,0.294647216796875,0.306793212890625,0.2467803955078125,21.451576232910156,0,202351.2401123047,213361.51818847656,0,34088599552,2147483648,8286109696,0
200,1787750609591,3500,3500,3500,3500,3500,3500,3500,3500,3500,3500,3500,3500,3500,3500,3500,3500,3500,3500,3500,3500,26.39618682861328,0.2322235107421875,64.87789916992188,2.729248046875,3.01849365234375,0.558502197265625,0.5268173217773438,0.49808502197265625,0.296844482421875,0.305084228515625,0.29094696044921875,0.240570068359375,0.446014404296875,2.8942642211914063,0.41907501220703125,0.41707611083984375,2.8134078979492188,2.8177032470703125,2.7934646606445313,18.809059143066406,0,202359.63439941406,213367.78704833984,0,34088599552,2147483648,8286068736,0
200,1787750609791,3500,3500,3500,3500,3500,3500,3500,3500,3500,3500,3500,3500,3500,3500,3500,3500,3500,3500,3500,3500,32.63025665283203,0.22634124755859375,47.81364059448242,0.15139007568359375,0.3209686279296875,8.254592895507813,0.34844970703125,2.777862548828125,18.475433349609375,2.7829055786132813,2.876495361328125,0.267059326171875,3.3388595581054688,0.27825164794921875,0.3792266845703125,0.380828857421875,0.27350616455078125,0.28224945068359375,0.20270538330078125,26.960861206054688,0,202369.96240234375,213375.9852294922,0,34088599552,2147483648,8285605888,0
200,1787750609992,3500,3500,3500,3500,3500,3500,3500,3500,3500,3500,3500,3500,3500,3500,3500,3500,3500,3500,3500,3500,50.6648063659668,0.20281982421875,32.959197998046875,0.20775604248046875,0.25922393798828125,0.389007568359375,0.2661590576171875,0.19303131103515625,0.319122314453125,0.46533203125,0.3255615234375,0.34253692626953125,17.281753540039063,0.24854278564453125,1.2727584838867188,0.40657806396484375,0.43743133544921875,0.29526519775390625,0.2495880126953125,24.3995361328125,0,202378.89971923828,213382.91052246094,0,34088599552,2147483648,8286183424,0
200,1787750610192,3500,3500,3500,3500,3500,3500,3500,3500,3500,3500,3500,3500,3500,3500,3500,3500,3500,3500,3500,3500,12.390541076660156,0.3012847900390625,23.72393035888672,0.22461700439453125,0.32173919677734375,2.8454208374023438,0.3015899658203125,0.30462646484375,0.43981170654296875,0.51348876953125,0.3889312744140625,2.9367523193359375,15.556304931640625,0.3148040771484375,10.742240905761719,0.37924957275390625,8.002021789550781,0.3212890625,0.24576568603515625,41.3257942199707,0,202388.94580078125,213391.09149169922,0,34088599552,2147483648,8286183424,0
200,1787750610393,3500,3500,3500,3500,3500,3500,3500,3500,3500,3500,3500,3500,3500,3500,3500,3500,3500,3500,3500,3500,30.30512237548828,2.76995849609375,42.54888916015625,0.22125244140625,0.28226470947265625,0.942230224609375,2.9051055908203125,0.243499755859375,0.5530548095703125,0.4786224365234375,0.44579315185546875,0.3988037109375,15.845550537109375,0.26495361328125,0.3621826171875,2.903411865234375,0.3339996337890625,0.36712646484375,0.22264862060546875,18.53070068359375,0,202397.33197021484,213396.95440673828,0,34088599552,2147483648,8286461952,0
200,1787750610593,3500,3500,3500,3500,3500,3500,3500,3500,3500,3500,3500,3500,3500,3500,3500,3500,3500,3500,3500,3500,27.010986328125,0.195281982421875,23.930328369140625,0.22900390625,2.81488037109375,0.31792449951171875,0.3382568359375,0.2787628173828125,0.4445648193359375,0.484283447265625,0.487579345703125,0.373382568359375,0.420684814453125,2.7985458374023438,0.38941192626953125,0.39775848388671875,2.7878570556640625,2.8727340698242188,2.7296524047851563,56.31919479370117,0,202405.97662353516,213403.56036376953,0,34088599552,2147483648,8286519296,0
200,1787750610793,3500,3500,3500,3500,3500,3500,3500,3500,3500,3500,3500,3500,3500,3500,3500,3500,3500,3500,3500,3500,16.140281677246094,0.244384765625,22.64928436279297,2.7382965087890625,0.2524261474609375,0.77789306640625,0.28108978271484375,2.810516357421875,2.8721466064453125,2.8748931884765625,2.8336410522460938,0.27050018310546875,18.157363891601563,0.242584228515625,24.786834716796875,0.32729339599609375,0.26520538330078125,0.26910400390625,0.22145843505859375,33.13536834716797,0,202414.3344116211,213409.6630859375,0,34088599552,2147483648,8286969856,0
200,1787750610993,3500,3500,3500,3500,3500,3500,3500,3500,3500,3500,3500,3500,3500,3500,3500,3500,3500,3500,3500,3500,24.628463745117188,0.2585906982421875,42.604942321777344,0.232574462890625,0.30217742919921875,0.33078765869140625,0.29998016357421875,0.30707550048828125,0.5262680053710938,0.5065460205078125,0.5482864379882813,0.5049972534179688,2.8834381103515625,0.3009796142578125,0.426055908203125,0.417022705078125,0.3049774169921875,0.338531494140625,0.23157501220703125,37.81795883178711,0,202422.9228515625,213416.56372070313,0,34088599552,2147483648,8287039488,0
200,1787750611194,3500,3500,3500,3500,3500,3500,3500,3500,3500,3500,3500,3500,3500,3500,3500,3500,3500,3500,3500,3500,26.16124725341797,0.21465301513671875,17.733108520507813,0.26770782470703125,0.2580718994140625,5.601676940917969,0.2553253173828125,0.20856475830078125,0.31995391845703125,0.3723602294921875,0.40689849853515625,2.88690185546875,16.867813110351563,0.2454986572265625,2.8830108642578125,0.35349273681640625,0.3555908203125,0.37764739990234375,0.15236663818359375,47.55577850341797,0,202433.60675048828,213424.8604736328,0,34088599552,2147483648,8287039488,0
200,1787750611394,3500,3500,3500,3500,3500,3500,3500,3500,3500,3500,3500,3500,3500,3500,3500,3500,3500,3500,3500,3500,33.55717468261719,2.774749755859375,34.9295654296875,0.26613616943359375,0.3506317138671875,0.32529449462890625,2.8734893798828125,0.334686279296875,0.3714141845703125,0.38665771484375,0.5003814697265625,0.3799591064453125,6.3878326416015625,0.30075836181640625,0.3152008056640625,2.8619461059570313,0.435577392578125,0.43477630615234375,0.24504852294921875,32.18244171142578,0,202442.03649902344,213431.5028076172,0,34088599552,2147483648,8287039488,0
199,1787750611594,3500,3500,3500,3500,3500,3500,3500,3500,3500,3500,3500,3500,3500,3500,3500,3500,3500,3500,3500,3500,42.20771408081055,0.19612884521484375,38.52950668334961,0.16485595703125,2.9017791748046875,0.26117706298828125,0.33600616455078125,0.408294677734375,0.33925628662109375,0.34439849853515625,0.4766845703125,0.33690643310546875,0.442413330078125,2.7979736328125,0.3182220458984375,0.29079437255859375,2.8999862670898438,2.9290542602539063,2.701507568359375,28.81598663330078,0,202451.41888427734,213438.18438720703,0,34088599552,2147483648,8287481856,0
200,1787750611794,3500,3500,3500,3500,3500,3500,3500,3500,3500,3500,3500,3500,3500,3500,3500,3500,3500,3500,3500,3500,16.056838989257813,0.256439208984375,23.119216918945313,2.757720947265625,0.45855712890625,1.606109619140625,0.41717529296875,2.9067611694335938,0.46185302734375,2.9567337036132813,3.0518417358398438,0.37534332275390625,15.700187683105469,0.40032958984375,0.44110870361328125,0.41262054443359375,0.5568084716796875,0.5662612915039063,0.20276641845703125,50.25531768798828,0,202459.8702392578,213444.52404785156,0,34088599552,2147483648,8287477760,0
200,1787750611995,3500,3500,3500,3500,3500,3500,3500,3500,3500,3500,3500,3500,3500,3500,3500,3500,3500,3500,3500,3500,32.19169616699219,0.3052978515625,53.70793151855469,0.18035888671875,0.36774444580078125,0.3004608154296875,0.4034576416015625,0.32241058349609375,2.9836807250976563,0.45662689208984375,0.38979339599609375,0.47827911376953125,2.9347000122070313,0.30814361572265625,0.40689849853515625,0.40500640869140625,0.533538818359375,0.526458740234375,0.3221588134765625,18.47833251953125,0,202469.1923828125,213451.72137451172,0,34088599552,2147483648,8287461376,0
200,1787750612195,3500,3500,3500,3500,3500,3500,3500,3500,3500,3500,3500,3500,3500,3500,3500,3500,3500,3500,3500,3500,31.041961669921875,0.21974945068359375,40.493080139160156,0.163330078125,0.4581146240234375,2.8878021240234375,0.38153839111328125,0.3818359375,0.43212127685546875,0.45900726318359375,0.36028289794921875,2.92431640625,0.3248138427734375,0.28061676025390625,2.8451004028320313,0.36212921142578125,0.511138916015625,0.5147323608398438,0.24784088134765625,35.94579315185547,0,202479.15264892578,213459.52807617188,0,34088599552,2147483648,8287662080,0
200,1787750612395,3500,3500,3500,3500,3500,3500,3500,3500,3500,3500,3500,3500,3500,3500,3500,3500,3500,3500,3500,3500,35.219207763671875,2.81719970703125,16.85565185546875,0.27523040771484375,0.494232177734375,0.94390869140625,2.9553909301757813,0.490234375,0.48114776611328125,0.5354843139648438,0.38095855712890625,0.3973388671875,0.49462890625,0.298309326171875,0.38060760498046875,2.9104385375976563,0.540374755859375,0.5539093017578125,0.1997222900390625,56.61396789550781,0,202490.8784790039,213469.1421508789,0,34088599552,2147483648,8287662080,0
200,1787750612596,3500,3500,3500,3500,3500,3500,3500,3500,3500,3500,3500,3500,3500,3500,3500,3500,3500,3500,3500,3500,21.522239685058594,0.31717681884765625,31.90167999267578,0.26320648193359375,2.9648361206054688,0.45075225830078125,0.458587646484375,0.3845672607421875,0.42087554931640625,0.5369949340820313,0.4381866455078125,0.4046630859375,8.059394836425781,1.2189865112304688,0.4066619873046875,0.38341522216796875,3.0044403076171875,3.02020263671875,2.7713546752929688,46.53168869018555,0,202498.56414794922,213474.69891357422,0,34088599552,2147483648,8287608832,0
200,1787750612796,3500,3500,3500,3500,3500,3500,3500,3500,3500,3500,3500,3500,3500,3500,3500,3500,3500,3500,3500,3500,18.942764282226563,0.24262237548828125,47.82647705078125,2.743621826171875,0.28844451904296875,0.9114990234375,0.26708221435546875,2.7558517456054688,0.40179443359375,3.0037612915039063,0.3881683349609375,0.3758392333984375,7.761741638183594,1.9329452514648438,0.28040313720703125,0.29972076416015625,0.365203857421875,0.39894866943359375,0.1801300048828125,30.23413848876953,0,202508.2794189453,213482.2882080078,0,34088599552,2147483648,8287608832,0
200,1787750612996,3500,3500,3500,3500,3500,3500,3500,3500,3500,3500,3500,3500,3500,3500,3500,3500,3500,3500,3500,3500,14.398445129394531,0.2304229736328125,19.225494384765625,0.20082855224609375,0.24908447265625,0.2200927734375,0.269500732421875,0.3033905029296875,2.85675048828125,0.25357818603515625,2.75274658203125,0.1909942626953125,26.962196350097656,0.2335662841796875,0.29465484619140625,0.2595672607421875,0.38573455810546875,0.37654876708984375,0.187103271484375,48.91548538208008,0,202517.3550415039,213489.22900390625,0,34088599552,2147483648,8287739904,0
200,1787750613197,3500,3500,3500,3500,3500,3500,3500,3500,3500,3500,3500,3500,3500,3500,3500,3500,3500,3500,3500,3500,23.17144012451172,0.24505615234375,25.213973999023438,0.21343994140625,0.27896881103515625,2.8438873291015625,0.25682830810546875,0.27298736572265625,0.33013153076171875,0.26839447021484375,0.31188201904296875,2.7824478149414063,30.046340942382813,0.2407684326171875,2.8270339965820313,0.292633056640625,0.40509033203125,0.39351654052734375,0.227203369140625,27.405975341796875,0,202526.55792236328,213496.29650878906,0,34088599552,2147483648,8287727616,0
199,1787750613397,3500,3500,3500,3500,3500,3500,3500,3500,3500,3500,3500,3500,3500,3500,3500,3500,3500,3500,3500,3500,42.836387634277344,2.7398223876953125,5.241050720214844,0.2188568115234375,0.34954833984375,0.342254638671875,2.89154052734375,0.2514801025390625,0.36208343505859375,0.29119873046875,0.25647735595703125,0.2857513427734375,2.2247695922851563,0.29559326171875,0.28035736083984375,2.8397369384765625,0.41713714599609375,0.39286041259765625,0.193878173828125,59.23781204223633,0,202534.95751953125,213502.5756225586,0,34088599552,2147483648,8287723520,0
199,1787750613597,3500,3500,3500,3500,3500,3500,3500,3500,3500,3500,3500,3500,3500,3500,3500,3500,3500,3500,3500,3500,55.80865478515625,0.17047882080078125,41.31179428100586,0.224273681640625,2.8176651000976563,0.295013427734375,0.34485626220703125,0.19622802734375,0.2542724609375,0.23876953125,0.20252227783203125,0.2695159912109375,7.8067626953125,0.24987030029296875,0.5186386108398438,0.26491546630859375,2.8737564086914063,2.8188629150390625,2.7519683837890625,20.459945678710938,0,202544.0701904297,213509.53637695313,0,34088599552,2147483648,8287633408,0
200,1787750613797,3500,3500,3500,3500,3500,3500,3500,3500,3500,3500,3500,3500,3500,3500,3500,3500,3500,3500,3500,3500,29.389297485351563,0.24127197265625,40.147762298583984,2.7113800048828125,0.2260284423828125,1.1900787353515625,0.31573486328125,2.1284866333007813,0.2852020263671875,2.8743972778320313,0.27150726318359375,0.251068115234375,0.36890411376953125,2.7753982543945313,0.3175811767578125,0.25186920166015625,0.38704681396484375,0.39154815673828125,0.20879364013671875,36.86848068237305,0,202553.53515625,213516.88165283203,0,34088599552,2147483648,8287698944,0
199,1787750613997,3500,3500,3500,3500,3500,3500,3500,3500,3500,3500,3500,3500,3500,3500,3500,3500,3500,3500,3500,3500,39.14069747924805,0.2350311279296875,10.625724792480469,0.302581787109375,0.33625030517578125,0.34949493408203125,0.31816864013671875,0.884552001953125,2.8890838623046875,0.33710479736328125,2.9022750854492188,0.275848388671875,26.16424560546875,0.29343414306640625,0.333404541015625,0.298828125,0.40670013427734375,0.416046142578125,0.2205352783203125,31.15039825439453,0,202563.0244140625,213524.26153564453,0,34088599552,2147483648,8287825920,0
200,1787750614198,3500,3500,3500,3500,3500,3500,3500,3500,3500,3500,3500,3500,3500,3500,3500,3500,3500,3500,3500,3500,16.524658203125,0.29744720458984375,39.13560104370117,0.24407196044921875,0.31493377685546875,2.8161849975585938,0.30254364013671875,0.32743072509765625,0.323883056640625,0.2975921630859375,0.283203125,2.8661575317382813,8.205734252929688,0.26406097412109375,34.08092498779297,0.25167083740234375,0.36960601806640625,0.3802032470703125,0.297698974609375,11.323509216308594,0,202572.4107055664,213531.51818847656,0,34088599552,2147483648,8287825920,0
199,1787750614398,3500,3500,3500,3500,3500,3500,3500,3500,3500,3500,3500,3500,3500,3500,3500,3500,3500,3500,3500,3500,24.0306396484375,2.7909469604492188,62.86949920654297,0.19808197021484375,0.4636077880859375,1.8218612670898438,2.91204833984375,0.40335845947265625,0.27336883544921875,0.2955474853515625,0.24609375,0.2502899169921875,16.238662719726563,0.27956390380859375,0.286407470703125,2.8210220336914063,0.41394805908203125,0.405059814453125,0.2380523681640625,10.454338073730469,0,202581.7918701172,213538.75946044922,0,34088599552,2147483648,8288387072,0
199,1787750614598,3500,3500,3500,3500,3500,3500,3500,3500,3500,3500,3500,3500,3500,3500,3500,3500,3500,3500,3500,3500,25.25696563720703,0.23372650146484375,43.48360061645508,0.176910400390625,2.918701171875,0.564910888671875,0.5110855102539063,0.41948699951171875,0.31703948974609375,0.3243865966796875,0.2777099609375,0.31673431396484375,0.349517822265625,0.2973480224609375,0.29470062255859375,0.3105926513671875,2.867279052734375,2.8980636596679688,2.7540817260742188,36.912376403808594,0,202592.20349121094,213547.0517578125,0,34088599552,2147483648,8288329728,0
200,1787750614798,3500,3500,3500,3500,3500,3500,3500,3500,3500,3500,3500,3500,3500,3500,3500,3500,3500,3500,3500,3500,32.18524932861328,0.23154449462890625,50.527069091796875,2.7143783569335938,0.46578216552734375,0.5079727172851563,0.48587799072265625,0.46933746337890625,0.32266998291015625,2.8597946166992188,0.196502685546875,0.24083709716796875,0.27773284912109375,2.8198013305664063,0.2874755859375,0.272186279296875,0.36270904541015625,0.3770599365234375,0.19675445556640625,24.713394165039063,0,202600.94091796875,213553.66778564453,0,34088599552,2147483648,8288399360,0
200,1787750614998,3500,3500,3500,3500,3500,3500,3500,3500,3500,3500,3500,3500,3500,3500,3500,3500,3500,3500,3500,3500,36.94014358520508,0.19474029541015625,38.89155960083008,0.2121734619140625,0.31418609619140625,0.35170745849609375,0.3576507568359375,2.80780029296875,2.7441024780273438,0.2847137451171875,2.8464126586914063,0.2852630615234375,2.8483657836914063,0.2746734619140625,0.2954559326171875,0.284759521484375,0.5218124389648438,0.5014266967773438,0.21221923828125,29.242996215820313,0,202610.3275756836,213560.91674804688,0,34088599552,2147483648,8288657408,0
200,1787750615198,3500,3500,3500,3500,3500,3500,3500,3500,3500,3500,3500,3500,3500,3500,3500,3500,3500,3500,3500,3500,21.418922424316406,0.2140655517578125,57.772918701171875,0.17418670654296875,0.2098236083984375,2.7668685913085938,0.36998748779296875,0.288787841796875,0.3994903564453125,0.30255889892578125,0.3698883056640625,2.9230422973632813,8.727439880371094,0.2783050537109375,1.7466888427734375,0.3492279052734375,0.5210189819335938,0.5051498413085938,0.22978973388671875,19.579750061035156,0,202619.95306396484,213568.40655517578,0,34088599552,2147483648,8288731136,0
200,1787750615398,3500,3500,3500,3500,3500,3500,3500,3500,3500,3500,3500,3500,3500,3500,3500,3500,3500,3500,3500,3500,15.379890441894531,2.731719970703125,51.25212860107422,0.195281982421875,0.24750518798828125,0.5476760864257813,0.86773681640625,0.2510528564453125,0.39861297607421875,0.4977569580078125,0.5274887084960938,0.40641021728515625,0.397216796875,0.39731597900390625,1.5511245727539063,2.963836669921875,0.5162887573242188,0.5209426879882813,0.24480438232421875,42.4784049987793,0,202628.66662597656,213574.99609375,0,34088599552,2147483648,8288731136,0
199,1787750615599,3500,3500,3500,3500,3500,3500,3500,3500,3500,3500,3500,3500,3500,3500,3500,3500,3500,3500,3500,3500,25.16100311279297,0.2042388916015625,76.8819580078125,0.15606689453125,2.8301925659179688,0.24532318115234375,2.115570068359375,0.336517333984375,0.40872955322265625,0.48339080810546875,0.5023345947265625,0.409332275390625,0.45505523681640625,0.453460693359375,0.5104293823242188,0.5166778564453125,3.0219879150390625,3.0179901123046875,2.8155517578125,3.5705490112304688,0,202637.38220214844,213581.5928955078,0,34088599552,2147483648,8288641024,0
200,1787750615799,3500,3500,3500,3500,3500,3500,3500,3500,3500,3500,3500,3500,3500,3500,3500,3500,3500,3500,3500,3500,18.962661743164063,0.2540740966796875,30.6668701171875,2.7193145751953125,0.2152862548828125,0.20833587646484375,0.2962646484375,0.2877197265625,0.34515380859375,0.4523162841796875,0.46036529541015625,0.32480621337890625,0.421478271484375,2.9185028076171875,0.488311767578125,0.5045013427734375,0.5102005004882813,0.49460601806640625,0.14180755615234375,59.90220642089844,0,202646.9389038086,213589.01959228516,0,34088599552,2147483648,8289390592,0
200,1787750615999,3500,3500,3500,3500,3500,3500,3500,3500,3500,3500,3500,3500,3500,3500,3500,3500,3500,3500,3500,3500,24.666412353515625,0.31027984619140625,30.88214111328125,0.22693634033203125,0.34793853759765625,0.30878448486328125,0.2845001220703125,2.8668136596679688,2.7675094604492188,2.837432861328125,2.9303512573242188,0.307342529296875,18.281402587890625,0.3585662841796875,0.5287399291992188,0.543060302734375,0.504852294921875,0.5064010620117188,0.24953460693359375,33.89928436279297,0,202656.2797241211,213596.2335205078,0,34088599552,2147483648,8289644544,0
200,1787750616200,3500,3500,3500,3500,3500,3500,3500,3500,3500,3500,3500,3500,3500,3500,3500,3500,3500,3500,3500,3500,27.65191650390625,0.230194091796875,47.74830627441406,0.18267822265625,0.42779541015625,2.9688339233398438,0.3474884033203125,0.43633270263671875,0.21477508544921875,0.3386077880859375,0.2379302978515625,2.7977371215820313,7.995552062988281,0.26812744140625,0.49613189697265625,0.5145950317382813,0.37998199462890625,0.36101531982421875,0.17758941650390625,23.77637481689453,0,202666.87768554688,213604.69403076172,0,34088599552,2147483648,8289644544,0
200,1787750616400,3500,3500,3500,3500,3500,3500,3500,3500,3500,3500,3500,3500,3500,3500,3500,3500,3500,3500,3500,3500,33.47862243652344,2.7760238647460938,44.99291229248047,0.2276458740234375,0.2434844970703125,0.84979248046875,0.336700439453125,0.300384521484375,0.319915771484375,0.31871795654296875,0.29543304443359375,0.289794921875,0.3132171630859375,0.34938812255859375,3.048431396484375,3.0494842529296875,0.33599853515625,0.31436920166015625,0.24033355712890625,30.542587280273438,0,202676.09588623047,213611.78454589844,0,34088599552,2147483648,8289644544,0
200,1787750616600,3500,3500,3500,3500,3500,3500,3500,3500,3500,3500,3500,3500,3500,3500,3500,3500,3500,3500,3500,3500,10.2064208984375,0.2708892822265625,62.08427429199219,0.16063690185546875,2.7595977783203125,0.27358245849609375,2.7656936645507813,0.2346343994140625,0.25470733642578125,0.2375335693359375,0.26094818115234375,0.322021484375,10.8221435546875,0.25395965576171875,0.52459716796875,0.5002288818359375,2.8007965087890625,2.8225631713867188,2.7092666625976563,28.0753173828125,0,202685.70153808594,213619.2540283203,0,34088599552,2147483648,8290627584,0
199,1787750616800,3500,3500,3500,3500,3500,3500,3500,3500,3500,3500,3500,3500,3500,3500,3500,3500,3500,3500,3500,3500,23.5616455078125,0.20674896240234375,79.8107681274414,2.6497726440429688,0.23369598388671875,0.6921463012695313,0.29207611083984375,0.3004608154296875,0.30994415283203125,0.28095245361328125,0.26174163818359375,0.226409912109375,0.3740234375,2.8097610473632813,0.28509521484375,0.28170013427734375,0.29073333740234375,0.2720184326171875,0.2312469482421875,3.7863540649414063,0,202694.38537597656,213626.26873779297,0,34088599552,2147483648,8291086336,0
199,1787750617000,3500,3500,3500,3500,3500,3500,3500,3500,3500,3500,3500,3500,3500,3500,3500,3500,3500,3500,3500,3500,24.07421112060547,0.2096405029296875,63.25934982299805,0.160858154296875,0.27142333984375,0.2329864501953125,0.29901885986328125,2.751708984375,2.741607666015625,2.7903976440429688,2.80169677734375,0.19659423828125,2.9081192016601563,0.28577423095703125,0.2771759033203125,0.29831695556640625,0.27147674560546875,0.304168701171875,0.2749786376953125,17.59765625,0,202703.1964111328,213632.955078125,0,34088599552,2147483648,8291209216,0
200,1787750617200,3500,3500,3500,3500,3500,3500,3500,3500,3500,3500,3500,3500,3500,3500,3500,3500,3500,3500,3500,3500,25.97327423095703,0.241455078125,30.237548828125,0.21572113037109375,0.33734893798828125,0.2425537109375,0.3093109130859375,0.2569427490234375,0.2996673583984375,0.242401123046875,0.27777862548828125,2.7806243896484375,15.287322998046875,0.2796783447265625,0.3274993896484375,0.3024139404296875,0.33354949951171875,0.31206512451171875,0.2591400146484375,38.1312370300293,0,202712.3939819336,213640.23095703125,0,34088599552,2147483648,8291758080,0
200,1787750617401,3500,3500,3500,3500,3500,3500,3500,3500,3500,3500,3500,3500,3500,3500,3500,3500,3500,3500,3500,3500,29.856422424316406,0.27392578125,44.47462463378906,0.21199798583984375,0.29071044921875,2.814239501953125,0.3390045166015625,0.22243499755859375,0.30744171142578125,0.2581939697265625,0.36112213134765625,0.2863616943359375,0.433990478515625,0.29944610595703125,2.8144912719726563,2.806396484375,0.30968475341796875,0.3590240478515625,0.26519012451171875,38.01632308959961,0,202721.94915771484,213646.9921875,0,34088599552,2147483648,8291655680,0
200,1787750617601,3500,3500,3500,3500,3500,3500,3500,3500,3500,3500,3500,3500,3500,3500,3500,3500,3500,3500,3500,3500,29.00562286376953,2.8127059936523438,24.668922424316406,0.24533843994140625,2.7858657836914063,0.21435546875,2.8728866577148438,0.2685394287109375,0.32367706298828125,0.26509857177734375,0.29833221435546875,0.27133941650390625,20.158592224121094,0.3324127197265625,0.3222808837890625,0.266693115234375,2.8100128173828125,2.813507080078125,2.7471923828125,34.20343017578125,0,202730.42657470703,213653.32983398438,0,34088599552,2147483648,8291631104,0
200,1787750617801,3500,3500,3500,3500,3500,3500,3500,3500,3500,3500,3500,3500,3500,3500,3500,3500,3500,3500,3500,3500,27.85497283935547,0.27812957763671875,43.256256103515625,2.7662200927734375,0.3077545166015625,0.3545074462890625,0.33962249755859375,0.2022552490234375,0.8504791259765625,0.257049560546875,0.29676055908203125,0.3417205810546875,0.44391632080078125,2.916473388671875,0.28607177734375,0.311248779296875,0.40940093994140625,0.400909423828125,0.2004547119140625,35.52424621582031,0,202738.599609375,213659.3916015625,0,34088599552,2147483648,8291762176,0
200,1787750618002,3500,3500,3500,3500,3500,3500,3500,3500,3500,3500,3500,3500,3500,3500,3500,3500,3500,3500,3500,3500,18.41668701171875,0.29225921630859375,41.18328857421875,0.16895294189453125,0.257843017578125,0.3948211669921875,0.23105621337890625,2.7215499877929688,2.7708358764648438,2.7282867431640625,2.739654541015625,0.2710113525390625,18.061668395996094,0.3028411865234375,0.28293609619140625,0.26507568359375,0.371429443359375,0.375762939453125,0.17563629150390625,31.030364990234375,0,202748.6206665039,213667.28198242188,0,34088599552,2147483648,8292216832,0
200,1787750618202,3500,3500,3500,3500,3500,3500,3500,3500,3500,3500,3500,3500,3500,3500,3500,3500,3500,3500,3500,3500,22.142494201660156,0.19699859619140625,64.20906066894531,0.13346099853515625,0.27930450439453125,0.23892974853515625,0.22180938720703125,0.264678955078125,0.2545013427734375,0.24117279052734375,0.18761444091796875,2.8164596557617188,7.936378479003906,0.25634765625,0.3589630126953125,0.3258209228515625,0.36215972900390625,0.36086273193359375,0.21666717529296875,11.658531188964844,0,202756.67053222656,213673.1951904297,0,34088599552,2147483648,8292286464,0
200,1787750618403,3500,3500,3500,3500,3500,3500,3500,3500,3500,3500,3500,3500,3500,3500,3500,3500,3500,3500,3500,3500,14.615394592285156,0.33184051513671875,63.65231704711914,0.26024627685546875,0.34142303466796875,3.3792037963867188,0.37300872802734375,0.35175323486328125,0.44036102294921875,0.344268798828125,0.38303375244140625,0.31018829345703125,8.1578369140625,0.3642730712890625,3.031494140625,3.0109939575195313,0.42075347900390625,0.42813873291015625,0.285491943359375,20.362205505371094,0,202766.16528320313,213680.56909179688,0,34088599552,2147483648,8292413440,0
200,1787750618603,3500,3500,3500,3500,3500,3500,3500,3500,3500,3500,3500,3500,3500,3500,3500,3500,3500,3500,3500,3500,25.82886505126953,2.712249755859375,52.659690856933594,0.175537109375,2.7791671752929688,0.22951507568359375,2.7829132080078125,0.25254058837890625,0.2784576416015625,0.254638671875,0.24090576171875,0.25113677978515625,0.4620819091796875,0.2447509765625,0.35616302490234375,0.37123870849609375,2.7930526733398438,2.7981491088867188,2.7247848510742188,30.15442657470703,0,202776.09100341797,213688.36358642578,0,34088599552,2147483648,8292347904,0
199,1787750618803,3500,3500,3500,3500,3500,3500,3500,3500,3500,3500,3500,3500,3500,3500,3500,3500,3500,3500,3500,3500,43.21186828613281,0.22037506103515625,34.09979248046875,2.728790283203125,0.27477264404296875,0.38555908203125,0.273773193359375,0.2454986572265625,0.285308837890625,0.27936553955078125,0.28336334228515625,0.25,10.625198364257813,2.7946243286132813,3.743560791015625,0.3806610107421875,24.366294860839844,0.25029754638671875,0.29410552978515625,9.361129760742188,0,202784.3427734375,213694.4614868164,0,34088599552,2147483648,8292896768,0
200,1787750619003,3500,3500,3500,3500,3500,3500,3500,3500,3500,3500,3500,3500,3500,3500,3500,3500,3500,3500,3500,3500,36.002506256103516,0.24536895751953125,47.318389892578125,0.2131805419921875,0.3002471923828125,0.27460479736328125,0.30464935302734375,2.8042449951171875,2.8028945922851563,2.75640869140625,2.8589248657226563,0.26755523681640625,10.653861999511719,0.26335906982421875,0.39626312255859375,0.42565155029296875,0.31954193115234375,0.30664825439453125,0.3143463134765625,13.568168640136719,0,202793.548828125,213701.5415649414,0,34088599552,2147483648,8293306368,0
200,1787750619203,3500,3500,3500,3500,3500,3500,3500,3500,3500,3500,3500,3500,3500,3500,3500,3500,3500,3500,3500,3500,43.468379974365234,0.2231903076171875,26.82660675048828,0.2063140869140625,0.218597412109375,0.30013275146484375,0.25554656982421875,0.32984161376953125,0.272125244140625,0.2411651611328125,0.3100738525390625,2.7583770751953125,8.16058349609375,0.25669097900390625,0.40613555908203125,0.39090728759765625,0.30692291259765625,0.296539306640625,0.2086639404296875,27.424827575683594,0,202801.78125,213707.6522216797,0,34088599552,2147483648,8293298176,0
200,1787750619404,3500,3500,3500,3500,3500,3500,3500,3500,3500,3500,3500,3500,3500,3500,3500,3500,3500,3500,3500,3500,44.33017349243164,0.198760986328125,25.79199981689453,0.1980133056640625,0.196807861328125,2.8419113159179688,0.23554229736328125,0.31446075439453125,0.3582305908203125,0.39122772216796875,0.45062255859375,0.45401763916015625,0.8225326538085938,0.27877044677734375,2.9025115966796875,2.9019088745117188,0.27802276611328125,0.30133056640625,0.2508697509765625,37.006465911865234,0,202809.37176513672,213713.1128540039,0,34088599552,2147483648,8293367808,0
200,1787750619604,3500,3500,3500,3500,3500,3500,3500,3500,3500,3500,3500,3500,3500,3500,3500,3500,3500,3500,3500,3500,34.18346405029297,2.7160873413085938,26.138259887695313,0.22403717041015625,2.797943115234375,0.28627777099609375,2.8448028564453125,0.300048828125,0.4861602783203125,0.5170059204101563,0.4988861083984375,0.5352706909179688,16.030067443847656,0.31063079833984375,0.37900543212890625,0.3973236083984375,2.8177032470703125,2.8129119873046875,2.7905502319335938,32.536468505859375,0,202818.31518554688,213719.9341430664,0,34088599552,2147483648,8293662720,0
200,1787750619804,3500,3500,3500,3500,3500,3500,3500,3500,3500,3500,3500,3500,3500,3500,3500,3500,3500,3500,3500,3500,53.3216552734375,0.196746826171875,18.606735229492188,2.7707443237304688,0.3253936767578125,0.3235931396484375,0.3245391845703125,0.2587432861328125,0.4491424560546875,0.47676849365234375,0.49605560302734375,0.4771728515625,0.446197509765625,2.9063339233398438,0.3782958984375,0.3988800048828125,0.2715301513671875,0.2924652099609375,0.186798095703125,34.89347839355469,0,202826.17358398438,213725.67126464844,0,34088599552,2147483648,8293728256,0
200,1787750620004,3500,3500,3500,3500,3500,3500,3500,3500,3500,3500,3500,3500,3500,3500,3500,3500,3500,3500,3500,3500,30.847801208496094,0.22815704345703125,47.19252014160156,0.19024658203125,0.26711273193359375,0.3187103271484375,0.32555389404296875,2.8860702514648438,2.941162109375,2.9265823364257813,2.970977783203125,0.421600341796875,10.770164489746094,0.2572784423828125,0.41110992431640625,0.40886688232421875,0.28868865966796875,0.336090087890625,0.24188995361328125,17.855209350585938,0,202837.30920410156,213734.6869506836,0,34088599552,2147483648,8293838848,0
200,1787750620205,3500,3500,3500,3500,3500,3500,3500,3500,3500,3500,3500,3500,3500,3500,3500,3500,3500,3500,3500,3500,43.931087493896484,0.16583251953125,23.928123474121094,0.19860076904296875,0.37311553955078125,0.3317718505859375,0.3060302734375,0.4430389404296875,0.43341064453125,0.43441009521484375,0.44364166259765625,2.5963897705078125,1.6510086059570313,0.29955291748046875,0.27915191650390625,0.26104736328125,0.2991485595703125,0.321197509765625,0.15126800537109375,39.47789764404297,0,202845.53869628906,213740.76947021484,0,34088599552,2147483648,8294883328,0
200,1787750620405,3500,3500,3500,3500,3500,3500,3500,3500,3500,3500,3500,3500,3500,3500,3500,3500,3500,3500,3500,3500,15.738395690917969,0.31980133056640625,32.950408935546875,0.2340087890625,0.32415008544921875,3.4693984985351563,0.36370086669921875,0.30088043212890625,0.32584381103515625,0.2781524658203125,0.3160552978515625,0.7522201538085938,0.46257781982421875,0.4328155517578125,2.8597030639648438,2.800079345703125,0.41812896728515625,0.4359130859375,0.19910430908203125,57.65134048461914,0,202854.22784423828,213747.34631347656,0,34088599552,2147483648,8295018496,0
200,1787750620605,3500,3500,3500,3500,3500,3500,3500,3500,3500,3500,3500,3500,3500,3500,3500,3500,3500,3500,3500,3500,31.609466552734375,2.766143798828125,50.65653991699219,0.19483184814453125,2.740966796875,0.26642608642578125,2.8343353271484375,0.28575897216796875,0.20192718505859375,0.28321075439453125,0.32452392578125,0.3028411865234375,1.0096435546875,0.4107513427734375,0.28505706787109375,0.31438446044921875,0.39551544189453125,2.9247055053710938,2.762847900390625,25.66033935546875,0,202864.14587402344,213755.1499633789,0,34088599552,2147483648,8295104512,0
200,1787750620806,3500,3500,3500,3500,3500,3500,3500,3500,3500,3500,3500,3500,3500,3500,3500,3500,3500,3500,3500,3500,36.993228912353516,0.24697113037109375,46.40717697143555,2.7195510864257813,0.2857818603515625,0.28493499755859375,0.30399322509765625,0.23918914794921875,0.310333251953125,0.25066375732421875,0.34136199951171875,0.25899505615234375,6.990715026855469,2.849273681640625,0.29416656494140625,0.24267578125,2.90869140625,0.368255615234375,0.2045135498046875,17.72008514404297,0,202873.01892089844,213761.89947509766,0,34088599552,2147483648,8295759872,0
200,1787750621006,3500,3500,3500,3500,3500,3500,3500,3500,3500,3500,3500,3500,3500,3500,3500,3500,3500,3500,3500,3500,13.336395263671875,0.25289154052734375,39.1396484375,0.183746337890625,0.305328369140625,0.2858734130859375,0.25154876708984375,2.7761764526367188,2.7813644409179688,2.9196624755859375,2.7709426879882813,0.3610076904296875,19.437088012695313,0.2597808837890625,0.37018585205078125,0.3423919677734375,0.40765380859375,0.4067535400390625,0.2098388671875,37.155670166015625,0,202883.16986083984,213769.91333007813,0,34088599552,2147483648,8296726528,0
200,1787750621206,3500,3500,3500,3500,3500,3500,3500,3500,3500,3500,3500,3500,3500,3500,3500,3500,3500,3500,3500,3500,36.629478454589844,0.24196624755859375,44.678001403808594,0.2462615966796875,0.3157806396484375,3.206817626953125,0.3752593994140625,0.31113433837890625,0.32696533203125,0.31233978271484375,0.285369873046875,0.3074951171875,8.534660339355469,0.30783843994140625,0.3852996826171875,0.36197662353515625,0.3814544677734375,0.38285064697265625,0.2605438232421875,16.352249145507813,0,202891.04852294922,213775.66766357422,0,34088599552,2147483648,8297242624,0
200,1787750621407,3500,3500,3500,3500,3500,3500,3500,3500,3500,3500,3500,3500,3500,3500,3500,3500,3500,3500,3500,3500,47.02520751953125,0.22723388671875,19.28307342529297,0.253936767578125,0.35897064208984375,2.8695907592773438,0.31134796142578125,0.3116912841796875,0.32871246337890625,0.44652557373046875,0.3344573974609375,2.9678802490234375,0.41617584228515625,0.29572296142578125,2.9131698608398438,2.9018325805664063,0.3328094482421875,0.3458404541015625,0.21844482421875,40.20159149169922,0,202900.8682861328,213783.35778808594,0,34088599552,2147483648,8297234432,0
200,1787750621607,3500,3500,3500,3500,3500,3500,3500,3500,3500,3500,3500,3500,3500,3500,3500,3500,3500,3500,3500,3500,34.367469787597656,2.7059326171875,29.363906860351563,0.18564605712890625,0.29764556884765625,0.2697601318359375,2.7602691650390625,0.18609619140625,0.3278350830078125,0.41693878173828125,0.3272857666015625,0.42487335205078125,3.8327178955078125,0.22560882568359375,0.5712509155273438,0.33551788330078125,0.3077239990234375,2.801177978515625,2.7132186889648438,25.11534881591797,0,202908.97204589844,213789.2518310547,0,34088599552,2147483648,8301797376,0
200,1787750621808,3500,3500,3500,3500,3500,3500,3500,3500,3500,3500,3500,3500,3500,3500,3500,3500,3500,3500,3500,3500,32.44456481933594,0.2995452880859375,25.85564422607422,2.7831192016601563,2.6485443115234375,0.35597991943359375,0.379180908203125,0.38587188720703125,0.45851898193359375,0.5770339965820313,0.4890594482421875,0.5977401733398438,8.27984619140625,2.8981399536132813,0.44535064697265625,0.43227386474609375,2.924530029296875,0.38327789306640625,0.2932586669921875,37.22609329223633,0,202916.7734375,213794.95379638672,0,34088599552,2147483648,8301842432,0
200,1787750622008,3500,3500,3500,3500,3500,3500,3500,3500,3500,3500,3500,3500,3500,3500,3500,3500,3500,3500,3500,3500,23.832176208496094,0.249908447265625,53.45327377319336,0.1721954345703125,0.264984130859375,0.2647857666015625,0.2713775634765625,2.852081298828125,2.8129806518554688,2.9071197509765625,2.8385009765625,0.3763580322265625,2.8709640502929688,0.25859832763671875,0.32861328125,0.28875732421875,0.28701019287109375,0.29854583740234375,0.1833343505859375,27.284950256347656,0,202925.30291748047,213801.37548828125,0,34088599552,2147483648,8301944832,0
200,1787750622208,3500,3500,3500,3500,3500,3500,3500,3500,3500,3500,3500,3500,3500,3500,3500,3500,3500,3500,3500,3500,43.831172943115234,0.1939239501953125,51.00099563598633,0.1843414306640625,0.22162628173828125,0.290985107421875,0.26978302001953125,0.32147979736328125,0.27362060546875,0.28495025634765625,0.300323486328125,0.2998199462890625,8.114448547363281,0.2924346923828125,0.38166046142578125,0.33589935302734375,0.2870941162109375,0.31284332275390625,0.309600830078125,3.5329360961914063,0,202936.07348632813,213810.27709960938,0,34088599552,2147483648,8301928448,0
200,1787750622409,3500,3500,3500,3500,3500,3500,3500,3500,3500,3500,3500,3500,3500,3500,3500,3500,3500,3500,3500,3500,28.381439208984375,0.25147247314453125,21.958084106445313,0.2676849365234375,0.2793121337890625,2.8731307983398438,0.3726959228515625,0.254119873046875,0.3695068359375,0.3832244873046875,0.3626708984375,3.01715087890625,0.42203521728515625,0.36666107177734375,2.795257568359375,2.8344650268554688,0.33054351806640625,0.2892913818359375,0.26294708251953125,27.313682556152344,0,202945.57653808594,213817.38610839844,0,34088599552,2147483648,8301993984,0
200,1787750622609,3500,3500,3500,3500,3500,3500,3500,3500,3500,3500,3500,3500,3500,3500,3500,3500,3500,3500,3500,3500,0.9115447998046875,2.75909423828125,12.514373779296875,0.22400665283203125,0.2288970947265625,0.2861480712890625,2.8908615112304688,0.24192047119140625,0.34344482421875,0.38956451416015625,0.36061859130859375,0.48090362548828125,0.2732696533203125,0.30416107177734375,0.29852294921875,0.27211761474609375,0.26543426513671875,2.406463623046875,2.7316436767578125,28.762374877929688,0,202953.8143310547,213823.49798583984,0,34088599552,2147483648,8302096384,0
200,1787750622809,3500,3500,3500,3500,3500,3500,3500,3500,3500,3500,3500,3500,3500,3500,3500,3500,3500,3500,3500,3500,9.247291564941406,0.22333526611328125,3.8084564208984375,2.7877273559570313,2.7779312133789063,0.32598114013671875,0.26761627197265625,0.266265869140625,0.36956024169921875,0.39095306396484375,0.3774566650390625,0.47830963134765625,0.35337066650390625,2.918914794921875,0.2915496826171875,0.2949981689453125,2.817413330078125,0.635772705078125,0.26107025146484375,10.914039611816406,0,202961.81756591797,213829.44262695313,0,34088599552,2147483648,8302350336,0
200,1787750623010,3500,3500,3500,3500,3500,3500,3500,3500,3500,3500,3500,3500,3500,3500,3500,3500,3500,3500,3500,3500,3.8138351440429688,0.13472747802734375,7.022056579589844,0.1197052001953125,0.20508575439453125,0.19854736328125,0.2373199462890625,2.63214111328125,2.7557449340820313,2.7336883544921875,2.7314453125,0.22544097900390625,0.7965316772460938,0.2851715087890625,0.169952392578125,0.16895294189453125,0.1596221923828125,0.1924591064453125,0.1603240966796875,11.6763916015625,0,202969.6830444336,213835.07012939453,0,34088599552,2147483648,8303026176,0
200,1787750623210,3500,3500,3500,3500,3500,3500,3500,3500,3500,3500,3500,3500,3500,3500,3500,3500,3500,3500,3500,3500,5.2972869873046875,0.30931854248046875,2.7411270141601563,0.3931884765625,0.47545623779296875,0.394683837890625,0.3251953125,0.3367767333984375,0.3893890380859375,0.35085296630859375,0.3955841064453125,0.3959808349609375,2.65191650390625,0.4261322021484375,0.473663330078125,0.44820404052734375,0.4051666259765625,0.41480255126953125,0.36698150634765625,16.14891815185547,0,202977.3462524414,213840.78021240234,0,34088599552,2147483648,8303157248,0
200,1787750623410,3500,3500,3500,3500,3500,3500,3500,3500,3500,3500,3500,3500,3500,3500,3500,3500,3500,3500,3500,3500,13.357063293457031,0.2286529541015625,16.017181396484375,0.2945098876953125,0.24337005615234375,2.8229598999023438,0.28607940673828125,0.2783966064453125,0.28118896484375,0.24172210693359375,0.30987548828125,2.7802581787109375,2.2328948974609375,0.27390289306640625,2.9248428344726563,0.3928985595703125,0.28977203369140625,0.32598876953125,0.31935882568359375,15.710342407226563,0,202985.45080566406,213846.53594970703,0,34088599552,2147483648,8304369664,0
200,1787750623611,3500,3500,3500,3500,3500,3500,3500,3500,3500,3500,3500,3500,3500,3500,3500,3500,3500,3500,3500,3500,10.995285034179688,2.7931060791015625,15.543327331542969,0.26849365234375,0.29784393310546875,0.33219146728515625,2.8676376342773438,0.33029937744140625,0.37512969970703125,0.310028076171875,0.381072998046875,0.45505523681640625,1.9774932861328125,0.36634063720703125,0.417816162109375,2.9295501708984375,0.4505157470703125,0.44966888427734375,2.8848648071289063,0.33758544921875,0,202991.95672607422,213850.91314697266,0,34088599552,2147483648,8304304128,0
200,1787750623811,3500,3500,3500,3500,3500,3500,3500,3500,3500,3500,3500,3500,3500,3500,3500,3500,3500,3500,3500,3500,12.6678466796875,0.243133544921875,11.720832824707031,2.6908950805664063,2.803070068359375,0.25188446044921875,0.36925506591796875,0.24283599853515625,0.362457275390625,0.325927734375,0.3214874267578125,0.2640228271484375,0.28066253662109375,2.7851333618164063,0.25777435302734375,0.2811126708984375,2.8773651123046875,2.8505859375,0.28995513916015625,0.260223388671875,0,202998.34533691406,213855.15655517578,0,34088599552,2147483648,8304373760,0
200,1787750624011,3500,3500,3500,3500,3500,3500,3500,3500,3500,3500,3500,3500,3500,3500,3500,3500,3500,3500,3500,3500,9.268844604492188,0.2878570556640625,12.210609436035156,0.2105560302734375,0.3317718505859375,0.29000091552734375,0.35153961181640625,2.8973464965820313,2.84454345703125,2.8025741577148438,2.778717041015625,0.3424530029296875,4.494636535644531,0.33676910400390625,0.34340667724609375,0.29199981689453125,0.34365081787109375,0.31371307373046875,0.3334197998046875,0.312957763671875,0,203006.4190673828,213861.08227539063,0,34088599552,2147483648,8304922624,0
199,1787750624211,3500,3500,3500,3500,3500,3500,3500,3500,3500,3500,3500,3500,3500,3500,3500,3500,3500,3500,3500,3500,31.24615478515625,0.2402191162109375,19.586196899414063,0.1930084228515625,0.31056976318359375,0.26175689697265625,12.493034362792969,0.2691497802734375,4.237190246582031,0.20789337158203125,0.24716949462890625,0.30052947998046875,8.754325866699219,0.27454376220703125,0.29907989501953125,0.288238525390625,0.2332763671875,0.31856536865234375,0.29827880859375,0.28214263916015625,0,203016.15100097656,213868.6322631836,0,34088599552,2147483648,8323686400,0
199,1787750624411,3500,3500,3500,3500,3500,3500,3500,3500,3500,3500,3500,3500,3500,3500,3500,3500,3500,3500,3500,3500,46.72323226928711,0.26975250244140625,10.094627380371094,0.2454071044921875,0.3620147705078125,2.8360061645507813,1.7067184448242188,0.2542572021484375,0.39160919189453125,0.4860687255859375,0.45563507080078125,3.0570755004882813,39.3791389465332,0.29769134521484375,5.1483001708984375,0.32923126220703125,0.37041473388671875,0.3603668212890625,0.30463409423828125,2.88128662109375,0,203024.751953125,213875.0679321289,0,34088599552,2147483648,8330280960,0
200,1787750624611,3500,3500,3500,3500,3500,3500,3500,3500,3500,3500,3500,3500,3500,3500,3500,3500,3500,3500,3500,3500,34.856468200683594,2.7581710815429688,16.684547424316406,0.23162078857421875,0.26691436767578125,0.221527099609375,3.1087265014648438,0.24822235107421875,0.39960479736328125,0.49423980712890625,0.4169464111328125,0.4948883056640625,23.81269073486328,0.27227020263671875,4.1548004150390625,2.8243637084960938,0.28896331787109375,0.27426910400390625,0.3245086669921875,0.263916015625,0,203033.34545898438,213881.4443359375,0,34088599552,2147483648,8330956800,0
200,1787750624812,3500,3500,3500,3500,3500,3500,3500,3500,3500,3500,3500,3500,3500,3500,3500,3500,3500,3500,3500,3500,26.77557373046875,0.25621795654296875,15.292839050292969,2.784393310546875,2.81683349609375,0.24373626708984375,0.727874755859375,0.316650390625,0.5936813354492188,0.4916229248046875,0.4091796875,0.52001953125,30.31090545654297,2.7936248779296875,1.4975738525390625,0.3402099609375,2.8057022094726563,2.8474273681640625,2.9248809814453125,0.34420013427734375,0,203042.85021972656,213888.7314453125,0,34088599552,2147483648,8331313152,0
200,1787750625012,3500,3500,3500,3500,3500,3500,3500,3500,3500,3500,3500,3500,3500,3500,3500,3500,3500,3500,3500,3500,28.100799560546875,0.20035552978515625,17.14562225341797,0.2458648681640625,0.230743408203125,0.23618316650390625,0.25054931640625,2.7732391357421875,2.9157028198242188,2.9343185424804688,2.8742904663085938,0.415924072265625,32.31916809082031,0.2623748779296875,2.6144561767578125,0.22380828857421875,4.685783386230469,0.25598907470703125,0.29416656494140625,0.29550933837890625,0,203052.32849121094,213895.95697021484,0,34088599552,2147483648,8333975552,0
200,1787750625213,3500,3500,3500,3500,3500,3500,3500,3500,3500,3500,3500,3500,3500,3500,3500,3500,3500,3500,3500,3500,31.66156768798828,0.27886199951171875,11.95013427734375,0.24175262451171875,0.3479461669921875,0.39742279052734375,2.6847381591796875,0.359466552734375,0.39856719970703125,0.37941741943359375,0.44589996337890625,0.33896636962890625,29.050689697265625,0.346893310546875,0.6410751342773438,0.38220977783203125,0.3880462646484375,0.32135772705078125,0.3544769287109375,0.35901641845703125,0,203061.76007080078,213903.19598388672,0,34088599552,2147483648,8335564800,0
202,1787750625413,3500,3500,3500,3500,3500,3500,3500,3500,3500,3500,3500,3500,3500,3500,3500,3500,3500,3500,3500,3500,38.278114318847656,0.1988067626953125,11.718795776367188,0.1868896484375,0.26690673828125,2.8558731079101563,0.247650146484375,0.21308135986328125,0.2052459716796875,0.28067779541015625,0.21407318115234375,2.8996734619140625,15.45556640625,0.30622100830078125,2.8954391479492188,0.320343017578125,0.2970428466796875,0.28656768798828125,0.26306915283203125,2.83526611328125,0,203069.74542236328,213908.9496459961,0,34088599552,2147483648,8337870848,0
199,1787750625616,3500,3500,3500,3500,3500,3500,3500,3500,3500,3500,3500,3500,3500,3500,3500,3500,3500,3500,3500,3500,43.322452545166016,2.5344619750976563,23.05596160888672,0,0,0,1.6378860473632813,0,0,0,0,0,22.62061309814453,0.1396026611328125,0.126220703125,2.5916900634765625,0.1143646240234375,0.0911102294921875,0.12429046630859375,0.08290863037109375,0,203079.61486816406,213916.5233154297,0,34088599552,2147483648,8340463616,0
199,1787750625816,3500,3500,3500,3500,3500,3500,3500,3500,3500,3500,3500,3500,3500,3500,3500,3500,3500,3500,3500,3500,55.09041213989258,1.0275421142578125,12.22149658203125,3.6099472045898438,3.7475814819335938,1.1789779663085938,3.7257308959960938,1.1610488891601563,1.8043594360351563,1.1508712768554688,1.1293792724609375,1.07769775390625,1.3177261352539063,3.763519287109375,1.1188888549804688,1.1134414672851563,3.6961517333984375,3.7339324951171875,3.71942138671875,1.1122207641601563,0,203086.91864013672,213921.67962646484,0,34088599552,2147483648,8340115456,0
200,1787750626016,3500,3500,3500,3500,3500,3500,3500,3500,3500,3500,3500,3500,3500,3500,3500,3500,3500,3500,3500,3500,30.149139404296875,0.20368194580078125,12.113975524902344,0.187591552734375,0.28211212158203125,0.29006195068359375,2.3865966796875,2.8358078002929688,2.8019180297851563,2.8167648315429688,2.810516357421875,0.25907135009765625,18.103988647460938,0.2416229248046875,0.34299468994140625,0.29445648193359375,0.31169891357421875,0.27596282958984375,0.274017333984375,0.305206298828125,0,203095.76049804688,213928.32470703125,0,34088599552,2147483648,8343003136,0
200,1787750626217,3500,3500,3500,3500,3500,3500,3500,3500,3500,3500,3500,3500,3500,3500,3500,3500,3500,3500,3500,3500,36.00279235839844,0.2581634521484375,22.08819580078125,0.21231842041015625,0.46942901611328125,0.410064697265625,0.5108871459960938,0.35943603515625,0.34571075439453125,0.30306243896484375,0.35723876953125,0.426483154296875,8.460151672363281,0.3189239501953125,0.3096923828125,0.32810211181640625,0.391357421875,0.373748779296875,0.3354339599609375,0.32436370849609375,0,203104.19512939453,213934.5499267578,0,34088599552,2147483648,8340811776,0
199,1787750626417,3500,3500,3500,3500,3500,3500,3500,3500,3500,3500,3500,3500,3500,3500,3500,3500,3500,3500,3500,3500,38.75370788574219,0.15933990478515625,17.76972198486328,0.14507293701171875,0.210723876953125,2.7883224487304688,0.2138214111328125,0.250885009765625,0.34008026123046875,0.34003448486328125,0.43247222900390625,2.8780670166015625,8.401878356933594,0.20653533935546875,2.8278274536132813,0.26375579833984375,0.24090576171875,0.22299957275390625,0.23856353759765625,2.8161544799804688,0,203113.62890625,213941.90301513672,0,34088599552,2147483648,8343498752,0
199,1787750626617,3500,3500,3500,3500,3500,3500,3500,3500,3500,3500,3500,3500,3500,3500,3500,3500,3500,3500,3500,3500,38.14021682739258,2.7075729370117188,16.464149475097656,0.08843994140625,0.1063385009765625,0.20452880859375,2.7306671142578125,0.20377349853515625,0.2210235595703125,0.25786590576171875,0.2465667724609375,0.26361846923828125,13.986351013183594,0.28311920166015625,0.42099761962890625,2.9626922607421875,0.25551605224609375,0.19727325439453125,0.21302032470703125,0.22967529296875,0,203122.06079101563,213948.30895996094,0,34088599552,2147483648,8343715840,0
199,1787750626817,3500,3500,3500,3500,3500,3500,3500,3500,3500,3500,3500,3500,3500,3500,3500,3500,3500,3500,3500,3500,43.69038391113281,0.3460540771484375,9.981765747070313,2.9600753784179688,2.9740753173828125,0.43206787109375,0.857330322265625,0.48189544677734375,0.409271240234375,0.490142822265625,0.4762420654296875,0.36998748779296875,15.218864440917969,2.9497299194335938,0.9915237426757813,0.6692123413085938,3.0479888916015625,3.0066070556640625,3.0113067626953125,0.4631500244140625,0,203130.84802246094,213954.77313232422,0,34088599552,2147483648,8347705344,0
200,1787750627017,3500,3500,3500,3500,3500,3500,3500,3500,3500,3500,3500,3500,3500,3500,3500,3500,3500,3500,3500,3500,24.586624145507813,0.31667327880859375,19.808868408203125,0.26128387451171875,0.3178253173828125,0.32097625732421875,0.6270523071289063,2.8957595825195313,2.88665771484375,2.8766098022460938,2.911102294921875,0.263885498046875,26.82403564453125,0.3317718505859375,0.7565689086914063,0.3455657958984375,0.32971954345703125,0.36286163330078125,0.3451690673828125,0.34716796875,0,203139.4324951172,213961.27178955078,0,34088599552,2147483648,8345927680,0
200,1787750627218,3500,3500,3500,3500,3500,3500,3500,3500,3500,3500,3500,3500,3500,3500,3500,3500,3500,3500,3500,3500,51.86843490600586,0.190673828125,21.818466186523438,0.1961669921875,0.210235595703125,0.21213531494140625,6.9534149169921875,0.3290557861328125,0.35276031494140625,0.2098388671875,0.26218414306640625,0.3017578125,22.711563110351563,0.2144317626953125,0.33344268798828125,0.29701995849609375,0.28723907470703125,0.29631805419921875,0.30255889892578125,0.29038238525390625,0,203148.5242919922,213968.38598632813,0,34088599552,2147483648,8347439104,0
200,1787750627418,3500,3500,3500,3500,3500,3500,3500,3500,3500,3500,3500,3500,3500,3500,3500,3500,3500,3500,3500,3500,14.702316284179688,0.27777862548828125,100,0.13976287841796875,0.23125457763671875,2.7934112548828125,0.28197479248046875,0.27188873291015625,0.22716522216796875,0.317657470703125,0.20455169677734375,2.8416290283203125,65.69148254394531,0.18463897705078125,2.797607421875,0.2885589599609375,0.28865814208984375,0.277679443359375,0.27997589111328125,2.8052444458007813,0,203161.13903808594,213978.43048095703,0,34088599552,2147483648,8347332608,0
199,1787750627618,3500,3500,3500,3500,3500,3500,3500,3500,3500,3500,3500,3500,3500,3500,3500,3500,3500,3500,3500,3500,20.315628051757813,2.7755126953125,87.82064819335938,0.15143585205078125,0.3712310791015625,0.23627471923828125,2.7801589965820313,0.2669525146484375,0.2727508544921875,0.33565521240234375,0.3625335693359375,0.278594970703125,75.69430541992188,0.1999053955078125,0.41864013671875,2.8171310424804688,0.32216644287109375,0.28124237060546875,0.3403472900390625,0.2793426513671875,0,203173.19274902344,213988.20166015625,0,34088599552,2147483648,8348835840,0
200,1787750627818,3500,3500,3500,3500,3500,3500,3500,3500,3500,3500,3500,3500,3500,3500,3500,3500,3500,3500,3500,3500,27.28437042236328,0.32811737060546875,96.0958023071289,0.18375396728515625,2.8544540405273438,0.3114776611328125,0.33402252197265625,0.235443115234375,0.4766845703125,0.5087738037109375,0.5293731689453125,0.48073577880859375,36.00035095214844,2.8176116943359375,0.3533172607421875,0.31087493896484375,2.8278121948242188,2.843109130859375,2.8617019653320313,0.30233001708984375,0,203183.8067626953,213996.64666748047,0,34088599552,2147483648,8347611136,0
200,1787750628018,3500,3500,3500,3500,3500,3500,3500,3500,3500,3500,3500,3500,3500,3500,3500,3500,3500,3500,3500,3500,40.0212516784668,0.16263580322265625,34.29164123535156,2.6592025756835938,0.14006805419921875,0.1174468994140625,32.09307861328125,2.6967010498046875,2.9410324096679688,2.9069747924804688,2.803558349609375,0.28212738037109375,69.04112243652344,0.08568572998046875,4.366004943847656,0.2816314697265625,0.24602508544921875,0.2666473388671875,0.22545623779296875,0.23303985595703125,0,203195.3324584961,214006.00457763672,0,34088599552,2147483648,8349020160,0
200,1787750628219,3500,3500,3500,3500,3500,3500,3500,3500,3500,3500,3500,3500,3500,3500,3500,3500,3500,3500,3500,3500,42.07086944580078,0.334716796875,47.511383056640625,0.2490234375,0.34661102294921875,0.26456451416015625,0.401519775390625,0.3631439208984375,0.3524017333984375,0.35974884033203125,0.36334991455078125,0.28580474853515625,93.73690795898438,0.21295166015625,15.536285400390625,0.33042144775390625,0.7728118896484375,0.37903594970703125,0.3614501953125,0.37493896484375,0,203205.3422241211,214013.80981445313,0,34088599552,2147483648,8349323264,0
200,1787750628419,3500,3500,3500,3500,3500,3500,3500,3500,3500,3500,3500,3500,3500,3500,3500,3500,3500,3500,3500,3500,45.986045837402344,0.26287841796875,48.452144622802734,0.1801910400390625,0.301422119140625,2.7995758056640625,0.2711181640625,0.31005859375,0.35015106201171875,0.2629241943359375,0.30481719970703125,2.8333816528320313,89.57554626464844,0.15862274169921875,4.269340515136719,0.3043212890625,0.35948944091796875,0.311309814453125,0.4019317626953125,0.97137451171875,0,203217.7108154297,214023.98321533203,0,34088599552,2147483648,8350765056,0
200,1787750628619,3500,3500,3500,3500,3500,3500,3500,3500,3500,3500,3500,3500,3500,3500,3500,3500,3500,3500,3500,3500,53.302364349365234,2.7858963012695313,22.752891540527344,0.215576171875,0.31172943115234375,0.263702392578125,3.3306732177734375,0.263153076171875,0.2334442138671875,0.2789306640625,0.2851715087890625,0.36499786376953125,92.82847595214844,0.126708984375,0.6699371337890625,2.7765579223632813,0.29190826416015625,0.29355621337890625,0.4080352783203125,2.207763671875,0,203227.28546142578,214031.37823486328,0,34088599552,2147483648,8351039488,0
200,1787750628819,3500,3500,3500,3500,3500,3500,3500,3500,3500,3500,3500,3500,3500,3500,3500,3500,3500,3500,3500,3500,55.946292877197266,0.2089080810546875,15.190605163574219,0.22888946533203125,2.8228073120117188,0.28818511962890625,0.41796875,0.26825714111328125,0.29767608642578125,0.36266326904296875,0.41042327880859375,0.42006683349609375,58.13737869262695,2.7521743774414063,43.22921371459961,0.23877716064453125,2.8319015502929688,2.8341445922851563,2.8372421264648438,0.31021881103515625,0,203238.6697998047,214040.56060791016,0,34088599552,2147483648,8350818304,0
200,1787750629020,3500,3500,3500,3500,3500,3500,3500,3500,3500,3500,3500,3500,3500,3500,3500,3500,3500,3500,3500,3500,13.179801940917969,0.24381256103515625,8.706260681152344,2.75079345703125,0.29616546630859375,0.24181365966796875,0.17608642578125,2.8539047241210938,0.35750579833984375,2.9661026000976563,2.7838363647460938,0.416900634765625,50.386505126953125,0.24864959716796875,100,0.12921905517578125,0.29431915283203125,0.2879791259765625,0.29192352294921875,0.31862640380859375,0,203251.04522705078,214050.7344970703,0,34088599552,2147483648,8356941824,0
200,1787750629220,3500,3500,3500,3500,3500,3500,3500,3500,3500,3500,3500,3500,3500,3500,3500,3500,3500,3500,3500,3500,10.563407897949219,0.375579833984375,6.5068817138671875,0.2715606689453125,0.32117462158203125,0.27915191650390625,0.4045257568359375,0.2284393310546875,2.7684860229492188,0.24655914306640625,0.3964385986328125,0.3307037353515625,69.5673828125,0.19484710693359375,100,0.13785552978515625,0.3076019287109375,0.30899810791015625,0.31034088134765625,0.30625152587890625,0,203261.76953125,214059.2781982422,0,34088599552,2147483648,8355057664,0
199,1787750629420,3500,3500,3500,3500,3500,3500,3500,3500,3500,3500,3500,3500,3500,3500,3500,3500,3500,3500,3500,3500,38.51681137084961,0.2663726806640625,27.01416015625,0.18173980712890625,0.25299835205078125,2.81121826171875,0.2115325927734375,0.2938690185546875,0.29172515869140625,0.23883056640625,0.2246551513671875,2.8067703247070313,45.63823699951172,0.21237945556640625,40.51787185668945,0.20499420166015625,0.2776031494140625,0.27471160888671875,0.2960662841796875,0.261138916015625,0,203273.37475585938,214068.7055053711,0,34088599552,2147483648,8350961664,0
200,1787750629620,3500,3500,3500,3500,3500,3500,3500,3500,3500,3500,3500,3500,3500,3500,3500,3500,3500,3500,3500,3500,30.770042419433594,2.8108901977539063,17.466201782226563,0.2809295654296875,0.3118743896484375,0.32126617431640625,2.8786773681640625,0.30237579345703125,0.33636474609375,0.28232574462890625,0.339111328125,0.3633575439453125,96.13067626953125,0.17525482177734375,0.41194915771484375,2.8807220458984375,0.34131622314453125,0.33751678466796875,0.35346221923828125,2.857177734375,0,203284.84509277344,214077.99072265625,0,34088599552,2147483648,8351019008,0
200,1787750629821,3500,3500,3500,3500,3500,3500,3500,3500,3500,3500,3500,3500,3500,3500,3500,3500,3500,3500,3500,3500,17.959861755371094,0.22814178466796875,8.493492126464844,0.206146240234375,2.8523101806640625,0.31308746337890625,0.6907730102539063,0.39623260498046875,0.2829132080078125,0.24759674072265625,0.329498291015625,0.33673095703125,55.78510284423828,2.7228775024414063,57.04613494873047,0.17766571044921875,2.7901611328125,2.8027801513671875,2.790313720703125,0.30710601806640625,0,203295.97845458984,214086.93829345703,0,34088599552,2147483648,8351354880,0
200,1787750630021,3500,3500,3500,3500,3500,3500,3500,3500,3500,3500,3500,3500,3500,3500,3500,3500,3500,3500,3500,3500,23.958328247070313,0.254180908203125,65.90495300292969,2.7138748168945313,0.287353515625,0.30588531494140625,0.5497283935546875,2.7612380981445313,0.2049713134765625,2.7658843994140625,0.3203277587890625,0.29749298095703125,38.95353698730469,0.24169158935546875,3.92828369140625,0.28570556640625,0.29754638671875,0.2960968017578125,0.26662445068359375,0.29384613037109375,0,203305.3331298828,214094.1167602539,0,34088599552,2147483648,8351817728,0
199,1787750630221,3500,3500,3500,3500,3500,3500,3500,3500,3500,3500,3500,3500,3500,3500,3500,3500,3500,3500,3500,3500,19.534889221191406,0.25922393798828125,42.38011932373047,0.1915740966796875,0.280609130859375,0.2108612060546875,1.73748779296875,0.2459869384765625,5.336433410644531,0.29300689697265625,2.770050048828125,0.28195953369140625,31.238967895507813,0.2281951904296875,44.7083625793457,0.17278289794921875,0.2761688232421875,0.27321624755859375,0.3061981201171875,0.3586578369140625,0,203315.62200927734,214102.2152709961,0,34088599552,2147483648,8351830016,0
200,1787750630421,3500,3500,3500,3500,3500,3500,3500,3500,3500,3500,3500,3500,3500,3500,3500,3500,3500,3500,3500,3500,30.80048370361328,0.27330780029296875,35.74030303955078,0.25936126708984375,0.27906036376953125,2.8773040771484375,4.204315185546875,1.4387741088867188,3.746612548828125,0.8697662353515625,0.25696563720703125,2.8507614135742188,78.76365661621094,0.18973541259765625,15.819328308105469,0.2777557373046875,10.747604370117188,0.30484771728515625,2.65692138671875,0.400421142578125,0,203326.09771728516,214110.43463134766,0,34088599552,2147483648,8360472576,0
199,1787750630622,3500,3500,3500,3500,3500,3500,3500,3500,3500,3500,3500,3500,3500,3500,3500,3500,3500,3500,3500,3500,49.398048400878906,2.8304672241210938,90.60116577148438,0.16074371337890625,0.41246795654296875,0.2903289794921875,11.576690673828125,0.7409515380859375,1.1009368896484375,0.5184326171875,0.33696746826171875,0.4005889892578125,61.82320022583008,0.27838897705078125,78.02455139160156,2.7947158813476563,41.44680404663086,0.2894287109375,35.902069091796875,2.8561325073242188,0,203343.24224853516,214125.33233642578,0,34088599552,2147483648,8386736128,0
200,1787750630822,3500,3500,3500,3500,3500,3500,3500,3500,3500,3500,3500,3500,3500,3500,3500,3500,3500,3500,3500,3500,46.9106559753418,0.3277587890625,93.9309310913086,0.2366790771484375,2.8979263305664063,0.36934661865234375,6.484748840332031,2.0396194458007813,0.6211700439453125,0.4781646728515625,0.4243316650390625,0.34870147705078125,54.26515579223633,0.2645263671875,34.946075439453125,0.29361724853515625,42.0618896484375,2.8029022216796875,46.50707244873047,0.29891204833984375,0,203355.90954589844,214135.76794433594,0,34088599552,2147483648,8398336000,0
200,1787750631022,3500,3500,3500,3500,3500,3500,3500,3500,3500,3500,3500,3500,3500,3500,3500,3500,3500,3500,3500,3500,51.300567626953125,0.227508544921875,20.675399780273438,2.7440261840820313,0.37963104248046875,0.36505889892578125,21.761756896972656,1.7161407470703125,2.7272567749023438,7.771415710449219,0.2707672119140625,0.3192596435546875,37.815486907958984,2.7582931518554688,32.79148864746094,0.21743011474609375,28.055763244628906,0.28343963623046875,36.10523223876953,0.245819091796875,0,203369.30224609375,214146.91375732422,0,34088599552,2147483648,8366583808,0
199,1787750631222,3500,3500,3500,3500,3500,3500,3500,3500,3500,3500,3500,3500,3500,3500,3500,3500,3500,3500,3500,3500,32.560035705566406,0.19739532470703125,53.89735794067383,0.21343231201171875,0.237762451171875,0.28478240966796875,1.6557693481445313,2.8417510986328125,3.077117919921875,0.32135009765625,2.8512420654296875,0.232269287109375,56.347557067871094,0.21413421630859375,4.2601470947265625,0.27404022216796875,8.942672729492188,0.32505035400390625,0.31915283203125,0.30301666259765625,0,203379.9991455078,214155.3729248047,0,34088599552,2147483648,8367054848,0
200,1787750631422,3500,3500,3500,3500,3500,3500,3500,3500,3500,3500,3500,3500,3500,3500,3500,3500,3500,3500,3500,3500,22.632667541503906,0.28802490234375,44.954219818115234,0.23858642578125,0.3061676025390625,0.30356597900390625,1.4800567626953125,0.30387115478515625,0.5630035400390625,0.41799163818359375,0.33576202392578125,2.9057769775390625,51.2571907043457,0.22808837890625,0.6213836669921875,0.2973175048828125,13.602226257324219,0.28937530517578125,0.2907257080078125,0.30266571044921875,0,203389.57720947266,214162.8018798828,0,34088599552,2147483648,8366587904,0
200,1787750631622,3500,3500,3500,3500,3500,3500,3500,3500,3500,3500,3500,3500,3500,3500,3500,3500,3500,3500,3500,3500,23.74549102783203,0.29730224609375,50.446903228759766,0.19042205810546875,0.2659759521484375,2.7960357666015625,0.7096786499023438,0.313690185546875,0.35376739501953125,0.44300079345703125,0.41477203369140625,0.39044189453125,56.153839111328125,0.1857757568359375,4.132041931152344,2.75970458984375,3.81610107421875,0.32593536376953125,0.28705596923828125,2.8271102905273438,0,203398.29248046875,214169.35260009766,0,34088599552,2147483648,8366714880,0
200,1787750631823,3500,3500,3500,3500,3500,3500,3500,3500,3500,3500,3500,3500,3500,3500,3500,3500,3500,3500,3500,3500,26.732749938964844,2.81280517578125,24.14649200439453,0.15760040283203125,2.8118133544921875,0.28033447265625,2.9467620849609375,0.187286376953125,0.41942596435546875,0.47540283203125,0.46842193603515625,0.43474578857421875,82.53375244140625,0.1447296142578125,0.9223175048828125,0.2853240966796875,2.8250274658203125,2.8604049682617188,2.7980880737304688,0.30503082275390625,0,203408.0069580078,214176.88189697266,0,34088599552,2147483648,8365555712,0
200,1787750632023,3500,3500,3500,3500,3500,3500,3500,3500,3500,3500,3500,3500,3500,3500,3500,3500,3500,3500,3500,3500,24.339759826660156,0.207305908203125,50.392704010009766,2.672698974609375,0.26071929931640625,0.32860565185546875,0.25777435302734375,0.27838897705078125,0.35211944580078125,0.6081008911132813,0.4338836669921875,0.42804718017578125,64.35880279541016,2.625823974609375,2.0099868774414063,0.194976806640625,0.27634429931640625,0.32726287841796875,0.22852325439453125,0.23805999755859375,0,203416.87994384766,214183.56146240234,0,34088599552,2147483648,8365174784,0
200,1787750632224,3500,3500,3500,3500,3500,3500,3500,3500,3500,3500,3500,3500,3500,3500,3500,3500,3500,3500,3500,3500,14.5679931640625,0.29006195068359375,81.35558319091797,0.2122650146484375,0.5080642700195313,0.49269866943359375,0.43006134033203125,2.98388671875,2.8353652954101563,2.7183609008789063,2.887786865234375,0.3183441162109375,42.61967468261719,0.22991943359375,2.0028228759765625,0.46572113037109375,0.442779541015625,0.42063140869140625,0.42806243896484375,0.43714141845703125,0,203426.94342041016,214191.46215820313,0,34088599552,2147483648,8365600768,0
200,1787750632424,3500,3500,3500,3500,3500,3500,3500,3500,3500,3500,3500,3500,3500,3500,3500,3500,3500,3500,3500,3500,19.860519409179688,0.1894989013671875,50.516014099121094,0.1638946533203125,0.2854156494140625,0.26351165771484375,0.29230499267578125,0.25467681884765625,0.19533538818359375,0.209808349609375,0.29689788818359375,2.7515869140625,41.95428466796875,0.16968536376953125,44.507389068603516,0.22537994384765625,0.23940277099609375,0.26151275634765625,0.24250030517578125,0.25238037109375,0,203437.3525390625,214200.32696533203,0,34088599552,2147483648,8366592000,0
200,1787750632625,3500,3500,3500,3500,3500,3500,3500,3500,3500,3500,3500,3500,3500,3500,3500,3500,3500,3500,3500,3500,11.561630249023438,0.27794647216796875,70.57025146484375,0.2732086181640625,0.3395233154296875,2.8743515014648438,0.37062835693359375,0.42726898193359375,0.29878997802734375,0.3664398193359375,0.43399810791015625,0.4559326171875,58.825950622558594,0.27625274658203125,27.417007446289063,2.848480224609375,14.626029968261719,0.35113525390625,0.44451904296875,2.9962539672851563,0,203447.64965820313,214208.2689819336,0,34088599552,2147483648,8366190592,0
200,1787750632825,3500,3500,3500,3500,3500,3500,3500,3500,3500,3500,3500,3500,3500,3500,3500,3500,3500,3500,3500,3500,20.606056213378906,2.7836990356445313,58.668148040771484,0.16371917724609375,2.7830047607421875,0.19025421142578125,2.8094406127929688,0.270416259765625,0.25202178955078125,0.29210662841796875,0.2853546142578125,0.2744598388671875,91.34489440917969,0.17296600341796875,18.52794647216797,0.22093963623046875,6.705131530761719,2.9037933349609375,10.513969421386719,0.26576995849609375,0,203460.1411743164,214218.25018310547,0,34088599552,2147483648,8369127424,0
200,1787750633025,3500,3500,3500,3500,3500,3500,3500,3500,3500,3500,3500,3500,3500,3500,3500,3500,3500,3500,3500,3500,8.016212463378906,0.2915496826171875,2.2490768432617188,2.824188232421875,0.29205322265625,0.288909912109375,0.46344757080078125,0.310577392578125,0.3211669921875,0.25714111328125,0.24935150146484375,0.29749298095703125,97.52919006347656,2.7352981567382813,100,0.1462249755859375,0.42040252685546875,0.42389678955078125,0.3266143798828125,0.348236083984375,0,203469.93395996094,214225.80786132813,0,34088599552,2147483648,8371544064,0
200,1787750633225,3500,3500,3500,3500,3500,3500,3500,3500,3500,3500,3500,3500,3500,3500,3500,3500,3500,3500,3500,3500,11.109878540039063,0.2819061279296875,27.902793884277344,0.2388916015625,0.27965545654296875,0.272674560546875,0.45952606201171875,2.7392654418945313,2.7022933959960938,2.832611083984375,2.7692947387695313,0.234405517578125,93.38692474365234,0.17906951904296875,73.96585845947266,0.137908935546875,0.6057662963867188,0.37166595458984375,0.2965240478515625,0.29412841796875,0,203483.13061523438,214236.85900878906,0,34088599552,2147483648,8373432320,0
200,1787750633426,3500,3500,3500,3500,3500,3500,3500,3500,3500,3500,3500,3500,3500,3500,3500,3500,3500,3500,3500,3500,7.754173278808594,0.31496429443359375,5.2600860595703125,0.33666229248046875,0.26766204833984375,0.2366790771484375,14.903678894042969,23.986892700195313,18.429458618164063,0.2634735107421875,0.32274627685546875,2.7566146850585938,98.58350372314453,0.20125579833984375,52.59990692138672,0.2984466552734375,4.0888519287109375,0.352081298828125,3.1012649536132813,0.309173583984375,0,203492.64013671875,214244.193359375,0,34088599552,2147483648,8375726080,0
200,1787750633626,3500,3500,3500,3500,3500,3500,3500,3500,3500,3500,3500,3500,3500,3500,3500,3500,3500,3500,3500,3500,6.700981140136719,0.284637451171875,1.5986251831054688,0.2584075927734375,0.18346405029296875,2.7528305053710938,20.459945678710938,21.74530029296875,61.72772216796875,0.1993560791015625,0.2111968994140625,0.16812896728515625,100,0.10457611083984375,3.2503662109375,2.8851318359375,0.2849884033203125,0.27410125732421875,0.26136016845703125,2.8028411865234375,0,203502.97424316406,214252.35174560547,0,34088599552,2147483648,8379473920,0
200,1787750633826,3500,3500,3500,3500,3500,3500,3500,3500,3500,3500,3500,3500,3500,3500,3500,3500,3500,3500,3500,3500,61.18948745727539,2.8150863647460938,20.20604705810547,0.28464508056640625,2.8597259521484375,0.2934722900390625,10.03411865234375,2.630889892578125,0.592681884765625,0.5522308349609375,0.5154266357421875,0.6059036254882813,92.83911895751953,0.1930694580078125,24.05377960205078,0.32100677490234375,2.9530410766601563,2.87872314453125,2.9527435302734375,0.3780670166015625,0,203515.97827148438,214263.1787109375,0,34088599552,2147483648,8391352320,0
200,1787750634027,3500,3500,3500,3500,3500,3500,3500,3500,3500,3500,3500,3500,3500,3500,3500,3500,3500,3500,3500,3500,26.521560668945313,0.23934173583984375,15.83001708984375,2.8078079223632813,0.25897216796875,0.312774658203125,8.825515747070313,0.30098724365234375,0.5550155639648438,0.4739837646484375,0.4248809814453125,0.500762939453125,47.434059143066406,2.72332763671875,33.47930908203125,0.24263763427734375,15.940475463867188,0.2739105224609375,0.29839324951171875,0.30847930908203125,0,203525.75,214270.80297851563,0,34088599552,2147483648,8389369856,0
200,1787750634227,3500,3500,3500,3500,3500,3500,3500,3500,3500,3500,3500,3500,3500,3500,3500,3500,3500,3500,3500,3500,22.400245666503906,0.228485107421875,21.733070373535156,0.2482757568359375,0.26151275634765625,0.28334808349609375,0.1769256591796875,2.8722763061523438,2.8808670043945313,2.8994064331054688,2.896759033203125,0.3383636474609375,9.783447265625,0.25981903076171875,67.2464599609375,0.20885467529296875,0.3265228271484375,0.29788970947265625,0.3143768310546875,0.353302001953125,0,203534.35107421875,214277.2388305664,0,34088599552,2147483648,8390717440,0
200,1787750634427,3500,3500,3500,3500,3500,3500,3500,3500,3500,3500,3500,3500,3500,3500,3500,3500,3500,3500,3500,3500,16.062088012695313,0.29854583740234375,36.146080017089844,0.21829986572265625,0.20410919189453125,0.330474853515625,0.29425048828125,0.28380584716796875,0.2458343505859375,0.20151519775390625,0.3772430419921875,0.35695648193359375,10.654678344726563,0.229644775390625,57.96653747558594,0.1806793212890625,0.27526092529296875,0.28565216064453125,0.33527374267578125,0.33527374267578125,0,203543.79278564453,214284.54315185547,0,34088599552,2147483648,8393678848,0
200,1787750634627,3500,3500,3500,3500,3500,3500,3500,3500,3500,3500,3500,3500,3500,3500,3500,3500,3500,3500,3500,3500,36.64193344116211,0.26564788818359375,68.46443176269531,0.204803466796875,0.3555145263671875,2.9957122802734375,0.42005157470703125,0.38668060302734375,0.3644561767578125,0.3079071044921875,0.2290802001953125,2.7924041748046875,100,0.1397705078125,2.859039306640625,2.8235244750976563,0.3197479248046875,0.337432861328125,0.410614013671875,2.9339675903320313,0,203554.37768554688,214292.97674560547,0,34088599552,2147483648,8394764288,0
199,1787750634828,3500,3500,3500,3500,3500,3500,3500,3500,3500,3500,3500,3500,3500,3500,3500,3500,3500,3500,3500,3500,36.30816650390625,2.758056640625,66.22643280029297,0.1809234619140625,2.9342422485351563,0.4399871826171875,2.9701461791992188,0.34583282470703125,0.21598052978515625,0.235626220703125,0.2460479736328125,0.243255615234375,100,0.1015777587890625,2.3192672729492188,0.2378692626953125,2.8378448486328125,2.7570114135742188,2.8560943603515625,0.35451507568359375,0,203563.64434814453,214300.08428955078,0,34088599552,2147483648,8394780672,0
200,1787750635028,3500,3500,3500,3500,3500,3500,3500,3500,3500,3500,3500,3500,3500,3500,3500,3500,3500,3500,3500,3500,26.985565185546875,0.3626556396484375,50.160560607910156,2.7938613891601563,0.5616302490234375,0.5924148559570313,0.4972076416015625,0.4897613525390625,0.28234100341796875,0.36260986328125,0.33167266845703125,0.33747100830078125,97.41485595703125,2.7460784912109375,37.1518440246582,0.30213165283203125,1.2100296020507813,0.38105010986328125,0.436981201171875,0.4654693603515625,0,203574.6553955078,214308.96325683594,0,34088599552,2147483648,8394792960,0
200,1787750635228,3500,3500,3500,3500,3500,3500,3500,3500,3500,3500,3500,3500,3500,3500,3500,3500,3500,3500,3500,3500,27.32952117919922,0.26473236083984375,78.75613403320313,0.17104339599609375,0.48209381103515625,0.47449493408203125,0.4464111328125,2.9088897705078125,2.8147506713867188,2.7965087890625,2.8953475952148438,0.201019287109375,99.26312255859375,0.17249298095703125,2.49090576171875,0.29875946044921875,0.33353424072265625,0.32659149169921875,0.41083526611328125,0.41898345947265625,0,203586.33337402344,214318.48754882813,0,34088599552,2147483648,8394792960,0
199,1787750635428,3500,3500,3500,3500,3500,3500,3500,3500,3500,3500,3500,3500,3500,3500,3500,3500,3500,3500,3500,3500,7.6631317138671875,0.21460723876953125,31.220901489257813,0.21380615234375,0.36855316162109375,0.48328399658203125,0.37303924560546875,0.34360504150390625,0.25466156005859375,0.27875518798828125,0.27925872802734375,0.25022125244140625,98.71910095214844,0.1408233642578125,69.74861145019531,0.15055084228515625,0.3064422607421875,0.2647857666015625,0.377532958984375,0.39194488525390625,0,203597.85034179688,214327.86419677734,0,34088599552,2147483648,8397156352,0
200,1787750635628,3500,3500,3500,3500,3500,3500,3500,3500,3500,3500,3500,3500,3500,3500,3500,3500,3500,3500,3500,3500,14.919136047363281,0.2284088134765625,18.2069091796875,0.2577362060546875,0.36737060546875,2.9109115600585938,0.9529953002929688,0.35987091064453125,0.32819366455078125,0.31999969482421875,0.24869537353515625,2.8472061157226563,44.14689254760742,0.28107452392578125,60.94404602050781,2.7628097534179688,0.31835174560546875,0.32904052734375,0.336639404296875,2.869842529296875,0,203607.28674316406,214335.14068603516,0,34088599552,2147483648,8365715456,0
200,1787750635829,3500,3500,3500,3500,3500,3500,3500,3500,3500,3500,3500,3500,3500,3500,3500,3500,3500,3500,3500,3500,15.819229125976563,2.8155670166015625,4.829200744628906,0.329437255859375,2.7656021118164063,0.305877685546875,2.9007720947265625,0.30792999267578125,0.300689697265625,0.28511810302734375,0.3126678466796875,0.26235198974609375,55.8331184387207,0.22316741943359375,31.224212646484375,0.2675933837890625,0.30333709716796875,2.8232574462890625,2.8551483154296875,0.32454681396484375,0,203616.87768554688,214342.595703125,0,34088599552,2147483648,8365350912,0
200,1787750636029,3500,3500,3500,3500,3500,3500,3500,3500,3500,3500,3500,3500,3500,3500,3500,3500,3500,3500,3500,3500,27.169952392578125,0.21286773681640625,3.7132339477539063,2.759429931640625,0.2809600830078125,0.225250244140625,0.5816879272460938,0.25095367431640625,0.3159027099609375,0.442657470703125,0.3186492919921875,0.3307342529296875,74.5364761352539,2.6663742065429688,4.157890319824219,0.3340301513671875,2.7863388061523438,0.2752227783203125,0.32683563232421875,0.2528533935546875,0,203627.10021972656,214350.66241455078,0,34088599552,2147483648,8365371392,0
200,1787750636229,3500,3500,3500,3500,3500,3500,3500,3500,3500,3500,3500,3500,3500,3500,3500,3500,3500,3500,3500,3500,15.254653930664063,0.31145477294921875,21.56134796142578,0.2722320556640625,0.30945587158203125,0.2808685302734375,0.4822998046875,2.8295669555664063,2.8556671142578125,2.8795700073242188,2.8382034301757813,0.2794189453125,29.11529541015625,0.3042144775390625,42.404483795166016,0.2417449951171875,0.3546600341796875,0.29778289794921875,0.32442474365234375,0.30890655517578125,0,203637.66436767578,214359.09600830078,0,34088599552,2147483648,8365338624,0
200,1787750636430,3500,3500,3500,3500,3500,3500,3500,3500,3500,3500,3500,3500,3500,3500,3500,3500,3500,3500,3500,3500,14.488357543945313,0.22356414794921875,44.74864959716797,0.18831634521484375,0.1992034912109375,0.2374420166015625,0.22360992431640625,0.29550933837890625,0.23954010009765625,0.2958526611328125,0.20229339599609375,0.26175689697265625,35.426422119140625,0.2175750732421875,23.893211364746094,0.248077392578125,5.504669189453125,0.28821563720703125,2.3542556762695313,0.27094268798828125,0,203645.9873046875,214365.2568359375,0,34088599552,2147483648,8364560384,0
199,1787750636630,3500,3500,3500,3500,3500,3500,3500,3500,3500,3500,3500,3500,3500,3500,3500,3500,3500,3500,3500,3500,11.21771240234375,0.22280120849609375,74.01028442382813,0.13657379150390625,0.27010345458984375,2.8230743408203125,0.33657073974609375,0.2392120361328125,0.2619171142578125,0.28491973876953125,0.21117401123046875,2.77337646484375,20.295761108398438,0.2190093994140625,3.352752685546875,0.44554901123046875,0.24665069580078125,0.33382415771484375,0.2657623291015625,2.7642974853515625,0,203655.83758544922,214372.9732055664,0,34088599552,2147483648,8364494848,0
200,1787750636830,3500,3500,3500,3500,3500,3500,3500,3500,3500,3500,3500,3500,3500,3500,3500,3500,3500,3500,3500,3500,14.453224182128906,2.8555984497070313,12.827400207519531,0.35631561279296875,0.36901092529296875,0.3616180419921875,2.8994293212890625,0.40659332275390625,0.36316680908203125,0.38440704345703125,0.36331939697265625,0.41143798828125,15.622528076171875,0.36406707763671875,64.6225357055664,2.6159744262695313,0.409393310546875,2.9342117309570313,2.9583511352539063,0.4073944091796875,0,203665.26544189453,214380.2734375,0,34088599552,2147483648,8364482560,0
200,1787750637030,3500,3500,3500,3500,3500,3500,3500,3500,3500,3500,3500,3500,3500,3500,3500,3500,3500,3500,3500,3500,14.720451354980469,0.27114105224609375,10.523475646972656,2.7482147216796875,2.6866989135742188,0.26424407958984375,0.3373565673828125,0.2193756103515625,0.31511688232421875,0.2374114990234375,0.19313812255859375,0.29677581787109375,84.55097198486328,2.65277099609375,0.484771728515625,0.275390625,2.781097412109375,0.262298583984375,0.26290130615234375,0.2552032470703125,0,203675.60150146484,214388.4722290039,0,34088599552,2147483648,8364605440,0
200,1787750637231,3500,3500,3500,3500,3500,3500,3500,3500,3500,3500,3500,3500,3500,3500,3500,3500,3500,3500,3500,3500,16.3873291015625,0.26956939697265625,37.176719665527344,0.1970672607421875,0.32149505615234375,0.2223358154296875,0.3130035400390625,2.8765716552734375,2.8408279418945313,2.7740707397460938,2.7693252563476563,0.28354644775390625,58.269134521484375,0.1843414306640625,0.30771636962890625,0.29218292236328125,0.30551910400390625,0.28409576416015625,0.2935333251953125,0.29492950439453125,0,203684.22595214844,214394.9560546875,0,34088599552,2147483648,8364609536,0
200,1787750637431,3500,3500,3500,3500,3500,3500,3500,3500,3500,3500,3500,3500,3500,3500,3500,3500,3500,3500,3500,3500,6.62542724609375,0.21952056884765625,57.75252151489258,0.17230224609375,0.260894775390625,0.26169586181640625,0.305419921875,0.3013763427734375,0.29897308349609375,0.27639007568359375,0.2372589111328125,0.29293060302734375,40.276527404785156,0.23680877685546875,0.47422027587890625,0.302276611328125,0.2737884521484375,0.3106689453125,0.29872894287109375,0.29877471923828125,0,203693.12280273438,214401.72430419922,0,34088599552,2147483648,8364613632,0
200,1787750637631,3500,3500,3500,3500,3500,3500,3500,3500,3500,3500,3500,3500,3500,3500,3500,3500,3500,3500,3500,3500,13.43450927734375,0.25003814697265625,16.174591064453125,0.22902679443359375,0.26551055908203125,2.783203125,0.5765304565429688,0.2165985107421875,0.28412628173828125,0.2923126220703125,0.229522705078125,2.7967300415039063,78.90210723876953,0.18366241455078125,3.0079879760742188,0.37296295166015625,0.32330322265625,0.2824249267578125,0.27733612060546875,2.8135986328125,0,203702.21978759766,214408.677734375,0,34088599552,2147483648,8364605440,0
200,1787750637832,3500,3500,3500,3500,3500,3500,3500,3500,3500,3500,3500,3500,3500,3500,3500,3500,3500,3500,3500,3500,18.62964630126953,2.728973388671875,50.3223991394043,0.17003631591796875,0.1864013671875,0.22714996337890625,2.8143157958984375,0.3253631591796875,0.1980743408203125,0.2463531494140625,0.25753021240234375,0.286163330078125,38.827903747558594,0.22934722900390625,2.137847900390625,2.7725677490234375,0.33060455322265625,1.6582565307617188,2.7811965942382813,0.25433349609375,0,203710.88214111328,214415.19927978516,0,34088599552,2147483648,8364597248,0
200,1787750638032,3500,3500,3500,3500,3500,3500,3500,3500,3500,3500,3500,3500,3500,3500,3500,3500,3500,3500,3500,3500,26.77576446533203,0.2663726806640625,47.65287780761719,2.73712158203125,2.78167724609375,0.3277587890625,0.33405303955078125,0.26282501220703125,0.30173492431640625,0.36856842041015625,0.25014495849609375,0.3018341064453125,26.7840576171875,2.7854232788085938,8.496917724609375,0.292144775390625,2.8474044799804688,1.434417724609375,0.2732696533203125,0.32061767578125,0,203720.5450439453,214422.7342529297,0,34088599552,2147483648,8364732416,0
199,1787750638232,3500,3500,3500,3500,3500,3500,3500,3500,3500,3500,3500,3500,3500,3500,3500,3500,3500,3500,3500,3500,10.101997375488281,0.3454742431640625,2.02728271484375,0.2624053955078125,0.31008148193359375,0.2618560791015625,0.34812164306640625,2.8323135375976563,2.7757492065429688,2.8074951171875,2.8458404541015625,0.25481414794921875,15.119255065917969,0.331146240234375,77.32453918457031,0.17598724365234375,0.32525634765625,0.33029937744140625,0.29759979248046875,0.33803558349609375,0,203729.115234375,214429.60821533203,0,34088599552,2147483648,8364732416,0
200,1787750638432,3500,3500,3500,3500,3500,3500,3500,3500,3500,3500,3500,3500,3500,3500,3500,3500,3500,3500,3500,3500,9.789382934570313,0.31219482421875,53.055381774902344,0.22885894775390625,0.319244384765625,0.30739593505859375,0.24965667724609375,0.25800323486328125,0.220062255859375,0.31703948974609375,0.29509735107421875,0.2865447998046875,4.0567474365234375,0.344085693359375,39.807247161865234,0.25130462646484375,0.3096923828125,0.31539154052734375,0.29514312744140625,0.29909515380859375,0,203738.3588256836,214436.45721435547,0,34088599552,2147483648,8364601344,0
200,1787750638632,3500,3500,3500,3500,3500,3500,3500,3500,3500,3500,3500,3500,3500,3500,3500,3500,3500,3500,3500,3500,25.289688110351563,0.240509033203125,71.97862243652344,0.1485595703125,0.27333831787109375,2.7338409423828125,0.29293060302734375,0.30352020263671875,0.2138214111328125,0.21227264404296875,0.25620269775390625,2.7809600830078125,10.565071105957031,0.3165130615234375,2.9026412963867188,0.27153778076171875,0.28772735595703125,0.26873779296875,0.26879119873046875,2.7754669189453125,0,203747.15423583984,214442.95831298828,0,34088599552,2147483648,8364519424,0
200,1787750638833,3500,3500,3500,3500,3500,3500,3500,3500,3500,3500,3500,3500,3500,3500,3500,3500,3500,3500,3500,3500,18.860824584960938,2.7493515014648438,21.378013610839844,0.22063446044921875,0.32126617431640625,0.300201416015625,2.8263778686523438,0.254730224609375,0.314178466796875,0.371185302734375,0.3627471923828125,0.39874267578125,66.79154205322266,0.1850433349609375,0.3301544189453125,2.816192626953125,0.3124847412109375,0.28482818603515625,2.7836990356445313,0.29221343994140625,0,203756.1181640625,214449.84344482422,0,34088599552,2147483648,8364519424,0
199,1787750639033,3500,3500,3500,3500,3500,3500,3500,3500,3500,3500,3500,3500,3500,3500,3500,3500,3500,3500,3500,3500,25.04602813720703,0.24243927001953125,46.53937530517578,2.7110443115234375,2.81146240234375,0.23580169677734375,0.35033416748046875,0.29351806640625,0.40406036376953125,0.4893646240234375,0.3604583740234375,0.44287109375,37.12602615356445,2.7650680541992188,0.4206695556640625,0.31177520751953125,3.37799072265625,2.802032470703125,0.29770660400390625,0.27475738525390625,0,203765.98028564453,214457.49951171875,0,34088599552,2147483648,8364584960,0
199,1787750639233,3500,3500,3500,3500,3500,3500,3500,3500,3500,3500,3500,3500,3500,3500,3500,3500,3500,3500,3500,3500,15.442390441894531,0.23152923583984375,2.5125503540039063,0.2888641357421875,0.24567413330078125,0.235931396484375,0.2584228515625,2.7760238647460938,2.8848876953125,2.9393234252929688,2.8628921508789063,0.28986358642578125,40.116825103759766,0.20958709716796875,46.800479888916016,0.2205810546875,0.29546356201171875,0.30475616455078125,0.26751708984375,0.28961181640625,0,203773.33819580078,214462.71655273438,0,34088599552,2147483648,8364576768,0
200,1787750639433,3500,3500,3500,3500,3500,3500,3500,3500,3500,3500,3500,3500,3500,3500,3500,3500,3500,3500,3500,3500,7.773597717285156,0.30565643310546875,35.25897216796875,0.24262237548828125,0.33774566650390625,0.29460906982421875,0.26181793212890625,0.30915069580078125,0.5034408569335938,0.5157394409179688,0.532684326171875,0.40012359619140625,8.996864318847656,0.3233489990234375,6.504798889160156,0.31670379638671875,62.966434478759766,0.22718048095703125,0.2904052734375,0.377777099609375,0,203782.7684326172,214470.00262451172,0,34088599552,2147483648,8364580864,0
199,1787750639634,3500,3500,3500,3500,3500,3500,3500,3500,3500,3500,3500,3500,3500,3500,3500,3500,3500,3500,3500,3500,7.971244812011719,0.28752899169921875,26.571807861328125,0.27869415283203125,0.28228759765625,2.8100738525390625,0.341949462890625,0.25200653076171875,0.36988067626953125,0.3465423583984375,0.366241455078125,2.8586578369140625,47.16800308227539,0.2296600341796875,26.409591674804688,0.27141571044921875,0.30368804931640625,0.31810760498046875,0.30169677734375,2.817108154296875,0,203792.62109375,214477.74609375,0,34088599552,2147483648,8364568576,0
200,1787750639834,3500,3500,3500,3500,3500,3500,3500,3500,3500,3500,3500,3500,3500,3500,3500,3500,3500,3500,3500,3500,5.798789978027344,2.8336334228515625,54.577754974365234,0.197509765625,0.3116302490234375,0.25919342041015625,2.8363876342773438,0.26984405517578125,0.349822998046875,0.2040557861328125,0.2956390380859375,0.3043365478515625,38.99878692626953,0.20960235595703125,8.123435974121094,2.8255844116210938,0.32382965087890625,0.295135498046875,0.30373382568359375,0.303985595703125,0,203801.15270996094,214484.14624023438,0,34088599552,2147483648,8364568576,0
200,1787750640034,3500,3500,3500,3500,3500,3500,3500,3500,3500,3500,3500,3500,3500,3500,3500,3500,3500,3500,3500,3500,11.293800354003906,0.22914886474609375,71.65226745605469,2.7176132202148438,2.8072662353515625,0.25946807861328125,3.9627227783203125,0.637664794921875,4.665557861328125,0.20462799072265625,0.31101226806640625,0.33094024658203125,18.503616333007813,2.8340377807617188,10.947174072265625,0.23879241943359375,5.2779998779296875,2.816009521484375,2.84912109375,0.2942352294921875,0,203809.6441040039,214490.47827148438,0,34088599552,2147483648,8366768128,0
200,1787750640234,3500,3500,3500,3500,3500,3500,3500,3500,3500,3500,3500,3500,3500,3500,3500,3500,3500,3500,3500,3500,1.9570236206054688,0.38116455078125,81.94880676269531,0.1596832275390625,0.2655029296875,0.261199951171875,0.34598541259765625,2.7490234375,2.7834014892578125,2.8445587158203125,2.7313919067382813,0.26145172119140625,0.5540313720703125,0.3050689697265625,0.45026397705078125,0.363525390625,18.58917999267578,0.261749267578125,0.4745941162109375,0.3757171630859375,0,203818.05767822266,214496.7592163086,0,34088599552,2147483648,8366768128,0
200,1787750640435,3500,3500,3500,3500,3500,3500,3500,3500,3500,3500,3500,3500,3500,3500,3500,3500,3500,3500,3500,3500,9.972938537597656,0.26001739501953125,60.962608337402344,0.194976806640625,0.29268646240234375,0.270294189453125,0.328948974609375,0.24350738525390625,0.3261566162109375,0.26245880126953125,0.28305816650390625,0.29468536376953125,35.659461975097656,0.245849609375,0.42626190185546875,0.3890533447265625,0.3242645263671875,0.37633514404296875,0.3864593505859375,0.39548492431640625,0,203827.12866210938,214503.7123413086,0,34088599552,2147483648,8366768128,0
200,1787750640635,3500,3500,3500,3500,3500,3500,3500,3500,3500,3500,3500,3500,3500,3500,3500,3500,3500,3500,3500,3500,24.268936157226563,0.30303192138671875,63.34990310668945,0.19853973388671875,0.31047821044921875,2.7971343994140625,0.466461181640625,0.26177978515625,0.2945404052734375,0.35723114013671875,0.2709197998046875,2.9518280029296875,17.38719940185547,0.31742095947265625,2.975250244140625,0.3895416259765625,0.432647705078125,0.4195098876953125,0.38904571533203125,2.9500274658203125,0,203837.79095458984,214512.25103759766,0,34088599552,2147483648,8366907392,0
200,1787750640835,3500,3500,3500,3500,3500,3500,3500,3500,3500,3500,3500,3500,3500,3500,3500,3500,3500,3500,3500,3500,29.519271850585938,2.7455825805664063,34.79609680175781,0.22226715087890625,0.3421783447265625,0.2073516845703125,3.875274658203125,0.23299407958984375,0.356048583984375,0.501800537109375,0.35355377197265625,0.40563201904296875,49.27226638793945,0.18795013427734375,5.194023132324219,2.8247909545898438,0.30587005615234375,0.309661865234375,0.38238525390625,0.40029144287109375,0,203847.67419433594,214519.97412109375,0,34088599552,2147483648,8370749440,0
200,1787750641035,3500,3500,3500,3500,3500,3500,3500,3500,3500,3500,3500,3500,3500,3500,3500,3500,3500,3500,3500,3500,23.08385467529297,0.23763275146484375,55.05793380737305,2.7236557006835938,2.8410263061523438,0.17897796630859375,0.30243682861328125,0.31293487548828125,0.40976715087890625,0.48036956787109375,0.380584716796875,0.35400390625,31.794700622558594,2.8040542602539063,0.29199981689453125,0.31662750244140625,2.7801666259765625,2.832183837890625,2.886444091796875,0.383880615234375,0,203856.86212158203,214527.0234375,0,34088599552,2147483648,8370843648,0
200,1787750641236,3500,3500,3500,3500,3500,3500,3500,3500,3500,3500,3500,3500,3500,3500,3500,3500,3500,3500,3500,3500,10.072998046875,0.22473907470703125,92.47362518310547,0.1476593017578125,0.29431915283203125,0.23412322998046875,3.1795730590820313,2.8071746826171875,2.8761062622070313,3.0030899047851563,2.896087646484375,0.33737945556640625,0.726806640625,0.2898712158203125,0.32318878173828125,0.3002166748046875,0.29891204833984375,0.3170013427734375,0.40081787109375,0.40985870361328125,0,203865.51629638672,214533.55541992188,0,34088599552,2147483648,8370839552,0
200,1787750641436,3500,3500,3500,3500,3500,3500,3500,3500,3500,3500,3500,3500,3500,3500,3500,3500,3500,3500,3500,3500,13.761634826660156,0.266357421875,17.88636016845703,0.2812957763671875,0.3328094482421875,0.36078643798828125,0.30812835693359375,0.24547576904296875,0.4424285888671875,0.416900634765625,0.4584197998046875,0.471710205078125,11.938896179199219,0.266357421875,63.064212799072266,0.197357177734375,0.7141342163085938,0.29154205322265625,0.4043121337890625,0.41175079345703125,0,203874.13006591797,214540.03881835938,0,34088599552,2147483648,8370839552,0
199,1787750641636,3500,3500,3500,3500,3500,3500,3500,3500,3500,3500,3500,3500,3500,3500,3500,3500,3500,3500,3500,3500,13.193519592285156,0.25803375244140625,22.10820770263672,0.166412353515625,0.219818115234375,2.7554092407226563,0.6836318969726563,0.227264404296875,0.36719512939453125,0.433837890625,0.4261474609375,2.9253692626953125,66.60733032226563,0.17176055908203125,18.57929229736328,0.22011566162109375,0.242645263671875,0.2415008544921875,0.3002471923828125,2.874908447265625,0,203882.28942871094,214546.04760742188,0,34088599552,2147483648,8375955456,0
200,1787750641836,3500,3500,3500,3500,3500,3500,3500,3500,3500,3500,3500,3500,3500,3500,3500,3500,3500,3500,3500,3500,12.06671142578125,2.9439849853515625,63.64266586303711,0.26397705078125,0.37500762939453125,0.32769012451171875,2.9484329223632813,0.33647918701171875,0.49288177490234375,0.5577850341796875,0.5951156616210938,0.4530029296875,24.10674285888672,0.33588409423828125,8.777397155761719,2.8872756958007813,0.38065338134765625,0.3960418701171875,0.47174072265625,0.5109176635742188,0,203891.96673583984,214553.5982055664,0,34088599552,2147483648,8375783424,0
200,1787750642036,3500,3500,3500,3500,3500,3500,3500,3500,3500,3500,3500,3500,3500,3500,3500,3500,3500,3500,3500,3500,13.61175537109375,0.292877197265625,62.08003616333008,2.7184677124023438,2.778839111328125,0.24283599853515625,0.36118316650390625,0.25046539306640625,0.381439208984375,0.4239501953125,0.41536712646484375,0.36008453369140625,33.126007080078125,2.756988525390625,0.30625152587890625,0.2922821044921875,2.824493408203125,2.8618621826171875,2.8911514282226563,0.35439300537109375,0,203902.16912841797,214561.67749023438,0,34088599552,2147483648,8376160256,0
200,1787750642237,3500,3500,3500,3500,3500,3500,3500,3500,3500,3500,3500,3500,3500,3500,3500,3500,3500,3500,3500,3500,23.448989868164063,0.2417755126953125,84.33302307128906,0.13722991943359375,0.203094482421875,0.26151275634765625,0.22138214111328125,2.8450241088867188,2.7738113403320313,2.757171630859375,2.7654647827148438,0.24822235107421875,6.8464508056640625,0.34252166748046875,4.998756408691406,0.2398223876953125,0.2692108154296875,0.26551055908203125,0.353118896484375,0.3617095947265625,0,203911.9692993164,214569.29943847656,0,34088599552,2147483648,8377528320,0
200,1787750642437,3500,3500,3500,3500,3500,3500,3500,3500,3500,3500,3500,3500,3500,3500,3500,3500,3500,3500,3500,3500,10.136856079101563,0.26311492919921875,44.91559600830078,0.2649078369140625,0.25028228759765625,0.35223388671875,0.2930145263671875,0.3006591796875,0.3326568603515625,0.2885284423828125,0.31053924560546875,0.28058624267578125,52.27180099487305,0.24054718017578125,1.1732711791992188,0.30190277099609375,1.0174484252929688,0.35767364501953125,0.42357635498046875,0.43236541748046875,0,203922.32739257813,214577.56024169922,0,34088599552,2147483648,8380960768,0
200,1787750642637,3500,3500,3500,3500,3500,3500,3500,3500,3500,3500,3500,3500,3500,3500,3500,3500,3500,3500,3500,3500,11.110527038574219,0.2469635009765625,55.796207427978516,0.19366455078125,0.2399139404296875,2.8012313842773438,0.23157501220703125,0.338470458984375,0.30889892578125,0.28852081298828125,0.2875213623046875,2.7447357177734375,38.18233108520508,0.24311065673828125,2.8789596557617188,0.31658935546875,0.3103485107421875,0.310302734375,0.37703704833984375,0.7019729614257813,0,203931.66760253906,214584.7674560547,0,34088599552,2147483648,8380895232,0
200,1787750642837,3500,3500,3500,3500,3500,3500,3500,3500,3500,3500,3500,3500,3500,3500,3500,3500,3500,3500,3500,3500,9.39593505859375,2.8030548095703125,4.768882751464844,0.2655792236328125,0.2559967041015625,0.29228973388671875,2.8033523559570313,0.3238372802734375,0.36232757568359375,0.3280792236328125,0.26602935791015625,0.2852935791015625,54.397918701171875,0.184356689453125,39.28150939941406,2.74908447265625,0.29543304443359375,0.3045654296875,0.31565093994140625,2.3862152099609375,0,203940.2915649414,214591.27459716797,0,34088599552,2147483648,8380825600,0
200,1787750643038,3500,3500,3500,3500,3500,3500,3500,3500,3500,3500,3500,3500,3500,3500,3500,3500,3500,3500,3500,3500,11.856491088867188,0.2208099365234375,13.860107421875,0.29654693603515625,2.69915771484375,0.25485992431640625,0.6579360961914063,0.24057769775390625,0.33823394775390625,0.2559051513671875,0.2775726318359375,0.24437713623046875,47.996726989746094,2.8069915771484375,1.1154403686523438,0.2426300048828125,42.235076904296875,2.760406494140625,2.8119277954101563,0.280670166015625,0,203949.16333007813,214598.0029296875,0,34088599552,2147483648,8382115840,0
199,1787750643238,3500,3500,3500,3500,3500,3500,3500,3500,3500,3500,3500,3500,3500,3500,3500,3500,3500,3500,3500,3500,9.975021362304688,0.297027587890625,57.44706344604492,2.7671966552734375,0.33028411865234375,0.276611328125,0.29578399658203125,2.8591156005859375,0.24739837646484375,2.7937088012695313,2.8254623413085938,0.34586334228515625,36.06079864501953,0.2443084716796875,0.5010452270507813,0.32823944091796875,0.3450164794921875,0.300079345703125,0.3389739990234375,0.3137054443359375,0,203958.3839111328,214605.08892822266,0,34088599552,2147483648,8382099456,0
200,1787750643438,3500,3500,3500,3500,3500,3500,3500,3500,3500,3500,3500,3500,3500,3500,3500,3500,3500,3500,3500,3500,17.47777557373047,0.30139923095703125,54.314239501953125,0.1742706298828125,0.25975799560546875,0.3072967529296875,0.25860595703125,0.28244781494140625,2.7555160522460938,0.30419921875,0.30754852294921875,0.28659820556640625,34.27311706542969,0.2354583740234375,0.9362869262695313,0.27989959716796875,0.3032989501953125,0.3148956298828125,0.31334686279296875,0.29544830322265625,0,203967.9956665039,214612.57110595703,0,34088599552,2147483648,8382107648,0
199,1787750643638,3500,3500,3500,3500,3500,3500,3500,3500,3500,3500,3500,3500,3500,3500,3500,3500,3500,3500,3500,3500,3.1557464599609375,0.3055877685546875,70.77029418945313,0.17256927490234375,0.2360076904296875,2.7629318237304688,0.5232391357421875,0.2916717529296875,0.6728668212890625,0.247283935546875,0.2382049560546875,2.7797393798828125,6.912139892578125,0.29955291748046875,26.384185791015625,0.2255859375,0.28438568115234375,0.300048828125,0.2885284423828125,0.278900146484375,0,203976.6190185547,214619.07159423828,0,34088599552,2147483648,8382074880,0
199,1787750643839,3500,3500,3500,3500,3500,3500,3500,3500,3500,3500,3500,3500,3500,3500,3500,3500,3500,3500,3500,3500,18.2236328125,2.7744140625,73.77081298828125,0.20621490478515625,0.23410797119140625,0.35588836669921875,2.9450912475585938,0.3541412353515625,0.198516845703125,0.29850006103515625,0.2810516357421875,0.26880645751953125,17.208152770996094,0.21726226806640625,2.4485702514648438,2.844207763671875,7.893577575683594,0.2470550537109375,0.274200439453125,2.7864151000976563,0,203985.81353759766,214626.11602783203,0,34088599552,2147483648,8384425984,0
200,1787750644039,3500,3500,3500,3500,3500,3500,3500,3500,3500,3500,3500,3500,3500,3500,3500,3500,3500,3500,3500,3500,6.564765930175781,0.24330902099609375,92.6185302734375,0.139373779296875,2.7829666137695313,0.20491790771484375,0.3762359619140625,0.25780487060546875,0.2882537841796875,0.23661041259765625,0.29145050048828125,0.302398681640625,8.602210998535156,2.7894668579101563,0.8959426879882813,0.33154296875,2.8012161254882813,2.817413330078125,2.8684005737304688,0.28365325927734375,0,203994.18084716797,214632.3550415039,0,34088599552,2147483648,8384548864,0
199,1787750644239,3500,3500,3500,3500,3500,3500,3500,3500,3500,3500,3500,3500,3500,3500,3500,3500,3500,3500,3500,3500,23.137474060058594,0.2717132568359375,25.47357940673828,2.7661972045898438,0.2410888671875,0.2125244140625,0.31401824951171875,2.8188400268554688,0.27365875244140625,2.7681884765625,0.251129150390625,0.318359375,31.457138061523438,0.2663116455078125,24.149948120117188,0.29693603515625,0.329498291015625,0.31496429443359375,0.32965087890625,0.31316375732421875,0,204001.37158203125,214637.4197998047,0,34088599552,2147483648,8384544768,0
200,1787750644439,3500,3500,3500,3500,3500,3500,3500,3500,3500,3500,3500,3500,3500,3500,3500,3500,3500,3500,3500,3500,10.005645751953125,0.2746734619140625,51.59721755981445,0.1638031005859375,0.20159149169921875,0.2761688232421875,0.5101547241210938,0.30936431884765625,2.8285446166992188,0.324859619140625,2.7742080688476563,0.28621673583984375,29.385360717773438,0.24213409423828125,15.656829833984375,0.2703704833984375,0.28272247314453125,0.255279541015625,0.27097320556640625,0.27422332763671875,0,204009.89392089844,214643.81121826172,0,34088599552,2147483648,8384520192,0
200,1787750644639,3500,3500,3500,3500,3500,3500,3500,3500,3500,3500,3500,3500,3500,3500,3500,3500,3500,3500,3500,3500,29.683746337890625,0.21881103515625,13.059173583984375,0.28009796142578125,0.31623077392578125,2.7936859130859375,0.28853607177734375,0.2403717041015625,0.2862396240234375,0.2220001220703125,0.28643798828125,2.8265304565429688,44.174800872802734,0.25958251953125,25.30290985107422,0.30694580078125,0.29282379150390625,0.31353759765625,0.3067474365234375,0.317779541015625,0,204019.06494140625,214650.82684326172,0,34088599552,2147483648,8384946176,0
199,1787750644839,3500,3500,3500,3500,3500,3500,3500,3500,3500,3500,3500,3500,3500,3500,3500,3500,3500,3500,3500,3500,10.196388244628906,2.7559967041015625,57.05667495727539,0.17125701904296875,0.26795196533203125,0.27080535888671875,0.9006118774414063,0.184600830078125,0.290191650390625,0.21258544921875,0.28794097900390625,0.2506103515625,1.311431884765625,0.2453155517578125,39.58595657348633,2.7068710327148438,0.27484893798828125,0.2451629638671875,0.223480224609375,2.7894287109375,0,204028.90045166016,214658.53887939453,0,34088599552,2147483648,8384929792,0
200,1787750645039,3500,3500,3500,3500,3500,3500,3500,3500,3500,3500,3500,3500,3500,3500,3500,3500,3500,3500,3500,3500,24.980628967285156,0.21855926513671875,57.06658172607422,0.24680328369140625,2.7957839965820313,0.3207244873046875,2.4116363525390625,0.33087158203125,0.36615753173828125,0.31072235107421875,0.2835845947265625,0.3250732421875,19.200592041015625,0.2768402099609375,8.198478698730469,0.3211212158203125,2.87750244140625,2.82147216796875,2.9073410034179688,0.41992950439453125,0,204038.24633789063,214665.76147460938,0,34088599552,2147483648,8385032192,0
200,1787750645240,3500,3500,3500,3500,3500,3500,3500,3500,3500,3500,3500,3500,3500,3500,3500,3500,3500,3500,3500,3500,14.216300964355469,0.276153564453125,11.794395446777344,2.7920074462890625,0.28632354736328125,0.25760650634765625,0.30358123779296875,0.26413726806640625,0.30078887939453125,2.8508987426757813,0.28792572021484375,0.2809906005859375,7.382362365722656,2.7846755981445313,87.38387298583984,0.15882110595703125,2.483489990234375,0.27664947509765625,0.3752899169921875,0.3729400634765625,0,204047.57501220703,214672.92181396484,0,34088599552,2147483648,8385191936,0
200,1787750645440,3500,3500,3500,3500,3500,3500,3500,3500,3500,3500,3500,3500,3500,3500,3500,3500,3500,3500,3500,3500,29.61083984375,0.25086212158203125,62.64080810546875,0.17305755615234375,0.2667694091796875,0.32427215576171875,0.40491485595703125,3.0691757202148438,2.8726806640625,0.31499481201171875,2.8200607299804688,0.2628326416015625,11.208084106445313,0.26627349853515625,2.9405593872070313,0.26617431640625,0.4170379638671875,0.32167816162109375,0.318939208984375,0.287567138671875,0,204057.7469482422,214680.96630859375,0,34088599552,2147483648,8385191936,0
200,1787750645641,3500,3500,3500,3500,3500,3500,3500,3500,3500,3500,3500,3500,3500,3500,3500,3500,3500,3500,3500,3500,7.7609100341796875,0.32556915283203125,86.71865844726563,0.17902374267578125,0.28455352783203125,2.793121337890625,0.8860549926757813,0.28820037841796875,0.321380615234375,0.30297088623046875,0.2826080322265625,2.8066940307617188,7.461334228515625,0.30965423583984375,4.910552978515625,0.32756805419921875,0.31095123291015625,0.3259735107421875,0.326019287109375,0.31868743896484375,0,204066.82788085938,214687.9380493164,0,34088599552,2147483648,8385138688,0
200,1787750645841,3500,3500,3500,3500,3500,3500,3500,3500,3500,3500,3500,3500,3500,3500,3500,3500,3500,3500,3500,3500,19.010177612304688,2.7960357666015625,52.0140266418457,0.20232391357421875,0.33074951171875,0.20965576171875,0.310150146484375,0.2917938232421875,0.355133056640625,0.242919921875,0.25972747802734375,0.22257232666015625,31.939002990722656,0.21883392333984375,6.076164245605469,2.7828140258789063,0.31298828125,0.31099700927734375,0.31817626953125,2.7863540649414063,0,204075.67999267578,214694.7007446289,0,34088599552,2147483648,8385138688,0
200,1787750646042,3500,3500,3500,3500,3500,3500,3500,3500,3500,3500,3500,3500,3500,3500,3500,3500,3500,3500,3500,3500,15.794502258300781,0.195770263671875,63.408504486083984,0.13974761962890625,2.6979904174804688,0.2753448486328125,2.7762222290039063,0.23333740234375,0.23947906494140625,0.222259521484375,0.26242828369140625,0.2268524169921875,33.676429748535156,0.181854248046875,0.41843414306640625,0.27968597412109375,2.7629470825195313,2.78839111328125,2.81024169921875,0.244415283203125,0,204083.66717529297,214700.46350097656,0,34088599552,2147483648,8385724416,0
200,1787750646242,3500,3500,3500,3500,3500,3500,3500,3500,3500,3500,3500,3500,3500,3500,3500,3500,3500,3500,3500,3500,8.644691467285156,0.2617034912109375,51.35816955566406,2.7332305908203125,0.31182098388671875,0.24260711669921875,3.09332275390625,0.269744873046875,0.418609619140625,2.9448089599609375,0.304473876953125,0.28203582763671875,44.68824768066406,2.76336669921875,0.29798126220703125,0.31166839599609375,0.28658294677734375,0.31761932373046875,0.27419281005859375,0.3242645263671875,0,204093.62188720703,214708.28533935547,0,34088599552,2147483648,8385789952,0
200,1787750646442,3500,3500,3500,3500,3500,3500,3500,3500,3500,3500,3500,3500,3500,3500,3500,3500,3500,3500,3500,3500,2.925628662109375,0.28688812255859375,9.801536560058594,0.27341461181640625,0.43310546875,0.4644927978515625,0.35051727294921875,2.905517578125,2.8297195434570313,0.32491302490234375,2.87432861328125,0.29193115234375,48.34321594238281,0.30420684814453125,46.236534118652344,0.2806549072265625,0.38324737548828125,0.360748291015625,0.33704376220703125,0.36334228515625,0,204103.1632080078,214715.71563720703,0,34088599552,2147483648,8385794048,0
200,1787750646643,3500,3500,3500,3500,3500,3500,3500,3500,3500,3500,3500,3500,3500,3500,3500,3500,3500,3500,3500,3500,18.627708435058594,0.26763153076171875,40.12781524658203,0.19098663330078125,0.46795654296875,0.49242401123046875,0.4140777587890625,0.469207763671875,0.2860107421875,0.2359771728515625,0.27407073974609375,2.7628555297851563,23.66008758544922,0.25055694580078125,23.146095275878906,0.26158905029296875,0.2902984619140625,0.2789154052734375,0.31551361083984375,0.2502593994140625,0,204112.7940673828,214723.22131347656,0,34088599552,2147483648,8385728512,0
200,1787750646843,3500,3500,3500,3500,3500,3500,3500,3500,3500,3500,3500,3500,3500,3500,3500,3500,3500,3500,3500,3500,26.796531677246094,0.20270538330078125,30.175277709960938,0.19207763671875,0.36623382568359375,2.9518661499023438,0.3392791748046875,0.42343902587890625,0.2502288818359375,0.24149322509765625,0.28252410888671875,0.2178802490234375,47.46235656738281,0.1777496337890625,9.765220642089844,2.7491073608398438,0.2614593505859375,0.2602081298828125,0.226165771484375,2.8176422119140625,0,204121.3773803711,214729.66033935547,0,34088599552,2147483648,8386887680,0
200,1787750647043,3500,3500,3500,3500,3500,3500,3500,3500,3500,3500,3500,3500,3500,3500,3500,3500,3500,3500,3500,3500,5.6282958984375,2.8018035888671875,48.97361373901367,0.20529937744140625,2.8921356201171875,0.3568878173828125,3.0508499145507813,0.34905242919921875,0.34720611572265625,0.20899200439453125,0.28301239013671875,0.29767608642578125,52.29037094116211,0.1894378662109375,2.2210159301757813,0.28466033935546875,2.8195114135742188,2.8113784790039063,2.829833984375,0.29019927978515625,0,204131.18524169922,214737.3321533203,0,34088599552,2147483648,8387194880,0
200,1787750647244,3500,3500,3500,3500,3500,3500,3500,3500,3500,3500,3500,3500,3500,3500,3500,3500,3500,3500,3500,3500,4.6869964599609375,0.22594451904296875,75.04480743408203,2.6987075805664063,0.30010986328125,0.3505706787109375,0.2776031494140625,0.28688812255859375,0.3025054931640625,2.7953872680664063,0.26517486572265625,0.327362060546875,26.325233459472656,2.7928390502929688,0.30979156494140625,0.312835693359375,0.3240203857421875,0.3160858154296875,0.304901123046875,0.31803131103515625,0,204141.63897705078,214745.6678466797,0,34088599552,2147483648,8387190784,0
200,1787750647444,3500,3500,3500,3500,3500,3500,3500,3500,3500,3500,3500,3500,3500,3500,3500,3500,3500,3500,3500,3500,11.113304138183594,0.2562408447265625,92.6819839477539,0.11865997314453125,0.2468109130859375,0.331390380859375,0.2781982421875,2.734100341796875,2.7947311401367188,0.26721954345703125,2.782257080078125,0.27590179443359375,4.061653137207031,0.2030487060546875,0.38153839111328125,0.292266845703125,0.2704620361328125,0.27435302734375,0.25453948974609375,0.25724029541015625,0,204151.4379272461,214753.31896972656,0,34088599552,2147483648,8387706880,0
200,1787750647644,3500,3500,3500,3500,3500,3500,3500,3500,3500,3500,3500,3500,3500,3500,3500,3500,3500,3500,3500,3500,31.960586547851563,0.2197418212890625,47.44940185546875,0.2052154541015625,0.28841400146484375,0.26554107666015625,0.831390380859375,0.25714874267578125,0.3790130615234375,0.4071807861328125,0.34215545654296875,2.9900360107421875,28.069198608398438,0.2747802734375,0.332916259765625,0.29700469970703125,0.26079559326171875,0.3124847412109375,0.27233123779296875,0.298553466796875,0,204159.49029541016,214759.24237060547,0,34088599552,2147483648,8388227072,0
200,1787750647845,3500,3500,3500,3500,3500,3500,3500,3500,3500,3500,3500,3500,3500,3500,3500,3500,3500,3500,3500,3500,1.9035873413085938,0.31238555908203125,54.6363410949707,0.2392425537109375,0.369903564453125,2.9025039672851563,0.3018035888671875,0.2660064697265625,0.5113906860351563,0.5439987182617188,0.5568771362304688,0.5577239990234375,31.350379943847656,0.282684326171875,18.333633422851563,2.840850830078125,0.33565521240234375,0.36590576171875,0.33071136474609375,2.8898239135742188,0,204167.79010009766,214765.4165649414,0,34088599552,2147483648,8388231168,0
200,1787750648045,3500,3500,3500,3500,3500,3500,3500,3500,3500,3500,3500,3500,3500,3500,3500,3500,3500,3500,3500,3500,4.0118408203125,2.772491455078125,34.79090881347656,0.1846923828125,2.7605514526367188,0.1692047119140625,2.86785888671875,0.204376220703125,0.336517333984375,0.44332122802734375,0.4417724609375,0.45446014404296875,1.2294540405273438,0.29509735107421875,70.31939697265625,0.14557647705078125,2.8046112060546875,2.842529296875,2.7611007690429688,0.2667694091796875,0,204177.24633789063,214772.7449951172,0,34088599552,2147483648,8388743168,0
200,1787750648245,3500,3500,3500,3500,3500,3500,3500,3500,3500,3500,3500,3500,3500,3500,3500,3500,3500,3500,3500,3500,27.405921936035156,0.2547149658203125,52.126399993896484,2.6756134033203125,0.39231109619140625,0.259307861328125,0.2682037353515625,0.29901885986328125,0.31949615478515625,0.42942047119140625,0.3528594970703125,0.43051910400390625,40.335975646972656,2.7486801147460938,4.641815185546875,0.2353363037109375,0.37618255615234375,0.3614959716796875,0.2684478759765625,0.23903656005859375,0,204189.12115478516,214782.4620361328,0,34088599552,2147483648,8389832704,0
200,1787750648445,3500,3500,3500,3500,3500,3500,3500,3500,3500,3500,3500,3500,3500,3500,3500,3500,3500,3500,3500,3500,6.092979431152344,0.29660797119140625,63.5526123046875,0.25872802734375,0.5079345703125,0.406036376953125,0.48926544189453125,2.92523193359375,2.8916473388671875,2.976531982421875,2.9591140747070313,0.34850311279296875,36.38990020751953,0.37250518798828125,0.35009765625,0.3587799072265625,0.44281005859375,0.45139312744140625,0.36187744140625,0.3214569091796875,0,204199.32446289063,214790.54803466797,0,34088599552,2147483648,8389832704,0
199,1787750648646,3500,3500,3500,3500,3500,3500,3500,3500,3500,3500,3500,3500,3500,3500,3500,3500,3500,3500,3500,3500,10.962043762207031,0.2305908203125,78.60768127441406,0.1661834716796875,0.34088897705078125,0.37935638427734375,0.45728302001953125,0.33435821533203125,0.27588653564453125,0.32378387451171875,0.204345703125,2.7576217651367188,15.220130920410156,0.2743377685546875,0.385894775390625,0.2926483154296875,0.3311614990234375,0.2922515869140625,0.2813720703125,0.29449462890625,0,204209.68872070313,214798.79327392578,0,34088599552,2147483648,8389799936,0
200,1787750648846,3500,3500,3500,3500,3500,3500,3500,3500,3500,3500,3500,3500,3500,3500,3500,3500,3500,3500,3500,3500,17.07849884033203,0.20027923583984375,79.09492492675781,0.17150115966796875,0.2857818603515625,2.7848968505859375,0.281280517578125,0.281280517578125,0.25164794921875,0.28098297119140625,0.2821807861328125,0.31186676025390625,7.063499450683594,0.27259063720703125,2.8523025512695313,2.8251190185546875,0.30167388916015625,0.2943267822265625,0.30222320556640625,2.8176727294921875,0,204218.0567626953,214805.03216552734,0,34088599552,2147483648,8389799936,0
200,1787750649046,3500,3500,3500,3500,3500,3500,3500,3500,3500,3500,3500,3500,3500,3500,3500,3500,3500,3500,3500,3500,19.75067901611328,2.74298095703125,46.27405548095703,0.20626068115234375,2.6851119995117188,0.20361328125,3.6942367553710938,0.29029083251953125,0.30312347412109375,0.261077880859375,0.2773590087890625,0.27980804443359375,44.25445556640625,0.16297149658203125,7.292060852050781,0.2742156982421875,2.91802978515625,2.7693939208984375,2.872650146484375,0.2282257080078125,0,204227.66314697266,214812.4822998047,0,34088599552,2147483648,8394330112,0
199,1787750649247,3500,3500,3500,3500,3500,3500,3500,3500,3500,3500,3500,3500,3500,3500,3500,3500,3500,3500,3500,3500,45.51832962036133,0.22290802001953125,27.545562744140625,2.7963790893554688,0.30319976806640625,0.2378387451171875,0.36951446533203125,0.30265045166015625,0.2707977294921875,0.31563568115234375,0.27568817138671875,0.3214263916015625,28.42535400390625,2.8032684326171875,4.996192932128906,0.37940216064453125,0.383148193359375,0.43512725830078125,0.34734344482421875,0.3734130859375,0,204237.43072509766,214820.1382446289,0,34088599552,2147483648,8394313728,0
200,1787750649447,3500,3500,3500,3500,3500,3500,3500,3500,3500,3500,3500,3500,3500,3500,3500,3500,3500,3500,3500,3500,2.98394775390625,0.28516387939453125,89.10000610351563,0.1803131103515625,0.33094024658203125,0.25467681884765625,0.32808685302734375,2.7264251708984375,2.7380142211914063,2.8318710327148438,2.7948379516601563,0.278411865234375,13.713180541992188,0.31299591064453125,0.428192138671875,0.280364990234375,0.3474273681640625,0.3604736328125,0.31744384765625,0.32534027099609375,0,204246.90594482422,214827.48669433594,0,34088599552,2147483648,8394375168,0
200,1787750649647,3500,3500,3500,3500,3500,3500,3500,3500,3500,3500,3500,3500,3500,3500,3500,3500,3500,3500,3500,3500,5.7149200439453125,0.2645721435546875,73.78345489501953,0.15373992919921875,0.2386932373046875,0.1651763916015625,0.2980804443359375,0.2589263916015625,0.22740936279296875,0.18310546875,0.2993316650390625,2.7788925170898438,28.365203857421875,0.2459869384765625,0.40776824951171875,0.344482421875,0.2627716064453125,0.31916046142578125,0.28604888916015625,0.26422119140625,0,204255.26300048828,214833.7153930664,0,34088599552,2147483648,8394330112,0
200,1787750649847,3500,3500,3500,3500,3500,3500,3500,3500,3500,3500,3500,3500,3500,3500,3500,3500,3500,3500,3500,3500,8.213294982910156,0.2063751220703125,49.33065414428711,0.1916046142578125,0.26026153564453125,2.8023834228515625,0.8882217407226563,0.20806884765625,0.29254913330078125,0.249786376953125,0.273590087890625,0.26520538330078125,43.946685791015625,0.1802825927734375,10.501983642578125,2.8096694946289063,0.361907958984375,0.363800048828125,0.26760101318359375,2.77618408203125,0,204264.9500732422,214841.26428222656,0,34088599552,2147483648,8397385728,0
200,1787750650048,3500,3500,3500,3500,3500,3500,3500,3500,3500,3500,3500,3500,3500,3500,3500,3500,3500,3500,3500,3500,12.474266052246094,2.8560256958007813,43.588050842285156,0.19033050537109375,2.8861007690429688,0.26625823974609375,4.6047515869140625,0.30437469482421875,0.615142822265625,0.36092376708984375,0.37346649169921875,0.4186248779296875,52.91450119018555,0.16974639892578125,0.5594940185546875,0.29228973388671875,3.1964187622070313,2.887298583984375,2.8480377197265625,0.29793548583984375,0,204274.01892089844,214848.21533203125,0,34088599552,2147483648,8398082048,0
200,1787750650248,3500,3500,3500,3500,3500,3500,3500,3500,3500,3500,3500,3500,3500,3500,3500,3500,3500,3500,3500,3500,4.982688903808594,0.3466644287109375,73.06373596191406,2.693023681640625,0.39068603515625,0.5233917236328125,0.34377288818359375,0.3563995361328125,0.34326934814453125,0.2828826904296875,0.35469818115234375,0.30214691162109375,28.32806396484375,2.7700881958007813,0.42337799072265625,0.30603790283203125,0.42447662353515625,0.347412109375,0.3238067626953125,0.288970947265625,0,204282.27935791016,214854.33166503906,0,34088599552,2147483648,8398082048,0
200,1787750650448,3500,3500,3500,3500,3500,3500,3500,3500,3500,3500,3500,3500,3500,3500,3500,3500,3500,3500,3500,3500,33.160789489746094,0.234527587890625,55.146121978759766,0.19460296630859375,0.41705322265625,0.48348236083984375,0.3859100341796875,2.9404373168945313,2.7631072998046875,2.8218002319335938,2.7866668701171875,0.279998779296875,21.693702697753906,0.27166748046875,0.30480194091796875,0.29097747802734375,0.38671112060546875,0.4137115478515625,0.2855377197265625,0.30200958251953125,0,204291.59997558594,214861.52276611328,0,34088599552,2147483648,8400519168,0
200,1787750650649,3500,3500,3500,3500,3500,3500,3500,3500,3500,3500,3500,3500,3500,3500,3500,3500,3500,3500,3500,3500,9.357192993164063,0.266510009765625,82.30805206298828,0.16704559326171875,0.48735809326171875,0.4730377197265625,0.42317962646484375,0.47498321533203125,0.2812347412109375,0.25014495849609375,0.29900360107421875,0.31153106689453125,2.01092529296875,0.26845550537109375,13.903427124023438,0.3221588134765625,0.39862060546875,0.4114990234375,0.3031463623046875,0.28033447265625,0,204300.18505859375,214867.97833251953,0,34088599552,2147483648,8400502784,0
199,1787750650849,3500,3500,3500,3500,3500,3500,3500,3500,3500,3500,3500,3500,3500,3500,3500,3500,3500,3500,3500,3500,33.44477844238281,0.2433624267578125,54.99467849731445,0.19602203369140625,0.41584014892578125,2.8777694702148438,0.40032958984375,0.3912506103515625,0.34661102294921875,0.250091552734375,0.273284912109375,2.8122711181640625,0.7589569091796875,0.31418609619140625,18.6678466796875,2.790374755859375,0.3398284912109375,0.2729339599609375,0.32106781005859375,2.7824935913085938,0,204308.24615478516,214873.91510009766,0,34088599552,2147483648,8400568320,0
200,1787750651049,3500,3500,3500,3500,3500,3500,3500,3500,3500,3500,3500,3500,3500,3500,3500,3500,3500,3500,3500,3500,10.413322448730469,2.7164764404296875,26.435218811035156,0.19327545166015625,2.8775634765625,0.33162689208984375,3.168304443359375,0.3185272216796875,0.25760650634765625,0.21686553955078125,0.19537353515625,0.27829742431640625,18.293441772460938,0.23676300048828125,56.3271369934082,0.14139556884765625,1.6347808837890625,2.8071365356445313,2.7980422973632813,0.2592010498046875,0,204317.30047607422,214880.83123779297,0,34088599552,2147483648,8400871424,0
200,1787750651249,3500,3500,3500,3500,3500,3500,3500,3500,3500,3500,3500,3500,3500,3500,3500,3500,3500,3500,3500,3500,12.038047790527344,0.33928680419921875,71.79722595214844,2.736724853515625,0.2508087158203125,0.30648040771484375,0.3954620361328125,0.323455810546875,0.25994873046875,0.25824737548828125,0.29894256591796875,0.29639434814453125,16.12103271484375,2.7681808471679688,24.264892578125,0.26303863525390625,1.421661376953125,0.29560089111328125,0.28546142578125,0.30523681640625,0,204326.80340576172,214888.17797851563,0,34088599552,2147483648,8402788352,0
200,1787750651450,3500,3500,3500,3500,3500,3500,3500,3500,3500,3500,3500,3500,3500,3500,3500,3500,3500,3500,3500,3500,2.7639923095703125,0.427886962890625,45.30768585205078,0.21399688720703125,0.33362579345703125,0.28319549560546875,0.37821197509765625,2.8074874877929688,2.7918548583984375,2.8978042602539063,2.8528213500976563,0.29622650146484375,58.604915618896484,0.21419525146484375,0.3212432861328125,0.35474395751953125,0.3412628173828125,0.2907867431640625,0.32299041748046875,0.31015777587890625,0,204336.53125,214895.79376220703,0,34088599552,2147483648,8402763776,0
200,1787750651650,3500,3500,3500,3500,3500,3500,3500,3500,3500,3500,3500,3500,3500,3500,3500,3500,3500,3500,3500,3500,13.026260375976563,0.21245574951171875,54.87355041503906,0.1457672119140625,0.28204345703125,0.2057647705078125,0.28209686279296875,0.30782318115234375,0.25617218017578125,0.22554779052734375,0.259765625,0.24633026123046875,36.5192756652832,0.1986236572265625,0.2869415283203125,0.31566619873046875,0.25257110595703125,0.28699493408203125,0.2555694580078125,0.2808990478515625,0,204345.54528808594,214902.68310546875,0,34088599552,2147483648,8402661376,0
199,1787750651850,3500,3500,3500,3500,3500,3500,3500,3500,3500,3500,3500,3500,3500,3500,3500,3500,3500,3500,3500,3500,9.597709655761719,0.27666473388671875,9.8192138671875,0.25978851318359375,0.31545257568359375,2.829620361328125,0.6551666259765625,0.309112548828125,0.29822540283203125,0.301971435546875,0.26677703857421875,2.8141937255859375,33.900848388671875,0.2603912353515625,53.93989181518555,2.7481002807617188,0.29897308349609375,0.33237457275390625,0.31085968017578125,2.8604202270507813,0,204354.8603515625,214909.8712158203,0,34088599552,2147483648,8402653184,0
200,1787750652050,3500,3500,3500,3500,3500,3500,3500,3500,3500,3500,3500,3500,3500,3500,3500,3500,3500,3500,3500,3500,46.273475646972656,2.703643798828125,7.9932861328125,0.2228240966796875,2.8267288208007813,0.25492095947265625,3.0736465454101563,0.24861907958984375,0.26941680908203125,0.19812774658203125,0.29106903076171875,0.2125244140625,48.428077697753906,0.21202850341796875,11.16387939453125,0.20992279052734375,0.30011749267578125,2.8473739624023438,2.8360748291015625,0.236175537109375,0,204365.14739990234,214918.0177001953,0,34088599552,2147483648,8404144128,0
200,1787750652251,3500,3500,3500,3500,3500,3500,3500,3500,3500,3500,3500,3500,3500,3500,3500,3500,3500,3500,3500,3500,18.58538818359375,0.25728607177734375,71.57433319091797,2.6821136474609375,0.2802734375,0.31743621826171875,0.29559326171875,0.2555389404296875,0.25194549560546875,0.3169403076171875,0.28366851806640625,0.27234649658203125,16.020042419433594,2.7807235717773438,1.1096878051757813,0.27628326416015625,2.8128509521484375,0.27698516845703125,0.4100189208984375,0.3881683349609375,0,204373.53784179688,214924.27465820313,0,34088599552,2147483648,8404135936,0
200,1787750652451,3500,3500,3500,3500,3500,3500,3500,3500,3500,3500,3500,3500,3500,3500,3500,3500,3500,3500,3500,3500,16.04125213623047,0.2974700927734375,40.82908248901367,0.28728485107421875,0.39785003662109375,0.4309539794921875,0.45796966552734375,2.9616546630859375,2.8872451782226563,2.8425521850585938,2.7724380493164063,0.25287628173828125,49.49651336669922,0.23540496826171875,0.35704803466796875,0.33472442626953125,0.31610107421875,0.36583709716796875,0.44738006591796875,0.432403564453125,0,204382.28247070313,214931.35485839844,0,34088599552,2147483648,8404135936,0
200,1787750652651,3500,3500,3500,3500,3500,3500,3500,3500,3500,3500,3500,3500,3500,3500,3500,3500,3500,3500,3500,3500,4.094108581542969,0.28685760498046875,78.46621704101563,0.1067657470703125,0.309295654296875,0.35113525390625,0.326141357421875,0.2280731201171875,0.2975006103515625,0.333343505859375,0.452301025390625,0.290252685546875,22.955970764160156,0.1866912841796875,0.4376068115234375,0.27526092529296875,0.47954559326171875,0.47449493408203125,0.37017822265625,0.3571319580078125,0,204390.67895507813,214937.25408935547,0,34088599552,2147483648,8404033536,0
200,1787750652851,3500,3500,3500,3500,3500,3500,3500,3500,3500,3500,3500,3500,3500,3500,3500,3500,3500,3500,3500,3500,18.126670837402344,0.23784637451171875,62.941925048828125,0.20537567138671875,0.26743316650390625,2.8557357788085938,0.35413360595703125,0.33861541748046875,0.4582366943359375,0.4231719970703125,0.5228424072265625,3.0143661499023438,25.857864379882813,0.30638885498046875,3.0027923583984375,0.3685455322265625,0.36530303955078125,0.3737335205078125,0.35642242431640625,2.8477554321289063,0,204399.1766357422,214943.7276611328,0,34088599552,2147483648,8404430848,0
200,1787750653052,3500,3500,3500,3500,3500,3500,3500,3500,3500,3500,3500,3500,3500,3500,3500,3500,3500,3500,3500,3500,3.6539306640625,2.7926788330078125,49.52824020385742,0.18389129638671875,0.2675018310546875,0.24219512939453125,2.7866363525390625,0.259368896484375,0.36009979248046875,0.40921783447265625,0.5032577514648438,0.41236114501953125,54.801761627197266,0.227569580078125,0.41400909423828125,2.9103317260742188,0.268951416015625,2.8069534301757813,2.809295654296875,0.32635498046875,0,204407.63983154297,214949.8731689453,0,34088599552,2147483648,8404430848,0
200,1787750653252,3500,3500,3500,3500,3500,3500,3500,3500,3500,3500,3500,3500,3500,3500,3500,3500,3500,3500,3500,3500,6.270576477050781,0.24521636962890625,45.74069595336914,2.7253494262695313,2.8305206298828125,0.2598876953125,1.4671707153320313,0.3140716552734375,0.37413787841796875,0.4181976318359375,0.47826385498046875,0.3797760009765625,47.95734786987305,2.7917098999023438,8.524795532226563,0.3721923828125,2.8239898681640625,0.29306793212890625,0.32474517822265625,0.26462554931640625,0,204416.75994873047,214956.87188720703,0,34088599552,2147483648,8404430848,0
200,1787750653453,3500,3500,3500,3500,3500,3500,3500,3500,3500,3500,3500,3500,3500,3500,3500,3500,3500,3500,3500,3500,26.363006591796875,1.0987548828125,11.148040771484375,12.884933471679688,0.1978607177734375,0.29611968994140625,0.30554962158203125,2.7140884399414063,2.7946929931640625,2.7945404052734375,2.8593826293945313,0.259765625,60.17662811279297,0.1872406005859375,0.28265380859375,0.2605133056640625,0.25098419189453125,0.281158447265625,0.28046417236328125,0.27433013916015625,0,204427.20709228516,214965.16552734375,0,34088599552,2147483648,8404639744,0
199,1787750653653,3500,3500,3500,3500,3500,3500,3500,3500,3500,3500,3500,3500,3500,3500,3500,3500,3500,3500,3500,3500,11.238166809082031,1.1588058471679688,0.13828277587890625,94.6298599243164,0.3607025146484375,0.37940216064453125,0.49619293212890625,0.461090087890625,0.29776763916015625,0.29178619384765625,0.33441925048828125,0.30150604248046875,2.5516433715820313,0.25732421875,0.29656982421875,0.29108428955078125,0.37979888916015625,0.39281463623046875,0.28734588623046875,0.28620147705078125,0,204435.39752197266,214971.24542236328,0,34088599552,2147483648,8404692992,0
200,1787750653853,3500,3500,3500,3500,3500,3500,3500,3500,3500,3500,3500,3500,3500,3500,3500,3500,3500,3500,3500,3500,7.2612762451171875,1.4266128540039063,0.244842529296875,24.620513916015625,0.4290008544921875,2.9871444702148438,0.4665374755859375,0.8708953857421875,0.35157012939453125,0.31282806396484375,0.31292724609375,2.80413818359375,63.802730560302734,0.2223968505859375,10.353347778320313,0.2935791015625,0.47513580322265625,0.4614410400390625,0.300079345703125,2.8594207763671875,0,204444.57818603516,214978.3003540039,0,34088599552,2147483648,8404692992,0
200,1787750654053,3500,3500,3500,3500,3500,3500,3500,3500,3500,3500,3500,3500,3500,3500,3500,3500,3500,3500,3500,3500,3.619537353515625,4.415313720703125,2.71142578125,39.595726013183594,0.4317169189453125,0.46984100341796875,3.017181396484375,0.42072296142578125,0.2590789794921875,0.23114776611328125,0.27172088623046875,0.26507568359375,15.626838684082031,0.28281402587890625,46.19081497192383,2.737457275390625,0.5100173950195313,0.506866455078125,2.8500900268554688,0.27996826171875,0,204454.3087158203,214985.91271972656,0,34088599552,2147483648,8404688896,0
200,1787750654254,3500,3500,3500,3500,3500,3500,3500,3500,3500,3500,3500,3500,3500,3500,3500,3500,3500,3500,3500,3500,32.718528747558594,1.079864501953125,0.20330047607421875,34.91387939453125,2.9274673461914063,0.42169189453125,0.49114227294921875,0.6214981079101563,0.22753143310546875,0.26810455322265625,0.34529876708984375,0.24646759033203125,39.8288459777832,2.7724761962890625,9.110450744628906,0.27899932861328125,3.2509765625,2.86151123046875,0.378173828125,0.3491973876953125,0,204463.3359375,214992.79876708984,0,34088599552,2147483648,8405921792,0
200,1787750654454,3500,3500,3500,3500,3500,3500,3500,3500,3500,3500,3500,3500,3500,3500,3500,3500,3500,3500,3500,3500,3.5687332153320313,1.7562103271484375,0.2312164306640625,31.500320434570313,0.37133026123046875,0.41675567626953125,0.47357177734375,4.276214599609375,2.8113861083984375,2.7679061889648438,2.7528152465820313,0.28168487548828125,63.92963790893555,0.1992340087890625,5.694175720214844,0.28118133544921875,0.30371856689453125,0.27133941650390625,0.416351318359375,0.3950653076171875,0,204472.1531982422,214999.47869873047,0,34088599552,2147483648,8405921792,0
200,1787750654654,3500,3500,3500,3500,3500,3500,3500,3500,3500,3500,3500,3500,3500,3500,3500,3500,3500,3500,3500,3500,2.8376922607421875,1.4053802490234375,0.20648193359375,46.82130813598633,0.45276641845703125,0.5142593383789063,0.474761962890625,0.4931182861328125,0.27606201171875,0.2421417236328125,0.3247833251953125,0.30084991455078125,15.644424438476563,0.29975128173828125,42.006465911865234,0.30698394775390625,0.31795501708984375,0.36124420166015625,0.3837890625,0.39052581787109375,0,204481.85845947266,215007.052734375,0,34088599552,2147483648,8406028288,0
199,1787750654855,3500,3500,3500,3500,3500,3500,3500,3500,3500,3500,3500,3500,3500,3500,3500,3500,3500,3500,3500,3500,14.863533020019531,0.8180313110351563,0,5.8795623779296875,0,2.4918670654296875,0,0.1434173583984375,0,0,0,2.2460556030273438,92.2342758178711,0,6.431388854980469,0,2.0123367309570313,0,0.6048049926757813,2.2755889892578125,0,204489.3455810547,215012.36346435547,0,34088599552,2147483648,8406376448,0
200,1787750655055,3500,3500,3500,3500,3500,3500,3500,3500,3500,3500,3500,3500,3500,3500,3500,3500,3500,3500,3500,3500,21.907638549804688,3.7732162475585938,3.2010498046875,29.85753631591797,0.8390579223632813,0.8967514038085938,3.3573226928710938,0.8334884643554688,0.752960205078125,0.7748947143554688,0.7424697875976563,0.7889251708984375,26.05756378173828,0.7210311889648438,31.407882690429688,3.2489471435546875,1.1856689453125,0.8190155029296875,3.6775741577148438,0.8047866821289063,0,204499.49591064453,215020.38470458984,0,34088599552,2147483648,8407117824,0
200,1787750655256,3500,3500,3500,3500,3500,3500,3500,3500,3500,3500,3500,3500,3500,3500,3500,3500,3500,3500,3500,3500,6.9450836181640625,1.4077224731445313,0.16114044189453125,77.92212677001953,2.7951583862304688,0.284515380859375,0.3009490966796875,0.2950592041015625,0.27501678466796875,0.37815093994140625,0.29900360107421875,0.28885650634765625,23.95873260498047,2.8014068603515625,1.9435195922851563,0.3003997802734375,2.8446807861328125,2.8566665649414063,0.3993377685546875,0.415679931640625,0,204509.95220947266,215028.73608398438,0,34088599552,2147483648,8407576576,0
200,1787750655456,3500,3500,3500,3500,3500,3500,3500,3500,3500,3500,3500,3500,3500,3500,3500,3500,3500,3500,3500,3500,9.581275939941406,1.2451858520507813,0.00439453125,86.21843719482422,0.13872528076171875,0.10645294189453125,0.13182830810546875,2.6568222045898438,2.6991806030273438,2.668060302734375,2.688446044921875,0.065338134765625,0.726898193359375,0.10240936279296875,6.589454650878906,0.255767822265625,0.17029571533203125,0.19837188720703125,0.27715301513671875,0.24947357177734375,0,204519.11041259766,215035.76190185547,0,34088599552,2147483648,8407568384,0
200,1787750655656,3500,3500,3500,3500,3500,3500,3500,3500,3500,3500,3500,3500,3500,3500,3500,3500,3500,3500,3500,3500,31.9666748046875,1.8344879150390625,0.30519866943359375,69.11715698242188,0.6081008911132813,0.47797393798828125,0.46844482421875,0.5929412841796875,0.37532806396484375,0.4355316162109375,0.3561248779296875,0.38220977783203125,6.49078369140625,0.41448211669921875,0.408447265625,0.47812652587890625,0.4177703857421875,0.42545318603515625,0.5283966064453125,0.5139846801757813,0,204527.8306274414,215042.35205078125,0,34088599552,2147483648,8408047616,0
200,1787750655856,3500,3500,3500,3500,3500,3500,3500,3500,3500,3500,3500,3500,3500,3500,3500,3500,3500,3500,3500,3500,20.59075164794922,1.4976577758789063,0.21570587158203125,35.60162353515625,0.44908905029296875,2.9004898071289063,0.37468719482421875,0.3439788818359375,0.29619598388671875,0.27147674560546875,0.274078369140625,2.7857513427734375,47.01519775390625,0.230682373046875,2.8244476318359375,0.2973480224609375,0.34088134765625,0.37574005126953125,0.382476806640625,2.9022903442382813,0,204538.7456665039,215051.14239501953,0,34088599552,2147483648,8408182784,0
199,1787750656057,3500,3500,3500,3500,3500,3500,3500,3500,3500,3500,3500,3500,3500,3500,3500,3500,3500,3500,3500,3500,24.446426391601563,4.2478179931640625,2.712066650390625,28.73290252685547,0.33392333984375,0.38985443115234375,2.8790740966796875,0.31829071044921875,0.2723388671875,0.29126739501953125,0.22519683837890625,0.276885986328125,52.303829193115234,0.1956787109375,0.41197967529296875,2.8464126586914063,0.473663330078125,0.39520263671875,0.30640411376953125,0.27388763427734375,0,204547.50366210938,215057.77716064453,0,34088599552,2147483648,8408170496,0
200,1787750656257,3500,3500,3500,3500,3500,3500,3500,3500,3500,3500,3500,3500,3500,3500,3500,3500,3500,3500,3500,3500,26.84674835205078,1.03228759765625,0.28975677490234375,9.464279174804688,2.7774810791015625,0.3203887939453125,0.27286529541015625,0.31464385986328125,0.24272918701171875,0.25907135009765625,0.36656951904296875,0.2575225830078125,74.84211730957031,2.7023696899414063,0.45667266845703125,0.30844879150390625,2.8807296752929688,2.8765792846679688,2.828155517578125,0.29880523681640625,0,204556.44451904297,215064.58465576172,0,34088599552,2147483648,8408432640,0
200,1787750656457,3500,3500,3500,3500,3500,3500,3500,3500,3500,3500,3500,3500,3500,3500,3500,3500,3500,3500,3500,3500,4.065345764160156,1.6465835571289063,0.185699462890625,25.173812866210938,0.267364501953125,0.26007080078125,0.2602691650390625,2.8312149047851563,2.8825607299804688,2.7506484985351563,2.7692337036132813,0.22650909423828125,18.763084411621094,0.23989105224609375,57.21181869506836,0.1822509765625,0.26531219482421875,0.3118133544921875,0.29923248291015625,0.27645111083984375,0,204564.6552734375,215070.66522216797,0,34088599552,2147483648,8408645632,0
200,1787750656657,3500,3500,3500,3500,3500,3500,3500,3500,3500,3500,3500,3500,3500,3500,3500,3500,3500,3500,3500,3500,3.344146728515625,1.7218093872070313,0.14742279052734375,80.25932312011719,0.21665191650390625,0.23676300048828125,0.2739410400390625,0.32464599609375,0.28746795654296875,0.2675018310546875,0.21794891357421875,0.257171630859375,3.1084823608398438,0.26924896240234375,20.19953155517578,0.28437042236328125,0.28781890869140625,0.2991485595703125,0.30438232421875,0.290863037109375,0,204574.23388671875,215078.11486816406,0,34088599552,2147483648,8409141248,0
200,1787750656858,3500,3500,3500,3500,3500,3500,3500,3500,3500,3500,3500,3500,3500,3500,3500,3500,3500,3500,3500,3500,8.703521728515625,1.4836883544921875,0.2274932861328125,38.690032958984375,0.357757568359375,2.772674560546875,0.31198883056640625,0.34123992919921875,0.2601318359375,0.2838897705078125,0.322967529296875,2.8261260986328125,55.8540153503418,0.26477813720703125,2.854827880859375,0.322174072265625,0.330108642578125,0.31383514404296875,0.3173828125,2.8829269409179688,0,204583.51586914063,215085.27520751953,0,34088599552,2147483648,8409182208,0
200,1787750657058,3500,3500,3500,3500,3500,3500,3500,3500,3500,3500,3500,3500,3500,3500,3500,3500,3500,3500,3500,3500,18.493423461914063,3.5978317260742188,2.6425628662109375,67.44390106201172,0.270233154296875,0.20903778076171875,2.7305679321289063,0.24407958984375,0.23504638671875,0.330535888671875,0.35124969482421875,0.42472076416015625,21.86199951171875,0.2610015869140625,3.173553466796875,2.7401962280273438,0.25890350341796875,0.24143218994140625,0.34210968017578125,0.37395477294921875,0,204591.31384277344,215090.92419433594,0,34088599552,2147483648,8410509312,0
199,1787750657258,3500,3500,3500,3500,3500,3500,3500,3500,3500,3500,3500,3500,3500,3500,3500,3500,3500,3500,3500,3500,27.096405029296875,0.7096328735351563,0.186309814453125,73.51457977294922,2.844970703125,0.2363128662109375,0.27222442626953125,0.35039520263671875,0.3658294677734375,0.4488983154296875,0.5188751220703125,0.49324798583984375,10.517196655273438,2.7758407592773438,0.6305084228515625,0.27337646484375,2.8108062744140625,2.81689453125,2.9244384765625,0.4070892333984375,0,204600.2137451172,215097.70379638672,0,34088599552,2147483648,8410959872,0
199,1787750657458,3500,3500,3500,3500,3500,3500,3500,3500,3500,3500,3500,3500,3500,3500,3500,3500,3500,3500,3500,3500,1.8971633911132813,1.7219772338867188,0.26937103271484375,0.5792236328125,0.32428741455078125,0.38014984130859375,0.3983917236328125,2.9889984130859375,2.8937149047851563,2.9005584716796875,2.906158447265625,0.4427642822265625,100,0.17303466796875,0.3443756103515625,0.33753204345703125,0.33153533935546875,0.3723602294921875,0.43801116943359375,0.4453125,0,204609.81561279297,215105.18920898438,0,34088599552,2147483648,8410959872,0
200,1787750657658,3500,3500,3500,3500,3500,3500,3500,3500,3500,3500,3500,3500,3500,3500,3500,3500,3500,3500,3500,3500,11.462440490722656,1.6712799072265625,0.1203155517578125,70.79808044433594,0.35379791259765625,0.4542694091796875,0.39818572998046875,0.321563720703125,0.2647247314453125,0.24488067626953125,0.28186798095703125,0.27951812744140625,25.85181427001953,0.22913360595703125,0.309112548828125,0.27237701416015625,0.3365020751953125,0.33910369873046875,0.3784942626953125,0.40103912353515625,0,204617.9071044922,215111.16723632813,0,34088599552,2147483648,8411009024,0
200,1787750657859,3500,3500,3500,3500,3500,3500,3500,3500,3500,3500,3500,3500,3500,3500,3500,3500,3500,3500,3500,3500,19.85687255859375,1.2113037109375,0.15847015380859375,45.386966705322266,0.2833709716796875,2.8973617553710938,0.27663421630859375,0.8112106323242188,0.2017669677734375,0.21094512939453125,0.30347442626953125,2.6798324584960938,41.90938949584961,0.1960296630859375,3.6698684692382813,0.22187042236328125,0.26216888427734375,0.25653839111328125,0.3367462158203125,2.8678359985351563,0,204628.18212890625,215119.29650878906,0,34088599552,2147483648,8411344896,0
199,1787750658059,3500,3500,3500,3500,3500,3500,3500,3500,3500,3500,3500,3500,3500,3500,3500,3500,3500,3500,3500,3500,5.6396942138671875,3.5784912109375,2.7331695556640625,35.49229431152344,0.2735137939453125,0.285552978515625,2.7356643676757813,0.21294403076171875,0.34157562255859375,0.43492889404296875,0.470611572265625,0.4751129150390625,48.33879089355469,0.2195892333984375,17.780349731445313,2.7742996215820313,0.538177490234375,0.33687591552734375,0.3098907470703125,0.3043975830078125,0,204637.3878173828,215126.37396240234,0,34088599552,2147483648,8411320320,0
200,1787750658259,3500,3500,3500,3500,3500,3500,3500,3500,3500,3500,3500,3500,3500,3500,3500,3500,3500,3500,3500,3500,5.915397644042969,1.344482421875,0.2581787109375,3.5357437133789063,2.7924423217773438,0.27982330322265625,0.3184661865234375,0.43613433837890625,0.41473388671875,0.47637176513671875,0.48111724853515625,0.49216461181640625,1.0025787353515625,2.9359054565429688,100,0.14070892333984375,2.8182373046875,2.8578720092773438,2.8395309448242188,0.30297088623046875,0,204647.20733642578,215134.0753173828,0,34088599552,2147483648,8411443200,0
200,1787750658460,3500,3500,3500,3500,3500,3500,3500,3500,3500,3500,3500,3500,3500,3500,3500,3500,3500,3500,3500,3500,3.0206146240234375,1.4663543701171875,0.25284576416015625,3.9599075317382813,0.2622833251953125,0.26996612548828125,0.32912445068359375,2.8391494750976563,2.8708038330078125,2.9058990478515625,2.9132308959960938,0.35003662109375,1.01837158203125,0.40724945068359375,97.4542236328125,0.138427734375,0.31569671630859375,0.30471038818359375,0.31035614013671875,0.2979736328125,0,204656.1264038086,215140.8614501953,0,34088599552,2147483648,8411770880,0
199,1787750658660,3500,3500,3500,3500,3500,3500,3500,3500,3500,3500,3500,3500,3500,3500,3500,3500,3500,3500,3500,3500,6.597190856933594,1.4435882568359375,0.1640167236328125,96.794921875,0.34600830078125,0.34076690673828125,0.2778778076171875,0.29125213623046875,0.32254791259765625,0.3737640380859375,0.36492919921875,0.32654571533203125,4.3921051025390625,0.325347900390625,0.44972991943359375,0.3800506591796875,0.3375701904296875,0.3452606201171875,0.32105255126953125,0.34626007080078125,0,204664.40509033203,215147.0219116211,0,34088599552,2147483648,8412098560,0
200,1787750658860,3500,3500,3500,3500,3500,3500,3500,3500,3500,3500,3500,3500,3500,3500,3500,3500,3500,3500,3500,3500,23.633407592773438,1.4234695434570313,0.20822906494140625,24.288536071777344,0.35527801513671875,2.8091583251953125,0.35723114013671875,0.2989501953125,0.30629730224609375,0.29595184326171875,0.293701171875,2.8199539184570313,47.36198806762695,0.242767333984375,10.870094299316406,0.3924713134765625,0.32604217529296875,0.34513092041015625,0.33319091796875,2.8513412475585938,0,204673.4354248047,215154.30236816406,0,34088599552,2147483648,8412168192,0
199,1787750659060,3500,3500,3500,3500,3500,3500,3500,3500,3500,3500,3500,3500,3500,3500,3500,3500,3500,3500,3500,3500,3.8532791137695313,3.8973846435546875,2.6898956298828125,1.5154266357421875,0.28316497802734375,0.22542572021484375,2.729156494140625,0.157440185546875,0.234466552734375,0.1788177490234375,0.21358489990234375,0.23956298828125,81.59959411621094,0.07846832275390625,19.177528381347656,2.7995834350585938,0.24115753173828125,0.230621337890625,0.243804931640625,0.21793365478515625,0,204682.27154541016,215161.06036376953,0,34088599552,2147483648,8412164096,0
200,1787750659260,3500,3500,3500,3500,3500,3500,3500,3500,3500,3500,3500,3500,3500,3500,3500,3500,3500,3500,3500,3500,18.1640625,1.1801528930664063,0.2206878662109375,32.412269592285156,2.853271484375,0.2728729248046875,0.3390045166015625,0.39583587646484375,0.28527069091796875,0.4077301025390625,0.35150146484375,0.3289031982421875,50.70409393310547,2.7555465698242188,12.865455627441406,0.29486083984375,2.822479248046875,2.8398208618164063,2.8187789916992188,0.320404052734375,0,204691.86785888672,215168.09368896484,0,34088599552,2147483648,8413024256,0
200,1787750659461,3500,3500,3500,3500,3500,3500,3500,3500,3500,3500,3500,3500,3500,3500,3500,3500,3500,3500,3500,3500,15.234939575195313,1.6171188354492188,0.12259674072265625,71.76322937011719,0.2398529052734375,0.2987823486328125,0.27867889404296875,2.7574234008789063,1.6466140747070313,2.9363555908203125,2.8428497314453125,0.2939453125,16.198806762695313,0.21710205078125,0.27204132080078125,0.268646240234375,0.32398223876953125,0.301483154296875,0.265106201171875,0.2782745361328125,0,204701.25549316406,215175.57110595703,0,34088599552,2147483648,8413011968,0
200,1787750659661,3500,3500,3500,3500,3500,3500,3500,3500,3500,3500,3500,3500,3500,3500,3500,3500,3500,3500,3500,3500,10.137428283691406,1.4057693481445313,0.22325897216796875,50.44919204711914,0.4959869384765625,0.5322647094726563,0.5347671508789063,0.43277740478515625,1.6279754638671875,0.48929595947265625,0.5035858154296875,0.42208099365234375,45.456180572509766,0.23705291748046875,0.387603759765625,0.3535308837890625,0.30230712890625,0.35367584228515625,0.332794189453125,0.3446807861328125,0,204709.80841064453,215182.26055908203,0,34088599552,2147483648,8413114368,0
200,1787750659861,3500,3500,3500,3500,3500,3500,3500,3500,3500,3500,3500,3500,3500,3500,3500,3500,3500,3500,3500,3500,6.142875671386719,1.417694091796875,0.15303802490234375,88.76385498046875,0.39194488525390625,2.9961624145507813,0.4396514892578125,0.54254150390625,0.4695892333984375,0.43146514892578125,0.40502166748046875,2.90625,8.108749389648438,0.2821197509765625,2.9200210571289063,0.37378692626953125,0.32907867431640625,0.29205322265625,0.32743072509765625,0.29290008544921875,0,204718.8598022461,215188.71630859375,0,34088599552,2147483648,8413253632,0
200,1787750660061,3500,3500,3500,3500,3500,3500,3500,3500,3500,3500,3500,3500,3500,3500,3500,3500,3500,3500,3500,3500,24.053672790527344,3.97283935546875,2.6868667602539063,43.48274612426758,0.32503509521484375,0.41855621337890625,2.9735794067382813,0.3068695068359375,0.22122955322265625,0.23560333251953125,0.25286865234375,0.29843902587890625,40.22789764404297,0.1798095703125,0.39550018310546875,2.8662338256835938,0.22637176513671875,0.25661468505859375,0.2578125,2.7473526000976563,0,204727.23992919922,215194.97583007813,0,34088599552,2147483648,8414126080,0
200,1787750660262,3500,3500,3500,3500,3500,3500,3500,3500,3500,3500,3500,3500,3500,3500,3500,3500,3500,3500,3500,3500,13.686614990234375,1.3285751342773438,0.15387725830078125,73.17990112304688,2.9421920776367188,0.40833282470703125,0.33795928955078125,0.7507858276367188,0.3924102783203125,0.463134765625,0.5132522583007813,0.508758544921875,19.954177856445313,2.7749404907226563,0.4610443115234375,0.400146484375,2.8042831420898438,2.864776611328125,2.7884597778320313,0.33061981201171875,0,204736.77197265625,215202.37646484375,0,34088599552,2147483648,8414638080,0
200,1787750660462,3500,3500,3500,3500,3500,3500,3500,3500,3500,3500,3500,3500,3500,3500,3500,3500,3500,3500,3500,3500,17.470542907714844,1.2859573364257813,0.2247314453125,23.130950927734375,0.43294525146484375,0.3524627685546875,0.3433837890625,10.24920654296875,2.1432647705078125,6.673187255859375,2.909210205078125,0.39467620849609375,56.60565185546875,0.17852783203125,73.15507507324219,0.177276611328125,18.476837158203125,0.33444976806640625,2.6719589233398438,0.27976226806640625,0,204748.36083984375,215211.76849365234,0,34088599552,2147483648,8435826688,0
200,1787750660662,3500,3500,3500,3500,3500,3500,3500,3500,3500,3500,3500,3500,3500,3500,3500,3500,3500,3500,3500,3500,40.26527786254883,0.2670135498046875,0.24213409423828125,38.44487380981445,0.344696044921875,0.2551727294921875,0.2912445068359375,9.435836791992188,9.815948486328125,1.7581100463867188,0.3673248291015625,0.2956390380859375,86.45841217041016,0.1783905029296875,77.84800720214844,0.1858367919921875,54.77596664428711,0.24593353271484375,45.34577560424805,0.26996612548828125,0,204764.5908203125,215225.74591064453,0,34088599552,2147483648,8453152768,0
200,1787750660863,3500,3500,3500,3500,3500,3500,3500,3500,3500,3500,3500,3500,3500,3500,3500,3500,3500,3500,3500,3500,34.99451446533203,0.2891998291015625,0.2866058349609375,57.737178802490234,0.35400390625,2.897369384765625,0.287506103515625,0.9855270385742188,0.41695404052734375,0.46697998046875,0.5444564819335938,2.9793930053710938,100,0.167938232421875,59.121337890625,0.27307891845703125,24.258026123046875,0.3262481689453125,1.2409286499023438,0.351409912109375,0,204776.33251953125,215235.30322265625,0,34088599552,2147483648,8466354176,0
200,1787750661063,3500,3500,3500,3500,3500,3500,3500,3500,3500,3500,3500,3500,3500,3500,3500,3500,3500,3500,3500,3500,13.411186218261719,3.79327392578125,2.7209930419921875,63.390541076660156,0.30799102783203125,0.30828857421875,2.7288360595703125,0.3573760986328125,0.29994964599609375,0.31748199462890625,0.27728271484375,0.32207489013671875,18.232803344726563,0.25681304931640625,14.422996520996094,2.8312530517578125,9.847610473632813,0.3399505615234375,31.762527465820313,2.7769241333007813,0,204785.3642578125,215242.18585205078,0,34088599552,2147483648,8429047808,0
200,1787750661263,3500,3500,3500,3500,3500,3500,3500,3500,3500,3500,3500,3500,3500,3500,3500,3500,3500,3500,3500,3500,10.931541442871094,1.41558837890625,0.13407135009765625,86.37035369873047,2.8114166259765625,0.24428558349609375,0.34915924072265625,0.54107666015625,0.27203369140625,0.280975341796875,0.3125152587890625,0.3147125244140625,12.371986389160156,2.7935943603515625,0.39762115478515625,0.3769073486328125,2.9008102416992188,2.8735580444335938,2.8211441040039063,0.2906036376953125,0,204794.51580810547,215249.20892333984,0,34088599552,2147483648,8428494848,0
200,1787750661464,3500,3500,3500,3500,3500,3500,3500,3500,3500,3500,3500,3500,3500,3500,3500,3500,3500,3500,3500,3500,5.633880615234375,1.2766036987304688,0.163238525390625,54.625694274902344,0.28766632080078125,0.2481231689453125,0.20772552490234375,2.8388900756835938,0.4090576171875,2.8773422241210938,0.35300445556640625,0.342681884765625,52.007598876953125,0.19460296630859375,0.4309539794921875,0.3762969970703125,0.3053741455078125,0.29320526123046875,0.2942047119140625,0.304473876953125,0,204804.87689208984,215257.40661621094,0,34088599552,2147483648,8427675648,0
200,1787750661664,3500,3500,3500,3500,3500,3500,3500,3500,3500,3500,3500,3500,3500,3500,3500,3500,3500,3500,3500,3500,12.29034423828125,1.522216796875,0.14650726318359375,92.69530487060547,0.3073883056640625,0.21526336669921875,0.339447021484375,0.29720306396484375,2.8866500854492188,0.23873138427734375,2.8298187255859375,0.2409820556640625,3.7013092041015625,0.34813690185546875,0.32631683349609375,0.3282623291015625,0.3016510009765625,0.2978057861328125,0.31073760986328125,0.31462860107421875,0,204814.08166503906,215264.49224853516,0,34088599552,2147483648,8427737088,0
200,1787750661864,3500,3500,3500,3500,3500,3500,3500,3500,3500,3500,3500,3500,3500,3500,3500,3500,3500,3500,3500,3500,2.8513870239257813,1.4824676513671875,0.10097503662109375,99.97402954101563,0.3035125732421875,2.7716903686523438,0.1685333251953125,0.6698989868164063,0.19060516357421875,0.2897796630859375,0.2796478271484375,2.738128662109375,1.1599273681640625,0.26226806640625,2.1893768310546875,0.2712554931640625,0.25922393798828125,0.26970672607421875,0.2936248779296875,0.26895904541015625,0,204824.40032958984,215272.68725585938,0,34088599552,2147483648,8426844160,0
200,1787750662065,3500,3500,3500,3500,3500,3500,3500,3500,3500,3500,3500,3500,3500,3500,3500,3500,3500,3500,3500,3500,6.30023193359375,4.2087249755859375,2.5941162109375,41.24042510986328,0.22043609619140625,0.15760040283203125,0.40743255615234375,0.120819091796875,0.20771026611328125,0.15296173095703125,0.2275238037109375,0.13878631591796875,61.61839294433594,0.069671630859375,0.8782958984375,2.6809005737304688,0.17581939697265625,0.15390777587890625,0.21175384521484375,2.79583740234375,0,204833.3594970703,215279.47955322266,0,34088599552,2147483648,8426463232,0
200,1787750662265,3500,3500,3500,3500,3500,3500,3500,3500,3500,3500,3500,3500,3500,3500,3500,3500,3500,3500,3500,3500,16.582778930664063,1.2495880126953125,0.4625244140625,5.186332702636719,2.9671859741210938,0.389984130859375,2.6209030151367188,0.5897979736328125,0.45095062255859375,0.43782806396484375,0.435089111328125,0.4437713623046875,40.573822021484375,0.40724945068359375,46.76228332519531,0.40395355224609375,3.00115966796875,2.9745254516601563,3.0140838623046875,0.5179061889648438,0,204842.68560791016,215286.70318603516,0,34088599552,2147483648,8425988096,0
200,1787750662466,3500,3500,3500,3500,3500,3500,3500,3500,3500,3500,3500,3500,3500,3500,3500,3500,3500,3500,3500,3500,10.13934326171875,1.62530517578125,0.16147613525390625,86.26104736328125,0.46422576904296875,0.4159698486328125,0.3563385009765625,0.37984466552734375,0.30249786376953125,2.8803482055664063,0.30908203125,0.2470550537109375,9.074722290039063,2.8101348876953125,0.3570404052734375,0.31731414794921875,0.36736297607421875,0.3271484375,0.39241790771484375,0.41222381591796875,0,204850.64587402344,215292.5391845703,0,34088599552,2147483648,8425852928,0
200,1787750662666,3500,3500,3500,3500,3500,3500,3500,3500,3500,3500,3500,3500,3500,3500,3500,3500,3500,3500,3500,3500,10.555038452148438,1.7288589477539063,0.08896636962890625,84.33686065673828,0.35330963134765625,0.3405303955078125,0.2946014404296875,2.7796554565429688,2.7307281494140625,0.310028076171875,2.7473526000976563,0.198944091796875,11.090118408203125,0.26519775390625,0.2813720703125,0.2479705810546875,0.37317657470703125,0.3610992431640625,0.31346893310546875,0.31641387939453125,0,204859.61309814453,215299.37030029297,0,34088599552,2147483648,8425943040,0
200,1787750662866,3500,3500,3500,3500,3500,3500,3500,3500,3500,3500,3500,3500,3500,3500,3500,3500,3500,3500,3500,3500,24.217323303222656,1.3208160400390625,0.185699462890625,52.970008850097656,0.2192840576171875,2.7841110229492188,0.3167572021484375,0.278076171875,0.36855316162109375,0.45539093017578125,0.368804931640625,2.9739532470703125,30.318641662597656,0.26804351806640625,0.3315277099609375,0.3018798828125,0.41127777099609375,0.41391754150390625,0.30213165283203125,0.3475494384765625,0,204869.30731201172,215306.94024658203,0,34088599552,2147483648,8426012672,0
200,1787750663067,3500,3500,3500,3500,3500,3500,3500,3500,3500,3500,3500,3500,3500,3500,3500,3500,3500,3500,3500,3500,3.98431396484375,4.3798980712890625,2.6860427856445313,42.80744934082031,0.3113250732421875,0.22113037109375,0.356903076171875,0.2324066162109375,0.34062957763671875,0.3280029296875,0.310577392578125,0.29904937744140625,50.619834899902344,0.19951629638671875,10.674331665039063,2.8093338012695313,0.3828582763671875,0.3773193359375,0.32989501953125,2.8063888549804688,0,204878.2177734375,215313.7197265625,0,34088599552,2147483648,8426012672,0
199,1787750663267,3500,3500,3500,3500,3500,3500,3500,3500,3500,3500,3500,3500,3500,3500,3500,3500,3500,3500,3500,3500,5.571281433105469,1.0493087768554688,0.24959564208984375,1.4846878051757813,2.841705322265625,0.27685546875,2.8017196655273438,0.9027633666992188,0.35584259033203125,0.3575439453125,0.34680938720703125,0.372467041015625,28.807586669921875,0.2272796630859375,72.2395248413086,0.18413543701171875,2.9338302612304688,2.9165496826171875,2.8176956176757813,0.3027191162109375,0,204888.03826904297,215321.39782714844,0,34088599552,2147483648,8425996288,0
200,1787750663467,3500,3500,3500,3500,3500,3500,3500,3500,3500,3500,3500,3500,3500,3500,3500,3500,3500,3500,3500,3500,2.318450927734375,1.4673614501953125,0.35446929931640625,3.376068115234375,0.28119659423828125,0.30988311767578125,0.336029052734375,0.2433624267578125,0.38250732421875,2.921630859375,0.46707916259765625,0.51141357421875,25.4326171875,2.780487060546875,75.35719299316406,0.19403076171875,0.42684173583984375,0.41609954833984375,0.29804229736328125,0.34717559814453125,0,204897.2144165039,215328.46966552734,0,34088599552,2147483648,8425938944,0
199,1787750663667,3500,3500,3500,3500,3500,3500,3500,3500,3500,3500,3500,3500,3500,3500,3500,3500,3500,3500,3500,3500,12.2633056640625,1.3642807006835938,0.161285400390625,62.274837493896484,0.30155181884765625,0.281524658203125,0.2481689453125,2.8491058349609375,2.8631362915039063,0.304840087890625,2.8558425903320313,0.34114837646484375,27.2674560546875,0.25211334228515625,8.016815185546875,0.27687835693359375,0.318023681640625,0.296356201171875,0.29021453857421875,0.3134307861328125,0,204905.79583740234,215334.91314697266,0,34088599552,2147483648,8426057728,0
199,1787750663867,3500,3500,3500,3500,3500,3500,3500,3500,3500,3500,3500,3500,3500,3500,3500,3500,3500,3500,3500,3500,2.2170791625976563,1.5377044677734375,0.288360595703125,0.9352951049804688,0.28696441650390625,0.2561798095703125,0.3324432373046875,0.38116455078125,0.3056488037109375,0.22179412841796875,0.31689453125,2.876312255859375,100,0.14557647705078125,0.29920196533203125,0.32369232177734375,0.3094482421875,0.31404876708984375,0.3063507080078125,0.3337860107421875,0,204915.85247802734,215342.84967041016,0,34088599552,2147483648,8426057728,0
200,1787750664067,3500,3500,3500,3500,3500,3500,3500,3500,3500,3500,3500,3500,3500,3500,3500,3500,3500,3500,3500,3500,3.6784591674804688,1.8819427490234375,2.7074432373046875,50.39290237426758,0.27634429931640625,2.7817230224609375,0.258148193359375,0.24645233154296875,0.27500152587890625,0.28549957275390625,0.2405548095703125,0.26329803466796875,27.463172912597656,0.24315643310546875,26.188560485839844,2.792022705078125,0.36498260498046875,0.31598663330078125,0.3158416748046875,2.7852249145507813,0,204926.24572753906,215351.11889648438,0,34088599552,2147483648,8426053632,0
200,1787750664268,3500,3500,3500,3500,3500,3500,3500,3500,3500,3500,3500,3500,3500,3500,3500,3500,3500,3500,3500,3500,15.881866455078125,3.3723907470703125,0.16089630126953125,66.23158264160156,2.9531936645507813,0.225433349609375,2.7822265625,0.6265182495117188,0.3416900634765625,0.2115631103515625,0.29949188232421875,0.2395477294921875,13.168960571289063,0.2482757568359375,7.17010498046875,0.26029205322265625,8.334312438964844,2.822479248046875,4.820182800292969,0.2834320068359375,0,204935.5855102539,215358.29559326172,0,34088599552,2147483648,8426184704,0
200,1787750664468,3500,3500,3500,3500,3500,3500,3500,3500,3500,3500,3500,3500,3500,3500,3500,3500,3500,3500,3500,3500,18.003440856933594,1.4470062255859375,0.15842437744140625,77.36326599121094,0.24832916259765625,0.3084564208984375,0.36679840087890625,1.46893310546875,0.29352569580078125,1.4118423461914063,0.314300537109375,0.3115081787109375,5.042388916015625,2.8400650024414063,0.39147186279296875,0.3963623046875,0.33937835693359375,0.31580352783203125,0.3184967041015625,0.31170654296875,0,204943.39093017578,215364.32220458984,0,34088599552,2147483648,8426184704,0
200,1787750664668,3500,3500,3500,3500,3500,3500,3500,3500,3500,3500,3500,3500,3500,3500,3500,3500,3500,3500,3500,3500,3.0382156372070313,1.3682327270507813,0.14220428466796875,100,0.29120635986328125,0.276763916015625,0.35785675048828125,2.7981719970703125,2.8013229370117188,1.6906204223632813,2.8715286254882813,0.2707672119140625,3.2668075561523438,0.29175567626953125,0.41117095947265625,0.42531585693359375,0.3396759033203125,0.390289306640625,0.3240814208984375,0.3675537109375,0,204952.59539794922,215371.5912475586,0,34088599552,2147483648,8426311680,0
200,1787750664869,3500,3500,3500,3500,3500,3500,3500,3500,3500,3500,3500,3500,3500,3500,3500,3500,3500,3500,3500,3500,17.825439453125,1.5952224731445313,0.1407318115234375,84.65158081054688,0.27622222900390625,0.2304229736328125,0.2689361572265625,0.2818603515625,0.30141448974609375,0.171661376953125,0.23546600341796875,2.78851318359375,0.587066650390625,0.25821685791015625,0.39415740966796875,0.3891143798828125,0.34142303466796875,0.33548736572265625,0.3870697021484375,0.39749908447265625,0,204961.21112060547,215378.00341796875,0,34088599552,2147483648,8426311680,0
200,1787750665069,3500,3500,3500,3500,3500,3500,3500,3500,3500,3500,3500,3500,3500,3500,3500,3500,3500,3500,3500,3500,24.358551025390625,0.9023666381835938,0.1499176025390625,54.64591979980469,0.30727386474609375,2.8063583374023438,0.275787353515625,0.23445892333984375,0.27428436279296875,0.2157440185546875,0.27439117431640625,0.25711822509765625,27.140403747558594,0.1873016357421875,2.835052490234375,2.8752288818359375,0.27109527587890625,0.25302886962890625,0.35279083251953125,2.8939437866210938,0,204970.32592773438,215384.51428222656,0,34088599552,2147483648,8426434560,0
200,1787750665270,3500,3500,3500,3500,3500,3500,3500,3500,3500,3500,3500,3500,3500,3500,3500,3500,3500,3500,3500,3500,11.97412109375,3.6425323486328125,2.7100372314453125,21.551712036132813,2.8477630615234375,0.30687713623046875,2.9355545043945313,1.1206512451171875,0.3201904296875,0.36444091796875,0.31325531005859375,0.43965911865234375,4.858856201171875,0.2855224609375,1.7619781494140625,0.2490081787109375,3.0354156494140625,2.805908203125,2.8541488647460938,0.35565948486328125,0,204978.0469970703,215390.08856201172,0,34088599552,2147483648,8426438656,0
199,1787750665470,3500,3500,3500,3500,3500,3500,3500,3500,3500,3500,3500,3500,3500,3500,3500,3500,3500,3500,3500,3500,9.503387451171875,1.8093414306640625,0.2505950927734375,13.51666259765625,0.36704254150390625,0.49895477294921875,0.4572296142578125,0.35530853271484375,0.3817138671875,0.4628143310546875,0.5101318359375,0.47943878173828125,0.7102737426757813,2.8350982666015625,0.3728790283203125,0.34627532958984375,0.34568023681640625,0.36504364013671875,0.3310546875,0.304351806640625,0,204986.263671875,215396.17065429688,0,34088599552,2147483648,8426569728,0
200,1787750665670,3500,3500,3500,3500,3500,3500,3500,3500,3500,3500,3500,3500,3500,3500,3500,3500,3500,3500,3500,3500,9.730010986328125,1.8668594360351563,0.2442474365234375,14.50653076171875,0.24834442138671875,0.28557586669921875,0.25273895263671875,2.77581787109375,2.884521484375,2.8620834350585938,2.9368515014648438,0.28083038330078125,3.2868499755859375,0.27468109130859375,0.35089874267578125,0.30606842041015625,0.3870849609375,0.39148712158203125,0.31366729736328125,0.32691192626953125,0,204994.67572021484,215402.4291381836,0,34088599552,2147483648,8426569728,0
200,1787750665870,3500,3500,3500,3500,3500,3500,3500,3500,3500,3500,3500,3500,3500,3500,3500,3500,3500,3500,3500,3500,10.104331970214844,1.4480133056640625,0.2065582275390625,21.023880004882813,0.4177093505859375,0.3565521240234375,0.37261962890625,0.34976959228515625,0.2791900634765625,0.3223876953125,0.31360626220703125,2.9494552612304688,2.954193115234375,0.2894134521484375,2.29400634765625,0.31455230712890625,0.30432891845703125,0.3188934326171875,0.30188751220703125,0.28397369384765625,0,205002.17938232422,215407.79132080078,0,34088599552,2147483648,8426569728,0
200,1787750666071,3500,3500,3500,3500,3500,3500,3500,3500,3500,3500,3500,3500,3500,3500,3500,3500,3500,3500,3500,3500,8.624946594238281,1.7013702392578125,0.29384613037109375,16.007537841796875,0.3643035888671875,2.9140396118164063,0.346038818359375,0.6732711791992188,0.5365524291992188,0.5151443481445313,0.5360031127929688,0.539794921875,3.4019393920898438,0.3217926025390625,2.887542724609375,2.87890625,0.353729248046875,0.3533782958984375,0.34459686279296875,2.8979721069335938,0,205009.7993774414,215413.26776123047,0,34088599552,2147483648,8426635264,0
200,1787750666271,3500,3500,3500,3500,3500,3500,3500,3500,3500,3500,3500,3500,3500,3500,3500,3500,3500,3500,3500,3500,9.169052124023438,3.6263198852539063,2.7225723266601563,7.1353912353515625,4.891143798828125,0.2292022705078125,2.8374710083007813,0.877105712890625,1.4723739624023438,0.430419921875,0.471435546875,0.4633026123046875,10.220382690429688,0.28583526611328125,0.539581298828125,0.2706146240234375,2.7978057861328125,2.82904052734375,2.8880615234375,0.3542327880859375,0,205018.18328857422,215419.4916381836,0,34088599552,2147483648,8427032576,0
199,1787750666471,3500,3500,3500,3500,3500,3500,3500,3500,3500,3500,3500,3500,3500,3500,3500,3500,3500,3500,3500,3500,15.081092834472656,1.851318359375,0.26123046875,11.879379272460938,0.25603485107421875,0.291015625,0.33728790283203125,0.3406829833984375,0.4277801513671875,0.376708984375,0.39844512939453125,0.37076568603515625,0.6668777465820313,2.9029006958007813,0.3656158447265625,0.30495452880859375,0.31569671630859375,0.299560546875,0.29750823974609375,0.29151153564453125,0,205026.26098632813,215425.42547607422,0,34088599552,2147483648,8427552768,0
201,1787750666671,3500,3500,3500,3500,3500,3500,3500,3500,3500,3500,3500,3500,3500,3500,3500,3500,3500,3500,3500,3500,8.634040832519531,1.501556396484375,0.24564361572265625,7.8791656494140625,0.2493438720703125,0.2681884765625,0.2781829833984375,2.7549667358398438,2.8395309448242188,2.8199386596679688,2.8586196899414063,0.2027130126953125,9.0250244140625,0.25218963623046875,0.3926849365234375,0.39882659912109375,0.29117584228515625,0.280426025390625,0.3114166259765625,0.2712860107421875,0,205034.15686035156,215431.18182373047,0,34088599552,2147483648,8428150784,0
199,1787750666874,3500,3500,3500,3500,3500,3500,3500,3500,3500,3500,3500,3500,3500,3500,3500,3500,3500,3500,3500,3500,4.009742736816406,1.4113082885742188,0,20.429588317871094,0,0,0,0,0,0,0,1.8774566650390625,0.23337554931640625,0,0,0,0,0,0,0,0,205041.17810058594,215436.02001953125,0,34088599552,2147483648,8429584384,0
200,1787750667073,3500,3500,3500,3500,3500,3500,3500,3500,3500,3500,3500,3500,3500,3500,3500,3500,3500,3500,3500,3500,9.203460693359375,2.1778106689453125,0.7075347900390625,10.992988586425781,0.6864013671875,3.2923507690429688,0.7149429321289063,0.7424240112304688,0.8072586059570313,0.7194976806640625,0.7576446533203125,1.197845458984375,4.88043212890625,0.738922119140625,4.0133514404296875,3.2773284912109375,0.791839599609375,0.7231521606445313,0.7708587646484375,3.3139801025390625,0,205048.42553710938,215441.1607055664,0,34088599552,2147483648,8431296512,0
200,1787750667274,3500,3500,3500,3500,3500,3500,3500,3500,3500,3500,3500,3500,3500,3500,3500,3500,3500,3500,3500,3500,13.046798706054688,3.6796875,2.7256393432617188,14.918083190917969,2.7147674560546875,0.21814727783203125,2.7651901245117188,2.2970657348632813,0.3188934326171875,0.249176025390625,0.22887420654296875,0.2362518310546875,11.713706970214844,0.24912261962890625,1.8984222412109375,0.24388885498046875,4.1042633056640625,2.78448486328125,2.80767822265625,0.2373504638671875,0,205057.22357177734,215447.79010009766,0,34088599552,2147483648,8433987584,0
200,1787750667475,3500,3500,3500,3500,3500,3500,3500,3500,3500,3500,3500,3500,3500,3500,3500,3500,3500,3500,3500,3500,8.887954711914063,1.7193756103515625,0.18323516845703125,15.177825927734375,0.15625,0.2686920166015625,0.21965789794921875,0.273834228515625,0.23746490478515625,0.266845703125,0.22693634033203125,0.259765625,0.35369873046875,2.799835205078125,0.40887451171875,0.214813232421875,0.292938232421875,0.3259124755859375,0.23361968994140625,0.26619720458984375,0,205064.48345947266,215452.9112548828,0,34088599552,2147483648,8435879936,0
199,1787750667675,3500,3500,3500,3500,3500,3500,3500,3500,3500,3500,3500,3500,3500,3500,3500,3500,3500,3500,3500,3500,10.205070495605469,2.0863189697265625,0.316650390625,14.833419799804688,0.3558807373046875,0.31166839599609375,0.41693878173828125,2.8366012573242188,2.8727874755859375,2.880462646484375,2.7954330444335938,0.348602294921875,3.1498641967773438,0.35906982421875,0.36275482177734375,0.368438720703125,0.39116668701171875,0.4063720703125,0.47136688232421875,0.4783935546875,0,205072.38220214844,215458.66900634766,0,34088599552,2147483648,8439709696,0
199,1787750667875,3500,3500,3500,3500,3500,3500,3500,3500,3500,3500,3500,3500,3500,3500,3500,3500,3500,3500,3500,3500,6.626823425292969,1.9229202270507813,0.21909332275390625,16.723739624023438,0.26277923583984375,0.33345794677734375,0.3413543701171875,0.8154754638671875,0.356048583984375,0.47891998291015625,0.4451751708984375,0.41498565673828125,0.8707122802734375,0.2980194091796875,0.3491058349609375,0.30786895751953125,0.38599395751953125,0.38924407958984375,0.3949432373046875,0.3935394287109375,0,205079.60247802734,215463.7611694336,0,34088599552,2147483648,8443322368,0
200,1787750668075,3500,3500,3500,3500,3500,3500,3500,3500,3500,3500,3500,3500,3500,3500,3500,3500,3500,3500,3500,3500,14.504043579101563,1.9425201416015625,0.2269744873046875,12.335197448730469,0.28876495361328125,2.8501129150390625,0.30506134033203125,0.2606201171875,0.4407501220703125,0.44559478759765625,0.4653472900390625,2.902862548828125,2.5515518188476563,0.327911376953125,4.3755340576171875,2.8524169921875,0.7185134887695313,0.40105438232421875,0.345611572265625,2.85931396484375,0,205087.35675048828,215469.36785888672,0,34088599552,2147483648,8444473344,0
200,1787750668275,3500,3500,3500,3500,3500,3500,3500,3500,3500,3500,3500,3500,3500,3500,3500,3500,3500,3500,3500,3500,7.470161437988281,4.341552734375,2.7547378540039063,12.194320678710938,2.8324203491210938,0.22760009765625,2.8446121215820313,0.41388702392578125,0.34964752197265625,0.2850494384765625,0.31742095947265625,0.32666778564453125,1.1630325317382813,0.3828125,0.7462997436523438,0.31847381591796875,0.3176727294921875,2.8664932250976563,2.8531494140625,0.36702728271484375,0,205094.48858642578,215474.37280273438,0,34088599552,2147483648,8444329984,0
200,1787750668476,3500,3500,3500,3500,3500,3500,3500,3500,3500,3500,3500,3500,3500,3500,3500,3500,3500,3500,3500,3500,4.999885559082031,1.7576522827148438,0.17740631103515625,14.8170166015625,0.29938507080078125,0.28899383544921875,0.2494049072265625,0.29283905029296875,0.2104034423828125,0.28659820556640625,0.281158447265625,0.2537994384765625,0.3695831298828125,2.7959060668945313,0.28604888916015625,0.27791595458984375,2.7808303833007813,0.314361572265625,0.3899078369140625,0.39279937744140625,0,205101.17218017578,215478.93280029297,0,34088599552,2147483648,8444465152,0
200,1787750668676,3500,3500,3500,3500,3500,3500,3500,3500,3500,3500,3500,3500,3500,3500,3500,3500,3500,3500,3500,3500,4.105003356933594,1.4329299926757813,0.251007080078125,8.462860107421875,0.2939453125,0.3067779541015625,0.2332305908203125,2.8211212158203125,2.8499832153320313,2.7849197387695313,2.7948074340820313,0.2233428955078125,6.169013977050781,0.30228424072265625,1.2429428100585938,0.30892181396484375,0.320556640625,0.28964996337890625,0.41452789306640625,0.43669891357421875,0,205108.9559326172,215484.59576416016,0,34088599552,2147483648,8444604416,0
200,1787750668876,3500,3500,3500,3500,3500,3500,3500,3500,3500,3500,3500,3500,3500,3500,3500,3500,3500,3500,3500,3500,1.0765838623046875,1.68701171875,0.223541259765625,14.307319641113281,0.26090240478515625,0.3520660400390625,0.25815582275390625,0.2684478759765625,0.2923736572265625,0.30776214599609375,0.2428741455078125,0.29497528076171875,0.30576324462890625,0.33148956298828125,0.28568267822265625,0.32129669189453125,0.31220245361328125,0.329742431640625,0.3233489990234375,0.37699127197265625,0,205116.4829711914,215490.38543701172,0,34088599552,2147483648,8444739584,0
200,1787750669077,3500,3500,3500,3500,3500,3500,3500,3500,3500,3500,3500,3500,3500,3500,3500,3500,3500,3500,3500,3500,7.881858825683594,1.5131683349609375,0.16030120849609375,6.7660064697265625,0.22135162353515625,2.7283706665039063,0.21183013916015625,0.3125762939453125,0.2359161376953125,0.22335052490234375,0.1890869140625,2.7523574829101563,3.5498886108398438,0.32225799560546875,2.967926025390625,0.3741302490234375,0.22988128662109375,0.267242431640625,0.24599456787109375,2.7397384643554688,0,205124.22729492188,215495.67498779297,0,34088599552,2147483648,8445042688,0
199,1787750669277,3500,3500,3500,3500,3500,3500,3500,3500,3500,3500,3500,3500,3500,3500,3500,3500,3500,3500,3500,3500,5.992622375488281,4.489112854003906,2.9236907958984375,8.588386535644531,1.6532516479492188,0.42554473876953125,2.8796005249023438,0.5436248779296875,0.4685821533203125,0.46279144287109375,0.4285430908203125,0.379364013671875,0.5333404541015625,0.5163650512695313,0.42459869384765625,2.6942138671875,0.4005279541015625,2.961334228515625,2.9553985595703125,0.41161346435546875,0,205131.88513183594,215501.12225341797,0,34088599552,2147483648,8445861888,0
200,1787750669477,3500,3500,3500,3500,3500,3500,3500,3500,3500,3500,3500,3500,3500,3500,3500,3500,3500,3500,3500,3500,7.730415344238281,1.4935531616210938,0.18285369873046875,12.684555053710938,2.9617233276367188,0.32001495361328125,0.2979736328125,0.5651473999023438,0.31546783447265625,0.225738525390625,0.32161712646484375,0.25298309326171875,3.0779876708984375,2.8984832763671875,0.29262542724609375,0.31037139892578125,2.850799560546875,0.3633575439453125,0.29407501220703125,0.290771484375,0,205139.4210205078,215506.53729248047,0,34088599552,2147483648,8446185472,0
199,1787750669677,3500,3500,3500,3500,3500,3500,3500,3500,3500,3500,3500,3500,3500,3500,3500,3500,3500,3500,3500,3500,6.340789794921875,1.8331680297851563,0.24489593505859375,9.906158447265625,0.39037322998046875,0.31793212890625,0.3378143310546875,4.476600646972656,3.9929580688476563,2.7844161987304688,2.7107315063476563,0.2884063720703125,2.8331298828125,0.3580474853515625,0.2996978759765625,0.2996978759765625,0.41370391845703125,0.41550445556640625,0.293701171875,0.3385162353515625,0,205145.2416381836,215510.23797607422,0,34088599552,2147483648,8446390272,0
200,1787750669877,3500,3500,3500,3500,3500,3500,3500,3500,3500,3500,3500,3500,3500,3500,3500,3500,3500,3500,3500,3500,16.838088989257813,1.3859100341796875,0.18505859375,48.71984100341797,0.5812301635742188,0.4635009765625,0.44830322265625,9.066909790039063,12.977096557617188,0.31838226318359375,0.24310302734375,0.2451019287109375,2.8879013061523438,0.28853607177734375,0.27184295654296875,0.3280792236328125,0.40726470947265625,0.402069091796875,0.302734375,0.3370819091796875,0,205155.13305664063,215518.00939941406,0,34088599552,2147483648,8446386176,0
201,1787750670078,3500,3500,3500,3500,3500,3500,3500,3500,3500,3500,3500,3500,3500,3500,3500,3500,3500,3500,3500,3500,9.8062744140625,1.10418701171875,0.12631988525390625,86.41419982910156,0.40384674072265625,2.9944229125976563,0.4957427978515625,0.3422393798828125,0.2934417724609375,0.30551910400390625,0.2315826416015625,2.8026504516601563,8.929031372070313,0.2691497802734375,3.1173477172851563,0.27179718017578125,0.38404083251953125,0.38513946533203125,0.2856597900390625,2.8561782836914063,0,205164.8941040039,215525.65869140625,0,34088599552,2147483648,8446386176,0
200,1787750670279,3500,3500,3500,3500,3500,3500,3500,3500,3500,3500,3500,3500,3500,3500,3500,3500,3500,3500,3500,3500,9.224723815917969,3.8700332641601563,2.1362152099609375,94.30162048339844,0,0,2.4867401123046875,1.2860107421875,0,0,0,0,0,0,0,2.3109283447265625,0,0,2.38507080078125,0,0,205173.64044189453,215532.26696777344,0,34088599552,2147483648,8446582784,0
200,1787750670479,3500,3500,3500,3500,3500,3500,3500,3500,3500,3500,3500,3500,3500,3500,3500,3500,3500,3500,3500,3500,26.183822631835938,1.4575271606445313,0.6860733032226563,52.24858474731445,3.4727249145507813,0.8884353637695313,0.8656387329101563,1.1576614379882813,0.9549484252929688,0.7737960815429688,0.77374267578125,0.8141250610351563,33.68988037109375,3.237579345703125,0.7931137084960938,0.7974853515625,3.3827743530273438,3.3647918701171875,0.9387054443359375,0.8951416015625,0,205182.3178100586,215538.8126220703,0,34088599552,2147483648,8446959616,0
199,1787750670679,3500,3500,3500,3500,3500,3500,3500,3500,3500,3500,3500,3500,3500,3500,3500,3500,3500,3500,3500,3500,28.086135864257813,1.5764541625976563,0.148162841796875,74.25318908691406,0.40239715576171875,0.329864501953125,0.2959747314453125,3.2801589965820313,2.762542724609375,2.724151611328125,2.7919464111328125,0.27585601806640625,0.29522705078125,0.301910400390625,0.3051605224609375,0.277801513671875,0.43280029296875,0.3855743408203125,0.5244522094726563,0.5348892211914063,0,205191.96130371094,215546.3500366211,0,34088599552,2147483648,8447098880,0
199,1787750670879,3500,3500,3500,3500,3500,3500,3500,3500,3500,3500,3500,3500,3500,3500,3500,3500,3500,3500,3500,3500,10.817764282226563,1.3359451293945313,0.14554595947265625,92.21784210205078,0.34037017822265625,0.2318115234375,0.2713470458984375,1.789520263671875,0.2902374267578125,0.25894927978515625,0.18058013916015625,0.356414794921875,3.3287429809570313,0.27484893798828125,0.35356903076171875,0.3112335205078125,0.28978729248046875,0.29933929443359375,0.5005645751953125,0.519256591796875,0,205199.96612548828,215552.23626708984,0,34088599552,2147483648,8447377408,0
200,1787750671080,3500,3500,3500,3500,3500,3500,3500,3500,3500,3500,3500,3500,3500,3500,3500,3500,3500,3500,3500,3500,22.769256591796875,1.2670364379882813,0.1737060546875,58.7397575378418,0.27550506591796875,2.8466110229492188,0.17830657958984375,0.24132537841796875,0.3248291015625,0.21883392333984375,0.23043060302734375,2.7837448120117188,25.579933166503906,0.26895904541015625,3.0009841918945313,0.32672882080078125,0.28275299072265625,0.2795562744140625,0.4512176513671875,2.9998321533203125,0,205209.78637695313,215559.9287109375,0,34088599552,2147483648,8447451136,0
200,1787750671280,3500,3500,3500,3500,3500,3500,3500,3500,3500,3500,3500,3500,3500,3500,3500,3500,3500,3500,3500,3500,15.889968872070313,3.5254669189453125,2.6856689453125,63.45077896118164,0.17983245849609375,0.269073486328125,2.8852996826171875,0.42426300048828125,0.532562255859375,0.2595977783203125,0.25531005859375,0.29486846923828125,20.556137084960938,0.2309112548828125,7.225578308105469,2.8113784790039063,0.2673797607421875,0.2869873046875,0.362457275390625,0.34600067138671875,0,205218.95501708984,215566.96954345703,0,34088599552,2147483648,8447500288,0
200,1787750671480,3500,3500,3500,3500,3500,3500,3500,3500,3500,3500,3500,3500,3500,3500,3500,3500,3500,3500,3500,3500,20.368865966796875,1.686065673828125,0.265625,35.64300537109375,2.9113311767578125,0.4265289306640625,0.42423248291015625,0.4039306640625,0.32859039306640625,0.3238525390625,0.37493896484375,0.43426513671875,43.615482330322266,2.7510223388671875,8.954605102539063,0.339019775390625,2.78704833984375,2.8381881713867188,2.8372879028320313,0.30245208740234375,0,205228.37335205078,215574.26593017578,0,34088599552,2147483648,8447627264,0
200,1787750671681,3500,3500,3500,3500,3500,3500,3500,3500,3500,3500,3500,3500,3500,3500,3500,3500,3500,3500,3500,3500,4.043098449707031,1.4039535522460938,0.1756439208984375,44.04857635498047,0.335968017578125,0.40068817138671875,0.33032989501953125,2.8765106201171875,2.8972702026367188,2.8404388427734375,2.946319580078125,0.4403533935546875,57.23012924194336,0.20748138427734375,0.29065704345703125,0.2493438720703125,0.28033447265625,0.284576416015625,0.2626190185546875,0.28452301025390625,0,205237.20654296875,215580.97198486328,0,34088599552,2147483648,8447627264,0
199,1787750671881,3500,3500,3500,3500,3500,3500,3500,3500,3500,3500,3500,3500,3500,3500,3500,3500,3500,3500,3500,3500,2.1370391845703125,1.7674942016601563,0.1433868408203125,100,0.25783538818359375,0.3555755615234375,0.32054901123046875,0.319305419921875,0.518218994140625,0.37014007568359375,0.38545989990234375,0.3811187744140625,3.1274337768554688,0.44487762451171875,0.30657958984375,0.3289794921875,0.31885528564453125,0.3337249755859375,0.3037872314453125,0.3398590087890625,0,205246.6865234375,215588.33984375,0,34088599552,2147483648,8447614976,0
200,1787750672081,3500,3500,3500,3500,3500,3500,3500,3500,3500,3500,3500,3500,3500,3500,3500,3500,3500,3500,3500,3500,4.318916320800781,1.6088638305664063,0.188690185546875,55.24898147583008,0.34088897705078125,2.796173095703125,0.2864532470703125,0.29555511474609375,0.390167236328125,0.32263946533203125,0.314697265625,2.854248046875,38.390533447265625,0.2707061767578125,10.569038391113281,0.26636505126953125,0.324493408203125,0.30859375,0.3375396728515625,2.8868865966796875,0,205256.24505615234,215595.7816772461,0,34088599552,2147483648,8447614976,0
199,1787750672281,3500,3500,3500,3500,3500,3500,3500,3500,3500,3500,3500,3500,3500,3500,3500,3500,3500,3500,3500,3500,4.1066131591796875,3.8218536376953125,2.6634902954101563,100,0.26387786865234375,0.2541351318359375,2.8129119873046875,1.0832290649414063,0.2764129638671875,0.3292694091796875,0.23809814453125,0.27011871337890625,1.3468093872070313,0.29634857177734375,0.339111328125,2.7947769165039063,0.28830718994140625,0.32532501220703125,0.3073883056640625,0.2707672119140625,0,205265.19146728516,215602.58642578125,0,34088599552,2147483648,8447614976,0
200,1787750672482,3500,3500,3500,3500,3500,3500,3500,3500,3500,3500,3500,3500,3500,3500,3500,3500,3500,3500,3500,3500,28.94293212890625,0.6135025024414063,0.1227874755859375,37.75651931762695,2.9134292602539063,0.32097625732421875,0.3740234375,0.4042205810546875,0.23313140869140625,0.275482177734375,0.182586669921875,0.294525146484375,23.32610321044922,2.702545166015625,28.828536987304688,0.1910858154296875,16.00475311279297,2.7069473266601563,2.8492889404296875,0.29822540283203125,0,205276.01147460938,215611.25146484375,0,34088599552,2147483648,8448098304,0
200,1787750672682,3500,3500,3500,3500,3500,3500,3500,3500,3500,3500,3500,3500,3500,3500,3500,3500,3500,3500,3500,3500,10.363204956054688,1.3189468383789063,0.2510528564453125,69.0312271118164,0.34814453125,0.3046417236328125,0.33123016357421875,2.8931350708007813,2.9861297607421875,2.986328125,2.9484100341796875,0.46793365478515625,27.79918670654297,0.33118438720703125,4.433296203613281,0.41315460205078125,0.43780517578125,0.36376190185546875,0.46868133544921875,0.46344757080078125,0,205284.12927246094,215617.24609375,0,34088599552,2147483648,8448032768,0
200,1787750672882,3500,3500,3500,3500,3500,3500,3500,3500,3500,3500,3500,3500,3500,3500,3500,3500,3500,3500,3500,3500,17.321189880371094,1.6748428344726563,0.1273193359375,84.83038330078125,0.33493804931640625,0.2535858154296875,0.33269500732421875,0.2460479736328125,0.3720245361328125,0.340576171875,0.43724822998046875,0.2924652099609375,3.032012939453125,0.295562744140625,0.3254547119140625,0.34796142578125,0.3064422607421875,0.3097381591796875,0.390838623046875,0.4037628173828125,0,205293.96356201172,215624.95764160156,0,34088599552,2147483648,8448032768,0
199,1787750673083,3500,3500,3500,3500,3500,3500,3500,3500,3500,3500,3500,3500,3500,3500,3500,3500,3500,3500,3500,3500,13.652450561523438,1.2740554809570313,0.19580078125,28.945091247558594,0.283935546875,2.808380126953125,0.2551727294921875,0.6189041137695313,0.3810577392578125,0.33731842041015625,0.34650421142578125,2.91864013671875,63.6172981262207,0.19769287109375,2.9425048828125,0.34075927734375,0.306854248046875,0.27309417724609375,0.34325408935546875,2.8825836181640625,0,205303.30950927734,215632.16833496094,0,34088599552,2147483648,8448098304,0
200,1787750673283,3500,3500,3500,3500,3500,3500,3500,3500,3500,3500,3500,3500,3500,3500,3500,3500,3500,3500,3500,3500,12.302421569824219,3.7164230346679688,2.71343994140625,50.55641555786133,0.2716217041015625,0.20740509033203125,2.8072967529296875,0.6423492431640625,0.43979644775390625,0.3518829345703125,0.41225433349609375,0.30126190185546875,35.653602600097656,0.2039031982421875,8.563461303710938,2.8427734375,0.26517486572265625,0.2975616455078125,0.3863677978515625,0.38661956787109375,0,205313.4024658203,215640.13018798828,0,34088599552,2147483648,8448839680,0
200,1787750673483,3500,3500,3500,3500,3500,3500,3500,3500,3500,3500,3500,3500,3500,3500,3500,3500,3500,3500,3500,3500,13.2254638671875,1.6682281494140625,0.1858367919921875,64.369140625,2.7397994995117188,0.30171966552734375,0.33876800537109375,0.2522430419921875,0.5011367797851563,0.39263916015625,0.45135498046875,0.36029052734375,16.075057983398438,2.7980194091796875,16.05792999267578,0.29412841796875,2.8664169311523438,2.8169403076171875,2.9203948974609375,0.447662353515625,0,205323.84075927734,215648.43975830078,0,34088599552,2147483648,8449101824,0
200,1787750673683,3500,3500,3500,3500,3500,3500,3500,3500,3500,3500,3500,3500,3500,3500,3500,3500,3500,3500,3500,3500,3.0680923461914063,1.3557586669921875,0.130035400390625,100,0.29689788818359375,0.28971099853515625,0.2585296630859375,2.7877578735351563,2.9198379516601563,2.8762741088867188,2.8520278930664063,0.3204498291015625,1.4245147705078125,0.3461456298828125,0.31980133056640625,0.27459716796875,0.32164764404296875,0.319305419921875,0.40178680419921875,0.4030303955078125,0,205332.64306640625,215655.1004638672,0,34088599552,2147483648,8449101824,0
200,1787750673884,3500,3500,3500,3500,3500,3500,3500,3500,3500,3500,3500,3500,3500,3500,3500,3500,3500,3500,3500,3500,10.056045532226563,1.37603759765625,0.12186431884765625,95.91088104248047,0.33882904052734375,0.26074981689453125,0.16320037841796875,0.26149749755859375,0.23268890380859375,0.25525665283203125,0.2690887451171875,0.3333892822265625,4.506324768066406,0.31127166748046875,0.3528594970703125,0.30218505859375,0.27472686767578125,0.2711334228515625,0.3747711181640625,0.37387847900390625,0,205341.9848022461,215662.32592773438,0,34088599552,2147483648,8451403776,0
200,1787750674084,3500,3500,3500,3500,3500,3500,3500,3500,3500,3500,3500,3500,3500,3500,3500,3500,3500,3500,3500,3500,35.30107879638672,1.7136764526367188,0.2606964111328125,32.661048889160156,0.28033447265625,2.7803955078125,0.2786865234375,0.36518096923828125,0.3310546875,0.29752349853515625,0.26434326171875,2.7876434326171875,32.097389221191406,0.24280548095703125,8.646453857421875,0.34044647216796875,0.279632568359375,0.3101654052734375,0.314910888671875,2.8369598388671875,0,205351.4624633789,215669.67028808594,0,34088599552,2147483648,8451604480,0
200,1787750674284,3500,3500,3500,3500,3500,3500,3500,3500,3500,3500,3500,3500,3500,3500,3500,3500,3500,3500,3500,3500,23.784812927246094,3.0827407836914063,2.7593917846679688,27.84654998779297,0.2959136962890625,0.3311920166015625,2.7912673950195313,6.0202178955078125,9.688499450683594,0.44362640380859375,0.340240478515625,0.27088165283203125,75.79749298095703,0.19268035888671875,49.998374938964844,2.7828750610351563,0.33983612060546875,0.28012847900390625,0.2857208251953125,0.3119049072265625,0,205362.43963623047,215678.49609375,0,34088599552,2147483648,8471539712,0
200,1787750674484,3500,3500,3500,3500,3500,3500,3500,3500,3500,3500,3500,3500,3500,3500,3500,3500,3500,3500,3500,3500,14.362403869628906,0.49063873291015625,0.23847198486328125,18.038223266601563,2.7406082153320313,0.3097076416015625,0.24242401123046875,0.7979965209960938,33.91819763183594,0.27983856201171875,0.26764678955078125,0.30875396728515625,26.32483673095703,2.7822647094726563,49.339351654052734,0.199859619140625,31.103660583496094,2.7567901611328125,2.8097915649414063,0.2750396728515625,0,205372.4149169922,215686.3052368164,0,34088599552,2147483648,8473616384,0
200,1787750674684,3500,3500,3500,3500,3500,3500,3500,3500,3500,3500,3500,3500,3500,3500,3500,3500,3500,3500,3500,3500,33.46453094482422,0.6053543090820313,0.25431060791015625,35.33373260498047,0.28816986083984375,0.34265899658203125,0.2970123291015625,2.9738845825195313,2.8563690185546875,2.8329925537109375,2.8545150756835938,0.30629730224609375,31.56671142578125,0.2968597412109375,32.009307861328125,0.30834197998046875,20.188941955566406,0.32187652587890625,0.30045318603515625,0.34430694580078125,0,205383.4715576172,215695.1489868164,0,34088599552,2147483648,8475234304,0
200,1787750674885,3500,3500,3500,3500,3500,3500,3500,3500,3500,3500,3500,3500,3500,3500,3500,3500,3500,3500,3500,3500,32.27156066894531,0.9322280883789063,0.18180084228515625,59.69673538208008,0.306488037109375,0.2799530029296875,0.2659912109375,0.28858184814453125,0.247833251953125,0.2469329833984375,0.28858184814453125,0.26448822021484375,42.60493469238281,0.18633270263671875,13.141532897949219,0.29915618896484375,0.31755828857421875,0.27092742919921875,0.364593505859375,0.39775848388671875,0,205394.03131103516,215703.521484375,0,34088599552,2147483648,8474832896,0
200,1787750675085,3500,3500,3500,3500,3500,3500,3500,3500,3500,3500,3500,3500,3500,3500,3500,3500,3500,3500,3500,3500,34.35823059082031,0.839111328125,0.18650054931640625,52.771392822265625,0.2892303466796875,2.7967376708984375,0.2918243408203125,0.25725555419921875,0.31128692626953125,0.29262542724609375,0.2932281494140625,2.8335113525390625,43.01069259643555,0.2470703125,26.26293182373047,0.27002716064453125,0.31957244873046875,0.3102874755859375,0.38378143310546875,0.406036376953125,0,205403.73315429688,215711.31286621094,0,34088599552,2147483648,8478216192,0
201,1787750675286,3500,3500,3500,3500,3500,3500,3500,3500,3500,3500,3500,3500,3500,3500,3500,3500,3500,3500,3500,3500,33.70610046386719,3.3183822631835938,2.7686080932617188,28.40753173828125,0.31111907958984375,0.29994964599609375,2.78985595703125,0.6168060302734375,0.23520660400390625,0.26354217529296875,0.2781524658203125,0.2889251708984375,73.20347595214844,0.1539154052734375,16.05908966064453,2.8101577758789063,0.30523681640625,0.29535675048828125,0.33765411376953125,2.8432235717773438,0,205413.62322998047,215718.71520996094,0,34088599552,2147483648,8479789056,0
200,1787750675487,3500,3500,3500,3500,3500,3500,3500,3500,3500,3500,3500,3500,3500,3500,3500,3500,3500,3500,3500,3500,52.97013854980469,0,0,31.67890167236328,2.4318084716796875,0,0,0,0,0,0,0,70.84834289550781,2.3656539916992188,10.007408142089844,0,2.4973602294921875,2.5000534057617188,2.45880126953125,0,0,205425.08471679688,215727.95880126953,0,34088599552,2147483648,8481181696,0
200,1787750675687,3500,3500,3500,3500,3500,3500,3500,3500,3500,3500,3500,3500,3500,3500,3500,3500,3500,3500,3500,3500,45.29835891723633,1.1578903198242188,0.5495681762695313,39.66870880126953,0.6441497802734375,0.6383285522460938,0.6201171875,3.3111801147460938,2.0102996826171875,3.1271438598632813,3.2424240112304688,0.743255615234375,58.67329025268555,0.5550384521484375,16.267593383789063,0.662750244140625,2.0041351318359375,0.6412582397460938,0.656982421875,0.6834030151367188,0,205435.8125,215736.4884033203,0,34088599552,2147483648,8482586624,0
200,1787750675888,3500,3500,3500,3500,3500,3500,3500,3500,3500,3500,3500,3500,3500,3500,3500,3500,3500,3500,3500,3500,22.212120056152344,0.9188232421875,0.2541656494140625,16.234352111816406,0.2930755615234375,0.21051025390625,0.32000732421875,0.32584381103515625,1.394775390625,0.283294677734375,0.35079193115234375,0.26922607421875,34.72064208984375,0.26702880859375,0.9140396118164063,0.29412078857421875,76.98418426513672,0.172698974609375,0.36176300048828125,0.3804168701171875,0,205446.66571044922,215745.16735839844,0,34088599552,2147483648,8481062912,0
200,1787750676088,3500,3500,3500,3500,3500,3500,3500,3500,3500,3500,3500,3500,3500,3500,3500,3500,3500,3500,3500,3500,40.674400329589844,0.686553955078125,0.2226104736328125,28.44061279296875,0.2457275390625,2.7854537963867188,0.3124237060546875,0.7024307250976563,0.24402618408203125,0.26714324951171875,0.26364898681640625,2.8128585815429688,61.57451629638672,0.1755828857421875,15.657516479492188,0.25775909423828125,8.254508972167969,0.274078369140625,0.379669189453125,0.32814788818359375,0,205457.56872558594,215753.86492919922,0,34088599552,2147483648,8481906688,0
200,1787750676288,3500,3500,3500,3500,3500,3500,3500,3500,3500,3500,3500,3500,3500,3500,3500,3500,3500,3500,3500,3500,8.524398803710938,3.0661087036132813,2.752227783203125,80.58692932128906,0.31158447265625,0.24803924560546875,2.8806686401367188,8.617774963378906,1.67095947265625,0.3135833740234375,0.24973297119140625,0.295745849609375,59.99003982543945,0.1998291015625,2.4378509521484375,2.8390045166015625,0.2884979248046875,0.29509735107421875,0.36418914794921875,2.8750686645507813,0,205467.7269897461,215761.82849121094,0,34088599552,2147483648,8481751040,0
200,1787750676489,3500,3500,3500,3500,3500,3500,3500,3500,3500,3500,3500,3500,3500,3500,3500,3500,3500,3500,3500,3500,40.65012741088867,0.7928619384765625,0.2610321044921875,10.293830871582031,2.8198318481445313,0.303436279296875,0.3600616455078125,1.6192092895507813,0.2406768798828125,0.321044921875,0.30872344970703125,0.32813262939453125,66.80411529541016,2.3217239379882813,33.984107971191406,0.29061126708984375,2.820831298828125,2.833099365234375,2.8293609619140625,0.31630706787109375,0,205479.69140625,215771.5877685547,0,34088599552,2147483648,8483205120,0
200,1787750676689,3500,3500,3500,3500,3500,3500,3500,3500,3500,3500,3500,3500,3500,3500,3500,3500,3500,3500,3500,3500,17.476486206054688,0.4459991455078125,0.20314788818359375,58.326358795166016,0.48970794677734375,0.5316162109375,0.5607833862304688,0.5150299072265625,0.36188507080078125,2.9329910278320313,1.4587783813476563,0.48046875,44.166629791259766,0.6360626220703125,1.7310028076171875,0.3592376708984375,38.898040771484375,0.2896575927734375,0.3491973876953125,0.35309600830078125,0,205487.2230834961,215776.94757080078,0,34088599552,2147483648,8483684352,0
200,1787750676889,3500,3500,3500,3500,3500,3500,3500,3500,3500,3500,3500,3500,3500,3500,3500,3500,3500,3500,3500,3500,28.678245544433594,0.809295654296875,0.16376495361328125,67.28439331054688,0.3478240966796875,0.37531280517578125,0.34462738037109375,2.9274749755859375,2.81103515625,0.3243865966796875,1.659210205078125,0.259765625,55.66969299316406,0.222686767578125,7.354545593261719,0.29415130615234375,5.094581604003906,0.3127899169921875,4.131767272949219,0.30434417724609375,0,205498.52899169922,215786.04486083984,0,34088599552,2147483648,8484368384,0
200,1787750677089,3500,3500,3500,3500,3500,3500,3500,3500,3500,3500,3500,3500,3500,3500,3500,3500,3500,3500,3500,3500,29.280311584472656,0.7161865234375,0.17633819580078125,28.6175537109375,0.22667694091796875,2.7666854858398438,0.27820587158203125,0.24248504638671875,0.3642578125,0.282745361328125,0.20227813720703125,2.8180160522460938,56.41744613647461,0.18801116943359375,64.87379455566406,0.15648651123046875,0.3544769287109375,0.33437347412109375,0.28060150146484375,0.2911224365234375,0,205509.51708984375,215794.83782958984,0,34088599552,2147483648,8486805504,0
200,1787750677290,3500,3500,3500,3500,3500,3500,3500,3500,3500,3500,3500,3500,3500,3500,3500,3500,3500,3500,3500,3500,9.381446838378906,2.8495864868164063,3.3720245361328125,85.85716247558594,0.2572021484375,0.22504425048828125,0.34714508056640625,10.088546752929688,0.5329513549804688,0.419036865234375,0.5477142333984375,0.49062347412109375,87.79244995117188,0.1884002685546875,8.071792602539063,2.8368759155273438,0.33896636962890625,0.3616485595703125,0.33388519287109375,2.817779541015625,0,205519.99530029297,215803.13165283203,0,34088599552,2147483648,8485564416,0
200,1787750677490,3500,3500,3500,3500,3500,3500,3500,3500,3500,3500,3500,3500,3500,3500,3500,3500,3500,3500,3500,3500,17.5499267578125,0.31603240966796875,0.25252532958984375,20.584144592285156,8.908409118652344,0.204986572265625,2.7537612915039063,64.69486999511719,32.90911102294922,3.2753753662109375,0.32366943359375,0.3023681640625,67.8479232788086,0.18917083740234375,47.486572265625,0.2205963134765625,16.917709350585938,2.7954177856445313,5.521781921386719,0.30585479736328125,0,205533.0191040039,215813.91345214844,0,34088599552,2147483648,8492761088,0
200,1787750677691,3500,3500,3500,3500,3500,3500,3500,3500,3500,3500,3500,3500,3500,3500,3500,3500,3500,3500,3500,3500,35.218994140625,0.2677001953125,0.268096923828125,42.20344543457031,0.22072601318359375,0.26410675048828125,0.34027862548828125,9.948989868164063,6.44586181640625,2.8293685913085938,0.273040771484375,0.2960968017578125,84.58209991455078,2.7186050415039063,47.82110595703125,0.199615478515625,39.492427825927734,0.20914459228515625,25.29930877685547,0.28601837158203125,0,205548.18432617188,215826.7852783203,0,34088599552,2147483648,8512671744,0
200,1787750677891,3500,3500,3500,3500,3500,3500,3500,3500,3500,3500,3500,3500,3500,3500,3500,3500,3500,3500,3500,3500,21.16155242919922,0.295501708984375,0.26027679443359375,27.762451171875,0.5779800415039063,0.2840728759765625,0.26441192626953125,8.896408081054688,4.928779602050781,0.3141632080078125,2.8145599365234375,0.2238006591796875,87.1731948852539,0.1771392822265625,61.860538482666016,0.21675872802734375,55.16887283325195,0.2153167724609375,8.936874389648438,0.4039306640625,0,205561.5057373047,215837.85455322266,0,34088599552,2147483648,8520204288,0
200,1787750678092,3500,3500,3500,3500,3500,3500,3500,3500,3500,3500,3500,3500,3500,3500,3500,3500,3500,3500,3500,3500,9.963874816894531,0.3061981201171875,0.1941375732421875,82.22247314453125,0.28429412841796875,2.8444366455078125,0.32790374755859375,0.7827835083007813,0.42220306396484375,0.395355224609375,0.4062347412109375,2.9698257446289063,72.17438507080078,0.2115478515625,56.66417694091797,0.2375946044921875,1.1594772338867188,0.3165283203125,1.7444305419921875,0.39635467529296875,0,205574.26123046875,215848.44793701172,0,34088599552,2147483648,8523640832,0
200,1787750678292,3500,3500,3500,3500,3500,3500,3500,3500,3500,3500,3500,3500,3500,3500,3500,3500,3500,3500,3500,3500,33.7093505859375,2.7584457397460938,2.7973098754882813,47.19605255126953,0.306182861328125,0.3565216064453125,0.3628082275390625,0.5352859497070313,4.2871246337890625,0.2830810546875,0.25494384765625,0.37802886962890625,94.95228576660156,0.15935516357421875,32.92784881591797,2.7604446411132813,36.22816848754883,0.2442169189453125,0.32054901123046875,2.8512954711914063,0,205585.24438476563,215857.26098632813,0,34088599552,2147483648,8535441408,0
200,1787750678492,3500,3500,3500,3500,3500,3500,3500,3500,3500,3500,3500,3500,3500,3500,3500,3500,3500,3500,3500,3500,28.94457244873047,0.23310089111328125,0.2243194580078125,34.61016082763672,2.7767410278320313,0.26607513427734375,2.8262863159179688,5.3067626953125,24.56342315673828,0.270172119140625,0.30559539794921875,0.2089996337890625,70.94242095947266,0.19842529296875,18.42774200439453,0.22426605224609375,17.658546447753906,2.8120651245117188,2.8062744140625,0.294769287109375,0,205596.22192382813,215865.94561767578,0,34088599552,2147483648,8525111296,0
200,1787750678693,3500,3500,3500,3500,3500,3500,3500,3500,3500,3500,3500,3500,3500,3500,3500,3500,3500,3500,3500,3500,34.37257385253906,0.533905029296875,0.8093185424804688,26.477394104003906,0.3606109619140625,0.27142333984375,0.2840576171875,6.5089569091796875,4.197906494140625,0.6552581787109375,0.37090301513671875,0.29608917236328125,51.52817153930664,2.756561279296875,86.54985809326172,0.15586090087890625,2.2641525268554688,0.3099212646484375,0.5280609130859375,0.350372314453125,0,205609.22985839844,215876.73120117188,0,34088599552,2147483648,8518549504,0
200,1787750678893,3500,3500,3500,3500,3500,3500,3500,3500,3500,3500,3500,3500,3500,3500,3500,3500,3500,3500,3500,3500,13.027244567871094,0.613983154296875,0.22127532958984375,28.078857421875,0.2662200927734375,0.23555755615234375,0.29787445068359375,2.7584457397460938,2.8288116455078125,2.3727798461914063,2.7603988647460938,0.25048828125,56.970951080322266,0.2137298583984375,68.69956970214844,0.1461181640625,0.29238128662109375,0.31984710693359375,0.27165985107421875,0.27790069580078125,0,205619.51483154297,215885.0321044922,0,34088599552,2147483648,8522838016,0
199,1787750679093,3500,3500,3500,3500,3500,3500,3500,3500,3500,3500,3500,3500,3500,3500,3500,3500,3500,3500,3500,3500,21.70105743408203,0.44205474853515625,0.21209716796875,12.923812866210938,0.3022003173828125,0.2426300048828125,0.27740478515625,36.2564697265625,0.31182861328125,0.2869873046875,0.30584716796875,2.7661209106445313,78.38795471191406,0.201416015625,42.547142028808594,0.266326904296875,0.340972900390625,0.31003570556640625,0.35753631591796875,0.39580535888671875,0,205629.98541259766,215893.0903930664,0,34088599552,2147483648,8518569984,0
199,1787750679293,3500,3500,3500,3500,3500,3500,3500,3500,3500,3500,3500,3500,3500,3500,3500,3500,3500,3500,3500,3500,10.605224609375,0.6095352172851563,2.74395751953125,62.05913162231445,0.37969970703125,3.035125732421875,0.3761444091796875,0.48001861572265625,0.30626678466796875,0.37670135498046875,0.45243072509765625,0.3159637451171875,68.5816650390625,0.20859527587890625,10.866157531738281,2.8103408813476563,23.675933837890625,0.30571746826171875,0.33890533447265625,2.82733154296875,0,205640.80151367188,215902.25854492188,0,34088599552,2147483648,8518524928,0
200,1787750679493,3500,3500,3500,3500,3500,3500,3500,3500,3500,3500,3500,3500,3500,3500,3500,3500,3500,3500,3500,3500,27.35930633544922,3.136260986328125,0.230926513671875,36.856937408447266,2.8440933227539063,0.26897430419921875,2.8317489624023438,1.1908721923828125,0.34421539306640625,0.43100738525390625,0.508392333984375,0.34261322021484375,37.74344253540039,0.25152587890625,38.30213165283203,0.20532989501953125,2.8154983520507813,2.8348464965820313,2.82464599609375,0.29917144775390625,0,205652.22387695313,215911.20684814453,0,34088599552,2147483648,8514985984,0
200,1787750679694,3500,3500,3500,3500,3500,3500,3500,3500,3500,3500,3500,3500,3500,3500,3500,3500,3500,3500,3500,3500,22.01030731201172,0.91522216796875,0,65.09098815917969,0.18685150146484375,0.292724609375,0.16408538818359375,0.3587188720703125,0.214202880859375,0.25254058837890625,0.3272247314453125,0.19488525390625,26.308677673339844,2.568359375,6.789451599121094,0.18724822998046875,15.687454223632813,0.10283660888671875,0.1277923583984375,0.14665985107421875,0,205661.49145507813,215918.01135253906,0,34088599552,2147483648,8516542464,0
200,1787750679894,3500,3500,3500,3500,3500,3500,3500,3500,3500,3500,3500,3500,3500,3500,3500,3500,3500,3500,3500,3500,28.82831573486328,0.7337722778320313,0.37032318115234375,48.12110137939453,0.6262359619140625,0.402435302734375,0.47826385498046875,7.4136962890625,3.3138885498046875,3.2757492065429688,3.267822265625,0.5863494873046875,29.064979553222656,0.39002227783203125,39.57549285888672,0.36783599853515625,2.9223251342773438,0.45238494873046875,3.7719573974609375,0.4886322021484375,0,205671.5255126953,215925.8422241211,0,34088599552,2147483648,8514953216,0
200,1787750680095,3500,3500,3500,3500,3500,3500,3500,3500,3500,3500,3500,3500,3500,3500,3500,3500,3500,3500,3500,3500,17.343910217285156,0.6779403686523438,0.24701690673828125,54.190128326416016,0.499725341796875,0.39919281005859375,0.4710845947265625,4.995796203613281,0.417999267578125,0.37055206298828125,0.43701171875,2.934478759765625,31.616676330566406,0.233001708984375,1.1389007568359375,0.318511962890625,28.330406188964844,0.300506591796875,0.34226226806640625,0.36815643310546875,0,205682.9061279297,215935.06048583984,0,34088599552,2147483648,8514281472,0
199,1787750680295,3500,3500,3500,3500,3500,3500,3500,3500,3500,3500,3500,3500,3500,3500,3500,3500,3500,3500,3500,3500,7.156410217285156,0.5140838623046875,0.18283843994140625,72.85991668701172,0.3128814697265625,2.775665283203125,0.35175323486328125,0.251953125,0.3243560791015625,0.354400634765625,0.2593841552734375,0.29327392578125,32.35902404785156,0.22979736328125,3.1153488159179688,2.8673858642578125,19.901084899902344,0.31018829345703125,0.31158447265625,2.9139938354492188,0,205693.88397216797,215943.86071777344,0,34088599552,2147483648,8514539520,0
200,1787750680495,3500,3500,3500,3500,3500,3500,3500,3500,3500,3500,3500,3500,3500,3500,3500,3500,3500,3500,3500,3500,8.817527770996094,2.7984237670898438,2.7130508422851563,53.616214752197266,2.8684463500976563,0.2945098876953125,2.8402099609375,1.4178543090820313,0.1862945556640625,0.24097442626953125,0.228179931640625,0.2660675048828125,41.10849380493164,0.17969512939453125,33.617042541503906,0.2164306640625,2.8629989624023438,2.8642501831054688,2.7851791381835938,0.3148040771484375,0,205705.30657958984,215953.10052490234,0,34088599552,2147483648,8515641344,0
200,1787750680696,3500,3500,3500,3500,3500,3500,3500,3500,3500,3500,3500,3500,3500,3500,3500,3500,3500,3500,3500,3500,19.270843505859375,0.7388839721679688,0.2348785400390625,28.204544067382813,0.5048980712890625,0.4606781005859375,0.522613525390625,0.41690826416015625,0.39669036865234375,0.26293182373046875,0.2840423583984375,0.33629608154296875,30.746505737304688,2.813873291015625,68.23905944824219,0.20304107666015625,2.1813583374023438,0.33879852294921875,0.28708648681640625,0.3212738037109375,0,205715.57666015625,215961.1678466797,0,34088599552,2147483648,8515760128,0
200,1787750680896,3500,3500,3500,3500,3500,3500,3500,3500,3500,3500,3500,3500,3500,3500,3500,3500,3500,3500,3500,3500,10.682159423828125,0.7921066284179688,0.1934967041015625,84.48701477050781,0.4849853515625,0.49442291259765625,0.48049163818359375,3.1821212768554688,2.9514694213867188,2.8754501342773438,3.0105514526367188,0.34598541259765625,25.863143920898438,0.2923431396484375,17.207534790039063,0.287841796875,0.5735931396484375,0.353271484375,0.35387420654296875,0.30512237548828125,0,205726.12322998047,215969.50714111328,0,34088599552,2147483648,8516173824,0
200,1787750681096,3500,3500,3500,3500,3500,3500,3500,3500,3500,3500,3500,3500,3500,3500,3500,3500,3500,3500,3500,3500,14.796722412109375,0.97076416015625,0.154327392578125,39.9234733581543,0.36945343017578125,0.461578369140625,0.4408416748046875,0.45418548583984375,0.38753509521484375,0.3994293212890625,0.38928985595703125,2.8338623046875,48.37361145019531,0.225921630859375,31.4447021484375,0.2203216552734375,0.29106903076171875,0.2804718017578125,0.2686309814453125,0.269683837890625,0,205736.61596679688,215977.8441772461,0,34088599552,2147483648,8516116480,0
200,1787750681296,3500,3500,3500,3500,3500,3500,3500,3500,3500,3500,3500,3500,3500,3500,3500,3500,3500,3500,3500,3500,26.472923278808594,0.6335525512695313,0.16321563720703125,32.864479064941406,0.325927734375,2.9616851806640625,0.35251617431640625,1.2792205810546875,5.984771728515625,0.4284820556640625,0.452178955078125,0.449188232421875,70.75325012207031,0.184112548828125,3.2749862670898438,2.8875045776367188,0.31380462646484375,0.29170989990234375,0.29250335693359375,2.8282470703125,0,205745.6446533203,215984.70263671875,0,34088599552,2147483648,8515469312,0
200,1787750681497,3500,3500,3500,3500,3500,3500,3500,3500,3500,3500,3500,3500,3500,3500,3500,3500,3500,3500,3500,3500,38.001853942871094,2.7245330810546875,2.774169921875,16.10486602783203,2.8268508911132813,0.273590087890625,2.8038330078125,0.8695602416992188,0.26934814453125,0.3052520751953125,0.30450439453125,0.2700958251953125,72.86471557617188,0.202484130859375,10.386001586914063,0.2407379150390625,0.9222946166992188,2.8073272705078125,2.857757568359375,0.2842254638671875,0,205756.16131591797,215993.02349853516,0,34088599552,2147483648,8516132864,0
200,1787750681697,3500,3500,3500,3500,3500,3500,3500,3500,3500,3500,3500,3500,3500,3500,3500,3500,3500,3500,3500,3500,31.50019073486328,0.93798828125,0.23691558837890625,35.55017852783203,0.33876800537109375,0.29706573486328125,0.375030517578125,0.37677001953125,0.3592681884765625,0.2989654541015625,0.25153350830078125,0.4015655517578125,70.22416687011719,2.7496337890625,0.42949676513671875,0.33766937255859375,2.7783660888671875,0.39612579345703125,0.36884307861328125,0.33492279052734375,0,205766.7342529297,216001.41082763672,0,34088599552,2147483648,8516468736,0
200,1787750681897,3500,3500,3500,3500,3500,3500,3500,3500,3500,3500,3500,3500,3500,3500,3500,3500,3500,3500,3500,3500,13.117881774902344,1.1218948364257813,0.12772369384765625,84.76045989990234,0.255401611328125,0.2649383544921875,0.26213836669921875,2.8682785034179688,2.8146286010742188,2.7512435913085938,2.7787628173828125,0.30145263671875,32.25532531738281,0.22542572021484375,0.35305023193359375,0.3067474365234375,0.27123260498046875,0.30410003662109375,0.28672027587890625,0.29531097412109375,0,205775.943359375,216008.45092773438,0,34088599552,2147483648,8519032832,0
200,1787750682098,3500,3500,3500,3500,3500,3500,3500,3500,3500,3500,3500,3500,3500,3500,3500,3500,3500,3500,3500,3500,24.436248779296875,1.334808349609375,0.16845703125,60.07624435424805,0.299896240234375,0.2447052001953125,0.26212310791015625,0.7348175048828125,0.306182861328125,0.25453948974609375,0.259124755859375,2.6253509521484375,49.581817626953125,0.2135162353515625,0.32988739013671875,0.2581787109375,0.24864959716796875,0.27449798583984375,0.25453948974609375,0.28392791748046875,0,205784.29150390625,216014.62731933594,0,34088599552,2147483648,8517144576,0
200,1787750682298,3500,3500,3500,3500,3500,3500,3500,3500,3500,3500,3500,3500,3500,3500,3500,3500,3500,3500,3500,3500,24.719459533691406,0.59771728515625,0.31975555419921875,56.309043884277344,0.32485198974609375,2.888214111328125,0.24005889892578125,0.3351898193359375,0.27980804443359375,0.34662628173828125,0.31386566162109375,0.4623870849609375,66.53805541992188,0.21373748779296875,3.8398971557617188,2.8420181274414063,0.30747222900390625,0.353118896484375,0.30522918701171875,2.8711318969726563,0,205795.13360595703,216023.27264404297,0,34088599552,2147483648,8518864896,0
200,1787750682498,3500,3500,3500,3500,3500,3500,3500,3500,3500,3500,3500,3500,3500,3500,3500,3500,3500,3500,3500,3500,26.515174865722656,2.8885040283203125,2.7559051513671875,27.44281768798828,0.24371337890625,0.2941741943359375,2.8459854125976563,0.7213973999023438,7.5820770263671875,0.260650634765625,0.22992706298828125,0.2493133544921875,52.23255157470703,0.18621063232421875,54.77571487426758,0.2061920166015625,0.29317474365234375,2.8137054443359375,2.8470306396484375,0.35652923583984375,0,205805.47637939453,216031.4605102539,0,34088599552,2147483648,8521965568,0
200,1787750682699,3500,3500,3500,3500,3500,3500,3500,3500,3500,3500,3500,3500,3500,3500,3500,3500,3500,3500,3500,3500,8.883163452148438,0.273712158203125,0.2516021728515625,7.586326599121094,2.806549072265625,0.24481201171875,0.3011627197265625,0.475250244140625,0.3386993408203125,0.279998779296875,0.24985504150390625,0.26996612548828125,68.1773910522461,2.709716796875,100,0.11209869384765625,2.8805618286132813,0.36574554443359375,0.29721832275390625,0.289337158203125,0,205816.52856445313,216040.3641357422,0,34088599552,2147483648,8519098368,0
200,1787750682899,3500,3500,3500,3500,3500,3500,3500,3500,3500,3500,3500,3500,3500,3500,3500,3500,3500,3500,3500,3500,10.885345458984375,0.31587982177734375,0.23766326904296875,21.200180053710938,0.28678131103515625,0.269256591796875,0.23915863037109375,15.748619079589844,7.935386657714844,2.7073593139648438,2.7890243530273438,0.28124237060546875,87.36966705322266,0.18749237060546875,78.72913360595703,0.1721649169921875,2.6604385375976563,0.36640167236328125,0.311737060546875,0.30001068115234375,0,205826.81658935547,216048.49017333984,0,34088599552,2147483648,8519979008,0
200,1787750683099,3500,3500,3500,3500,3500,3500,3500,3500,3500,3500,3500,3500,3500,3500,3500,3500,3500,3500,3500,3500,3.3521575927734375,0.30458831787109375,0.23734283447265625,7.352836608886719,14.917900085449219,0.21971893310546875,0.222412109375,33.07756805419922,55.00876235961914,0.24298095703125,0.24488067626953125,0.2067413330078125,54.65843963623047,0.22415924072265625,43.61091613769531,0.2862701416015625,1.776824951171875,0.40314483642578125,1.8133697509765625,0.31078338623046875,0,205837.5083618164,216057.01000976563,0,34088599552,2147483648,8520613888,0
200,1787750683299,3500,3500,3500,3500,3500,3500,3500,3500,3500,3500,3500,3500,3500,3500,3500,3500,3500,3500,3500,3500,2.228759765625,0.3200225830078125,0.27941131591796875,0.99517822265625,8.001327514648438,2.7270431518554688,0.2617340087890625,39.31673049926758,54.092891693115234,0.19519805908203125,0.2664794921875,2.770751953125,82.27771759033203,0.16373443603515625,20.997512817382813,2.7716522216796875,0.43045806884765625,0.40598297119140625,0.30743408203125,2.8158035278320313,0,205846.3153076172,216063.65991210938,0,34088599552,2147483648,8520499200,0
200,1787750683500,3500,3500,3500,3500,3500,3500,3500,3500,3500,3500,3500,3500,3500,3500,3500,3500,3500,3500,3500,3500,10.891357421875,2.76177978515625,2.7947006225585938,0.26136016845703125,43.17585372924805,0.23418426513671875,2.70123291015625,4.0896453857421875,42.51251983642578,13.365104675292969,0.13297271728515625,0.142120361328125,58.48899841308594,0.14221954345703125,25.811622619628906,0.16045379638671875,9.995742797851563,2.2349700927734375,2.7962493896484375,0.27724456787109375,0,205855.87744140625,216071.08233642578,0,34088599552,2147483648,8520945664,0
200,1787750683700,3500,3500,3500,3500,3500,3500,3500,3500,3500,3500,3500,3500,3500,3500,3500,3500,3500,3500,3500,3500,5.512336730957031,0.37096405029296875,0.3171844482421875,2.8537445068359375,29.276092529296875,0.30081939697265625,0.29807281494140625,0.2779693603515625,48.78202819824219,26.435317993164063,0.22029876708984375,0.19366455078125,3.2817306518554688,2.797821044921875,99.9861831665039,0.17415618896484375,3.8198089599609375,1.0021820068359375,0.5643768310546875,0.45063018798828125,0,205867.91833496094,216080.96221923828,0,34088599552,2147483648,8521637888,0
200,1787750683900,3500,3500,3500,3500,3500,3500,3500,3500,3500,3500,3500,3500,3500,3500,3500,3500,3500,3500,3500,3500,1.3805923461914063,0.32129669189453125,0.32444000244140625,0.3275909423828125,34.21916198730469,0.24906158447265625,0.2282867431640625,2.805389404296875,52.20635986328125,20.21997833251953,2.7298583984375,0.2058563232421875,4.651542663574219,0.27568817138671875,100,0.14850616455078125,0.609375,0.3612060546875,0.4303436279296875,0.41820526123046875,0,205876.9291381836,216087.82000732422,0,34088599552,2147483648,8521928704,0
200,1787750684100,3500,3500,3500,3500,3500,3500,3500,3500,3500,3500,3500,3500,3500,3500,3500,3500,3500,3500,3500,3500,13.383903503417969,0.304840087890625,0.3643798828125,0.3032379150390625,34.09545135498047,0.2270660400390625,0.21392822265625,0.26018524169921875,65.58796691894531,0.7131195068359375,0.2098846435546875,0.19010162353515625,40.99529266357422,0.21967315673828125,60.85281753540039,0.21652984619140625,8.713829040527344,0.2970428466796875,0.406280517578125,0.40488433837890625,0,205887.8949584961,216096.59838867188,0,34088599552,2147483648,8524582912,0
200,1787750684300,3500,3500,3500,3500,3500,3500,3500,3500,3500,3500,3500,3500,3500,3500,3500,3500,3500,3500,3500,3500,19.504066467285156,0.32842254638671875,0.33771514892578125,0.35015106201171875,8.196250915527344,2.824615478515625,0.32627105712890625,0.316680908203125,43.96720886230469,0.25312042236328125,0.26421356201171875,2.8341140747070313,52.97503662109375,0.24692535400390625,43.932132720947266,0.25537109375,0.5848388671875,0.34760284423828125,0.35669708251953125,2.8596954345703125,0,205897.20281982422,216103.7841796875,0,34088599552,2147483648,8525189120,0
200,1787750684501,3500,3500,3500,3500,3500,3500,3500,3500,3500,3500,3500,3500,3500,3500,3500,3500,3500,3500,3500,3500,34.009910583496094,2.7643203735351563,2.7974395751953125,0.26589202880859375,0.25955963134765625,0.244293212890625,2.7973403930664063,0.260009765625,0.2649993896484375,0.25896453857421875,0.28180694580078125,0.2674407958984375,98.32994842529297,0.116485595703125,49.200191497802734,2.7252578735351563,1.3497314453125,0.25063323974609375,2.8845443725585938,0.30310821533203125,0,205909.67596435547,216114.14404296875,0,34088599552,2147483648,8540975104,0
200,1787750684701,3500,3500,3500,3500,3500,3500,3500,3500,3500,3500,3500,3500,3500,3500,3500,3500,3500,3500,3500,3500,11.107925415039063,0.33294677734375,0.27010345458984375,2.8843002319335938,2.804534912109375,0.275543212890625,0.30893707275390625,0.3002471923828125,0.3079376220703125,0.3323974609375,0.36414337158203125,0.2873687744140625,94.04385375976563,2.6993637084960938,100,0.138671875,2.9563369750976563,2.8318939208984375,0.41475677490234375,0.42299652099609375,0,205921.3060913086,216123.57135009766,0,34088599552,2147483648,8540975104,0
200,1787750684901,3500,3500,3500,3500,3500,3500,3500,3500,3500,3500,3500,3500,3500,3500,3500,3500,3500,3500,3500,3500,7.2424468994140625,0,0,0,0,0,0,2.2965774536132813,2.1187362670898438,2.17864990234375,2.1618576049804688,0,97.20849609375,0,100,0,0,0,0,0,0,205931.90447998047,216132.00708007813,0,34088599552,2147483648,8540971008,0
200,1787750685102,3500,3500,3500,3500,3500,3500,3500,3500,3500,3500,3500,3500,3500,3500,3500,3500,3500,3500,3500,3500,7.580902099609375,0.9375381469726563,0.9524688720703125,0.9683456420898438,1.0237045288085938,1.0228042602539063,1.0007400512695313,1.1280364990234375,0.8931655883789063,0.976226806640625,0.9589080810546875,0.9383392333984375,97.94261169433594,0.8124923706054688,55.45726776123047,0.83795166015625,46.23939895629883,0.9002532958984375,1.003631591796875,1.037078857421875,0,205942.99951171875,216140.99627685547,0,34088599552,2147483648,8541040640,0
200,1787750685302,3500,3500,3500,3500,3500,3500,3500,3500,3500,3500,3500,3500,3500,3500,3500,3500,3500,3500,3500,3500,16.200721740722656,0.299957275390625,0.28618621826171875,0.35744476318359375,0.41931915283203125,3.0007247924804688,0.33837890625,0.4662322998046875,0.2301483154296875,0.27989959716796875,0.26383209228515625,2.8343048095703125,97.32588195800781,0.13518524169921875,43.8169059753418,0.22341156005859375,52.58220291137695,0.1910247802734375,0.69403076171875,2.8751754760742188,0,205955.09448242188,216150.9214477539,0,34088599552,2147483648,8541167616,0
200,1787750685503,3500,3500,3500,3500,3500,3500,3500,3500,3500,3500,3500,3500,3500,3500,3500,3500,3500,3500,3500,3500,10.199180603027344,2.8380279541015625,2.8468551635742188,0.317657470703125,0.49262237548828125,0.4745635986328125,2.9302444458007813,0.49800872802734375,0.41387176513671875,0.3219451904296875,0.298004150390625,0.40972900390625,98.4786376953125,0.16548919677734375,46.94910430908203,2.70660400390625,54.738441467285156,0.22823333740234375,3.0648117065429688,0.30059814453125,0,205965.77520751953,216159.47283935547,0,34088599552,2147483648,8541143040,0
200,1787750685703,3500,3500,3500,3500,3500,3500,3500,3500,3500,3500,3500,3500,3500,3500,3500,3500,3500,3500,3500,3500,7.482032775878906,0.27669525146484375,0.277191162109375,2.7912445068359375,2.9288406372070313,0.44475555419921875,0.4574432373046875,0.4358673095703125,0.3446197509765625,0.39935302734375,0.48046875,0.37104034423828125,97.41157531738281,2.6583404541015625,69.03363037109375,0.17839813232421875,34.042945861816406,2.7738189697265625,0.28223419189453125,0.30455780029296875,0,205975.45831298828,216167.0101928711,0,34088599552,2147483648,8541143040,0
200,1787750685903,3500,3500,3500,3500,3500,3500,3500,3500,3500,3500,3500,3500,3500,3500,3500,3500,3500,3500,3500,3500,16.814254760742188,0.27159881591796875,2.6589889526367188,0.268707275390625,0.3999176025390625,0.4535980224609375,0.34204864501953125,2.9999923706054688,3.0178985595703125,2.8784561157226563,2.9278030395507813,0.29639434814453125,98.10791778564453,0.127166748046875,70.96327209472656,0.1782073974609375,6.123908996582031,0.26900482177734375,28.1585693359375,0.25598907470703125,0,205988.72760009766,216178.10662841797,0,34088599552,2147483648,8541208576,0
200,1787750686104,3500,3500,3500,3500,3500,3500,3500,3500,3500,3500,3500,3500,3500,3500,3500,3500,3500,3500,3500,3500,16.422271728515625,0.317352294921875,0.30683135986328125,0.34049224853515625,0.4953765869140625,0.5039520263671875,0.38906097412109375,0.5298309326171875,0.3212432861328125,0.32173919677734375,0.307281494140625,0.2283935546875,97.71854400634766,0.17572784423828125,43.871177673339844,0.22609710693359375,48.98530960083008,0.2351226806640625,0.35276031494140625,0.37470245361328125,0,206001.04522705078,216188.27807617188,0,34088599552,2147483648,8541339648,0
200,1787750686304,3500,3500,3500,3500,3500,3500,3500,3500,3500,3500,3500,3500,3500,3500,3500,3500,3500,3500,3500,3500,7.736030578613281,0.2950897216796875,0.29718780517578125,0.3170166015625,0.46158599853515625,3.0338516235351563,0.37134552001953125,0.43242645263671875,0.8282928466796875,0.21453857421875,0.2916412353515625,2.7687759399414063,99.16815948486328,0.1728363037109375,54.54895782470703,0.19760894775390625,50.17438888549805,0.200958251953125,0.4030609130859375,2.936126708984375,0,206012.43383789063,216197.51440429688,0,34088599552,2147483648,8539521024,0
200,1787750686504,3500,3500,3500,3500,3500,3500,3500,3500,3500,3500,3500,3500,3500,3500,3500,3500,3500,3500,3500,3500,12.215980529785156,2.7521896362304688,2.8191452026367188,0.29769134521484375,0.423309326171875,0.45069122314453125,2.8739547729492188,0.36754608154296875,0.5972366333007813,0.41211700439453125,0.38408660888671875,0.3335723876953125,57.235755920410156,0.16513824462890625,40.95679473876953,2.733551025390625,22.378578186035156,0.3032379150390625,1.2583236694335938,0.40071868896484375,0,206023.1893310547,216206.12774658203,0,34088599552,2147483648,8513572864,0
200,1787750686705,3500,3500,3500,3500,3500,3500,3500,3500,3500,3500,3500,3500,3500,3500,3500,3500,3500,3500,3500,3500,19.277374267578125,0.14922332763671875,0.2308502197265625,2.8228836059570313,2.9427490234375,0.2786712646484375,0.31142425537109375,0.3665924072265625,0.371978759765625,0.3961944580078125,0.30683135986328125,0.27837371826171875,37.84453582763672,2.6936798095703125,51.38108825683594,0.11077880859375,2.9424972534179688,2.821533203125,1.9519119262695313,0.32465362548828125,0,206031.71697998047,216212.52673339844,0,34088599552,2147483648,8513572864,0
200,1787750686905,3500,3500,3500,3500,3500,3500,3500,3500,3500,3500,3500,3500,3500,3500,3500,3500,3500,3500,3500,3500,10.473487854003906,0.3432159423828125,0.4083251953125,0.40103912353515625,0.4823760986328125,0.4437255859375,0.417266845703125,3.0422439575195313,2.887054443359375,2.9251022338867188,2.8886032104492188,0.371978759765625,2.7640304565429688,0.29872894287109375,58.71455001831055,0.287200927734375,33.213653564453125,0.38226318359375,0.48891448974609375,0.4585113525390625,0,206040.90759277344,216219.5776977539,0,34088599552,2147483648,8513150976,0
200,1787750687105,3500,3500,3500,3500,3500,3500,3500,3500,3500,3500,3500,3500,3500,3500,3500,3500,3500,3500,3500,3500,21.18701171875,0.24843597412109375,0.2710418701171875,0.26564788818359375,0.26155853271484375,0.2273712158203125,0.32758331298828125,0.25726318359375,0.4523468017578125,0.442718505859375,0.35932159423828125,0.456939697265625,48.556392669677734,0.1477203369140625,37.971370697021484,0.18006134033203125,0.38956451416015625,0.32129669189453125,0.374542236328125,0.365264892578125,0,206049.31604003906,216225.86254882813,0,34088599552,2147483648,8513282048,0
200,1787750687306,3500,3500,3500,3500,3500,3500,3500,3500,3500,3500,3500,3500,3500,3500,3500,3500,3500,3500,3500,3500,7.756675720214844,0.1640167236328125,0.22328948974609375,0.221649169921875,0.1468963623046875,2.7775115966796875,0.179229736328125,0.21126556396484375,0.3632049560546875,0.39105224609375,0.32413482666015625,2.955352783203125,44.57685089111328,0.10428619384765625,57.87822341918945,0.142608642578125,0.17484283447265625,0.25347900390625,0.3175506591796875,2.8372421264648438,0,206059.0023803711,216233.40069580078,0,34088599552,2147483648,8513282048,0
200,1787750687506,3500,3500,3500,3500,3500,3500,3500,3500,3500,3500,3500,3500,3500,3500,3500,3500,3500,3500,3500,3500,26.049514770507813,2.8148880004882813,2.8770751953125,0.3785400390625,0.352294921875,0.362823486328125,2.85406494140625,0.2874603271484375,0.50225830078125,0.5681381225585938,0.48538970947265625,0.5469284057617188,76.32954406738281,0.24404144287109375,4.546852111816406,2.9448928833007813,0.41791534423828125,0.462738037109375,0.386627197265625,0.371307373046875,0,206068.5850830078,216240.84173583984,0,34088599552,2147483648,8513273856,0
200,1787750687706,3500,3500,3500,3500,3500,3500,3500,3500,3500,3500,3500,3500,3500,3500,3500,3500,3500,3500,3500,3500,13.303314208984375,0.31435394287109375,0.29338836669921875,2.8683395385742188,2.8397293090820313,0.36248016357421875,0.393829345703125,0.403717041015625,0.3855438232421875,0.49207305908203125,0.38434600830078125,0.5137939453125,12.634521484375,2.7610549926757813,34.499916076660156,0.23772430419921875,51.118865966796875,2.7411880493164063,2.7835235595703125,0.33177947998046875,0,206078.28198242188,216248.4140625,0,34088599552,2147483648,8513421312,0
200,1787750687907,3500,3500,3500,3500,3500,3500,3500,3500,3500,3500,3500,3500,3500,3500,3500,3500,3500,3500,3500,3500,1.7090377807617188,0.2957000732421875,0.32175445556640625,0.2821807861328125,0.41583251953125,0.39362335205078125,0.49493408203125,3.0074844360351563,2.9210433959960938,3.0145721435546875,2.90252685546875,0.45989990234375,2.3051376342773438,0.2364654541015625,0.48175811767578125,0.26401519775390625,100,0.1176300048828125,0.2641143798828125,0.345611572265625,0,206089.08154296875,216257.0845336914,0,34088599552,2147483648,8513421312,0
200,1787750688107,3500,3500,3500,3500,3500,3500,3500,3500,3500,3500,3500,3500,3500,3500,3500,3500,3500,3500,3500,3500,9.699478149414063,0.21131134033203125,0.2716064453125,0.3062744140625,0.34824371337890625,0.41802978515625,0.3170166015625,0.446502685546875,0.5245361328125,0.42452239990234375,0.41468048095703125,0.41138458251953125,15.353401184082031,0.1738433837890625,24.228912353515625,0.17299652099609375,63.3620719909668,0.18483734130859375,0.358428955078125,0.38875579833984375,0,206097.13598632813,216262.9808959961,0,34088599552,2147483648,8513560576,0
200,1787750688307,3500,3500,3500,3500,3500,3500,3500,3500,3500,3500,3500,3500,3500,3500,3500,3500,3500,3500,3500,3500,2.872711181640625,0.29151153564453125,0.41645050048828125,0.3828582763671875,0.366180419921875,2.9236221313476563,0.35675048828125,0.3274993896484375,0.8798675537109375,0.39348602294921875,0.36114501953125,2.9155349731445313,70.29019165039063,0.2277679443359375,34.302215576171875,0.27718353271484375,0.46661376953125,0.46062469482421875,0.37985992431640625,2.9108428955078125,0,206105.60791015625,216269.34008789063,0,34088599552,2147483648,8513384448,0
199,1787750688508,3500,3500,3500,3500,3500,3500,3500,3500,3500,3500,3500,3500,3500,3500,3500,3500,3500,3500,3500,3500,19.457046508789063,2.7760696411132813,2.9336471557617188,0.3988494873046875,0.1833648681640625,0.29868316650390625,2.8081436157226563,0.351409912109375,0.26975250244140625,0.2657623291015625,0.306671142578125,0.28421783447265625,67.63706970214844,0.151092529296875,18.96985626220703,2.7867431640625,0.4251861572265625,0.41750335693359375,0.3289642333984375,0.33260345458984375,0,206114.73211669922,216276.33660888672,0,34088599552,2147483648,8513384448,0
200,1787750688708,3500,3500,3500,3500,3500,3500,3500,3500,3500,3500,3500,3500,3500,3500,3500,3500,3500,3500,3500,3500,17.97136688232422,0.2593231201171875,0.34252166748046875,2.842742919921875,2.8017959594726563,0.34432220458984375,0.264129638671875,0.26122283935546875,0.3357696533203125,0.45011138916015625,0.33191680908203125,0.35626983642578125,38.45500183105469,2.7240524291992188,50.298622131347656,0.21668243408203125,2.9298324584960938,2.915435791015625,2.84423828125,0.3607177734375,0,206125.1778564453,216284.6561279297,0,34088599552,2147483648,8513384448,0
199,1787750688908,3500,3500,3500,3500,3500,3500,3500,3500,3500,3500,3500,3500,3500,3500,3500,3500,3500,3500,3500,3500,3.0015335083007813,0.21485137939453125,0.28675079345703125,0.27701568603515625,0.24510955810546875,0.22588348388671875,0.28615570068359375,2.7833328247070313,2.8118972778320313,2.8827438354492188,2.8379592895507813,0.2732696533203125,3.8551483154296875,0.25604248046875,27.827796936035156,0.30762481689453125,73.13446807861328,0.1665191650390625,0.3359832763671875,0.32769775390625,0,206134.0216064453,216291.3399658203,0,34088599552,2147483648,8513388544,0
200,1787750689108,3500,3500,3500,3500,3500,3500,3500,3500,3500,3500,3500,3500,3500,3500,3500,3500,3500,3500,3500,3500,4.02398681640625,0.25043487548828125,0.38790130615234375,0.3773040771484375,0.3331146240234375,0.40639495849609375,0.28897857666015625,0.36016082763671875,0.31726837158203125,0.26483154296875,0.3253173828125,0.36670684814453125,5.811431884765625,0.27587890625,5.7873382568359375,0.36065673828125,92.93802642822266,0.15546417236328125,0.36035919189453125,0.39745330810546875,0,206142.20977783203,216297.41632080078,0,34088599552,2147483648,8513519616,0
200,1787750689308,3500,3500,3500,3500,3500,3500,3500,3500,3500,3500,3500,3500,3500,3500,3500,3500,3500,3500,3500,3500,2.1429824829101563,0.29172515869140625,0.39398956298828125,0.40222930908203125,0.35828399658203125,2.8741378784179688,0.3784637451171875,0.36467742919921875,0.29766845703125,0.25986480712890625,0.3110504150390625,2.7742691040039063,3.1619186401367188,0.24503326416015625,2.8026809692382813,0.3152923583984375,100,0.1321258544921875,0.391845703125,2.9323196411132813,0,206150.849609375,216303.9344482422,0,34088599552,2147483648,8513519616,0
200,1787750689508,3500,3500,3500,3500,3500,3500,3500,3500,3500,3500,3500,3500,3500,3500,3500,3500,3500,3500,3500,3500,8.301437377929688,2.7757034301757813,2.7730026245117188,0.2620849609375,0.23830413818359375,0.21622467041015625,2.8166580200195313,0.19664764404296875,0.964263916015625,0.1928558349609375,0.2870025634765625,0.28485870361328125,7.4000091552734375,0.21527862548828125,2.0769195556640625,2.7819976806640625,100,0.09949493408203125,0.45677947998046875,0.4807586669921875,0,206160.44409179688,216311.37963867188,0,34088599552,2147483648,8513519616,0
199,1787750689709,3500,3500,3500,3500,3500,3500,3500,3500,3500,3500,3500,3500,3500,3500,3500,3500,3500,3500,3500,3500,14.234390258789063,0.24391937255859375,0.29965972900390625,0.29611968994140625,2.7877578735351563,0.28469085693359375,0.313079833984375,0.24951171875,0.33858489990234375,0.25604248046875,0.229248046875,0.32755279541015625,79.01346588134766,2.663848876953125,8.739570617675781,0.279052734375,13.480079650878906,2.77313232421875,3.2310333251953125,0.37107086181640625,0,206169.81762695313,216318.8921508789,0,34088599552,2147483648,8513507328,0
200,1787750689909,3500,3500,3500,3500,3500,3500,3500,3500,3500,3500,3500,3500,3500,3500,3500,3500,3500,3500,3500,3500,3.5066299438476563,0.29758453369140625,0.306182861328125,2.8592910766601563,0.29553985595703125,0.2851409912109375,0.2865447998046875,2.76544189453125,2.83074951171875,2.9289016723632813,2.9333953857421875,0.36699676513671875,8.949760437011719,0.2562103271484375,94.07073974609375,0.14817047119140625,0.34076690673828125,0.33001708984375,0.399383544921875,0.38278961181640625,0,206177.94799804688,216324.77423095703,0,34088599552,2147483648,8513507328,0
200,1787750690109,3500,3500,3500,3500,3500,3500,3500,3500,3500,3500,3500,3500,3500,3500,3500,3500,3500,3500,3500,3500,3.2368698120117188,0.1939697265625,0.23638153076171875,0.2946014404296875,0.26955413818359375,0.25807952880859375,0.2835235595703125,0.21826934814453125,0.28751373291015625,0.3180999755859375,0.280181884765625,0.29634857177734375,56.43143081665039,0.1426849365234375,47.74042892456055,0.1536102294921875,0.311614990234375,0.281982421875,0.26012420654296875,0.296295166015625,0,206187.2762451172,216331.9545288086,0,34088599552,2147483648,8513638400,0
200,1787750690310,3500,3500,3500,3500,3500,3500,3500,3500,3500,3500,3500,3500,3500,3500,3500,3500,3500,3500,3500,3500,22.83251190185547,0.23310089111328125,0.2788238525390625,0.28041839599609375,0.2722320556640625,2.8176116943359375,0.25646209716796875,0.2210693359375,0.7514572143554688,0.272979736328125,0.28755950927734375,2.83642578125,75.72277069091797,0.17584991455078125,4.1745758056640625,0.2551116943359375,9.8310546875,0.246124267578125,0.265594482421875,2.8015365600585938,0,206196.66436767578,216339.4998779297,0,34088599552,2147483648,8513638400,0
200,1787750690510,3500,3500,3500,3500,3500,3500,3500,3500,3500,3500,3500,3500,3500,3500,3500,3500,3500,3500,3500,3500,15.77239990234375,2.833038330078125,20.027877807617188,0.3057861328125,4.573554992675781,0.29674530029296875,2.8262939453125,0.31427764892578125,5.165596008300781,0.24105072021484375,0.306884765625,0.3072357177734375,48.42676544189453,0.22137451171875,61.233314514160156,2.7278976440429688,53.79545211791992,0.20888519287109375,20.80743408203125,0.28136444091796875,0,206208.47888183594,216348.6573486328,0,34088599552,2147483648,8541396992,0
200,1787750690710,3500,3500,3500,3500,3500,3500,3500,3500,3500,3500,3500,3500,3500,3500,3500,3500,3500,3500,3500,3500,41.18361282348633,0.27140045166015625,33.58770751953125,0.34244537353515625,3.4128570556640625,0.38330078125,0.29010772705078125,0.29305267333984375,3.1201553344726563,1.6578369140625,1.0024337768554688,0.5971832275390625,66.2143325805664,2.7387466430664063,100,0.12816619873046875,58.42455291748047,2.7813491821289063,39.276329040527344,0.2361297607421875,0,206222.04461669922,216360.0386352539,0,34088599552,2147483648,8555728896,0
200,1787750690911,3500,3500,3500,3500,3500,3500,3500,3500,3500,3500,3500,3500,3500,3500,3500,3500,3500,3500,3500,3500,26.44207000732422,0.3249053955078125,17.767578125,2.8565292358398438,0.34351348876953125,0.424774169921875,0.38910675048828125,1.6734466552734375,4.992515563964844,2.8722457885742188,2.917938232421875,0.384765625,39.68061447143555,0.25965118408203125,54.11201477050781,0.28863525390625,79.8648681640625,0.201385498046875,51.09685134887695,0.25521087646484375,0,206235.41485595703,216371.16912841797,0,34088599552,2147483648,8570040320,0
199,1787750691111,3500,3500,3500,3500,3500,3500,3500,3500,3500,3500,3500,3500,3500,3500,3500,3500,3500,3500,3500,3500,6.901008605957031,0.24823760986328125,0.8219757080078125,0.317962646484375,0.34281158447265625,0.2020263671875,0.2901153564453125,1.350494384765625,2.8097457885742188,0.29505157470703125,0.48285675048828125,0.2807769775390625,12.18292236328125,0.27439117431640625,29.025001525878906,0.2164459228515625,74.921630859375,0.13794708251953125,5.934852600097656,0.33358001708984375,0,206245.1903076172,216378.830078125,0,34088599552,2147483648,8531902464,0
200,1787750691311,3500,3500,3500,3500,3500,3500,3500,3500,3500,3500,3500,3500,3500,3500,3500,3500,3500,3500,3500,3500,2.4981231689453125,0.34795379638671875,0.38564300537109375,0.3989410400390625,0.369049072265625,2.8471832275390625,0.35695648193359375,0.38274383544921875,3.1912384033203125,0.377044677734375,0.3942413330078125,2.8460769653320313,35.25426483154297,0.2875213623046875,3.6942977905273438,0.38779449462890625,66.95599365234375,0.2873687744140625,0.4837188720703125,2.5992431640625,0,206254.15869140625,216385.6524658203,0,34088599552,2147483648,8531902464,0
200,1787750691511,3500,3500,3500,3500,3500,3500,3500,3500,3500,3500,3500,3500,3500,3500,3500,3500,3500,3500,3500,3500,5.184455871582031,2.7343597412109375,2.77069091796875,0.27016448974609375,0.24292755126953125,0.1750640869140625,2.1898269653320313,0.17845916748046875,0.5257949829101563,0.2880096435546875,0.18350982666015625,0.19820404052734375,80.36448669433594,0.13922882080078125,20.812530517578125,2.8147659301757813,0.2776641845703125,0.26107025146484375,0.3326873779296875,0.7577743530273438,0,206264.0574951172,216393.41796875,0,34088599552,2147483648,8530595840,0
200,1787750691712,3500,3500,3500,3500,3500,3500,3500,3500,3500,3500,3500,3500,3500,3500,3500,3500,3500,3500,3500,3500,10.597869873046875,0.278594970703125,0.31468963623046875,0.3381500244140625,2.8075332641601563,0.28972625732421875,0.946014404296875,0.3065032958984375,0.33969879150390625,0.3167877197265625,0.2826385498046875,0.27315521240234375,3.0672607421875,1.461669921875,70.38894653320313,0.18949127197265625,27.6783447265625,2.78497314453125,2.8863067626953125,0.3193817138671875,0,206273.92889404297,216401.15795898438,0,34088599552,2147483648,8530132992,0
200,1787750691912,3500,3500,3500,3500,3500,3500,3500,3500,3500,3500,3500,3500,3500,3500,3500,3500,3500,3500,3500,3500,10.604293823242188,0.251434326171875,0.29473114013671875,2.8328933715820313,0.36009979248046875,0.2391510009765625,0.22956085205078125,0.30611419677734375,0.309814453125,2.8678054809570313,1.1559982299804688,0.19530487060546875,25.60003662109375,1.5991973876953125,56.4467887878418,0.16175079345703125,14.854461669921875,0.27805328369140625,0.2907867431640625,0.30132293701171875,0,206282.28326416016,216407.36584472656,0,34088599552,2147483648,8530075648,0
200,1787750692113,3500,3500,3500,3500,3500,3500,3500,3500,3500,3500,3500,3500,3500,3500,3500,3500,3500,3500,3500,3500,7.877357482910156,0,0.01013946533203125,0,0,0,0,2.53375244140625,2.5539779663085938,0,1.52874755859375,0,50.7519645690918,0,48.89565658569336,0,0.03736114501953125,0,0.02826690673828125,0.00629425048828125,0,206290.76721191406,216413.72229003906,0,34088599552,2147483648,8530149376,0
200,1787750692313,3500,3500,3500,3500,3500,3500,3500,3500,3500,3500,3500,3500,3500,3500,3500,3500,3500,3500,3500,3500,10.76495361328125,0.5714950561523438,0.6008224487304688,0.619049072265625,0.5887222290039063,3.1124343872070313,0.6018218994140625,0.5948028564453125,1.0907974243164063,0.5688018798828125,0.607147216796875,3.0918731689453125,77.24508666992188,0.4680633544921875,12.794807434082031,0.5690994262695313,6.6724700927734375,0.60430908203125,0.5940017700195313,0.5941009521484375,0,206299.91619873047,216420.7353515625,0,34088599552,2147483648,8530112512,0
200,1787750692513,3500,3500,3500,3500,3500,3500,3500,3500,3500,3500,3500,3500,3500,3500,3500,3500,3500,3500,3500,3500,4.9288177490234375,2.7700119018554688,2.7599868774414063,0.2882232666015625,0.31879425048828125,0.31096649169921875,0.26662445068359375,0.1768798828125,0.693267822265625,0.8652114868164063,0.25385284423828125,0.25684356689453125,98.08826446533203,0.1156768798828125,4.5298614501953125,2.813262939453125,1.5324859619140625,0.24347686767578125,1.78204345703125,2.8196487426757813,0,206308.44207763672,216427.12243652344,0,34088599552,2147483648,8530001920,0
200,1787750692714,3500,3500,3500,3500,3500,3500,3500,3500,3500,3500,3500,3500,3500,3500,3500,3500,3500,3500,3500,3500,5.447822570800781,0.28951263427734375,0.31356048583984375,0.3334197998046875,2.8310928344726563,0.29280853271484375,2.8226089477539063,0.25702667236328125,0.398040771484375,0.27154541015625,0.2944488525390625,0.25667572021484375,55.006221771240234,0.22369384765625,42.82468795776367,0.23392486572265625,3.2651596069335938,2.793670654296875,7.249412536621094,0.38207244873046875,0,206317.65698242188,216434.19580078125,0,34088599552,2147483648,8530067456,0
200,1787750692914,3500,3500,3500,3500,3500,3500,3500,3500,3500,3500,3500,3500,3500,3500,3500,3500,3500,3500,3500,3500,9.627342224121094,0.224395751953125,0.3087310791015625,2.8365402221679688,0.3172149658203125,0.30388641357421875,0.2398223876953125,0.22374725341796875,0.2783203125,2.80767822265625,0.28955841064453125,0.23748016357421875,27.353805541992188,2.7389678955078125,8.317428588867188,0.270233154296875,0.2959442138671875,0.32016754150390625,58.93351364135742,0.2132568359375,0,206328.0132446289,216442.42486572266,0,34088599552,2147483648,8530067456,0
200,1787750693114,3500,3500,3500,3500,3500,3500,3500,3500,3500,3500,3500,3500,3500,3500,3500,3500,3500,3500,3500,3500,3.3184051513671875,0.24420928955078125,0.31107330322265625,0.27379608154296875,0.26784515380859375,0.271697998046875,0.31707000732421875,2.7154006958007813,2.7692718505859375,0.181549072265625,2.7777633666992188,0.32176971435546875,47.80100631713867,0.1634063720703125,1.4292831420898438,0.2976837158203125,54.90380096435547,0.18894195556640625,0.43849945068359375,0.4033203125,0,206337.41510009766,216449.69287109375,0,34088599552,2147483648,8530198528,0
200,1787750693315,3500,3500,3500,3500,3500,3500,3500,3500,3500,3500,3500,3500,3500,3500,3500,3500,3500,3500,3500,3500,8.186943054199219,0.2459716796875,51.73411560058594,0.189910888671875,0.28261566162109375,2.7905731201171875,0.23114776611328125,0.259002685546875,0.21007537841796875,0.202789306640625,0.2325439453125,2.8201751708984375,9.236038208007813,0.18431854248046875,9.077728271484375,0.28665924072265625,48.62004089355469,0.17218780517578125,0.7296829223632813,0.4112701416015625,0,206347.45831298828,216457.5912475586,0,34088599552,2147483648,8530333696,0
200,1787750693515,3500,3500,3500,3500,3500,3500,3500,3500,3500,3500,3500,3500,3500,3500,3500,3500,3500,3500,3500,3500,10.210906982421875,2.8622207641601563,11.139114379882813,0.3352508544921875,0.45607757568359375,0.4595184326171875,0.3744964599609375,0.38506317138671875,0.47377777099609375,0.37499237060546875,0.3507080078125,0.30129241943359375,17.77027130126953,0.31764984130859375,69.93396759033203,2.7482757568359375,0.33056640625,0.33699798583984375,0.36895751953125,2.826812744140625,0,206356.4569091797,216464.46166992188,0,34088599552,2147483648,8530333696,0
200,1787750693715,3500,3500,3500,3500,3500,3500,3500,3500,3500,3500,3500,3500,3500,3500,3500,3500,3500,3500,3500,3500,4.9688720703125,0.36972808837890625,0.308135986328125,0.31223297119140625,2.8318252563476563,0.2790374755859375,2.8431549072265625,0.3189697265625,0.44753265380859375,0.3208160400390625,0.37841033935546875,0.41030120849609375,27.86894989013672,0.24829864501953125,74.53112030029297,0.1649017333984375,2.8284835815429688,2.8439559936523438,2.8408584594726563,0.3051910400390625,0,206365.62469482422,216471.494140625,0,34088599552,2147483648,8530325504,0
200,1787750693916,3500,3500,3500,3500,3500,3500,3500,3500,3500,3500,3500,3500,3500,3500,3500,3500,3500,3500,3500,3500,10.497093200683594,0.265655517578125,0.28719329833984375,2.822540283203125,0.23926544189453125,0.31072998046875,0.30997467041015625,0.2950897216796875,0.47833251953125,2.874755859375,0.3245697021484375,0.49127960205078125,15.088447570800781,2.7115478515625,80.54856872558594,0.15191650390625,0.287841796875,0.31632232666015625,0.26905059814453125,0.320220947265625,0,206374.25646972656,216478.01708984375,0,34088599552,2147483648,8530325504,0
200,1787750694116,3500,3500,3500,3500,3500,3500,3500,3500,3500,3500,3500,3500,3500,3500,3500,3500,3500,3500,3500,3500,4.947296142578125,0.260772705078125,0.3049468994140625,0.26580810546875,0.23571014404296875,0.219085693359375,0.29766082763671875,2.8023834228515625,2.8481521606445313,0.3350982666015625,2.8876419067382813,0.301055908203125,45.06431198120117,0.17241668701171875,62.173057556152344,0.19727325439453125,0.44576263427734375,0.27434539794921875,0.39464569091796875,0.3036956787109375,0,206385.20922851563,216486.81939697266,0,34088599552,2147483648,8530735104,0
200,1787750694316,3500,3500,3500,3500,3500,3500,3500,3500,3500,3500,3500,3500,3500,3500,3500,3500,3500,3500,3500,3500,10.331451416015625,0.3023834228515625,0.3943634033203125,0.33905029296875,0.30432891845703125,2.83514404296875,0.298736572265625,0.30957794189453125,0.7217254638671875,0.48659515380859375,0.4997406005859375,2.9422149658203125,16.308860778808594,0.22588348388671875,78.7210464477539,0.1937103271484375,0.387115478515625,0.30272674560546875,0.31317138671875,0.34714508056640625,0,206393.53118896484,216493.00457763672,0,34088599552,2147483648,8530735104,0
200,1787750694516,3500,3500,3500,3500,3500,3500,3500,3500,3500,3500,3500,3500,3500,3500,3500,3500,3500,3500,3500,3500,2.3125076293945313,0.2235107421875,2.914398193359375,0.3804779052734375,1.5079345703125,0.2763671875,0.261077880859375,0.2664794921875,2.1955032348632813,0.32982635498046875,0.3491058349609375,0.34051513671875,100,0.12554168701171875,3.4775772094726563,2.8025436401367188,0.29230499267578125,0.34685516357421875,0.30979156494140625,2.85455322265625,0,206402.26489257813,216499.62481689453,0,34088599552,2147483648,8530735104,0
200,1787750694716,3500,3500,3500,3500,3500,3500,3500,3500,3500,3500,3500,3500,3500,3500,3500,3500,3500,3500,3500,3500,4.3491363525390625,2.8100814819335938,0.360992431640625,0.38657379150390625,2.7400894165039063,0.217315673828125,2.8101806640625,0.2728729248046875,0.46640777587890625,0.32677459716796875,0.33716583251953125,0.4585113525390625,66.9020004272461,0.15502166748046875,35.16260528564453,0.2156219482421875,3.5946197509765625,2.8288650512695313,2.8208694458007813,0.31458282470703125,0,206410.59509277344,216505.81616210938,0,34088599552,2147483648,8530882560,0
200,1787750694917,3500,3500,3500,3500,3500,3500,3500,3500,3500,3500,3500,3500,3500,3500,3500,3500,3500,3500,3500,3500,4.1905975341796875,0.3093719482421875,0.38149261474609375,2.9254226684570313,0.25067138671875,0.29923248291015625,0.3127593994140625,0.2913970947265625,0.49739837646484375,0.34850311279296875,0.36063385009765625,0.3609771728515625,4.2790985107421875,2.805084228515625,98.14373779296875,0.1492919921875,0.4194793701171875,0.40390777587890625,0.42028045654296875,0.42132568359375,0,206419.57550048828,216512.67944335938,0,34088599552,2147483648,8530882560,0
200,1787750695117,3500,3500,3500,3500,3500,3500,3500,3500,3500,3500,3500,3500,3500,3500,3500,3500,3500,3500,3500,3500,2.7708053588867188,0.2614898681640625,0.2623443603515625,0.26798248291015625,0.25580596923828125,0.205810546875,0.2120513916015625,2.7947540283203125,2.84564208984375,2.8642044067382813,2.8579177856445313,0.27835845947265625,6.1644287109375,0.28708648681640625,56.391021728515625,0.14649200439453125,43.772579193115234,0.21105194091796875,0.34267425537109375,0.3435211181640625,0,206429.29803466797,216520.40557861328,0,34088599552,2147483648,8531013632,0
200,1787750695317,3500,3500,3500,3500,3500,3500,3500,3500,3500,3500,3500,3500,3500,3500,3500,3500,3500,3500,3500,3500,2.6423721313476563,0.30701446533203125,0.3581695556640625,0.32567596435546875,0.357574462890625,2.876312255859375,0.32143402099609375,0.275421142578125,0.39969635009765625,0.43334197998046875,0.448211669921875,2.9586181640625,21.2147216796875,0.23309326171875,0.354827880859375,0.33486175537109375,80.98347473144531,0.188568115234375,0.329376220703125,0.348388671875,0,206438.43725585938,216527.30987548828,0,34088599552,2147483648,8531013632,0
200,1787750695518,3500,3500,3500,3500,3500,3500,3500,3500,3500,3500,3500,3500,3500,3500,3500,3500,3500,3500,3500,3500,8.399894714355469,0.2247772216796875,2.80047607421875,0.26129913330078125,0.33806610107421875,0.2489776611328125,0.2299652099609375,0.25206756591796875,0.296417236328125,0.282196044921875,0.24648284912109375,0.27136993408203125,71.45655059814453,0.1247100830078125,32.444435119628906,2.7550811767578125,0.5546722412109375,0.27187347412109375,0.2705230712890625,2.7802734375,0,206448.29486083984,216534.99896240234,0,34088599552,2147483648,8531480576,0
200,1787750695718,3500,3500,3500,3500,3500,3500,3500,3500,3500,3500,3500,3500,3500,3500,3500,3500,3500,3500,3500,3500,3.2762451171875,2.8077316284179688,0.2972412109375,0.29779052734375,2.9415740966796875,0.421112060546875,2.869659423828125,0.4478607177734375,0.24105072021484375,0.27608489990234375,0.335968017578125,0.252777099609375,100,0.12087249755859375,0.4720611572265625,0.30218505859375,2.7885665893554688,2.796600341796875,2.8283920288085938,0.33287811279296875,0,206456.56658935547,216541.14721679688,0,34088599552,2147483648,8531480576,0
200,1787750695919,3500,3500,3500,3500,3500,3500,3500,3500,3500,3500,3500,3500,3500,3500,3500,3500,3500,3500,3500,3500,10.749191284179688,0.2371368408203125,0.317962646484375,2.8632659912109375,0.4126739501953125,0.35927581787109375,0.35013580322265625,0.46508026123046875,0.26865386962890625,0.36386871337890625,0.26755523681640625,0.40648651123046875,24.777877807617188,2.7278900146484375,23.465164184570313,0.2649078369140625,47.68154525756836,0.18648529052734375,0.4004364013671875,0.3839569091796875,0,206464.3286743164,216546.79235839844,0,34088599552,2147483648,8531480576,0
200,1787750696119,3500,3500,3500,3500,3500,3500,3500,3500,3500,3500,3500,3500,3500,3500,3500,3500,3500,3500,3500,3500,10.729446411132813,0.3787841796875,0.267547607421875,0.33600616455078125,0.3942718505859375,0.3755340576171875,0.40502166748046875,2.9760589599609375,2.8499755859375,2.9350814819335938,2.855072021484375,0.35214996337890625,19.813674926757813,0.25290679931640625,77.36408233642578,0.14621734619140625,0.415863037109375,0.3892822265625,0.37823486328125,0.38338470458984375,0,206472.87896728516,216553.22332763672,0,34088599552,2147483648,8531546112,0
200,1787750696319,3500,3500,3500,3500,3500,3500,3500,3500,3500,3500,3500,3500,3500,3500,3500,3500,3500,3500,3500,3500,27.37140655517578,0.18968963623046875,0.39324951171875,0.4427337646484375,0.4748077392578125,0.445526123046875,0.4828338623046875,0.48088836669921875,0.35030364990234375,0.47121429443359375,0.384124755859375,2.8541641235351563,20.018348693847656,0.24805450439453125,50.874141693115234,0.17946624755859375,11.91156005859375,0.28166961669921875,0.36811065673828125,0.38387298583984375,0,206481.4188232422,216559.60485839844,0,34088599552,2147483648,8531824640,0
200,1787750696520,3500,3500,3500,3500,3500,3500,3500,3500,3500,3500,3500,3500,3500,3500,3500,3500,3500,3500,3500,3500,2.6360626220703125,0.28357696533203125,0.5465011596679688,0.555084228515625,0.3661956787109375,2.8498916625976563,0.26526641845703125,0.3182525634765625,1.0827713012695313,0.5269927978515625,0.4727630615234375,0.41419219970703125,2.457305908203125,0.2799835205078125,10.970306396484375,2.8006973266601563,92.1862564086914,0.17626190185546875,0.33875274658203125,2.8405609130859375,0,206491.4002685547,216567.4737548828,0,34088599552,2147483648,8531824640,0
200,1787750696720,3500,3500,3500,3500,3500,3500,3500,3500,3500,3500,3500,3500,3500,3500,3500,3500,3500,3500,3500,3500,2.9842300415039063,2.79547119140625,2.9023208618164063,0.38365936279296875,2.8697509765625,0.2030792236328125,2.7208404541015625,0.25949859619140625,0.35681915283203125,0.46218109130859375,0.38774871826171875,0.45439910888671875,63.478607177734375,0.15573883056640625,0.7237701416015625,0.225128173828125,40.203609466552734,2.754364013671875,2.7579574584960938,0.30005645751953125,0,206498.61248779297,216572.5542602539,0,34088599552,2147483648,8531824640,0
200,1787750696920,3500,3500,3500,3500,3500,3500,3500,3500,3500,3500,3500,3500,3500,3500,3500,3500,3500,3500,3500,3500,10.474021911621094,0.2152099609375,0.36881256103515625,2.8710708618164063,0.30715179443359375,0.199920654296875,0.27072906494140625,0.27182769775390625,0.3041534423828125,0.44321441650390625,0.34583282470703125,0.32384490966796875,35.36595153808594,2.7491989135742188,5.117835998535156,0.2342987060546875,72.88233947753906,0.13266754150390625,1.1800994873046875,0.25113677978515625,0,206508.19506835938,216579.98052978516,0,34088599552,2147483648,8532156416,0
200,1787750697121,3500,3500,3500,3500,3500,3500,3500,3500,3500,3500,3500,3500,3500,3500,3500,3500,3500,3500,3500,3500,3.312164306640625,0.3703460693359375,0.3857574462890625,0.3992767333984375,0.245330810546875,0.28045654296875,0.310333251953125,2.84478759765625,2.87591552734375,3.0330047607421875,2.9592742919921875,0.35169219970703125,33.658119201660156,0.250518798828125,47.50069046020508,0.2634429931640625,24.256301879882813,0.277862548828125,0.35906982421875,0.29097747802734375,0,206517.13928222656,216586.80810546875,0,34088599552,2147483648,8532221952,0
200,1787750697321,3500,3500,3500,3500,3500,3500,3500,3500,3500,3500,3500,3500,3500,3500,3500,3500,3500,3500,3500,3500,3.9217071533203125,0.23956298828125,0.30206298828125,0.31462860107421875,0.2624053955078125,0.192626953125,0.334930419921875,0.2899932861328125,0.3508453369140625,0.44610595703125,0.39862823486328125,2.84344482421875,62.168704986572266,0.20001220703125,38.91020584106445,0.25522613525390625,0.36695098876953125,0.3480987548828125,0.307098388671875,0.2896881103515625,0,206525.22357177734,216592.76837158203,0,34088599552,2147483648,8532221952,0
200,1787750697522,3500,3500,3500,3500,3500,3500,3500,3500,3500,3500,3500,3500,3500,3500,3500,3500,3500,3500,3500,3500,2.91436767578125,0.248687744140625,0.29669189453125,0.28186798095703125,0.264404296875,2.7830429077148438,0.242401123046875,0.25128173828125,0.7270584106445313,0.33007049560546875,0.38181304931640625,0.3063201904296875,19.441268920898438,0.21166229248046875,3.1319732666015625,2.7730636596679688,82.48438262939453,0.135223388671875,0.3246307373046875,2.8352813720703125,0,206534.0369873047,216599.4461669922,0,34088599552,2147483648,8532221952,0
200,1787750697722,3500,3500,3500,3500,3500,3500,3500,3500,3500,3500,3500,3500,3500,3500,3500,3500,3500,3500,3500,3500,3.5655670166015625,2.858734130859375,22.97522735595703,0.3282318115234375,2.7438507080078125,0.298614501953125,2.78643798828125,0.21260833740234375,0.366180419921875,0.28321075439453125,0.30818939208984375,0.29163360595703125,10.825035095214844,0.21051025390625,1.4941864013671875,0.2695465087890625,74.60391235351563,2.6763916015625,3.0052261352539063,0.31866455078125,0,206542.65057373047,216605.92645263672,0,34088599552,2147483648,8532606976,0
200,1787750697922,3500,3500,3500,3500,3500,3500,3500,3500,3500,3500,3500,3500,3500,3500,3500,3500,3500,3500,3500,3500,5.8893280029296875,0.24614715576171875,100,2.696044921875,0.39452362060546875,0.26507568359375,0.3935699462890625,0.3374176025390625,0.26692962646484375,0.329376220703125,0.31803131103515625,0.268524169921875,2.9287490844726563,2.7381591796875,0.44757843017578125,0.28096771240234375,0.286163330078125,0.3321685791015625,0.3087921142578125,0.3188323974609375,0,206551.22680664063,216612.37884521484,0,34088599552,2147483648,8532606976,0
200,1787750698123,3500,3500,3500,3500,3500,3500,3500,3500,3500,3500,3500,3500,3500,3500,3500,3500,3500,3500,3500,3500,7.838584899902344,0.250335693359375,6.60333251953125,0.32123565673828125,0.407257080078125,0.354766845703125,0.41214752197265625,2.7962875366210938,2.7815628051757813,2.732513427734375,2.7859573364257813,0.29758453369140625,30.317886352539063,0.19998931884765625,16.965713500976563,0.1927490234375,47.106414794921875,0.20577239990234375,0.26490020751953125,0.27448272705078125,0,206559.75158691406,216618.76489257813,0,34088599552,2147483648,8532668416,0
200,1787750698323,3500,3500,3500,3500,3500,3500,3500,3500,3500,3500,3500,3500,3500,3500,3500,3500,3500,3500,3500,3500,3.8117141723632813,0.232421875,0.40747833251953125,0.40853118896484375,0.27851104736328125,0.3169097900390625,0.3119659423828125,0.27486419677734375,0.8087158203125,0.40338897705078125,0.36363983154296875,2.8761749267578125,38.33297348022461,0.19033050537109375,1.7847061157226563,0.30092620849609375,62.90993881225586,0.19283294677734375,0.31151580810546875,0.30716705322265625,0,206569.67993164063,216626.55670166016,0,34088599552,2147483648,8532791296,0
200,1787750698523,3500,3500,3500,3500,3500,3500,3500,3500,3500,3500,3500,3500,3500,3500,3500,3500,3500,3500,3500,3500,4.38714599609375,0.25485992431640625,0.42139434814453125,0.42783355712890625,0.27123260498046875,2.8067245483398438,0.2719268798828125,0.30706024169921875,0.38636016845703125,0.34339141845703125,0.41036224365234375,0.32208251953125,73.71351623535156,0.18050384521484375,30.1158447265625,2.7728347778320313,0.5988006591796875,0.2923431396484375,0.32767486572265625,2.7983856201171875,0,206578.94842529297,216633.69482421875,0,34088599552,2147483648,8532783104,0
200,1787750698723,3500,3500,3500,3500,3500,3500,3500,3500,3500,3500,3500,3500,3500,3500,3500,3500,3500,3500,3500,3500,2.4812240600585938,2.8257217407226563,2.9212799072265625,0.38150787353515625,2.8197784423828125,0.30199432373046875,2.7861099243164063,0.25833892822265625,0.436004638671875,0.394500732421875,0.5257110595703125,0.3680267333984375,32.29442596435547,0.244354248046875,69.38761138916016,0.19580078125,0.31552886962890625,2.8385086059570313,2.9046401977539063,0.36997222900390625,0,206587.66271972656,216640.28662109375,0,34088599552,2147483648,8532783104,0
200,1787750698924,3500,3500,3500,3500,3500,3500,3500,3500,3500,3500,3500,3500,3500,3500,3500,3500,3500,3500,3500,3500,7.1478424072265625,0.26259613037109375,0.38893890380859375,2.90625,0.234771728515625,0.3066864013671875,0.26309967041015625,0.2225494384765625,0.43238067626953125,0.3346710205078125,0.46988677978515625,0.34334564208984375,31.642059326171875,2.7528762817382813,68.17753601074219,0.1859893798828125,2.8461990356445313,0.2693328857421875,0.27596282958984375,0.31282806396484375,0,206597.02215576172,216647.5281982422,0,34088599552,2147483648,8532783104,0
200,1787750699124,3500,3500,3500,3500,3500,3500,3500,3500,3500,3500,3500,3500,3500,3500,3500,3500,3500,3500,3500,3500,11.590545654296875,0.3064117431640625,0.34395599365234375,0.36267852783203125,0.21169281005859375,0.20505523681640625,0.234710693359375,2.7725677490234375,2.87701416015625,2.7757110595703125,2.8244400024414063,0.20340728759765625,37.03862380981445,0.18468475341796875,52.55183410644531,0.16336822509765625,9.757431030273438,0.240753173828125,0.22882080078125,0.27974700927734375,0,206607.11328125,216655.4666748047,0,34088599552,2147483648,8532910080,0
199,1787750699325,3500,3500,3500,3500,3500,3500,3500,3500,3500,3500,3500,3500,3500,3500,3500,3500,3500,3500,3500,3500,10.498878479003906,0.24004364013671875,0.4274444580078125,0.427093505859375,0.328399658203125,0.31528472900390625,0.3148345947265625,0.31887054443359375,0.347808837890625,0.3014068603515625,0.27870941162109375,0.3072509765625,31.22919464111328,0.2287139892578125,63.06440734863281,0.22412109375,0.36003875732421875,0.34212493896484375,0.3585357666015625,0.4228515625,0,206615.1336669922,216661.37493896484,0,34088599552,2147483648,8532910080,0
200,1787750699525,3500,3500,3500,3500,3500,3500,3500,3500,3500,3500,3500,3500,3500,3500,3500,3500,3500,3500,3500,3500,3.5776214599609375,0.26355743408203125,0.39273834228515625,0.3961334228515625,0.25815582275390625,2.8021469116210938,0.30629730224609375,0.2632598876953125,0.41463470458984375,0.23656463623046875,0.27925872802734375,2.79534912109375,49.049503326416016,0.20916748046875,55.38643264770508,2.7162094116210938,0.29180145263671875,0.3052978515625,0.35089111328125,2.9172286987304688,0,206624.37927246094,216668.50030517578,0,34088599552,2147483648,8533499904,0
200,1787750699725,3500,3500,3500,3500,3500,3500,3500,3500,3500,3500,3500,3500,3500,3500,3500,3500,3500,3500,3500,3500,2.504791259765625,2.8144454956054688,2.9105758666992188,0.37969207763671875,0.228485107421875,0.27602386474609375,2.7860031127929688,0.336090087890625,0.31783294677734375,0.29138946533203125,0.28450775146484375,0.27577972412109375,2.5634613037109375,0.30207061767578125,84.31927490234375,0.17450714111328125,16.056076049804688,2.8162384033203125,2.8922195434570313,0.37445068359375,0,206633.59704589844,216675.59283447266,0,34088599552,2147483648,8533499904,0
200,1787750699925,3500,3500,3500,3500,3500,3500,3500,3500,3500,3500,3500,3500,3500,3500,3500,3500,3500,3500,3500,3500,5.4586944580078125,0.206787109375,0.33052825927734375,2.8798599243164063,2.7901229858398438,0.19181060791015625,0.2751007080078125,0.1996002197265625,0.27260589599609375,0.25243377685546875,0.24993133544921875,0.18161773681640625,23.74407196044922,2.709625244140625,38.297122955322266,0.19170379638671875,44.33338928222656,0.24129486083984375,0.27320098876953125,0.30011749267578125,0,206642.61791992188,216682.48754882813,0,34088599552,2147483648,8533614592,0
200,1787750700126,3500,3500,3500,3500,3500,3500,3500,3500,3500,3500,3500,3500,3500,3500,3500,3500,3500,3500,3500,3500,8.783432006835938,0.2677154541015625,0.40003204345703125,0.43384552001953125,3.4595870971679688,0.2390899658203125,0.32342529296875,2.8208160400390625,5.2599029541015625,5.321746826171875,2.7981719970703125,0.30602264404296875,44.94818878173828,0.29425048828125,33.96405792236328,0.255950927734375,22.812156677246094,0.27445220947265625,0.327667236328125,0.34043121337890625,0,206651.22033691406,216689.1421508789,0,34088599552,2147483648,8538058752,0
200,1787750700326,3500,3500,3500,3500,3500,3500,3500,3500,3500,3500,3500,3500,3500,3500,3500,3500,3500,3500,3500,3500,9.917320251464844,0.24634552001953125,0.42575836181640625,0.44252777099609375,0.33158111572265625,0.3073272705078125,0.33008575439453125,0.30094146728515625,0.7446136474609375,0.31037139892578125,0.38738250732421875,0.4116363525390625,48.45584487915039,0.233917236328125,45.414546966552734,0.24748992919921875,0.336273193359375,0.33048248291015625,0.40250396728515625,0.418121337890625,0,206659.35278320313,216695.3690185547,0,34088599552,2147483648,8538128384,0
200,1787750700527,3500,3500,3500,3500,3500,3500,3500,3500,3500,3500,3500,3500,3500,3500,3500,3500,3500,3500,3500,3500,5.05535888671875,0.1893310546875,0.31976318359375,0.34374237060546875,0.305023193359375,2.8373031616210938,0.318267822265625,0.207916259765625,0.266357421875,0.24158477783203125,0.19911956787109375,2.7413864135742188,35.24573516845703,0.13198089599609375,60.17753219604492,0.14801788330078125,13.220375061035156,0.21720123291015625,0.30413055419921875,2.8437957763671875,0,206670.1088256836,216703.57049560547,0,34088599552,2147483648,8542081024,0
200,1787750700727,3500,3500,3500,3500,3500,3500,3500,3500,3500,3500,3500,3500,3500,3500,3500,3500,3500,3500,3500,3500,17.25910186767578,2.8543853759765625,2.8769912719726563,0.404541015625,0.5243377685546875,0.4319305419921875,3.0381011962890625,0.45932769775390625,0.35175323486328125,0.35289764404296875,0.29926300048828125,0.3697662353515625,17.4010009765625,0.3248138427734375,37.35527420043945,2.8260955810546875,32.17597198486328,0.30001068115234375,2.9564743041992188,0.3581390380859375,0,206679.0054321289,216710.77056884766,0,34088599552,2147483648,8542138368,0
200,1787750700927,3500,3500,3500,3500,3500,3500,3500,3500,3500,3500,3500,3500,3500,3500,3500,3500,3500,3500,3500,3500,5.528251647949219,0.2803802490234375,0.33234405517578125,2.8570709228515625,2.7914276123046875,0.2816314697265625,0.34961700439453125,0.305389404296875,1.7814178466796875,0.3534088134765625,0.19881439208984375,0.2827301025390625,2.602294921875,2.8305130004882813,10.992805480957031,0.2496795654296875,10.430999755859375,2.8651046752929688,82.65631866455078,0.15648651123046875,0,206688.34020996094,216718.0303955078,0,34088599552,2147483648,8542011392,0
200,1787750701128,3500,3500,3500,3500,3500,3500,3500,3500,3500,3500,3500,3500,3500,3500,3500,3500,3500,3500,3500,3500,10.604721069335938,0.2211151123046875,0.2940216064453125,0.25726318359375,0.25916290283203125,0.2172698974609375,0.23020172119140625,2.7727584838867188,2.78125,2.8073654174804688,2.8088607788085938,0.25147247314453125,42.42353439331055,0.14466094970703125,43.54203414916992,0.18820953369140625,1.0359115600585938,0.3887939453125,11.667449951171875,0.37306976318359375,0,206698.26434326172,216725.34423828125,0,34088599552,2147483648,8540971008,0
199,1787750701328,3500,3500,3500,3500,3500,3500,3500,3500,3500,3500,3500,3500,3500,3500,3500,3500,3500,3500,3500,3500,13.458610534667969,0.27492523193359375,0.2982177734375,0.30960845947265625,0.28347015380859375,0.2602386474609375,0.30455780029296875,0.26513671875,3.105865478515625,0.2842254638671875,0.29087066650390625,0.28127288818359375,44.5633659362793,0.17069244384765625,48.337310791015625,0.20447540283203125,0.722900390625,0.42113494873046875,0.42163848876953125,0.38995361328125,0,206707.8578491211,216732.78973388672,0,34088599552,2147483648,8541560832,0
200,1787750701528,3500,3500,3500,3500,3500,3500,3500,3500,3500,3500,3500,3500,3500,3500,3500,3500,3500,3500,3500,3500,7.53326416015625,0.28137969970703125,0.3345947265625,0.32115936279296875,0.26209259033203125,2.7744293212890625,0.32375335693359375,0.3082122802734375,0.5812530517578125,0.23606109619140625,0.258697509765625,2.882415771484375,72.68016052246094,0.18824005126953125,27.049156188964844,0.35063934326171875,0.3836212158203125,0.344940185546875,0.42624664306640625,2.9390792846679688,0,206717.82110595703,216740.64697265625,0,34088599552,2147483648,8541589504,0
200,1787750701728,3500,3500,3500,3500,3500,3500,3500,3500,3500,3500,3500,3500,3500,3500,3500,3500,3500,3500,3500,3500,1.59027099609375,2.7418289184570313,2.76397705078125,0.28964996337890625,0.27313232421875,0.22913360595703125,2.7981491088867188,0.2364654541015625,0.30261993408203125,0.15894317626953125,0.194610595703125,0.29857635498046875,6.522712707519531,0.20074462890625,95.76099395751953,2.6151580810546875,0.2752838134765625,0.26749420166015625,2.8841552734375,0.36507415771484375,0,206726.41705322266,216747.11254882813,0,34088599552,2147483648,8541589504,0
200,1787750701929,3500,3500,3500,3500,3500,3500,3500,3500,3500,3500,3500,3500,3500,3500,3500,3500,3500,3500,3500,3500,14.8597412109375,0.2822418212890625,0.30286407470703125,2.800323486328125,2.7166976928710938,0.2312164306640625,0.35713958740234375,0.2622222900390625,0.26871490478515625,0.32568359375,0.23625946044921875,0.237060546875,39.336605072021484,2.7121505737304688,46.17292785644531,0.21494293212890625,29.61847686767578,2.7571334838867188,0.28594207763671875,0.30106353759765625,0,206734.22784423828,216752.76861572266,0,34088599552,2147483648,8541548544,0
200,1787750702129,3500,3500,3500,3500,3500,3500,3500,3500,3500,3500,3500,3500,3500,3500,3500,3500,3500,3500,3500,3500,3.4122161865234375,0.38165283203125,0.4689178466796875,0.4720611572265625,0.41777801513671875,0.446563720703125,0.49301910400390625,3.03759765625,2.8896560668945313,2.9138565063476563,2.8593215942382813,0.34697723388671875,7.616973876953125,0.34163665771484375,54.373680114746094,0.2705841064453125,41.31657791137695,0.31114959716796875,0.37102508544921875,0.38394927978515625,0,206743.14715576172,216759.56408691406,0,34088599552,2147483648,8541679616,0
199,1787750702329,3500,3500,3500,3500,3500,3500,3500,3500,3500,3500,3500,3500,3500,3500,3500,3500,3500,3500,3500,3500,8.769088745117188,0.297760009765625,0.4234771728515625,0.4251708984375,0.48361968994140625,0.45696258544921875,0.48441314697265625,0.5008392333984375,0.8634719848632813,0.3171234130859375,0.3490142822265625,0.2701568603515625,9.112510681152344,0.233673095703125,89.9037857055664,0.16315460205078125,1.0210342407226563,0.31517791748046875,0.3049468994140625,0.34137725830078125,0,206750.783203125,216765.5303955078,0,34088599552,2147483648,8541745152,0
200,1787750702529,3500,3500,3500,3500,3500,3500,3500,3500,3500,3500,3500,3500,3500,3500,3500,3500,3500,3500,3500,3500,2.3050079345703125,0.26840972900390625,0.39081573486328125,0.3938140869140625,0.439697265625,2.9162979125976563,0.45899200439453125,0.409210205078125,1.6883163452148438,0.31394195556640625,0.1949310302734375,2.865814208984375,71.7308349609375,0.161346435546875,31.931198120117188,0.22037506103515625,0.31578826904296875,0.29329681396484375,0.2772064208984375,2.8389205932617188,0,206760.4852294922,216772.85577392578,0,34088599552,2147483648,8542085120,0
200,1787750702730,3500,3500,3500,3500,3500,3500,3500,3500,3500,3500,3500,3500,3500,3500,3500,3500,3500,3500,3500,3500,2.6497726440429688,2.8314743041992188,2.9002151489257813,0.38048553466796875,0.30400848388671875,0.28798675537109375,2.8638229370117188,0.23502349853515625,0.29337310791015625,0.225433349609375,0.22203826904296875,0.2717132568359375,25.571243286132813,0.20986175537109375,77.66677856445313,2.68426513671875,0.35137939453125,0.373748779296875,2.6454238891601563,0.2684173583984375,0,206769.2843017578,216779.76763916016,0,34088599552,2147483648,8542924800,0
200,1787750702930,3500,3500,3500,3500,3500,3500,3500,3500,3500,3500,3500,3500,3500,3500,3500,3500,3500,3500,3500,3500,4.583992004394531,0.251800537109375,0.38014984130859375,2.8844375610351563,2.67047119140625,0.292236328125,0.3188934326171875,0.2433624267578125,0.22634124755859375,0.27686309814453125,0.33636474609375,0.29633331298828125,10.007308959960938,2.6948318481445313,6.56695556640625,0.2395172119140625,18.30596923828125,2.8431472778320313,71.60889434814453,0.15280914306640625,0,206778.32055664063,216786.22241210938,0,34088599552,2147483648,8542883840,0
200,1787750703131,3500,3500,3500,3500,3500,3500,3500,3500,3500,3500,3500,3500,3500,3500,3500,3500,3500,3500,3500,3500,4.953910827636719,0.201934814453125,0.329345703125,0.3368377685546875,0.16948699951171875,0.22713470458984375,0.28643035888671875,2.652008056640625,2.7302703857421875,2.7505340576171875,2.67816162109375,0.16794586181640625,4.099922180175781,0.18256378173828125,58.76548385620117,0.11733245849609375,0.26935577392578125,0.1940460205078125,38.86603927612305,0.1599578857421875,0,206787.45849609375,216793.25299072266,0,34088599552,2147483648,8543006720,0
200,1787750703331,3500,3500,3500,3500,3500,3500,3500,3500,3500,3500,3500,3500,3500,3500,3500,3500,3500,3500,3500,3500,25.131126403808594,0.338134765625,0.4747467041015625,0.49106597900390625,0.3085479736328125,0.31992340087890625,0.43453216552734375,0.34896087646484375,0.3939666748046875,0.4662628173828125,0.42879486083984375,0.42580413818359375,34.24302673339844,0.3575439453125,49.601890563964844,0.29058837890625,0.48313140869140625,0.38533782958984375,0.365875244140625,0.41632080078125,0,206795.9058227539,216799.5711669922,0,34088599552,2147483648,8543006720,0
200,1787750703531,3500,3500,3500,3500,3500,3500,3500,3500,3500,3500,3500,3500,3500,3500,3500,3500,3500,3500,3500,3500,4.250099182128906,0.308990478515625,0.416015625,0.41461944580078125,0.33998870849609375,2.8124160766601563,0.27614593505859375,0.37752532958984375,0.40084075927734375,0.4458160400390625,0.39749908447265625,2.8791580200195313,37.36328125,0.1850433349609375,5.569084167480469,0.2786407470703125,64.73321533203125,0.1802520751953125,0.34423065185546875,2.8866958618164063,0,206804.54052734375,216806.06280517578,0,34088599552,2147483648,8544186368,0
200,1787750703731,3500,3500,3500,3500,3500,3500,3500,3500,3500,3500,3500,3500,3500,3500,3500,3500,3500,3500,3500,3500,3.4134292602539063,2.8212890625,2.8963623046875,0.376708984375,0.44638824462890625,0.379302978515625,2.908538818359375,0.45227813720703125,0.5306472778320313,0.5378799438476563,0.452178955078125,0.41094970703125,2.415130615234375,0.23235321044921875,0.372314453125,2.7967300415039063,100,0.15024566650390625,0.42901611328125,0.43990325927734375,0,206813.2939453125,216812.71447753906,0,34088599552,2147483648,8544305152,0
199,1787750703932,3500,3500,3500,3500,3500,3500,3500,3500,3500,3500,3500,3500,3500,3500,3500,3500,3500,3500,3500,3500,12.099678039550781,0.2942657470703125,0.2604827880859375,2.8302841186523438,2.8252410888671875,0.29306793212890625,0.30564117431640625,0.24930572509765625,0.4733123779296875,0.47710418701171875,0.4611358642578125,0.38718414306640625,54.44404983520508,2.7033843994140625,19.57099151611328,0.278045654296875,23.138206481933594,2.801239013671875,2.807525634765625,0.308837890625,0,206823.37664794922,216820.6572265625,0,34088599552,2147483648,8544301056,0
200,1787750704132,3500,3500,3500,3500,3500,3500,3500,3500,3500,3500,3500,3500,3500,3500,3500,3500,3500,3500,3500,3500,3.993804931640625,0.19156646728515625,0.27268218994140625,0.2647857666015625,0.215911865234375,0.21460723876953125,0.2454986572265625,2.8285980224609375,2.93585205078125,2.9193115234375,2.87432861328125,0.33051300048828125,4.138496398925781,0.27863311767578125,64.63319396972656,0.1473388671875,34.37457275390625,0.225555419921875,0.27203369140625,0.31166839599609375,0,206832.18530273438,216827.34240722656,0,34088599552,2147483648,8544989184,0
199,1787750704332,3500,3500,3500,3500,3500,3500,3500,3500,3500,3500,3500,3500,3500,3500,3500,3500,3500,3500,3500,3500,4.9113311767578125,0.2549285888671875,0.302337646484375,0.3078765869140625,0.28694915771484375,0.21695709228515625,0.310028076171875,0.2805023193359375,1.02569580078125,0.4365692138671875,0.46453857421875,0.4459075927734375,32.09503936767578,0.2465362548828125,26.973892211914063,0.21236419677734375,46.35655212402344,0.22345733642578125,0.5848846435546875,0.341400146484375,0,206841.21746826172,216834.2456665039,0,34088599552,2147483648,8545824768,0
200,1787750704532,3500,3500,3500,3500,3500,3500,3500,3500,3500,3500,3500,3500,3500,3500,3500,3500,3500,3500,3500,3500,10.430595397949219,0.26229095458984375,0.28887939453125,0.29302215576171875,0.452606201171875,2.9077606201171875,0.4496612548828125,0.41806793212890625,0.34740447998046875,0.337554931640625,0.26918792724609375,2.8539810180664063,70.84030151367188,0.16378021240234375,26.577354431152344,0.22080230712890625,0.34345245361328125,0.29042816162109375,0.327911376953125,2.8087005615234375,0,206851.4100341797,216842.31787109375,0,34088599552,2147483648,8545804288,0
200,1787750704732,3500,3500,3500,3500,3500,3500,3500,3500,3500,3500,3500,3500,3500,3500,3500,3500,3500,3500,3500,3500,18.454940795898438,2.7838211059570313,2.80963134765625,0.31038665771484375,0.45809173583984375,0.34958648681640625,2.9560928344726563,0.40366363525390625,0.35857391357421875,0.30938720703125,0.28052520751953125,0.29376220703125,17.846900939941406,0.285675048828125,68.82647705078125,2.7152557373046875,0.3258209228515625,0.30938720703125,0.31638336181640625,0.3031463623046875,0,206860.87042236328,216849.6616821289,0,34088599552,2147483648,8546394112,0
200,1787750704933,3500,3500,3500,3500,3500,3500,3500,3500,3500,3500,3500,3500,3500,3500,3500,3500,3500,3500,3500,3500,7.1435394287109375,0.3592529296875,0.3044891357421875,2.7957992553710938,2.8453750610351563,0.2435302734375,0.22965240478515625,0.2503204345703125,0.23389434814453125,0.252166748046875,0.26604461669921875,0.32465362548828125,10.695045471191406,2.7359390258789063,89.45238494873047,0.13214874267578125,2.8079299926757813,2.7725830078125,2.784820556640625,0.27907562255859375,0,206870.4965209961,216857.16259765625,0,34088599552,2147483648,8546308096,0
200,1787750705133,3500,3500,3500,3500,3500,3500,3500,3500,3500,3500,3500,3500,3500,3500,3500,3500,3500,3500,3500,3500,3.4999160766601563,0.24320220947265625,0.26711273193359375,0.29412078857421875,0.2681121826171875,0.278900146484375,0.24021148681640625,2.7685546875,2.7731475830078125,2.7493896484375,2.8498764038085938,0.190887451171875,5.389549255371094,0.20990753173828125,7.6334075927734375,0.26247406005859375,0.49834442138671875,0.303558349609375,93.75389099121094,0.118255615234375,0,206880.0067138672,216864.5249633789,0,34088599552,2147483648,8546861056,0
200,1787750705333,3500,3500,3500,3500,3500,3500,3500,3500,3500,3500,3500,3500,3500,3500,3500,3500,3500,3500,3500,3500,9.936599731445313,0.24948883056640625,0.38843536376953125,0.331298828125,0.2545318603515625,0.285797119140625,0.28424835205078125,0.340087890625,0.22470855712890625,0.2805023193359375,0.3533782958984375,0.27640533447265625,13.306022644042969,0.2386474609375,0.38658905029296875,0.34418487548828125,26.012924194335938,0.34123992919921875,58.53099060058594,0.19244384765625,0,206889.22143554688,216871.62268066406,0,34088599552,2147483648,8546852864,0
200,1787750705534,3500,3500,3500,3500,3500,3500,3500,3500,3500,3500,3500,3500,3500,3500,3500,3500,3500,3500,3500,3500,39.49874496459961,0.16335296630859375,0.3342437744140625,0.2999420166015625,0.28311920166015625,2.8071212768554688,0.3195648193359375,0.3124237060546875,0.3063812255859375,0.2723846435546875,0.23748779296875,2.8798141479492188,3.8524322509765625,0.227752685546875,27.42333221435547,0.2051849365234375,36.85566711425781,0.209228515625,0.28466796875,2.8331832885742188,0,206898.26861572266,216878.54766845703,0,34088599552,2147483648,8546975744,0
200,1787750705734,3500,3500,3500,3500,3500,3500,3500,3500,3500,3500,3500,3500,3500,3500,3500,3500,3500,3500,3500,3500,13.370796203613281,2.623992919921875,2.7220306396484375,0.21772003173828125,0.21508026123046875,0.17398834228515625,2.7282638549804688,0.193389892578125,0.26773834228515625,0.18161773681640625,0.17174530029296875,0.177032470703125,70.28533935546875,0.08228302001953125,14.18792724609375,2.6552581787109375,14.1484375,0.25432586669921875,0.20485687255859375,0.21028900146484375,0,206908.0819091797,216886.2007446289,0,34088599552,2147483648,8548077568,0
200,1787750705935,3500,3500,3500,3500,3500,3500,3500,3500,3500,3500,3500,3500,3500,3500,3500,3500,3500,3500,3500,3500,21.269996643066406,0.3643646240234375,0.37299346923828125,0.40301513671875,2.8703536987304688,0.33579254150390625,0.410400390625,0.37000274658203125,0.3838653564453125,0.38201904296875,0.338134765625,0.37818145751953125,70.63836669921875,2.7932968139648438,16.869415283203125,0.34506988525390625,3.1835479736328125,3.0124359130859375,2.9239120483398438,0.35832977294921875,0,206916.8579711914,216892.85968017578,0,34088599552,2147483648,8548126720,0
200,1787750706135,3500,3500,3500,3500,3500,3500,3500,3500,3500,3500,3500,3500,3500,3500,3500,3500,3500,3500,3500,3500,15.356040954589844,0.33036041259765625,0.44384002685546875,2.941619873046875,0.2977447509765625,0.31262969970703125,0.36547088623046875,0.31122589111328125,2.8494644165039063,2.8454208374023438,2.8858795166015625,0.34759521484375,4.419700622558594,0.2614288330078125,86.81327819824219,0.1949005126953125,0.4729156494140625,0.45478057861328125,0.34114837646484375,0.3649749755859375,0,206927.15258789063,216901.03253173828,0,34088599552,2147483648,8548253696,0
200,1787750706335,3500,3500,3500,3500,3500,3500,3500,3500,3500,3500,3500,3500,3500,3500,3500,3500,3500,3500,3500,3500,3.2156906127929688,0.29241943359375,0.3907012939453125,0.3976898193359375,0.276947021484375,0.19821929931640625,0.340362548828125,2.8590087890625,0.8794937133789063,0.2846832275390625,0.32454681396484375,0.2737579345703125,4.964805603027344,0.20116424560546875,26.452590942382813,0.32684326171875,73.97642517089844,0.19762420654296875,0.2804412841796875,0.33063507080078125,0,206937.30987548828,216909.04705810547,0,34088599552,2147483648,8548458496,0
199,1787750706536,3500,3500,3500,3500,3500,3500,3500,3500,3500,3500,3500,3500,3500,3500,3500,3500,3500,3500,3500,3500,11.260124206542969,0.1680145263671875,4.064720153808594,0.2916717529296875,0.20165252685546875,2.7059707641601563,0.28238677978515625,0.2024993896484375,0.24072265625,0.18817901611328125,0.24596405029296875,2.724639892578125,17.351272583007813,0.20709228515625,47.94643020629883,0.2014007568359375,44.4277229309082,0.1643218994140625,4.937492370605469,2.7240371704101563,0,206946.0780029297,216915.6597290039,0,34088599552,2147483648,8548995072,0
200,1787750706736,3500,3500,3500,3500,3500,3500,3500,3500,3500,3500,3500,3500,3500,3500,3500,3500,3500,3500,3500,3500,7.3889007568359375,2.8082809448242188,2.86328125,0.35898590087890625,0.27201080322265625,0.30408477783203125,2.8596343994140625,0.3426971435546875,1.2512969970703125,0.31227874755859375,0.33355712890625,0.30377960205078125,16.317337036132813,0.2608184814453125,81.15812683105469,2.7221527099609375,0.3590850830078125,0.3578338623046875,0.3791656494140625,0.34859466552734375,0,206955.73120117188,216923.1875,0,34088599552,2147483648,8548986880,0
200,1787750706936,3500,3500,3500,3500,3500,3500,3500,3500,3500,3500,3500,3500,3500,3500,3500,3500,3500,3500,3500,3500,11.731605529785156,0.1846160888671875,3.7238388061523438,0.24648284912109375,2.7430572509765625,0.2462310791015625,0.1975555419921875,0.19760894775390625,0.3950653076171875,0.159423828125,0.22174835205078125,0.184661865234375,8.590538024902344,2.7403030395507813,96.07875061035156,0.08486175537109375,9.292655944824219,2.7473526000976563,6.239402770996094,0.223846435546875,0,206965.18811035156,216930.47412109375,0,34088599552,2147483648,8549543936,0
200,1787750707136,3500,3500,3500,3500,3500,3500,3500,3500,3500,3500,3500,3500,3500,3500,3500,3500,3500,3500,3500,3500,25.221633911132813,0.5160140991210938,0.5149154663085938,2.9504547119140625,0.24786376953125,0.3071746826171875,0.26265716552734375,0.2849884033203125,0.2951812744140625,2.7742385864257813,2.8186492919921875,0.27289581298828125,33.38256072998047,0.23867034912109375,2.8568267822265625,0.3198089599609375,2.8278961181640625,0.272247314453125,1.70233154296875,0.29932403564453125,0,206973.2344970703,216936.38745117188,0,34088599552,2147483648,8550076416,0
200,1787750707337,3500,3500,3500,3500,3500,3500,3500,3500,3500,3500,3500,3500,3500,3500,3500,3500,3500,3500,3500,3500,10.859970092773438,0.34201812744140625,0.35065460205078125,0.34067535400390625,0.38602447509765625,0.49622344970703125,0.49591827392578125,2.9813079833984375,2.8900680541992188,0.31139373779296875,0.3433685302734375,0.303558349609375,95.0167465209961,0.1639251708984375,0.49477386474609375,0.33364105224609375,0.36202239990234375,0.303558349609375,0.3039093017578125,0.336334228515625,0,206981.30340576172,216942.3302001953,0,34088599552,2147483648,8550064128,0
200,1787750707537,3500,3500,3500,3500,3500,3500,3500,3500,3500,3500,3500,3500,3500,3500,3500,3500,3500,3500,3500,3500,3.6655960083007813,0.28604888916015625,0.40319061279296875,0.41242218017578125,0.359100341796875,2.8776397705078125,0.45621490478515625,0.43364715576171875,0.349761962890625,0.35370635986328125,0.3064727783203125,2.8912734985351563,100,0.13545989990234375,3.2183151245117188,0.29154205322265625,0.32729339599609375,0.29907989501953125,0.338531494140625,2.894317626953125,0,206990.49517822266,216949.3881225586,0,34088599552,2147483648,8549978112,0
200,1787750707737,3500,3500,3500,3500,3500,3500,3500,3500,3500,3500,3500,3500,3500,3500,3500,3500,3500,3500,3500,3500,15.826141357421875,2.8002853393554688,2.8987350463867188,0.38871002197265625,0.29560089111328125,0.2880706787109375,2.8212356567382813,0.205078125,0.3906097412109375,0.2776947021484375,0.2642822265625,0.27519989013671875,89.6492919921875,0.13570404052734375,0.5077590942382813,2.7804336547851563,0.30637359619140625,0.28168487548828125,0.40077972412109375,0.39629364013671875,0,207000.28607177734,216957.0591430664,0,34088599552,2147483648,8549974016,0
200,1787750707938,3500,3500,3500,3500,3500,3500,3500,3500,3500,3500,3500,3500,3500,3500,3500,3500,3500,3500,3500,3500,15.961204528808594,0.26189422607421875,0.3725738525390625,0.3709716796875,2.90899658203125,0.2327728271484375,0.375762939453125,0.2127685546875,0.23900604248046875,0.279449462890625,0.294464111328125,0.26802825927734375,25.95398712158203,2.7516403198242188,5.822235107421875,0.23665618896484375,33.171783447265625,2.8167800903320313,3.8253097534179688,0.39476776123046875,0,207009.04498291016,216963.88427734375,0,34088599552,2147483648,8550567936,0
200,1787750708138,3500,3500,3500,3500,3500,3500,3500,3500,3500,3500,3500,3500,3500,3500,3500,3500,3500,3500,3500,3500,12.709663391113281,1.115234375,0.25244903564453125,2.785888671875,0.2621307373046875,0.20700836181640625,0.2702178955078125,0.273468017578125,0.2585906982421875,2.8663253784179688,1.3442153930664063,0.27396392822265625,23.00146484375,0.28585052490234375,0.6064987182617188,0.2839508056640625,4.01446533203125,0.31915283203125,0.42710113525390625,0.4184112548828125,0,207015.79998779297,216968.65783691406,0,34088599552,2147483648,8550895616,0
200,1787750708338,3500,3500,3500,3500,3500,3500,3500,3500,3500,3500,3500,3500,3500,3500,3500,3500,3500,3500,3500,3500,16.180335998535156,0.7698898315429688,0.33351898193359375,0.329071044921875,0.9869232177734375,0.38134765625,0.37890625,2.889678955078125,4.4195709228515625,0.36472320556640625,1.5939483642578125,0.2904815673828125,9.42144775390625,0.28973388671875,0.6670379638671875,0.34625244140625,0.320037841796875,0.34180450439453125,0.41020965576171875,0.41005706787109375,0,207022.9376220703,216973.43035888672,0,34088599552,2147483648,8547741696,0
200,1787750708539,3500,3500,3500,3500,3500,3500,3500,3500,3500,3500,3500,3500,3500,3500,3500,3500,3500,3500,3500,3500,22.461692810058594,0.7990646362304688,0.310699462890625,0.348724365234375,0.29840850830078125,2.8964309692382813,0.2696380615234375,0.262939453125,1.0067977905273438,0.256591796875,0.2011871337890625,2.8279876708984375,12.952247619628906,0.28157806396484375,9.806556701660156,0.33702850341796875,4.709136962890625,0.3635101318359375,3.1338958740234375,0.33683013916015625,0,207030.5337524414,216978.9185180664,0,34088599552,2147483648,8547966976,0
199,1787750708739,3500,3500,3500,3500,3500,3500,3500,3500,3500,3500,3500,3500,3500,3500,3500,3500,3500,3500,3500,3500,19.227951049804688,3.3116073608398438,2.8261795043945313,0.30501556396484375,0.3129425048828125,0.3053131103515625,0.3691558837890625,0.36421966552734375,0.48548126220703125,0.2930908203125,0.255035400390625,0.35414886474609375,9.3642578125,0.29294586181640625,4.098114013671875,2.9151153564453125,0.77996826171875,0.43145751953125,0.403076171875,2.843536376953125,0,207038.6416015625,216984.64129638672,0,34088599552,2147483648,8548110336,0
200,1787750708939,3500,3500,3500,3500,3500,3500,3500,3500,3500,3500,3500,3500,3500,3500,3500,3500,3500,3500,3500,3500,18.357192993164063,0.96868896484375,0.2264862060546875,0.3271636962890625,2.8197402954101563,0.21764373779296875,2.8396835327148438,0.26003265380859375,0.256927490234375,0.22368621826171875,0.2817230224609375,0.2550811767578125,4.698577880859375,0.25823211669921875,0.8787612915039063,0.37470245361328125,2.8699264526367188,2.8271331787109375,2.8736724853515625,0.365753173828125,0,207046.9539794922,216990.81518554688,0,34088599552,2147483648,8548114432,0
199,1787750709139,3500,3500,3500,3500,3500,3500,3500,3500,3500,3500,3500,3500,3500,3500,3500,3500,3500,3500,3500,3500,15.09332275390625,0.8563232421875,0.3232269287109375,2.8198165893554688,0.30754852294921875,0.301361083984375,0.26263427734375,0.28743743896484375,0.3939971923828125,2.8230667114257813,0.40348052978515625,0.3363037109375,7.085357666015625,2.83758544921875,2.698486328125,0.2938232421875,0.33465576171875,0.320526123046875,0.42488861083984375,0.43148040771484375,0,207055.1513671875,216997.10089111328,0,34088599552,2147483648,8548245504,0
200,1787750709340,3500,3500,3500,3500,3500,3500,3500,3500,3500,3500,3500,3500,3500,3500,3500,3500,3500,3500,3500,3500,22.947425842285156,0.5024642944335938,0.33432769775390625,0.313385009765625,0.25820159912109375,0.222320556640625,0.25760650634765625,2.7521743774414063,2.8138961791992188,0.20706939697265625,2.7621688842773438,0.2811431884765625,18.6431884765625,0.20372772216796875,6.556449890136719,0.2758941650390625,1.7261581420898438,0.36611175537109375,0.32692718505859375,0.344818115234375,0,207062.91522216797,217002.73431396484,0,34088599552,2147483648,8548245504,0
200,1787750709540,3500,3500,3500,3500,3500,3500,3500,3500,3500,3500,3500,3500,3500,3500,3500,3500,3500,3500,3500,3500,14.114112854003906,0.7494888305664063,0.33736419677734375,0.33416748046875,0.35602569580078125,2.7904434204101563,0.2939453125,0.21494293212890625,0.282867431640625,0.27742767333984375,0.28371429443359375,2.8342132568359375,7.195045471191406,0.2899017333984375,3.7614669799804688,0.365814208984375,1.1682968139648438,0.3151092529296875,0.38842010498046875,0.4119720458984375,0,207071.8081665039,217009.2276611328,0,34088599552,2147483648,8548245504,0
200,1787750709740,3500,3500,3500,3500,3500,3500,3500,3500,3500,3500,3500,3500,3500,3500,3500,3500,3500,3500,3500,3500,15.761909484863281,3.5032272338867188,2.7502288818359375,0.268341064453125,0.294036865234375,0.25472259521484375,0.2498321533203125,0.18119049072265625,1.56011962890625,0.23052978515625,0.23561859130859375,0.22638702392578125,6.316368103027344,0.18991851806640625,1.607269287109375,2.7497329711914063,0.23436737060546875,0.25437164306640625,0.277923583984375,2.735565185546875,0,207079.2142944336,217014.4873046875,0,34088599552,2147483648,8548376576,0
200,1787750709941,3500,3500,3500,3500,3500,3500,3500,3500,3500,3500,3500,3500,3500,3500,3500,3500,3500,3500,3500,3500,15.379470825195313,0.43543243408203125,0.254119873046875,0.2610626220703125,2.6759109497070313,0.21923828125,2.7702484130859375,0.253265380859375,0.24826812744140625,0.24936676025390625,0.18196868896484375,0.254119873046875,13.604209899902344,0.23917388916015625,2.5759353637695313,0.21509552001953125,2.7498092651367188,2.8046722412109375,2.7837371826171875,0.21274566650390625,0,207088.0747680664,217021.21771240234,0,34088599552,2147483648,8549392384,0
200,1787750710141,3500,3500,3500,3500,3500,3500,3500,3500,3500,3500,3500,3500,3500,3500,3500,3500,3500,3500,3500,3500,15.243156433105469,0.8551406860351563,0.36829376220703125,2.8862380981445313,0.34619903564453125,0.3331756591796875,0.35453033447265625,0.39058685302734375,0.36310577392578125,1.2640380859375,0.41971588134765625,0.33716583251953125,8.321701049804688,2.871978759765625,1.6957244873046875,0.3622589111328125,0.37776947021484375,0.40325927734375,0.42494964599609375,0.3838043212890625,0,207095.9642944336,217026.95013427734,0,34088599552,2147483648,8549896192,0
200,1787750710341,3500,3500,3500,3500,3500,3500,3500,3500,3500,3500,3500,3500,3500,3500,3500,3500,3500,3500,3500,3500,10.254440307617188,0.3869171142578125,0.3151092529296875,0.301422119140625,0.29468536376953125,0.2714080810546875,0.2961273193359375,2.77783203125,2.9278411865234375,1.8716583251953125,2.751312255859375,0.2112884521484375,13.638710021972656,0.1981048583984375,1.3025741577148438,0.26506805419921875,0.5682907104492188,0.33673095703125,0.40804290771484375,0.39070892333984375,0,207103.46783447266,217032.32489013672,0,34088599552,2147483648,8550522880,0
200,1787750710542,3500,3500,3500,3500,3500,3500,3500,3500,3500,3500,3500,3500,3500,3500,3500,3500,3500,3500,3500,3500,21.145523071289063,1.0269317626953125,0.32570648193359375,0.30458831787109375,0.2547149658203125,2.7979354858398438,0.30513763427734375,0.29454803466796875,0.8263397216796875,0.29914093017578125,0.3188629150390625,2.8276901245117188,8.759300231933594,0.28551483154296875,0.35540771484375,0.27098846435546875,0.30294036865234375,0.312774658203125,0.41925811767578125,0.38890838623046875,0,207110.8731689453,217037.59783935547,0,34088599552,2147483648,8556097536,0
199,1787750710742,3500,3500,3500,3500,3500,3500,3500,3500,3500,3500,3500,3500,3500,3500,3500,3500,3500,3500,3500,3500,16.52477264404297,1.2573928833007813,2.9071884155273438,0.3319549560546875,0.29604339599609375,0.36397552490234375,0.30587005615234375,0.29205322265625,0.8150711059570313,0.30646514892578125,0.25475311279296875,0.3708038330078125,5.7527313232421875,0.3033294677734375,4.035858154296875,2.826995849609375,1.4121017456054688,0.33050537109375,0.393096923828125,2.9209518432617188,0,207118.85571289063,217043.4359741211,0,34088599552,2147483648,8556724224,0
200,1787750710942,3500,3500,3500,3500,3500,3500,3500,3500,3500,3500,3500,3500,3500,3500,3500,3500,3500,3500,3500,3500,12.0977783203125,2.9703826904296875,0.38767242431640625,0.393768310546875,2.8228530883789063,0.2833709716796875,2.8374404907226563,0.2291412353515625,0.5008163452148438,0.34719085693359375,0.34574127197265625,0.49057769775390625,10.615158081054688,0.18616485595703125,2.3568115234375,0.27337646484375,3.3396148681640625,2.8707809448242188,2.8234481811523438,0.290313720703125,0,207126.71020507813,217049.15850830078,0,34088599552,2147483648,8557379584,0
201,1787750711143,3500,3500,3500,3500,3500,3500,3500,3500,3500,3500,3500,3500,3500,3500,3500,3500,3500,3500,3500,3500,16.92021942138672,1.4256668090820313,0.3248291015625,2.8753585815429688,0.242523193359375,0.22124481201171875,0.20072174072265625,0.22798919677734375,0.37577056884765625,0.30474853515625,0.34270477294921875,0.42845916748046875,2.5059814453125,2.7423553466796875,0.2416229248046875,0.20696258544921875,0.2275390625,0.2663421630859375,0.23583221435546875,0.220794677734375,0,207134.951171875,217055.27770996094,0,34088599552,2147483648,8558043136,0
200,1787750711344,3500,3500,3500,3500,3500,3500,3500,3500,3500,3500,3500,3500,3500,3500,3500,3500,3500,3500,3500,3500,14.847099304199219,0.5509185791015625,0.10306549072265625,0.12410736083984375,0.079132080078125,0.0793304443359375,0.0426788330078125,2.4960098266601563,3.554412841796875,2.6304855346679688,2.6632919311523438,0.06755828857421875,6.97674560546875,0,0.6471023559570313,0,0.6257095336914063,0,0,0.0422821044921875,0,207143.15045166016,217061.33880615234,0,34088599552,2147483648,8558059520,0
200,1787750711544,3500,3500,3500,3500,3500,3500,3500,3500,3500,3500,3500,3500,3500,3500,3500,3500,3500,3500,3500,3500,17.151748657226563,1.866455078125,0.6846160888671875,0.7177581787109375,0.764556884765625,0.7842788696289063,0.8760452270507813,0.791290283203125,0.8235321044921875,0.6958465576171875,0.7514419555664063,3.2789154052734375,1.7515411376953125,0.6748809814453125,0.6868057250976563,0.6861114501953125,0.68804931640625,0.716217041015625,0.7073211669921875,0.7606353759765625,0,207150.16326904297,217066.21130371094,0,34088599552,2147483648,8558579712,0
200,1787750711745,3500,3500,3500,3500,3500,3500,3500,3500,3500,3500,3500,3500,3500,3500,3500,3500,3500,3500,3500,3500,12.467796325683594,0.7213897705078125,0.33306884765625,0.29608917236328125,0.40747833251953125,3.0036392211914063,0.4766998291015625,0.42499542236328125,0.26898956298828125,0.3232421875,0.2749786376953125,0.211700439453125,9.850334167480469,0.23854827880859375,6.260498046875,2.7906875610351563,0.34490203857421875,0.3671112060546875,0.3755950927734375,2.9189987182617188,0,207158.49053955078,217072.4169921875,0,34088599552,2147483648,8560336896,0
200,1787750711945,3500,3500,3500,3500,3500,3500,3500,3500,3500,3500,3500,3500,3500,3500,3500,3500,3500,3500,3500,3500,11.099205017089844,3.4608154296875,2.8482589721679688,0.34535980224609375,2.9644241333007813,0.46950531005859375,3.0020828247070313,0.467010498046875,0.27263641357421875,0.23407745361328125,0.33887481689453125,0.218017578125,4.762397766113281,0.2770233154296875,0.3061065673828125,0.287200927734375,2.846710205078125,2.8720550537109375,2.8899612426757813,0.33643341064453125,0,207164.60705566406,217076.40545654297,0,34088599552,2147483648,8562003968,0
200,1787750712146,3500,3500,3500,3500,3500,3500,3500,3500,3500,3500,3500,3500,3500,3500,3500,3500,3500,3500,3500,3500,26.165672302246094,0.9613876342773438,0.2510986328125,2.7804336547851563,0.45285797119140625,0.459136962890625,0.46877288818359375,0.446319580078125,0.31081390380859375,0.23268890380859375,0.3170013427734375,0.1991119384765625,13.085578918457031,2.7458114624023438,2.1868896484375,0.2261505126953125,0.5082855224609375,0.49825286865234375,0.25843048095703125,0.28263092041015625,0,207171.54315185547,217081.1844482422,0,34088599552,2147483648,8563892224,0
199,1787750712346,3500,3500,3500,3500,3500,3500,3500,3500,3500,3500,3500,3500,3500,3500,3500,3500,3500,3500,3500,3500,12.159812927246094,0.5978012084960938,0.35001373291015625,0.34592437744140625,0.4021759033203125,0.5092010498046875,0.48778533935546875,3.038726806640625,2.99285888671875,2.9584121704101563,3.0021438598632813,0.39154815673828125,7.390022277832031,0.27458953857421875,0.7775497436523438,0.43627166748046875,0.5972518920898438,0.5866241455078125,0.4140625,0.467071533203125,0,207179.0897216797,217086.61810302734,0,34088599552,2147483648,8565362688,0
200,1787750712546,3500,3500,3500,3500,3500,3500,3500,3500,3500,3500,3500,3500,3500,3500,3500,3500,3500,3500,3500,3500,23.13634490966797,1.7490997314453125,0.389862060546875,0.3675689697265625,0.3378753662109375,0.23259735107421875,0.27313995361328125,0.25079345703125,0.9648818969726563,0.32907867431640625,0.36046600341796875,2.8864974975585938,5.275749206542969,0.31803131103515625,0.39685821533203125,0.39701080322265625,0.45859527587890625,0.483642578125,0.395111083984375,0.39495849609375,0,207186.54486083984,217091.94110107422,0,34088599552,2147483648,8565501952,0
200,1787750712746,3500,3500,3500,3500,3500,3500,3500,3500,3500,3500,3500,3500,3500,3500,3500,3500,3500,3500,3500,3500,20.00945281982422,0.2714996337890625,0.410797119140625,0.385986328125,0.22951507568359375,2.7506103515625,0.3072967529296875,0.2797393798828125,0.5302734375,0.4049530029296875,0.40520477294921875,0.3794403076171875,83.94358825683594,0.13690185546875,2.82000732421875,2.8310394287109375,0.29766082763671875,0.3036041259765625,0.3346099853515625,2.8258514404296875,0,207194.69677734375,217097.98431396484,0,34088599552,2147483648,8565547008,0
200,1787750712946,3500,3500,3500,3500,3500,3500,3500,3500,3500,3500,3500,3500,3500,3500,3500,3500,3500,3500,3500,3500,40.03766632080078,2.8008956909179688,2.9499664306640625,0.394287109375,2.85687255859375,0.28316497802734375,2.8204193115234375,0.291656494140625,0.5364151000976563,0.42024993896484375,0.5204391479492188,0.4708404541015625,62.704994201660156,0.21649169921875,0.4931182861328125,0.3807525634765625,2.6680526733398438,2.8475341796875,2.8507843017578125,0.36641693115234375,0,207203.80517578125,217104.97631835938,0,34088599552,2147483648,8565547008,0
200,1787750713147,3500,3500,3500,3500,3500,3500,3500,3500,3500,3500,3500,3500,3500,3500,3500,3500,3500,3500,3500,3500,16.777381896972656,0.2416229248046875,0.36590576171875,2.9066848754882813,0.2565155029296875,0.2610626220703125,0.23537445068359375,0.34166717529296875,0.453704833984375,0.37035369873046875,0.456207275390625,0.4077301025390625,81.75090789794922,2.6482772827148438,9.574356079101563,0.26136016845703125,0.45000457763671875,0.28729248046875,0.29663848876953125,0.34751129150390625,0,207213.25885009766,217112.3236694336,0,34088599552,2147483648,8565596160,0
199,1787750713347,3500,3500,3500,3500,3500,3500,3500,3500,3500,3500,3500,3500,3500,3500,3500,3500,3500,3500,3500,3500,2.2109146118164063,16.090667724609375,0.3862762451171875,0.4170379638671875,0.25555419921875,0.31961822509765625,0.2568511962890625,2.79327392578125,2.8503494262695313,2.8983840942382813,2.9288482666015625,0.3492279052734375,87.27722930908203,0.16822052001953125,0.9987030029296875,0.2784271240234375,0.40889739990234375,0.42537689208984375,0.40026092529296875,0.42412567138671875,0,207222.14477539063,217119.46459960938,0,34088599552,2147483648,8565596160,0
200,1787750713547,3500,3500,3500,3500,3500,3500,3500,3500,3500,3500,3500,3500,3500,3500,3500,3500,3500,3500,3500,3500,0.788360595703125,11.008529663085938,0.397125244140625,0.4075775146484375,0.21033477783203125,0.17534637451171875,0.37548828125,0.2987060546875,0.3864288330078125,0.47655487060546875,0.37438201904296875,2.9491958618164063,92.53683471679688,0.147552490234375,0.38048553466796875,0.34869384765625,0.39592742919921875,0.40497589111328125,0.3927764892578125,0.3980255126953125,0,207231.60107421875,217126.80932617188,0,34088599552,2147483648,8565727232,0
200,1787750713747,3500,3500,3500,3500,3500,3500,3500,3500,3500,3500,3500,3500,3500,3500,3500,3500,3500,3500,3500,3500,0.888214111328125,28.276535034179688,0.36249542236328125,0.372222900390625,0.28729248046875,2.7246322631835938,0.2981719970703125,0.235687255859375,0.42412567138671875,0.554168701171875,0.34423065185546875,0.44313812255859375,75.14518737792969,0.138031005859375,4.910621643066406,2.833770751953125,0.6107101440429688,0.38983917236328125,0.36458587646484375,2.8985443115234375,0,207241.67706298828,217134.79943847656,0,34088599552,2147483648,8565927936,0
200,1787750713948,3500,3500,3500,3500,3500,3500,3500,3500,3500,3500,3500,3500,3500,3500,3500,3500,3500,3500,3500,3500,2.3647079467773438,9.349288940429688,2.7947540283203125,0.2861785888671875,2.7746429443359375,0.224456787109375,2.8520355224609375,0.1912689208984375,0.4709625244140625,0.47086334228515625,0.46437835693359375,0.48174285888671875,81.79718017578125,0.144561767578125,15.551383972167969,0.27310943603515625,0.343719482421875,2.8860702514648438,2.8973007202148438,0.38423919677734375,0,207250.75030517578,217141.48400878906,0,34088599552,2147483648,8565927936,0
200,1787750714148,3500,3500,3500,3500,3500,3500,3500,3500,3500,3500,3500,3500,3500,3500,3500,3500,3500,3500,3500,3500,3.4331512451171875,4.697486877441406,0.2785491943359375,2.8334426879882813,0.2607574462890625,0.28564453125,0.35584259033203125,0.26141357421875,0.5089263916015625,0.494842529296875,0.42943572998046875,0.48764801025390625,19.87725067138672,2.7600936889648438,81.46417236328125,0.186065673828125,2.8983917236328125,0.37387847900390625,0.40450286865234375,0.4058074951171875,0,207259.06756591797,217148.02459716797,0,34088599552,2147483648,8565981184,0
200,1787750714348,3500,3500,3500,3500,3500,3500,3500,3500,3500,3500,3500,3500,3500,3500,3500,3500,3500,3500,3500,3500,0.7209930419921875,9.891571044921875,0.255645751953125,0.2760009765625,0.1770172119140625,0.231597900390625,0.2748565673828125,2.765869140625,2.8241500854492188,2.8270416259765625,2.790771484375,0.274505615234375,4.488502502441406,0.26013946533203125,92.55339050292969,0.11295318603515625,0.47692108154296875,0.3377227783203125,0.364166259765625,0.38072967529296875,0,207268.4349975586,217154.7882080078,0,34088599552,2147483648,8565981184,0
199,1787750714548,3500,3500,3500,3500,3500,3500,3500,3500,3500,3500,3500,3500,3500,3500,3500,3500,3500,3500,3500,3500,0.69122314453125,5.196556091308594,0.29190826416015625,0.31908416748046875,0.26512908935546875,0.3075408935546875,0.21117401123046875,0.3184356689453125,0.38382720947265625,0.9832305908203125,0.34096527099609375,0.7900390625,45.5772705078125,0.21121978759765625,56.14659118652344,0.23180389404296875,0.313934326171875,0.30694580078125,0.315338134765625,0.33042144775390625,0,207276.8477783203,217161.0639038086,0,34088599552,2147483648,8566734848,0
200,1787750714748,3500,3500,3500,3500,3500,3500,3500,3500,3500,3500,3500,3500,3500,3500,3500,3500,3500,3500,3500,3500,0.871673583984375,3.71246337890625,0.330596923828125,0.27146148681640625,0.33829498291015625,2.8351974487304688,0.25661468505859375,0.249420166015625,0.34249114990234375,0.501190185546875,0.34053802490234375,2.510498046875,37.6254768371582,0.24932098388671875,65.5464096069336,2.6955413818359375,0.35733795166015625,0.282257080078125,0.30670166015625,2.7866134643554688,0,207287.10369873047,217169.20043945313,0,34088599552,2147483648,8566874112,0
200,1787750714949,3500,3500,3500,3500,3500,3500,3500,3500,3500,3500,3500,3500,3500,3500,3500,3500,3500,3500,3500,3500,0.7293701171875,20.413612365722656,2.92047119140625,0.3837890625,0.2617340087890625,0.254638671875,2.8492050170898438,0.3620147705078125,0.5152740478515625,0.45145416259765625,0.40570831298828125,0.49430084228515625,25.09100341796875,0.27387237548828125,60.41352844238281,0.18383026123046875,0.31891632080078125,2.8355712890625,2.8404617309570313,0.30687713623046875,0,207296.45880126953,217176.43823242188,0,34088599552,2147483648,8566874112,0
200,1787750715149,3500,3500,3500,3500,3500,3500,3500,3500,3500,3500,3500,3500,3500,3500,3500,3500,3500,3500,3500,3500,3.270660400390625,7.1268310546875,0.31291961669921875,2.8611221313476563,2.7691421508789063,0.2590179443359375,0.25597381591796875,0.1989288330078125,0.447418212890625,0.3460540771484375,0.32244873046875,0.45749664306640625,38.9112663269043,2.6850051879882813,18.97991943359375,0.23346710205078125,47.59205627441406,0.18430328369140625,0.2444915771484375,0.24938201904296875,0,207306.21423339844,217184.05645751953,0,34088599552,2147483648,8567128064,0
200,1787750715349,3500,3500,3500,3500,3500,3500,3500,3500,3500,3500,3500,3500,3500,3500,3500,3500,3500,3500,3500,3500,0.7759933471679688,5.250450134277344,0.31742095947265625,0.32625579833984375,0.26453399658203125,0.25445556640625,0.31392669677734375,2.7974853515625,2.93084716796875,2.9300994873046875,2.816192626953125,0.3983001708984375,31.698036193847656,0.21184539794921875,6.255607604980469,0.37525177001953125,64.09892272949219,0.1804656982421875,0.28179931640625,0.29132843017578125,0,207315.3090209961,217191.0078125,0,34088599552,2147483648,8567402496,0
200,1787750715550,3500,3500,3500,3500,3500,3500,3500,3500,3500,3500,3500,3500,3500,3500,3500,3500,3500,3500,3500,3500,0.6569442749023438,4.229118347167969,0.37718963623046875,0.34970855712890625,0.33621978759765625,0.3443603515625,0.44763946533203125,0.44893646240234375,0.2415313720703125,0.2551727294921875,0.27765655517578125,0.29229736328125,72.34435272216797,0.16473388671875,28.868362426757813,0.20635986328125,0.39357757568359375,0.31018829345703125,0.323577880859375,0.3448638916015625,0,207324.17822265625,217197.77435302734,0,34088599552,2147483648,8567517184,0
200,1787750715750,3500,3500,3500,3500,3500,3500,3500,3500,3500,3500,3500,3500,3500,3500,3500,3500,3500,3500,3500,3500,0.8479232788085938,10.154991149902344,0.3205413818359375,0.32897186279296875,0.4049072265625,2.890106201171875,0.39986419677734375,0.44651031494140625,0.27085113525390625,0.25218963623046875,0.264862060546875,2.8907546997070313,6.880531311035156,0.2575836181640625,26.154312133789063,2.794219970703125,64.68125915527344,0.197113037109375,0.4452667236328125,2.9777679443359375,0,207334.01483154297,217205.4764404297,0,34088599552,2147483648,8567717888,0
200,1787750715950,3500,3500,3500,3500,3500,3500,3500,3500,3500,3500,3500,3500,3500,3500,3500,3500,3500,3500,3500,3500,0.6741867065429688,18.388755798339844,2.796783447265625,0.28432464599609375,0.45123291015625,0.36346435546875,2.85601806640625,0.4048309326171875,0.2493438720703125,0.25124359130859375,0.21910858154296875,0.26696014404296875,18.28022003173828,0.1735992431640625,16.739891052246094,0.23073577880859375,56.22267150878906,0.806365966796875,2.9796142578125,0.47998046875,0,207343.63623046875,217212.9688720703,0,34088599552,2147483648,8568180736,0
200,1787750716151,3500,3500,3500,3500,3500,3500,3500,3500,3500,3500,3500,3500,3500,3500,3500,3500,3500,3500,3500,3500,3.2011337280273438,23.457504272460938,0.2755584716796875,2.8069381713867188,2.9088516235351563,0.4456024169921875,0.34139251708984375,0.44330596923828125,0.2252960205078125,0.29906463623046875,0.21636199951171875,0.29497528076171875,10.277442932128906,2.7235870361328125,48.60808563232422,0.1620635986328125,2.8343353271484375,2.1447677612304688,23.73865509033203,0.26917266845703125,0,207353.2201538086,217220.4373779297,0,34088599552,2147483648,8568172544,0
200,1787750716351,3500,3500,3500,3500,3500,3500,3500,3500,3500,3500,3500,3500,3500,3500,3500,3500,3500,3500,3500,3500,0.758148193359375,4.15240478515625,0.3455810546875,0.3482818603515625,0.41241455078125,0.5314407348632813,0.419952392578125,3.0410308837890625,2.9042739868164063,2.9213027954101563,2.9066696166992188,0.33609771728515625,3.5399017333984375,0.24988555908203125,63.50639724731445,0.259124755859375,36.96834945678711,0.2839508056640625,0.3320465087890625,0.35797119140625,0,207361.01788330078,217226.11138916016,0,34088599552,2147483648,8568172544,0
200,1787750716552,3500,3500,3500,3500,3500,3500,3500,3500,3500,3500,3500,3500,3500,3500,3500,3500,3500,3500,3500,3500,0.70477294921875,3.7643203735351563,0.25412750244140625,0.29239654541015625,0.25757598876953125,0.2858123779296875,0.2813720703125,0.21207427978515625,0.32497406005859375,1.0753402709960938,0.44844818115234375,0.3278656005859375,1.3134078979492188,0.2228546142578125,5.295143127441406,0.2882537841796875,95.466796875,0.110748291015625,0.27608489990234375,0.2957916259765625,0,207369.12341308594,217232.09729003906,0,34088599552,2147483648,8568365056,0
200,1787750716752,3500,3500,3500,3500,3500,3500,3500,3500,3500,3500,3500,3500,3500,3500,3500,3500,3500,3500,3500,3500,0.84552001953125,5.470558166503906,0.20880889892578125,0.230712890625,0.20746612548828125,2.7423858642578125,0.16890716552734375,0.195892333984375,0.3231964111328125,0.38968658447265625,0.4042510986328125,2.9530410766601563,8.006027221679688,0.21784210205078125,44.74311828613281,0.1630706787109375,53.656673431396484,0.12241363525390625,0.2555999755859375,2.788177490234375,0,207376.8207397461,217237.65576171875,0,34088599552,2147483648,8569851904,0
200,1787750716952,3500,3500,3500,3500,3500,3500,3500,3500,3500,3500,3500,3500,3500,3500,3500,3500,3500,3500,3500,3500,0.8500289916992188,24.134063720703125,2.9265060424804688,0.40612030029296875,0.355438232421875,0.303466796875,2.9280014038085938,0.37950897216796875,0.48395538330078125,0.5402755737304688,0.5876541137695313,0.5755767822265625,40.427616119384766,0.29273223876953125,41.69554901123047,2.8794708251953125,0.44576263427734375,0.44416046142578125,2.9434356689453125,0.3763580322265625,0,207384.74353027344,217243.458984375,0,34088599552,2147483648,8569831424,0
200,1787750717153,3500,3500,3500,3500,3500,3500,3500,3500,3500,3500,3500,3500,3500,3500,3500,3500,3500,3500,3500,3500,3.3667984008789063,15.7049560546875,0.240478515625,2.792755126953125,2.8666229248046875,0.29962158203125,0.3894195556640625,0.3091583251953125,0.3461456298828125,0.38092803955078125,0.47412109375,0.42819976806640625,20.06061553955078,2.6835403442382813,23.356834411621094,0.2799072265625,52.42409896850586,2.7205810546875,0.23932647705078125,0.30621337890625,0,207393.65270996094,217250.23504638672,0,34088599552,2147483648,8569806848,0
200,1787750717353,3500,3500,3500,3500,3500,3500,3500,3500,3500,3500,3500,3500,3500,3500,3500,3500,3500,3500,3500,3500,0.6927642822265625,5.8331756591796875,0.27484893798828125,0.3039093017578125,0.4566650390625,0.450469970703125,0.38455963134765625,2.9843292236328125,2.8203353881835938,2.8582382202148438,2.8814620971679688,0.3066558837890625,65.35967254638672,0.17302703857421875,37.504058837890625,0.2967681884765625,0.26535797119140625,0.30970001220703125,0.3159942626953125,0.24314117431640625,0,207403.4575805664,217257.90411376953,0,34088599552,2147483648,8571396096,0
200,1787750717553,3500,3500,3500,3500,3500,3500,3500,3500,3500,3500,3500,3500,3500,3500,3500,3500,3500,3500,3500,3500,0.6470870971679688,8.666969299316406,0.304840087890625,0.297149658203125,0.46849822998046875,0.41471099853515625,0.3553314208984375,0.40062713623046875,0.24481201171875,0.2749786376953125,0.27008056640625,0.2804718017578125,64.11396789550781,0.16925048828125,36.036407470703125,0.2097015380859375,0.39368438720703125,0.41086578369140625,0.28041839599609375,0.2880096435546875,0,207412.60034179688,217264.91674804688,0,34088599552,2147483648,8571588608,0
200,1787750717753,3500,3500,3500,3500,3500,3500,3500,3500,3500,3500,3500,3500,3500,3500,3500,3500,3500,3500,3500,3500,0.779754638671875,6.69342041015625,0.31455230712890625,0.29046630859375,0.3905029296875,2.9141616821289063,0.2883148193359375,0.32604217529296875,0.2771759033203125,2.558929443359375,0.3048553466796875,2.7804946899414063,98.42699432373047,0.1407623291015625,3.140716552734375,0.2559356689453125,0.39405059814453125,0.4141387939453125,0.2888641357421875,2.8286590576171875,0,207421.6407470703,217271.83569335938,0,34088599552,2147483648,8571183104,0
200,1787750717954,3500,3500,3500,3500,3500,3500,3500,3500,3500,3500,3500,3500,3500,3500,3500,3500,3500,3500,3500,3500,2.5557479858398438,12.608192443847656,2.8098678588867188,0.324432373046875,0.30518341064453125,0.3007965087890625,2.8406829833984375,0.26369476318359375,0.3233795166015625,0.35015869140625,0.23432159423828125,0.31465911865234375,5.6346893310546875,0.26747894287109375,62.64960479736328,2.7014541625976563,26.366897583007813,0.354949951171875,2.8635177612304688,0.2735137939453125,0,207430.78118896484,217278.84423828125,0,34088599552,2147483648,8571183104,0
200,1787750718154,3500,3500,3500,3500,3500,3500,3500,3500,3500,3500,3500,3500,3500,3500,3500,3500,3500,3500,3500,3500,3.2040634155273438,26.20630645751953,1.0759048461914063,2.8158035278320313,2.9250411987304688,0.29558563232421875,0.249176025390625,0.22327423095703125,0.3297271728515625,0.30352020263671875,0.26918792724609375,0.38042449951171875,24.98876953125,2.7057571411132813,26.429931640625,0.17706298828125,33.673423767089844,2.7114486694335938,14.712448120117188,0.29558563232421875,0,207439.82293701172,217285.71575927734,0,34088599552,2147483648,8571670528,0
200,1787750718354,3500,3500,3500,3500,3500,3500,3500,3500,3500,3500,3500,3500,3500,3500,3500,3500,3500,3500,3500,3500,0.7335662841796875,8.094215393066406,0.3143768310546875,0.3156280517578125,0.48272705078125,0.47968292236328125,0.36933135986328125,2.9219589233398438,2.8945846557617188,2.983154296875,2.899627685546875,0.40090179443359375,62.46891403198242,0.19188690185546875,32.87438201904297,0.28265380859375,0.36882781982421875,0.38251495361328125,0.4185333251953125,0.4294281005859375,0,207449.84729003906,217293.6275024414,0,34088599552,2147483648,8571740160,0
200,1787750718554,3500,3500,3500,3500,3500,3500,3500,3500,3500,3500,3500,3500,3500,3500,3500,3500,3500,3500,3500,3500,0.589202880859375,4.236228942871094,0.32581329345703125,0.29058074951171875,0.5023574829101563,0.5147476196289063,0.5228424072265625,0.43494415283203125,0.33480072021484375,0.534637451171875,0.27658843994140625,0.284881591796875,24.504638671875,0.20063018798828125,78.4291000366211,0.19658660888671875,0.43564605712890625,0.43434906005859375,0.385528564453125,0.4117584228515625,0,207458.67932128906,217300.34448242188,0,34088599552,2147483648,8571850752,0
199,1787750718755,3500,3500,3500,3500,3500,3500,3500,3500,3500,3500,3500,3500,3500,3500,3500,3500,3500,3500,3500,3500,0.7686004638671875,4.3306427001953125,0.28330230712890625,0.288848876953125,0.457122802734375,2.9691619873046875,0.459075927734375,0.4390411376953125,0.29164886474609375,0.3026885986328125,0.23885345458984375,2.7606277465820313,46.07583236694336,0.17861175537109375,57.803585052490234,0.21187591552734375,0.3873443603515625,0.3784027099609375,0.3279571533203125,2.875762939453125,0,207467.9395751953,217307.48651123047,0,34088599552,2147483648,8572305408,0
200,1787750718955,3500,3500,3500,3500,3500,3500,3500,3500,3500,3500,3500,3500,3500,3500,3500,3500,3500,3500,3500,3500,0.6518783569335938,19.10088348388672,2.7771453857421875,0.2810821533203125,0.321319580078125,0.4140777587890625,2.862762451171875,0.39858245849609375,0.407684326171875,0.44571685791015625,0.3382568359375,0.36100006103515625,54.943424224853516,0.1367950439453125,34.69001770019531,2.7919464111328125,0.5428237915039063,0.35015106201171875,0.2786865234375,0.24634552001953125,0,207475.0478515625,217312.43493652344,0,34088599552,2147483648,8573194240,0
201,1787750719155,3500,3500,3500,3500,3500,3500,3500,3500,3500,3500,3500,3500,3500,3500,3500,3500,3500,3500,3500,3500,3.4195709228515625,5.444618225097656,0.33359527587890625,2.8102264404296875,2.8789520263671875,0.4562225341796875,0.2850341796875,0.2815399169921875,0.5033416748046875,0.5253982543945313,0.43536376953125,0.455474853515625,56.51702880859375,2.7333145141601563,43.0324821472168,0.27295684814453125,4.1701202392578125,2.93035888671875,2.9580612182617188,0.34368133544921875,0,207482.88409423828,217318.15979003906,0,34088599552,2147483648,8573190144,0
200,1787750719356,3500,3500,3500,3500,3500,3500,3500,3500,3500,3500,3500,3500,3500,3500,3500,3500,3500,3500,3500,3500,0.31488037109375,10.401458740234375,0,0,0,0,0,2.4257354736328125,2.5654067993164063,2.5712509155273438,2.5088729858398438,0,54.024742126464844,0,38.71143341064453,0,0.01721954345703125,0,0,0,0,207492.87725830078,217326.03979492188,0,34088599552,2147483648,8573259776,0
200,1787750719557,3500,3500,3500,3500,3500,3500,3500,3500,3500,3500,3500,3500,3500,3500,3500,3500,3500,3500,3500,3500,1.1090240478515625,5.010520935058594,0.7527389526367188,0.7842941284179688,0.700653076171875,0.6804733276367188,0.6938400268554688,0.83990478515625,0.6442413330078125,0.6738662719726563,0.627044677734375,0.6321640014648438,56.96621322631836,0.573272705078125,47.697757720947266,0.577545166015625,0.6478729248046875,0.68658447265625,0.7249069213867188,0.7313156127929688,0,207502.67810058594,217333.68377685547,0,34088599552,2147483648,8574140416,0
200,1787750719757,3500,3500,3500,3500,3500,3500,3500,3500,3500,3500,3500,3500,3500,3500,3500,3500,3500,3500,3500,3500,0.7358779907226563,5.339622497558594,0.38973236083984375,0.41516876220703125,0.3753204345703125,2.8548736572265625,0.3249969482421875,0.43183135986328125,0.238311767578125,0.2884368896484375,0.216766357421875,2.7906875610351563,10.718048095703125,0.2513275146484375,16.894744873046875,0.2242431640625,77.15449523925781,0.13636016845703125,0.2472381591796875,2.7620086669921875,0,207512.60876464844,217341.4878540039,0,34088599552,2147483648,8576188416,0
200,1787750719958,3500,3500,3500,3500,3500,3500,3500,3500,3500,3500,3500,3500,3500,3500,3500,3500,3500,3500,3500,3500,0.6983566284179688,12.547187805175781,3.0514373779296875,0.5428619384765625,0.5388717651367188,0.44614410400390625,2.9693222045898438,0.536285400390625,0.3579559326171875,0.326995849609375,0.3809356689453125,0.4434051513671875,16.483139038085938,0.3227081298828125,15.343170166015625,2.870513916015625,62.04011917114258,0.3187713623046875,0.3982391357421875,0.36328887939453125,0,207521.1626586914,217347.9185180664,0,34088599552,2147483648,8576188416,0
200,1787750720158,3500,3500,3500,3500,3500,3500,3500,3500,3500,3500,3500,3500,3500,3500,3500,3500,3500,3500,3500,3500,3.357391357421875,15.109001159667969,0.3760986328125,2.9035415649414063,2.8068313598632813,0.28951263427734375,0.27854156494140625,0.31085968017578125,0.27051544189453125,0.17520904541015625,0.26827239990234375,0.25634765625,18.664634704589844,2.6978073120117188,64.14434814453125,0.141693115234375,2.8140640258789063,2.8448410034179688,10.607658386230469,0.25879669189453125,0,207529.65490722656,217354.2808227539,0,34088599552,2147483648,8576237568,0
200,1787750720359,3500,3500,3500,3500,3500,3500,3500,3500,3500,3500,3500,3500,3500,3500,3500,3500,3500,3500,3500,3500,0.669219970703125,5.4772186279296875,0.377288818359375,0.37474822998046875,0.3331146240234375,0.30999755859375,0.44153594970703125,2.9735565185546875,2.7994384765625,2.7708816528320313,2.729400634765625,0.28649139404296875,7.854339599609375,0.1939849853515625,41.98996353149414,0.19243621826171875,53.1920051574707,0.1842041015625,0.2748565673828125,0.26631927490234375,0,207538.07879638672,217360.568359375,0,34088599552,2147483648,8578805760,0
200,1787750720559,3500,3500,3500,3500,3500,3500,3500,3500,3500,3500,3500,3500,3500,3500,3500,3500,3500,3500,3500,3500,0.668487548828125,31.250892639160156,20.5201416015625,0.33426666259765625,1.884033203125,0.8987274169921875,0.3217010498046875,0.44522857666015625,0.22754669189453125,8.260719299316406,1.0807037353515625,1.5906524658203125,88.26315307617188,0.1664581298828125,56.359779357910156,0.2685394287109375,36.99160385131836,0.264007568359375,29.37578582763672,0.25542449951171875,0,207550.12664794922,217370.37109375,0,34088599552,2147483648,8609026048,0
200,1787750720760,3500,3500,3500,3500,3500,3500,3500,3500,3500,3500,3500,3500,3500,3500,3500,3500,3500,3500,3500,3500,0.5041427612304688,47.82550048828125,37.535308837890625,0.3205718994140625,0.8088455200195313,2.869659423828125,0.3216705322265625,0.34207916259765625,0.32157135009765625,1.7613906860351563,0.8448257446289063,2.7957687377929688,52.21351623535156,0.26683807373046875,70.8729476928711,0.220184326171875,95.6213150024414,0.21190643310546875,28.639877319335938,2.8589859008789063,0,207564.89581298828,217382.96771240234,0,34088599552,2147483648,8622604288,0
200,1787750720960,3500,3500,3500,3500,3500,3500,3500,3500,3500,3500,3500,3500,3500,3500,3500,3500,3500,3500,3500,3500,0.571441650390625,36.44533920288086,2.95501708984375,0.3388671875,17.49140167236328,0.3914794921875,2.884735107421875,0.36272430419921875,0.35977935791015625,5.058341979980469,0.44504547119140625,0.3719635009765625,55.44694900512695,0.285797119140625,60.41363525390625,2.7718124389648438,55.63774871826172,0.2536468505859375,36.7524528503418,0.23717498779296875,0,207577.37921142578,217393.25317382813,0,34088599552,2147483648,8593170432,0
200,1787750721160,3500,3500,3500,3500,3500,3500,3500,3500,3500,3500,3500,3500,3500,3500,3500,3500,3500,3500,3500,3500,3.3218460083007813,17.80260467529297,0.33770751953125,0.30352020263671875,2.8440093994140625,0.2864532470703125,0.3401031494140625,0.263946533203125,0.2421875,8.009780883789063,0.23545074462890625,15.998802185058594,82.60711669921875,2.7127151489257813,7.5471649169921875,0.332366943359375,7.9444580078125,2.768157958984375,15.577461242675781,0.2716827392578125,0,207586.91015625,217400.62103271484,0,34088599552,2147483648,8593260544,0
199,1787750721361,3500,3500,3500,3500,3500,3500,3500,3500,3500,3500,3500,3500,3500,3500,3500,3500,3500,3500,3500,3500,0.6553955078125,19.800010681152344,0.30861663818359375,2.85870361328125,0.23491668701171875,0.253326416015625,0.33750152587890625,0.26944732666015625,2.7950363159179688,5.6126708984375,2.824676513671875,0.2598114013671875,69.2603530883789,0.173492431640625,20.319740295410156,0.29549407958984375,0.47571563720703125,0.36993408203125,0.30202484130859375,0.3247833251953125,0,207596.73724365234,217408.2752685547,0,34088599552,2147483648,8593788928,0
200,1787750721561,3500,3500,3500,3500,3500,3500,3500,3500,3500,3500,3500,3500,3500,3500,3500,3500,3500,3500,3500,3500,0.6325607299804688,5.5444183349609375,0.27164459228515625,0.28578948974609375,0.28989410400390625,0.21356964111328125,0.2487030029296875,2.8435821533203125,0.45368194580078125,1.1348724365234375,0.4579315185546875,0.43613433837890625,15.559364318847656,0.23321533203125,87.66382598876953,0.14049530029296875,0.29938507080078125,0.33362579345703125,0.2731475830078125,0.30228424072265625,0,207604.2651977539,217413.68981933594,0,34088599552,2147483648,8591544320,0
200,1787750721761,3500,3500,3500,3500,3500,3500,3500,3500,3500,3500,3500,3500,3500,3500,3500,3500,3500,3500,3500,3500,0.7792205810546875,18.803932189941406,0.2870635986328125,0.30142974853515625,1.6317825317382813,2.8194961547851563,0.25678253173828125,0.311859130859375,0.3511199951171875,0.41912078857421875,0.35581207275390625,2.9246597290039063,68.44371032714844,0.15850067138671875,13.085769653320313,0.3035736083984375,11.265655517578125,0.29030609130859375,0.2791290283203125,2.8172531127929688,0,207613.6421508789,217420.92236328125,0,34088599552,2147483648,8591261696,0
200,1787750721962,3500,3500,3500,3500,3500,3500,3500,3500,3500,3500,3500,3500,3500,3500,3500,3500,3500,3500,3500,3500,2.3901443481445313,7.390007019042969,2.8260879516601563,0.2975921630859375,0.31426239013671875,0.21028900146484375,2.8006439208984375,0.27249908447265625,0.25284576416015625,0.25060272216796875,0.30672454833984375,0.3153533935546875,57.39534378051758,0.17351531982421875,26.599632263183594,2.7787933349609375,21.165725708007813,0.2549896240234375,0.4903717041015625,0.29061126708984375,0,207622.1801147461,217427.3302001953,0,34088599552,2147483648,8590614528,0
200,1787750722162,3500,3500,3500,3500,3500,3500,3500,3500,3500,3500,3500,3500,3500,3500,3500,3500,3500,3500,3500,3500,3.1473846435546875,15.5108642578125,0.30629730224609375,0.32512664794921875,2.7353744506835938,0.3831787109375,0.3694915771484375,0.2943572998046875,0.2967071533203125,0.29305267333984375,0.25093841552734375,0.296051025390625,56.68439483642578,2.6922149658203125,28.381317138671875,0.23415374755859375,8.988227844238281,2.8224563598632813,2.842041015625,0.3421173095703125,0,207631.9168701172,217434.93615722656,0,34088599552,2147483648,8590041088,0
200,1787750722362,3500,3500,3500,3500,3500,3500,3500,3500,3500,3500,3500,3500,3500,3500,3500,3500,3500,3500,3500,3500,0.6949920654296875,18.143898010253906,0.2953033447265625,2.7888565063476563,0.28392791748046875,0.2073822021484375,0.31626129150390625,0.23332977294921875,0.34195709228515625,2.777679443359375,2.801483154296875,0.27100372314453125,84.89775085449219,0.12903594970703125,0.5700454711914063,0.27678680419921875,0.27339935302734375,0.25049591064453125,0.2910614013671875,0.2740936279296875,0,207642.0433959961,217442.93768310547,0,34088599552,2147483648,8589996032,0
200,1787750722563,3500,3500,3500,3500,3500,3500,3500,3500,3500,3500,3500,3500,3500,3500,3500,3500,3500,3500,3500,3500,0.6792373657226563,40.78235626220703,0.28847503662109375,0.293609619140625,0.409820556640625,0.41754913330078125,0.40477752685546875,2.9472198486328125,2.6301193237304688,0.6984405517578125,0.28592681884765625,0.35430908203125,38.10700225830078,0.1948089599609375,33.01274108886719,0.24687957763671875,0.6637802124023438,0.30687713623046875,0.2774505615234375,0.30184173583984375,0,207651.30877685547,217450.0439453125,0,34088599552,2147483648,8590053376,0
200,1787750722763,3500,3500,3500,3500,3500,3500,3500,3500,3500,3500,3500,3500,3500,3500,3500,3500,3500,3500,3500,3500,0.8585357666015625,17.10425567626953,0.38225555419921875,0.33559417724609375,0.4317169189453125,2.9255905151367188,0.363067626953125,0.3544769287109375,0.40413665771484375,1.0259552001953125,0.35817718505859375,2.955169677734375,33.650840759277344,0.222076416015625,56.975341796875,0.24001312255859375,0.421478271484375,0.318206787109375,0.28972625732421875,2.8570480346679688,0,207661.1385498047,217457.75384521484,0,34088599552,2147483648,8590053376,0
200,1787750722963,3500,3500,3500,3500,3500,3500,3500,3500,3500,3500,3500,3500,3500,3500,3500,3500,3500,3500,3500,3500,0.7096786499023438,6.7051239013671875,2.885498046875,0.387237548828125,0.2718505859375,0.31490325927734375,2.8011856079101563,0.3379974365234375,0.33286285400390625,0.3313140869140625,0.28237152099609375,0.3296661376953125,1.1263046264648438,0.29360198974609375,0.5914840698242188,2.8407440185546875,98.14791107177734,0.14966583251953125,0.35671234130859375,0.403900146484375,0,207669.72619628906,217464.21600341797,0,34088599552,2147483648,8590053376,0
200,1787750723163,3500,3500,3500,3500,3500,3500,3500,3500,3500,3500,3500,3500,3500,3500,3500,3500,3500,3500,3500,3500,3.2580718994140625,4.2138671875,0.242156982421875,0.2750396728515625,2.7849960327148438,0.16815185546875,0.26674652099609375,0.24910736083984375,0.20983123779296875,0.2593994140625,0.28713226318359375,0.22586822509765625,55.57386016845703,2.66241455078125,12.575553894042969,0.31362152099609375,36.93635559082031,2.709686279296875,2.8018875122070313,0.21712493896484375,0,207679.03839111328,217471.40002441406,0,34088599552,2147483648,8590053376,0
200,1787750723364,3500,3500,3500,3500,3500,3500,3500,3500,3500,3500,3500,3500,3500,3500,3500,3500,3500,3500,3500,3500,0.6940383911132813,13.202163696289063,0.316192626953125,2.8340682983398438,0.3039703369140625,0.30267333984375,0.37639617919921875,0.27878570556640625,0.311004638671875,2.8199996948242188,2.8178558349609375,0.305572509765625,41.42813491821289,0.2064056396484375,53.457252502441406,0.26322174072265625,0.5098800659179688,0.36133575439453125,0.31075286865234375,0.339141845703125,0,207687.9891357422,217478.35858154297,0,34088599552,2147483648,8590053376,0
200,1787750723564,3500,3500,3500,3500,3500,3500,3500,3500,3500,3500,3500,3500,3500,3500,3500,3500,3500,3500,3500,3500,0.7303695678710938,3.473724365234375,0.2935028076171875,0.2899627685546875,0.277374267578125,0.2643890380859375,0.268280029296875,2.787261962890625,2.8101882934570313,0.24860382080078125,0.323974609375,0.211090087890625,9.790306091308594,0.21189117431640625,94.14995574951172,0.14365386962890625,0.37647247314453125,0.384368896484375,0.30594635009765625,0.2989044189453125,0,207697.63732910156,217485.96545410156,0,34088599552,2147483648,8590184448,0
199,1787750723764,3500,3500,3500,3500,3500,3500,3500,3500,3500,3500,3500,3500,3500,3500,3500,3500,3500,3500,3500,3500,0.7720108032226563,4.2245941162109375,0.3087158203125,0.28131866455078125,0.190460205078125,2.8013763427734375,0.29848480224609375,0.2703399658203125,0.35112762451171875,0.717620849609375,0.2635040283203125,2.744842529296875,18.071853637695313,0.20647430419921875,85.6419906616211,0.13901519775390625,0.3489837646484375,0.3423919677734375,0.2774810791015625,1.6700592041015625,0,207708.32482910156,217494.4097290039,0,34088599552,2147483648,8590168064,0
200,1787750723965,3500,3500,3500,3500,3500,3500,3500,3500,3500,3500,3500,3500,3500,3500,3500,3500,3500,3500,3500,3500,0.6594696044921875,14.410507202148438,2.7721633911132813,0.268646240234375,0.22040557861328125,0.27364349365234375,0.25315093994140625,0.226806640625,0.2557525634765625,0.21135711669921875,0.27359771728515625,0.24735260009765625,83.38362121582031,0.10308074951171875,5.9016571044921875,2.8806381225585938,0.5603408813476563,0.25839996337890625,7.05023193359375,1.415924072265625,0,207718.435546875,217502.2442626953,0,34088599552,2147483648,8590176256,0
200,1787750724165,3500,3500,3500,3500,3500,3500,3500,3500,3500,3500,3500,3500,3500,3500,3500,3500,3500,3500,3500,3500,3.3783111572265625,12.363845825195313,0.31642913818359375,0.32840728759765625,2.8270950317382813,0.351806640625,2.86651611328125,0.316375732421875,0.3096923828125,0.30405426025390625,0.3135833740234375,0.2558441162109375,41.92534637451172,0.26108551025390625,20.76892852783203,0.35320281982421875,33.7027587890625,2.7935104370117188,2.9852828979492188,0.37346649169921875,0,207727.23065185547,217508.91302490234,0,34088599552,2147483648,8590176256,0
200,1787750724365,3500,3500,3500,3500,3500,3500,3500,3500,3500,3500,3500,3500,3500,3500,3500,3500,3500,3500,3500,3500,0.6999130249023438,9.765754699707031,0.27552032470703125,2.8331756591796875,0.38237762451171875,0.4911346435546875,0.38288116455078125,0.47040557861328125,0.3815765380859375,2.7750244140625,0.29245758056640625,0.341461181640625,36.859474182128906,2.6992340087890625,57.259307861328125,0.18988800048828125,0.33441925048828125,0.2998504638671875,0.31183624267578125,0.29395294189453125,0,207736.505859375,217516.05767822266,0,34088599552,2147483648,8590176256,0
200,1787750724565,3500,3500,3500,3500,3500,3500,3500,3500,3500,3500,3500,3500,3500,3500,3500,3500,3500,3500,3500,3500,0.722808837890625,5.927574157714844,0.302398681640625,0.328369140625,0.3380584716796875,0.3762664794921875,0.29605865478515625,2.8419036865234375,2.9881820678710938,0.8243942260742188,2.89984130859375,0.35134124755859375,45.72587966918945,0.19472503662109375,55.718143463134766,0.19097900390625,0.29510498046875,0.3152313232421875,0.31818389892578125,0.29386138916015625,0,207744.43322753906,217521.8690185547,0,34088599552,2147483648,8590299136,0
200,1787750724766,3500,3500,3500,3500,3500,3500,3500,3500,3500,3500,3500,3500,3500,3500,3500,3500,3500,3500,3500,3500,0.7634506225585938,13.120689392089844,0.27689361572265625,0.27593994140625,0.2646636962890625,2.81732177734375,0.30458831787109375,0.278289794921875,0.44832611083984375,0.4563140869140625,0.36443328857421875,2.9310150146484375,40.176475524902344,0.19918060302734375,9.53118896484375,0.2285308837890625,51.47870635986328,0.188751220703125,11.4935302734375,0.25388336181640625,0,207754.1534423828,217529.42993164063,0,34088599552,2147483648,8590299136,0
200,1787750724966,3500,3500,3500,3500,3500,3500,3500,3500,3500,3500,3500,3500,3500,3500,3500,3500,3500,3500,3500,3500,0.6830062866210938,13.655998229980469,2.8360214233398438,0.27410888671875,0.24971771240234375,0.30224609375,0.2355499267578125,0.33013153076171875,0.48097991943359375,0.4075469970703125,0.49549102783203125,0.4801788330078125,74.33450317382813,0.1522979736328125,18.574363708496094,2.7820510864257813,0.31092071533203125,0.31591033935546875,0.2726593017578125,2.8606185913085938,0,207764.34802246094,217537.50170898438,0,34088599552,2147483648,8590278656,0
200,1787750725166,3500,3500,3500,3500,3500,3500,3500,3500,3500,3500,3500,3500,3500,3500,3500,3500,3500,3500,3500,3500,0.9306411743164063,10.647171020507813,0.289093017578125,0.30648040771484375,2.969024658203125,0.36440277099609375,2.88037109375,0.3463134765625,0.5079727172851563,0.41367340087890625,0.4858856201171875,0.47418975830078125,5.731712341308594,0.18289947509765625,89.12895202636719,0.151214599609375,2.8550338745117188,2.8229522705078125,2.8335952758789063,0.28399658203125,0,207773.7713623047,217544.8055419922,0,34088599552,2147483648,8590278656,0
200,1787750725367,3500,3500,3500,3500,3500,3500,3500,3500,3500,3500,3500,3500,3500,3500,3500,3500,3500,3500,3500,3500,3.129150390625,12.381538391113281,0.260986328125,2.8463592529296875,0.45975494384765625,0.4431915283203125,0.31591796875,0.34295654296875,0.43271636962890625,2.9143142700195313,0.43286895751953125,0.4559173583984375,47.39449691772461,2.6855087280273438,46.078834533691406,0.178466796875,0.49802398681640625,0.34116363525390625,0.26532745361328125,0.2898712158203125,0,207783.06866455078,217551.97717285156,0,34088599552,2147483648,8590278656,0
200,1787750725567,3500,3500,3500,3500,3500,3500,3500,3500,3500,3500,3500,3500,3500,3500,3500,3500,3500,3500,3500,3500,0.7599029541015625,7.890113830566406,0.28752899169921875,0.29126739501953125,0.44384002685546875,0.39983367919921875,0.3446044921875,2.9002151489257813,2.74395751953125,0.32344818115234375,2.7050933837890625,0.3192596435546875,23.030616760253906,0.21263885498046875,17.548240661621094,0.28348541259765625,15.500625610351563,0.3102264404296875,52.28544998168945,0.21334075927734375,0,207791.0230102539,217557.7857055664,0,34088599552,2147483648,8590671872,0
200,1787750725768,3500,3500,3500,3500,3500,3500,3500,3500,3500,3500,3500,3500,3500,3500,3500,3500,3500,3500,3500,3500,0.9051742553710938,22.51531982421875,0.32749176025390625,0.33951568603515625,0.49483489990234375,3.0202713012695313,0.38909149169921875,0.4415130615234375,0.35916900634765625,0.27696990966796875,0.28829193115234375,2.801910400390625,1.6346282958984375,0.31443023681640625,41.378028869628906,0.2846527099609375,0.41253662109375,0.3771209716796875,41.48960494995117,0.26055908203125,0,207800.05487060547,217564.69104003906,0,34088599552,2147483648,8590671872,0
200,1787750725968,3500,3500,3500,3500,3500,3500,3500,3500,3500,3500,3500,3500,3500,3500,3500,3500,3500,3500,3500,3500,2.2694625854492188,9.285263061523438,2.78448486328125,0.2810821533203125,0.315582275390625,0.44281768798828125,0.302703857421875,0.427734375,0.21965789794921875,0.306396484375,0.282379150390625,0.23044586181640625,58.02959442138672,0.18865203857421875,41.01491165161133,2.7080841064453125,0.25860595703125,0.28122711181640625,0.36566925048828125,2.8603286743164063,0,207810.3349609375,217572.83111572266,0,34088599552,2147483648,8590671872,0
200,1787750726168,3500,3500,3500,3500,3500,3500,3500,3500,3500,3500,3500,3500,3500,3500,3500,3500,3500,3500,3500,3500,0.8795013427734375,23.81536102294922,0.29328155517578125,0.3139495849609375,2.8299484252929688,0.23557281494140625,2.8097763061523438,0.289886474609375,0.27835845947265625,0.2373199462890625,0.3157501220703125,0.33112335205078125,28.27576446533203,0.22818756103515625,51.53700637817383,0.17581939697265625,9.587249755859375,2.805633544921875,2.8646392822265625,0.33571624755859375,0,207819.1339111328,217579.4868774414,0,34088599552,2147483648,8590671872,0
199,1787750726369,3500,3500,3500,3500,3500,3500,3500,3500,3500,3500,3500,3500,3500,3500,3500,3500,3500,3500,3500,3500,3.264678955078125,10.591255187988281,0.29241180419921875,2.8486099243164063,1.388916015625,0.3400421142578125,0.2276153564453125,0.26906585693359375,0.29210662841796875,2.171966552734375,0.34857940673828125,0.262725830078125,34.3043212890625,2.7516937255859375,61.24361038208008,0.1675567626953125,0.34822845458984375,0.31356048583984375,0.36623382568359375,0.3212432861328125,0,207829.86108398438,217588.06970214844,0,34088599552,2147483648,8590979072,0
200,1787750726569,3500,3500,3500,3500,3500,3500,3500,3500,3500,3500,3500,3500,3500,3500,3500,3500,3500,3500,3500,3500,0.7252655029296875,23.40833282470703,0.31282806396484375,0.29943084716796875,0.8797531127929688,0.207916259765625,0.37220001220703125,2.8165817260742188,2.835174560546875,1.5821762084960938,2.845123291015625,0.27819061279296875,3.88226318359375,0.27489471435546875,0.568878173828125,0.35430908203125,78.86972045898438,0.17607879638671875,0.4326324462890625,0.4063873291015625,0,207837.05206298828,217593.14715576172,0,34088599552,2147483648,8591319040,0
200,1787750726769,3500,3500,3500,3500,3500,3500,3500,3500,3500,3500,3500,3500,3500,3500,3500,3500,3500,3500,3500,3500,0.8476409912109375,10.080665588378906,0.30710601806640625,0.29653167724609375,0.2756805419921875,2.810577392578125,0.282318115234375,0.28460693359375,0.38683319091796875,0.3734588623046875,0.39959716796875,2.8628082275390625,8.0079345703125,0.21466827392578125,39.45173263549805,0.2823638916015625,46.49643325805664,0.2157135009765625,0.40464019775390625,0.40209197998046875,0,207844.93420410156,217598.89575195313,0,34088599552,2147483648,8591319040,0
200,1787750726970,3500,3500,3500,3500,3500,3500,3500,3500,3500,3500,3500,3500,3500,3500,3500,3500,3500,3500,3500,3500,0.7097320556640625,19.160537719726563,2.7758712768554688,0.26766204833984375,0.24935150146484375,0.25244140625,0.2924041748046875,0.1649322509765625,0.247955322265625,0.30098724365234375,0.28401947021484375,0.273193359375,40.09719467163086,0.2078399658203125,19.437973022460938,2.7626953125,34.8404541015625,0.28676605224609375,0.4550933837890625,2.8376312255859375,0,207853.47338867188,217605.30029296875,0,34088599552,2147483648,8592490496,0
200,1787750727170,3500,3500,3500,3500,3500,3500,3500,3500,3500,3500,3500,3500,3500,3500,3500,3500,3500,3500,3500,3500,0.7590713500976563,9.413040161132813,0.29388427734375,0.3546295166015625,2.8318557739257813,0.25537109375,2.8050765991210938,0.25891876220703125,0.3349456787109375,0.31166839599609375,0.33225250244140625,0.31021881103515625,29.810165405273438,0.21810150146484375,69.00135040283203,0.18103790283203125,2.9266738891601563,2.9085845947265625,2.94390869140625,0.41107940673828125,0,207863.13037109375,217612.81414794922,0,34088599552,2147483648,8592490496,0
199,1787750727370,3500,3500,3500,3500,3500,3500,3500,3500,3500,3500,3500,3500,3500,3500,3500,3500,3500,3500,3500,3500,3.1745452880859375,11.233016967773438,0.3096923828125,2.8380203247070313,0.2505340576171875,0.27666473388671875,0.31723785400390625,0.29625701904296875,0.3311309814453125,0.28865814208984375,0.2749176025390625,0.31484222412109375,47.218143463134766,2.731842041015625,46.01783752441406,0.21466064453125,0.37085723876953125,0.39963531494140625,0.4162750244140625,0.4038848876953125,0,207873.0526123047,217620.6224975586,0,34088599552,2147483648,8592916480,0
200,1787750727570,3500,3500,3500,3500,3500,3500,3500,3500,3500,3500,3500,3500,3500,3500,3500,3500,3500,3500,3500,3500,0.652252197265625,3.047027587890625,0.26805877685546875,0.24826812744140625,0.25406646728515625,0.22483062744140625,0.249267578125,2.7440872192382813,2.745941162109375,2.7564315795898438,2.8098068237304688,0.27570343017578125,4.070381164550781,0.2087860107421875,100,0.09814453125,0.34931182861328125,0.36016082763671875,0.37105560302734375,0.3675079345703125,0,207881.13403320313,217626.57232666016,0,34088599552,2147483648,8593149952,0
199,1787750727770,3500,3500,3500,3500,3500,3500,3500,3500,3500,3500,3500,3500,3500,3500,3500,3500,3500,3500,3500,3500,0.881683349609375,12.951461791992188,0.28816986083984375,0.300750732421875,0.21321868896484375,2.1211929321289063,0.3324127197265625,0.2772369384765625,0.27728271484375,0.3164825439453125,0.264251708984375,2.7734298706054688,16.360206604003906,0.23703765869140625,73.15911102294922,0.17931365966796875,19.040512084960938,0.29331207275390625,0.3864898681640625,0.34629058837890625,0,207889.62280273438,217632.90728759766,0,34088599552,2147483648,8597217280,0
200,1787750727970,3500,3500,3500,3500,3500,3500,3500,3500,3500,3500,3500,3500,3500,3500,3500,3500,3500,3500,3500,3500,0.654632568359375,21.948081970214844,6.833122253417969,0.270111083984375,7.695381164550781,0.9270401000976563,0.33133697509765625,0.322296142578125,0.37352752685546875,5.4461822509765625,0.363525390625,0.3524322509765625,32.26329040527344,0.2271728515625,43.952091217041016,2.7804718017578125,76.18409729003906,0.14205169677734375,17.814109802246094,2.7985153198242188,0,207899.35290527344,217640.4526977539,0,34088599552,2147483648,8609161216,0
200,1787750728171,3500,3500,3500,3500,3500,3500,3500,3500,3500,3500,3500,3500,3500,3500,3500,3500,3500,3500,3500,3500,0.4972076416015625,43.924713134765625,6.905616760253906,0.30377197265625,15.559883117675781,0.26511383056640625,2.8526992797851563,0.26860809326171875,0.31963348388671875,15.462020874023438,1.1359710693359375,0.28586578369140625,30.240829467773438,0.21543121337890625,77.38949584960938,0.16365814208984375,27.959503173828125,2.7168731689453125,38.353145599365234,0.24042510986328125,0,207911.07415771484,217649.97534179688,0,34088599552,2147483648,8628764672,0
200,1787750728371,3500,3500,3500,3500,3500,3500,3500,3500,3500,3500,3500,3500,3500,3500,3500,3500,3500,3500,3500,3500,3.2278518676757813,30.319114685058594,0.29217529296875,2.8282241821289063,0.279693603515625,0.336883544921875,0.23638153076171875,0.24297332763671875,0.4286041259765625,0.3105621337890625,0.34552764892578125,0.3534698486328125,40.937198638916016,2.7356109619140625,35.15312194824219,0.20905303955078125,7.109840393066406,0.2919769287109375,0.301422119140625,0.3380889892578125,0,207920.66931152344,217657.4266357422,0,34088599552,2147483648,8631267328,0
200,1787750728572,3500,3500,3500,3500,3500,3500,3500,3500,3500,3500,3500,3500,3500,3500,3500,3500,3500,3500,3500,3500,0.8127365112304688,4.545318603515625,0.31964874267578125,0.3224945068359375,0.2867279052734375,0.2555999755859375,0.32798004150390625,2.8278579711914063,2.8257064819335938,3.4813156127929688,2.8710556030273438,0.27535247802734375,3.5864715576171875,0.2442779541015625,6.619544982910156,0.32558441162109375,66.7678451538086,0.240631103515625,26.002593994140625,0.34947967529296875,0,207929.04962158203,217663.6768798828,0,34088599552,2147483648,8631455744,0
199,1787750728772,3500,3500,3500,3500,3500,3500,3500,3500,3500,3500,3500,3500,3500,3500,3500,3500,3500,3500,3500,3500,0.9265060424804688,2.8887710571289063,0.32028961181640625,0.33666229248046875,0.3063507080078125,0.27709197998046875,0.3158416748046875,0.249176025390625,0.338714599609375,0.31768798828125,0.31219482421875,2.8343429565429688,1.183319091796875,0.2401885986328125,0.3666229248046875,0.405029296875,0.3228302001953125,0.35663604736328125,100,0.142913818359375,0,207937.81951904297,217670.7074584961,0,34088599552,2147483648,8631451648,0
200,1787750728972,3500,3500,3500,3500,3500,3500,3500,3500,3500,3500,3500,3500,3500,3500,3500,3500,3500,3500,3500,3500,0.746002197265625,19.43018341064453,0.27033233642578125,0.29923248291015625,0.8991928100585938,2.8583145141601563,0.3815765380859375,0.35257720947265625,0.49451446533203125,2.2372512817382813,0.42346954345703125,0.371673583984375,43.42307662963867,0.1429443359375,19.367141723632813,2.7735671997070313,20.836143493652344,0.2268829345703125,7.501258850097656,2.7603683471679688,0,207949.2191772461,217679.96118164063,0,34088599552,2147483648,8630546432,0
200,1787750729172,3500,3500,3500,3500,3500,3500,3500,3500,3500,3500,3500,3500,3500,3500,3500,3500,3500,3500,3500,3500,0.7109222412109375,12.434814453125,2.8134689331054688,0.287322998046875,2.9919357299804688,0.44976043701171875,3.0235443115234375,0.45925140380859375,0.47308349609375,0.45745086669921875,0.39278411865234375,0.5054855346679688,30.540359497070313,0.18959808349609375,60.396209716796875,0.19963836669921875,13.327499389648438,2.77716064453125,2.8295974731445313,0.2943115234375,0,207958.53778076172,217686.8969116211,0,34088599552,2147483648,8631332864,0
200,1787750729372,3500,3500,3500,3500,3500,3500,3500,3500,3500,3500,3500,3500,3500,3500,3500,3500,3500,3500,3500,3500,3.228851318359375,22.368942260742188,0.43383026123046875,2.8208389282226563,0.49875640869140625,0.46949005126953125,0.46923828125,0.48447418212890625,0.4717864990234375,0.5007095336914063,0.4593505859375,0.49102020263671875,50.85200119018555,2.7178497314453125,13.026618957519531,0.2502288818359375,28.63275146484375,0.26876068115234375,0.38538360595703125,0.30377197265625,0,207967.40728759766,217693.61590576172,0,34088599552,2147483648,8619139072,0
199,1787750729572,3500,3500,3500,3500,3500,3500,3500,3500,3500,3500,3500,3500,3500,3500,3500,3500,3500,3500,3500,3500,0.7825164794921875,3.8929595947265625,0.2890167236328125,0.3069000244140625,0.341827392578125,0.43270111083984375,0.33718109130859375,2.8837203979492188,2.7856521606445313,2.90679931640625,2.825469970703125,0.2843170166015625,31.429771423339844,0.25939178466796875,46.018890380859375,0.22751617431640625,26.61376190185547,0.262786865234375,0.3555145263671875,0.3105010986328125,0,207976.5775756836,217701.07495117188,0,34088599552,2147483648,8618758144,0
200,1787750729773,3500,3500,3500,3500,3500,3500,3500,3500,3500,3500,3500,3500,3500,3500,3500,3500,3500,3500,3500,3500,0.8480072021484375,25.564712524414063,0.293548583984375,0.28260040283203125,0.39493560791015625,0.2324066162109375,0.26850128173828125,0.28659820556640625,0.2024688720703125,12.00714111328125,0.271453857421875,2.776824951171875,17.14556121826172,0.21456146240234375,56.67417907714844,0.18811798095703125,12.924484252929688,0.276153564453125,0.40747833251953125,0.3983306884765625,0,207986.08251953125,217708.29028320313,0,34088599552,2147483648,8618659840,0
200,1787750729973,3500,3500,3500,3500,3500,3500,3500,3500,3500,3500,3500,3500,3500,3500,3500,3500,3500,3500,3500,3500,2.3604278564453125,11.349357604980469,0.32112884521484375,0.300506591796875,0.27873992919921875,2.7833023071289063,0.21588134765625,0.2584228515625,0.29821014404296875,0.7663726806640625,0.27529144287109375,0.315582275390625,61.59933853149414,0.16650390625,27.219161987304688,2.76483154296875,19.913558959960938,0.274444580078125,0.6513900756835938,2.8957901000976563,0,207996.19018554688,217715.8758544922,0,34088599552,2147483648,8619462656,0
200,1787750730173,3500,3500,3500,3500,3500,3500,3500,3500,3500,3500,3500,3500,3500,3500,3500,3500,3500,3500,3500,3500,0.8469085693359375,12.766487121582031,2.87017822265625,0.3789215087890625,2.8572616577148438,0.2910614013671875,2.792938232421875,0.2665252685546875,0.36261749267578125,0.2774505615234375,0.29898834228515625,0.24857330322265625,4.3719635009765625,0.2687225341796875,16.936492919921875,0.3370361328125,30.186569213867188,2.7752838134765625,49.43620300292969,0.218658447265625,0,208005.64373779297,217723.19354248047,0,34088599552,2147483648,8616534016,0
200,1787750730374,3500,3500,3500,3500,3500,3500,3500,3500,3500,3500,3500,3500,3500,3500,3500,3500,3500,3500,3500,3500,3.3181304931640625,13.514053344726563,0.33733367919921875,2.89727783203125,0.372650146484375,0.2059783935546875,0.30182647705078125,0.26036834716796875,0.23284912109375,0.55120849609375,0.3536224365234375,0.30926513671875,46.410789489746094,2.7323074340820313,27.21375274658203,0.2737579345703125,12.327133178710938,0.27405548095703125,8.065963745117188,0.314208984375,0,208014.2734375,217729.70153808594,0,34088599552,2147483648,8615641088,0
200,1787750730574,3500,3500,3500,3500,3500,3500,3500,3500,3500,3500,3500,3500,3500,3500,3500,3500,3500,3500,3500,3500,0.7015914916992188,22.761558532714844,5.452239990234375,0.25630950927734375,0.25371551513671875,0.23166656494140625,0.2239837646484375,2.834747314453125,2.8870773315429688,3.1001815795898438,2.8726577758789063,0.34725189208984375,53.11001205444336,0.15738677978515625,41.82371520996094,0.274017333984375,6.6932373046875,0.3467559814453125,5.194427490234375,0.28903961181640625,0,208024.90173339844,217738.16668701172,0,34088599552,2147483648,8613752832,0
200,1787750730774,3500,3500,3500,3500,3500,3500,3500,3500,3500,3500,3500,3500,3500,3500,3500,3500,3500,3500,3500,3500,0.8567352294921875,10.862709045410156,0.315887451171875,0.283660888671875,0.3109893798828125,0.3027496337890625,0.31214141845703125,0.299652099609375,0.2892608642578125,0.31273651123046875,0.41705322265625,2.6895599365234375,28.662338256835938,0.215667724609375,64.5234375,0.18194580078125,0.4537200927734375,0.397216796875,0.4958343505859375,0.39617156982421875,0,208034.76824951172,217745.9022216797,0,34088599552,2147483648,8613752832,0
200,1787750730974,3500,3500,3500,3500,3500,3500,3500,3500,3500,3500,3500,3500,3500,3500,3500,3500,3500,3500,3500,3500,0.7677230834960938,4.822257995605469,0.3489990234375,0.30535125732421875,0.44564056396484375,2.721649169921875,0.3379669189453125,0.218902587890625,0.3360137939453125,0.5396881103515625,0.3308258056640625,0.402740478515625,53.697513580322266,0.18898773193359375,50.483673095703125,2.7351303100585938,0.39565277099609375,0.45278167724609375,0.3578948974609375,2.8757705688476563,0,208044.12060546875,217753.12145996094,0,34088599552,2147483648,8613748736,0
200,1787750731175,3500,3500,3500,3500,3500,3500,3500,3500,3500,3500,3500,3500,3500,3500,3500,3500,3500,3500,3500,3500,0.8606109619140625,13.50762939453125,2.8664932250976563,0.3364715576171875,0.3855743408203125,0.16943359375,2.7728347778320313,0.273681640625,0.211944580078125,0.2253265380859375,0.19745635986328125,0.27083587646484375,17.72264862060547,0.1836700439453125,76.69401550292969,0.14575958251953125,0.3965606689453125,2.8942642211914063,2.7760848999023438,0.2466583251953125,0,208051.87432861328,217758.74700927734,0,34088599552,2147483648,8613740544,0
200,1787750731375,3500,3500,3500,3500,3500,3500,3500,3500,3500,3500,3500,3500,3500,3500,3500,3500,3500,3500,3500,3500,3.2812271118164063,6.045623779296875,0.4716339111328125,2.846954345703125,2.968170166015625,0.5141372680664063,0.3802337646484375,0.3776397705078125,0.3810882568359375,1.462005615234375,0.7117233276367188,0.573028564453125,66.15821838378906,2.7364730834960938,39.174129486083984,0.296875,4.022270202636719,0.36879730224609375,0.39492034912109375,0.32984161376953125,0,208062.11407470703,217766.85229492188,0,34088599552,2147483648,8613990400,0
200,1787750731575,3500,3500,3500,3500,3500,3500,3500,3500,3500,3500,3500,3500,3500,3500,3500,3500,3500,3500,3500,3500,0.8712539672851563,3.669097900390625,0.31821441650390625,0.32225799560546875,0.45218658447265625,0.4073944091796875,0.38150787353515625,2.9603958129882813,2.8636856079101563,3.2640457153320313,2.8267745971679688,0.25592041015625,51.12858963012695,0.19068145751953125,39.63888931274414,0.2176666259765625,15.097450256347656,0.2659912109375,0.3099822998046875,0.31168365478515625,0,208073.138671875,217775.74389648438,0,34088599552,2147483648,8614100992,0
200,1787750731775,3500,3500,3500,3500,3500,3500,3500,3500,3500,3500,3500,3500,3500,3500,3500,3500,3500,3500,3500,3500,0.8285064697265625,11.509223937988281,0.30358123779296875,0.294342041015625,0.49285125732421875,0.37188720703125,0.39112091064453125,0.3917236328125,0.3251190185546875,0.292694091796875,0.28260040283203125,0.33126068115234375,82.84716796875,0.1556854248046875,0.44533538818359375,0.341156005859375,9.672531127929688,0.2886962890625,0.2876434326171875,0.3118743896484375,0,208081.8643798828,217782.34057617188,0,34088599552,2147483648,8614084608,0
200,1787750731976,3500,3500,3500,3500,3500,3500,3500,3500,3500,3500,3500,3500,3500,3500,3500,3500,3500,3500,3500,3500,0.8378067016601563,18.37311553955078,0.30113983154296875,0.30823516845703125,0.406982421875,2.9282913208007813,0.35016632080078125,0.39633941650390625,0.30074310302734375,0.3113861083984375,0.23372650146484375,2.8558273315429688,54.97942352294922,0.198394775390625,33.93882751464844,2.722900390625,0.3419647216796875,0.3634033203125,0.295440673828125,2.8397903442382813,0,208092.22509765625,217790.58782958984,0,34088599552,2147483648,8614088704,0
200,1787750732176,3500,3500,3500,3500,3500,3500,3500,3500,3500,3500,3500,3500,3500,3500,3500,3500,3500,3500,3500,3500,0.7553482055664063,16.52509307861328,4.1406707763671875,0.33322906494140625,0.4357452392578125,0.45265960693359375,2.9377975463867188,0.46633148193359375,0.30388641357421875,0.36981201171875,0.19464111328125,0.3078765869140625,45.334205627441406,0.21186065673828125,24.968734741210938,0.2479400634765625,26.793594360351563,1.6088638305664063,6.143455505371094,0.34096527099609375,0,208101.09698486328,217797.2967529297,0,34088599552,2147483648,8614481920,0
200,1787750732376,3500,3500,3500,3500,3500,3500,3500,3500,3500,3500,3500,3500,3500,3500,3500,3500,3500,3500,3500,3500,3.1751327514648438,10.450111389160156,0.29428863525390625,2.7888412475585938,2.8500289916992188,0.31751251220703125,0.29907989501953125,0.326751708984375,0.26107025146484375,0.33983612060546875,0.2932891845703125,0.36995697021484375,23.616294860839844,2.7844924926757813,1.0742568969726563,0.29778289794921875,72.74256896972656,1.2764434814453125,0.31166839599609375,0.33100128173828125,0,208108.14135742188,217802.22387695313,0,34088599552,2147483648,8614477824,0
200,1787750732576,3500,3500,3500,3500,3500,3500,3500,3500,3500,3500,3500,3500,3500,3500,3500,3500,3500,3500,3500,3500,0.7929916381835938,10.566848754882813,0.3507843017578125,0.32884979248046875,0.4511566162109375,0.39824676513671875,0.483428955078125,2.9371490478515625,2.8237838745117188,2.88214111328125,2.81964111328125,0.30097198486328125,3.7277908325195313,0.3262481689453125,69.5453109741211,0.18840789794921875,23.234230041503906,0.31735992431640625,0.32555389404296875,0.32965087890625,0,208115.66162109375,217807.62042236328,0,34088599552,2147483648,8614866944,0
200,1787750732777,3500,3500,3500,3500,3500,3500,3500,3500,3500,3500,3500,3500,3500,3500,3500,3500,3500,3500,3500,3500,0.7107620239257813,6.795417785644531,0.31487274169921875,0.2728424072265625,0.2557220458984375,0.24384307861328125,0.2415008544921875,0.23355865478515625,0.31801605224609375,0.44820404052734375,0.3454742431640625,0.38216400146484375,43.09174346923828,0.1528472900390625,43.50590515136719,0.21219635009765625,15.62799072265625,0.22657012939453125,0.26645660400390625,0.24289703369140625,0,208125.3299560547,217815.15454101563,0,34088599552,2147483648,8615325696,0
200,1787750732977,3500,3500,3500,3500,3500,3500,3500,3500,3500,3500,3500,3500,3500,3500,3500,3500,3500,3500,3500,3500,0.7967376708984375,4.802803039550781,0.35871124267578125,0.34578704833984375,0.2394866943359375,2.766021728515625,0.2337493896484375,0.3401031494140625,0.40485382080078125,0.5066604614257813,0.4646148681640625,2.9896011352539063,1.7439193725585938,0.29814910888671875,3.0665206909179688,0.279144287109375,100,0.1219635009765625,0.2758026123046875,2.8243865966796875,0,208134.11462402344,217821.8003540039,0,34088599552,2147483648,8615325696,0
200,1787750733177,3500,3500,3500,3500,3500,3500,3500,3500,3500,3500,3500,3500,3500,3500,3500,3500,3500,3500,3500,3500,0.9144821166992188,6.290382385253906,2.8663482666015625,0.3434600830078125,0.3531036376953125,0.3162841796875,2.8496627807617188,0.43768310546875,0.4593658447265625,0.49777984619140625,0.5584335327148438,0.49468231201171875,41.707298278808594,0.19803619384765625,41.87895584106445,2.7202224731445313,18.990432739257813,0.273468017578125,2.7987518310546875,0.3167877197265625,0,208143.14959716797,217828.69793701172,0,34088599552,2147483648,8615309312,0
199,1787750733378,3500,3500,3500,3500,3500,3500,3500,3500,3500,3500,3500,3500,3500,3500,3500,3500,3500,3500,3500,3500,3.2219924926757813,3.1213531494140625,0.32837677001953125,2.8301467895507813,2.795166015625,0.24524688720703125,0.30861663818359375,0.3552703857421875,0.5223312377929688,0.4601593017578125,0.5096511840820313,0.5088577270507813,1.6077499389648438,2.8238601684570313,28.532691955566406,0.28920745849609375,75.00595092773438,2.7341461181640625,0.30841827392578125,0.32453155517578125,0,208152.74420166016,217836.16522216797,0,34088599552,2147483648,8615276544,0
200,1787750733578,3500,3500,3500,3500,3500,3500,3500,3500,3500,3500,3500,3500,3500,3500,3500,3500,3500,3500,3500,3500,0.8036041259765625,13.0675048828125,0.29886627197265625,0.27916717529296875,0.455841064453125,0.30950927734375,0.2170257568359375,2.8497543334960938,2.9278411865234375,3.2224044799804688,2.9417877197265625,0.41735076904296875,18.327316284179688,0.27056884765625,31.21014404296875,0.27741241455078125,48.22636795043945,0.25421905517578125,0.25237274169921875,0.28771209716796875,0,208162.36877441406,217843.63940429688,0,34088599552,2147483648,8615870464,0
200,1787750733778,3500,3500,3500,3500,3500,3500,3500,3500,3500,3500,3500,3500,3500,3500,3500,3500,3500,3500,3500,3500,0.819732666015625,10.920578002929688,0.3946990966796875,0.4033966064453125,0.3642730712890625,0.3387908935546875,0.3999481201171875,0.32305908203125,0.482635498046875,0.415985107421875,0.505218505859375,0.49517822265625,40.83021926879883,0.1819610595703125,53.89607238769531,0.245361328125,0.3323516845703125,0.341094970703125,0.4014434814453125,0.405242919921875,0,208172.67388916016,217851.83123779297,0,34088599552,2147483648,8615870464,0
200,1787750733978,3500,3500,3500,3500,3500,3500,3500,3500,3500,3500,3500,3500,3500,3500,3500,3500,3500,3500,3500,3500,2.3392486572265625,4.2362213134765625,0.4293365478515625,0.43243408203125,0.29688262939453125,2.7684860229492188,0.35623931884765625,0.24826812744140625,0.434234619140625,0.549652099609375,0.44377899169921875,3.0149078369140625,58.14360046386719,0.21219635009765625,45.72773361206055,0.24971771240234375,0.3004302978515625,0.32201385498046875,0.40545654296875,2.9453048706054688,0,208182.4301147461,217859.45672607422,0,34088599552,2147483648,8615936000,0
200,1787750734178,3500,3500,3500,3500,3500,3500,3500,3500,3500,3500,3500,3500,3500,3500,3500,3500,3500,3500,3500,3500,0.822418212890625,19.54718780517578,2.8934860229492188,0.3947296142578125,0.37096405029296875,0.23041534423828125,2.8507003784179688,0.281097412109375,0.3254852294921875,9.255889892578125,0.34195709228515625,0.44156646728515625,30.02417755126953,0.19991302490234375,64.77690124511719,2.6755523681640625,12.858856201171875,0.24859619140625,2.8735198974609375,0.30930328369140625,0,208192.15173339844,217867.03387451172,0,34088599552,2147483648,8619655168,0
199,1787750734379,3500,3500,3500,3500,3500,3500,3500,3500,3500,3500,3500,3500,3500,3500,3500,3500,3500,3500,3500,3500,3.2082672119140625,14.29156494140625,80.58944702148438,2.726165771484375,2.8306427001953125,0.277435302734375,0.261627197265625,0.29593658447265625,0.2935943603515625,0.23668670654296875,0.309051513671875,0.386505126953125,72.27715301513672,2.7209243774414063,17.40009307861328,0.34027099609375,11.020805358886719,2.8140335083007813,1.4163436889648438,0.30989837646484375,0,208203.96844482422,217876.66412353516,0,34088599552,2147483648,8639717376,0
200,1787750734579,3500,3500,3500,3500,3500,3500,3500,3500,3500,3500,3500,3500,3500,3500,3500,3500,3500,3500,3500,3500,0.7420883178710938,13.857429504394531,44.22614288330078,0.202117919921875,0.2331695556640625,0.319549560546875,0.23181915283203125,2.8445816040039063,2.7940902709960938,7.947837829589844,2.8423385620117188,0.24491119384765625,29.87248992919922,0.24051666259765625,8.983840942382813,0.2418670654296875,24.849075317382813,0.2399139404296875,0.31580352783203125,0.3019561767578125,0,208213.15356445313,217883.69366455078,0,34088599552,2147483648,8641806336,0
200,1787750734779,3500,3500,3500,3500,3500,3500,3500,3500,3500,3500,3500,3500,3500,3500,3500,3500,3500,3500,3500,3500,0.8708419799804688,7.513580322265625,0.2975311279296875,0.37218475341796875,0.3024139404296875,0.2518463134765625,0.33687591552734375,0.27718353271484375,0.23668670654296875,0.2686004638671875,0.2800750732421875,0.33443450927734375,32.56786346435547,0.21698760986328125,30.99578857421875,0.241973876953125,54.027015686035156,0.24227142333984375,0.326751708984375,0.25324249267578125,0,208223.78161621094,217892.17694091797,0,34088599552,2147483648,8641863680,0
200,1787750734980,3500,3500,3500,3500,3500,3500,3500,3500,3500,3500,3500,3500,3500,3500,3500,3500,3500,3500,3500,3500,0.6194000244140625,10.056488037109375,0.38848876953125,0.4191741943359375,0.26474761962890625,2.8315658569335938,0.2979278564453125,0.3203277587890625,0.26190185546875,0.4510040283203125,0.23096466064453125,2.8647003173828125,20.689468383789063,0.234954833984375,61.28474044799805,0.22088623046875,37.71116256713867,0.3126983642578125,0.296875,2.8235397338867188,0,208232.90167236328,217899.51458740234,0,34088599552,2147483648,8642523136,0
200,1787750735180,3500,3500,3500,3500,3500,3500,3500,3500,3500,3500,3500,3500,3500,3500,3500,3500,3500,3500,3500,3500,0.8376312255859375,14.534187316894531,2.8530502319335938,0.368408203125,0.275482177734375,0.2658538818359375,2.813720703125,0.23705291748046875,0.2432403564453125,0.3675079345703125,0.28716278076171875,0.2411956787109375,16.12060546875,0.24823760986328125,26.80047607421875,2.7620697021484375,70.05432891845703,0.14597320556640625,0.3092193603515625,0.280975341796875,0,208242.97033691406,217907.43035888672,0,34088599552,2147483648,8642834432,0
200,1787750735380,3500,3500,3500,3500,3500,3500,3500,3500,3500,3500,3500,3500,3500,3500,3500,3500,3500,3500,3500,3500,3.1240234375,8.434608459472656,0.27761077880859375,2.7923202514648438,2.7941665649414063,0.2011871337890625,0.28749847412109375,0.23140716552734375,0.27600860595703125,0.36826324462890625,0.30982208251953125,0.23455047607421875,24.226951599121094,2.7630996704101563,56.2218017578125,0.15139007568359375,36.90385818481445,2.8103561401367188,2.7878265380859375,0.30483245849609375,0,208252.69537353516,217915.1381225586,0,34088599552,2147483648,8642805760,0
200,1787750735581,3500,3500,3500,3500,3500,3500,3500,3500,3500,3500,3500,3500,3500,3500,3500,3500,3500,3500,3500,3500,0.733734130859375,14.025115966796875,0.3546295166015625,0.3028411865234375,0.27562713623046875,0.2873077392578125,0.339447021484375,2.764434814453125,2.8431854248046875,2.7573394775390625,2.7832107543945313,0.27617645263671875,35.01319885253906,0.22802734375,73.28958129882813,0.186981201171875,0.4171600341796875,0.38085174560546875,0.3249664306640625,0.28411102294921875,0,208263.33166503906,217923.21258544922,0,34088599552,2147483648,8643022848,0
200,1787750735781,3500,3500,3500,3500,3500,3500,3500,3500,3500,3500,3500,3500,3500,3500,3500,3500,3500,3500,3500,3500,0.75787353515625,21.380706787109375,0.344268798828125,0.3187408447265625,0.34127044677734375,0.33048248291015625,0.2915191650390625,0.31589508056640625,0.2121429443359375,0.5586624145507813,0.2612457275390625,0.37499237060546875,24.766502380371094,0.273284912109375,49.331993103027344,0.18277740478515625,35.88316345214844,0.27004241943359375,0.29451751708984375,0.317047119140625,0,208273.8458251953,217931.39990234375,0,34088599552,2147483648,8644059136,0
200,1787750735981,3500,3500,3500,3500,3500,3500,3500,3500,3500,3500,3500,3500,3500,3500,3500,3500,3500,3500,3500,3500,0.686279296875,7.674102783203125,0.44532012939453125,0.4097747802734375,0.5317001342773438,3.030914306640625,0.461395263671875,0.536590576171875,0.3223419189453125,0.4852142333984375,0.34970855712890625,2.9210739135742188,29.97344970703125,0.27231597900390625,65.86338806152344,0.2357635498046875,24.003379821777344,0.31764984130859375,0.47991943359375,2.8809280395507813,0,208284.3432006836,217939.75115966797,0,34088599552,2147483648,8645160960,0
200,1787750736181,3500,3500,3500,3500,3500,3500,3500,3500,3500,3500,3500,3500,3500,3500,3500,3500,3500,3500,3500,3500,0.74786376953125,22.528610229492188,2.8488540649414063,0.29126739501953125,0.4586029052734375,0.43707275390625,3.0148468017578125,0.45400238037109375,0.302154541015625,0.3236846923828125,0.221435546875,0.3180389404296875,28.151947021484375,0.220733642578125,3.3706436157226563,2.8580474853515625,76.32091522216797,0.16693878173828125,0.3702850341796875,0.3295745849609375,0,208294.72424316406,217947.98364257813,0,34088599552,2147483648,8646217728,0
199,1787750736382,3500,3500,3500,3500,3500,3500,3500,3500,3500,3500,3500,3500,3500,3500,3500,3500,3500,3500,3500,3500,3.2440567016601563,3.8347396850585938,0.34961700439453125,2.8257369995117188,2.786590576171875,0.251800537109375,0.32355499267578125,0.26802825927734375,0.238372802734375,0.30103302001953125,0.28955078125,0.28540802001953125,19.452865600585938,2.7766571044921875,13.211555480957031,0.28565216064453125,43.22964859008789,2.7592315673828125,50.1463737487793,0.23162841796875,0,208305.40142822266,217956.48864746094,0,34088599552,2147483648,8646078464,0
200,1787750736582,3500,3500,3500,3500,3500,3500,3500,3500,3500,3500,3500,3500,3500,3500,3500,3500,3500,3500,3500,3500,0.7123031616210938,23.63245391845703,0.3025665283203125,0.30156707763671875,0.279571533203125,0.22673797607421875,0.36699676513671875,2.7893753051757813,2.8125686645507813,2.9336395263671875,2.8055191040039063,0.2676239013671875,55.59645080566406,0.23723602294921875,48.17875289916992,0.1900482177734375,0.6873626708984375,0.30926513671875,0.31916046142578125,0.275421142578125,0,208313.98095703125,217962.88787841797,0,34088599552,2147483648,8646311936,0
200,1787750736782,3500,3500,3500,3500,3500,3500,3500,3500,3500,3500,3500,3500,3500,3500,3500,3500,3500,3500,3500,3500,0.81585693359375,15.495460510253906,0.29109954833984375,0.27890777587890625,0.3609771728515625,0.29090118408203125,0.42071533203125,0.37900543212890625,0.5027313232421875,0.35083770751953125,0.493988037109375,0.37001800537109375,61.01889419555664,0.17421722412109375,54.977996826171875,0.18970489501953125,0.322662353515625,0.37261199951171875,0.27666473388671875,0.29833984375,0,208324.32891845703,217971.0912475586,0,34088599552,2147483648,8647680000,0
199,1787750736982,3500,3500,3500,3500,3500,3500,3500,3500,3500,3500,3500,3500,3500,3500,3500,3500,3500,3500,3500,3500,0.5327682495117188,5.5566864013671875,0.284393310546875,0.31867218017578125,0.26335906982421875,2.7531585693359375,0.30362701416015625,0.2472686767578125,0.46381378173828125,0.4118499755859375,0.47385406494140625,2.9423751831054688,38.7021369934082,0.22603607177734375,58.99073028564453,0.14904022216796875,31.265159606933594,0.30103302001953125,0.29883575439453125,2.7885360717773438,0,208334.81085205078,217979.41333007813,0,34088599552,2147483648,8649318400,0
200,1787750737182,3500,3500,3500,3500,3500,3500,3500,3500,3500,3500,3500,3500,3500,3500,3500,3500,3500,3500,3500,3500,0.7936935424804688,27.360816955566406,2.8714752197265625,0.28868865966796875,0.31512451171875,0.363555908203125,2.9618453979492188,0.31402587890625,0.49176025390625,0.39374542236328125,0.495208740234375,0.4912567138671875,63.344112396240234,0.22216033935546875,29.954002380371094,2.7692184448242188,33.53950500488281,0.23461151123046875,0.3247222900390625,0.31682586669921875,0,208343.9937133789,217986.4146118164,0,34088599552,2147483648,8650592256,0
200,1787750737382,3500,3500,3500,3500,3500,3500,3500,3500,3500,3500,3500,3500,3500,3500,3500,3500,3500,3500,3500,3500,3.2031097412109375,12.528724670410156,0.39604949951171875,0.38152313232421875,2.90081787109375,0.39055633544921875,0.37508392333984375,0.331298828125,0.49111175537109375,0.4626007080078125,0.511077880859375,0.47887420654296875,60.70625305175781,2.7160491943359375,50.31420135498047,0.206787109375,9.604591369628906,2.8692626953125,2.8104019165039063,0.311279296875,0,208353.54718017578,217993.80517578125,0,34088599552,2147483648,8650469376,0
200,1787750737582,3500,3500,3500,3500,3500,3500,3500,3500,3500,3500,3500,3500,3500,3500,3500,3500,3500,3500,3500,3500,0.8154678344726563,7.1846771240234375,0.43762969970703125,2.9918899536132813,0.375335693359375,0.252288818359375,0.27756500244140625,0.31073760986328125,2.9654617309570313,2.8967742919921875,2.9153594970703125,0.3583984375,53.4987678527832,0.17945098876953125,59.2021369934082,0.20702362060546875,0.32977294921875,0.26882171630859375,0.3203277587890625,0.38812255859375,0,208362.43041992188,218000.5379638672,0,34088599552,2147483648,8650604544,0
200,1787750737783,3500,3500,3500,3500,3500,3500,3500,3500,3500,3500,3500,3500,3500,3500,3500,3500,3500,3500,3500,3500,0.9688873291015625,11.921989440917969,0.3826904296875,0.40657806396484375,0.686981201171875,0.361541748046875,0.46167755126953125,2.9483566284179688,0.2919769287109375,0.5634078979492188,0.26883697509765625,0.26739501953125,66.78508758544922,0.1633148193359375,44.80403137207031,0.19084930419921875,0.329132080078125,0.27881622314453125,0.3613433837890625,0.38024139404296875,0,208370.6967163086,218006.64294433594,0,34088599552,2147483648,8650260480,0
200,1787750737983,3500,3500,3500,3500,3500,3500,3500,3500,3500,3500,3500,3500,3500,3500,3500,3500,3500,3500,3500,3500,2.3768844604492188,17.16156005859375,0.36934661865234375,0.3966827392578125,0.42951202392578125,2.9249343872070313,0.45684814453125,0.3447113037109375,0.26220703125,0.2754974365234375,0.26415252685546875,2.8188400268554688,78.16537475585938,0.17040252685546875,33.3719482421875,0.2280731201171875,1.0771560668945313,0.3678436279296875,0.350555419921875,2.9458236694335938,0,208382.06512451172,218015.8422241211,0,34088599552,2147483648,8650395648,0
199,1787750738184,3500,3500,3500,3500,3500,3500,3500,3500,3500,3500,3500,3500,3500,3500,3500,3500,3500,3500,3500,3500,0.9521636962890625,23.409873962402344,2.874053955078125,0.2974700927734375,0.3607635498046875,0.235076904296875,2.7688140869140625,0.2373199462890625,0.32595062255859375,2.11541748046875,0.2458953857421875,0.2789154052734375,66.66815185546875,0.14838409423828125,26.33251190185547,2.7444229125976563,7.6404266357421875,0.32151031494140625,0.36655426025390625,0.3197174072265625,0,208390.46704101563,218022.07611083984,0,34088599552,2147483648,8650936320,0
200,1787750738384,3500,3500,3500,3500,3500,3500,3500,3500,3500,3500,3500,3500,3500,3500,3500,3500,3500,3500,3500,3500,3.119354248046875,4.5450897216796875,0.30612945556640625,0.3027801513671875,2.8546142578125,0.25754547119140625,0.28763580322265625,0.287139892578125,0.27913665771484375,0.31983184814453125,0.28493499755859375,0.2328948974609375,14.836799621582031,2.7649383544921875,0.9514846801757813,0.25609588623046875,57.79069137573242,2.7309951782226563,47.56271743774414,0.20870208740234375,0,208399.30395507813,218028.77209472656,0,34088599552,2147483648,8650928128,0
200,1787750738584,3500,3500,3500,3500,3500,3500,3500,3500,3500,3500,3500,3500,3500,3500,3500,3500,3500,3500,3500,3500,0.650604248046875,5.503326416015625,0.38031768798828125,2.8022003173828125,0.42331695556640625,0.46392059326171875,0.48659515380859375,0.46576690673828125,0.30919647216796875,2.85809326171875,2.7325820922851563,0.2249908447265625,19.137176513671875,0.2604522705078125,4.1508636474609375,0.22374725341796875,0.44029998779296875,0.30170440673828125,97.04197692871094,0.12245941162109375,0,208407.3598022461,218034.67053222656,0,34088599552,2147483648,8650936320,0
200,1787750738784,3500,3500,3500,3500,3500,3500,3500,3500,3500,3500,3500,3500,3500,3500,3500,3500,3500,3500,3500,3500,0.7237548828125,6.93597412109375,39.516780853271484,0.271209716796875,0.37856292724609375,0.36817169189453125,0.469329833984375,2.9565658569335938,2.8700485229492188,0.24048614501953125,0.26306915283203125,0.20801544189453125,29.22693634033203,0.2429351806640625,60.18498611450195,0.17694091796875,1.9255828857421875,0.268707275390625,1.234649658203125,0.30867767333984375,0,208418.17095947266,218043.29803466797,0,34088599552,2147483648,8652726272,0
200,1787750738984,3500,3500,3500,3500,3500,3500,3500,3500,3500,3500,3500,3500,3500,3500,3500,3500,3500,3500,3500,3500,0.6149978637695313,16.612594604492188,0.29930877685546875,0.28443145751953125,0.33111572265625,2.8708953857421875,0.456207275390625,0.345550537109375,0.2401885986328125,0.40771484375,0.30999755859375,2.8275527954101563,36.04091262817383,0.2519683837890625,65.81047058105469,0.18885040283203125,11.088813781738281,0.30410003662109375,0.283477783203125,2.1979751586914063,0,208427.44555664063,218050.41760253906,0,34088599552,2147483648,8652763136,0
200,1787750739185,3500,3500,3500,3500,3500,3500,3500,3500,3500,3500,3500,3500,3500,3500,3500,3500,3500,3500,3500,3500,0.9032135009765625,16.278404235839844,2.8765945434570313,0.3312225341796875,0.4507293701171875,0.38462066650390625,1.148162841796875,0.47977447509765625,0.2817230224609375,0.32489013671875,0.24684906005859375,0.2857666015625,55.58682632446289,0.2262420654296875,8.763404846191406,2.7955551147460938,46.00568389892578,0.2296295166015625,0.31446075439453125,0.91912841796875,0,208437.31219482422,218058.1141357422,0,34088599552,2147483648,8653094912,0
200,1787750739385,3500,3500,3500,3500,3500,3500,3500,3500,3500,3500,3500,3500,3500,3500,3500,3500,3500,3500,3500,3500,3.2484817504882813,12.480155944824219,0.31035614013671875,0.30715179443359375,2.8989028930664063,0.3087005615234375,2.2735061645507813,0.3899993896484375,0.29046630859375,0.391448974609375,0.246246337890625,0.24224853515625,40.08073806762695,0.16599273681640625,46.384525299072266,0.1604461669921875,27.466468811035156,2.7459487915039063,2.7861251831054688,0.2582855224609375,0,208446.09301757813,218064.7280883789,0,34088599552,2147483648,8653033472,0
200,1787750739585,3500,3500,3500,3500,3500,3500,3500,3500,3500,3500,3500,3500,3500,3500,3500,3500,3500,3500,3500,3500,0.9265823364257813,26.61870574951172,0.40874481201171875,2.94378662109375,0.5407943725585938,0.4510650634765625,0.548980712890625,0.50311279296875,0.41497802734375,2.8797073364257813,0.33223724365234375,0.237060546875,82.1104965209961,2.7377166748046875,23.535430908203125,0.3880767822265625,0.38239288330078125,0.3498992919921875,0.3537445068359375,0.35923004150390625,0,208456.8316040039,218073.31414794922,0,34088599552,2147483648,8653230080,0
200,1787750739785,3500,3500,3500,3500,3500,3500,3500,3500,3500,3500,3500,3500,3500,3500,3500,3500,3500,3500,3500,3500,0.8322982788085938,23.454940795898438,0.40518951416015625,0.4023895263671875,0.47359466552734375,0.35181427001953125,0.43454742431640625,2.860687255859375,2.8695755004882813,0.7752761840820313,2.817596435546875,0.2863006591796875,53.58483123779297,0.18444061279296875,49.658573150634766,0.23377227783203125,0.3176116943359375,0.29659271240234375,0.29389190673828125,0.32550048828125,0,208467.16137695313,218081.49365234375,0,34088599552,2147483648,8653434880,0
200,1787750739986,3500,3500,3500,3500,3500,3500,3500,3500,3500,3500,3500,3500,3500,3500,3500,3500,3500,3500,3500,3500,0.7198944091796875,20.845802307128906,0.393585205078125,0.40077972412109375,0.4651641845703125,2.8899612426757813,0.38165283203125,0.3458404541015625,0.2678680419921875,0.7976608276367188,0.303131103515625,2.8407135009765625,54.376678466796875,0.196044921875,52.29821014404297,0.207733154296875,9.316665649414063,0.31856536865234375,0.29993438720703125,0.272613525390625,0,208475.70373535156,218087.85064697266,0,34088599552,2147483648,8655384576,0
200,1787750740186,3500,3500,3500,3500,3500,3500,3500,3500,3500,3500,3500,3500,3500,3500,3500,3500,3500,3500,3500,3500,0.7933273315429688,19.371665954589844,5.540702819824219,0.294769287109375,0.441802978515625,0.43955230712890625,0.361053466796875,0.376861572265625,0.21317291259765625,0.35446929931640625,0.218902587890625,0.35561370849609375,66.83139038085938,0.16089630126953125,7.9044647216796875,2.7063140869140625,46.22439956665039,0.1856842041015625,1.0444488525390625,2.7720947265625,0,208486.5146484375,218096.48919677734,0,34088599552,2147483648,8655523840,0
200,1787750740387,3500,3500,3500,3500,3500,3500,3500,3500,3500,3500,3500,3500,3500,3500,3500,3500,3500,3500,3500,3500,0,14.189834594726563,16.220237731933594,0,0.8953018188476563,0,0.9726409912109375,0,0,0,0,0,84.59327697753906,0,0.5378570556640625,0,4.585052490234375,0.9991683959960938,2.7679214477539063,0,0,208496.06964111328,218103.8399658203,0,34088599552,2147483648,8655630336,0
200,1787750740587,3500,3500,3500,3500,3500,3500,3500,3500,3500,3500,3500,3500,3500,3500,3500,3500,3500,3500,3500,3500,3.120025634765625,14.07891845703125,0.5116500854492188,3.08245849609375,0.487030029296875,0.48175048828125,0.5085067749023438,0.5763778686523438,0.7056732177734375,3.2728271484375,0.5990219116210938,0.6928787231445313,92.79344940185547,2.9553985595703125,39.53314208984375,0.4390106201171875,0.6007461547851563,0.6281585693359375,0.5218048095703125,0.5391693115234375,0,208506.68432617188,218112.3168334961,0,34088599552,2147483648,8656875520,0
199,1787750740787,3500,3500,3500,3500,3500,3500,3500,3500,3500,3500,3500,3500,3500,3500,3500,3500,3500,3500,3500,3500,0.7386627197265625,7.306640625,0.3428802490234375,0.3065032958984375,0.45958709716796875,0.40087890625,0.42426300048828125,2.8889541625976563,2.878509521484375,0.35341644287109375,2.920074462890625,0.37545013427734375,48.29558181762695,0.18210601806640625,86.30459594726563,0.14548492431640625,0.39813232421875,0.40058135986328125,0.29286956787109375,0.27862548828125,0,208516.65362548828,218120.1538696289,0,34088599552,2147483648,8657022976,0
200,1787750740987,3500,3500,3500,3500,3500,3500,3500,3500,3500,3500,3500,3500,3500,3500,3500,3500,3500,3500,3500,3500,0.59588623046875,14.582595825195313,0.41994476318359375,0.38440704345703125,0.4640350341796875,2.9998092651367188,0.45798492431640625,0.34757232666015625,0.32143402099609375,0.38510894775390625,0.3997039794921875,2.905242919921875,54.113380432128906,0.1804351806640625,93.87847900390625,0.14189910888671875,0.839141845703125,0.39345550537109375,0.24481201171875,0.32648468017578125,0,208525.6553955078,218126.9658203125,0,34088599552,2147483648,8657305600,0
200,1787750741188,3500,3500,3500,3500,3500,3500,3500,3500,3500,3500,3500,3500,3500,3500,3500,3500,3500,3500,3500,3500,0.6546554565429688,21.993804931640625,2.7609100341796875,0.21417236328125,0.35821533203125,0.37660980224609375,0.34381866455078125,0.35591888427734375,0.14789581298828125,0.18108367919921875,0.169036865234375,0.1639404296875,74.45632934570313,0.0616302490234375,64.81071472167969,2.5604324340820313,15.154434204101563,0.2343597412109375,0.6874923706054688,2.6993789672851563,0,208535.3892211914,218134.55340576172,0,34088599552,2147483648,8657772544,0
200,1787750741388,3500,3500,3500,3500,3500,3500,3500,3500,3500,3500,3500,3500,3500,3500,3500,3500,3500,3500,3500,3500,1.14459228515625,15.486824035644531,0.592926025390625,0.5799026489257813,3.1234817504882813,0.5842437744140625,3.137603759765625,0.6049575805664063,0.4926300048828125,0.4308013916015625,0.5309982299804688,0.41962432861328125,52.26779556274414,0.41613006591796875,4.205848693847656,0.45679473876953125,33.040611267089844,2.9545135498046875,27.279190063476563,0.48349761962890625,0,208546.61596679688,218143.91192626953,0,34088599552,2147483648,8657551360,0
200,1787750741588,3500,3500,3500,3500,3500,3500,3500,3500,3500,3500,3500,3500,3500,3500,3500,3500,3500,3500,3500,3500,3.9410858154296875,23.664932250976563,0.30535888671875,2.8439559936523438,0.27323150634765625,0.314056396484375,0.2711334228515625,0.3416900634765625,0.2701873779296875,0.421539306640625,0.26918792724609375,0.367523193359375,51.498207092285156,2.7296218872070313,46.79329299926758,0.23046112060546875,10.056777954101563,0.26743316650390625,8.458610534667969,0.29741668701171875,0,208554.77734375,218150.06884765625,0,34088599552,2147483648,8656973824,0
200,1787750741788,3500,3500,3500,3500,3500,3500,3500,3500,3500,3500,3500,3500,3500,3500,3500,3500,3500,3500,3500,3500,1.4142990112304688,15.611007690429688,0.32254791259765625,0.31341552734375,0.35283660888671875,0.22035980224609375,0.291015625,2.8691253662109375,2.786590576171875,5.876762390136719,2.8424224853515625,0.28517913818359375,48.37327575683594,0.23757171630859375,58.880313873291016,0.20673370361328125,11.722145080566406,0.255035400390625,0.2934112548828125,0.3013916015625,0,208565.64770507813,218158.73333740234,0,34088599552,2147483648,8657797120,0
200,1787750741989,3500,3500,3500,3500,3500,3500,3500,3500,3500,3500,3500,3500,3500,3500,3500,3500,3500,3500,3500,3500,2.4920501708984375,14.017616271972656,0.26018524169921875,0.274627685546875,0.43698883056640625,0.5387039184570313,0.3214874267578125,0.41461181640625,0.4002685546875,0.9271392822265625,0.3748931884765625,2.912750244140625,82.72576904296875,0.12564849853515625,23.79022216796875,0.19464111328125,8.762191772460938,0.35291290283203125,0.2818145751953125,0.30609893798828125,0,208576.22454833984,218166.73291015625,0,34088599552,2147483648,8659537920,0
200,1787750742189,3500,3500,3500,3500,3500,3500,3500,3500,3500,3500,3500,3500,3500,3500,3500,3500,3500,3500,3500,3500,0.7646942138671875,12.067642211914063,24.618209838867188,0.3104400634765625,0.5099105834960938,2.8743209838867188,0.45575714111328125,0.42209625244140625,0.5343017578125,0.4898681640625,0.4176025390625,0.52777099609375,49.23557662963867,0.27118682861328125,13.0316162109375,2.8021621704101563,54.100685119628906,0.2868499755859375,2.0856857299804688,2.892822265625,0,208588.85607910156,218177.21704101563,0,34088599552,2147483648,8660582400,0
200,1787750742390,3500,3500,3500,3500,3500,3500,3500,3500,3500,3500,3500,3500,3500,3500,3500,3500,3500,3500,3500,3500,0.5680465698242188,12.037773132324219,0.27649688720703125,0.27854156494140625,2.9362564086914063,0.36032867431640625,2.8961105346679688,0.33349609375,0.462615966796875,0.39878082275390625,0.3579864501953125,0.4918975830078125,74.24563598632813,0.15520477294921875,41.265968322753906,0.14652252197265625,32.394859313964844,2.7525253295898438,20.83935546875,0.28696441650390625,0,208599.83099365234,218186.00225830078,0,34088599552,2147483648,8661516288,0
200,1787750742590,3500,3500,3500,3500,3500,3500,3500,3500,3500,3500,3500,3500,3500,3500,3500,3500,3500,3500,3500,3500,3.2509307861328125,26.128662109375,0.33065032958984375,2.8775253295898438,0.34633636474609375,0.31217193603515625,0.3038787841796875,0.23894500732421875,0.514007568359375,0.5038681030273438,0.46630859375,0.5278472900390625,75.44193267822266,2.740966796875,23.363372802734375,0.24054718017578125,13.656036376953125,0.3143157958984375,0.3287506103515625,0.3271026611328125,0,208608.35675048828,218192.35864257813,0,34088599552,2147483648,8662347776,0
200,1787750742790,3500,3500,3500,3500,3500,3500,3500,3500,3500,3500,3500,3500,3500,3500,3500,3500,3500,3500,3500,3500,0.7846603393554688,23.248779296875,0.28893280029296875,0.29247283935546875,0.3161773681640625,0.2555999755859375,0.27880096435546875,2.760528564453125,2.9103851318359375,3.0758590698242188,2.8697586059570313,0.3700714111328125,52.08767318725586,0.222808837890625,21.83031463623047,0.211334228515625,26.031158447265625,0.2687225341796875,39.42449951171875,0.2137298583984375,0,208618.20721435547,218200.0541381836,0,34088599552,2147483648,8662261760,0
199,1787750742991,3500,3500,3500,3500,3500,3500,3500,3500,3500,3500,3500,3500,3500,3500,3500,3500,3500,3500,3500,3500,0.758941650390625,14.109100341796875,0.27893829345703125,0.2895660400390625,0.28517913818359375,0.20600128173828125,0.30997467041015625,0.26486968994140625,0.3591156005859375,0.474609375,0.38161468505859375,2.8932266235351563,60.182010650634766,0.16768646240234375,51.627017974853516,0.19692230224609375,15.302139282226563,0.26407623291015625,0.3495330810546875,0.337860107421875,0,208628.55212402344,218208.13702392578,0,34088599552,2147483648,8662196224,0
200,1787750743191,3500,3500,3500,3500,3500,3500,3500,3500,3500,3500,3500,3500,3500,3500,3500,3500,3500,3500,3500,3500,2.6185684204101563,12.316856384277344,3.8131103515625,3.78466796875,3.7521286010742188,6.3109130859375,3.7937164306640625,3.8342514038085938,3.73992919921875,3.7578277587890625,3.7873153686523438,3.78936767578125,64.48007202148438,3.0147171020507813,55.71998977661133,6.217933654785156,14.162376403808594,3.79351806640625,3.7927169799804688,6.342803955078125,0,208639.58660888672,218217.0869140625,0,34088599552,2147483648,8662663168,0
200,1787750743391,3500,3500,3500,3500,3500,3500,3500,3500,3500,3500,3500,3500,3500,3500,3500,3500,3500,3500,3500,3500,0.6547164916992188,26.992149353027344,2.8417205810546875,0.34720611572265625,2.82464599609375,0.3402099609375,2.8285446166992188,0.31500244140625,0.32479095458984375,0.3868408203125,0.3013763427734375,0.23952484130859375,72.45951843261719,0.2424163818359375,28.434226989746094,0.24416351318359375,4.971961975097656,2.8133163452148438,23.05829620361328,0.272369384765625,0,208649.9080810547,218225.2501220703,0,34088599552,2147483648,8662667264,0
200,1787750743591,3500,3500,3500,3500,3500,3500,3500,3500,3500,3500,3500,3500,3500,3500,3500,3500,3500,3500,3500,3500,3.0603713989257813,0.30998992919921875,0.3327178955078125,2.849884033203125,0.3187255859375,0.30889129638671875,0.229766845703125,0.269927978515625,0.30654144287109375,0.3006439208984375,0.26268768310546875,0.27272796630859375,31.354888916015625,2.7430419921875,67.31155395507813,0.1592864990234375,26.219558715820313,0.249298095703125,7.406646728515625,0.29300689697265625,0,208659.0128173828,218232.19049072266,0,34088599552,2147483648,8662728704,0
199,1787750743792,3500,3500,3500,3500,3500,3500,3500,3500,3500,3500,3500,3500,3500,3500,3500,3500,3500,3500,3500,3500,0.5742950439453125,0.30332183837890625,0.44167327880859375,0.37744140625,0.23084259033203125,0.26154327392578125,0.29029083251953125,2.7935562133789063,2.7671585083007813,2.7927093505859375,12.052200317382813,0.3245849609375,35.62406921386719,0.225006103515625,43.45920181274414,0.1607208251953125,46.03159713745117,0.17813873291015625,9.189460754394531,0.27142333984375,0,208668.11840820313,218239.11499023438,0,34088599552,2147483648,8671100928,0
200,1787750743992,3500,3500,3500,3500,3500,3500,3500,3500,3500,3500,3500,3500,3500,3500,3500,3500,3500,3500,3500,3500,0.5984039306640625,0.2857818603515625,0.5089874267578125,0.5212326049804688,0.9578018188476563,0.22430419921875,0.3198699951171875,0.260040283203125,0.24884796142578125,0.244049072265625,37.20342254638672,2.7706985473632813,63.02648162841797,0.1845245361328125,68.42648315429688,0.16542816162109375,1.986724853515625,0.2685394287109375,0.6350326538085938,0.3379058837890625,0,208679.13500976563,218247.9931640625,0,34088599552,2147483648,8663326720,0
200,1787750744192,3500,3500,3500,3500,3500,3500,3500,3500,3500,3500,3500,3500,3500,3500,3500,3500,3500,3500,3500,3500,1.5401763916015625,0.3519134521484375,8.326499938964844,0.35401153564453125,0.2452545166015625,2.8080902099609375,0.34587860107421875,0.30390167236328125,0.367340087890625,0.2533416748046875,0.6362533569335938,0.3036041259765625,30.54167938232422,0.30200958251953125,14.240493774414063,2.7648696899414063,47.791053771972656,0.22235107421875,32.621185302734375,2.7927169799804688,0,208688.31707763672,218255.00360107422,0,34088599552,2147483648,8647819264,0
199,1787750744392,3500,3500,3500,3500,3500,3500,3500,3500,3500,3500,3500,3500,3500,3500,3500,3500,3500,3500,3500,3500,0.6151046752929688,2.8375396728515625,2.83953857421875,0.33441925048828125,2.822662353515625,0.24323272705078125,2.8213653564453125,0.31024932861328125,0.245635986328125,0.348297119140625,0.31209564208984375,0.2725982666015625,2.711151123046875,0.28388214111328125,9.432334899902344,0.2396392822265625,94.83161163330078,2.6829376220703125,2.8551177978515625,0.2967681884765625,0,208699.22747802734,218263.79107666016,0,34088599552,2147483648,8647479296,0
199,1787750744592,3500,3500,3500,3500,3500,3500,3500,3500,3500,3500,3500,3500,3500,3500,3500,3500,3500,3500,3500,3500,3.0135879516601563,0.2626953125,0.237152099609375,2.7715377807617188,0.263946533203125,0.2197113037109375,0.202117919921875,0.21326446533203125,0.17157745361328125,0.25479888916015625,0.26424407958984375,0.21671295166015625,14.333633422851563,2.762237548828125,53.49237060546875,0.12235260009765625,40.37015151977539,0.1674346923828125,0.22180938720703125,0.26169586181640625,0,208709.9102783203,218272.33642578125,0,34088599552,2147483648,8645885952,0
199,1787750744793,3500,3500,3500,3500,3500,3500,3500,3500,3500,3500,3500,3500,3500,3500,3500,3500,3500,3500,3500,3500,0.607818603515625,0.283294677734375,0.27610015869140625,0.35330963134765625,0.33007049560546875,0.28939056396484375,0.21613311767578125,2.8514938354492188,2.8296051025390625,2.7688446044921875,2.8000717163085938,0.21938323974609375,9.938934326171875,0.2249298095703125,29.562484741210938,0.2104339599609375,68.16529846191406,0.16236114501953125,0.6395034790039063,0.31812286376953125,0,208719.18756103516,218279.4884033203,0,34088599552,2147483648,8645885952,0
200,1787750744993,3500,3500,3500,3500,3500,3500,3500,3500,3500,3500,3500,3500,3500,3500,3500,3500,3500,3500,3500,3500,0.5955963134765625,0.2908477783203125,0.29219818115234375,0.3006439208984375,0.261962890625,0.24616241455078125,0.2754058837890625,0.26120758056640625,0.26570892333984375,0.31954193115234375,0.313140869140625,2.8314666748046875,10.613723754882813,0.22672271728515625,21.92475128173828,0.2182769775390625,72.845458984375,0.1602935791015625,0.33803558349609375,0.36522674560546875,0,208729.18310546875,218287.3536376953,0,34088599552,2147483648,8645885952,0
200,1787750745193,3500,3500,3500,3500,3500,3500,3500,3500,3500,3500,3500,3500,3500,3500,3500,3500,3500,3500,3500,3500,0.60595703125,0.35980224609375,0.3258819580078125,0.37651824951171875,0.27339935302734375,2.9132614135742188,0.3195953369140625,0.2646636962890625,0.37537384033203125,0.31580352783203125,0.32189178466796875,0.30472564697265625,4.1704864501953125,0.32048797607421875,18.74382781982422,2.78564453125,85.58241271972656,0.2063446044921875,0.3453369140625,2.84136962890625,0,208738.34393310547,218294.38427734375,0,34088599552,2147483648,8645877760,0
199,1787750745393,3500,3500,3500,3500,3500,3500,3500,3500,3500,3500,3500,3500,3500,3500,3500,3500,3500,3500,3500,3500,0.62530517578125,2.8677444458007813,2.8637008666992188,0.3943023681640625,2.8254318237304688,0.2361907958984375,2.832763671875,0.1893463134765625,0.2104949951171875,0.3572845458984375,0.26921844482421875,0.19318389892578125,8.534271240234375,0.22930908203125,94.17904663085938,0.13581085205078125,7.11541748046875,2.8015823364257813,2.9080047607421875,0.29067230224609375,0,208747.81188964844,218301.7244873047,0,34088599552,2147483648,8645701632,0
200,1787750745594,3500,3500,3500,3500,3500,3500,3500,3500,3500,3500,3500,3500,3500,3500,3500,3500,3500,3500,3500,3500,3.065185546875,0.277923583984375,0.35414886474609375,2.9074325561523438,0.25722503662109375,0.264373779296875,0.2716217041015625,0.261627197265625,0.27782440185546875,0.2730255126953125,0.27447509765625,0.30950927734375,16.156692504882813,2.7219314575195313,1.9533004760742188,0.22893524169921875,86.98001861572266,0.13741302490234375,0.6166763305664063,0.37874603271484375,0,208755.72790527344,218307.50170898438,0,34088599552,2147483648,8645828608,0
199,1787750745794,3500,3500,3500,3500,3500,3500,3500,3500,3500,3500,3500,3500,3500,3500,3500,3500,3500,3500,3500,3500,0.5995864868164063,0.31473541259765625,0.40917205810546875,0.4436492919921875,0.27996063232421875,0.27976226806640625,0.33351898193359375,2.8438568115234375,2.7820968627929688,2.8859786987304688,3.0535659790039063,0.30074310302734375,5.341102600097656,0.2931976318359375,1.5227127075195313,0.24828338623046875,100,0.14624786376953125,0.4238128662109375,0.41326904296875,0,208765.39849853516,218315.05010986328,0,34088599552,2147483648,8645828608,0
200,1787750745994,3500,3500,3500,3500,3500,3500,3500,3500,3500,3500,3500,3500,3500,3500,3500,3500,3500,3500,3500,3500,2.173309326171875,0.28742218017578125,0.403289794921875,0.35680389404296875,0.25412750244140625,0.16110992431640625,0.29656982421875,0.2194366455078125,0.24253082275390625,0.26387786865234375,0.2610321044921875,1.1575851440429688,13.766860961914063,0.2072906494140625,9.97283935546875,0.2253875732421875,87.64440155029297,0.09972381591796875,13.390113830566406,0.2985687255859375,0,208775.47979736328,218322.97534179688,0,34088599552,2147483648,8645894144,0
200,1787750746194,3500,3500,3500,3500,3500,3500,3500,3500,3500,3500,3500,3500,3500,3500,3500,3500,3500,3500,3500,3500,0.5383071899414063,0.3163299560546875,0.30675506591796875,0.32575225830078125,0.310394287109375,2.7891616821289063,0.2395782470703125,0.24750518798828125,0.26087188720703125,0.251495361328125,0.3024139404296875,1.9070510864257813,9.401664733886719,0.350494384765625,11.384368896484375,2.741485595703125,87.01348876953125,0.13779449462890625,0.33353424072265625,2.802978515625,0,208784.53173828125,218329.89428710938,0,34088599552,2147483648,8645894144,0
200,1787750746395,3500,3500,3500,3500,3500,3500,3500,3500,3500,3500,3500,3500,3500,3500,3500,3500,3500,3500,3500,3500,0.5875930786132813,2.8399810791015625,2.8217010498046875,0.31259918212890625,2.7698211669921875,0.3070526123046875,2.8117141723632813,0.3806610107421875,0.36133575439453125,0.44322967529296875,0.4976043701171875,0.43603515625,8.42950439453125,0.2817840576171875,8.861541748046875,0.23734283447265625,86.53595733642578,2.7099456787109375,2.8681411743164063,0.35129547119140625,0,208794.7944946289,218338.03356933594,0,34088599552,2147483648,8645898240,0
200,1787750746595,3500,3500,3500,3500,3500,3500,3500,3500,3500,3500,3500,3500,3500,3500,3500,3500,3500,3500,3500,3500,3.099884033203125,0.3139801025390625,0.29701995849609375,2.8515853881835938,0.28066253662109375,0.3153228759765625,0.307891845703125,0.280364990234375,0.252288818359375,0.35352325439453125,0.3220062255859375,0.3101348876953125,22.518516540527344,2.80670166015625,41.020896911621094,0.22875213623046875,45.166500091552734,0.25323486328125,0.334075927734375,0.3318328857421875,0,208804.36981201172,218345.47149658203,0,34088599552,2147483648,8646029312,0
200,1787750746795,3500,3500,3500,3500,3500,3500,3500,3500,3500,3500,3500,3500,3500,3500,3500,3500,3500,3500,3500,3500,0.5348587036132813,0.27225494384765625,0.25171661376953125,0.266204833984375,0.2845916748046875,0.23323822021484375,0.21335601806640625,2.804840087890625,2.82672119140625,2.7397003173828125,2.7924957275390625,0.21100616455078125,8.279884338378906,0.250274658203125,32.33081817626953,0.2003631591796875,46.865989685058594,0.2189483642578125,20.566909790039063,0.22653961181640625,0,208812.7124633789,218351.6898803711,0,34088599552,2147483648,8646021120,0
200,1787750746995,3500,3500,3500,3500,3500,3500,3500,3500,3500,3500,3500,3500,3500,3500,3500,3500,3500,3500,3500,3500,0.5470962524414063,0.31792449951171875,0.3091278076171875,0.28516387939453125,0.4461212158203125,0.47917938232421875,0.44017791748046875,0.39427947998046875,0.28436279296875,0.36186981201171875,0.8631744384765625,0.29270172119140625,13.495765686035156,0.235321044921875,47.43281173706055,0.18653106689453125,10.713279724121094,0.3418426513671875,33.89839172363281,0.2629852294921875,0,208821.38641357422,218358.23962402344,0,34088599552,2147483648,8646021120,0
200,1787750747196,3500,3500,3500,3500,3500,3500,3500,3500,3500,3500,3500,3500,3500,3500,3500,3500,3500,3500,3500,3500,0.5002975463867188,0.32057952880859375,0.32022857666015625,0.29640960693359375,0.43897247314453125,3.0230865478515625,0.471282958984375,0.3725128173828125,0.331512451171875,0.30020904541015625,0.27384185791015625,2.8152618408203125,22.00151824951172,0.23918914794921875,5.636360168457031,2.7876968383789063,39.0582160949707,0.2924652099609375,41.616363525390625,2.780853271484375,0,208830.71759033203,218365.6976928711,0,34088599552,2147483648,8646021120,0
200,1787750747396,3500,3500,3500,3500,3500,3500,3500,3500,3500,3500,3500,3500,3500,3500,3500,3500,3500,3500,3500,3500,0.5015945434570313,2.7828903198242188,2.768798828125,0.28067779541015625,2.6982879638671875,0.42128753662109375,2.8963165283203125,0.33284759521484375,0.37346649169921875,0.297119140625,0.25724029541015625,0.25374603271484375,4.669822692871094,0.24485015869140625,13.5870361328125,0.25154876708984375,88.49048614501953,2.6579666137695313,2.9452896118164063,0.23725128173828125,0,208840.70391845703,218373.5679321289,0,34088599552,2147483648,8646090752,0
199,1787750747596,3500,3500,3500,3500,3500,3500,3500,3500,3500,3500,3500,3500,3500,3500,3500,3500,3500,3500,3500,3500,3.020416259765625,0.31723785400390625,0.30005645751953125,2.8229141235351563,0.391510009765625,0.30664825439453125,0.31174468994140625,0.3199310302734375,0.4926605224609375,0.48667144775390625,0.40309906005859375,0.4375152587890625,3.8030929565429688,2.8473358154296875,37.971832275390625,0.2143402099609375,66.1175765991211,0.17862701416015625,0.31064605712890625,0.30704498291015625,0,208849.18255615234,218379.89904785156,0,34088599552,2147483648,8646086656,0
200,1787750747796,3500,3500,3500,3500,3500,3500,3500,3500,3500,3500,3500,3500,3500,3500,3500,3500,3500,3500,3500,3500,0.5554046630859375,0.35530853271484375,0.35306549072265625,0.3066864013671875,0.8158187866210938,0.30413818359375,0.313079833984375,2.8262481689453125,2.9424819946289063,3.0028533935546875,2.9018096923828125,0.3661041259765625,9.088111877441406,0.25586700439453125,1.3460311889648438,0.2423248291015625,96.15245056152344,0.1502685546875,0.30878448486328125,0.323974609375,0,208857.8721923828,218386.43450927734,0,34088599552,2147483648,8646090752,0
200,1787750747997,3500,3500,3500,3500,3500,3500,3500,3500,3500,3500,3500,3500,3500,3500,3500,3500,3500,3500,3500,3500,0.7144927978515625,0.32032012939453125,0.31378936767578125,0.3162841796875,0.27033233642578125,0.26654052734375,0.347564697265625,0.32750701904296875,0.38459014892578125,0.4921112060546875,0.82061767578125,0.4244537353515625,15.536453247070313,0.22452545166015625,1.3310394287109375,0.2093048095703125,87.89390563964844,0.14609527587890625,0.44541168212890625,0.27925872802734375,0,208867.2958984375,218393.72265625,0,34088599552,2147483648,8646156288,0
200,1787750748197,3500,3500,3500,3500,3500,3500,3500,3500,3500,3500,3500,3500,3500,3500,3500,3500,3500,3500,3500,3500,0.5261764526367188,0.2842559814453125,0.3160400390625,0.282806396484375,0.26876068115234375,2.7454910278320313,0.273956298828125,0.190704345703125,0.42633056640625,0.44232177734375,0.36871337890625,2.8995590209960938,11.76824951171875,0.20139312744140625,8.522369384765625,2.6906661987304688,88.8250961303711,0.105499267578125,0.27740478515625,2.7970657348632813,0,208876.0160522461,218400.10418701172,0,34088599552,2147483648,8646139904,0
199,1787750748397,3500,3500,3500,3500,3500,3500,3500,3500,3500,3500,3500,3500,3500,3500,3500,3500,3500,3500,3500,3500,0.5361709594726563,2.87811279296875,2.9256591796875,0.41565704345703125,0.3278656005859375,0.33585357666015625,2.8496475219726563,0.2332763671875,0.452117919921875,0.4982147216796875,0.3885955810546875,0.37276458740234375,2.8973388671875,0.379852294921875,1.635528564453125,0.29465484619140625,100,2.4939117431640625,2.854339599609375,0.3108367919921875,0,208883.79028320313,218405.7544555664,0,34088599552,2147483648,8646139904,0
200,1787750748597,3500,3500,3500,3500,3500,3500,3500,3500,3500,3500,3500,3500,3500,3500,3500,3500,3500,3500,3500,3500,3.1600494384765625,0.33933258056640625,0.348785400390625,2.8770065307617188,2.78302001953125,0.29659271240234375,0.36263275146484375,0.24200439453125,0.37677764892578125,0.4974517822265625,0.3580322265625,0.33968353271484375,9.737098693847656,2.7530288696289063,86.65113830566406,0.137420654296875,13.131301879882813,0.4346160888671875,0.258697509765625,0.290191650390625,0,208892.78106689453,218412.61450195313,0,34088599552,2147483648,8646139904,0
200,1787750748797,3500,3500,3500,3500,3500,3500,3500,3500,3500,3500,3500,3500,3500,3500,3500,3500,3500,3500,3500,3500,0.527557373046875,0.309051513671875,0.27582550048828125,0.33084869384765625,0.26959228515625,0.26395416259765625,0.304412841796875,2.8136215209960938,2.885009765625,2.8749313354492188,2.7822418212890625,0.327606201171875,10.348686218261719,0.2401580810546875,26.64299774169922,0.2268829345703125,75.79801940917969,0.156890869140625,1.0118026733398438,0.3066558837890625,0,208901.44927978516,218419.13507080078,0,34088599552,2147483648,8646119424,0
200,1787750748998,3500,3500,3500,3500,3500,3500,3500,3500,3500,3500,3500,3500,3500,3500,3500,3500,3500,3500,3500,3500,0.5402984619140625,0.30420684814453125,0.29642486572265625,0.318328857421875,0.4561614990234375,0.3688812255859375,0.3749237060546875,0.45691680908203125,0.297271728515625,0.32886505126953125,0.25321197509765625,0.32556915283203125,10.504669189453125,0.257598876953125,10.093017578125,0.20235443115234375,85.7719497680664,0.1408233642578125,0.7481460571289063,0.4022216796875,0,208909.4634399414,218425.02178955078,0,34088599552,2147483648,8646180864,0
200,1787750749198,3500,3500,3500,3500,3500,3500,3500,3500,3500,3500,3500,3500,3500,3500,3500,3500,3500,3500,3500,3500,0.4948883056640625,0.30265045166015625,0.31218719482421875,0.2734527587890625,0.39659881591796875,2.8288955688476563,0.30040740966796875,0.30983734130859375,0.19538116455078125,0.28827667236328125,0.33669281005859375,2.8244552612304688,9.037239074707031,0.25887298583984375,28.055679321289063,0.17131805419921875,70.77694702148438,0.1629791259765625,0.384368896484375,2.9116668701171875,0,208918.57598876953,218432.0233154297,0,34088599552,2147483648,8646184960,0
200,1787750749399,3500,3500,3500,3500,3500,3500,3500,3500,3500,3500,3500,3500,3500,3500,3500,3500,3500,3500,3500,3500,0.5808486938476563,2.8537139892578125,2.815887451171875,0.3054962158203125,0.27036285400390625,0.29706573486328125,2.72821044921875,0.28414154052734375,0.46154022216796875,0.42575836181640625,0.41387939453125,0.35135650634765625,10.250442504882813,0.21073150634765625,9.665451049804688,2.792633056640625,84.36449432373047,0.14131927490234375,2.9507217407226563,0.37720489501953125,0,208927.52661132813,218438.8426513672,0,34088599552,2147483648,8646189056,0
199,1787750749599,3500,3500,3500,3500,3500,3500,3500,3500,3500,3500,3500,3500,3500,3500,3500,3500,3500,3500,3500,3500,3.3145370483398438,0.3360137939453125,2.60186767578125,2.86297607421875,2.844451904296875,0.24298095703125,0.302154541015625,0.28647613525390625,0.39214324951171875,0.38714599609375,0.3805084228515625,0.30789947509765625,24.86046600341797,2.777740478515625,16.493301391601563,0.28627777099609375,14.919044494628906,2.8111419677734375,19.762496948242188,0.3026580810546875,0,208935.80114746094,218444.94720458984,0,34088599552,2147483648,8644878336,0
200,1787750749799,3500,3500,3500,3500,3500,3500,3500,3500,3500,3500,3500,3500,3500,3500,3500,3500,3500,3500,3500,3500,1.0670013427734375,0.250518798828125,0.3045501708984375,0.27361297607421875,0.22303009033203125,0.237823486328125,0.3027496337890625,2.8528060913085938,2.82891845703125,2.8196182250976563,3.2901611328125,0.25711822509765625,15.0433349609375,0.23397064208984375,2.7916793823242188,0.22487640380859375,0.48029327392578125,0.25791168212890625,0.31304931640625,0.27800750732421875,0,208943.92504882813,218450.94470214844,0,34088599552,2147483648,8644878336,0
199,1787750749999,3500,3500,3500,3500,3500,3500,3500,3500,3500,3500,3500,3500,3500,3500,3500,3500,3500,3500,3500,3500,2.5409698486328125,0.2137908935546875,0.2855224609375,0.28347015380859375,0.2529754638671875,0.271240234375,0.2605133056640625,0.25911712646484375,0.2689971923828125,0.24703216552734375,0.317413330078125,0.30348968505859375,18.211685180664063,0.25696563720703125,3.9474029541015625,0.265899658203125,0.29076385498046875,0.2859649658203125,0.279876708984375,0.2989959716796875,0,208952.5668334961,218457.4425048828,0,34088599552,2147483648,8644943872,0
200,1787750750199,3500,3500,3500,3500,3500,3500,3500,3500,3500,3500,3500,3500,3500,3500,3500,3500,3500,3500,3500,3500,1.0360107421875,0.2655792236328125,0.35594940185546875,0.3417510986328125,0.230682373046875,2.7918167114257813,0.3087615966796875,0.31976318359375,0.254180908203125,0.3243560791015625,0.26947784423828125,2.8426513671875,16.543014526367188,0.2857666015625,6.3784637451171875,0.25667572021484375,1.8848190307617188,0.27547454833984375,0.31626129150390625,2.9127349853515625,0,208960.3983154297,218463.14208984375,0,34088599552,2147483648,8644943872,0
200,1787750750399,3500,3500,3500,3500,3500,3500,3500,3500,3500,3500,3500,3500,3500,3500,3500,3500,3500,3500,3500,3500,0.8355865478515625,2.7331161499023438,2.7673263549804688,0.26416015625,0.31270599365234375,0.36644744873046875,2.83685302734375,0.30950927734375,0.2401885986328125,0.27339935302734375,0.205078125,0.283538818359375,15.28851318359375,0.17226409912109375,3.9478912353515625,2.7009048461914063,0.5463027954101563,0.26566314697265625,2.81951904296875,0.28218841552734375,0,208967.3521118164,218467.94903564453,0,34088599552,2147483648,8644943872,0
200,1787750750600,3500,3500,3500,3500,3500,3500,3500,3500,3500,3500,3500,3500,3500,3500,3500,3500,3500,3500,3500,3500,26.36467742919922,0.3046722412109375,18.31183624267578,2.8498382568359375,5.5379791259765625,0.38269805908203125,0.7892608642578125,0.30078125,0.29204559326171875,0.297332763671875,26.29064178466797,0.89324951171875,52.26802444458008,2.7880325317382813,37.692691802978516,0.23198699951171875,70.33209228515625,2.787933349609375,38.84738540649414,0.29009246826171875,0,208980.8696899414,218479.13537597656,0,34088599552,2147483648,8678641664,0
200,1787750750800,3500,3500,3500,3500,3500,3500,3500,3500,3500,3500,3500,3500,3500,3500,3500,3500,3500,3500,3500,3500,4.887290954589844,0.342041015625,25.671112060546875,0.39217376708984375,0.7655715942382813,0.2692413330078125,0.2745819091796875,2.8163681030273438,2.79644775390625,2.8181686401367188,5.0097808837890625,1.035308837890625,38.48811721801758,0.26439666748046875,29.9039306640625,0.2121124267578125,74.40333557128906,0.25086212158203125,48.86979293823242,0.26859283447265625,0,208994.60089111328,218490.67987060547,0,34088599552,2147483648,8693006336,0
201,1787750751000,3500,3500,3500,3500,3500,3500,3500,3500,3500,3500,3500,3500,3500,3500,3500,3500,3500,3500,3500,3500,0.7176132202148438,0.391082763671875,9.062355041503906,0.421905517578125,0.394866943359375,0.3714752197265625,0.414276123046875,0.43547821044921875,0.2880706787109375,0.4215545654296875,0.699951171875,0.48046875,36.4524040222168,0.29775238037109375,32.21922302246094,0.2543487548828125,41.9466667175293,0.30648040771484375,34.889183044433594,0.32173919677734375,0,209004.25677490234,218498.13580322266,0,34088599552,2147483648,8663257088,0
199,1787750751202,3500,3500,3500,3500,3500,3500,3500,3500,3500,3500,3500,3500,3500,3500,3500,3500,3500,3500,3500,3500,0.452239990234375,0,0,0,0,2.422027587890625,0.02280426025390625,0,0,0,1.215576171875,2.3130569458007813,21.851531982421875,0,6.454795837402344,0,0.041259765625,0,0,2.3335647583007813,0,209012.1466064453,218503.85418701172,0,34088599552,2147483648,8663760896,0
199,1787750751402,3500,3500,3500,3500,3500,3500,3500,3500,3500,3500,3500,3500,3500,3500,3500,3500,3500,3500,3500,3500,1.4055862426757813,3.2542266845703125,3.270843505859375,0.7753448486328125,0.8271255493164063,0.7917556762695313,3.4255905151367188,0.8356781005859375,0.788177490234375,0.7484283447265625,0.718536376953125,0.6992874145507813,17.14960479736328,0.694610595703125,6.429313659667969,3.2864151000976563,0.7496719360351563,0.7796173095703125,2.3824844360351563,0.739227294921875,0,209020.009765625,218509.5616455078,0,34088599552,2147483648,8662900736,0
200,1787750751602,3500,3500,3500,3500,3500,3500,3500,3500,3500,3500,3500,3500,3500,3500,3500,3500,3500,3500,3500,3500,3.306549072265625,0.26729583740234375,0.411468505859375,2.829345703125,2.8101959228515625,0.193511962890625,0.32993316650390625,0.2731475830078125,0.3350372314453125,0.43221282958984375,0.426513671875,0.31813812255859375,16.74091339111328,2.795654296875,8.449493408203125,0.26145172119140625,9.26287841796875,2.8676376342773438,1.4963531494140625,0.3261871337890625,0,209027.51873779297,218514.93072509766,0,34088599552,2147483648,8667193344,0
200,1787750751802,3500,3500,3500,3500,3500,3500,3500,3500,3500,3500,3500,3500,3500,3500,3500,3500,3500,3500,3500,3500,0.9363784790039063,0.24192047119140625,0.3052215576171875,0.28659820556640625,0.41928863525390625,0.209320068359375,0.252105712890625,2.7899627685546875,2.9129714965820313,2.9868011474609375,3.3994522094726563,0.38529205322265625,19.54076385498047,0.24786376953125,5.729240417480469,0.26268768310546875,1.6227493286132813,0.28789520263671875,0.36212921142578125,0.3274383544921875,0,209035.43615722656,218520.70935058594,0,34088599552,2147483648,8667193344,0
200,1787750752003,3500,3500,3500,3500,3500,3500,3500,3500,3500,3500,3500,3500,3500,3500,3500,3500,3500,3500,3500,3500,0.8212203979492188,0.30701446533203125,0.3969268798828125,0.3697967529296875,0.3936309814453125,0.2830352783203125,0.287017822265625,0.29938507080078125,0.474212646484375,0.41327667236328125,0.5466156005859375,0.5349960327148438,26.107894897460938,0.24837493896484375,10.72735595703125,0.24558258056640625,3.8540496826171875,0.29026031494140625,1.747314453125,0.3841094970703125,0,209042.65551757813,218525.77655029297,0,34088599552,2147483648,8667324416,0
200,1787750752203,3500,3500,3500,3500,3500,3500,3500,3500,3500,3500,3500,3500,3500,3500,3500,3500,3500,3500,3500,3500,0.8260421752929688,0.25408935546875,0.392486572265625,0.3285980224609375,0.22953033447265625,2.7912521362304688,0.2319793701171875,0.17642974853515625,0.2718048095703125,0.2832794189453125,0.8564834594726563,2.7930450439453125,17.348358154296875,0.1894073486328125,9.827293395996094,0.18875885009765625,3.9611129760742188,0.2582244873046875,0.26202392578125,2.7444839477539063,0,209051.19061279297,218532.15942382813,0,34088599552,2147483648,8667242496,0
200,1787750752403,3500,3500,3500,3500,3500,3500,3500,3500,3500,3500,3500,3500,3500,3500,3500,3500,3500,3500,3500,3500,0.7839736938476563,2.8474273681640625,2.935821533203125,0.3969573974609375,0.41009521484375,0.37198638916015625,2.8497695922851563,0.35345458984375,0.427520751953125,0.38317108154296875,0.44734954833984375,0.3366241455078125,12.998802185058594,0.32044219970703125,3.502044677734375,2.8512191772460938,0.8477554321289063,0.46907806396484375,0.39850616455078125,0.36264801025390625,0,209058.32928466797,218537.16961669922,0,34088599552,2147483648,8667197440,0
200,1787750752604,3500,3500,3500,3500,3500,3500,3500,3500,3500,3500,3500,3500,3500,3500,3500,3500,3500,3500,3500,3500,3.2085494995117188,0.32637786865234375,0.3872528076171875,2.9272308349609375,2.9876556396484375,0.42632293701171875,0.4295196533203125,0.4247283935546875,0.49777984619140625,0.33356475830078125,0.36020660400390625,0.35556793212890625,12.179893493652344,2.7679595947265625,9.59356689453125,0.23880767822265625,4.1706695556640625,2.898834228515625,2.8675537109375,0.278778076171875,0,209065.02996826172,218541.78784179688,0,34088599552,2147483648,8667090944,0
200,1787750752804,3500,3500,3500,3500,3500,3500,3500,3500,3500,3500,3500,3500,3500,3500,3500,3500,3500,3500,3500,3500,0.8409576416015625,0.22908782958984375,0.26212310791015625,0.2942047119140625,0.34230804443359375,0.435821533203125,0.36346435546875,2.8768539428710938,2.950408935546875,2.8039016723632813,3.2998046875,0.261322021484375,13.515777587890625,0.19510650634765625,4.040863037109375,0.24615478515625,0.424346923828125,0.26102447509765625,0.37758636474609375,0.35089111328125,0,209072.82037353516,218547.7564086914,0,34088599552,2147483648,8666681344,0
199,1787750753005,3500,3500,3500,3500,3500,3500,3500,3500,3500,3500,3500,3500,3500,3500,3500,3500,3500,3500,3500,3500,0.8698501586914063,0.2523956298828125,0.31649017333984375,0.305908203125,0.404998779296875,0.526702880859375,0.40670013427734375,0.4097900390625,0.31479644775390625,0.2847900390625,0.30840301513671875,0.24845123291015625,16.21728515625,0.26717376708984375,2.1246871948242188,0.31414794921875,1.9603500366210938,0.42092132568359375,0.31739044189453125,0.3413543701171875,0,209080.20141601563,218552.9204711914,0,34088599552,2147483648,8666660864,0
200,1787750753205,3500,3500,3500,3500,3500,3500,3500,3500,3500,3500,3500,3500,3500,3500,3500,3500,3500,3500,3500,3500,1.0506515502929688,0.25959014892578125,0.32395172119140625,0.31635284423828125,0.36092376708984375,2.9653701782226563,0.32520294189453125,0.32904815673828125,0.257843017578125,0.2940673828125,0.38286590576171875,2.8621826171875,19.51312255859375,0.25069427490234375,9.10968017578125,0.25214385986328125,3.264984130859375,0.380615234375,0.505889892578125,2.7889328002929688,0,209088.59747314453,218559.2578125,0,34088599552,2147483648,8665542656,0
200,1787750753405,3500,3500,3500,3500,3500,3500,3500,3500,3500,3500,3500,3500,3500,3500,3500,3500,3500,3500,3500,3500,0.7668228149414063,2.792022705078125,3.0255661010742188,0.29393768310546875,0.21126556396484375,0.26142120361328125,2.8219451904296875,0.2783050537109375,0.311370849609375,0.265960693359375,0.22949981689453125,0.25727081298828125,12.130538940429688,0.2328948974609375,2.9907989501953125,2.7750396728515625,0.7830047607421875,0.27915191650390625,0.42028045654296875,0.277557373046875,0,209096.74450683594,218564.9461669922,0,34088599552,2147483648,8665403392,0
200,1787750753605,3500,3500,3500,3500,3500,3500,3500,3500,3500,3500,3500,3500,3500,3500,3500,3500,3500,3500,3500,3500,3.4094161987304688,0.23870086669921875,0.28662872314453125,2.8075485229492188,2.7638626098632813,0.28128814697265625,0.2817840576171875,0.2324066162109375,0.32077789306640625,0.30145263671875,0.27978515625,0.2307586669921875,13.394256591796875,2.769805908203125,3.4300308227539063,0.2364044189453125,4.102691650390625,2.7946243286132813,3.2707138061523438,0.2852783203125,0,209104.37243652344,218570.43786621094,0,34088599552,2147483648,8665067520,0
200,1787750753805,3500,3500,3500,3500,3500,3500,3500,3500,3500,3500,3500,3500,3500,3500,3500,3500,3500,3500,3500,3500,0.9753799438476563,0.24503326416015625,0.30509185791015625,0.29026031494140625,0.2803802490234375,0.3246612548828125,0.27443695068359375,1.610626220703125,2.7750701904296875,2.7996292114257813,2.7975845336914063,0.2814788818359375,23.998886108398438,0.2072906494140625,7.83953857421875,0.269195556640625,17.852798461914063,0.2868194580078125,0.41771697998046875,0.4045867919921875,0,209111.6693725586,218575.60473632813,0,34088599552,2147483648,8664883200,0
200,1787750754006,3500,3500,3500,3500,3500,3500,3500,3500,3500,3500,3500,3500,3500,3500,3500,3500,3500,3500,3500,3500,2.2265625,0.32470703125,0.3235626220703125,0.3365936279296875,0.281005859375,0.379302978515625,0.2855987548828125,1.3833999633789063,0.38179779052734375,0.32700347900390625,0.31871795654296875,0.2368011474609375,16.688026428222656,0.2150726318359375,92.5456771850586,0.1505889892578125,1.5102615356445313,0.36916351318359375,0.44488525390625,0.41706085205078125,0,209120.06689453125,218581.88604736328,0,34088599552,2147483648,8665014272,0
200,1787750754206,3500,3500,3500,3500,3500,3500,3500,3500,3500,3500,3500,3500,3500,3500,3500,3500,3500,3500,3500,3500,0.5368423461914063,0.31935882568359375,0.3082733154296875,0.30457305908203125,0.30637359619140625,2.81134033203125,0.2751617431640625,0.18227386474609375,0.26412200927734375,0.25893402099609375,0.31685638427734375,2.8781585693359375,8.341339111328125,0.24334716796875,99.76444244384766,0.1294403076171875,0.30033111572265625,0.3147125244140625,0.40854644775390625,2.9062728881835938,0,209128.73010253906,218588.41900634766,0,34088599552,2147483648,8664989696,0
200,1787750754406,3500,3500,3500,3500,3500,3500,3500,3500,3500,3500,3500,3500,3500,3500,3500,3500,3500,3500,3500,3500,0.60546875,2.8286895751953125,2.8504867553710938,0.309844970703125,0.27008819580078125,0.280517578125,2.7581100463867188,0.29697418212890625,0.34515380859375,0.2425537109375,0.2094879150390625,0.327301025390625,3.1839675903320313,0.27751922607421875,100,2.6509246826171875,0.2965240478515625,0.3300933837890625,0.403564453125,0.39867401123046875,0,209136.44525146484,218594.0108642578,0,34088599552,2147483648,8664977408,0
199,1787750754607,3500,3500,3500,3500,3500,3500,3500,3500,3500,3500,3500,3500,3500,3500,3500,3500,3500,3500,3500,3500,3.0909194946289063,0.31987762451171875,0.3838958740234375,0.39118194580078125,2.804046630859375,0.2437286376953125,0.3921356201171875,0.23229217529296875,0.26988983154296875,0.28497314453125,0.3941802978515625,0.264404296875,20.02489471435547,2.7773818969726563,85.08036041259766,0.14655303955078125,3.2380218505859375,2.741729736328125,2.9339218139648438,0.37889862060546875,0,209144.31323242188,218599.7694091797,0,34088599552,2147483648,8664801280,0
200,1787750754807,3500,3500,3500,3500,3500,3500,3500,3500,3500,3500,3500,3500,3500,3500,3500,3500,3500,3500,3500,3500,0.6430587768554688,0.34542083740234375,0.43155670166015625,2.9260101318359375,0.28753662109375,0.2748870849609375,0.348876953125,0.2985382080078125,2.8050308227539063,2.7743377685546875,2.8117294311523438,0.2558441162109375,3.8233642578125,0.26863861083984375,96.7821044921875,0.13916778564453125,3.5339736938476563,0.2964324951171875,0.412261962890625,0.40151214599609375,0,209153.3023071289,218606.63330078125,0,34088599552,2147483648,8664797184,0
200,1787750755007,3500,3500,3500,3500,3500,3500,3500,3500,3500,3500,3500,3500,3500,3500,3500,3500,3500,3500,3500,3500,0.567901611328125,0.31099700927734375,0.36817169189453125,0.3852386474609375,0.267486572265625,0.20067596435546875,0.22397613525390625,2.7711563110351563,0.22582244873046875,0.2476806640625,0.28200531005859375,0.25984954833984375,30.534088134765625,0.1826629638671875,28.983612060546875,0.2400970458984375,49.73623275756836,0.19120025634765625,0.9140701293945313,0.36762237548828125,0,209162.8905029297,218614.08270263672,0,34088599552,2147483648,8664915968,0
200,1787750755207,3500,3500,3500,3500,3500,3500,3500,3500,3500,3500,3500,3500,3500,3500,3500,3500,3500,3500,3500,3500,0.6610031127929688,0.3459625244140625,0.39646148681640625,0.40634918212890625,0.3705902099609375,2.7754364013671875,0.249908447265625,0.21353912353515625,0.33721923828125,0.27562713623046875,0.8355331420898438,2.8173904418945313,3.4201507568359375,0.283172607421875,32.750755310058594,0.2294769287109375,71.5940933227539,0.210296630859375,0.430877685546875,1.28564453125,0,209171.42346191406,218620.5023803711,0,34088599552,2147483648,8664891392,0
200,1787750755408,3500,3500,3500,3500,3500,3500,3500,3500,3500,3500,3500,3500,3500,3500,3500,3500,3500,3500,3500,3500,0.5477371215820313,2.819091796875,2.9003448486328125,0.38368988037109375,0.3208160400390625,0.2978363037109375,2.7903289794921875,0.288848876953125,0.22318267822265625,0.30887603759765625,0.29094696044921875,0.243255615234375,16.60138702392578,0.21753692626953125,38.7726936340332,2.727203369140625,48.58738327026367,0.292449951171875,0.36521148681640625,1.9941864013671875,0,209181.62719726563,218628.60095214844,0,34088599552,2147483648,8664879104,0
200,1787750755608,3500,3500,3500,3500,3500,3500,3500,3500,3500,3500,3500,3500,3500,3500,3500,3500,3500,3500,3500,3500,3.1035232543945313,0.27538299560546875,0.38806915283203125,0.37604522705078125,2.7761383056640625,0.25487518310546875,0.2430419921875,0.230865478515625,0.26081085205078125,0.23485565185546875,0.30178070068359375,0.33252716064453125,8.741546630859375,2.8400192260742188,84.55712890625,0.14263153076171875,17.644638061523438,2.7842788696289063,2.837921142578125,0.2646026611328125,0,209190.61041259766,218635.44274902344,0,34088599552,2147483648,8663605248,0
200,1787750755808,3500,3500,3500,3500,3500,3500,3500,3500,3500,3500,3500,3500,3500,3500,3500,3500,3500,3500,3500,3500,0.5011138916015625,0.3297576904296875,0.306304931640625,2.8939590454101563,0.27912139892578125,0.30585479736328125,0.40473175048828125,0.35584259033203125,0.28136444091796875,2.7507781982421875,2.8151321411132813,0.26929473876953125,11.043930053710938,0.28804779052734375,73.20513153076172,0.18378448486328125,20.26239013671875,0.35414886474609375,0.323516845703125,0.29962158203125,0,209200.57928466797,218643.2974243164,0,34088599552,2147483648,8663568384,0
200,1787750756009,3500,3500,3500,3500,3500,3500,3500,3500,3500,3500,3500,3500,3500,3500,3500,3500,3500,3500,3500,3500,0.64215087890625,0.31104278564453125,0.32811737060546875,0.3119354248046875,0.2158660888671875,0.32411956787109375,0.27848052978515625,2.7593536376953125,2.8303146362304688,0.2274017333984375,0.24657440185546875,0.21945953369140625,16.49736785888672,0.24877166748046875,3.645782470703125,0.206573486328125,32.53968048095703,0.29705810546875,55.35081100463867,0.19024658203125,0,209209.84729003906,218650.451171875,0,34088599552,2147483648,8663605248,0
200,1787750756209,3500,3500,3500,3500,3500,3500,3500,3500,3500,3500,3500,3500,3500,3500,3500,3500,3500,3500,3500,3500,0.4897613525390625,0.2185211181640625,0.32100677490234375,0.3365478515625,0.18064117431640625,2.8001327514648438,0.2178192138671875,0.19043731689453125,0.17429351806640625,0.2618408203125,0.32170867919921875,2.7868881225585938,9.397254943847656,0.1957855224609375,17.501678466796875,0.15296173095703125,82.68771362304688,0.09848785400390625,0.583099365234375,0.31536102294921875,0,209219.60528564453,218658.0447998047,0,34088599552,2147483648,8663556096,0
199,1787750756409,3500,3500,3500,3500,3500,3500,3500,3500,3500,3500,3500,3500,3500,3500,3500,3500,3500,3500,3500,3500,0.6588134765625,2.86053466796875,2.9987716674804688,0.45711517333984375,0.43017578125,0.32726287841796875,0.28560638427734375,0.25746917724609375,0.2925872802734375,0.38547515869140625,0.38632965087890625,0.26100921630859375,17.893310546875,0.30176544189453125,19.96148681640625,2.8602371215820313,68.33521270751953,0.29453277587890625,0.3999481201171875,2.8726577758789063,0,209228.93359375,218665.2548828125,0,34088599552,2147483648,8663461888,0
199,1787750756609,3500,3500,3500,3500,3500,3500,3500,3500,3500,3500,3500,3500,3500,3500,3500,3500,3500,3500,3500,3500,3.1183853149414063,0.35140228271484375,0.426605224609375,0.39342498779296875,2.8821182250976563,0.3099212646484375,2.852386474609375,0.32281494140625,0.3516998291015625,0.33506011962890625,0.4054718017578125,0.25560760498046875,4.321754455566406,0.2809906005859375,54.99002456665039,0.23431396484375,49.52191925048828,2.784027099609375,2.8479843139648438,0.3575439453125,0,209238.27947998047,218672.48681640625,0,34088599552,2147483648,8663281664,0
200,1787750756809,3500,3500,3500,3500,3500,3500,3500,3500,3500,3500,3500,3500,3500,3500,3500,3500,3500,3500,3500,3500,0.5388717651367188,0.24662017822265625,0.34958648681640625,2.8765640258789063,0.31224822998046875,0.41411590576171875,0.45165252685546875,0.32659149169921875,0.31769561767578125,2.7585983276367188,0.703369140625,0.222625732421875,28.536582946777344,2.7192611694335938,27.4990234375,0.17699432373046875,47.533531188964844,0.19298553466796875,0.5689163208007813,0.33054351806640625,0,209247.07843017578,218679.1586303711,0,34088599552,2147483648,8663261184,0
200,1787750757010,3500,3500,3500,3500,3500,3500,3500,3500,3500,3500,3500,3500,3500,3500,3500,3500,3500,3500,3500,3500,0.441131591796875,0.1709747314453125,0.24306488037109375,0.22270965576171875,0.2248077392578125,0.15545654296875,0.20624542236328125,2.6994171142578125,2.68743896484375,0.2002105712890625,2.6830978393554688,0.19048309326171875,11.351287841796875,0.1371002197265625,23.584686279296875,0.11639404296875,68.90432739257813,0.0410614013671875,8.096244812011719,0.193572998046875,0,209256.40130615234,218686.34045410156,0,34088599552,2147483648,8663261184,0
200,1787750757210,3500,3500,3500,3500,3500,3500,3500,3500,3500,3500,3500,3500,3500,3500,3500,3500,3500,3500,3500,3500,0.7563858032226563,0.4932708740234375,0.490325927734375,0.45157623291015625,0.36038970947265625,2.9686203002929688,0.47978973388671875,0.43399810791015625,0.4482269287109375,0.4062347412109375,0.46170806884765625,2.9741592407226563,4.638938903808594,0.4443359375,66.1609115600586,0.32299041748046875,37.47840118408203,0.3983917236328125,0.5304718017578125,0.5521926879882813,0,209266.22216796875,218694.0401611328,0,34088599552,2147483648,8663261184,0
199,1787750757410,3500,3500,3500,3500,3500,3500,3500,3500,3500,3500,3500,3500,3500,3500,3500,3500,3500,3500,3500,3500,0.5632171630859375,2.8289337158203125,2.9245223999023438,0.41788482666015625,0.2940673828125,0.442901611328125,0.3319244384765625,0.3397674560546875,0.47316741943359375,0.5009918212890625,0.360198974609375,0.4710693359375,11.616783142089844,0.2625579833984375,32.066322326660156,2.734283447265625,60.707576751708984,0.20856475830078125,0.5269088745117188,3.070556640625,0,209274.5698852539,218700.26788330078,0,34088599552,2147483648,8663261184,0
199,1787750757610,3500,3500,3500,3500,3500,3500,3500,3500,3500,3500,3500,3500,3500,3500,3500,3500,3500,3500,3500,3500,2.2992782592773438,0.28466033935546875,0.26806640625,0.296356201171875,2.8099136352539063,0.19333648681640625,2.7951202392578125,0.23972320556640625,0.47095489501953125,0.4276123046875,0.3396453857421875,0.48974609375,5.5418548583984375,0.24227142333984375,87.53617858886719,0.12915802001953125,15.714950561523438,2.7920684814453125,2.9578704833984375,0.45301055908203125,0,209283.86987304688,218707.4490966797,0,34088599552,2147483648,8663138304,0
200,1787750757810,3500,3500,3500,3500,3500,3500,3500,3500,3500,3500,3500,3500,3500,3500,3500,3500,3500,3500,3500,3500,1.5931777954101563,0.2735748291015625,0.618133544921875,2.8089981079101563,0.2922210693359375,0.15515899658203125,0.30571746826171875,0.22093963623046875,0.36260223388671875,2.8851776123046875,0.39304351806640625,0.46987152099609375,24.905899047851563,2.7822036743164063,18.92150115966797,0.27222442626953125,28.363174438476563,0.2012939453125,39.48945617675781,0.20919036865234375,0,209292.00274658203,218713.45483398438,0,34088599552,2147483648,8662925312,0
200,1787750758011,3500,3500,3500,3500,3500,3500,3500,3500,3500,3500,3500,3500,3500,3500,3500,3500,3500,3500,3500,3500,2.2240524291992188,0.29221343994140625,0.3108062744140625,0.316497802734375,0.28127288818359375,0.27672576904296875,0.3179473876953125,2.7819061279296875,2.7521209716796875,0.33873748779296875,2.8107833862304688,0.2591400146484375,5.917884826660156,0.27942657470703125,22.638893127441406,0.2347564697265625,31.318450927734375,0.26143646240234375,47.58738708496094,0.23035430908203125,0,209300.36193847656,218719.70263671875,0,34088599552,2147483648,8663056384,0
200,1787750758211,3500,3500,3500,3500,3500,3500,3500,3500,3500,3500,3500,3500,3500,3500,3500,3500,3500,3500,3500,3500,0.5537872314453125,0.3199920654296875,0.29375457763671875,0.328033447265625,0.34117889404296875,2.827239990234375,0.3069000244140625,0.25897979736328125,0.32338714599609375,0.3589630126953125,0.5183563232421875,2.8731613159179688,5.820671081542969,0.3009490966796875,9.008773803710938,0.25408172607421875,91.82038116455078,0.1400604248046875,0.93988037109375,0.317291259765625,0,209308.9923095703,218726.21350097656,0,34088599552,2147483648,8663044096,0
200,1787750758411,3500,3500,3500,3500,3500,3500,3500,3500,3500,3500,3500,3500,3500,3500,3500,3500,3500,3500,3500,3500,0.55352783203125,2.8073348999023438,2.7891311645507813,0.29254913330078125,0.28791046142578125,0.25968170166015625,0.27703857421875,0.30202484130859375,0.285614013671875,0.29085540771484375,0.2844696044921875,0.276885986328125,3.152099609375,0.254547119140625,24.63703155517578,2.7112350463867188,78.85963439941406,0.13649749755859375,0.2822265625,2.8068389892578125,0,209317.72735595703,218732.9868774414,0,34088599552,2147483648,8663003136,0
200,1787750758611,3500,3500,3500,3500,3500,3500,3500,3500,3500,3500,3500,3500,3500,3500,3500,3500,3500,3500,3500,3500,12.826278686523438,0.2915802001953125,29.470352172851563,0.2889862060546875,2.894561767578125,0.2534332275390625,2.8249969482421875,0.2877349853515625,0.3054656982421875,0.24214935302734375,0.29148101806640625,0.26116943359375,26.3431396484375,0.2400970458984375,39.416751861572266,0.2380523681640625,35.26152801513672,2.7854995727539063,7.1527099609375,0.27860260009765625,0,209328.87982177734,218741.9755859375,0,34088599552,2147483648,8662908928,0
200,1787750758812,3500,3500,3500,3500,3500,3500,3500,3500,3500,3500,3500,3500,3500,3500,3500,3500,3500,3500,3500,3500,3.1277008056640625,0.30651092529296875,0.33487701416015625,2.7948760986328125,0.2602691650390625,0.2862396240234375,0.31659698486328125,0.286834716796875,0.468109130859375,2.8535995483398438,0.8611602783203125,0.3476104736328125,17.560287475585938,2.7598190307617188,55.04438400268555,0.191162109375,31.755722045898438,0.26696014404296875,0.2983245849609375,0.3065643310546875,0,209338.6717529297,218749.58502197266,0,34088599552,2147483648,8662786048,0
200,1787750759012,3500,3500,3500,3500,3500,3500,3500,3500,3500,3500,3500,3500,3500,3500,3500,3500,3500,3500,3500,3500,0.6053466796875,0.25449371337890625,0.25389862060546875,0.3000030517578125,0.2852630615234375,0.18536376953125,0.3105926513671875,2.7716827392578125,2.8499526977539063,0.28731536865234375,2.798553466796875,0.22672271728515625,14.1348876953125,0.225128173828125,4.538970947265625,0.20899200439453125,89.35982513427734,0.10854339599609375,0.27257537841796875,0.277374267578125,0,209347.70623779297,218756.37921142578,0,34088599552,2147483648,8662839296,0
199,1787750759212,3500,3500,3500,3500,3500,3500,3500,3500,3500,3500,3500,3500,3500,3500,3500,3500,3500,3500,3500,3500,0.655426025390625,0.3072967529296875,0.32788848876953125,0.3155975341796875,0.28305816650390625,2.874847412109375,0.2168426513671875,0.30500030517578125,0.37181854248046875,0.2638702392578125,0.5419387817382813,2.8115234375,19.74280548095703,0.3125,11.408775329589844,0.25042724609375,28.337356567382813,0.3168487548828125,49.40846252441406,0.21484375,0,209356.71411132813,218763.2451171875,0,34088599552,2147483648,8662753280,0
200,1787750759412,3500,3500,3500,3500,3500,3500,3500,3500,3500,3500,3500,3500,3500,3500,3500,3500,3500,3500,3500,3500,0.6125640869140625,2.80242919921875,2.8859939575195313,0.29888916015625,0.26509857177734375,0.28339385986328125,0.239959716796875,0.2909393310546875,0.29848480224609375,0.21271514892578125,0.31707763671875,0.244659423828125,12.763877868652344,0.288238525390625,29.08734130859375,2.7042160034179688,64.34982299804688,0.2024688720703125,0.3388671875,2.860107421875,0,209366.9175415039,218771.3282470703,0,34088599552,2147483648,8662753280,0
199,1787750759612,3500,3500,3500,3500,3500,3500,3500,3500,3500,3500,3500,3500,3500,3500,3500,3500,3500,3500,3500,3500,0.5616226196289063,0.318572998046875,0.3342437744140625,0.3600006103515625,2.844940185546875,0.279388427734375,2.7993698120117188,0.25263214111328125,0.338287353515625,0.2994537353515625,0.23406219482421875,0.21993255615234375,18.05596923828125,0.298858642578125,11.554924011230469,0.23700714111328125,77.6583251953125,2.7203445434570313,2.9896011352539063,0.40073394775390625,0,209376.51721191406,218778.8282470703,0,34088599552,2147483648,8662687744,0
200,1787750759813,3500,3500,3500,3500,3500,3500,3500,3500,3500,3500,3500,3500,3500,3500,3500,3500,3500,3500,3500,3500,3.06365966796875,0.31414031982421875,0.2861480712890625,2.8522186279296875,0.33542633056640625,0.40029144287109375,0.47769927978515625,0.356964111328125,0.30454254150390625,1.5945205688476563,0.29984283447265625,0.27170562744140625,3.3890380859375,2.7492752075195313,47.967979431152344,0.21134185791015625,53.15648651123047,0.2415771484375,0.4419708251953125,0.3885955810546875,0,209385.79412841797,218785.9789428711,0,34088599552,2147483648,8662568960,0
200,1787750760013,3500,3500,3500,3500,3500,3500,3500,3500,3500,3500,3500,3500,3500,3500,3500,3500,3500,3500,3500,3500,0.20992279052734375,0,0,0,0.03113555908203125,0.043212890625,0.0873260498046875,2.5445709228515625,2.4589462280273438,1.1155776977539063,2.5839385986328125,0,15.062644958496094,0,51.7647590637207,0,45.31897735595703,0,2.5915298461914063,0,0,209396.19287109375,218794.21295166016,0,34088599552,2147483648,8662646784,0
200,1787750760214,3500,3500,3500,3500,3500,3500,3500,3500,3500,3500,3500,3500,3500,3500,3500,3500,3500,3500,3500,3500,1.1684112548828125,0.7770309448242188,0.7351150512695313,0.8146591186523438,0.8579177856445313,0.920013427734375,0.8531341552734375,0.81854248046875,0.8470535278320313,0.8210906982421875,7.7524566650390625,3.443878173828125,17.85369873046875,0.7594833374023438,41.789527893066406,0.6949996948242188,47.84115219116211,0.6948928833007813,0.8691329956054688,0.75579833984375,0,209404.53955078125,218800.4644165039,0,34088599552,2147483648,8664154112,0
200,1787750760414,3500,3500,3500,3500,3500,3500,3500,3500,3500,3500,3500,3500,3500,3500,3500,3500,3500,3500,3500,3500,0.5149078369140625,0.32480621337890625,2.8144149780273438,0.30979156494140625,0.42838287353515625,2.9264755249023438,0.4342193603515625,0.352783203125,0.3340301513671875,0.3011627197265625,0.40384674072265625,0.37207794189453125,25.171890258789063,0.32839202880859375,19.23651123046875,2.7452468872070313,62.24690246582031,0.19828033447265625,0.34320831298828125,2.8269805908203125,0,209414.30981445313,218808.10906982422,0,34088599552,2147483648,8664150016,0
200,1787750760615,3500,3500,3500,3500,3500,3500,3500,3500,3500,3500,3500,3500,3500,3500,3500,3500,3500,3500,3500,3500,0.613861083984375,2.7855377197265625,0.21979522705078125,0.23201751708984375,2.7450637817382813,0.20381927490234375,2.7575912475585938,0.32749176025390625,0.23845672607421875,0.14832305908203125,0.24584197998046875,0.223785400390625,6.31195068359375,0.18994903564453125,19.920486450195313,0.19598388671875,60.84804916381836,2.6484909057617188,26.121498107910156,0.220245361328125,0,209422.7095336914,218814.38012695313,0,34088599552,2147483648,8664150016,0
200,1787750760815,3500,3500,3500,3500,3500,3500,3500,3500,3500,3500,3500,3500,3500,3500,3500,3500,3500,3500,3500,3500,3.1530380249023438,0.3621368408203125,0.30899810791015625,2.8962326049804688,0.3074493408203125,0.27701568603515625,0.3278045654296875,0.26483917236328125,0.2824554443359375,0.32611083984375,0.3556976318359375,0.28833770751953125,27.713775634765625,2.7540283203125,69.3953857421875,0.19269561767578125,9.141632080078125,0.307647705078125,0.35540008544921875,0.31403350830078125,0,209433.0375366211,218822.55981445313,0,34088599552,2147483648,8664162304,0
199,1787750761015,3500,3500,3500,3500,3500,3500,3500,3500,3500,3500,3500,3500,3500,3500,3500,3500,3500,3500,3500,3500,0.5819625854492188,0.3468017578125,0.27625274658203125,0.30086517333984375,0.54266357421875,0.27310943603515625,0.2378082275390625,2.8614730834960938,2.7758941650390625,2.776092529296875,3.3136215209960938,0.3044586181640625,14.594245910644531,0.1919708251953125,6.384742736816406,0.1948699951171875,88.44646453857422,0.13150787353515625,0.2629241943359375,0.2960205078125,0,209442.47314453125,218829.8680419922,0,34088599552,2147483648,8664293376,0
199,1787750761215,3500,3500,3500,3500,3500,3500,3500,3500,3500,3500,3500,3500,3500,3500,3500,3500,3500,3500,3500,3500,0.5036697387695313,0.34923553466796875,0.33519744873046875,0.3258056640625,0.39710235595703125,0.44091796875,0.5124664306640625,0.5021209716796875,0.30387115478515625,0.28948211669921875,0.28678131103515625,2.8119277954101563,4.741477966308594,0.30371856689453125,18.678863525390625,0.242919921875,82.52952575683594,0.1883544921875,0.683135986328125,0.30367279052734375,0,209451.44470214844,218836.72778320313,0,34088599552,2147483648,8663498752,0
199,1787750761415,3500,3500,3500,3500,3500,3500,3500,3500,3500,3500,3500,3500,3500,3500,3500,3500,3500,3500,3500,3500,0.5914993286132813,0.28900146484375,0.2910003662109375,0.2998504638671875,0.32654571533203125,2.8380126953125,0.30739593505859375,0.27840423583984375,0.2665557861328125,0.27845001220703125,0.24495697021484375,0.295501708984375,8.082916259765625,0.25240325927734375,25.95531463623047,2.7709732055664063,78.05250549316406,0.1550750732421875,1.36456298828125,2.8049240112304688,0,209460.7730102539,218843.91778564453,0,34088599552,2147483648,8663281664,0
199,1787750761615,3500,3500,3500,3500,3500,3500,3500,3500,3500,3500,3500,3500,3500,3500,3500,3500,3500,3500,3500,3500,0.457611083984375,2.8405227661132813,75.75382232666016,0.13657379150390625,2.8145217895507813,0.25620269775390625,2.8439712524414063,0.23740386962890625,0.23565673828125,0.2631988525390625,2.5873184204101563,0.21581268310546875,3.7086563110351563,0.314788818359375,19.97472381591797,0.18096923828125,3.1030197143554688,2.75408935546875,10.540687561035156,0.2488555908203125,0,209469.77435302734,218850.79388427734,0,34088599552,2147483648,8663150592,0
200,1787750761816,3500,3500,3500,3500,3500,3500,3500,3500,3500,3500,3500,3500,3500,3500,3500,3500,3500,3500,3500,3500,3.089019775390625,0.36187744140625,20.44781494140625,2.8451690673828125,0.36163330078125,0.287872314453125,0.33249664306640625,0.26589202880859375,0.25229644775390625,0.33269500732421875,0.370025634765625,0.287872314453125,8.603218078613281,2.8571624755859375,34.569580078125,0.24225616455078125,41.40772247314453,0.30646514892578125,0.384765625,0.3243560791015625,0,209480.66143798828,218859.55407714844,0,34088599552,2147483648,8663035904,0
200,1787750762016,3500,3500,3500,3500,3500,3500,3500,3500,3500,3500,3500,3500,3500,3500,3500,3500,3500,3500,3500,3500,2.2031478881835938,0.20868682861328125,0.29229736328125,0.29309844970703125,0.1889801025390625,0.166229248046875,0.2483978271484375,2.6584320068359375,2.672454833984375,2.7289276123046875,2.6509017944335938,0.1895751953125,13.892738342285156,0.16363525390625,7.4185943603515625,0.09508514404296875,86.79413604736328,0.045501708984375,0.18888092041015625,0.19626617431640625,0,209490.8875732422,218867.65991210938,0,34088599552,2147483648,8663138304,0
200,1787750762217,3500,3500,3500,3500,3500,3500,3500,3500,3500,3500,3500,3500,3500,3500,3500,3500,3500,3500,3500,3500,0.9968948364257813,0.39768218994140625,3.4688796997070313,0.42205810546875,0.40999603271484375,0.4473419189453125,0.5568313598632813,0.4138336181640625,0.34706878662109375,0.2918243408203125,0.41408538818359375,2.8891143798828125,17.571258544921875,0.30210113525390625,68.40035247802734,0.24047088623046875,8.027091979980469,0.32444000244140625,29.2127685546875,0.34069061279296875,0,209498.77520751953,218873.39813232422,0,34088599552,2147483648,8662876160,0
200,1787750762417,3500,3500,3500,3500,3500,3500,3500,3500,3500,3500,3500,3500,3500,3500,3500,3500,3500,3500,3500,3500,0.7603836059570313,0.4622344970703125,0.31166839599609375,0.34668731689453125,0.38161468505859375,3.0040664672851563,0.4940643310546875,0.47022247314453125,0.28467559814453125,0.30194091796875,0.3637542724609375,0.31037139892578125,4.5688323974609375,0.3066253662109375,4.2422027587890625,2.7905807495117188,98.01589965820313,0.1526641845703125,0.31151580810546875,2.8451156616210938,0,209507.23162841797,218879.72344970703,0,34088599552,2147483648,8662855680,0
200,1787750762617,3500,3500,3500,3500,3500,3500,3500,3500,3500,3500,3500,3500,3500,3500,3500,3500,3500,3500,3500,3500,0.5904693603515625,2.80718994140625,2.8188323974609375,0.2965850830078125,2.8995895385742188,0.39188385009765625,2.9979324340820313,0.4260101318359375,0.32396697998046875,0.305328369140625,0.23432159423828125,0.3076324462890625,21.525474548339844,0.1978912353515625,54.75662612915039,0.16475677490234375,30.026840209960938,2.8376693725585938,2.8461685180664063,0.29048919677734375,0,209515.06567382813,218885.4390258789,0,34088599552,2147483648,8662708224,0
200,1787750762817,3500,3500,3500,3500,3500,3500,3500,3500,3500,3500,3500,3500,3500,3500,3500,3500,3500,3500,3500,3500,3.00201416015625,0.27191925048828125,0.24310302734375,2.7894287109375,0.28604888916015625,0.24100494384765625,0.278656005859375,0.24814605712890625,0.43731689453125,0.43576812744140625,0.3130645751953125,0.4161376953125,13.469467163085938,2.798614501953125,90.2801284790039,0.1122589111328125,0.7380447387695313,0.30902099609375,0.26287841796875,0.2740631103515625,0,209524.2332763672,218892.484375,0,34088599552,2147483648,8662503424,0
200,1787750763018,3500,3500,3500,3500,3500,3500,3500,3500,3500,3500,3500,3500,3500,3500,3500,3500,3500,3500,3500,3500,0.5992279052734375,0.24069976806640625,0.2726898193359375,0.262359619140625,0.2700958251953125,0.29949188232421875,0.241546630859375,2.7557449340820313,2.79656982421875,2.8447265625,3.2637939453125,0.2627105712890625,24.056900024414063,0.196929931640625,15.2578125,0.18799591064453125,4.691871643066406,0.24753570556640625,67.21302795410156,0.14128875732421875,0,209533.08319091797,218899.18310546875,0,34088599552,2147483648,8662609920,0
200,1787750763218,3500,3500,3500,3500,3500,3500,3500,3500,3500,3500,3500,3500,3500,3500,3500,3500,3500,3500,3500,3500,0.5712661743164063,0.36844635009765625,0.414276123046875,0.37543487548828125,0.347381591796875,0.2938690185546875,0.31089019775390625,0.284088134765625,0.3069000244140625,0.3215789794921875,0.7707443237304688,2.8760604858398438,3.6347198486328125,0.25862884521484375,54.95169448852539,0.2254791259765625,47.471351623535156,0.26491546630859375,0.6257781982421875,0.31288909912109375,0,209543.88671875,218907.8514404297,0,34088599552,2147483648,8662585344,0
200,1787750763418,3500,3500,3500,3500,3500,3500,3500,3500,3500,3500,3500,3500,3500,3500,3500,3500,3500,3500,3500,3500,0.554595947265625,0.35152435302734375,0.39844512939453125,0.40409088134765625,0.4312286376953125,2.9812545776367188,0.36351776123046875,0.4338226318359375,0.285369873046875,0.239349365234375,0.32334136962890625,0.25438690185546875,18.032791137695313,0.32654571533203125,31.762115478515625,2.7824783325195313,41.474143981933594,0.21551513671875,17.09893035888672,2.7954254150390625,0,209552.42700195313,218914.27795410156,0,34088599552,2147483648,8662573056,0
199,1787750763618,3500,3500,3500,3500,3500,3500,3500,3500,3500,3500,3500,3500,3500,3500,3500,3500,3500,3500,3500,3500,0.52606201171875,2.8033905029296875,2.9771270751953125,0.41139984130859375,2.7800140380859375,0.231414794921875,2.7793197631835938,0.25548553466796875,0.2348175048828125,0.2381134033203125,0.35152435302734375,0.2703704833984375,4.8495941162109375,0.25728607177734375,24.996315002441406,0.211639404296875,54.22623062133789,2.7195358276367188,27.707763671875,0.208343505859375,0,209561.044921875,218920.74774169922,0,34088599552,2147483648,8662204416,0
200,1787750763818,3500,3500,3500,3500,3500,3500,3500,3500,3500,3500,3500,3500,3500,3500,3500,3500,3500,3500,3500,3500,3.0738677978515625,0.2873687744140625,0.498016357421875,3.0556259155273438,0.30736541748046875,0.305816650390625,0.327362060546875,0.2886199951171875,0.32456207275390625,0.25572967529296875,0.2788238525390625,0.29886627197265625,18.99622344970703,2.7596511840820313,39.9414176940918,0.18904876708984375,26.437461853027344,0.22089385986328125,20.972885131835938,0.25982666015625,0,209569.73797607422,218927.32653808594,0,34088599552,2147483648,8662007808,0
200,1787750764019,3500,3500,3500,3500,3500,3500,3500,3500,3500,3500,3500,3500,3500,3500,3500,3500,3500,3500,3500,3500,0.5762252807617188,0.3104400634765625,0.5376205444335938,0.5523529052734375,0.26499176025390625,0.2649383544921875,0.30924224853515625,2.8349990844726563,2.8044281005859375,2.8570175170898438,2.8504257202148438,0.2668914794921875,23.892799377441406,0.22623443603515625,40.42628479003906,0.23282623291015625,43.99287796020508,0.23792266845703125,0.301300048828125,0.32826995849609375,0,209579.83233642578,218935.29388427734,0,34088599552,2147483648,8662106112,0
200,1787750764219,3500,3500,3500,3500,3500,3500,3500,3500,3500,3500,3500,3500,3500,3500,3500,3500,3500,3500,3500,3500,0.5017471313476563,0.31287384033203125,0.49436187744140625,0.5284957885742188,0.25504302978515625,0.25099945068359375,0.243560791015625,0.208282470703125,0.31621551513671875,0.234130859375,0.48952484130859375,0.24675750732421875,3.501800537109375,0.26267242431640625,31.96240997314453,0.19830322265625,69.75535583496094,0.15169525146484375,0.6010971069335938,0.312225341796875,0,209589.87420654297,218943.72833251953,0,34088599552,2147483648,8662032384,0
200,1787750764420,3500,3500,3500,3500,3500,3500,3500,3500,3500,3500,3500,3500,3500,3500,3500,3500,3500,3500,3500,3500,0.5925750732421875,0.33242034912109375,0.883209228515625,0.4264678955078125,0.2352294921875,2.7973785400390625,0.27327728271484375,0.26380157470703125,0.414398193359375,0.3092803955078125,0.33875274658203125,2.8274459838867188,18.930274963378906,0.24040985107421875,10.675674438476563,2.75030517578125,64.6368179321289,0.20320892333984375,16.506561279296875,2.7853622436523438,0,209598.43420410156,218949.77313232422,0,34088599552,2147483648,8661753856,0
200,1787750764620,3500,3500,3500,3500,3500,3500,3500,3500,3500,3500,3500,3500,3500,3500,3500,3500,3500,3500,3500,3500,0.6650238037109375,2.8313827514648438,2.9641647338867188,0.4172821044921875,2.8562545776367188,0.2486419677734375,2.7931289672851563,0.347015380859375,0.5218048095703125,0.45363616943359375,0.49263763427734375,0.4095916748046875,3.2911148071289063,0.35825347900390625,11.272552490234375,0.242645263671875,90.02104187011719,2.7023468017578125,2.870635986328125,0.36040496826171875,0,209608.61309814453,218957.67053222656,0,34088599552,2147483648,8661590016,0
199,1787750764820,3500,3500,3500,3500,3500,3500,3500,3500,3500,3500,3500,3500,3500,3500,3500,3500,3500,3500,3500,3500,3.0430526733398438,0.23954010009765625,0.37979888916015625,2.9120254516601563,0.15837860107421875,0.30138397216796875,0.30173492431640625,0.217376708984375,0.47348785400390625,0.34999847412109375,0.3285369873046875,0.33322906494140625,3.3248214721679688,2.7993698120117188,51.67054748535156,0.138214111328125,52.389869689941406,0.19631195068359375,0.2569122314453125,0.28665924072265625,0,209618.0740966797,218965.0108642578,0,34088599552,2147483648,8661483520,0
200,1787750765020,3500,3500,3500,3500,3500,3500,3500,3500,3500,3500,3500,3500,3500,3500,3500,3500,3500,3500,3500,3500,0.5574188232421875,0.2989044189453125,0.3076019287109375,0.32740020751953125,0.19952392578125,0.27236175537109375,0.2703094482421875,2.81109619140625,2.8367919921875,2.7971954345703125,3.3657150268554688,0.3159027099609375,16.668930053710938,0.24266815185546875,14.402511596679688,0.20906829833984375,60.559669494628906,0.202972412109375,16.784469604492188,0.28321075439453125,0,209627.8921508789,218972.71606445313,0,34088599552,2147483648,8661606400,0
200,1787750765221,3500,3500,3500,3500,3500,3500,3500,3500,3500,3500,3500,3500,3500,3500,3500,3500,3500,3500,3500,3500,0.872833251953125,0.32666015625,2.6611862182617188,0.28307342529296875,0.27808380126953125,0.278228759765625,0.2960052490234375,0.28157806396484375,0.3267059326171875,0.230499267578125,0.7391357421875,0.25830841064453125,10.210647583007813,0.26375579833984375,32.856285095214844,0.23459625244140625,57.36481475830078,0.2036895751953125,20.082305908203125,0.233551025390625,0,209638.27911376953,218980.94525146484,0,34088599552,2147483648,8661467136,0
200,1787750765421,3500,3500,3500,3500,3500,3500,3500,3500,3500,3500,3500,3500,3500,3500,3500,3500,3500,3500,3500,3500,0.563018798828125,0.30759429931640625,0.38525390625,0.34185791015625,0.27901458740234375,2.8675994873046875,0.30484771728515625,0.29238128662109375,0.30574798583984375,0.3289947509765625,0.336273193359375,2.839019775390625,3.1842727661132813,0.26399993896484375,41.34378433227539,2.739959716796875,62.30708694458008,0.20369720458984375,0.30310821533203125,2.8259048461914063,0,209647.9599609375,218988.4942626953,0,34088599552,2147483648,8661467136,0
200,1787750765621,3500,3500,3500,3500,3500,3500,3500,3500,3500,3500,3500,3500,3500,3500,3500,3500,3500,3500,3500,3500,0.5960235595703125,2.7612991333007813,2.8319473266601563,0.300506591796875,0.2329559326171875,0.261688232421875,2.7425384521484375,0.20606231689453125,0.2348480224609375,0.19089508056640625,0.2198333740234375,0.2515106201171875,10.477317810058594,0.17986297607421875,7.0469512939453125,0.17487335205078125,86.68733215332031,2.6019439697265625,2.7845001220703125,0.2453765869140625,0,209658.0548095703,218996.46997070313,0,34088599552,2147483648,8661344256,0
200,1787750765822,3500,3500,3500,3500,3500,3500,3500,3500,3500,3500,3500,3500,3500,3500,3500,3500,3500,3500,3500,3500,3.0788040161132813,0.30973052978515625,0.42852020263671875,2.9180679321289063,2.9194717407226563,0.46347808837890625,0.3895721435546875,0.3821868896484375,0.315673828125,0.31502532958984375,0.26683807373046875,0.325958251953125,5.2572174072265625,2.7856521606445313,5.063285827636719,0.25325775146484375,14.651123046875,0.3164215087890625,88.15660095214844,0.166229248046875,0,209668.2130126953,219004.4829711914,0,34088599552,2147483648,8658997248,0
199,1787750766022,3500,3500,3500,3500,3500,3500,3500,3500,3500,3500,3500,3500,3500,3500,3500,3500,3500,3500,3500,3500,2.3085174560546875,0.3544464111328125,23.624977111816406,0.283294677734375,0.37085723876953125,0.43042755126953125,0.36791229248046875,2.9020462036132813,2.7966766357421875,2.839630126953125,2.764190673828125,0.33592987060546875,10.035758972167969,0.2744140625,35.47675323486328,0.23589324951171875,41.13905715942383,0.26508331298828125,1.432891845703125,0.32225799560546875,0,209677.9076538086,219012.05041503906,0,34088599552,2147483648,8659111936,0
199,1787750766222,3500,3500,3500,3500,3500,3500,3500,3500,3500,3500,3500,3500,3500,3500,3500,3500,3500,3500,3500,3500,0.5793685913085938,0.31655120849609375,0.36804962158203125,0.3021087646484375,0.38849639892578125,0.2844085693359375,0.2719573974609375,0.25301361083984375,0.2650146484375,0.3178558349609375,0.3681488037109375,0.2500152587890625,12.575851440429688,0.2190704345703125,92.81272888183594,0.15557861328125,0.31105804443359375,0.318206787109375,0.4550323486328125,0.43863677978515625,0,209689.00665283203,219021.0239868164,0,34088599552,2147483648,8659066880,0
200,1787750766422,3500,3500,3500,3500,3500,3500,3500,3500,3500,3500,3500,3500,3500,3500,3500,3500,3500,3500,3500,3500,0.5349884033203125,0.3336334228515625,0.34152984619140625,0.326080322265625,0.3099365234375,2.9759368896484375,0.33843231201171875,0.3466796875,0.20270538330078125,0.2721405029296875,0.317535400390625,2.8313674926757813,12.226043701171875,0.2972869873046875,19.362930297851563,2.725494384765625,74.79876708984375,0.16516876220703125,0.41021728515625,2.9085006713867188,0,209697.63995361328,219027.53497314453,0,34088599552,2147483648,8659054592,0
199,1787750766623,3500,3500,3500,3500,3500,3500,3500,3500,3500,3500,3500,3500,3500,3500,3500,3500,3500,3500,3500,3500,0.6022415161132813,2.850982666015625,2.8750457763671875,0.378509521484375,0.3139495849609375,0.4344329833984375,2.929718017578125,0.30516815185546875,0.25034332275390625,0.23001861572265625,0.301666259765625,0.25079345703125,6.263664245605469,0.2423553466796875,18.237380981445313,0.25014495849609375,85.94829559326172,2.6854705810546875,3.225250244140625,0.37496185302734375,0,209707.78887939453,219035.53393554688,0,34088599552,2147483648,8658579456,0
200,1787750766823,3500,3500,3500,3500,3500,3500,3500,3500,3500,3500,3500,3500,3500,3500,3500,3500,3500,3500,3500,3500,3.0744552612304688,0.3115692138671875,0.3364105224609375,2.8252182006835938,2.8705062866210938,0.4598846435546875,0.42388916015625,0.33026123046875,0.4671783447265625,0.33826446533203125,0.2992706298828125,0.45728302001953125,3.4106674194335938,2.7567901611328125,40.49070358276367,0.18695068359375,62.826690673828125,0.18540191650390625,0.5093154907226563,0.514617919921875,0,209718.39837646484,219044.03540039063,0,34088599552,2147483648,8658255872,0
199,1787750767023,3500,3500,3500,3500,3500,3500,3500,3500,3500,3500,3500,3500,3500,3500,3500,3500,3500,3500,3500,3500,0.55255126953125,0.33432769775390625,0.3106689453125,0.32015228271484375,0.35443878173828125,0.45281982421875,0.399566650390625,2.8324813842773438,2.859039306640625,2.88739013671875,3.0749130249023438,0.3259429931640625,10.725967407226563,0.23160552978515625,38.598567962646484,0.21712493896484375,58.8205680847168,0.25112152099609375,0.39272308349609375,0.38653564453125,0,209728.07208251953,219051.5859375,0,34088599552,2147483648,8658350080,0
199,1787750767223,3500,3500,3500,3500,3500,3500,3500,3500,3500,3500,3500,3500,3500,3500,3500,3500,3500,3500,3500,3500,0.5961456298828125,0.3021697998046875,0.31856536865234375,0.2853240966796875,0.327117919921875,0.24098968505859375,0.27838134765625,0.2709808349609375,0.32981109619140625,0.28972625732421875,0.5166168212890625,0.30902099609375,4.377220153808594,0.27883148193359375,28.986068725585938,0.21689605712890625,72.62601470947266,0.2073974609375,0.6717300415039063,0.40674591064453125,0,209736.76593017578,219058.1480102539,0,34088599552,2147483648,8658296832,0
200,1787750767423,3500,3500,3500,3500,3500,3500,3500,3500,3500,3500,3500,3500,3500,3500,3500,3500,3500,3500,3500,3500,0.5784530639648438,0.30364990234375,0.6493911743164063,0.283599853515625,0.27060699462890625,2.83831787109375,0.28510284423828125,0.22380828857421875,0.2785491943359375,0.28874969482421875,0.2810516357421875,2.7574310302734375,12.672737121582031,0.238555908203125,26.131240844726563,0.7942657470703125,58.992591857910156,0.21126556396484375,14.40179443359375,2.964691162109375,0,209746.6357421875,219065.87280273438,0,34088599552,2147483648,8657596416,0
199,1787750767623,3500,3500,3500,3500,3500,3500,3500,3500,3500,3500,3500,3500,3500,3500,3500,3500,3500,3500,3500,3500,0.5725936889648438,2.8167724609375,2.787841796875,0.31305694580078125,0.33235931396484375,0.2155914306640625,2.8235092163085938,0.24297332763671875,0.3105621337890625,0.246917724609375,0.21234893798828125,0.26078033447265625,18.117713928222656,0.2502593994140625,33.92155456542969,2.0617599487304688,52.48571014404297,0.8238983154296875,3.00897216796875,0.4888916015625,0,209755.7534790039,219072.86785888672,0,34088599552,2147483648,8657498112,0
199,1787750767823,3500,3500,3500,3500,3500,3500,3500,3500,3500,3500,3500,3500,3500,3500,3500,3500,3500,3500,3500,3500,3.0673980712890625,0.32419586181640625,0.3215484619140625,2.8165359497070313,2.7821426391601563,0.30889892578125,0.35063934326171875,0.242462158203125,0.3260498046875,0.260009765625,0.33154296875,0.29949951171875,2.8061370849609375,2.796844482421875,62.39551544189453,0.19641876220703125,41.19819259643555,2.1580963134765625,0.422882080078125,0.41922760009765625,0,209766.27716064453,219081.27557373047,0,34088599552,2147483648,8657301504,0
200,1787750768024,3500,3500,3500,3500,3500,3500,3500,3500,3500,3500,3500,3500,3500,3500,3500,3500,3500,3500,3500,3500,0.540618896484375,0.239044189453125,0.2704315185546875,0.2504425048828125,0.1947021484375,0.25518798828125,0.19530487060546875,2.7665252685546875,2.8146133422851563,2.72918701171875,2.7532272338867188,0.19580078125,17.685195922851563,0.1514129638671875,29.78874969482422,0.1715087890625,58.64936828613281,0.16510772705078125,4.923149108886719,0.36536407470703125,0,209776.23052978516,219089.09423828125,0,34088599552,2147483648,8656990208,0
200,1787750768224,3500,3500,3500,3500,3500,3500,3500,3500,3500,3500,3500,3500,3500,3500,3500,3500,3500,3500,3500,3500,0.5440673828125,0.31517791748046875,0.29273223876953125,0.34650421142578125,0.376678466796875,0.51568603515625,0.5028152465820313,0.49219512939453125,0.39289093017578125,0.46625518798828125,0.7742080688476563,0.445709228515625,10.886398315429688,0.28849029541015625,36.04883575439453,0.236175537109375,46.86410140991211,0.2000579833984375,16.245025634765625,0.35991668701171875,0,209785.48663330078,219096.21124267578,0,34088599552,2147483648,8656912384,0
199,1787750768424,3500,3500,3500,3500,3500,3500,3500,3500,3500,3500,3500,3500,3500,3500,3500,3500,3500,3500,3500,3500,0.5871505737304688,0.27091217041015625,0.29956817626953125,0.25333404541015625,0.37021636962890625,2.9320220947265625,0.36672210693359375,0.4079132080078125,0.27519989013671875,0.32492828369140625,0.3247833251953125,2.8087005615234375,2.6942138671875,0.22522735595703125,3.598114013671875,0.195220947265625,100,0.10025787353515625,0.39807891845703125,2.9506988525390625,0,209793.61737060547,219102.21258544922,0,34088599552,2147483648,8656867328,0
200,1787750768624,3500,3500,3500,3500,3500,3500,3500,3500,3500,3500,3500,3500,3500,3500,3500,3500,3500,3500,3500,3500,0.5765457153320313,2.8331069946289063,2.8449020385742188,0.34799957275390625,0.5143280029296875,0.44040679931640625,3.0363693237304688,0.4423065185546875,0.3901824951171875,0.3056182861328125,0.35344696044921875,0.28992462158203125,17.867454528808594,0.2457427978515625,38.293888092041016,2.7637863159179688,48.44038391113281,0.27762603759765625,2.3984451293945313,0.5570526123046875,0,209801.43914794922,219107.9119873047,0,34088599552,2147483648,8656732160,0
200,1787750768825,3500,3500,3500,3500,3500,3500,3500,3500,3500,3500,3500,3500,3500,3500,3500,3500,3500,3500,3500,3500,3.3973312377929688,0.23348236083984375,3.9653091430664063,2.7714080810546875,2.855010986328125,0.2373199462890625,0.2847900390625,0.28858184814453125,0.298614501953125,0.26726531982421875,0.28887939453125,0.2065277099609375,17.091819763183594,2.775299072265625,26.482757568359375,0.16949462890625,23.63134002685547,2.7077713012695313,55.48512268066406,0.18521881103515625,0,209812.41094970703,219116.74481201172,0,34088599552,2147483648,8655405056,0
200,1787750769025,3500,3500,3500,3500,3500,3500,3500,3500,3500,3500,3500,3500,3500,3500,3500,3500,3500,3500,3500,3500,0.7356948852539063,0.33533477783203125,0.39786529541015625,0.38378143310546875,0.28768157958984375,0.28034210205078125,0.27524566650390625,2.8450393676757813,2.8041305541992188,2.8250045776367188,3.4641571044921875,0.21401214599609375,22.70714569091797,0.20452880859375,26.497398376464844,0.2195587158203125,50.28156661987305,0.16626739501953125,9.063377380371094,0.2565155029296875,0,209820.5792236328,219122.77795410156,0,34088599552,2147483648,8655278080,0
200,1787750769225,3500,3500,3500,3500,3500,3500,3500,3500,3500,3500,3500,3500,3500,3500,3500,3500,3500,3500,3500,3500,0.59893798828125,0.3409576416015625,0.43692779541015625,0.45256805419921875,0.26972198486328125,0.31093597412109375,0.291351318359375,0.35175323486328125,0.35504913330078125,0.2875518798828125,0.44571685791015625,0.34175872802734375,5.619468688964844,0.2730712890625,76.44505310058594,0.19483184814453125,23.134300231933594,0.30983734130859375,0.45421600341796875,0.3905181884765625,0,209829.86444091797,219129.9356689453,0,34088599552,2147483648,8655278080,0
200,1787750769425,3500,3500,3500,3500,3500,3500,3500,3500,3500,3500,3500,3500,3500,3500,3500,3500,3500,3500,3500,3500,0.5591201782226563,0.3053436279296875,0.4107666015625,0.4181060791015625,0.2784881591796875,2.8289947509765625,0.25632476806640625,0.37462615966796875,0.2991485595703125,0.32016754150390625,0.302093505859375,2.7691421508789063,3.3792266845703125,0.2562713623046875,28.956817626953125,0.2236785888671875,74.57101440429688,0.16632080078125,0.38545989990234375,2.953033447265625,0,209839.1163330078,219137.06719970703,0,34088599552,2147483648,8655241216,0
200,1787750769626,3500,3500,3500,3500,3500,3500,3500,3500,3500,3500,3500,3500,3500,3500,3500,3500,3500,3500,3500,3500,0.505279541015625,2.8143997192382813,2.9018478393554688,0.38219451904296875,0.22396087646484375,0.2490692138671875,2.7518081665039063,0.23679351806640625,0.26424407958984375,0.2569580078125,0.2578582763671875,0.27747344970703125,10.200477600097656,0.203948974609375,23.241065979003906,2.6698532104492188,74.93417358398438,0.14345550537109375,0.27642059326171875,0.29019927978515625,0,209849.1939086914,219144.99249267578,0,34088599552,2147483648,8654966784,0
200,1787750769826,3500,3500,3500,3500,3500,3500,3500,3500,3500,3500,3500,3500,3500,3500,3500,3500,3500,3500,3500,3500,3.0941238403320313,0.347015380859375,0.4325103759765625,2.9730758666992188,2.8858871459960938,0.3407745361328125,0.32708740234375,0.2939300537109375,0.325592041015625,0.32804107666015625,0.33557891845703125,0.3287353515625,3.7621383666992188,2.7782211303710938,88.41515350341797,0.1928558349609375,14.578094482421875,2.8599700927734375,2.8820419311523438,0.349609375,0,209858.94842529297,219152.63494873047,0,34088599552,2147483648,8654737408,0
200,1787750770026,3500,3500,3500,3500,3500,3500,3500,3500,3500,3500,3500,3500,3500,3500,3500,3500,3500,3500,3500,3500,2.2354888916015625,0.29526519775390625,0.37471771240234375,0.331298828125,0.34322357177734375,0.2841339111328125,0.28408050537109375,2.7631301879882813,2.775604248046875,2.7733612060546875,2.9140548706054688,0.3226165771484375,19.753494262695313,0.2196044921875,49.29580307006836,0.1680908203125,39.17884063720703,0.214508056640625,3.7736892700195313,0.26995849609375,0,209869.36669921875,219160.92681884766,0,34088599552,2147483648,8654860288,0
200,1787750770227,3500,3500,3500,3500,3500,3500,3500,3500,3500,3500,3500,3500,3500,3500,3500,3500,3500,3500,3500,3500,0.5520248413085938,0.33477783203125,0.26129913330078125,0.28153228759765625,0.23062896728515625,0.2719879150390625,0.24227142333984375,0.26584625244140625,0.44182586669921875,0.4073638916015625,1.050201416015625,0.4128570556640625,4.626441955566406,0.24726104736328125,33.61023712158203,0.18697357177734375,47.21372985839844,0.20215606689453125,20.759078979492188,0.22528839111328125,0,209878.7377319336,219168.44439697266,0,34088599552,2147483648,8654675968,0
199,1787750770427,3500,3500,3500,3500,3500,3500,3500,3500,3500,3500,3500,3500,3500,3500,3500,3500,3500,3500,3500,3500,0.522308349609375,0.3166656494140625,0.29654693603515625,0.29814910888671875,0.3264007568359375,2.9478225708007813,0.3413848876953125,0.29465484619140625,0.3610992431640625,0.30458831787109375,0.4045867919921875,2.8551177978515625,14.570228576660156,0.28057098388671875,6.6528472900390625,0.2396392822265625,91.65113067626953,0.1616058349609375,0.24951934814453125,2.8523712158203125,0,209888.32025146484,219175.9822998047,0,34088599552,2147483648,8654471168,0
200,1787750770627,3500,3500,3500,3500,3500,3500,3500,3500,3500,3500,3500,3500,3500,3500,3500,3500,3500,3500,3500,3500,0.65228271484375,2.9431228637695313,2.8821029663085938,0.3568267822265625,0.255828857421875,0.288909912109375,2.88275146484375,0.3108978271484375,0.26396942138671875,0.257476806640625,0.3123016357421875,0.29950714111328125,6.866416931152344,0.30560302734375,17.218292236328125,2.7724075317382813,80.13959503173828,0.1658172607421875,0.3141937255859375,0.30554962158203125,0,209896.88397216797,219182.3624267578,0,34088599552,2147483648,8654442496,0
200,1787750770827,3500,3500,3500,3500,3500,3500,3500,3500,3500,3500,3500,3500,3500,3500,3500,3500,3500,3500,3500,3500,3.2042694091796875,0.35489654541015625,0.27866363525390625,2.8420867919921875,2.8608627319335938,0.37890625,0.480499267578125,0.4467010498046875,0.302825927734375,0.2796630859375,0.26568603515625,0.3614349365234375,2.545806884765625,2.74609375,38.85261917114258,0.221649169921875,65.05859375,2.705352783203125,2.8232650756835938,0.2972869873046875,0,209905.2329711914,219188.27673339844,0,34088599552,2147483648,8654344192,0
200,1787750771028,3500,3500,3500,3500,3500,3500,3500,3500,3500,3500,3500,3500,3500,3500,3500,3500,3500,3500,3500,3500,0.5747756958007813,0.27911376953125,0.2618560791015625,0.30284881591796875,0.3159637451171875,0.36029815673828125,0.42746734619140625,2.934478759765625,2.7751541137695313,2.8133010864257813,3.32000732421875,0.2426605224609375,8.475303649902344,0.21298980712890625,7.956977844238281,0.2077484130859375,50.369869232177734,0.1794281005859375,43.32008743286133,0.216278076171875,0,209914.43432617188,219195.71673583984,0,34088599552,2147483648,8654110720,0
200,1787750771228,3500,3500,3500,3500,3500,3500,3500,3500,3500,3500,3500,3500,3500,3500,3500,3500,3500,3500,3500,3500,0.5007095336914063,0.328765869140625,0.30641937255859375,0.3335113525390625,0.36602783203125,0.35181427001953125,0.5029525756835938,0.48490142822265625,0.30876922607421875,0.2501068115234375,0.5824661254882813,0.25554656982421875,8.184814453125,0.27689361572265625,14.521163940429688,0.2719573974609375,84.85232543945313,0.15802764892578125,0.594390869140625,0.3674774169921875,0,209923.63482666016,219202.86083984375,0,34088599552,2147483648,8654110720,0
200,1787750771429,3500,3500,3500,3500,3500,3500,3500,3500,3500,3500,3500,3500,3500,3500,3500,3500,3500,3500,3500,3500,0.6092529296875,0.312591552734375,0.32732391357421875,0.310943603515625,0.340606689453125,2.85821533203125,0.35528564453125,0.358184814453125,0.26495361328125,0.369964599609375,0.30919647216796875,2.7840118408203125,10.563247680664063,0.2821807861328125,28.989479064941406,0.21102142333984375,67.51678466796875,0.19339752197265625,0.3248291015625,2.8967666625976563,0,209931.63427734375,219208.3739013672,0,34088599552,2147483648,8654073856,0
200,1787750771629,3500,3500,3500,3500,3500,3500,3500,3500,3500,3500,3500,3500,3500,3500,3500,3500,3500,3500,3500,3500,0.5168838500976563,2.7777481079101563,2.7963714599609375,0.341796875,0.27813720703125,0.2586669921875,2.7357101440429688,0.232757568359375,0.27419281005859375,0.33934783935546875,0.2919158935546875,0.3278656005859375,39.033687591552734,0.190216064453125,4.0483245849609375,2.7471466064453125,63.817806243896484,0.187225341796875,0.37839508056640625,0.383636474609375,0,209939.79150390625,219214.3272705078,0,34088599552,2147483648,8653873152,0
200,1787750771829,3500,3500,3500,3500,3500,3500,3500,3500,3500,3500,3500,3500,3500,3500,3500,3500,3500,3500,3500,3500,3.1398696899414063,0.27896881103515625,0.28929901123046875,2.8537673950195313,2.8269119262695313,0.1953125,0.26244354248046875,0.28041839599609375,0.24367523193359375,0.24912261962890625,0.28540802001953125,0.294891357421875,17.025108337402344,2.743255615234375,27.301132202148438,0.176544189453125,58.5269775390625,2.7492446899414063,8.998939514160156,0.38098907470703125,0,209948.95349121094,219221.3524169922,0,34088599552,2147483648,8653385728,0
200,1787750772030,3500,3500,3500,3500,3500,3500,3500,3500,3500,3500,3500,3500,3500,3500,3500,3500,3500,3500,3500,3500,0.5276947021484375,0.339630126953125,0.316009521484375,0.32529449462890625,0.3308868408203125,0.31011199951171875,0.26971435546875,2.8742828369140625,2.8508148193359375,2.8270950317382813,2.9126815795898438,0.3347320556640625,8.738456726074219,0.257781982421875,52.85610580444336,0.2305145263671875,44.84569549560547,0.29763031005859375,0.45034027099609375,0.430816650390625,0,209959.6001586914,219229.8720703125,0,34088599552,2147483648,8653447168,0
200,1787750772230,3500,3500,3500,3500,3500,3500,3500,3500,3500,3500,3500,3500,3500,3500,3500,3500,3500,3500,3500,3500,0.5461883544921875,0.32163238525390625,0.29343414306640625,0.2994232177734375,0.27725982666015625,0.27426910400390625,0.27701568603515625,0.2535552978515625,0.27581787109375,0.24132537841796875,0.35302734375,0.3137969970703125,21.92413330078125,0.21627044677734375,55.51305389404297,0.20064544677734375,30.164878845214844,0.24127960205078125,0.33870697021484375,0.33551025390625,0,209968.41436767578,219236.55505371094,0,34088599552,2147483648,8653430784,0
199,1787750772430,3500,3500,3500,3500,3500,3500,3500,3500,3500,3500,3500,3500,3500,3500,3500,3500,3500,3500,3500,3500,0.7007675170898438,0.41082763671875,0.3697662353515625,0.32205963134765625,0.26825714111328125,2.8069000244140625,0.29618072509765625,0.22100067138671875,0.187530517578125,0.1961212158203125,0.3214111328125,2.8178939819335938,3.5707626342773438,0.21810150146484375,4.025444030761719,0.22084808349609375,100,0.10045623779296875,0.29543304443359375,2.7872695922851563,0,209978.42584228516,219244.43908691406,0,34088599552,2147483648,8653230080,0
200,1787750772630,3500,3500,3500,3500,3500,3500,3500,3500,3500,3500,3500,3500,3500,3500,3500,3500,3500,3500,3500,3500,0.6394729614257813,2.8863754272460938,2.979461669921875,0.46245574951171875,0.3518829345703125,0.35907745361328125,2.8595809936523438,0.31288909912109375,0.5214462280273438,0.44781494140625,0.3924713134765625,0.5026016235351563,8.736923217773438,0.3162841796875,41.51533126831055,2.8729782104492188,48.910614013671875,0.2894439697265625,17.462989807128906,0.40921783447265625,0,209988.5824584961,219252.44744873047,0,34088599552,2147483648,8653000704,0
200,1787750772831,3500,3500,3500,3500,3500,3500,3500,3500,3500,3500,3500,3500,3500,3500,3500,3500,3500,3500,3500,3500,3.0898818969726563,0.3169403076171875,0.40915679931640625,2.9465484619140625,2.93267822265625,0.401824951171875,0.4835205078125,0.356292724609375,0.5557861328125,0.5200271606445313,0.392303466796875,0.5019683837890625,23.664878845214844,2.8055038452148438,41.4261360168457,0.23380279541015625,44.4000129699707,2.7855072021484375,2.8543777465820313,0.33838653564453125,0,209997.0411376953,219258.79364013672,0,34088599552,2147483648,8652976128,0
199,1787750773031,3500,3500,3500,3500,3500,3500,3500,3500,3500,3500,3500,3500,3500,3500,3500,3500,3500,3500,3500,3500,0.5324020385742188,0.29198455810546875,0.49664306640625,0.5387802124023438,0.3222503662109375,0.444427490234375,0.4776458740234375,2.8864593505859375,2.9002227783203125,2.9062042236328125,3.3143844604492188,0.402740478515625,17.33031463623047,0.21353912353515625,17.501113891601563,0.19643402099609375,70.79362487792969,0.142425537109375,0.33038330078125,0.3253936767578125,0,210004.2465209961,219263.86419677734,0,34088599552,2147483648,8653107200,0
200,1787750773231,3500,3500,3500,3500,3500,3500,3500,3500,3500,3500,3500,3500,3500,3500,3500,3500,3500,3500,3500,3500,0.49648284912109375,0.28997039794921875,0.5000762939453125,0.45699310302734375,0.2855224609375,0.29267120361328125,0.47093963623046875,0.333251953125,0.300018310546875,0.2295989990234375,0.22344970703125,0.2900238037109375,21.68311309814453,0.174774169921875,27.080764770507813,0.173675537109375,39.9190559387207,0.24188995361328125,23.512550354003906,0.2261505126953125,0,210012.61724853516,219270.0994873047,0,34088599552,2147483648,8653135872,0
199,1787750773432,3500,3500,3500,3500,3500,3500,3500,3500,3500,3500,3500,3500,3500,3500,3500,3500,3500,3500,3500,3500,0.5353164672851563,1.1810150146484375,0.31125640869140625,0.30571746826171875,0.3447723388671875,2.8936538696289063,0.5060882568359375,0.3963470458984375,0.30835723876953125,0.22136688232421875,0.2913970947265625,2.8152389526367188,1.46014404296875,1.118316650390625,28.152801513671875,0.261322021484375,75.40225982666016,0.21378326416015625,0.29679107666015625,2.8641738891601563,0,210022.24505615234,219277.61389160156,0,34088599552,2147483648,8653123584,0
200,1787750773632,3500,3500,3500,3500,3500,3500,3500,3500,3500,3500,3500,3500,3500,3500,3500,3500,3500,3500,3500,3500,0.5065994262695313,3.976593017578125,2.8333282470703125,0.30306243896484375,0.3848876953125,0.3995361328125,3.0412673950195313,0.41742706298828125,0.30396270751953125,0.262969970703125,0.35289764404296875,0.27951812744140625,0.24378204345703125,2.3124771118164063,1.6694183349609375,2.784393310546875,100,0.1458587646484375,0.34670257568359375,0.31481170654296875,0,210030.52368164063,219283.76824951172,0,34088599552,2147483648,8653107200,0
200,1787750773832,3500,3500,3500,3500,3500,3500,3500,3500,3500,3500,3500,3500,3500,3500,3500,3500,3500,3500,3500,3500,3.02197265625,1.5430679321289063,0.2973480224609375,2.8475570678710938,2.8695755004882813,0.3336029052734375,0.38428497314453125,0.34508514404296875,0.28037261962890625,0.35572052001953125,0.26149749755859375,0.30883026123046875,0.21675872802734375,17.277687072753906,47.70018005371094,0.1732177734375,42.889469146728516,2.7589263916015625,2.83721923828125,0.2947540283203125,0,210038.861328125,219289.97918701172,0,34088599552,2147483648,8653090816,0
201,1787750774033,3500,3500,3500,3500,3500,3500,3500,3500,3500,3500,3500,3500,3500,3500,3500,3500,3500,3500,3500,3500,2.2949676513671875,1.2630157470703125,46.89960861206055,0.18032073974609375,0.23055267333984375,0.21997833251953125,0.27539825439453125,2.734283447265625,2.815338134765625,2.7442092895507813,2.7272491455078125,0.3952178955078125,0.19254302978515625,6.25201416015625,17.79615020751953,0.158172607421875,39.880863189697266,0.20980072021484375,1.12548828125,0.2598876953125,0,210046.82012939453,219295.78887939453,0,34088599552,2147483648,8629063680,0
200,1787750774234,3500,3500,3500,3500,3500,3500,3500,3500,3500,3500,3500,3500,3500,3500,3500,3500,3500,3500,3500,3500,0.5978164672851563,1.4331436157226563,0.40314483642578125,0.38355255126953125,0.35901641845703125,0.35589599609375,0.3836517333984375,0.35515594482421875,0.38860321044921875,0.38716888427734375,0.30301666259765625,0.43520355224609375,2.834625244140625,3.5878829956054688,99.99842071533203,0.22850799560546875,0.9514389038085938,0.38568115234375,0.393402099609375,0.3809814453125,0,210056.3641357422,219303.18115234375,0,34088599552,2147483648,8629506048,0
200,1787750774435,3500,3500,3500,3500,3500,3500,3500,3500,3500,3500,3500,3500,3500,3500,3500,3500,3500,3500,3500,3500,0.439727783203125,1.5749588012695313,0.2754974365234375,0.25151824951171875,0.22333526611328125,2.7388153076171875,0.2432708740234375,0.21564483642578125,0.2415771484375,0.19565582275390625,0.211944580078125,2.7886276245117188,0.2032012939453125,16.565689086914063,25.31634521484375,0.167327880859375,63.37425231933594,0.14874267578125,0.22088623046875,2.7864303588867188,0,210066.19366455078,219310.89581298828,0,34088599552,2147483648,8629030912,0
200,1787750774635,3500,3500,3500,3500,3500,3500,3500,3500,3500,3500,3500,3500,3500,3500,3500,3500,3500,3500,3500,3500,0.5277557373046875,3.5651473999023438,2.783355712890625,0.25344085693359375,0.36318206787109375,0.34845733642578125,2.9125747680664063,0.42779541015625,0.4694366455078125,0.41845703125,0.4109649658203125,0.6521224975585938,0.191131591796875,16.867202758789063,6.3260345458984375,2.7823104858398438,83.45040130615234,0.11693572998046875,0.29608154296875,0.2757110595703125,0,210072.76208496094,219315.3126220703,0,34088599552,2147483648,8627978240,0
200,1787750774835,3500,3500,3500,3500,3500,3500,3500,3500,3500,3500,3500,3500,3500,3500,3500,3500,3500,3500,3500,3500,3.0214691162109375,1.3829269409179688,0.2812957763671875,2.8337249755859375,2.8713531494140625,0.2902374267578125,0.26834869384765625,0.25121307373046875,0.46059417724609375,0.39812469482421875,0.3827362060546875,0.39263153076171875,0.21063232421875,23.710601806640625,29.398239135742188,0.2764434814453125,56.25589370727539,2.7621612548828125,2.8405227661132813,0.311126708984375,0,210082.9189453125,219323.34790039063,0,34088599552,2147483648,8627654656,0
200,1787750775036,3500,3500,3500,3500,3500,3500,3500,3500,3500,3500,3500,3500,3500,3500,3500,3500,3500,3500,3500,3500,0.48798370361328125,1.2882156372070313,0.272216796875,0.313140869140625,0.2958221435546875,0.2438201904296875,0.28115081787109375,2.720672607421875,2.7850570678710938,2.7456741333007813,2.7721786499023438,0.28863525390625,0.2090301513671875,9.206161499023438,2.5996856689453125,0.23438262939453125,92.57527160644531,0.12882232666015625,0.302764892578125,0.29522705078125,0,210091.44848632813,219329.7495727539,0,34088599552,2147483648,8627720192,0
200,1787750775236,3500,3500,3500,3500,3500,3500,3500,3500,3500,3500,3500,3500,3500,3500,3500,3500,3500,3500,3500,3500,0.5080108642578125,1.2549514770507813,0.32421875,0.3513641357421875,0.2970733642578125,0.3208770751953125,0.24147796630859375,0.307647705078125,0.44348907470703125,0.40570831298828125,0.4731292724609375,0.376617431640625,2.7901611328125,14.190086364746094,42.369449615478516,0.23958587646484375,32.50353240966797,0.29193115234375,15.707725524902344,0.33739471435546875,0,210100.46508789063,219337.06463623047,0,34088599552,2147483648,8627720192,0
200,1787750775436,3500,3500,3500,3500,3500,3500,3500,3500,3500,3500,3500,3500,3500,3500,3500,3500,3500,3500,3500,3500,0.5507049560546875,1.3418731689453125,0.3160400390625,0.30361175537109375,0.2886962890625,2.8192901611328125,0.313690185546875,0.24100494384765625,0.41262054443359375,0.43851470947265625,0.48819732666015625,3.0565567016601563,0.2260894775390625,15.197021484375,5.054801940917969,0.2153167724609375,88.93974304199219,0.14746856689453125,0.31224822998046875,0.29747772216796875,0,210110.63842773438,219344.68981933594,0,34088599552,2147483648,8626769920,0
200,1787750775637,3500,3500,3500,3500,3500,3500,3500,3500,3500,3500,3500,3500,3500,3500,3500,3500,3500,3500,3500,3500,0.5419845581054688,3.8388595581054688,2.8116531372070313,0.31171417236328125,0.2664794921875,0.2898712158203125,2.8265609741210938,0.30078887939453125,0.39764404296875,0.4215850830078125,0.5156021118164063,0.41460418701171875,0.26483154296875,3.14605712890625,40.52040481567383,2.7423782348632813,0.8086090087890625,0.3049774169921875,60.029754638671875,2.7281112670898438,0,210120.7339477539,219352.91442871094,0,34088599552,2147483648,8626671616,0
200,1787750775837,3500,3500,3500,3500,3500,3500,3500,3500,3500,3500,3500,3500,3500,3500,3500,3500,3500,3500,3500,3500,3.2002639770507813,1.3998565673828125,0.29261016845703125,2.768310546875,2.7871322631835938,0.3165740966796875,0.2355499267578125,0.19435882568359375,0.3383941650390625,0.4239654541015625,0.4582672119140625,0.355316162109375,0.21707916259765625,4.343406677246094,30.15203857421875,0.21382904052734375,28.19336700439453,2.755584716796875,48.25653076171875,0.23400115966796875,0,210129.5238647461,219359.29119873047,0,34088599552,2147483648,8626671616,0
200,1787750776038,3500,3500,3500,3500,3500,3500,3500,3500,3500,3500,3500,3500,3500,3500,3500,3500,3500,3500,3500,3500,0.6475830078125,1.3299331665039063,0.282745361328125,0.28414154052734375,0.33222198486328125,0.37676239013671875,0.46977996826171875,1.74664306640625,2.83038330078125,2.931488037109375,2.9354248046875,0.34059906005859375,0.23516082763671875,7.160728454589844,3.4667510986328125,0.2563629150390625,12.088432312011719,0.3020477294921875,83.87244415283203,0.15770721435546875,0,210139.68017578125,219367.31829833984,0,34088599552,2147483648,8626167808,0
200,1787750776238,3500,3500,3500,3500,3500,3500,3500,3500,3500,3500,3500,3500,3500,3500,3500,3500,3500,3500,3500,3500,1.1137008666992188,1.4262008666992188,23.01935577392578,0.27246856689453125,0.30194854736328125,0.2137451171875,0.3653717041015625,1.486419677734375,0.2593231201171875,0.31859588623046875,0.3559722900390625,0.3325347900390625,2.7349090576171875,9.548614501953125,5.048126220703125,0.2845611572265625,76.24095153808594,0.1652679443359375,4.678504943847656,0.32663726806640625,0,210148.3667602539,219373.87030029297,0,34088599552,2147483648,8625602560,0
200,1787750776438,3500,3500,3500,3500,3500,3500,3500,3500,3500,3500,3500,3500,3500,3500,3500,3500,3500,3500,3500,3500,0.7112808227539063,1.0388717651367188,0.43502044677734375,0.28714752197265625,0.2605438232421875,2.8101348876953125,0.2555999755859375,0.29693603515625,0.372711181640625,0.2440643310546875,0.28035736083984375,3.1158599853515625,0.2124176025390625,10.695106506347656,31.435546875,0.25909423828125,28.168426513671875,0.26084136962890625,4.759025573730469,0.3945770263671875,0,210155.76684570313,219379.10162353516,0,34088599552,2147483648,8619098112,0
200,1787750776639,3500,3500,3500,3500,3500,3500,3500,3500,3500,3500,3500,3500,3500,3500,3500,3500,3500,3500,3500,3500,0.6294174194335938,4.1379852294921875,2.9051055908203125,0.29709625244140625,0.30328369140625,0.3932342529296875,2.9403228759765625,0.35382080078125,0.278289794921875,0.3543701171875,0.28063201904296875,3.08905029296875,0.23748016357421875,2.3829498291015625,0.5644607543945313,2.923858642578125,0.29080963134765625,0.3007354736328125,0.3236846923828125,2.8415908813476563,0,210162.49731445313,219383.7149658203,0,34088599552,2147483648,8618934272,0
200,1787750776839,3500,3500,3500,3500,3500,3500,3500,3500,3500,3500,3500,3500,3500,3500,3500,3500,3500,3500,3500,3500,3.0237503051757813,1.6390151977539063,0.40636444091796875,0.40102386474609375,2.7917633056640625,0.28769683837890625,0.331939697265625,0.29752349853515625,0.4775390625,0.43144989013671875,0.35573577880859375,0.48651885986328125,0.273834228515625,4.379356384277344,1.491973876953125,0.35638427734375,2.8225860595703125,2.8506698608398438,2.8103179931640625,0.31678009033203125,0,210170.03881835938,219389.12969970703,0,34088599552,2147483648,8618745856,0
200,1787750777039,3500,3500,3500,3500,3500,3500,3500,3500,3500,3500,3500,3500,3500,3500,3500,3500,3500,3500,3500,3500,0.5272750854492188,1.81683349609375,0.411346435546875,2.9212646484375,0.29741668701171875,0.28218841552734375,0.281585693359375,0.31124114990234375,1.4849700927734375,2.8986434936523438,2.8661956787109375,0.8895950317382813,0.24129486083984375,3.8483047485351563,1.0187530517578125,0.35951995849609375,0.32721710205078125,0.34844207763671875,0.299560546875,0.328369140625,0,210176.63745117188,219393.61346435547,0,34088599552,2147483648,8618090496,0
199,1787750777240,3500,3500,3500,3500,3500,3500,3500,3500,3500,3500,3500,3500,3500,3500,3500,3500,3500,3500,3500,3500,0.5676193237304688,1.5836410522460938,0.39084625244140625,0.39638519287109375,0.272735595703125,0.246002197265625,0.276275634765625,2.7617721557617188,1.6933212280273438,0.326202392578125,0.30825042724609375,0.44631195068359375,2.736236572265625,2.0799789428710938,0.40161895751953125,0.28949737548828125,0.3947906494140625,0.4007720947265625,0.29398345947265625,0.29712677001953125,0,210182.8438720703,219397.7133178711,0,34088599552,2147483648,8618078208,0
200,1787750777440,3500,3500,3500,3500,3500,3500,3500,3500,3500,3500,3500,3500,3500,3500,3500,3500,3500,3500,3500,3500,0.494293212890625,1.5841293334960938,0.2741851806640625,0.2643890380859375,0.23690032958984375,2.7541885375976563,0.26303863525390625,0.202667236328125,0.31401824951171875,0.3444061279296875,0.3956298828125,3.093841552734375,0.19786834716796875,5.2641754150390625,1.757354736328125,0.235504150390625,0.2798309326171875,0.256988525390625,0.26288604736328125,0.2919769287109375,0,210190.4161376953,219403.15509033203,0,34088599552,2147483648,8617914368,0
200,1787750777640,3500,3500,3500,3500,3500,3500,3500,3500,3500,3500,3500,3500,3500,3500,3500,3500,3500,3500,3500,3500,0.7302932739257813,4.149391174316406,2.8582305908203125,0.32730865478515625,0.34449005126953125,0.3209686279296875,0.2897491455078125,0.28780364990234375,0.41461944580078125,0.5119171142578125,0.39943695068359375,0.48824310302734375,0.308929443359375,2.4989013671875,3.3152542114257813,2.797393798828125,0.34124755859375,0.3204193115234375,0.4210662841796875,2.954132080078125,0,210196.53930664063,219407.18255615234,0,34088599552,2147483648,8617844736,0
200,1787750777840,3500,3500,3500,3500,3500,3500,3500,3500,3500,3500,3500,3500,3500,3500,3500,3500,3500,3500,3500,3500,3.1400527954101563,1.6477508544921875,0.2680206298828125,0.30295562744140625,2.7625045776367188,0.2375335693359375,2.7444839477539063,0.22046661376953125,0.326904296875,0.457550048828125,0.31293487548828125,0.333892822265625,0.2321929931640625,4.588996887207031,0.5004119873046875,0.29761505126953125,2.8021240234375,2.7923431396484375,2.8902511596679688,0.38379669189453125,0,210204.2772216797,219412.81176757813,0,34088599552,2147483648,8617795584,0
0,1787750778041,3500,3500,3500,3500,3500,3500,3500,3500,3500,3500,3500,3500,3500,3500,3500,3500,3500,3500,3500,3500,2.2554550170898438,1.4639739990234375,0.24498748779296875,2.7215576171875,0.2196197509765625,0.3364715576171875,0.25931549072265625,0.29776763916015625,0.28418731689453125,2.8243255615234375,2.3808975219726563,0.2674102783203125,0.17757415771484375,14.418708801269531,11.786186218261719,0.218719482421875,8.628585815429688,0.200439453125,0.33502197265625,0.34116363525390625,0,210212.18255615234,219418.5587158203,0,34088599552,2147483648,7797051392,0
