Delta,Time,CPU_FREQUENCY_0,CPU_FREQUENCY_1,CPU_FREQUENCY_10,CPU_FREQUENCY_11,CPU_FREQUENCY_12,CPU_FREQUENCY_13,CPU_FREQUENCY_14,CPU_FREQUENCY_15,CPU_FREQUENCY_16,CPU_FREQUENCY_17,CPU_FREQUENCY_18,CPU_FREQUENCY_19,CPU_FREQUENCY_2,CPU_FREQUENCY_3,CPU_FREQUENCY_4,CPU_FREQUENCY_5,CPU_FREQUENCY_6,CPU_FREQUENCY_7,CPU_FREQUENCY_8,CPU_FREQUENCY_9,CPU_USAGE_0,CPU_USAGE_1,CPU_USAGE_10,CPU_USAGE_11,CPU_USAGE_12,CPU_USAGE_13,CPU_USAGE_14,CPU_USAGE_15,CPU_USAGE_16,CPU_USAGE_17,CPU_USAGE_18,CPU_USAGE_19,CPU_USAGE_2,CPU_USAGE_3,CPU_USAGE_4,CPU_USAGE_5,CPU_USAGE_6,CPU_USAGE_7,CPU_USAGE_8,CPU_USAGE_9,DRAM_ENERGY (J),PACKAGE_ENERGY (J),PP0_ENERGY (J),PP1_ENERGY (J),TOTAL_MEMORY,TOTAL_SWAP,USED_MEMORY,USED_SWAP
0,1787752885715,3500,3500,3500,3500,3500,3500,3500,3500,3500,3500,3500,3500,3500,3500,3500,3500,3500,3500,3500,3500,0,100,0,0,0,0,0,0,0,0,0,0,0,0,0,0,0,0,0,0,0,44823.76385498047,31535.769897460938,0,34088599552,2147483648,7625248768,0
199,1787752885716,3500,3500,3500,3500,3500,3500,3500,3500,3500,3500,3500,3500,3500,3500,3500,3500,3500,3500,3500,3500,100,100,100,100,100,100,100,100,100,100,100,100,100,100,100,100,100,100,100,100,0,44823.77600097656,31535.769897460938,0,34088599552,2147483648,7625281536,0
200,1787752885916,3500,3500,3500,3500,3500,3500,3500,3500,3500,3500,3500,3500,3500,3500,3500,3500,3500,3500,3500,3500,1.3078079223632813,35.15850830078125,1.202850341796875,1.0325698852539063,4.466033935546875,1.0695724487304688,1.0284042358398438,1.017242431640625,3.5436782836914063,2.49761962890625,4.170448303222656,3.574432373046875,58.09058380126953,0.9908065795898438,39.72632598876953,0.98583984375,29.090431213378906,0.9613418579101563,7.6106109619140625,1.0369796752929688,0,44833.4326171875,31543.198303222656,0,34088599552,2147483648,7675564032,0
200,1787752886116,3500,3500,3500,3500,3500,3500,3500,3500,3500,3500,3500,3500,3500,3500,3500,3500,3500,3500,3500,3500,0.5391845703125,55.07262420654297,29.945396423339844,0.233154296875,0.21484375,2.768218994140625,2.7545547485351563,0.205718994140625,0.22841644287109375,3.428375244140625,0.2516632080078125,0.2620849609375,53.199859619140625,0.1549835205078125,61.27570343017578,2.692047119140625,48.56710433959961,0.161224365234375,28.769149780273438,2.7064132690429688,0,44847.768493652344,31555.322814941406,0,34088599552,2147483648,7726686208,0
200,1787752886317,3500,3500,3500,3500,3500,3500,3500,3500,3500,3500,3500,3500,3500,3500,3500,3500,3500,3500,3500,3500,0.6469802856445313,47.08312225341797,23.316879272460938,0.31214141845703125,0.3403778076171875,0.26355743408203125,0.35040283203125,0.30416107177734375,0.4914093017578125,0.5582504272460938,0.415740966796875,0.39728546142578125,50.672119140625,0.2537841796875,48.85422897338867,0.2587738037109375,49.268672943115234,2.8143310546875,52.091880798339844,0.23687744140625,0,44859.85906982422,31565.180786132813,0,34088599552,2147483648,7759220736,0
200,1787752886517,3500,3500,3500,3500,3500,3500,3500,3500,3500,3500,3500,3500,3500,3500,3500,3500,3500,3500,3500,3500,3.3621749877929688,54.42671203613281,34.96417236328125,2.889923095703125,2.8799819946289063,0.27666473388671875,0.34600067138671875,0.299591064453125,0.27935791015625,7.980918884277344,0.2967987060546875,0.26172637939453125,50.019981384277344,2.7679290771484375,56.44957733154297,0.2472381591796875,51.79736328125,0.27556610107421875,43.6057243347168,0.2231597900390625,0,44873.908752441406,31576.998291015625,0,34088599552,2147483648,7791644672,0
200,1787752886717,3500,3500,3500,3500,3500,3500,3500,3500,3500,3500,3500,3500,3500,3500,3500,3500,3500,3500,3500,3500,2.641387939453125,68.18521118164063,55.90651321411133,0.2435455322265625,29.133758544921875,0.3787689208984375,0.279083251953125,2.7333831787109375,0.17960357666015625,27.965614318847656,15.157196044921875,5.018318176269531,68.55659484863281,0.21089935302734375,72.7637710571289,0.22527313232421875,69.2965087890625,0.20610809326171875,67.28811645507813,0.2027130126953125,0,44891.620544433594,31592.33624267578,0,34088599552,2147483648,7885201408,0
200,1787752886918,3500,3500,3500,3500,3500,3500,3500,3500,3500,3500,3500,3500,3500,3500,3500,3500,3500,3500,3500,3500,0.7212142944335938,9.133796691894531,3.4795608520507813,0.2347564697265625,0.35584259033203125,0.20348358154296875,0.226776123046875,0.09894561767578125,2.7291183471679688,1.4575958251953125,2.916290283203125,2.7985916137695313,73.44216918945313,0.09246826171875,9.906082153320313,0.23395538330078125,26.025184631347656,0.16204071044921875,5.031219482421875,0.2364959716796875,0,44900.946350097656,31599.530517578125,0,34088599552,2147483648,7883530240,0
200,1787752887118,3500,3500,3500,3500,3500,3500,3500,3500,3500,3500,3500,3500,3500,3500,3500,3500,3500,3500,3500,3500,0.42913818359375,27.792144775390625,5.5275115966796875,0.12204742431640625,0.6378860473632813,2.6765823364257813,0.145843505859375,0.13409423828125,0.14684295654296875,1.515411376953125,0.92657470703125,0.12459564208984375,24.426376342773438,0.09375,19.416305541992188,2.6230316162109375,13.332061767578125,0.132843017578125,32.469268798828125,2.60858154296875,0,44910.74304199219,31607.159423828125,0,34088599552,2147483648,7884357632,0
200,1787752887319,3500,3500,3500,3500,3500,3500,3500,3500,3500,3500,3500,3500,3500,3500,3500,3500,3500,3500,3500,3500,0.811798095703125,19.905662536621094,1.1872711181640625,0.33797454833984375,0.252044677734375,0.27698516845703125,2.8322067260742188,0.28870391845703125,0.22601318359375,0.29473876953125,0.28426361083984375,0.30745697021484375,8.942672729492188,0.305755615234375,10.528663635253906,0.29443359375,54.573123931884766,2.7518692016601563,33.69593048095703,0.35826873779296875,0,44920.248596191406,31614.503173828125,0,34088599552,2147483648,7885545472,0
200,1787752887519,3500,3500,3500,3500,3500,3500,3500,3500,3500,3500,3500,3500,3500,3500,3500,3500,3500,3500,3500,3500,3.15338134765625,28.973281860351563,0.30765533447265625,2.830108642578125,2.7850265502929688,0.212005615234375,0.2729949951171875,0.24132537841796875,0.270599365234375,3.2599563598632813,0.304168701171875,0.270751953125,40.15348434448242,2.7478713989257813,25.375198364257813,0.203826904296875,13.325477600097656,0.2537994384765625,6.595314025878906,0.29235076904296875,0,44930.51184082031,31622.710571289063,0,34088599552,2147483648,7887908864,0
200,1787752887720,3500,3500,3500,3500,3500,3500,3500,3500,3500,3500,3500,3500,3500,3500,3500,3500,3500,3500,3500,3500,1.800933837890625,21.721359252929688,1.9786529541015625,0.29920196533203125,0.6130218505859375,0.25669097900390625,0.290618896484375,2.7832565307617188,0.29685211181640625,0.542572021484375,0.234344482421875,0.30973052978515625,63.11587905883789,0.19232940673828125,15.359382629394531,0.2051544189453125,18.313064575195313,0.1861419677734375,20.2828369140625,0.27390289306640625,0,44940.978942871094,31631.313232421875,0,34088599552,2147483648,7889408000,0
200,1787752887920,3500,3500,3500,3500,3500,3500,3500,3500,3500,3500,3500,3500,3500,3500,3500,3500,3500,3500,3500,3500,0.7682266235351563,9.799415588378906,5.365440368652344,0.31778717041015625,0.21270751953125,0.26711273193359375,0.32117462158203125,0.255645751953125,2.9120330810546875,0.43109130859375,2.8845062255859375,2.833984375,28.149856567382813,0.23026275634765625,22.5640869140625,0.22821807861328125,51.75327682495117,0.22711944580078125,2.2206039428710938,0.2723541259765625,0,44951.15985107422,31638.95849609375,0,34088599552,2147483648,7891308544,0
199,1787752888121,3500,3500,3500,3500,3500,3500,3500,3500,3500,3500,3500,3500,3500,3500,3500,3500,3500,3500,3500,3500,0.6937942504882813,20.816680908203125,39.98603439331055,0.30323028564453125,2.1830215454101563,2.8479385375976563,0.2434844970703125,0.3307647705078125,0.30657196044921875,3.1185989379882813,0.8186264038085938,0.7734909057617188,39.0479621887207,0.21929168701171875,46.85409164428711,2.7361679077148438,12.679092407226563,0.299591064453125,10.060020446777344,2.7762222290039063,0,44960.51843261719,31646.13116455078,0,34088599552,2147483648,7895461888,0
200,1787752888321,3500,3500,3500,3500,3500,3500,3500,3500,3500,3500,3500,3500,3500,3500,3500,3500,3500,3500,3500,3500,0.8740615844726563,14.364730834960938,1.801025390625,0.3568115234375,0.3902130126953125,0.28997039794921875,2.8397216796875,0.29882049560546875,0.27672576904296875,0.4119110107421875,0.279022216796875,0.26422119140625,70.39222717285156,0.1762847900390625,6.490409851074219,0.27332305908203125,29.055274963378906,2.7561798095703125,7.406166076660156,0.269775390625,0,44970.056640625,31653.526306152344,0,34088599552,2147483648,7896616960,0
200,1787752888521,3500,3500,3500,3500,3500,3500,3500,3500,3500,3500,3500,3500,3500,3500,3500,3500,3500,3500,3500,3500,3.2832870483398438,24.975067138671875,12.517333984375,2.7771377563476563,2.8004302978515625,0.28681182861328125,0.2066192626953125,0.26715850830078125,0.39662933349609375,3.1648406982421875,0.36336517333984375,0.2783355712890625,43.02318572998047,2.7431259155273438,32.27778625488281,0.20911407470703125,15.981101989746094,0.2486572265625,12.810676574707031,0.2906036376953125,0,44980.42297363281,31661.709594726563,0,34088599552,2147483648,7902490624,0
200,1787752888722,3500,3500,3500,3500,3500,3500,3500,3500,3500,3500,3500,3500,3500,3500,3500,3500,3500,3500,3500,3500,1.65997314453125,11.678047180175781,0.6526565551757813,0.42334747314453125,0.22776031494140625,0.24536895751953125,0.2808837890625,2.8109588623046875,0.2964019775390625,0.36084747314453125,0.24591827392578125,0.19583892822265625,30.528945922851563,0.23030853271484375,57.98410415649414,0.1825714111328125,15.189552307128906,0.243377685546875,0.619384765625,0.28542327880859375,0,44990.52355957031,31669.66326904297,0,34088599552,2147483648,7902687232,0
200,1787752888922,3500,3500,3500,3500,3500,3500,3500,3500,3500,3500,3500,3500,3500,3500,3500,3500,3500,3500,3500,3500,0.642242431640625,12.366195678710938,0.3166351318359375,0.324462890625,0.33463287353515625,0.34331512451171875,0.3053131103515625,0.35019683837890625,2.8306503295898438,0.2969818115234375,2.8449630737304688,0.3317413330078125,35.45941162109375,0.2464141845703125,55.29020309448242,0.17913818359375,6.9214935302734375,0.28382110595703125,0.33184051513671875,0.30561065673828125,0,45000.69689941406,31677.696350097656,0,34088599552,2147483648,7902687232,0
200,1787752889123,3500,3500,3500,3500,3500,3500,3500,3500,3500,3500,3500,3500,3500,3500,3500,3500,3500,3500,3500,3500,0.7394332885742188,9.338615417480469,0.42424774169921875,0.36365509033203125,0.29747772216796875,2.8247146606445313,0.26126861572265625,0.2416229248046875,0.3256072998046875,0.27687835693359375,0.26531219482421875,2.7905044555664063,29.750885009765625,0.22247314453125,26.982315063476563,2.7421798706054688,12.94879150390625,0.263763427734375,44.07056427001953,2.7682113647460938,0,45009.519775390625,31684.371154785156,0,34088599552,2147483648,7902752768,0
200,1787752889323,3500,3500,3500,3500,3500,3500,3500,3500,3500,3500,3500,3500,3500,3500,3500,3500,3500,3500,3500,3500,0.709197998046875,3.735015869140625,2.8240280151367188,0.23744964599609375,0.22088623046875,0.22672271728515625,2.7832870483398438,0.310760498046875,0.231964111328125,0.3229827880859375,0.2736053466796875,0.2633819580078125,58.4902229309082,0.16129302978515625,28.452674865722656,0.19061279296875,17.253150939941406,0.40073394775390625,3.146209716796875,0.35095977783203125,0,45020.345764160156,31693.051208496094,0,34088599552,2147483648,7902883840,0
200,1787752889524,3500,3500,3500,3500,3500,3500,3500,3500,3500,3500,3500,3500,3500,3500,3500,3500,3500,3500,3500,3500,3.1818695068359375,25.971328735351563,25.80998992919922,2.8111724853515625,2.844635009765625,0.3134918212890625,0.28496551513671875,0.29982757568359375,0.2941436767578125,2.9221343994140625,0.3502960205078125,0.254150390625,47.68026351928711,2.7443923950195313,50.23185348510742,0.20751953125,38.15340805053711,2.5603179931640625,9.497581481933594,0.26955413818359375,0,45032.63073730469,31703.12811279297,0,34088599552,2147483648,7921373184,0
200,1787752889724,3500,3500,3500,3500,3500,3500,3500,3500,3500,3500,3500,3500,3500,3500,3500,3500,3500,3500,3500,3500,1.4148025512695313,19.7589111328125,0.3362274169921875,0.3554840087890625,0.3184661865234375,0.28424072265625,0.26422882080078125,2.8643341064453125,0.31043243408203125,0.7458419799804688,0.3381195068359375,0.28179168701171875,25.646087646484375,0.2240142822265625,41.27059555053711,0.2012176513671875,33.312774658203125,0.30858612060546875,18.305389404296875,0.31946563720703125,0,45041.93469238281,31710.2841796875,0,34088599552,2147483648,7922315264,0
199,1787752889925,3500,3500,3500,3500,3500,3500,3500,3500,3500,3500,3500,3500,3500,3500,3500,3500,3500,3500,3500,3500,0.6090545654296875,16.363296508789063,38.490333557128906,0.21440887451171875,0.357147216796875,0.285675048828125,0.2381439208984375,0.21256256103515625,2.7822036743164063,4.5186004638671875,2.8046951293945313,0.28353118896484375,22.13202667236328,0.23540496826171875,36.91557312011719,0.2029876708984375,9.330711364746094,0.31580352783203125,32.773468017578125,0.2494659423828125,0,45052.319396972656,31718.487426757813,0,34088599552,2147483648,7924334592,0
200,1787752890125,3500,3500,3500,3500,3500,3500,3500,3500,3500,3500,3500,3500,3500,3500,3500,3500,3500,3500,3500,3500,0.7575454711914063,14.239173889160156,18.385459899902344,0.27237701416015625,0.3062286376953125,2.8344345092773438,0.31572723388671875,0.23767852783203125,0.2408294677734375,0.546112060546875,0.36801910400390625,2.9827728271484375,27.895843505859375,0.203887939453125,29.419029235839844,2.718048095703125,10.305618286132813,0.24932861328125,25.6170654296875,2.7450408935546875,0,45063.603759765625,31727.63067626953,0,34088599552,2147483648,7924056064,0
200,1787752890325,3500,3500,3500,3500,3500,3500,3500,3500,3500,3500,3500,3500,3500,3500,3500,3500,3500,3500,3500,3500,0.9005203247070313,9.558670043945313,4.885566711425781,0.33444976806640625,0.3033294677734375,0.25115966796875,2.8990020751953125,0.2084197998046875,0.45011138916015625,0.6111984252929688,0.4533538818359375,0.48467254638671875,58.707027435302734,0.18408203125,47.15985107421875,0.2577972412109375,5.289741516113281,0.3008880615234375,14.621238708496094,0.3350982666015625,0,45072.901916503906,31734.769165039063,0,34088599552,2147483648,7925960704,0
200,1787752890526,3500,3500,3500,3500,3500,3500,3500,3500,3500,3500,3500,3500,3500,3500,3500,3500,3500,3500,3500,3500,3.1874160766601563,4.5944061279296875,0.29638671875,2.8558197021484375,2.8047027587890625,0.30187225341796875,0.3332977294921875,0.3114471435546875,0.31952667236328125,3.1927032470703125,0.28586578369140625,0.3484039306640625,17.710037231445313,2.8531265258789063,46.886444091796875,0.20333099365234375,19.59699249267578,2.8900833129882813,28.2987060546875,0.2586822509765625,0,45083.18719482422,31742.89892578125,0,34088599552,2147483648,7924465664,0
200,1787752890726,3500,3500,3500,3500,3500,3500,3500,3500,3500,3500,3500,3500,3500,3500,3500,3500,3500,3500,3500,3500,3.1291732788085938,3.584747314453125,0.276824951171875,0.24414825439453125,0.2399139404296875,0.242706298828125,0.23003387451171875,2.73809814453125,0.3871307373046875,0.38204193115234375,0.42145538330078125,0.30820465087890625,9.668434143066406,0.30800628662109375,3.1013870239257813,0.25518035888671875,91.52738189697266,0.11284637451171875,9.364265441894531,0.2534332275390625,0,45091.841796875,31749.41668701172,0,34088599552,2147483648,7923798016,0
199,1787752890927,3500,3500,3500,3500,3500,3500,3500,3500,3500,3500,3500,3500,3500,3500,3500,3500,3500,3500,3500,3500,0.7355880737304688,13.582237243652344,9.412506103515625,0.33609771728515625,2.3461532592773438,0.3333587646484375,0.29644775390625,0.2505645751953125,2.9501266479492188,1.896148681640625,4.04290771484375,0.94146728515625,51.58161926269531,0.23859405517578125,9.144783020019531,0.25978851318359375,58.373661041259766,0.22428131103515625,13.446884155273438,0.34761810302734375,0,45102.015625,31757.411499023438,0,34088599552,2147483648,7922032640,0
200,1787752891127,3500,3500,3500,3500,3500,3500,3500,3500,3500,3500,3500,3500,3500,3500,3500,3500,3500,3500,3500,3500,0.8969573974609375,16.74530029296875,0.41330718994140625,0.29087066650390625,0.39650726318359375,2.7597122192382813,0.28617095947265625,0.27547454833984375,0.3162689208984375,0.40625762939453125,0.3515625,2.8770980834960938,67.6695785522461,0.19732666015625,38.87333679199219,2.7258682250976563,2.19976806640625,0.224273681640625,0.5765380859375,2.9049453735351563,0,45110.525451660156,31763.785888671875,0,34088599552,2147483648,7899136000,0
200,1787752891327,3500,3500,3500,3500,3500,3500,3500,3500,3500,3500,3500,3500,3500,3500,3500,3500,3500,3500,3500,3500,0.3899383544921875,33.85211181640625,3.0946502685546875,0.06288909912109375,0.3707427978515625,0.053863525390625,2.5772323608398438,0.02353668212890625,0.0241851806640625,1.0127792358398438,0.09001922607421875,0.09136199951171875,32.78546905517578,0.0487213134765625,23.899696350097656,0,26.51563262939453,0.0273284912109375,1.5314865112304688,0.15245819091796875,0,45119.63446044922,31771.229064941406,0,34088599552,2147483648,7903133696,0
200,1787752891528,3500,3500,3500,3500,3500,3500,3500,3500,3500,3500,3500,3500,3500,3500,3500,3500,3500,3500,3500,3500,3.5463638305664063,8.688758850097656,12.063774108886719,3.126617431640625,3.1969833374023438,0.6266098022460938,0.6492996215820313,0.5916519165039063,0.6299514770507813,1.3881149291992188,0.5714035034179688,0.632293701171875,76.06610107421875,3.0404434204101563,14.264663696289063,0.6059646606445313,6.406578063964844,3.3427505493164063,12.4693603515625,0.5897598266601563,0,45130.81921386719,31780.30029296875,0,34088599552,2147483648,7906160640,0
200,1787752891728,3500,3500,3500,3500,3500,3500,3500,3500,3500,3500,3500,3500,3500,3500,3500,3500,3500,3500,3500,3500,1.2959136962890625,7.242973327636719,0.28519439697265625,0.3072967529296875,0.42507171630859375,0.30475616455078125,0.44947052001953125,2.8582534790039063,0.24501800537109375,2.9175872802734375,0.34991455078125,0.23892974853515625,27.184982299804688,0.201507568359375,67.1656723022461,0.16068267822265625,10.385520935058594,0.3881378173828125,15.447807312011719,0.2698211669921875,0,45141.251892089844,31788.27703857422,0,34088599552,2147483648,7906160640,0
200,1787752891929,3500,3500,3500,3500,3500,3500,3500,3500,3500,3500,3500,3500,3500,3500,3500,3500,3500,3500,3500,3500,0.6634750366210938,3.7482452392578125,0.30879974365234375,0.318572998046875,0.3739776611328125,0.3466949462890625,0.26216888427734375,0.28914642333984375,2.8372116088867188,0.32525634765625,2.8228530883789063,0.302764892578125,5.2892303466796875,0.21893310546875,0.7785720825195313,0.39711761474609375,100,0.148162841796875,0.3634033203125,0.4085845947265625,0,45150.04425048828,31794.71759033203,0,34088599552,2147483648,7906160640,0
200,1787752892129,3500,3500,3500,3500,3500,3500,3500,3500,3500,3500,3500,3500,3500,3500,3500,3500,3500,3500,3500,3500,0.8545989990234375,15.203079223632813,2.4674453735351563,0.2693023681640625,0.2299041748046875,2.788116455078125,0.25524139404296875,0.26058197021484375,0.35448455810546875,0.3248138427734375,0.2393341064453125,2.818939208984375,37.8031005859375,0.22821044921875,30.751815795898438,2.7715072631835938,48.85846710205078,0.18776702880859375,8.902565002441406,2.8501052856445313,0,45157.800048828125,31800.306762695313,0,34088599552,2147483648,7914024960,0
200,1787752892330,3500,3500,3500,3500,3500,3500,3500,3500,3500,3500,3500,3500,3500,3500,3500,3500,3500,3500,3500,3500,0.7201004028320313,4.6351776123046875,2.9495086669921875,0.3666534423828125,0.27190399169921875,0.24127960205078125,2.794708251953125,0.3091583251953125,0.31024932861328125,0.29030609130859375,0.32840728759765625,0.24686431884765625,68.19436645507813,0.171356201171875,25.295677185058594,0.24552154541015625,9.183723449707031,0.29384613037109375,0.370697021484375,0.2975311279296875,0,45167.29772949219,31807.677368164063,0,34088599552,2147483648,7914356736,0
200,1787752892530,3500,3500,3500,3500,3500,3500,3500,3500,3500,3500,3500,3500,3500,3500,3500,3500,3500,3500,3500,3500,3.1630630493164063,8.285697937011719,0.35428619384765625,2.8590011596679688,2.7505264282226563,0.27030181884765625,0.18576812744140625,0.20806121826171875,0.29004669189453125,0.223419189453125,0.2622222900390625,0.20935821533203125,41.57431411743164,2.7069931030273438,31.843109130859375,0.18820953369140625,27.733993530273438,2.7603073120117188,2.7844390869140625,0.299774169921875,0,45176.18426513672,31814.432861328125,0,34088599552,2147483648,7914344448,0
200,1787752892731,3500,3500,3500,3500,3500,3500,3500,3500,3500,3500,3500,3500,3500,3500,3500,3500,3500,3500,3500,3500,1.1371917724609375,21.810272216796875,0.5240402221679688,0.38427734375,0.42458343505859375,0.4918212890625,0.36429595947265625,2.9016189575195313,0.3264312744140625,2.7779388427734375,0.2992095947265625,0.2920684814453125,25.152816772460938,0.22193145751953125,10.566642761230469,0.3223876953125,56.268211364746094,0.20909881591796875,8.90631103515625,0.29581451416015625,0,45185.579345703125,31821.68634033203,0,34088599552,2147483648,7915327488,0
200,1787752892931,3500,3500,3500,3500,3500,3500,3500,3500,3500,3500,3500,3500,3500,3500,3500,3500,3500,3500,3500,3500,0.6035537719726563,17.95562744140625,24.012435913085938,0.29888916015625,0.477325439453125,0.477081298828125,0.46974945068359375,0.40142059326171875,2.760589599609375,0.37244415283203125,2.8352508544921875,0.25664520263671875,19.99072265625,0.2677154541015625,15.896049499511719,0.260284423828125,53.360679626464844,0.2619781494140625,23.599143981933594,0.23809051513671875,0,45194.7744140625,31828.677490234375,0,34088599552,2147483648,7915913216,0
200,1787752893132,3500,3500,3500,3500,3500,3500,3500,3500,3500,3500,3500,3500,3500,3500,3500,3500,3500,3500,3500,3500,0.673858642578125,6.624114990234375,0.29114532470703125,0.32935333251953125,0.5040969848632813,3.0302886962890625,0.49811553955078125,0.46006011962890625,0.27080535888671875,0.3034210205078125,0.360870361328125,2.8637161254882813,38.55890655517578,0.252197265625,20.623016357421875,2.7791290283203125,33.10711669921875,0.32501220703125,16.678489685058594,2.822021484375,0,45203.308166503906,31835.09912109375,0,34088599552,2147483648,7915986944,0
199,1787752893332,3500,3500,3500,3500,3500,3500,3500,3500,3500,3500,3500,3500,3500,3500,3500,3500,3500,3500,3500,3500,0.773284912109375,10.641166687011719,2.8200225830078125,0.3187408447265625,0.4346466064453125,0.43294525146484375,2.96710205078125,0.4515533447265625,0.2862701416015625,0.3553924560546875,0.299591064453125,0.3016357421875,41.40642166137695,0.23210906982421875,16.994796752929688,0.2350006103515625,43.2283821105957,0.33200836181640625,0.3425750732421875,0.3233795166015625,0,45211.95471191406,31841.621948242188,0,34088599552,2147483648,7916052480,0
200,1787752893532,3500,3500,3500,3500,3500,3500,3500,3500,3500,3500,3500,3500,3500,3500,3500,3500,3500,3500,3500,3500,3.2561721801757813,13.417892456054688,0.31787109375,2.8260650634765625,2.9619979858398438,0.35956573486328125,0.399261474609375,0.4738006591796875,0.30696868896484375,0.3222198486328125,0.246673583984375,0.30097198486328125,59.69247055053711,2.754669189453125,34.417320251464844,0.27777099609375,3.272918701171875,2.945098876953125,2.8357162475585938,0.29807281494140625,0,45222.111389160156,31849.638305664063,0,34088599552,2147483648,7916314624,0
200,1787752893732,3500,3500,3500,3500,3500,3500,3500,3500,3500,3500,3500,3500,3500,3500,3500,3500,3500,3500,3500,3500,1.5904464721679688,19.618812561035156,4.589576721191406,0.324554443359375,0.389617919921875,0.31781768798828125,0.33233642578125,2.8521957397460938,0.3027496337890625,3.2647628784179688,0.37380218505859375,0.365020751953125,56.00904083251953,0.23584747314453125,25.709083557128906,0.24941253662109375,31.564498901367188,0.2666778564453125,7.142913818359375,0.35683441162109375,0,45231.971923828125,31857.32421875,0,34088599552,2147483648,7919603712,0
200,1787752893933,3500,3500,3500,3500,3500,3500,3500,3500,3500,3500,3500,3500,3500,3500,3500,3500,3500,3500,3500,3500,0.697235107421875,3.524810791015625,0.31879425048828125,0.29579925537109375,0.24208831787109375,0.33440399169921875,0.300689697265625,0.27739715576171875,2.8314666748046875,0.35414886474609375,2.7153167724609375,0.29674530029296875,12.353424072265625,0.2527618408203125,71.73677825927734,0.16607666015625,20.578414916992188,0.2864227294921875,0.31235504150390625,0.32218170166015625,0,45239.74353027344,31862.97021484375,0,34088599552,2147483648,7919599616,0
200,1787752894133,3500,3500,3500,3500,3500,3500,3500,3500,3500,3500,3500,3500,3500,3500,3500,3500,3500,3500,3500,3500,0.80718994140625,19.193130493164063,9.980064392089844,0.44950103759765625,0.362274169921875,2.9975967407226563,0.40232086181640625,0.4579315185546875,0.3180389404296875,1.7897796630859375,0.3124542236328125,2.7323684692382813,46.26344299316406,0.18791961669921875,48.226627349853516,2.7168121337890625,2.3221664428710938,0.28975677490234375,0.42256927490234375,2.9442291259765625,0,45249.82653808594,31870.87042236328,0,34088599552,2147483648,7922958336,0
200,1787752894334,3500,3500,3500,3500,3500,3500,3500,3500,3500,3500,3500,3500,3500,3500,3500,3500,3500,3500,3500,3500,0.67657470703125,30.430320739746094,19.66266632080078,0.2853240966796875,9.785400390625,0.34262847900390625,2.7855148315429688,0.26512908935546875,0.32576751708984375,7.541358947753906,0.273101806640625,0.28377532958984375,73.54965209960938,0.1619873046875,33.52080535888672,0.21295928955078125,43.953609466552734,0.17191314697265625,5.0720977783203125,0.37359619140625,0,45260.12530517578,31879.007080078125,0,34088599552,2147483648,7943372800,0
200,1787752894535,3500,3500,3500,3500,3500,3500,3500,3500,3500,3500,3500,3500,3500,3500,3500,3500,3500,3500,3500,3500,3.2907867431640625,37.76466751098633,0.4048614501953125,2.8290252685546875,2.8013916015625,0.3436126708984375,0.2818756103515625,0.280426025390625,0.3278045654296875,2.0510711669921875,0.3053131103515625,0.34127044677734375,78.37811279296875,2.7230453491210938,18.412193298339844,0.2625274658203125,25.804229736328125,2.75750732421875,6.3599395751953125,0.35887908935546875,0,45271.76550292969,31888.409545898438,0,34088599552,2147483648,7944937472,0
200,1787752894735,3500,3500,3500,3500,3500,3500,3500,3500,3500,3500,3500,3500,3500,3500,3500,3500,3500,3500,3500,3500,3.3954010009765625,16.769203186035156,0.33242034912109375,0.33107757568359375,0.29184722900390625,0.274932861328125,0.31575775146484375,0.31630706787109375,0.321441650390625,3.1175765991210938,0.3179473876953125,0.26739501953125,59.214988708496094,0.21010589599609375,9.203407287597656,0.2000732421875,47.83238220214844,0.18764495849609375,22.84606170654297,0.25506591796875,0,45281.442626953125,31895.88525390625,0,34088599552,2147483648,7945584640,0
200,1787752894935,3500,3500,3500,3500,3500,3500,3500,3500,3500,3500,3500,3500,3500,3500,3500,3500,3500,3500,3500,3500,0.7257614135742188,14.493019104003906,0.28924560546875,0.3503875732421875,0.3628082275390625,0.2113494873046875,0.309844970703125,2.8344268798828125,2.766357421875,0.36090850830078125,2.79254150390625,0.30007171630859375,41.96673583984375,0.30570220947265625,22.659133911132813,0.205963134765625,74.58827209472656,0.21628570556640625,0.4496307373046875,0.3381195068359375,0,45291.1103515625,31903.51739501953,0,34088599552,2147483648,7947546624,0
199,1787752895136,3500,3500,3500,3500,3500,3500,3500,3500,3500,3500,3500,3500,3500,3500,3500,3500,3500,3500,3500,3500,0.8623123168945313,31.675857543945313,0.338836669921875,0.30921173095703125,0.332855224609375,2.881134033203125,0.27435302734375,0.31988525390625,0.348419189453125,1.2096786499023438,0.341033935546875,2.8891143798828125,46.778377532958984,0.29006195068359375,28.527549743652344,0.8615646362304688,46.77682876586914,0.24976348876953125,8.281333923339844,2.8256759643554688,0,45301.53186035156,31911.601806640625,0,34088599552,2147483648,7948419072,0
200,1787752895336,3500,3500,3500,3500,3500,3500,3500,3500,3500,3500,3500,3500,3500,3500,3500,3500,3500,3500,3500,3500,0.8147659301757813,31.860137939453125,4.254966735839844,0.29241943359375,0.3754119873046875,0.2416229248046875,2.7885665893554688,0.24432373046875,0.34601593017578125,13.29364013671875,0.3128204345703125,0.40245819091796875,69.38218688964844,0.173431396484375,11.635108947753906,2.1963729858398438,58.84866714477539,0.22393035888671875,2.811065673828125,0.29807281494140625,0,45312.07666015625,31920.075744628906,0,34088599552,2147483648,7959322624,0
200,1787752895536,3500,3500,3500,3500,3500,3500,3500,3500,3500,3500,3500,3500,3500,3500,3500,3500,3500,3500,3500,3500,3.2965850830078125,25.26976776123047,0.32225799560546875,2.8535919189453125,2.9022140502929688,0.26410675048828125,0.29099273681640625,0.31966400146484375,0.32784271240234375,0.49790191650390625,0.321807861328125,0.27672576904296875,61.16781997680664,2.7415390014648438,54.455509185791016,0.192596435546875,31.278167724609375,2.8027267456054688,2.8639678955078125,0.36020660400390625,0,45321.030334472656,31926.612060546875,0,34088599552,2147483648,7961247744,0
200,1787752895737,3500,3500,3500,3500,3500,3500,3500,3500,3500,3500,3500,3500,3500,3500,3500,3500,3500,3500,3500,3500,1.5491561889648438,20.335594177246094,0.2919921875,0.29134368896484375,7.384773254394531,0.2991790771484375,0.22266387939453125,0.23799896240234375,0.26087188720703125,2.84423828125,0.25478363037109375,0.17566680908203125,62.939334869384766,0.18755340576171875,28.426071166992188,0.21417236328125,37.927146911621094,0.20108795166015625,4.572906494140625,0.27295684814453125,0,45332.310302734375,31935.68914794922,0,34088599552,2147483648,7961706496,0
200,1787752895937,3500,3500,3500,3500,3500,3500,3500,3500,3500,3500,3500,3500,3500,3500,3500,3500,3500,3500,3500,3500,0.7057952880859375,15.243789672851563,5.885589599609375,0.30551910400390625,1.812164306640625,0.2448272705078125,0.26317596435546875,2.836639404296875,2.8319015502929688,13.821533203125,2.9481582641601563,0.23175811767578125,39.56395721435547,0.23968505859375,53.90391159057617,0.22586822509765625,48.04515075683594,0.25968170166015625,15.526519775390625,0.26313018798828125,0,45343.82745361328,31944.98779296875,0,34088599552,2147483648,7961985024,0
200,1787752896138,3500,3500,3500,3500,3500,3500,3500,3500,3500,3500,3500,3500,3500,3500,3500,3500,3500,3500,3500,3500,0.6537551879882813,12.193946838378906,1.3101959228515625,0.3154296875,0.24835205078125,2.8425216674804688,0.27274322509765625,0.306304931640625,0.34136199951171875,2.0908203125,0.24396514892578125,2.8446197509765625,40.646202087402344,0.2373809814453125,28.03398895263672,0.2184295654296875,65.63165283203125,0.21379852294921875,31.007217407226563,2.7969436645507813,0,45355.98742675781,31954.902893066406,0,34088599552,2147483648,7956709376,0
200,1787752896338,3500,3500,3500,3500,3500,3500,3500,3500,3500,3500,3500,3500,3500,3500,3500,3500,3500,3500,3500,3500,0.7061920166015625,21.62579345703125,2.8520431518554688,0.34601593017578125,0.3327484130859375,0.3097076416015625,2.801971435546875,0.24542236328125,0.3303070068359375,0.3664093017578125,0.26781463623046875,0.32581329345703125,60.54358673095703,0.2530517578125,18.774452209472656,2.8357315063476563,72.98187255859375,0.2366943359375,0.35404205322265625,0.327911376953125,0,45364.20739746094,31960.909545898438,0,34088599552,2147483648,7956119552,0
200,1787752896539,3500,3500,3500,3500,3500,3500,3500,3500,3500,3500,3500,3500,3500,3500,3500,3500,3500,3500,3500,3500,3.3303985595703125,12.165016174316406,0.27425384521484375,2.9075164794921875,2.81884765625,0.2632293701171875,0.3462677001953125,0.30457305908203125,0.25923919677734375,0.254302978515625,0.333251953125,0.25255584716796875,62.48423385620117,2.7181472778320313,56.32157897949219,0.2125091552734375,17.496788024902344,2.8589401245117188,15.343452453613281,0.2725067138671875,0,45374.479064941406,31968.977172851563,0,34088599552,2147483648,7955132416,0
200,1787752896739,3500,3500,3500,3500,3500,3500,3500,3500,3500,3500,3500,3500,3500,3500,3500,3500,3500,3500,3500,3500,1.0126724243164063,25.68041229248047,2.8284530639648438,0.32798004150390625,16.51250457763672,0.4135284423828125,0.42954254150390625,0.41088104248046875,0.31540679931640625,7.5161895751953125,2.8707046508789063,0.34354400634765625,72.95988464355469,0.21289825439453125,22.493202209472656,0.26647186279296875,17.430450439453125,0.29311370849609375,47.231929779052734,0.235443115234375,0,45384.037170410156,31976.29901123047,0,34088599552,2147483648,7959068672,0
200,1787752896940,3500,3500,3500,3500,3500,3500,3500,3500,3500,3500,3500,3500,3500,3500,3500,3500,3500,3500,3500,3500,0.69952392578125,13.752471923828125,0.2947540283203125,0.25514984130859375,2.9302597045898438,0.1959991455078125,0.2581939697265625,2.7994918823242188,2.7687225341796875,0.39589691162109375,2.8394927978515625,0.2541046142578125,46.37423324584961,0.19146728515625,30.145294189453125,0.2147064208984375,58.65609359741211,0.18936920166015625,0.294952392578125,0.2830810546875,0,45396.672424316406,31986.72198486328,0,34088599552,2147483648,7961538560,0
199,1787752897140,3500,3500,3500,3500,3500,3500,3500,3500,3500,3500,3500,3500,3500,3500,3500,3500,3500,3500,3500,3500,0.8512802124023438,37.85679626464844,0.3245697021484375,0.34227752685546875,0.32806396484375,0.3174896240234375,0.28337860107421875,0.29769134521484375,0.30063629150390625,0.24896240234375,0.29859161376953125,2.7855987548828125,78.44328308105469,0.227569580078125,36.98432159423828,0.23844146728515625,43.70348358154297,0.23993682861328125,4.587249755859375,2.8282394409179688,0,45408.38671875,31996.230834960938,0,34088599552,2147483648,7980380160,0
200,1787752897340,3500,3500,3500,3500,3500,3500,3500,3500,3500,3500,3500,3500,3500,3500,3500,3500,3500,3500,3500,3500,0.7375717163085938,11.476814270019531,2.8125457763671875,0.28766632080078125,0.3000640869140625,2.8003997802734375,2.8442459106445313,0.18582916259765625,0.20043182373046875,51.75193786621094,0.190826416015625,0.17137908935546875,38.532108306884766,0.21727752685546875,2.6529159545898438,2.729156494140625,96.12786865234375,0.113189697265625,0.33266448974609375,0.3437652587890625,0,45417.80731201172,32003.48175048828,0,34088599552,2147483648,7960887296,0
200,1787752897541,3500,3500,3500,3500,3500,3500,3500,3500,3500,3500,3500,3500,3500,3500,3500,3500,3500,3500,3500,3500,2.8185348510742188,32.42369079589844,0.3208160400390625,2.8362350463867188,0.2891998291015625,0.23663330078125,0.28082275390625,0.32495880126953125,0.16278076171875,100,0.17385101318359375,0.174346923828125,16.654022216796875,2.7936477661132813,22.11774444580078,0.26570892333984375,60.29655075073242,2.7441787719726563,4.0999603271484375,0.3795623779296875,0,45429.89617919922,32013.37615966797,0,34088599552,2147483648,7962886144,0
200,1787752897741,3500,3500,3500,3500,3500,3500,3500,3500,3500,3500,3500,3500,3500,3500,3500,3500,3500,3500,3500,3500,1.5505294799804688,5.832084655761719,0.27916717529296875,0.303619384765625,3.3142623901367188,0.23511505126953125,0.31095123291015625,0.30541229248046875,0.300628662109375,5.133430480957031,0.32512664794921875,0.245941162109375,49.48676681518555,0.21205902099609375,4.698432922363281,0.222686767578125,53.50786209106445,0.2004852294921875,46.96211242675781,0.23186492919921875,0,45440.14892578125,32021.432983398438,0,34088599552,2147483648,7963308032,0
200,1787752897942,3500,3500,3500,3500,3500,3500,3500,3500,3500,3500,3500,3500,3500,3500,3500,3500,3500,3500,3500,3500,1.05242919921875,19.095687866210938,0.36455535888671875,0.38236236572265625,0.38091278076171875,0.3348846435546875,0.36675262451171875,2.957763671875,2.8576736450195313,0.43731689453125,2.8919830322265625,0.3891448974609375,67.25640869140625,0.28551483154296875,36.197021484375,0.2585296630859375,66.14667510986328,0.23609161376953125,0.5920181274414063,0.42011260986328125,0,45450.25354003906,32029.34649658203,0,34088599552,2147483648,7965675520,0
200,1787752898142,3500,3500,3500,3500,3500,3500,3500,3500,3500,3500,3500,3500,3500,3500,3500,3500,3500,3500,3500,3500,0.693817138671875,9.898880004882813,0.31536865234375,0.35152435302734375,0.25951385498046875,0.302154541015625,0.2197723388671875,0.2174224853515625,0.26360321044921875,0.36972808837890625,0.35007476806640625,2.8573074340820313,72.824462890625,0.20550537109375,34.301979064941406,0.17398834228515625,65.4825439453125,0.169403076171875,9.597373962402344,2.8145751953125,0,45462.38244628906,32039.263427734375,0,34088599552,2147483648,7969193984,0
200,1787752898343,3500,3500,3500,3500,3500,3500,3500,3500,3500,3500,3500,3500,3500,3500,3500,3500,3500,3500,3500,3500,0.7480316162109375,14.893577575683594,18.050674438476563,0.2794647216796875,0.29856109619140625,2.6856842041015625,2.8080673217773438,0.2491912841796875,0.4280242919921875,0.407379150390625,0.5076141357421875,0.5146942138671875,70.0970458984375,0.25811767578125,16.828842163085938,2.7688674926757813,63.87854766845703,0.19269561767578125,16.78321075439453,0.25707244873046875,0,45472.48815917969,32047.142333984375,0,34088599552,2147483648,7974776832,0
200,1787752898543,3500,3500,3500,3500,3500,3500,3500,3500,3500,3500,3500,3500,3500,3500,3500,3500,3500,3500,3500,3500,0.8080368041992188,18.07823944091797,0.32537078857421875,2.8738174438476563,0.45339202880859375,0.342926025390625,0.2452239990234375,0.3215789794921875,0.455535888671875,2.3659133911132813,0.5014724731445313,0.46750640869140625,77.83847045898438,2.7753219604492188,5.46875,0.32706451416015625,45.76417922973633,2.7660446166992188,37.523197174072266,0.27111053466796875,0,45482.966064453125,32055.42413330078,0,34088599552,2147483648,7971262464,0
200,1787752898745,3500,3500,3500,3500,3500,3500,3500,3500,3500,3500,3500,3500,3500,3500,3500,3500,3500,3500,3500,3500,5.543540954589844,18.513465881347656,0.33953094482421875,0.43489837646484375,2.8761062622070313,0.31510162353515625,0.29693603515625,0.26987457275390625,0.41717529296875,3.01739501953125,0.39190673828125,0.40570831298828125,74.14818572998047,0.26551055908203125,11.652854919433594,0.3218536376953125,33.767852783203125,0.28903961181640625,36.908321380615234,0.2633209228515625,0,45493.065490722656,32063.296142578125,0,34088599552,2147483648,7967858688,0
199,1787752898945,3500,3500,3500,3500,3500,3500,3500,3500,3500,3500,3500,3500,3500,3500,3500,3500,3500,3500,3500,3500,0.7789688110351563,20.09131622314453,3.2971954345703125,0.3221435546875,0.33104705810546875,0.26610565185546875,0.24581146240234375,2.869964599609375,2.8184738159179688,6.613685607910156,2.806976318359375,0.37723541259765625,58.52723693847656,0.2486114501953125,43.80421829223633,0.23496246337890625,40.16733169555664,0.25760650634765625,26.93006134033203,0.26800537109375,0,45504.286071777344,32072.30889892578,0,34088599552,2147483648,7968260096,0
200,1787752899145,3500,3500,3500,3500,3500,3500,3500,3500,3500,3500,3500,3500,3500,3500,3500,3500,3500,3500,3500,3500,0.8115386962890625,32.724647521972656,0.52227783203125,0.2822113037109375,0.32100677490234375,0.1700286865234375,0.27161407470703125,0.280609130859375,0.27141571044921875,0.25786590576171875,0.2451629638671875,2.8090667724609375,74.85301971435547,0.18247222900390625,42.14072036743164,0.17462921142578125,42.12532043457031,0.226318359375,3.8681259155273438,2.8570098876953125,0,45517.436096191406,32083.244995117188,0,34088599552,2147483648,7999393792,0
200,1787752899345,3500,3500,3500,3500,3500,3500,3500,3500,3500,3500,3500,3500,3500,3500,3500,3500,3500,3500,3500,3500,0.9326858520507813,19.029136657714844,3.2947463989257813,0.4120635986328125,0.3207550048828125,2.7876358032226563,2.835113525390625,0.25318145751953125,0.29022979736328125,0.35356903076171875,0.30718994140625,0.3358154296875,54.524723052978516,0.23741912841796875,53.70982360839844,2.7273483276367188,21.52568817138672,0.27392578125,24.589447021484375,0.28644561767578125,0,45528.16876220703,32091.769653320313,0,34088599552,2147483648,7968362496,0
200,1787752899546,3500,3500,3500,3500,3500,3500,3500,3500,3500,3500,3500,3500,3500,3500,3500,3500,3500,3500,3500,3500,0.681304931640625,7.4576263427734375,0.340179443359375,0.35344696044921875,0.346160888671875,0.34751129150390625,0.42142486572265625,0.343475341796875,0.32387542724609375,0.37035369873046875,0.2446746826171875,0.2456207275390625,29.01384735107422,2.772857666015625,34.10542297363281,0.2545013427734375,40.843441009521484,2.7286224365234375,32.926841735839844,0.2400360107421875,0,45537.710510253906,32099.112731933594,0,34088599552,2147483648,7968370688,0
200,1787752899746,3500,3500,3500,3500,3500,3500,3500,3500,3500,3500,3500,3500,3500,3500,3500,3500,3500,3500,3500,3500,3.954864501953125,25.295211791992188,0.9593658447265625,2.8945770263671875,2.8877792358398438,0.33229827880859375,0.32689666748046875,0.3419342041015625,0.3105621337890625,5.04852294921875,0.29866790771484375,0.32540130615234375,44.7076416015625,0.246307373046875,25.98278045654297,0.26129913330078125,35.38031005859375,0.2722930908203125,26.656265258789063,0.304168701171875,0,45547.84210205078,32107.03887939453,0,34088599552,2147483648,7971586048,0
200,1787752899946,3500,3500,3500,3500,3500,3500,3500,3500,3500,3500,3500,3500,3500,3500,3500,3500,3500,3500,3500,3500,0.6157073974609375,9.573844909667969,0.2919464111328125,0.276885986328125,0.21344757080078125,0.23279571533203125,0.22846221923828125,2.8251113891601563,2.8896942138671875,0.5664901733398438,2.7851638793945313,0.224822998046875,41.08782196044922,0.178192138671875,33.17035675048828,0.14817047119140625,60.15930938720703,0.199737548828125,4.552299499511719,0.3354339599609375,0,45557.34405517578,32114.33428955078,0,34088599552,2147483648,7973601280,0
200,1787752900147,3500,3500,3500,3500,3500,3500,3500,3500,3500,3500,3500,3500,3500,3500,3500,3500,3500,3500,3500,3500,1.0008163452148438,16.967041015625,0.31728363037109375,0.327606201171875,0.327606201171875,0.26251983642578125,0.272247314453125,0.3077545166015625,0.3913421630859375,0.42938995361328125,0.46160888671875,2.99755859375,54.11377716064453,0.2172393798828125,47.50060272216797,0.25518798828125,17.775001525878906,0.2835693359375,0.318328857421875,2.8552780151367188,0,45567.180725097656,32121.98553466797,0,34088599552,2147483648,7975370752,0
200,1787752900347,3500,3500,3500,3500,3500,3500,3500,3500,3500,3500,3500,3500,3500,3500,3500,3500,3500,3500,3500,3500,0.649566650390625,9.107200622558594,2.8217010498046875,0.27603912353515625,0.2406768798828125,2.799163818359375,2.7571182250976563,0.30710601806640625,0.27728271484375,0.3032684326171875,0.2769317626953125,0.2494049072265625,31.01274871826172,0.22586822509765625,5.535835266113281,2.8074417114257813,96.10382843017578,0.1016845703125,0.27962493896484375,0.265167236328125,0,45575.602294921875,32128.22265625,0,34088599552,2147483648,7975313408,0
200,1787752900548,3500,3500,3500,3500,3500,3500,3500,3500,3500,3500,3500,3500,3500,3500,3500,3500,3500,3500,3500,3500,0.7336044311523438,15.657363891601563,0.350341796875,0.30651092529296875,0.4376678466796875,0.333038330078125,0.4250030517578125,0.3097991943359375,0.33832550048828125,0.5385589599609375,0.3160858154296875,0.28221893310546875,49.703392028808594,2.7785720825195313,54.5600471496582,0.19709014892578125,25.548919677734375,2.7942352294921875,13.289680480957031,0.31858062744140625,0,45586.21160888672,32136.59210205078,0,34088599552,2147483648,7975505920,0
200,1787752900748,3500,3500,3500,3500,3500,3500,3500,3500,3500,3500,3500,3500,3500,3500,3500,3500,3500,3500,3500,3500,4.006446838378906,16.19365692138672,0.291961669921875,2.8500747680664063,3.0524444580078125,0.39025115966796875,0.48824310302734375,0.45313262939453125,0.2846221923828125,2.8913345336914063,0.21955108642578125,0.286773681640625,48.28157424926758,0.21600341796875,17.60698699951172,0.2105560302734375,2.0954437255859375,0.2920684814453125,58.64997100830078,0.2078094482421875,0,45597.234313964844,32145.414611816406,0,34088599552,2147483648,7978426368,0
200,1787752900949,3500,3500,3500,3500,3500,3500,3500,3500,3500,3500,3500,3500,3500,3500,3500,3500,3500,3500,3500,3500,0.7301025390625,13.695625305175781,0.3397369384765625,0.3131103515625,0.5805816650390625,0.4407806396484375,0.5110549926757813,3.0316238403320313,2.8011550903320313,0.27410888671875,2.91357421875,0.324127197265625,39.207923889160156,0.28009033203125,79.89271545410156,0.1743621826171875,6.549163818359375,0.3070220947265625,0.31674957275390625,0.33440399169921875,0,45607.585510253906,32153.5888671875,0,34088599552,2147483648,7978426368,0
200,1787752901149,3500,3500,3500,3500,3500,3500,3500,3500,3500,3500,3500,3500,3500,3500,3500,3500,3500,3500,3500,3500,0.765228271484375,11.736129760742188,0.24745941162109375,0.23853302001953125,0.40984344482421875,0.39208984375,0.42081451416015625,0.4127349853515625,0.20172882080078125,0.191802978515625,0.28646087646484375,2.7562408447265625,43.99147415161133,0.16417694091796875,6.490058898925781,0.1496124267578125,79.63298797607422,0.11719512939453125,0.9185333251953125,0.23235321044921875,0,45618.298400878906,32162.06201171875,0,34088599552,2147483648,7963770880,0
200,1787752901350,3500,3500,3500,3500,3500,3500,3500,3500,3500,3500,3500,3500,3500,3500,3500,3500,3500,3500,3500,3500,0.8769760131835938,18.204803466796875,15.280982971191406,0.34580230712890625,0.41287994384765625,2.8991317749023438,2.984466552734375,0.3947296142578125,0.33887481689453125,0.32326507568359375,0.4062957763671875,0.3382720947265625,62.878787994384766,0.30670166015625,38.49580001831055,2.8214340209960938,20.935577392578125,0.3284454345703125,1.5233001708984375,2.928955078125,0,45628.640625,32170.232360839844,0,34088599552,2147483648,7963742208,0
200,1787752901550,3500,3500,3500,3500,3500,3500,3500,3500,3500,3500,3500,3500,3500,3500,3500,3500,3500,3500,3500,3500,1.2739486694335938,6.4614715576171875,0.274871826171875,0.2939605712890625,0.27692413330078125,0.29685211181640625,0.2920074462890625,0.23300933837890625,0.34406280517578125,0.48020172119140625,0.32268524169921875,0.25724029541015625,31.230934143066406,2.79010009765625,2.601806640625,0.2373504638671875,83.15994262695313,2.67474365234375,14.958106994628906,0.259735107421875,0,45638.838806152344,32178.246520996094,0,34088599552,2147483648,7966113792,0
199,1787752901750,3500,3500,3500,3500,3500,3500,3500,3500,3500,3500,3500,3500,3500,3500,3500,3500,3500,3500,3500,3500,3.46710205078125,11.578987121582031,0.31240081787109375,2.89495849609375,5.841835021972656,0.47235107421875,0.5060501098632813,0.3749542236328125,0.4177398681640625,4.924591064453125,0.42008209228515625,0.32707977294921875,46.21644973754883,0.20477294921875,31.554306030273438,0.2300872802734375,6.055549621582031,0.33272552490234375,36.6930046081543,0.29119110107421875,0,45648.55895996094,32185.782653808594,0,34088599552,2147483648,7966175232,0
199,1787752901950,3500,3500,3500,3500,3500,3500,3500,3500,3500,3500,3500,3500,3500,3500,3500,3500,3500,3500,3500,3500,0.6715240478515625,15.340309143066406,0.2575225830078125,0.2399749755859375,0.23252105712890625,0.25131988525390625,0.2685699462890625,2.7856903076171875,0.39270782470703125,0.15418243408203125,2.7458953857421875,0.2479705810546875,26.77405548095703,0.1752777099609375,9.849266052246094,0.1936798095703125,78.02946472167969,0.1077880859375,0.2857208251953125,0.290771484375,0,45657.02264404297,32192.098510742188,0,34088599552,2147483648,7966261248,0
200,1787752902150,3500,3500,3500,3500,3500,3500,3500,3500,3500,3500,3500,3500,3500,3500,3500,3500,3500,3500,3500,3500,0.7180862426757813,17.189598083496094,0.41741180419921875,0.40541839599609375,0.32311248779296875,0.3491973876953125,0.32431793212890625,0.37358856201171875,2.7430801391601563,0.31272125244140625,0.2999267578125,2.9088821411132813,38.75184631347656,0.28363800048828125,27.788780212402344,0.256500244140625,86.74969482421875,0.2226715087890625,0.3751373291015625,0.3588409423828125,0,45667.406677246094,32200.23663330078,0,34088599552,2147483648,7972192256,0
200,1787752902350,3500,3500,3500,3500,3500,3500,3500,3500,3500,3500,3500,3500,3500,3500,3500,3500,3500,3500,3500,3500,0.61749267578125,6.182136535644531,2.835693359375,0.301971435546875,0.2261199951171875,2.793670654296875,2.8487319946289063,0.262298583984375,0.32605743408203125,0.30747222900390625,0.19733428955078125,0.30912017822265625,43.04499053955078,0.19263458251953125,4.678215026855469,2.7218093872070313,100,0.1210784912109375,0.3041229248046875,2.8278961181640625,0,45677.303771972656,32207.989135742188,0,34088599552,2147483648,7971622912,0
200,1787752902551,3500,3500,3500,3500,3500,3500,3500,3500,3500,3500,3500,3500,3500,3500,3500,3500,3500,3500,3500,3500,0.5363388061523438,4.317848205566406,0.26270294189453125,0.29950714111328125,0.2838287353515625,0.25376129150390625,0.27164459228515625,0.24102783203125,0.2701416015625,0.42092132568359375,0.33197021484375,0.24267578125,59.13212585449219,0.17620086669921875,2.3572235107421875,0.18624114990234375,99.40152740478516,2.6473388671875,5.923973083496094,0.284027099609375,0,45687.0078125,32215.548828125,0,34088599552,2147483648,7975821312,0
200,1787752902751,3500,3500,3500,3500,3500,3500,3500,3500,3500,3500,3500,3500,3500,3500,3500,3500,3500,3500,3500,3500,4.958869934082031,21.103919982910156,6.411537170410156,2.7561874389648438,3.1119384765625,0.18502044677734375,0.27091217041015625,0.2028961181640625,0.20413970947265625,13.988067626953125,9.238037109375,1.5028076171875,81.87163543701172,2.6634521484375,11.016754150390625,0.20819091796875,75.08546447753906,0.11031341552734375,14.604690551757813,0.2466888427734375,0,45700.42712402344,32227.591735839844,0,34088599552,2147483648,7975518208,0
200,1787752902951,3500,3500,3500,3500,3500,3500,3500,3500,3500,3500,3500,3500,3500,3500,3500,3500,3500,3500,3500,3500,0.35660552978515625,20.74488067626953,0.215118408203125,0.1218109130859375,28.300735473632813,0.183868408203125,0.18706512451171875,2.6500320434570313,0.0385894775390625,64.66795349121094,7.081886291503906,0.0657501220703125,68.62358093261719,0.02581024169921875,2.134674072265625,0.11272430419921875,19.363494873046875,0.20343780517578125,2.4767532348632813,0.172088623046875,0,45711.788635253906,32236.523315429688,0,34088599552,2147483648,7976484864,0
200,1787752903151,3500,3500,3500,3500,3500,3500,3500,3500,3500,3500,3500,3500,3500,3500,3500,3500,3500,3500,3500,3500,0.824310302734375,40.60302734375,0.690826416015625,0.6652984619140625,29.708702087402344,0.5671768188476563,0.5223159790039063,0.526763916015625,2.9959030151367188,54.34772872924805,20.54364013671875,3.0230789184570313,62.40132141113281,0.47965240478515625,1.9059600830078125,0.578216552734375,0.8127212524414063,0.6530075073242188,0.5674285888671875,0.6087417602539063,0,45721.43713378906,32243.61181640625,0,34088599552,2147483648,7976849408,0
200,1787752903352,3500,3500,3500,3500,3500,3500,3500,3500,3500,3500,3500,3500,3500,3500,3500,3500,3500,3500,3500,3500,0.5210418701171875,54.04661560058594,10.843360900878906,0.3745574951171875,27.614242553710938,2.787933349609375,2.841796875,0.33325958251953125,0.2183990478515625,32.834808349609375,16.75373077392578,4.1544952392578125,42.84291458129883,0.2417449951171875,28.950233459472656,2.7224960327148438,4.592338562011719,0.33136749267578125,3.5024337768554688,2.8172073364257813,0,45729.66174316406,32249.594665527344,0,34088599552,2147483648,7977107456,0
200,1787752903552,3500,3500,3500,3500,3500,3500,3500,3500,3500,3500,3500,3500,3500,3500,3500,3500,3500,3500,3500,3500,0.6638031005859375,0.336151123046875,3.8206787109375,0.30333709716796875,18.93225860595703,8.03973388671875,0.23217010498046875,0.28391265869140625,0.14907073974609375,0.20011138916015625,68.98814392089844,6.13037109375,48.22147750854492,0.2071533203125,38.41295623779297,0.28116607666015625,31.111190795898438,2.7693862915039063,5.030784606933594,0.2697296142578125,0,45740.36944580078,32258.584228515625,0,34088599552,2147483648,7977046016,0
200,1787752903753,3500,3500,3500,3500,3500,3500,3500,3500,3500,3500,3500,3500,3500,3500,3500,3500,3500,3500,3500,3500,3.074798583984375,0.3275909423828125,0.299346923828125,2.8163833618164063,28.017715454101563,0.17572784423828125,0.2580718994140625,0.25028228759765625,0.16998291015625,2.75054931640625,56.19429397583008,21.180389404296875,2.8011550903320313,2.7760543823242188,100,0.12282562255859375,3.7739028930664063,0.211212158203125,0.3542938232421875,0.2954559326171875,0,45750.68731689453,32266.232360839844,0,34088599552,2147483648,7977586688,0
200,1787752903953,3500,3500,3500,3500,3500,3500,3500,3500,3500,3500,3500,3500,3500,3500,3500,3500,3500,3500,3500,3500,0.5166854858398438,0.3340301513671875,0.28157806396484375,0.3513946533203125,37.735416412353516,0.3023834228515625,0.20790863037109375,2.7517623901367188,0.19663238525390625,0.193939208984375,47.903038024902344,17.50452423095703,4.664390563964844,0.25018310546875,100,0.1356964111328125,1.4546356201171875,0.2660064697265625,0.30208587646484375,0.318756103515625,0,45759.14715576172,32272.555908203125,0,34088599552,2147483648,7977951232,0
200,1787752904153,3500,3500,3500,3500,3500,3500,3500,3500,3500,3500,3500,3500,3500,3500,3500,3500,3500,3500,3500,3500,0.533203125,0.341796875,0.3024444580078125,0.31276702880859375,36.252506256103516,0.3404541015625,0.26438140869140625,0.20008087158203125,2.7111053466796875,0.18895721435546875,65.90270233154297,2.712158203125,66.9891128540039,0.17728424072265625,31.125198364257813,0.2515106201171875,1.4089508056640625,0.26238250732421875,5.1472625732421875,0.319000244140625,0,45768.44396972656,32279.692932128906,0,34088599552,2147483648,7977402368,0
199,1787752904354,3500,3500,3500,3500,3500,3500,3500,3500,3500,3500,3500,3500,3500,3500,3500,3500,3500,3500,3500,3500,0.7234954833984375,2.8400344848632813,3.138916015625,0.32154083251953125,54.78706359863281,2.7419052124023438,0.2352447509765625,0.2694854736328125,0.206390380859375,0.24407958984375,34.21202850341797,15.145034790039063,75.61915588378906,0.1844329833984375,35.89221954345703,2.7883758544921875,7.213066101074219,0.28710174560546875,1.9427337646484375,2.8383331298828125,0,45777.34161376953,32286.41082763672,0,34088599552,2147483648,7983091712,0
200,1787752904554,3500,3500,3500,3500,3500,3500,3500,3500,3500,3500,3500,3500,3500,3500,3500,3500,3500,3500,3500,3500,0.6079330444335938,0.30446624755859375,0.32016754150390625,0.264923095703125,39.19622802734375,0.2369232177734375,2.7602920532226563,0.24637603759765625,0.20682525634765625,0.1922760009765625,39.248374938964844,27.237564086914063,9.471443176269531,0.24481964111328125,92.45964050292969,0.13468170166015625,1.0522842407226563,0.2792205810546875,2.8695831298828125,0.30926513671875,0,45787.333740234375,32294.26025390625,0,34088599552,2147483648,7996751872,0
199,1787752904754,3500,3500,3500,3500,3500,3500,3500,3500,3500,3500,3500,3500,3500,3500,3500,3500,3500,3500,3500,3500,3.125823974609375,0.344482421875,0.267608642578125,2.9467239379882813,36.168155670166016,0.2693023681640625,0.24529266357421875,0.348968505859375,0.1991729736328125,2.7137527465820313,61.167755126953125,8.681571960449219,38.60187530517578,2.7677688598632813,21.777633666992188,0.2676544189453125,57.607051849365234,2.7143020629882813,0.5658645629882813,0.29022216796875,0,45797.246826171875,32302.027954101563,0,34088599552,2147483648,7997009920,0
199,1787752904954,3500,3500,3500,3500,3500,3500,3500,3500,3500,3500,3500,3500,3500,3500,3500,3500,3500,3500,3500,3500,0.5847930908203125,0.29442596435546875,0.39032745361328125,0.39882659912109375,28.885040283203125,0.16797637939453125,0.24379730224609375,2.7511062622070313,0.1624298095703125,0.1562347412109375,75.09918212890625,0.1556854248046875,6.4743499755859375,0.266082763671875,95.16959381103516,0.12949371337890625,10.37310791015625,0.3500518798828125,0.55841064453125,0.2751312255859375,0,45806.37585449219,32308.99493408203,0,34088599552,2147483648,7997149184,0
200,1787752905154,3500,3500,3500,3500,3500,3500,3500,3500,3500,3500,3500,3500,3500,3500,3500,3500,3500,3500,3500,3500,0.590667724609375,0.302001953125,0.5281829833984375,0.4398651123046875,35.20668029785156,0.2501220703125,0.19219207763671875,0.25067138671875,2.7069473266601563,0.22802734375,62.235477447509766,9.598030090332031,47.89048767089844,0.217681884765625,3.5716781616210938,0.3065032958984375,48.85513687133789,0.21652984619140625,9.126678466796875,0.40587615966796875,0,45816.652587890625,32317.129638671875,0,34088599552,2147483648,7997157376,0
200,1787752905355,3500,3500,3500,3500,3500,3500,3500,3500,3500,3500,3500,3500,3500,3500,3500,3500,3500,3500,3500,3500,0.609283447265625,2.8835830688476563,2.9238739013671875,0.4096527099609375,31.87860107421875,2.7573394775390625,0.21181488037109375,0.21405792236328125,0.19000244140625,0.1986846923828125,70.22746276855469,0.43032073974609375,19.700820922851563,0.24086761474609375,31.243560791015625,2.8513870239257813,17.1126708984375,0.2473602294921875,39.1419563293457,2.8218307495117188,0,45827.07653808594,32325.416259765625,0,34088599552,2147483648,7996973056,0
200,1787752905555,3500,3500,3500,3500,3500,3500,3500,3500,3500,3500,3500,3500,3500,3500,3500,3500,3500,3500,3500,3500,0.6977615356445313,0.37009429931640625,0.4212493896484375,0.45024871826171875,31.851654052734375,0.31668853759765625,2.7612380981445313,0.203887939453125,0.15772247314453125,0.18486785888671875,66.82444763183594,7.990242004394531,2.0493087768554688,0.2930755615234375,100,0.14893341064453125,1.0263748168945313,0.2567901611328125,2.8724441528320313,0.28643798828125,0,45839.06652832031,32335.25567626953,0,34088599552,2147483648,7996973056,0
200,1787752905755,3500,3500,3500,3500,3500,3500,3500,3500,3500,3500,3500,3500,3500,3500,3500,3500,3500,3500,3500,3500,3.0749435424804688,0.32367706298828125,17.41114044189453,2.8940353393554688,31.96294403076172,0.24640655517578125,0.2259368896484375,0.2307281494140625,0.17566680908203125,2.7298507690429688,59.706085205078125,14.226028442382813,3.80322265625,2.813812255859375,18.582901000976563,0.2286834716796875,12.846847534179688,2.7721328735351563,61.71489715576172,0.1939849853515625,0,45849.50927734375,32343.540161132813,0,34088599552,2147483648,7997112320,0
199,1787752905955,3500,3500,3500,3500,3500,3500,3500,3500,3500,3500,3500,3500,3500,3500,3500,3500,3500,3500,3500,3500,0.7258758544921875,0.37622833251953125,31.178688049316406,0.32411956787109375,44.6559944152832,0.277008056640625,0.2193145751953125,2.7350997924804688,0.259979248046875,0.22296142578125,58.05562210083008,0.27870941162109375,4.544242858886719,0.368133544921875,13.616043090820313,0.274261474609375,59.73847579956055,0.223358154296875,1.4153823852539063,0.32772064208984375,0,45858.898376464844,32350.77850341797,0,34088599552,2147483648,7997247488,0
199,1787752906156,3500,3500,3500,3500,3500,3500,3500,3500,3500,3500,3500,3500,3500,3500,3500,3500,3500,3500,3500,3500,0.6244888305664063,0.3455352783203125,0.28369903564453125,0.32228851318359375,30.01165008544922,0.2311553955078125,0.23920440673828125,0.24915313720703125,2.696563720703125,0.1811676025390625,74.33795928955078,0.25760650634765625,33.935890197753906,0.27954864501953125,62.01569366455078,0.17626953125,9.797172546386719,0.22930908203125,0.6799240112304688,0.3083953857421875,0,45869.19854736328,32358.94952392578,0,34088599552,2147483648,7990714368,0
200,1787752906356,3500,3500,3500,3500,3500,3500,3500,3500,3500,3500,3500,3500,3500,3500,3500,3500,3500,3500,3500,3500,0.6022186279296875,2.8866958618164063,0.43627166748046875,0.47735595703125,25.06237030029297,2.838409423828125,0.3028564453125,0.29871368408203125,0.2344818115234375,0.21793365478515625,69.02933502197266,10.398567199707031,37.061309814453125,0.34819793701171875,44.26142501831055,2.7955703735351563,24.127593994140625,0.30815887451171875,0.37793731689453125,2.8531570434570313,0,45880.10626220703,32367.736938476563,0,34088599552,2147483648,7990542336,0
200,1787752906556,3500,3500,3500,3500,3500,3500,3500,3500,3500,3500,3500,3500,3500,3500,3500,3500,3500,3500,3500,3500,4.921302795410156,0.303375244140625,5.711418151855469,0.35968780517578125,45.87554931640625,0.19414520263671875,2.7116622924804688,0.170135498046875,0.17996978759765625,0.227447509765625,55.40724182128906,0.2464141845703125,33.65271759033203,0.245269775390625,54.004886627197266,0.2124176025390625,8.296577453613281,0.30462646484375,24.644607543945313,0.24631500244140625,0,45890.93035888672,32376.38525390625,0,34088599552,2147483648,7988461568,0
200,1787752906756,3500,3500,3500,3500,3500,3500,3500,3500,3500,3500,3500,3500,3500,3500,3500,3500,3500,3500,3500,3500,5.036399841308594,0.40998077392578125,0.4186248779296875,2.9852447509765625,34.34612274169922,0.3176422119140625,0.2636260986328125,0.2834625244140625,0.2392425537109375,2.7541961669921875,58.17568588256836,15.10504150390625,25.400039672851563,2.7799301147460938,69.08563232421875,0.1900787353515625,11.549575805664063,2.8397369384765625,2.93017578125,0.33173370361328125,0,45900.705322265625,32384.0302734375,0,34088599552,2147483648,7988580352,0
200,1787752906956,3500,3500,3500,3500,3500,3500,3500,3500,3500,3500,3500,3500,3500,3500,3500,3500,3500,3500,3500,3500,0.568389892578125,0.35124969482421875,0.3526458740234375,0.34905242919921875,58.56220626831055,0.2201385498046875,0.2559814453125,2.7645492553710938,0.25992584228515625,0.26357269287109375,24.30634307861328,19.27149200439453,2.4191436767578125,0.3636322021484375,100,0.1319580078125,3.211456298828125,0.33147430419921875,0.3645782470703125,0.39273834228515625,0,45910.631591796875,32391.813354492188,0,34088599552,2147483648,7988547584,0
200,1787752907157,3500,3500,3500,3500,3500,3500,3500,3500,3500,3500,3500,3500,3500,3500,3500,3500,3500,3500,3500,3500,0.56304931640625,0.3381500244140625,2.152435302734375,0.29363250732421875,31.85796356201172,0.3191375732421875,0.30416107177734375,0.34539031982421875,2.7472305297851563,0.1998443603515625,73.10684204101563,0.22954559326171875,35.70954132080078,0.27725982666015625,37.051414489746094,0.210174560546875,18.791061401367188,0.2814483642578125,23.05121612548828,0.27286529541015625,0,45920.87567138672,32399.910217285156,0,34088599552,2147483648,7988461568,0
200,1787752907357,3500,3500,3500,3500,3500,3500,3500,3500,3500,3500,3500,3500,3500,3500,3500,3500,3500,3500,3500,3500,0.6056289672851563,2.8435821533203125,0.35921478271484375,0.3140106201171875,36.78684616088867,2.7745285034179688,0.20989227294921875,0.217376708984375,0.2274017333984375,0.17700958251953125,62.42702102661133,5.81134033203125,27.39208984375,0.2701568603515625,30.192169189453125,2.7661972045898438,40.901947021484375,0.2707061767578125,31.513931274414063,2.8065643310546875,0,45932.215393066406,32409.08966064453,0,34088599552,2147483648,7990427648,0
200,1787752907557,3500,3500,3500,3500,3500,3500,3500,3500,3500,3500,3500,3500,3500,3500,3500,3500,3500,3500,3500,3500,0.5901870727539063,0.31626129150390625,2.8533935546875,0.2996368408203125,26.361221313476563,0.25945281982421875,2.8187484741210938,0.23873138427734375,0.16893768310546875,0.1774749755859375,54.64143753051758,20.483840942382813,42.046321868896484,0.2362823486328125,31.895484924316406,0.22380828857421875,28.941444396972656,0.23139190673828125,0.41490936279296875,0.39044952392578125,0,45942.99267578125,32417.72003173828,0,34088599552,2147483648,7990575104,0
200,1787752907757,3500,3500,3500,3500,3500,3500,3500,3500,3500,3500,3500,3500,3500,3500,3500,3500,3500,3500,3500,3500,3.075653076171875,0.33319091796875,0.27356719970703125,2.8109817504882813,39.64047622680664,7.9155426025390625,0.1932525634765625,0.206146240234375,0.1572723388671875,2.7315216064453125,41.8707389831543,15.954971313476563,76.10189819335938,2.6868438720703125,1.3488388061523438,0.3499755859375,3.6639175415039063,2.7748947143554688,27.20653533935547,0.2709197998046875,0,45953.56994628906,32426.155151367188,0,34088599552,2147483648,7989645312,0
200,1787752907958,3500,3500,3500,3500,3500,3500,3500,3500,3500,3500,3500,3500,3500,3500,3500,3500,3500,3500,3500,3500,0.5937728881835938,0.31511688232421875,0.27851104736328125,0.28200531005859375,7.709495544433594,0.23105621337890625,0.2786102294921875,2.7932662963867188,0.26047515869140625,0.27166748046875,16.828964233398438,10.012527465820313,23.279335021972656,0.22211456298828125,65.90403747558594,0.15283966064453125,2.2645721435546875,0.23760223388671875,19.98175048828125,0.25572967529296875,0,45964.96728515625,32435.401733398438,0,34088599552,2147483648,7979671552,0
200,1787752908158,3500,3500,3500,3500,3500,3500,3500,3500,3500,3500,3500,3500,3500,3500,3500,3500,3500,3500,3500,3500,0.5743942260742188,0.32726287841796875,0.292510986328125,0.37209320068359375,0.30764007568359375,0.324066162109375,0.3024444580078125,0.2539215087890625,2.9961166381835938,0.4327545166015625,2.9776458740234375,0.3165740966796875,10.586212158203125,0.23659515380859375,34.16224670410156,0.224761962890625,3.9861373901367188,0.2935638427734375,66.66197204589844,0.21268463134765625,0,45973.556091308594,32441.845825195313,0,34088599552,2147483648,7979507712,0
200,1787752908358,3500,3500,3500,3500,3500,3500,3500,3500,3500,3500,3500,3500,3500,3500,3500,3500,3500,3500,3500,3500,0.5819091796875,2.7936325073242188,0.3394775390625,0.3078765869140625,0.26439666748046875,2.8215408325195313,0.26629638671875,0.2775726318359375,0.36614227294921875,0.38116455078125,0.32849884033203125,2.883392333984375,2.9246292114257813,0.282470703125,50.78789520263672,2.710357666015625,53.50629425048828,0.2248077392578125,0.6053237915039063,2.8604278564453125,0,45982.77862548828,32448.93487548828,0,34088599552,2147483648,7979352064,0
200,1787752908559,3500,3500,3500,3500,3500,3500,3500,3500,3500,3500,3500,3500,3500,3500,3500,3500,3500,3500,3500,3500,0.5562362670898438,0.356292724609375,2.8199462890625,0.2890777587890625,0.35524749755859375,0.30820465087890625,2.8081130981445313,0.365386962890625,0.2119293212890625,0.30855560302734375,0.3567962646484375,0.32248687744140625,2.588348388671875,0.25921630859375,1.604949951171875,0.2553253173828125,100,0.130584716796875,0.32633209228515625,0.27490234375,0,45992.08416748047,32456.111328125,0,34088599552,2147483648,7979311104,0
199,1787752908759,3500,3500,3500,3500,3500,3500,3500,3500,3500,3500,3500,3500,3500,3500,3500,3500,3500,3500,3500,3500,3.1314926147460938,0.2894287109375,0.25994873046875,2.7499237060546875,2.8404693603515625,0.2905731201171875,0.29451751708984375,0.35248565673828125,0.22078704833984375,2.728973388671875,0.1625213623046875,0.229766845703125,15.416168212890625,2.6933059692382813,29.4034423828125,0.1714019775390625,42.27271270751953,2.66741943359375,40.88632583618164,0.150054931640625,0,46002.488525390625,32464.369506835938,0,34088599552,2147483648,7979581440,0
200,1787752908959,3500,3500,3500,3500,3500,3500,3500,3500,3500,3500,3500,3500,3500,3500,3500,3500,3500,3500,3500,3500,0.6573410034179688,0.34975433349609375,0.3680877685546875,0.35704803466796875,0.32917022705078125,0.36983489990234375,0.3763275146484375,2.8398208618164063,0.329620361328125,0.3456573486328125,2.9896926879882813,0.3944091796875,5.5160369873046875,0.2888031005859375,69.92781066894531,0.2510833740234375,34.03065490722656,0.34070587158203125,0.6341094970703125,0.4126434326171875,0,46012.79803466797,32472.550170898438,0,34088599552,2147483648,7966130176,0
200,1787752909159,3500,3500,3500,3500,3500,3500,3500,3500,3500,3500,3500,3500,3500,3500,3500,3500,3500,3500,3500,3500,0.5221710205078125,0.2877044677734375,0.28376007080078125,0.26657867431640625,0.26528167724609375,0.24935150146484375,0.239715576171875,0.2379150390625,2.81402587890625,0.240264892578125,2.79449462890625,0.21484375,7.2135009765625,0.2421112060546875,59.30116653442383,0.16210174560546875,42.955074310302734,0.2342681884765625,0.2798614501953125,0.2928466796875,0,46021.912536621094,32479.520751953125,0,34088599552,2147483648,7965851648,0
199,1787752909360,3500,3500,3500,3500,3500,3500,3500,3500,3500,3500,3500,3500,3500,3500,3500,3500,3500,3500,3500,3500,0.5021514892578125,2.8270339965820313,0.27935791015625,0.313232421875,0.33592987060546875,2.7786941528320313,0.301361083984375,0.35962677001953125,0.25885772705078125,0.2750701904296875,0.262451171875,2.8653488159179688,2.8523788452148438,0.28495025634765625,4.111595153808594,2.7505645751953125,51.11128234863281,0.23920440673828125,49.19316864013672,2.7272109985351563,0,46030.25537109375,32485.745483398438,0,34088599552,2147483648,7965589504,0
199,1787752909560,3500,3500,3500,3500,3500,3500,3500,3500,3500,3500,3500,3500,3500,3500,3500,3500,3500,3500,3500,3500,4.304542541503906,0.3192291259765625,20.79888916015625,0.3066864013671875,0.43141937255859375,0.41237640380859375,2.9824981689453125,0.40218353271484375,0.3408660888671875,0.24466705322265625,1.6624069213867188,0.259857177734375,25.66473388671875,0.2652587890625,16.609336853027344,0.2916412353515625,22.14531707763672,0.2552642822265625,45.516632080078125,0.2459716796875,0,46041.760192871094,32495.09295654297,0,34088599552,2147483648,7967432704,0
200,1787752909760,3500,3500,3500,3500,3500,3500,3500,3500,3500,3500,3500,3500,3500,3500,3500,3500,3500,3500,3500,3500,3.2058868408203125,0.29541778564453125,0.34593963623046875,2.88983154296875,3.0001296997070313,0.4590911865234375,0.5029220581054688,0.437103271484375,0.33280181884765625,2.9228134155273438,0.27367401123046875,0.2891693115234375,11.226531982421875,2.8040237426757813,17.726463317871094,0.2317962646484375,79.86243438720703,2.6895217895507813,2.883636474609375,0.38097381591796875,0,46050.89270019531,32502.112243652344,0,34088599552,2147483648,7967563776,0
200,1787752909960,3500,3500,3500,3500,3500,3500,3500,3500,3500,3500,3500,3500,3500,3500,3500,3500,3500,3500,3500,3500,0.6400833129882813,0.26294708251953125,0.34349822998046875,0.3295745849609375,0.35083770751953125,0.45124053955078125,0.44171142578125,2.9198074340820313,0.26958465576171875,0.2877044677734375,1.617431640625,0.29463958740234375,2.3057708740234375,0.29114532470703125,1.5845413208007813,0.2093505859375,100,0.11698150634765625,0.6456756591796875,0.3806304931640625,0,46058.03967285156,32507.315185546875,0,34088599552,2147483648,7967555584,0
200,1787752910161,3500,3500,3500,3500,3500,3500,3500,3500,3500,3500,3500,3500,3500,3500,3500,3500,3500,3500,3500,3500,0.4495697021484375,0.32582855224609375,0.3839874267578125,0.409820556640625,0.34253692626953125,0.4454803466796875,0.33251190185546875,0.34787750244140625,2.7890472412109375,0.272369384765625,2.6882476806640625,0.2709197998046875,11.647903442382813,0.20748138427734375,27.60204315185547,0.19640350341796875,69.281982421875,0.17461395263671875,0.38188934326171875,0.3845367431640625,0,46066.244873046875,32513.667419433594,0,34088599552,2147483648,7967481856,0
200,1787752910361,3500,3500,3500,3500,3500,3500,3500,3500,3500,3500,3500,3500,3500,3500,3500,3500,3500,3500,3500,3500,0.70465087890625,2.8414840698242188,44.0837287902832,0.2450408935546875,0.3857879638671875,2.9409408569335938,0.3109283447265625,0.33422088623046875,0.20284271240234375,0.20209503173828125,0.28339385986328125,2.8090667724609375,13.994613647460938,0.2451934814453125,18.57158660888672,2.7224349975585938,57.210105895996094,0.17072296142578125,1.1803131103515625,2.8500137329101563,0,46075.854248046875,32520.645568847656,0,34088599552,2147483648,7970619392,0
199,1787752910562,3500,3500,3500,3500,3500,3500,3500,3500,3500,3500,3500,3500,3500,3500,3500,3500,3500,3500,3500,3500,0.6536331176757813,0.378326416015625,2.8869400024414063,0.4295806884765625,0.31623077392578125,0.33440399169921875,2.8709640502929688,0.3590545654296875,0.36090850830078125,0.3556671142578125,0.34473419189453125,0.2940216064453125,2.18280029296875,0.315887451171875,1.5523223876953125,0.31198883056640625,100,0.18407440185546875,0.38970184326171875,0.35466766357421875,0,46084.20147705078,32526.885314941406,0,34088599552,2147483648,7970615296,0
200,1787752910762,3500,3500,3500,3500,3500,3500,3500,3500,3500,3500,3500,3500,3500,3500,3500,3500,3500,3500,3500,3500,4.696746826171875,0.292022705078125,0.347503662109375,2.8299942016601563,2.8245925903320313,0.32965850830078125,0.37215423583984375,0.3717041015625,0.28757476806640625,2.8029022216796875,0.29051971435546875,0.303070068359375,11.397697448730469,2.7781600952148438,66.6533203125,0.16675567626953125,29.466819763183594,2.7919998168945313,2.8118515014648438,0.2952728271484375,0,46093.75830078125,32534.32568359375,0,34088599552,2147483648,7970746368,0
200,1787752910962,3500,3500,3500,3500,3500,3500,3500,3500,3500,3500,3500,3500,3500,3500,3500,3500,3500,3500,3500,3500,0.48166656494140625,0.29107666015625,0.59307861328125,0.2838897705078125,0.34430694580078125,0.3209075927734375,0.45098114013671875,2.98089599609375,0.29915618896484375,0.34037017822265625,0.39231109619140625,0.32784271240234375,18.908981323242188,0.2263641357421875,27.08966064453125,0.1640472412109375,66.05256652832031,0.15596771240234375,0.7827682495117188,0.25176239013671875,0,46104.041259765625,32542.462829589844,0,34088599552,2147483648,7970746368,0
200,1787752911163,3500,3500,3500,3500,3500,3500,3500,3500,3500,3500,3500,3500,3500,3500,3500,3500,3500,3500,3500,3500,13.756729125976563,0.31217193603515625,31.448333740234375,0.26810455322265625,1.0760498046875,0.9393539428710938,0.43090057373046875,0.39810943603515625,2.85260009765625,0.28052520751953125,10.300155639648438,1.0452041625976563,56.46882629394531,0.23735809326171875,47.698577880859375,0.20880889892578125,84.390869140625,0.1489715576171875,55.407447814941406,0.24114990234375,0,46118.44348144531,32554.6240234375,0,34088599552,2147483648,7989506048,0
200,1787752911363,3500,3500,3500,3500,3500,3500,3500,3500,3500,3500,3500,3500,3500,3500,3500,3500,3500,3500,3500,3500,2.1734848022460938,2.8754348754882813,81.8772964477539,0.26322174072265625,0.327667236328125,2.8166351318359375,0.3338165283203125,0.25098419189453125,0.315826416015625,0.31368255615234375,0.6609344482421875,2.8951644897460938,49.15957260131836,0.23435211181640625,34.27174377441406,2.7647781372070313,71.62359619140625,0.16950225830078125,72.60520935058594,2.7385025024414063,0,46131.14245605469,32565.136291503906,0,34088599552,2147483648,7994990592,0
200,1787752911563,3500,3500,3500,3500,3500,3500,3500,3500,3500,3500,3500,3500,3500,3500,3500,3500,3500,3500,3500,3500,3.1768264770507813,0.38646697998046875,67.3277587890625,0.21472930908203125,0.29790496826171875,0.5216140747070313,2.918914794921875,0.3543701171875,0.35855865478515625,0.38442230224609375,0.7411346435546875,0.42430877685546875,58.6362190246582,0.2462310791015625,30.83545684814453,0.24483489990234375,43.16132736206055,0.240936279296875,35.06819152832031,0.2422332763671875,0,46142.25964355469,32574.103393554688,0,34088599552,2147483648,7962472448,0
199,1787752911763,3500,3500,3500,3500,3500,3500,3500,3500,3500,3500,3500,3500,3500,3500,3500,3500,3500,3500,3500,3500,3.2811126708984375,0.39434814453125,1.6336441040039063,2.852081298828125,2.8111038208007813,0.25240325927734375,0.2904815673828125,0.27565765380859375,0.32672119140625,0.267425537109375,0.37158966064453125,0.24491119384765625,34.55696105957031,2.7464675903320313,29.630470275878906,0.2261962890625,25.90289306640625,2.8004226684570313,26.404052734375,0.28688812255859375,0,46152.604919433594,32582.281127929688,0,34088599552,2147483648,7962607616,0
199,1787752911964,3500,3500,3500,3500,3500,3500,3500,3500,3500,3500,3500,3500,3500,3500,3500,3500,3500,3500,3500,3500,0.6035690307617188,0.308135986328125,0.29593658447265625,0.367523193359375,0.3449249267578125,0.3900146484375,0.364471435546875,2.8533935546875,0.30988311767578125,2.7732162475585938,0.3072357177734375,0.306884765625,5.790977478027344,0.26909637451171875,1.9188919067382813,0.2601470947265625,98.2386703491211,0.1434173583984375,0.7901840209960938,0.5356369018554688,0,46160.544189453125,32588.098510742188,0,34088599552,2147483648,7962603520,0
200,1787752912164,3500,3500,3500,3500,3500,3500,3500,3500,3500,3500,3500,3500,3500,3500,3500,3500,3500,3500,3500,3500,0.5753402709960938,0.271026611328125,0.3506011962890625,0.3824920654296875,0.19469451904296875,0.29032135009765625,0.300018310546875,0.2049407958984375,2.7871246337890625,0.27927398681640625,3.0949859619140625,0.21389007568359375,7.24603271484375,0.3065643310546875,5.236244201660156,0.2117919921875,96.30337524414063,0.1134185791015625,0.5200576782226563,0.4923095703125,0,46168.28887939453,32593.718383789063,0,34088599552,2147483648,7962451968,0
200,1787752912364,3500,3500,3500,3500,3500,3500,3500,3500,3500,3500,3500,3500,3500,3500,3500,3500,3500,3500,3500,3500,0.5701217651367188,2.8046798706054688,0.31458282470703125,0.3065948486328125,0.2337799072265625,2.8371200561523438,0.2303314208984375,0.254241943359375,0.25823211669921875,0.2859344482421875,0.273956298828125,2.7590560913085938,11.487968444824219,0.23058319091796875,15.050926208496094,2.6983184814453125,83.3524169921875,0.137451171875,0.9889144897460938,3.0095062255859375,0,46179.155029296875,32602.447814941406,0,34088599552,2147483648,7962357760,0
200,1787752912564,3500,3500,3500,3500,3500,3500,3500,3500,3500,3500,3500,3500,3500,3500,3500,3500,3500,3500,3500,3500,0.583984375,0.30471038818359375,2.8327102661132813,0.31354522705078125,0.3001708984375,0.28900146484375,2.8621978759765625,0.25896453857421875,0.32855987548828125,0.28879547119140625,0.35749053955078125,0.28725433349609375,5.308036804199219,0.237518310546875,100,0.14990997314453125,3.1192169189453125,0.33624267578125,4.899650573730469,0.35186004638671875,0,46188.63000488281,32609.777587890625,0,34088599552,2147483648,7961870336,0
199,1787752912765,3500,3500,3500,3500,3500,3500,3500,3500,3500,3500,3500,3500,3500,3500,3500,3500,3500,3500,3500,3500,3.1131210327148438,0.3416290283203125,0.333740234375,2.8101806640625,2.8826675415039063,0.487762451171875,0.38961029052734375,0.42160797119140625,0.26808929443359375,0.36499786376953125,0.20733642578125,0.34906768798828125,3.275970458984375,2.81536865234375,51.95829772949219,0.23334503173828125,51.682918548583984,2.7585067749023438,2.9446792602539063,0.42914581298828125,0,46197.30017089844,32616.334411621094,0,34088599552,2147483648,7962001408,0
200,1787752912965,3500,3500,3500,3500,3500,3500,3500,3500,3500,3500,3500,3500,3500,3500,3500,3500,3500,3500,3500,3500,0.5313568115234375,0.27927398681640625,0.5121688842773438,0.27862548828125,0.33519744873046875,0.4360504150390625,0.341796875,1.689727783203125,0.2521820068359375,2.7726364135742188,1.3491897583007813,0.33284759521484375,24.493057250976563,0.20355987548828125,2.7673416137695313,0.2559356689453125,62.85824966430664,0.18816375732421875,16.126060485839844,0.26273345947265625,0,46208.480224609375,32625.394897460938,0,34088599552,2147483648,7961952256,0
200,1787752913165,3500,3500,3500,3500,3500,3500,3500,3500,3500,3500,3500,3500,3500,3500,3500,3500,3500,3500,3500,3500,7.394615173339844,0.27422332763671875,4.276390075683594,0.27117919921875,0.20906829833984375,0.20256805419921875,0.25673675537109375,1.3651885986328125,2.7183761596679688,0.21855926513671875,2.85614013671875,0.19952392578125,17.518753051757813,0.16559600830078125,42.1570930480957,0.17684173583984375,64.14411926269531,0.1202239990234375,6.2119140625,0.2386474609375,0,46219.91290283203,32634.672607421875,0,34088599552,2147483648,7962349568,0
200,1787752913365,3500,3500,3500,3500,3500,3500,3500,3500,3500,3500,3500,3500,3500,3500,3500,3500,3500,3500,3500,3500,0.6169815063476563,0.38947296142578125,0.42572021484375,0.3869781494140625,0.3440399169921875,2.9371414184570313,0.358917236328125,0.3304595947265625,0.29640960693359375,0.33480072021484375,0.391571044921875,2.9185638427734375,16.605201721191406,0.30120086669921875,20.548446655273438,2.9158706665039063,70.13638305664063,0.299652099609375,0.38842010498046875,2.9347915649414063,0,46229.467529296875,32642.104553222656,0,34088599552,2147483648,7962349568,0
200,1787752913565,3500,3500,3500,3500,3500,3500,3500,3500,3500,3500,3500,3500,3500,3500,3500,3500,3500,3500,3500,3500,0.6805267333984375,2.9080047607421875,2.9396438598632813,0.402679443359375,0.40752410888671875,0.46419525146484375,2.9187545776367188,0.3483123779296875,0.33026885986328125,0.317779541015625,0.2874908447265625,0.228424072265625,2.7839736938476563,0.2840423583984375,1.8890151977539063,0.233673095703125,99.26200103759766,0.14076995849609375,0.28774261474609375,0.3403167724609375,0,46238.30285644531,32648.829467773438,0,34088599552,2147483648,7962337280,0
200,1787752913765,3500,3500,3500,3500,3500,3500,3500,3500,3500,3500,3500,3500,3500,3500,3500,3500,3500,3500,3500,3500,3.0678253173828125,0.2985992431640625,0.34021759033203125,2.87420654296875,3.2175216674804688,0.30394744873046875,0.31238555908203125,0.3159332275390625,0.2707672119140625,0.24922943115234375,0.5497817993164063,0.2473297119140625,17.25928497314453,2.7574386596679688,17.37060546875,0.1699371337890625,71.77912902832031,2.687835693359375,2.8557205200195313,0.34356689453125,0,46247.82012939453,32656.22979736328,0,34088599552,2147483648,7962468352,0
200,1787752913966,3500,3500,3500,3500,3500,3500,3500,3500,3500,3500,3500,3500,3500,3500,3500,3500,3500,3500,3500,3500,0.5627899169921875,0.2955474853515625,0.37206268310546875,0.28072357177734375,0.26345062255859375,0.311370849609375,0.2140350341796875,0.19351959228515625,0.298492431640625,2.792633056640625,1.7804107666015625,0.24163818359375,14.449424743652344,0.21527862548828125,85.38275909423828,0.13022613525390625,15.783798217773438,0.24452972412109375,0.48956298828125,0.36837005615234375,0,46257.60662841797,32663.865356445313,0,34088599552,2147483648,7959408640,0
200,1787752914166,3500,3500,3500,3500,3500,3500,3500,3500,3500,3500,3500,3500,3500,3500,3500,3500,3500,3500,3500,3500,0.5458908081054688,0.31549835205078125,0.33032989501953125,0.31549835205078125,0.2598114013671875,0.27379608154296875,0.30121612548828125,2.7945785522460938,2.8297882080078125,0.36359405517578125,2.7620162963867188,0.30181121826171875,25.917678833007813,0.29102325439453125,24.73863983154297,0.26300811767578125,50.39680862426758,0.22225189208984375,8.418853759765625,0.33632659912109375,0,46266.66180419922,32670.790588378906,0,34088599552,2147483648,7959388160,0
200,1787752914366,3500,3500,3500,3500,3500,3500,3500,3500,3500,3500,3500,3500,3500,3500,3500,3500,3500,3500,3500,3500,0.6812210083007813,0.35826873779296875,0.37133026123046875,0.32474517822265625,0.27442169189453125,2.81414794921875,0.26918792724609375,0.34070587158203125,0.296966552734375,0.29895782470703125,0.2685394287109375,2.8516082763671875,10.348136901855469,0.25681304931640625,71.41964721679688,1.0252151489257813,0.5272979736328125,0.34075927734375,24.450408935546875,2.7672119140625,0,46275.40002441406,32677.398376464844,0,34088599552,2147483648,7959388160,0
199,1787752914567,3500,3500,3500,3500,3500,3500,3500,3500,3500,3500,3500,3500,3500,3500,3500,3500,3500,3500,3500,3500,0.30310821533203125,2.5403289794921875,2.55987548828125,0.0668792724609375,0.0284423828125,0,2.5271835327148438,0,0.00609588623046875,0.00370025634765625,0.03473663330078125,0,4.9014129638671875,0,20.355010986328125,1.5709228515625,6.159324645996094,0.016998291015625,76.69318389892578,0,0,46284.40625,32684.27099609375,0,34088599552,2147483648,7959334912,0
200,1787752914767,3500,3500,3500,3500,3500,3500,3500,3500,3500,3500,3500,3500,3500,3500,3500,3500,3500,3500,3500,3500,4.966239929199219,0.5011672973632813,62.00748062133789,2.9278106689453125,3.0168075561523438,0.427032470703125,0.48095703125,0.4470367431640625,0.49527740478515625,0.42827606201171875,0.5141830444335938,0.47786712646484375,9.938217163085938,3.0647506713867188,3.462646484375,0.427032470703125,3.9566268920898438,3.1027679443359375,33.643280029296875,0.44100189208984375,0,46294.256286621094,32692.00390625,0,34088599552,2147483648,7959433216,0
200,1787752914967,3500,3500,3500,3500,3500,3500,3500,3500,3500,3500,3500,3500,3500,3500,3500,3500,3500,3500,3500,3500,8.578933715820313,0.29052734375,0.6100387573242188,0.309967041015625,0.4741363525390625,0.39170074462890625,0.361724853515625,0.32375335693359375,0.236572265625,2.8148117065429688,0.28093719482421875,0.3107147216796875,2.83489990234375,0.2577056884765625,31.79175567626953,0.21189117431640625,62.4459228515625,0.19495391845703125,0.285430908203125,0.295928955078125,0,46302.65509033203,32698.269592285156,0,34088599552,2147483648,7959433216,0
200,1787752915168,3500,3500,3500,3500,3500,3500,3500,3500,3500,3500,3500,3500,3500,3500,3500,3500,3500,3500,3500,3500,9.20684814453125,0.41342926025390625,23.807342529296875,0.33461761474609375,0.5317840576171875,0.45597076416015625,0.4135284423828125,3.0338363647460938,2.84295654296875,0.315216064453125,2.8979721069335938,0.3408050537109375,13.360908508300781,0.37042999267578125,3.9822845458984375,0.30194854736328125,0.6591644287109375,0.354522705078125,59.226078033447266,0.25032806396484375,0,46311.411071777344,32704.91033935547,0,34088599552,2147483648,7959433216,0
200,1787752915368,3500,3500,3500,3500,3500,3500,3500,3500,3500,3500,3500,3500,3500,3500,3500,3500,3500,3500,3500,3500,0.5384140014648438,0.2933502197265625,0.27677154541015625,0.29164886474609375,0.45702362060546875,2.9444198608398438,0.33654022216796875,0.447784423828125,0.29090118408203125,0.24835968017578125,0.2576446533203125,2.77984619140625,5.8523406982421875,0.2548980712890625,20.235565185546875,0.18953704833984375,23.174148559570313,0.29804229736328125,66.87396240234375,2.6942672729492188,0,46321.095642089844,32712.450317382813,0,34088599552,2147483648,7959461888,0
200,1787752915568,3500,3500,3500,3500,3500,3500,3500,3500,3500,3500,3500,3500,3500,3500,3500,3500,3500,3500,3500,3500,0.5426483154296875,2.818450927734375,2.8056182861328125,0.27065277099609375,0.363067626953125,0.29108428955078125,2.8575210571289063,0.37175750732421875,0.2508697509765625,0.32630157470703125,0.24767303466796875,0.264556884765625,15.557121276855469,0.2711029052734375,12.520118713378906,2.7473220825195313,77.28856658935547,0.154510498046875,0.2977294921875,0.2806396484375,0,46331.326599121094,32720.567993164063,0,34088599552,2147483648,7959142400,0
200,1787752915768,3500,3500,3500,3500,3500,3500,3500,3500,3500,3500,3500,3500,3500,3500,3500,3500,3500,3500,3500,3500,3.1498870849609375,0.30506134033203125,0.41495513916015625,2.8833694458007813,2.0692825317382813,0.21349334716796875,0.2939300537109375,0.345306396484375,0.35199737548828125,0.448211669921875,0.7512741088867188,0.5619430541992188,17.553451538085938,2.7797164916992188,1.7431564331054688,0.2306671142578125,87.19379425048828,2.685455322265625,2.8886642456054688,0.29367828369140625,0,46340.79510498047,32727.89178466797,0,34088599552,2147483648,7959142400,0
200,1787752915969,3500,3500,3500,3500,3500,3500,3500,3500,3500,3500,3500,3500,3500,3500,3500,3500,3500,3500,3500,3500,0.48737335205078125,0.33354949951171875,0.36663055419921875,0.38653564453125,1.2332611083984375,0.29673004150390625,0.26973724365234375,0.24997711181640625,0.24907684326171875,2.7748260498046875,0.37406158447265625,0.25685882568359375,5.1188507080078125,0.2841033935546875,49.85807418823242,0.1722869873046875,51.52627182006836,0.19564056396484375,0.26534271240234375,0.28694915771484375,0,46349.68328857422,32734.67431640625,0,34088599552,2147483648,7958970368,0
200,1787752916169,3500,3500,3500,3500,3500,3500,3500,3500,3500,3500,3500,3500,3500,3500,3500,3500,3500,3500,3500,3500,5.709297180175781,0.3575286865234375,5.978973388671875,0.4085693359375,0.5857086181640625,0.3428955078125,0.361968994140625,2.7878036499023438,2.8714065551757813,0.2859649658203125,23.326004028320313,0.2246856689453125,33.49232482910156,0.279815673828125,41.906124114990234,0.23412322998046875,46.82181167602539,0.23337554931640625,12.624465942382813,0.3608245849609375,0,46360.28741455078,32743.064819335938,0,34088599552,2147483648,7960346624,0
199,1787752916369,3500,3500,3500,3500,3500,3500,3500,3500,3500,3500,3500,3500,3500,3500,3500,3500,3500,3500,3500,3500,0.5857009887695313,0.32749176025390625,1.0448150634765625,0.41678619384765625,8.832084655761719,0.40421295166015625,0.40735626220703125,0.4610137939453125,0.35898590087890625,0.36053466796875,0.38678741455078125,2.8613662719726563,10.043968200683594,0.24633026123046875,48.82807540893555,0.16876220703125,51.446109771728516,0.234100341796875,0.33757781982421875,2.8399581909179688,0,46368.6181640625,32749.252502441406,0,34088599552,2147483648,7957909504,0
200,1787752916569,3500,3500,3500,3500,3500,3500,3500,3500,3500,3500,3500,3500,3500,3500,3500,3500,3500,3500,3500,3500,0.51190185546875,2.8508682250976563,2.8511199951171875,0.34329986572265625,0.2905120849609375,2.7900390625,2.7923812866210938,0.3279571533203125,0.44116973876953125,0.36114501953125,0.3524932861328125,0.46506500244140625,16.565216064453125,0.261474609375,12.690292358398438,2.7906875610351563,75.18559265136719,0.20339202880859375,0.306060791015625,0.2931671142578125,0,46377.57336425781,32756.087463378906,0,34088599552,2147483648,7957585920,0
200,1787752916770,3500,3500,3500,3500,3500,3500,3500,3500,3500,3500,3500,3500,3500,3500,3500,3500,3500,3500,3500,3500,3.1123580932617188,0.25045013427734375,0.2889862060546875,2.8151321411132813,0.3175811767578125,0.25888824462890625,0.26572418212890625,0.23018646240234375,0.433380126953125,0.3066558837890625,0.867156982421875,0.39075469970703125,4.103691101074219,2.734375,4.704765319824219,0.23752593994140625,75.7454605102539,2.6513748168945313,30.219711303710938,0.23638153076171875,0,46386.265869140625,32762.648864746094,0,34088599552,2147483648,7957716992,0
200,1787752916970,3500,3500,3500,3500,3500,3500,3500,3500,3500,3500,3500,3500,3500,3500,3500,3500,3500,3500,3500,3500,0.5774917602539063,0.29766082763671875,0.3527374267578125,0.30754852294921875,2.80206298828125,0.3144378662109375,0.33551025390625,0.2704925537109375,0.49324798583984375,2.8998794555664063,0.5747451782226563,0.43737030029296875,22.51709747314453,0.22919464111328125,3.0075912475585938,0.308746337890625,80.0192642211914,0.18465423583984375,0.6542892456054688,0.33880615234375,0,46394.63037109375,32768.889892578125,0,34088599552,2147483648,7957684224,0
199,1787752917170,3500,3500,3500,3500,3500,3500,3500,3500,3500,3500,3500,3500,3500,3500,3500,3500,3500,3500,3500,3500,0.5545272827148438,0.3245391845703125,0.41655731201171875,0.38777923583984375,0.271942138671875,0.31894683837890625,0.288177490234375,2.79669189453125,2.8549423217773438,0.32059478759765625,2.8016891479492188,0.25870513916015625,8.145416259765625,0.274688720703125,6.7411956787109375,0.25795745849609375,93.61286163330078,0.14705657958984375,0.299468994140625,0.32878875732421875,0,46403.774169921875,32775.91247558594,0,34088599552,2147483648,7957680128,0
200,1787752917370,3500,3500,3500,3500,3500,3500,3500,3500,3500,3500,3500,3500,3500,3500,3500,3500,3500,3500,3500,3500,0.5589828491210938,0.2946624755859375,0.3299102783203125,0.309814453125,0.2595672607421875,0.24716949462890625,0.2633209228515625,0.27571868896484375,0.21717071533203125,0.21132659912109375,0.27306365966796875,2.8011016845703125,9.202560424804688,0.2612152099609375,4.658668518066406,0.22292327880859375,86.02608489990234,0.1459808349609375,8.847755432128906,2.7998504638671875,0,46412.87023925781,32782.88781738281,0,34088599552,2147483648,7957372928,0
200,1787752917571,3500,3500,3500,3500,3500,3500,3500,3500,3500,3500,3500,3500,3500,3500,3500,3500,3500,3500,3500,3500,0.6570663452148438,2.8580245971679688,2.9919052124023438,0.48767852783203125,0.32608795166015625,2.7764816284179688,2.7956085205078125,0.2758026123046875,0.3173980712890625,0.26691436767578125,0.26056671142578125,0.2985687255859375,12.375015258789063,0.2716064453125,31.80364227294922,2.8087387084960938,21.10894775390625,0.25891876220703125,55.80661392211914,0.1906585693359375,0,46423.28173828125,32791.15734863281,0,34088599552,2147483648,7957491712,0
200,1787752917771,3500,3500,3500,3500,3500,3500,3500,3500,3500,3500,3500,3500,3500,3500,3500,3500,3500,3500,3500,3500,0.5468521118164063,0.31204986572265625,0.42630767822265625,2.9594802856445313,0.3311309814453125,0.21167755126953125,0.31529998779296875,0.36623382568359375,0.315399169921875,0.33032989501953125,0.5225830078125,0.31185150146484375,2.8479232788085938,2.7593307495117188,26.23131561279297,0.237396240234375,55.425559997558594,2.769622802734375,25.7529296875,0.265960693359375,0,46431.880432128906,32797.644775390625,0,34088599552,2147483648,7957622784,0
200,1787752917971,3500,3500,3500,3500,3500,3500,3500,3500,3500,3500,3500,3500,3500,3500,3500,3500,3500,3500,3500,3500,3.0832138061523438,0.31278228759765625,0.33911895751953125,0.31616973876953125,3.2281036376953125,0.251678466796875,0.33243560791015625,0.357269287109375,0.29831695556640625,2.7610092163085938,1.2302703857421875,0.2794647216796875,19.178512573242188,0.2521820068359375,75.89566040039063,0.15970611572265625,11.100837707519531,0.2774200439453125,0.5847091674804688,0.3214569091796875,0,46440.67395019531,32804.728759765625,0,34088599552,2147483648,7957622784,0
200,1787752918171,3500,3500,3500,3500,3500,3500,3500,3500,3500,3500,3500,3500,3500,3500,3500,3500,3500,3500,3500,3500,0.6613082885742188,0.30637359619140625,0.29209136962890625,0.2645111083984375,0.45249176025390625,0.36797332763671875,0.383209228515625,2.8626861572265625,2.7280044555664063,0.314666748046875,2.7517852783203125,0.28504180908203125,10.949943542480469,0.3258056640625,23.37371826171875,0.19727325439453125,74.96137237548828,0.1470184326171875,0.28099822998046875,0.2877960205078125,0,46450.163330078125,32812.040466308594,0,34088599552,2147483648,7957622784,0
200,1787752918372,3500,3500,3500,3500,3500,3500,3500,3500,3500,3500,3500,3500,3500,3500,3500,3500,3500,3500,3500,3500,1.172119140625,0.3036651611328125,12.254600524902344,0.26036834716796875,0.4504547119140625,0.334686279296875,0.30332183837890625,0.31995391845703125,0.27559661865234375,0.2641143798828125,0.28418731689453125,2.73455810546875,48.302181243896484,0.1757049560546875,19.74615478515625,0.2562713623046875,46.69878387451172,0.1795501708984375,7.046546936035156,2.8313522338867188,0,46458.96258544922,32818.43231201172,0,34088599552,2147483648,7958196224,0
200,1787752918572,3500,3500,3500,3500,3500,3500,3500,3500,3500,3500,3500,3500,3500,3500,3500,3500,3500,3500,3500,3500,0.5998611450195313,2.8772506713867188,59.872379302978516,0.3491058349609375,0.416595458984375,2.9224777221679688,2.9496383666992188,0.4127044677734375,0.28914642333984375,0.32444000244140625,0.33892059326171875,0.3178558349609375,3.2901992797851563,0.3933868408203125,2.938201904296875,2.783447265625,43.24589157104492,0.25554656982421875,0.3685760498046875,0.35399627685546875,0,46467.909912109375,32825.30157470703,0,34088599552,2147483648,7958188032,0
200,1787752918772,3500,3500,3500,3500,3500,3500,3500,3500,3500,3500,3500,3500,3500,3500,3500,3500,3500,3500,3500,3500,2.29058837890625,0.2442626953125,0.48368072509765625,3.031219482421875,0.2637481689453125,0.271240234375,0.27333831787109375,0.28203582763671875,0.1939544677734375,0.26549530029296875,0.275634765625,0.29572296142578125,3.0745391845703125,2.7603302001953125,17.87665557861328,0.1655731201171875,87.18475341796875,2.652862548828125,2.7703704833984375,0.27463531494140625,0,46476.865173339844,32832.09094238281,0,34088599552,2147483648,7958310912,0
200,1787752918972,3500,3500,3500,3500,3500,3500,3500,3500,3500,3500,3500,3500,3500,3500,3500,3500,3500,3500,3500,3500,4.2377166748046875,0.28221893310546875,5.431419372558594,0.3827362060546875,3.6810150146484375,0.30638885498046875,0.272735595703125,0.2199554443359375,0.26824188232421875,2.7461700439453125,1.2612075805664063,0.3407440185546875,20.20111846923828,0.26334381103515625,8.538604736328125,0.2364349365234375,87.11297607421875,0.149749755859375,9.842155456542969,0.2722320556640625,0,46486.83093261719,32839.78063964844,0,34088599552,2147483648,7958704128,0
200,1787752919173,3500,3500,3500,3500,3500,3500,3500,3500,3500,3500,3500,3500,3500,3500,3500,3500,3500,3500,3500,3500,3.332550048828125,0.36203765869140625,2.1183319091796875,0.38829803466796875,0.5914535522460938,0.38230133056640625,0.361083984375,2.9933853149414063,2.826568603515625,0.34485626220703125,3.257904052734375,0.2711639404296875,14.353492736816406,0.25848388671875,27.63420867919922,0.28279876708984375,52.127891540527344,0.22447967529296875,24.423233032226563,0.44980621337890625,0,46496.069396972656,32846.92559814453,0,34088599552,2147483648,7958839296,0
200,1787752919373,3500,3500,3500,3500,3500,3500,3500,3500,3500,3500,3500,3500,3500,3500,3500,3500,3500,3500,3500,3500,0.6203689575195313,0.29352569580078125,0.3056182861328125,0.3038177490234375,0.484466552734375,0.39311981201171875,0.351318359375,0.35456085205078125,0.302520751953125,0.26406097412109375,0.26151275634765625,2.7785491943359375,8.200454711914063,0.26720428466796875,31.374534606933594,0.202178955078125,65.64158630371094,0.178802490234375,0.48451995849609375,3.0270767211914063,0,46504.807067871094,32853.54412841797,0,34088599552,2147483648,7958839296,0
200,1787752919573,3500,3500,3500,3500,3500,3500,3500,3500,3500,3500,3500,3500,3500,3500,3500,3500,3500,3500,3500,3500,0.6054000854492188,2.851409912109375,2.8571014404296875,0.357269287109375,0.384429931640625,2.9267501831054688,2.8730316162109375,0.39092254638671875,0.3089447021484375,0.34967803955078125,0.343536376953125,0.36125946044921875,11.717933654785156,0.33095550537109375,11.259918212890625,2.81646728515625,90.46601867675781,0.1912689208984375,0.37793731689453125,0.4084930419921875,0,46514.424377441406,32861.030517578125,0,34088599552,2147483648,7961227264,0
200,1787752919774,3500,3500,3500,3500,3500,3500,3500,3500,3500,3500,3500,3500,3500,3500,3500,3500,3500,3500,3500,3500,0.5659637451171875,0.308319091796875,0.3040313720703125,0.30747222900390625,0.30193328857421875,0.31844329833984375,0.37235260009765625,0.32672119140625,0.27236175537109375,0.2611846923828125,0.7668075561523438,0.2738037109375,8.414016723632813,2.7360153198242188,51.8071174621582,0.1963043212890625,28.64623260498047,2.7769622802734375,28.73296356201172,0.24283599853515625,0,46524.645751953125,32869.12030029297,0,34088599552,2147483648,7961767936,0
200,1787752919974,3500,3500,3500,3500,3500,3500,3500,3500,3500,3500,3500,3500,3500,3500,3500,3500,3500,3500,3500,3500,3.07354736328125,0.29907989501953125,0.2789306640625,2.8185577392578125,3.3956222534179688,0.32132720947265625,0.34307098388671875,0.319580078125,0.27593231201171875,2.75421142578125,0.33229827880859375,0.31822967529296875,4.131401062011719,0.23642730712890625,54.48519515991211,0.1774749755859375,19.918167114257813,0.31075286865234375,27.231246948242188,0.24176788330078125,0,46535.115478515625,32877.45886230469,0,34088599552,2147483648,7961767936,0
199,1787752920175,3500,3500,3500,3500,3500,3500,3500,3500,3500,3500,3500,3500,3500,3500,3500,3500,3500,3500,3500,3500,0.5780868530273438,0.3479461669921875,0.3047027587890625,0.27492523193359375,0.3560791015625,0.37213897705078125,0.341064453125,2.9419937133789063,2.7740097045898438,0.2982177734375,8.119712829589844,0.34580230712890625,13.612960815429688,0.26175689697265625,4.59619140625,0.21277618408203125,93.1406478881836,0.12538909912109375,0.4948883056640625,0.3036041259765625,0,46543.70654296875,32883.914489746094,0,34088599552,2147483648,7966564352,0
200,1787752920375,3500,3500,3500,3500,3500,3500,3500,3500,3500,3500,3500,3500,3500,3500,3500,3500,3500,3500,3500,3500,0.5644607543945313,0.3391265869140625,0.2937469482421875,0.3093414306640625,0.37680816650390625,0.4748077392578125,0.35986328125,0.46396636962890625,0.3264312744140625,0.2630157470703125,0.26271820068359375,2.7846298217773438,3.9632720947265625,0.26895904541015625,11.977333068847656,0.2490234375,90.54283142089844,0.148773193359375,1.2850418090820313,1.9552001953125,0,46552.34533691406,32890.4296875,0,34088599552,2147483648,7967399936,0
200,1787752920575,3500,3500,3500,3500,3500,3500,3500,3500,3500,3500,3500,3500,3500,3500,3500,3500,3500,3500,3500,3500,0.5711212158203125,2.8135528564453125,48.917449951171875,0.19448089599609375,0.27984619140625,2.8754196166992188,2.8177490234375,0.2676239013671875,0.28548431396484375,0.29067230224609375,0.36705780029296875,0.27655792236328125,23.760650634765625,0.22686004638671875,21.943153381347656,2.7331314086914063,32.198020935058594,0.22127532958984375,9.282707214355469,1.095245361328125,0,46563.13488769531,32899.07244873047,0,34088599552,2147483648,7973044224,0
200,1787752920775,3500,3500,3500,3500,3500,3500,3500,3500,3500,3500,3500,3500,3500,3500,3500,3500,3500,3500,3500,3500,0.677886962890625,0.3507843017578125,0.33919525146484375,0.37551116943359375,0.33869171142578125,0.4041900634765625,0.31551361083984375,0.32755279541015625,0.3546295166015625,0.3613739013671875,0.32755279541015625,0.27664947509765625,2.4306640625,2.835601806640625,16.210617065429688,0.2628173828125,87.95173645019531,2.7418365478515625,2.8843536376953125,0.3971405029296875,0,46572.420837402344,32906.23797607422,0,34088599552,2147483648,7973068800,0
200,1787752920976,3500,3500,3500,3500,3500,3500,3500,3500,3500,3500,3500,3500,3500,3500,3500,3500,3500,3500,3500,3500,2.9606781005859375,0.31757354736328125,0.25966644287109375,2.821563720703125,2.8401260375976563,0.24105072021484375,0.31816864013671875,0.20705413818359375,0.23291015625,2.8055877685546875,0.337738037109375,0.2452392578125,11.793098449707031,0.22946929931640625,26.676063537597656,0.202911376953125,68.32953643798828,0.1955718994140625,0.3323974609375,0.31996917724609375,0,46582.429626464844,32914.114196777344,0,34088599552,2147483648,7972913152,0
199,1787752921176,3500,3500,3500,3500,3500,3500,3500,3500,3500,3500,3500,3500,3500,3500,3500,3500,3500,3500,3500,3500,0.5273666381835938,0.27283477783203125,0.32276153564453125,0.3048553466796875,0.23622894287109375,0.31064605712890625,0.21363067626953125,2.8056716918945313,2.7787857055664063,0.233734130859375,2.8023300170898438,0.2538299560546875,13.860572814941406,0.2767791748046875,66.78952026367188,0.1428985595703125,33.06987762451172,0.20844268798828125,0.9206085205078125,0.23682403564453125,0,46590.92120361328,32920.483642578125,0,34088599552,2147483648,7970734080,0
200,1787752921376,3500,3500,3500,3500,3500,3500,3500,3500,3500,3500,3500,3500,3500,3500,3500,3500,3500,3500,3500,3500,0.5682220458984375,0.32054901123046875,0.2972564697265625,0.31980133056640625,0.2521209716796875,0.2914581298828125,0.36423492431640625,0.26651763916015625,0.342193603515625,0.28916168212890625,0.3045501708984375,2.8563461303710938,22.514450073242188,0.22742462158203125,65.2430648803711,0.16069793701171875,16.134506225585938,0.27725982666015625,0.31565093994140625,0.31870269775390625,0,46599.94696044922,32927.38488769531,0,34088599552,2147483648,7964258304,0
200,1787752921577,3500,3500,3500,3500,3500,3500,3500,3500,3500,3500,3500,3500,3500,3500,3500,3500,3500,3500,3500,3500,0.5627365112304688,2.832000732421875,3.086090087890625,0.272247314453125,0.22296905517578125,2.7800827026367188,2.78607177734375,0.25823211669921875,0.31253814697265625,0.26161956787109375,0.27463531494140625,0.29189300537109375,39.955265045166016,0.21474456787109375,15.757759094238281,2.7315139770507813,68.63359832763672,0.210205078125,1.8569793701171875,2.8141937255859375,0,46610.45031738281,32935.751892089844,0,34088599552,2147483648,7964061696,0
200,1787752921777,3500,3500,3500,3500,3500,3500,3500,3500,3500,3500,3500,3500,3500,3500,3500,3500,3500,3500,3500,3500,0.5427703857421875,0.27016448974609375,0.24694061279296875,0.293182373046875,0.2254638671875,0.2585296630859375,0.3177032470703125,0.2181243896484375,0.25463104248046875,0.27181243896484375,0.28244781494140625,0.24379730224609375,2.6777420043945313,2.8238601684570313,14.527389526367188,0.25263214111328125,91.50070190429688,2.6465835571289063,2.7657318115234375,0.3126068115234375,0,46619.786865234375,32942.956970214844,0,34088599552,2147483648,7964127232,0
200,1787752921978,3500,3500,3500,3500,3500,3500,3500,3500,3500,3500,3500,3500,3500,3500,3500,3500,3500,3500,3500,3500,3.0846328735351563,0.31626129150390625,0.3228912353515625,2.8884201049804688,2.7745590209960938,0.31107330322265625,0.258056640625,0.287384033203125,0.32843017578125,2.8201446533203125,1.198150634765625,0.24628448486328125,5.7788848876953125,0.25481414794921875,6.43280029296875,0.25037384033203125,39.07719039916992,0.3018951416015625,57.091800689697266,0.24997711181640625,0,46628.235107421875,32949.25604248047,0,34088599552,2147483648,7964004352,0
199,1787752922178,3500,3500,3500,3500,3500,3500,3500,3500,3500,3500,3500,3500,3500,3500,3500,3500,3500,3500,3500,3500,0.5684280395507813,0.3199920654296875,0.4081573486328125,0.44152069091796875,0.28827667236328125,0.29106903076171875,0.32488250732421875,2.8218612670898438,2.8095932006835938,0.31320953369140625,2.8325271606445313,0.24858856201171875,8.404243469238281,0.32094573974609375,12.873542785644531,0.24324798583984375,83.01663970947266,0.18610382080078125,5.022674560546875,0.3398895263671875,0,46636.83239746094,32955.74005126953,0,34088599552,2147483648,7964000256,0
200,1787752922378,3500,3500,3500,3500,3500,3500,3500,3500,3500,3500,3500,3500,3500,3500,3500,3500,3500,3500,3500,3500,0.5898284912109375,0.28041839599609375,0.39273834228515625,0.4227752685546875,0.23877716064453125,0.3196563720703125,0.2332305908203125,0.2352294921875,0.2881622314453125,0.295166015625,0.3809356689453125,2.7515945434570313,10.966438293457031,0.2727203369140625,17.086647033691406,0.21279144287109375,75.94110107421875,0.15410614013671875,0.34185028076171875,0.3533935546875,0,46644.091064453125,32960.877685546875,0,34088599552,2147483648,7963992064,0
200,1787752922579,3500,3500,3500,3500,3500,3500,3500,3500,3500,3500,3500,3500,3500,3500,3500,3500,3500,3500,3500,3500,0.497802734375,2.7252349853515625,2.8110198974609375,0.323883056640625,0.17452239990234375,2.6773757934570313,2.7170486450195313,0.23450469970703125,0.22362518310546875,0.1682281494140625,0.2591552734375,0.189239501953125,9.848075866699219,0.17931365966796875,60.525142669677734,2.6355514526367188,45.33439636230469,0.1364898681640625,0.29648590087890625,2.8578338623046875,0,46654.14453125,32968.79235839844,0,34088599552,2147483648,7963787264,0
200,1787752922779,3500,3500,3500,3500,3500,3500,3500,3500,3500,3500,3500,3500,3500,3500,3500,3500,3500,3500,3500,3500,2.2752761840820313,0.364044189453125,0.320587158203125,0.36014556884765625,0.2725372314453125,0.26434326171875,0.4051513671875,0.36069488525390625,0.31084442138671875,0.341766357421875,0.41434478759765625,0.2956085205078125,13.386886596679688,0.39331817626953125,10.758049011230469,0.25934600830078125,83.4532470703125,2.6992645263671875,2.9457778930664063,0.32852935791015625,0,46662.34387207031,32974.874755859375,0,34088599552,2147483648,7963852800,0
200,1787752922979,3500,3500,3500,3500,3500,3500,3500,3500,3500,3500,3500,3500,3500,3500,3500,3500,3500,3500,3500,3500,3.1350173950195313,0.38916778564453125,0.37464141845703125,2.8321304321289063,3.0081405639648438,0.5226821899414063,0.5334243774414063,0.43190765380859375,0.34682464599609375,2.8270339965820313,0.42990875244140625,0.35930633544921875,9.745681762695313,2.6507797241210938,3.0301055908203125,0.2528533935546875,0.9225387573242188,0.48024749755859375,92.58583068847656,0.19873046875,0,46671.912536621094,32982.324951171875,0,34088599552,2147483648,7963840512,0
199,1787752923179,3500,3500,3500,3500,3500,3500,3500,3500,3500,3500,3500,3500,3500,3500,3500,3500,3500,3500,3500,3500,0.47698974609375,0.266448974609375,0.25826263427734375,0.26285552978515625,0.4918670654296875,0.46829986572265625,0.4132843017578125,2.8994674682617188,0.2466278076171875,0.25347137451171875,4.9044647216796875,0.27733612060546875,19.365097045898438,0.20479583740234375,31.2041015625,0.2054443359375,49.837242126464844,0.1661529541015625,9.3134765625,0.24004364013671875,0,46679.732971191406,32988.01843261719,0,34088599552,2147483648,7963140096,0
200,1787752923379,3500,3500,3500,3500,3500,3500,3500,3500,3500,3500,3500,3500,3500,3500,3500,3500,3500,3500,3500,3500,0.5982131958007813,0.32411956787109375,0.33936309814453125,0.3272705078125,0.5062484741210938,0.49770355224609375,0.4078369140625,0.4114837646484375,2.8570709228515625,0.3450164794921875,0.40753936767578125,2.8706130981445313,5.4580841064453125,0.27329254150390625,25.765487670898438,0.2528533935546875,75.52130126953125,0.1915740966796875,0.36530303955078125,0.3207244873046875,0,46688.91729736328,32995.071044921875,0,34088599552,2147483648,7963082752,0
200,1787752923580,3500,3500,3500,3500,3500,3500,3500,3500,3500,3500,3500,3500,3500,3500,3500,3500,3500,3500,3500,3500,0.5133819580078125,2.8563003540039063,2.7612075805664063,0.27063751220703125,0.399505615234375,2.8996200561523438,2.897125244140625,0.3441925048828125,0.47400665283203125,0.3236541748046875,0.5892410278320313,0.32834625244140625,9.416275024414063,0.23285675048828125,11.677734375,2.7328262329101563,85.55770874023438,0.1314697265625,0.26029205322265625,2.809722900390625,0,46698.05017089844,33002.090087890625,0,34088599552,2147483648,7962869760,0
200,1787752923780,3500,3500,3500,3500,3500,3500,3500,3500,3500,3500,3500,3500,3500,3500,3500,3500,3500,3500,3500,3500,0.5828933715820313,0.36519622802734375,0.30108642578125,0.35355377197265625,0.30878448486328125,0.30004119873046875,0.38437652587890625,0.34685516357421875,0.518035888671875,0.37298583984375,0.40087127685546875,0.3784332275390625,2.6906585693359375,0.3342132568359375,35.93372344970703,0.24402618408203125,68.28231811523438,2.7217330932617188,2.9396820068359375,0.41461181640625,0,46706.0712890625,33007.99914550781,0,34088599552,2147483648,7962935296,0
199,1787752923980,3500,3500,3500,3500,3500,3500,3500,3500,3500,3500,3500,3500,3500,3500,3500,3500,3500,3500,3500,3500,3.0499343872070313,0.25618743896484375,0.2619781494140625,2.7735748291015625,2.8187026977539063,0.26258087158203125,0.20502471923828125,0.26177978515625,0.3306732177734375,2.8693695068359375,0.9686508178710938,0.288238525390625,27.120101928710938,2.785400390625,46.61932373046875,0.182708740234375,33.795745849609375,0.23902130126953125,0.4551239013671875,0.427215576171875,0,46714.535095214844,33014.34210205078,0,34088599552,2147483648,7962910720,0
199,1787752924180,3500,3500,3500,3500,3500,3500,3500,3500,3500,3500,3500,3500,3500,3500,3500,3500,3500,3500,3500,3500,0.6549148559570313,0.34815216064453125,36.88981628417969,0.22563934326171875,0.32715606689453125,0.2804718017578125,0.22983551025390625,2.7438278198242188,0.25267791748046875,0.299468994140625,1.3791580200195313,0.25463104248046875,19.782730102539063,0.17804718017578125,17.323471069335938,0.19434356689453125,42.50348663330078,0.22963714599609375,9.1773681640625,0.33055877685546875,0,46723.446838378906,33021.10516357422,0,34088599552,2147483648,7963238400,0
200,1787752924380,3500,3500,3500,3500,3500,3500,3500,3500,3500,3500,3500,3500,3500,3500,3500,3500,3500,3500,3500,3500,1.2762603759765625,0.31056976318359375,16.46772003173828,0.28882598876953125,0.27083587646484375,0.3275604248046875,0.223907470703125,0.24015045166015625,2.7681350708007813,0.2371978759765625,1.6292648315429688,2.8297119140625,16.37755584716797,0.24359893798828125,19.954849243164063,0.22275543212890625,68.82827758789063,0.1439361572265625,4.797630310058594,0.33376312255859375,0,46733.283630371094,33028.795959472656,0,34088599552,2147483648,7963369472,0
199,1787752924580,3500,3500,3500,3500,3500,3500,3500,3500,3500,3500,3500,3500,3500,3500,3500,3500,3500,3500,3500,3500,0.6014175415039063,2.8797073364257813,2.8671722412109375,0.32128143310546875,0.29247283935546875,2.78912353515625,2.83636474609375,0.316192626953125,0.32057952880859375,0.25292205810546875,0.3210296630859375,0.3802032470703125,36.396484375,0.2838287353515625,50.126285552978516,2.7509765625,19.992462158203125,0.2846832275390625,0.37441253662109375,2.868621826171875,0,46742.50213623047,33036.232849121094,0,34088599552,2147483648,7963369472,0
200,1787752924780,3500,3500,3500,3500,3500,3500,3500,3500,3500,3500,3500,3500,3500,3500,3500,3500,3500,3500,3500,3500,0.6027374267578125,0.28604888916015625,0.28220367431640625,0.37651824951171875,0.2190704345703125,0.30019378662109375,0.2696075439453125,0.31439208984375,0.222625732421875,0.2471160888671875,0.28694915771484375,0.28534698486328125,33.289398193359375,0.230072021484375,16.06635284423828,0.2134246826171875,55.98358917236328,2.7418441772460938,10.439964294433594,0.2734527587890625,0,46751.917236328125,33043.32458496094,0,34088599552,2147483648,7962763264,0
200,1787752924981,3500,3500,3500,3500,3500,3500,3500,3500,3500,3500,3500,3500,3500,3500,3500,3500,3500,3500,3500,3500,3.1895904541015625,0.34307861328125,0.38008880615234375,2.9324264526367188,2.838623046875,0.28948974609375,0.3017730712890625,0.3065185546875,0.2656097412109375,2.8239898681640625,0.36510467529296875,0.2564239501953125,16.39348602294922,2.7702484130859375,11.366531372070313,0.20098114013671875,81.227294921875,0.15088653564453125,0.3100128173828125,0.313507080078125,0,46760.849548339844,33050.029052734375,0,34088599552,2147483648,7962763264,0
200,1787752925181,3500,3500,3500,3500,3500,3500,3500,3500,3500,3500,3500,3500,3500,3500,3500,3500,3500,3500,3500,3500,0.57501220703125,0.277313232421875,0.5085067749023438,0.3233795166015625,0.338470458984375,0.2578277587890625,0.2241973876953125,2.6952743530273438,0.255828857421875,0.239288330078125,0.34311676025390625,0.21006011962890625,24.186492919921875,0.1883697509765625,20.252357482910156,0.17752838134765625,64.30976867675781,0.15369415283203125,0.29285430908203125,0.27576446533203125,0,46768.19836425781,33055.42907714844,0,34088599552,2147483648,7962755072,0
200,1787752925381,3500,3500,3500,3500,3500,3500,3500,3500,3500,3500,3500,3500,3500,3500,3500,3500,3500,3500,3500,3500,0.6074981689453125,0.39422607421875,0.4414215087890625,0.4547576904296875,0.32395172119140625,0.33014678955078125,0.322052001953125,0.359710693359375,2.9310455322265625,0.44896697998046875,2.9508285522460938,2.8792495727539063,4.053436279296875,0.34423065185546875,24.750015258789063,0.26616668701171875,75.36595153808594,0.21121978759765625,0.3217010498046875,0.3804931640625,0,46776.765625,33061.70556640625,0,34088599552,2147483648,7962755072,0
200,1787752925582,3500,3500,3500,3500,3500,3500,3500,3500,3500,3500,3500,3500,3500,3500,3500,3500,3500,3500,3500,3500,0.486907958984375,2.7997589111328125,2.8729248046875,0.373046875,0.26537322998046875,2.7052001953125,0.249267578125,0.1857757568359375,0.443817138671875,0.41678619384765625,0.45867919921875,0.3932952880859375,14.499526977539063,0.21405792236328125,20.088577270507813,2.7113876342773438,91.00379180908203,0.1038818359375,0.2684173583984375,2.7595596313476563,0,46785.177001953125,33067.95959472656,0,34088599552,2147483648,7965315072,0
200,1787752925782,3500,3500,3500,3500,3500,3500,3500,3500,3500,3500,3500,3500,3500,3500,3500,3500,3500,3500,3500,3500,0.6084442138671875,0.30292510986328125,0.5234756469726563,0.3709869384765625,0.7527999877929688,0.29674530029296875,2.8272476196289063,0.32671356201171875,0.5035781860351563,0.4336700439453125,0.5736846923828125,0.44474029541015625,2.8514862060546875,0.3143463134765625,25.958091735839844,0.23271942138671875,75.85896301269531,0.23036956787109375,2.980682373046875,0.29833984375,0,46793.30731201172,33073.97314453125,0,34088599552,2147483648,7965380608,0
199,1787752925983,3500,3500,3500,3500,3500,3500,3500,3500,3500,3500,3500,3500,3500,3500,3500,3500,3500,3500,3500,3500,3.0742111206054688,0.32155609130859375,0.3383636474609375,2.826141357421875,2.81890869140625,0.25305938720703125,0.2871856689453125,0.33586883544921875,0.3257904052734375,2.8784713745117188,0.6864547729492188,0.333526611328125,4.816917419433594,2.7966537475585938,27.46343994140625,0.2062225341796875,21.251266479492188,2.7689208984375,54.34229278564453,0.22078704833984375,0,46802.73791503906,33081.277770996094,0,34088599552,2147483648,7965380608,0
200,1787752926183,3500,3500,3500,3500,3500,3500,3500,3500,3500,3500,3500,3500,3500,3500,3500,3500,3500,3500,3500,3500,0.48554229736328125,0.26953887939453125,0.6464080810546875,0.271087646484375,0.2527923583984375,0.22570037841796875,0.234893798828125,2.7955703735351563,0.32367706298828125,0.27658843994140625,0.38836669921875,0.29763031005859375,14.591529846191406,0.2621917724609375,73.90069580078125,0.12812042236328125,14.081497192382813,0.261688232421875,17.452194213867188,0.2444915771484375,0,46810.45037841797,33086.86022949219,0,34088599552,2147483648,7965380608,0
199,1787752926383,3500,3500,3500,3500,3500,3500,3500,3500,3500,3500,3500,3500,3500,3500,3500,3500,3500,3500,3500,3500,0.5597305297851563,0.33115386962890625,0.32416534423828125,0.37709808349609375,0.31777191162109375,0.28136444091796875,0.32012176513671875,0.23247528076171875,2.8394699096679688,0.2900543212890625,2.9212722778320313,2.8217391967773438,2.57183837890625,0.2701263427734375,1.5430145263671875,0.31243133544921875,100,0.1400299072265625,0.37160491943359375,0.32940673828125,0,46819.48358154297,33093.77362060547,0,34088599552,2147483648,7963324416,0
199,1787752926583,3500,3500,3500,3500,3500,3500,3500,3500,3500,3500,3500,3500,3500,3500,3500,3500,3500,3500,3500,3500,0.597259521484375,2.8120956420898438,2.8620834350585938,0.34452056884765625,0.29453277587890625,2.7930450439453125,0.2734375,0.25974273681640625,0.32517242431640625,0.346221923828125,0.2386932373046875,0.2700347900390625,2.9140167236328125,0.2674407958984375,18.89398956298828,2.7637557983398438,84.96965789794922,0.16526031494140625,0.28553009033203125,2.828887939453125,0,46828.090759277344,33100.25939941406,0,34088599552,2147483648,7963021312,0
200,1787752926783,3500,3500,3500,3500,3500,3500,3500,3500,3500,3500,3500,3500,3500,3500,3500,3500,3500,3500,3500,3500,2.2340469360351563,0.3111419677734375,0.28229522705078125,0.29874420166015625,0.30339813232421875,0.25185394287109375,2.8311386108398438,0.317291259765625,0.245452880859375,0.31104278564453125,0.323944091796875,0.3375396728515625,2.5987319946289063,0.365386962890625,4.080863952636719,0.2126617431640625,100,0.12497711181640625,2.65802001953125,0.319488525390625,0,46837.479736328125,33107.526611328125,0,34088599552,2147483648,7963086848,0
199,1787752926983,3500,3500,3500,3500,3500,3500,3500,3500,3500,3500,3500,3500,3500,3500,3500,3500,3500,3500,3500,3500,3.1086807250976563,0.2705841064453125,0.2793121337890625,2.816009521484375,2.8084259033203125,0.29926300048828125,0.25287628173828125,0.24839019775390625,0.3415069580078125,2.8899765014648438,0.3492889404296875,0.26235198974609375,22.43183135986328,2.753662109375,3.048431396484375,0.223602294921875,55.17962646484375,2.6976470947265625,29.414466857910156,0.28739166259765625,0,46846.857360839844,33114.774841308594,0,34088599552,2147483648,7963021312,0
200,1787752927183,3500,3500,3500,3500,3500,3500,3500,3500,3500,3500,3500,3500,3500,3500,3500,3500,3500,3500,3500,3500,0.47231292724609375,0.35184478759765625,0.29566192626953125,0.2948150634765625,0.30036163330078125,0.2270355224609375,0.25487518310546875,2.7971725463867188,0.493804931640625,0.5124969482421875,0.8868865966796875,0.48285675048828125,12.035942077636719,0.24578094482421875,5.313880920410156,0.23293304443359375,91.8560562133789,0.13720703125,0.6109695434570313,0.2952117919921875,0,46854.79724121094,33120.58544921875,0,34088599552,2147483648,7962972160,0
200,1787752927384,3500,3500,3500,3500,3500,3500,3500,3500,3500,3500,3500,3500,3500,3500,3500,3500,3500,3500,3500,3500,0.5782318115234375,0.3096771240234375,0.31047821044921875,0.26476287841796875,0.379852294921875,0.22344207763671875,0.31432342529296875,0.1885528564453125,2.94293212890625,0.4456787109375,2.9361419677734375,1.0829544067382813,4.604621887207031,0.246795654296875,16.987167358398438,0.22054290771484375,83.69766998291016,0.15801239013671875,0.25518035888671875,0.3181610107421875,0,46862.786193847656,33126.46276855469,0,34088599552,2147483648,7962918912,0
200,1787752927584,3500,3500,3500,3500,3500,3500,3500,3500,3500,3500,3500,3500,3500,3500,3500,3500,3500,3500,3500,3500,0.5761642456054688,2.8498916625976563,0.5291519165039063,0.40169525146484375,0.29315185546875,2.7499771118164063,0.314910888671875,0.2605133056640625,0.3690032958984375,0.37249755859375,0.39615631103515625,2.328369140625,8.654975891113281,0.27812957763671875,12.148811340332031,2.7592620849609375,87.28126525878906,0.12931060791015625,0.2989349365234375,2.84075927734375,0,46871.546142578125,33133.0947265625,0,34088599552,2147483648,7962804224,0
200,1787752927785,3500,3500,3500,3500,3500,3500,3500,3500,3500,3500,3500,3500,3500,3500,3500,3500,3500,3500,3500,3500,0.6037216186523438,0.3639068603515625,10.050384521484375,0.4576416015625,0.36325836181640625,0.40155029296875,2.8946609497070313,0.33045196533203125,0.45778656005859375,0.41301727294921875,0.40259552001953125,0.5477828979492188,62.69782638549805,0.250885009765625,42.81803512573242,0.27136993408203125,28.43585205078125,0.35503387451171875,11.233695983886719,0.3381805419921875,0,46884.232360839844,33143.636474609375,0,34088599552,2147483648,7968239616,0
200,1787752927985,3500,3500,3500,3500,3500,3500,3500,3500,3500,3500,3500,3500,3500,3500,3500,3500,3500,3500,3500,3500,3.0871734619140625,0.3555145263671875,0.29747772216796875,2.8769760131835938,2.7790679931640625,0.32442474365234375,0.32098388671875,0.28015899658203125,0.35651397705078125,2.867095947265625,0.8487701416015625,0.364898681640625,33.744659423828125,2.7554092407226563,70.61517333984375,0.18090057373046875,3.2677764892578125,2.8823623657226563,2.859710693359375,0.34378814697265625,0,46892.310791015625,33149.59460449219,0,34088599552,2147483648,7968227328,0
200,1787752928186,3500,3500,3500,3500,3500,3500,3500,3500,3500,3500,3500,3500,3500,3500,3500,3500,3500,3500,3500,3500,0.5458755493164063,0.26787567138671875,0.24303436279296875,0.2618865966796875,0.14014434814453125,0.29366302490234375,0.2549591064453125,2.8058319091796875,0.22946929931640625,0.29236602783203125,1.1641159057617188,0.17246246337890625,17.97844696044922,0.1823883056640625,11.06317138671875,0.1754608154296875,77.65780639648438,0.13416290283203125,0.4098663330078125,0.25435638427734375,0,46900.65167236328,33155.79833984375,0,34088599552,2147483648,7968223232,0
200,1787752928386,3500,3500,3500,3500,3500,3500,3500,3500,3500,3500,3500,3500,3500,3500,3500,3500,3500,3500,3500,3500,0.5634994506835938,0.329925537109375,0.32778167724609375,0.29215240478515625,0.29125213623046875,0.21575927734375,0.25872039794921875,0.2822265625,2.8294296264648438,0.2515869140625,2.8210906982421875,0.24131011962890625,9.8372802734375,0.2820281982421875,4.5707244873046875,0.23632049560546875,39.109397888183594,0.189117431640625,55.195472717285156,0.21710968017578125,0,46909.1875,33162.19989013672,0,34088599552,2147483648,7968223232,0
200,1787752928587,3500,3500,3500,3500,3500,3500,3500,3500,3500,3500,3500,3500,3500,3500,3500,3500,3500,3500,3500,3500,0.5336456298828125,2.8609085083007813,0.3650054931640625,0.3389739990234375,0.33029937744140625,2.8112869262695313,0.32506561279296875,0.3460540771484375,0.31244659423828125,0.31778717041015625,0.36510467529296875,2.8325347900390625,9.075675964355469,0.3413238525390625,4.3046722412109375,2.8103408813476563,59.47101974487305,0.24488067626953125,34.387908935546875,2.7973251342773438,0,46919.5537109375,33170.43817138672,0,34088599552,2147483648,7968059392,0
200,1787752928787,3500,3500,3500,3500,3500,3500,3500,3500,3500,3500,3500,3500,3500,3500,3500,3500,3500,3500,3500,3500,0.5278854370117188,0.32967376708984375,2.8645553588867188,0.30805206298828125,0.2590789794921875,0.34325408935546875,2.8035964965820313,0.27325439453125,0.20175933837890625,0.2925262451171875,0.359832763671875,0.31484222412109375,3.3589935302734375,0.27809906005859375,1.9110336303710938,0.237060546875,100,0.126617431640625,0.33386993408203125,0.30875396728515625,0,46929.67077636719,33178.45715332031,0,34088599552,2147483648,7968186368,0
200,1787752928987,3500,3500,3500,3500,3500,3500,3500,3500,3500,3500,3500,3500,3500,3500,3500,3500,3500,3500,3500,3500,3.071044921875,0.26462554931640625,0.26851654052734375,2.7903976440429688,2.7614059448242188,0.22240447998046875,0.26227569580078125,0.3267974853515625,0.2688140869140625,2.7856063842773438,0.242919921875,0.2349853515625,2.4526748657226563,2.8065185546875,9.292068481445313,0.1944122314453125,94.77095031738281,2.6314697265625,2.7766265869140625,0.277496337890625,0,46939.79748535156,33186.4541015625,0,34088599552,2147483648,7968186368,0
200,1787752929188,3500,3500,3500,3500,3500,3500,3500,3500,3500,3500,3500,3500,3500,3500,3500,3500,3500,3500,3500,3500,2.447357177734375,0.340057373046875,2.5925521850585938,0.28730010986328125,0.293487548828125,0.265533447265625,0.24002838134765625,2.6932296752929688,0.25675201416015625,0.33686065673828125,1.135009765625,0.25345611572265625,45.61768341064453,0.20778656005859375,31.78148651123047,0.1968536376953125,36.8032341003418,0.2252044677734375,24.984451293945313,0.2376861572265625,0,46949.28454589844,33193.75518798828,0,34088599552,2147483648,7968309248,0
200,1787752929388,3500,3500,3500,3500,3500,3500,3500,3500,3500,3500,3500,3500,3500,3500,3500,3500,3500,3500,3500,3500,0.5942535400390625,0.3113555908203125,0.41353607177734375,0.41439056396484375,0.37615203857421875,0.4233245849609375,0.32413482666015625,0.30261993408203125,2.791839599609375,0.24954986572265625,2.8582839965820313,0.32543182373046875,4.898124694824219,0.2961273193359375,1.7342300415039063,0.28289794921875,0.37265777587890625,0.3277740478515625,100,0.14566802978515625,0,46959.45635986328,33201.811767578125,0,34088599552,2147483648,7968309248,0
200,1787752929588,3500,3500,3500,3500,3500,3500,3500,3500,3500,3500,3500,3500,3500,3500,3500,3500,3500,3500,3500,3500,0.5076828002929688,2.7661895751953125,0.32201385498046875,0.32456207275390625,0.25916290283203125,2.8475265502929688,0.2337799072265625,0.21439361572265625,0.17417144775390625,0.1518402099609375,0.18071746826171875,2.754791259765625,13.095268249511719,0.15848541259765625,4.44891357421875,2.7043838500976563,52.23891830444336,0.150390625,39.55155563354492,2.65191650390625,0,46968.87030029297,33209.10400390625,0,34088599552,2147483648,7968276480,0
200,1787752929789,3500,3500,3500,3500,3500,3500,3500,3500,3500,3500,3500,3500,3500,3500,3500,3500,3500,3500,3500,3500,0.6418838500976563,0.35335540771484375,2.9870986938476563,0.4490966796875,0.40247344970703125,0.32378387451171875,2.7852401733398438,0.3512115478515625,0.264190673828125,0.34572601318359375,0.442962646484375,0.3195953369140625,24.915138244628906,0.3015899658203125,2.803497314453125,0.3704071044921875,77.17431640625,0.23188018798828125,0.3629302978515625,0.36432647705078125,0,46977.20831298828,33215.36901855469,0,34088599552,2147483648,7968407552,0
200,1787752929989,3500,3500,3500,3500,3500,3500,3500,3500,3500,3500,3500,3500,3500,3500,3500,3500,3500,3500,3500,3500,3.2877349853515625,0.3156585693359375,0.5908432006835938,2.9439849853515625,2.8040695190429688,0.2652587890625,0.2582244873046875,0.2774810791015625,0.2517852783203125,2.8105545043945313,0.5585556030273438,0.19335174560546875,14.968559265136719,2.7798690795898438,50.56606674194336,0.18906402587890625,7.477119445800781,2.8332595825195313,2.9905853271484375,0.2937469482421875,0,46985.14025878906,33221.408752441406,0,34088599552,2147483648,7967854592,0
199,1787752930189,3500,3500,3500,3500,3500,3500,3500,3500,3500,3500,3500,3500,3500,3500,3500,3500,3500,3500,3500,3500,0.8036956787109375,0.33620452880859375,0.27182769775390625,0.31792449951171875,0.42134857177734375,0.20525360107421875,0.2501068115234375,2.7876434326171875,0.2695770263671875,0.3376007080078125,1.3051071166992188,0.29340362548828125,12.530548095703125,0.2202911376953125,92.65245819091797,0.14003753662109375,2.8248062133789063,0.23232269287109375,0.29045867919921875,0.2838134765625,0,46993.462646484375,33227.537841796875,0,34088599552,2147483648,7967813632,0
200,1787752930389,3500,3500,3500,3500,3500,3500,3500,3500,3500,3500,3500,3500,3500,3500,3500,3500,3500,3500,3500,3500,0.5293502807617188,0.3505859375,0.32135009765625,0.32869720458984375,0.2899169921875,0.27622222900390625,0.26157379150390625,0.3231964111328125,2.806427001953125,0.25682830810546875,2.8216171264648438,0.30020904541015625,20.84002685546875,0.2763671875,84.88147735595703,0.1539764404296875,0.35538482666015625,0.3473358154296875,0.30150604248046875,0.3538818359375,0,47003.35900878906,33235.068298339844,0,34088599552,2147483648,7967813632,0
205,1787752930590,3500,3500,3500,3500,3500,3500,3500,3500,3500,3500,3500,3500,3500,3500,3500,3500,3500,3500,3500,3500,0.5249099731445313,2.8349838256835938,0.3348846435546875,0.270416259765625,0.22550201416015625,2.8476104736328125,0.2172698974609375,0.343170166015625,0.23992156982421875,0.280792236328125,0.280242919921875,2.7788467407226563,39.361324310302734,0.18099212646484375,37.42900466918945,2.7114791870117188,19.669036865234375,0.2299957275390625,15.917869567871094,2.8362350463867188,0,47012.79162597656,33242.373962402344,0,34088599552,2147483648,7967711232,0
200,1787752930796,3500,3500,3500,3500,3500,3500,3500,3500,3500,3500,3500,3500,3500,3500,3500,3500,3500,3500,3500,3500,1.8165512084960938,0,5.358268737792969,0,0,0,2.0561065673828125,0,0,0,0,0,18.02783203125,0,31.69738006591797,0,7.387626647949219,0,3.040252685546875,0,0,47021.6123046875,33248.90466308594,0,34088599552,2147483648,7967703040,0
200,1787752930996,3500,3500,3500,3500,3500,3500,3500,3500,3500,3500,3500,3500,3500,3500,3500,3500,3500,3500,3500,3500,4.0051422119140625,1.049468994140625,2.6018142700195313,3.595123291015625,3.733734130859375,1.1609878540039063,1.2261199951171875,1.113311767578125,1.2082672119140625,3.6167526245117188,1.21124267578125,1.1060714721679688,13.845870971679688,3.4944686889648438,9.236747741699219,0.9525299072265625,6.35345458984375,3.5397109985351563,5.096275329589844,1.1307754516601563,0,47029.44696044922,33254.669189453125,0,34088599552,2147483648,7967703040,0
200,1787752931196,3500,3500,3500,3500,3500,3500,3500,3500,3500,3500,3500,3500,3500,3500,3500,3500,3500,3500,3500,3500,0.9288330078125,0.287567138671875,0.26107025146484375,0.2652130126953125,0.444580078125,0.33632659912109375,0.44412994384765625,2.8644561767578125,0.24434661865234375,0.28137969970703125,1.4571609497070313,0.26935577392578125,18.179725646972656,0.228179931640625,8.590682983398438,0.20587158203125,4.246856689453125,0.2019805908203125,0.28133392333984375,0.3102264404296875,0,47037.14929199219,33260.35821533203,0,34088599552,2147483648,7967768576,0
199,1787752931397,3500,3500,3500,3500,3500,3500,3500,3500,3500,3500,3500,3500,3500,3500,3500,3500,3500,3500,3500,3500,0.6605987548828125,0.0707550048828125,0.10923004150390625,0.1087799072265625,0.30896759033203125,0.27518463134765625,0.32593536376953125,0.2253875732421875,2.5605087280273438,0.07843780517578125,2.5952377319335938,0.05767822265625,19.243492126464844,0.09465789794921875,3.899261474609375,0.09760284423828125,0.16351318359375,0.18187713623046875,0.20957183837890625,0.21196746826171875,0,47044.60321044922,33265.87072753906,0,34088599552,2147483648,7960395776,0
200,1787752931597,3500,3500,3500,3500,3500,3500,3500,3500,3500,3500,3500,3500,3500,3500,3500,3500,3500,3500,3500,3500,1.13360595703125,2.99884033203125,0.5804901123046875,0.54010009765625,0.6626129150390625,3.160888671875,0.7088394165039063,0.5830841064453125,0.5295791625976563,0.472991943359375,0.5278396606445313,3.0268096923828125,19.81629180908203,0.491485595703125,7.768775939941406,3.0739822387695313,1.2089004516601563,0.5055007934570313,0.6206817626953125,3.1735076904296875,0,47052.522521972656,33271.54357910156,0,34088599552,2147483648,7960145920,0
200,1787752931797,3500,3500,3500,3500,3500,3500,3500,3500,3500,3500,3500,3500,3500,3500,3500,3500,3500,3500,3500,3500,1.013946533203125,0.2307891845703125,2.8359756469726563,0.3207855224609375,0.26854705810546875,0.3407135009765625,2.884918212890625,0.28153228759765625,0.25136566162109375,0.280731201171875,2.7641067504882813,0.231689453125,16.812728881835938,0.28353118896484375,2.2230682373046875,0.2626495361328125,0.927398681640625,0.295562744140625,0.527252197265625,0.31249237060546875,0,47059.439514160156,33276.119689941406,0,34088599552,2147483648,7960264704,0
200,1787752931998,3500,3500,3500,3500,3500,3500,3500,3500,3500,3500,3500,3500,3500,3500,3500,3500,3500,3500,3500,3500,3.3627090454101563,0.33519744873046875,1.0851593017578125,2.8519439697265625,2.830718994140625,0.41651153564453125,0.28839874267578125,0.29608917236328125,0.3506317138671875,2.8310165405273438,0.24369049072265625,0.3307037353515625,17.350509643554688,2.7930526733398438,8.54779052734375,0.2402496337890625,10.016693115234375,2.8540420532226563,8.327323913574219,0.28045654296875,0,47067.28625488281,33281.822021484375,0,34088599552,2147483648,7960338432,0
200,1787752932198,3500,3500,3500,3500,3500,3500,3500,3500,3500,3500,3500,3500,3500,3500,3500,3500,3500,3500,3500,3500,0.9900970458984375,0.272247314453125,0.9745712280273438,0.291473388671875,0.35323333740234375,0.41489410400390625,0.3149871826171875,2.8643035888671875,0.23395538330078125,0.19077301025390625,0.4003143310546875,0.30789947509765625,16.85828399658203,0.23815155029296875,4.806854248046875,0.24798583984375,1.063140869140625,0.32627105712890625,0.6932830810546875,0.34299468994140625,0,47075.04266357422,33287.43359375,0,34088599552,2147483648,7960313856,0
200,1787752932398,3500,3500,3500,3500,3500,3500,3500,3500,3500,3500,3500,3500,3500,3500,3500,3500,3500,3500,3500,3500,0.8590316772460938,0.24600982666015625,0.3775482177734375,0.34405517578125,0.33556365966796875,0.30576324462890625,0.27606201171875,0.2242431640625,2.7539215087890625,0.2834014892578125,2.8725814819335938,0.269622802734375,18.250869750976563,0.285797119140625,3.0600357055664063,0.3330230712890625,0.7264480590820313,0.28045654296875,0.2848968505859375,0.32488250732421875,0,47081.94073486328,33292.21502685547,0,34088599552,2147483648,7960317952,0
200,1787752932598,3500,3500,3500,3500,3500,3500,3500,3500,3500,3500,3500,3500,3500,3500,3500,3500,3500,3500,3500,3500,0.7070541381835938,2.8019256591796875,0.34515380859375,0.328521728515625,0.28385162353515625,2.7834930419921875,0.2561187744140625,0.27201080322265625,0.4131622314453125,0.36174774169921875,0.3098297119140625,2.868377685546875,11.686172485351563,0.24857330322265625,7.365364074707031,2.7633514404296875,0.61541748046875,0.32172393798828125,0.3014373779296875,2.89801025390625,0,47090.206970214844,33298.34777832031,0,34088599552,2147483648,7960313856,0
200,1787752932799,3500,3500,3500,3500,3500,3500,3500,3500,3500,3500,3500,3500,3500,3500,3500,3500,3500,3500,3500,3500,1.0771942138671875,0.23729705810546875,2.9196319580078125,0.40807342529296875,0.43148040771484375,0.40917205810546875,2.9150466918945313,0.42079925537109375,0.35182952880859375,0.3287200927734375,0.3324127197265625,0.3600616455078125,15.658851623535156,0.256561279296875,3.5624618530273438,0.2670440673828125,0.32123565673828125,0.339599609375,0.39809417724609375,0.33725738525390625,0,47098.000915527344,33304.01062011719,0,34088599552,2147483648,7960301568,0
200,1787752932999,3500,3500,3500,3500,3500,3500,3500,3500,3500,3500,3500,3500,3500,3500,3500,3500,3500,3500,3500,3500,3.2707748413085938,0.27242279052734375,0.35295867919921875,2.8834915161132813,2.975616455078125,0.3553009033203125,0.36139678955078125,0.4172515869140625,0.22846221923828125,2.356231689453125,0.25963592529296875,0.30464935302734375,15.568313598632813,2.772491455078125,6.597496032714844,0.18839263916015625,3.1002120971679688,2.8106536865234375,2.81060791015625,0.2741241455078125,0,47106.582946777344,33310.457275390625,0,34088599552,2147483648,7960301568,0
200,1787752933199,3500,3500,3500,3500,3500,3500,3500,3500,3500,3500,3500,3500,3500,3500,3500,3500,3500,3500,3500,3500,1.0373687744140625,0.2002716064453125,0.28357696533203125,0.28632354736328125,0.24017333984375,0.2223968505859375,0.25311279296875,2.80426025390625,0.26879119873046875,0.6797256469726563,0.48400115966796875,0.27828216552734375,19.049423217773438,0.19487762451171875,3.7185211181640625,0.19837188720703125,0.28192901611328125,0.2774810791015625,0.28667449951171875,0.27133941650390625,0,47113.158447265625,33314.91455078125,0,34088599552,2147483648,7960276992,0
200,1787752933399,3500,3500,3500,3500,3500,3500,3500,3500,3500,3500,3500,3500,3500,3500,3500,3500,3500,3500,3500,3500,0.7235794067382813,0.7819747924804688,0.335540771484375,0.3238983154296875,0.2600555419921875,0.31136322021484375,0.30007171630859375,0.3676605224609375,2.8392562866210938,0.3508758544921875,2.8894119262695313,0.3399810791015625,8.943077087402344,6.9665679931640625,3.1200942993164063,0.2567596435546875,1.3094329833984375,0.3042144775390625,0.31885528564453125,0.30901336669921875,0,47120.29364013672,33319.926208496094,0,34088599552,2147483648,7960330240,0
200,1787752933600,3500,3500,3500,3500,3500,3500,3500,3500,3500,3500,3500,3500,3500,3500,3500,3500,3500,3500,3500,3500,0.5807037353515625,4.2506103515625,0.28258514404296875,0.2933197021484375,0.24999237060546875,2.7715225219726563,0.25847625732421875,0.23691558837890625,0.19358062744140625,0.2826385498046875,0.21944427490234375,2.8312225341796875,0.19742584228515625,15.910812377929688,7.018585205078125,2.72344970703125,0.28847503662109375,0.29502105712890625,0.27425384521484375,2.7778091430664063,0,47127.831115722656,33325.324462890625,0,34088599552,2147483648,7962099712,0
200,1787752933800,3500,3500,3500,3500,3500,3500,3500,3500,3500,3500,3500,3500,3500,3500,3500,3500,3500,3500,3500,3500,0.7084274291992188,1.6685714721679688,2.8771820068359375,0.3933868408203125,0.37592315673828125,0.324920654296875,2.8523330688476563,0.31299591064453125,0.37702178955078125,0.3431854248046875,0.27816009521484375,0.3114471435546875,0.32042694091796875,16.947425842285156,5.697380065917969,0.30889892578125,0.341888427734375,0.33544921875,0.3433837890625,0.31763458251953125,0,47134.67742919922,33330.048095703125,0,34088599552,2147483648,7963480064,0
200,1787752934000,3500,3500,3500,3500,3500,3500,3500,3500,3500,3500,3500,3500,3500,3500,3500,3500,3500,3500,3500,3500,3.1933059692382813,1.30413818359375,0.31171417236328125,2.8831863403320313,2.7472763061523438,0.289794921875,0.30472564697265625,0.28710174560546875,0.26732635498046875,0.3625946044921875,0.3092193603515625,0.2628326416015625,0.307769775390625,14.958641052246094,2.7195205688476563,0.2455596923828125,4.107337951660156,2.806396484375,3.0265884399414063,0.28200531005859375,0,47142.834411621094,33336.068359375,0,34088599552,2147483648,7964594176,0
200,1787752934201,3500,3500,3500,3500,3500,3500,3500,3500,3500,3500,3500,3500,3500,3500,3500,3500,3500,3500,3500,3500,0.7544479370117188,1.3887405395507813,1.4405517578125,0.3062591552734375,0.28687286376953125,0.2445526123046875,0.25824737548828125,1.6106185913085938,0.26019287109375,2.8131103515625,0.30605316162109375,0.3279876708984375,0.23406219482421875,20.684326171875,13.74835205078125,0.26513671875,7.008918762207031,0.23480987548828125,1.9104766845703125,0.259490966796875,0,47150.97625732422,33342.048095703125,0,34088599552,2147483648,7965315072,0
200,1787752934401,3500,3500,3500,3500,3500,3500,3500,3500,3500,3500,3500,3500,3500,3500,3500,3500,3500,3500,3500,3500,0.640716552734375,1.3658294677734375,0.32915496826171875,0.36263275146484375,0.3213043212890625,0.294525146484375,0.327850341796875,1.4206924438476563,2.8347396850585938,0.31151580810546875,2.9104995727539063,0.34429168701171875,2.8043594360351563,12.68951416015625,2.7187652587890625,0.2872772216796875,2.125518798828125,0.32395172119140625,0.36353302001953125,0.32535552978515625,0,47158.533630371094,33347.47686767578,0,34088599552,2147483648,7965315072,0
200,1787752934601,3500,3500,3500,3500,3500,3500,3500,3500,3500,3500,3500,3500,3500,3500,3500,3500,3500,3500,3500,3500,0.548980712890625,1.5627670288085938,0.24987030029296875,0.305694580078125,0.256500244140625,2.7909469604492188,0.28948211669921875,0.20131683349609375,0.2030181884765625,0.29636383056640625,0.2470703125,2.7939910888671875,0.212646484375,14.462982177734375,4.555076599121094,2.879852294921875,0.32989501953125,0.2541046142578125,0.2919769287109375,2.8116989135742188,0,47165.46759033203,33352.3046875,0,34088599552,2147483648,7965315072,0
200,1787752934801,3500,3500,3500,3500,3500,3500,3500,3500,3500,3500,3500,3500,3500,3500,3500,3500,3500,3500,3500,3500,2.32904052734375,4.16839599609375,2.820159912109375,0.3271331787109375,0.24958038330078125,0.320343017578125,2.8026351928710938,0.23780059814453125,0.30435943603515625,0.30855560302734375,0.26876068115234375,0.24808502197265625,0.23065948486328125,14.832481384277344,4.186576843261719,0.2153778076171875,0.3203887939453125,0.30950927734375,0.31005859375,0.31220245361328125,0,47174.00030517578,33358.697814941406,0,34088599552,2147483648,7965286400,0
199,1787752935002,3500,3500,3500,3500,3500,3500,3500,3500,3500,3500,3500,3500,3500,3500,3500,3500,3500,3500,3500,3500,3.1196746826171875,1.3579483032226563,0.47057342529296875,2.777099609375,2.743255615234375,0.277069091796875,0.25121307373046875,0.20104217529296875,0.24886322021484375,0.24941253662109375,0.22695159912109375,0.24432373046875,0.18950653076171875,18.946678161621094,6.614463806152344,0.31311798095703125,6.8159027099609375,2.7636260986328125,2.9557266235351563,0.2494659423828125,0,47181.26123046875,33363.81774902344,0,34088599552,2147483648,7965184000,0
200,1787752935202,3500,3500,3500,3500,3500,3500,3500,3500,3500,3500,3500,3500,3500,3500,3500,3500,3500,3500,3500,3500,0.7567977905273438,1.9305801391601563,0.27715301513671875,0.35216522216796875,0.277252197265625,0.33142852783203125,0.3559112548828125,0.28804779052734375,0.31642913818359375,2.9200057983398438,0.33332061767578125,0.34091949462890625,0.27370452880859375,20.0142822265625,8.197074890136719,0.32018280029296875,0.354461669921875,0.34836578369140625,0.3008880615234375,0.34436798095703125,0,47189.67120361328,33370.10577392578,0,34088599552,2147483648,7965511680,0
200,1787752935402,3500,3500,3500,3500,3500,3500,3500,3500,3500,3500,3500,3500,3500,3500,3500,3500,3500,3500,3500,3500,0.6932830810546875,1.4338150024414063,0.46137237548828125,0.327056884765625,0.3079986572265625,0.34442138671875,0.3427734375,2.8296585083007813,2.881103515625,0.25421142578125,2.7844085693359375,0.29427337646484375,2.798675537109375,12.4447021484375,6.063713073730469,0.28275299072265625,3.505126953125,0.29058837890625,1.4846572875976563,0.47724151611328125,0,47197.97424316406,33376.27325439453,0,34088599552,2147483648,7965282304,0
200,1787752935603,3500,3500,3500,3500,3500,3500,3500,3500,3500,3500,3500,3500,3500,3500,3500,3500,3500,3500,3500,3500,0.5301971435546875,1.57879638671875,0.23171234130859375,0.219329833984375,0.199951171875,2.7963409423828125,0.2149810791015625,0.17768096923828125,0.20464324951171875,0.2140350341796875,0.27506256103515625,2.7246780395507813,0.1393280029296875,13.830543518066406,5.986541748046875,0.414886474609375,0.4930419921875,0.24504852294921875,0.43196868896484375,2.9270782470703125,0,47205.242736816406,33381.38360595703,0,34088599552,2147483648,7965278208,0
200,1787752935803,3500,3500,3500,3500,3500,3500,3500,3500,3500,3500,3500,3500,3500,3500,3500,3500,3500,3500,3500,3500,0.6136627197265625,4.179695129394531,3.2943954467773438,0.8246307373046875,0.7360000610351563,0.7650604248046875,3.3908538818359375,0.747711181640625,0.85150146484375,0.7533493041992188,0.852203369140625,0.7294158935546875,0.3280181884765625,13.797271728515625,2.41168212890625,2.6418991088867188,0.7963714599609375,0.8165054321289063,0.866058349609375,0.8404388427734375,0,47212.88635253906,33386.944763183594,0,34088599552,2147483648,7965294592,0
200,1787752936003,3500,3500,3500,3500,3500,3500,3500,3500,3500,3500,3500,3500,3500,3500,3500,3500,3500,3500,3500,3500,3.0268783569335938,1.2671356201171875,0.224395751953125,2.7490463256835938,2.79150390625,0.246551513671875,0.2400665283203125,0.22190093994140625,0.28387451171875,0.23058319091796875,0.1530914306640625,0.1800384521484375,0.18202972412109375,15.666732788085938,3.2646026611328125,0.1802825927734375,4.103355407714844,2.8038330078125,2.7594223022460938,0.22489166259765625,0,47221.279235839844,33393.190979003906,0,34088599552,2147483648,7965278208,0
200,1787752936204,3500,3500,3500,3500,3500,3500,3500,3500,3500,3500,3500,3500,3500,3500,3500,3500,3500,3500,3500,3500,0.61444091796875,1.1964569091796875,0.38871002197265625,0.35758209228515625,0.42578125,0.30821990966796875,0.4073944091796875,0.345794677734375,0.35883331298828125,2.8642654418945313,0.35943603515625,0.437774658203125,0.28868865966796875,19.91283416748047,10.939712524414063,0.36392974853515625,9.102127075195313,0.4019012451171875,2.2616195678710938,0.36103057861328125,0,47230.42370605469,33400.20812988281,0,34088599552,2147483648,7965544448,0
200,1787752936404,3500,3500,3500,3500,3500,3500,3500,3500,3500,3500,3500,3500,3500,3500,3500,3500,3500,3500,3500,3500,0.5583648681640625,1.6374740600585938,0.3028106689453125,0.32926177978515625,0.2865447998046875,0.22735595703125,0.30126953125,2.8782196044921875,2.8196334838867188,0.2721710205078125,2.8460311889648438,0.25341033935546875,2.778717041015625,13.152603149414063,3.2095794677734375,0.2768096923828125,0.32187652587890625,0.32616424560546875,0.32671356201171875,0.3273162841796875,0,47237.34704589844,33405.01452636719,0,34088599552,2147483648,7965540352,0
200,1787752936604,3500,3500,3500,3500,3500,3500,3500,3500,3500,3500,3500,3500,3500,3500,3500,3500,3500,3500,3500,3500,0.62603759765625,1.5770111083984375,0.280548095703125,0.3048858642578125,0.288482666015625,2.5549240112304688,0.30828094482421875,0.27695465087890625,0.402496337890625,0.4102783203125,0.34723663330078125,2.8827056884765625,0.29196929931640625,12.792160034179688,5.4942779541015625,0.2450408935546875,1.1702804565429688,0.31964874267578125,0.30175018310546875,2.8275375366210938,0,47244.224182128906,33409.997619628906,0,34088599552,2147483648,7965540352,0
200,1787752936805,3500,3500,3500,3500,3500,3500,3500,3500,3500,3500,3500,3500,3500,3500,3500,3500,3500,3500,3500,3500,0.5613250732421875,3.91473388671875,2.8075714111328125,0.34693145751953125,0.33984375,0.40766143798828125,2.8482666015625,0.289703369140625,0.49645233154296875,0.38518524169921875,0.38263702392578125,2.257080078125,0.27222442626953125,13.029808044433594,3.801025390625,2.8057174682617188,1.336090087890625,0.28430938720703125,0.380889892578125,0.28795623779296875,0,47252.11456298828,33415.698974609375,0,34088599552,2147483648,7965540352,0
199,1787752937005,3500,3500,3500,3500,3500,3500,3500,3500,3500,3500,3500,3500,3500,3500,3500,3500,3500,3500,3500,3500,3.0417098999023438,1.5150375366210938,0.19983673095703125,2.7962188720703125,1.1988525390625,0.16071319580078125,0.2062225341796875,0.20003509521484375,0.35845184326171875,0.4235687255859375,0.31758880615234375,0.42685699462890625,0.16899871826171875,16.18744659423828,4.790809631347656,0.166351318359375,2.86328125,2.77960205078125,2.74652099609375,0.23606109619140625,0,47259.54473876953,33420.812255859375,0,34088599552,2147483648,7965540352,0
200,1787752937205,3500,3500,3500,3500,3500,3500,3500,3500,3500,3500,3500,3500,3500,3500,3500,3500,3500,3500,3500,3500,0.589935302734375,1.4062881469726563,0.3829498291015625,0.365966796875,1.983489990234375,0.37445831298828125,0.327056884765625,0.36946868896484375,1.09600830078125,2.9045791625976563,0.3587799072265625,1.0276336669921875,0.28490447998046875,17.19695281982422,29.19397735595703,0.30548095703125,1.5977859497070313,0.37775421142578125,0.36946868896484375,0.36237335205078125,0,47267.19073486328,33426.32995605469,0,34088599552,2147483648,7969427456,0
200,1787752937405,3500,3500,3500,3500,3500,3500,3500,3500,3500,3500,3500,3500,3500,3500,3500,3500,3500,3500,3500,3500,0.5884857177734375,0.9262161254882813,0.47052764892578125,0.2919158935546875,0.27428436279296875,0.247406005859375,0.244903564453125,2.8300552368164063,2.7881851196289063,0.28337860107421875,2.7776947021484375,0.270538330078125,2.76715087890625,14.984298706054688,15.807197570800781,0.2667388916015625,10.37646484375,0.27883148193359375,0.51434326171875,0.305206298828125,0,47275.32678222656,33432.3017578125,0,34088599552,2147483648,7983411200,0
200,1787752937606,3500,3500,3500,3500,3500,3500,3500,3500,3500,3500,3500,3500,3500,3500,3500,3500,3500,3500,3500,3500,0.6939010620117188,1.4860610961914063,0.38776397705078125,0.35953521728515625,0.26871490478515625,0.2695159912109375,0.22914886474609375,0.30792999267578125,0.30223846435546875,0.22550201416015625,0.279754638671875,2.8429336547851563,0.2321014404296875,10.332778930664063,6.077018737792969,0.25722503662109375,8.956924438476563,0.28964996337890625,0.30108642578125,2.84033203125,0,47283.91735839844,33438.78643798828,0,34088599552,2147483648,7986794496,0
200,1787752937806,3500,3500,3500,3500,3500,3500,3500,3500,3500,3500,3500,3500,3500,3500,3500,3500,3500,3500,3500,3500,0.7052154541015625,4.158409118652344,2.894134521484375,0.388092041015625,0.29883575439453125,2.8577194213867188,2.7493362426757813,0.304534912109375,0.342193603515625,0.36716461181640625,0.2637786865234375,0.2718658447265625,0.25753021240234375,15.082969665527344,4.277740478515625,2.8326950073242188,0.5118637084960938,0.33270263671875,0.6745452880859375,0.29444122314453125,0,47291.02551269531,33443.772033691406,0,34088599552,2147483648,7987400704,0
200,1787752938006,3500,3500,3500,3500,3500,3500,3500,3500,3500,3500,3500,3500,3500,3500,3500,3500,3500,3500,3500,3500,1.8496475219726563,1.406402587890625,0.27993011474609375,2.8339080810546875,0.29540252685546875,0.28766632080078125,0.30019378662109375,0.30922698974609375,0.5042800903320313,0.42304229736328125,0.34993743896484375,0.609710693359375,0.221649169921875,15.784553527832031,3.4902267456054688,0.26276397705078125,3.8330307006835938,2.8150405883789063,2.875518798828125,0.28522491455078125,0,47297.634704589844,33448.24334716797,0,34088599552,2147483648,7987400704,0
200,1787752938207,3500,3500,3500,3500,3500,3500,3500,3500,3500,3500,3500,3500,3500,3500,3500,3500,3500,3500,3500,3500,1.867156982421875,1.7695999145507813,0.2797393798828125,0.2981109619140625,2.7730255126953125,0.2019500732421875,0.29821014404296875,0.283935546875,0.390625,2.8622512817382813,0.26496124267578125,0.56207275390625,0.20110321044921875,20.12335968017578,85.70343780517578,0.11847686767578125,0.29062652587890625,0.28108978271484375,0.28887939453125,0.27399444580078125,0,47307.16522216797,33455.656799316406,0,34088599552,2147483648,7987535872,0
200,1787752938407,3500,3500,3500,3500,3500,3500,3500,3500,3500,3500,3500,3500,3500,3500,3500,3500,3500,3500,3500,3500,0.5653610229492188,1.3893051147460938,0.334259033203125,0.3209381103515625,0.287017822265625,0.3083648681640625,0.32358551025390625,2.870635986328125,2.8532791137695313,0.27315521240234375,2.8511810302734375,0.2707061767578125,2.858917236328125,3.2222518920898438,93.69710540771484,0.17009735107421875,6.9623260498046875,0.311309814453125,0.33475494384765625,0.32637786865234375,0,47314.88201904297,33461.26837158203,0,34088599552,2147483648,7987535872,0
200,1787752938607,3500,3500,3500,3500,3500,3500,3500,3500,3500,3500,3500,3500,3500,3500,3500,3500,3500,3500,3500,3500,0.48625946044921875,1.517578125,0.31859588623046875,0.3123016357421875,0.2916259765625,0.27324676513671875,0.24872589111328125,0.2848358154296875,0.20117950439453125,0.30686187744140625,0.26210784912109375,2.8403167724609375,0.19078826904296875,42.545082092285156,57.717079162597656,0.17655181884765625,4.581092834472656,0.3220977783203125,0.33463287353515625,2.8112945556640625,0,47324.2578125,33468.5224609375,0,34088599552,2147483648,7987523584,0
199,1787752938808,3500,3500,3500,3500,3500,3500,3500,3500,3500,3500,3500,3500,3500,3500,3500,3500,3500,3500,3500,3500,2.3655929565429688,3.9723052978515625,2.89923095703125,0.302215576171875,0.21759796142578125,2.844818115234375,2.8464126586914063,0.23667144775390625,0.31020355224609375,0.31464385986328125,0.2472991943359375,0.27381134033203125,0.1993255615234375,45.03252410888672,45.66465759277344,2.7175216674804688,13.365272521972656,0.33780670166015625,0.3762969970703125,0.34114837646484375,0,47332.35125732422,33474.496337890625,0,34088599552,2147483648,7987470336,0
200,1787752939008,3500,3500,3500,3500,3500,3500,3500,3500,3500,3500,3500,3500,3500,3500,3500,3500,3500,3500,3500,3500,0.43904876708984375,1.32574462890625,0.36846923828125,1.5026016235351563,0.2607421875,0.27353668212890625,0.17720794677734375,0.23799896240234375,0.25998687744140625,0.27768707275390625,0.2663421630859375,0.258392333984375,0.19780731201171875,20.92060089111328,83.99552154541016,0.11511993408203125,4.1425018310546875,2.8224029541015625,2.887786865234375,0.34052276611328125,0,47340.66638183594,33480.673278808594,0,34088599552,2147483648,7987470336,0
200,1787752939208,3500,3500,3500,3500,3500,3500,3500,3500,3500,3500,3500,3500,3500,3500,3500,3500,3500,3500,3500,3500,3.0965042114257813,1.1811447143554688,0.26056671142578125,1.641815185546875,2.7903060913085938,0.3071441650390625,0.32192230224609375,0.27639007568359375,0.3000030517578125,2.7024383544921875,0.25252532958984375,0.8797454833984375,0.21253204345703125,32.274375915527344,63.31477737426758,0.161407470703125,14.147491455078125,0.29550933837890625,0.26934814453125,0.3154296875,0,47349.51184082031,33487.398681640625,0,34088599552,2147483648,7987535872,0
200,1787752939408,3500,3500,3500,3500,3500,3500,3500,3500,3500,3500,3500,3500,3500,3500,3500,3500,3500,3500,3500,3500,0.6485366821289063,1.5230026245117188,0.3661041259765625,0.37108612060546875,0.30681610107421875,0.28826141357421875,0.4195098876953125,2.8716812133789063,2.9182052612304688,0.40081024169921875,2.8601608276367188,0.34964752197265625,2.80810546875,2.5075759887695313,100,0.1907806396484375,0.7972259521484375,0.38819122314453125,0.357177734375,0.370941162109375,0,47359.54669189453,33495.31512451172,0,34088599552,2147483648,7987535872,0
200,1787752939609,3500,3500,3500,3500,3500,3500,3500,3500,3500,3500,3500,3500,3500,3500,3500,3500,3500,3500,3500,3500,0.5500106811523438,1.1915054321289063,0.2926483154296875,0.2615509033203125,0.29325103759765625,0.2952423095703125,0.23310089111328125,0.2928009033203125,0.26219940185546875,0.2646484375,0.30362701416015625,2.7779922485351563,0.1834869384765625,24.790084838867188,77.78101348876953,0.13890838623046875,1.4195709228515625,0.30503082275390625,0.3287353515625,2.8921966552734375,0,47368.287353515625,33501.93566894531,0,34088599552,2147483648,7987523584,0
200,1787752939809,3500,3500,3500,3500,3500,3500,3500,3500,3500,3500,3500,3500,3500,3500,3500,3500,3500,3500,3500,3500,0.46248626708984375,4.11798095703125,2.8671417236328125,0.35088348388671875,0.2855987548828125,2.8058013916015625,2.8500747680664063,0.30291748046875,0.29602813720703125,0.36585235595703125,0.3313140869140625,0.4303436279296875,0.199249267578125,30.528282165527344,75.52368927001953,2.7193527221679688,0.3053131103515625,0.29567718505859375,0.39514923095703125,0.4047393798828125,0,47375.83612060547,33507.35729980469,0,34088599552,2147483648,7987523584,0
200,1787752940010,3500,3500,3500,3500,3500,3500,3500,3500,3500,3500,3500,3500,3500,3500,3500,3500,3500,3500,3500,3500,0.4844512939453125,1.4111328125,0.2758331298828125,0.3018798828125,0.33066558837890625,0.24808502197265625,0.22309112548828125,0.23436737060546875,0.41230010986328125,0.50830078125,0.35406494140625,0.92364501953125,0.2141571044921875,10.415786743164063,88.01805114746094,0.14495086669921875,4.199073791503906,2.850311279296875,10.7879638671875,0.3619537353515625,0,47383.808654785156,33513.20880126953,0,34088599552,2147483648,7987531776,0
200,1787752940210,3500,3500,3500,3500,3500,3500,3500,3500,3500,3500,3500,3500,3500,3500,3500,3500,3500,3500,3500,3500,3.1527481079101563,1.6661758422851563,0.30538177490234375,2.8405227661132813,2.856048583984375,0.26428985595703125,0.30428314208984375,0.30657958984375,0.41408538818359375,3.0458450317382813,0.4163818359375,0.6325836181640625,0.2432708740234375,26.534927368164063,72.8661880493164,0.16672515869140625,6.0887908935546875,0.40020751953125,0.33473968505859375,0.3261566162109375,0,47391.55322265625,33518.84930419922,0,34088599552,2147483648,7987597312,0
200,1787752940410,3500,3500,3500,3500,3500,3500,3500,3500,3500,3500,3500,3500,3500,3500,3500,3500,3500,3500,3500,3500,0.48919677734375,1.5399322509765625,0.25508880615234375,0.2850189208984375,0.282470703125,0.29605865478515625,0.24944305419921875,2.7506332397460938,2.9045562744140625,0.44867706298828125,2.9705047607421875,0.44757843017578125,2.6920852661132813,40.90416717529297,62.07083511352539,0.17615509033203125,0.5797195434570313,0.3583526611328125,0.2712249755859375,0.26598358154296875,0,47402.026428222656,33527.204040527344,0,34088599552,2147483648,7987597312,0
200,1787752940611,3500,3500,3500,3500,3500,3500,3500,3500,3500,3500,3500,3500,3500,3500,3500,3500,3500,3500,3500,3500,0.5493240356445313,1.1627883911132813,0.2726898193359375,0.28022003173828125,0.248748779296875,0.24750518798828125,0.29673004150390625,0.2539825439453125,0.331146240234375,0.4259185791015625,0.39579010009765625,2.9464797973632813,0.18630218505859375,15.995498657226563,92.68098449707031,0.1260986328125,1.7043838500976563,0.3370819091796875,0.5168533325195313,0.27667999267578125,0,47411.041259765625,33534.07214355469,0,34088599552,2147483648,7987998720,0
200,1787752940811,3500,3500,3500,3500,3500,3500,3500,3500,3500,3500,3500,3500,3500,3500,3500,3500,3500,3500,3500,3500,0.565887451171875,4.261528015136719,2.8498611450195313,0.3271026611328125,0.307220458984375,2.821685791015625,2.8127975463867188,0.3174591064453125,0.3475341796875,0.34053802490234375,0.29888153076171875,0.33010101318359375,0.25292205810546875,12.53741455078125,92.35578918457031,2.6830673217773438,0.4593353271484375,0.43610382080078125,0.35088348388671875,2.8279800415039063,0,47421.050048828125,33541.971252441406,0,34088599552,2147483648,7987994624,0
200,1787752941011,3500,3500,3500,3500,3500,3500,3500,3500,3500,3500,3500,3500,3500,3500,3500,3500,3500,3500,3500,3500,0.55377197265625,1.4971542358398438,0.5625,0.26932525634765625,0.24327850341796875,0.24991607666015625,0.28304290771484375,0.25225830078125,0.246124267578125,0.28997802734375,0.2478179931640625,0.43741607666015625,0.2329559326171875,22.22716522216797,84.40583038330078,0.14379119873046875,6.867591857910156,2.8837966918945313,7.405548095703125,0.28708648681640625,0,47431.66735839844,33550.432373046875,0,34088599552,2147483648,7988805632,0
200,1787752941211,3500,3500,3500,3500,3500,3500,3500,3500,3500,3500,3500,3500,3500,3500,3500,3500,3500,3500,3500,3500,18.737579345703125,0.3491973876953125,48.22926712036133,2.8035888671875,11.768058776855469,0.7736129760742188,0.33481597900390625,0.32843017578125,5.790069580078125,2.841278076171875,0.31780242919921875,9.044273376464844,0.28595733642578125,71.24273681640625,48.41899108886719,0.30956268310546875,66.44015502929688,0.278167724609375,79.15662384033203,0.229156494140625,0,47443.18786621094,33559.72381591797,0,34088599552,2147483648,8019898368,0
200,1787752941412,3500,3500,3500,3500,3500,3500,3500,3500,3500,3500,3500,3500,3500,3500,3500,3500,3500,3500,3500,3500,1.03662109375,0.3886566162109375,48.01046371459961,0.310638427734375,0.621673583984375,0.3216094970703125,0.317169189453125,2.8538055419921875,2.8688735961914063,0.41609954833984375,2.80377197265625,1.0817184448242188,2.8304061889648438,36.0062370300293,44.28924560546875,0.24868011474609375,72.1700668334961,0.26300048828125,95.67002868652344,0.1830291748046875,0,47454.48114013672,33569.696044921875,0,34088599552,2147483648,8026775552,0
200,1787752941612,3500,3500,3500,3500,3500,3500,3500,3500,3500,3500,3500,3500,3500,3500,3500,3500,3500,3500,3500,3500,1.1795654296875,0.3430938720703125,62.58504867553711,0.29389190673828125,0.4874420166015625,0.29553985595703125,0.3170928955078125,0.3760223388671875,32.926307678222656,0.2341156005859375,0.30107879638671875,9.520370483398438,0.27542877197265625,34.764366149902344,34.83252716064453,0.2976837158203125,36.47349166870117,0.23810577392578125,41.27374267578125,0.25562286376953125,0,47467.30975341797,33579.468994140625,0,34088599552,2147483648,7973916672,0
199,1787752941813,3500,3500,3500,3500,3500,3500,3500,3500,3500,3500,3500,3500,3500,3500,3500,3500,3500,3500,3500,3500,0.5446319580078125,3.323211669921875,2.9168853759765625,0.39888763427734375,0.31620025634765625,2.8126296997070313,2.7276535034179688,0.22882843017578125,29.647254943847656,0.25473785400390625,0.22588348388671875,0.32184600830078125,0.197723388671875,31.992095947265625,12.97393798828125,2.7999954223632813,63.32187271118164,0.177001953125,0.3359222412109375,2.8487319946289063,0,47477.502197265625,33587.53967285156,0,34088599552,2147483648,7973855232,0
200,1787752942013,3500,3500,3500,3500,3500,3500,3500,3500,3500,3500,3500,3500,3500,3500,3500,3500,3500,3500,3500,3500,0.5472640991210938,1.5648345947265625,0.39374542236328125,0.36345672607421875,0.18540191650390625,0.24042510986328125,0.31103515625,0.2438201904296875,0.251220703125,0.17615509033203125,0.24847412109375,0.6575088500976563,0.18795013427734375,16.32263946533203,16.826171875,0.27240753173828125,69.7884521484375,2.6725540161132813,9.82373046875,0.34941864013671875,0,47487.18731689453,33595.066650390625,0,34088599552,2147483648,7973052416,0
200,1787752942213,3500,3500,3500,3500,3500,3500,3500,3500,3500,3500,3500,3500,3500,3500,3500,3500,3500,3500,3500,3500,3.0481033325195313,1.33306884765625,3.245697021484375,2.9889297485351563,2.8874053955078125,0.34185791015625,0.3394622802734375,0.25402069091796875,0.31523895263671875,2.8074111938476563,0.34305572509765625,0.36377716064453125,0.249725341796875,12.816436767578125,3.757232666015625,0.425048828125,68.4737548828125,0.2090301513671875,22.038734436035156,0.31798553466796875,0,47497.50842285156,33603.26531982422,0,34088599552,2147483648,7972634624,0
200,1787752942413,3500,3500,3500,3500,3500,3500,3500,3500,3500,3500,3500,3500,3500,3500,3500,3500,3500,3500,3500,3500,0.5023574829101563,1.6437225341796875,0.2835693359375,0.34999847412109375,0.29105377197265625,0.3150634765625,0.255523681640625,2.7973709106445313,0.2787322998046875,0.292999267578125,2.8498687744140625,0.236907958984375,2.7970657348632813,4.234077453613281,2.0670318603515625,0.35707855224609375,100,0.142181396484375,0.582061767578125,0.3259429931640625,0,47506.0693359375,33609.68786621094,0,34088599552,2147483648,7972667392,0
199,1787752942614,3500,3500,3500,3500,3500,3500,3500,3500,3500,3500,3500,3500,3500,3500,3500,3500,3500,3500,3500,3500,0.47649383544921875,1.66522216796875,0,0.0049896240234375,0.1281280517578125,0.05533599853515625,0.16629791259765625,0.03302764892578125,2.475006103515625,0.004241943359375,0,2.47021484375,0.28165435791015625,1.4584579467773438,1.8222885131835938,0,100,0,0.28514862060546875,0,0,47515.322265625,33616.77673339844,0,34088599552,2147483648,7972061184,0
200,1787752942814,3500,3500,3500,3500,3500,3500,3500,3500,3500,3500,3500,3500,3500,3500,3500,3500,3500,3500,3500,3500,2.561920166015625,3.7667160034179688,3.1602401733398438,0.6724090576171875,0.6331710815429688,3.1909866333007813,3.2549209594726563,0.686553955078125,0.6120223999023438,0.662109375,0.5612869262695313,0.6297683715820313,0.583526611328125,11.97515869140625,32.44834899902344,3.11090087890625,75.40436553955078,0.49814605712890625,0.7387466430664063,3.1497955322265625,0,47525.22448730469,33624.58898925781,0,34088599552,2147483648,7973781504,0
200,1787752943014,3500,3500,3500,3500,3500,3500,3500,3500,3500,3500,3500,3500,3500,3500,3500,3500,3500,3500,3500,3500,0.47784423828125,1.0148849487304688,0.208404541015625,0.25273895263671875,0.21488189697265625,0.2141876220703125,0.271240234375,0.17618560791015625,0.20989990234375,0.19034576416015625,0.23194122314453125,0.18975067138671875,0.107666015625,45.93214416503906,4.189186096191406,0.12332916259765625,56.77478790283203,2.6339263916015625,3.8952102661132813,0.2318878173828125,0,47533.975158691406,33631.190185546875,0,34088599552,2147483648,7973781504,0
200,1787752943215,3500,3500,3500,3500,3500,3500,3500,3500,3500,3500,3500,3500,3500,3500,3500,3500,3500,3500,3500,3500,3.579925537109375,0.8230056762695313,7.980506896972656,2.868621826171875,2.9366378784179688,0.4402923583984375,0.45851898193359375,0.38141632080078125,0.37168121337890625,2.8645248413085938,0.35594940185546875,0.4287109375,0.30152130126953125,19.33240509033203,3.8759002685546875,0.33358001708984375,76.87718963623047,0.23345184326171875,0.6335525512695313,0.4431915283203125,0,47543.051696777344,33638.15545654297,0,34088599552,2147483648,7973867520,0
200,1787752943415,3500,3500,3500,3500,3500,3500,3500,3500,3500,3500,3500,3500,3500,3500,3500,3500,3500,3500,3500,3500,0.5062942504882813,1.5639114379882813,0.32956695556640625,0.26781463623046875,0.36669158935546875,0.36249542236328125,0.4127655029296875,2.93475341796875,0.2852020263671875,0.2608184814453125,1.4316024780273438,0.2952423095703125,2.7711181640625,2.4180145263671875,10.078666687011719,0.231689453125,92.20738983154297,0.11871337890625,0.6231155395507813,0.37429046630859375,0,47551.962341308594,33644.94091796875,0,34088599552,2147483648,7973871616,0
200,1787752943615,3500,3500,3500,3500,3500,3500,3500,3500,3500,3500,3500,3500,3500,3500,3500,3500,3500,3500,3500,3500,0.5089263916015625,1.0544357299804688,0.28186798095703125,0.2891998291015625,0.2613983154296875,0.19281768798828125,0.258453369140625,0.301727294921875,2.7981796264648438,0.25022125244140625,1.6338348388671875,2.7817611694335938,0.246124267578125,23.813079833984375,27.159271240234375,0.27327728271484375,57.461421966552734,0.24732208251953125,3.775146484375,0.2738800048828125,0,47560.449157714844,33651.297302246094,0,34088599552,2147483648,7974002688,0
199,1787752943815,3500,3500,3500,3500,3500,3500,3500,3500,3500,3500,3500,3500,3500,3500,3500,3500,3500,3500,3500,3500,0.6045379638671875,4.09661865234375,2.8794631958007813,0.32036590576171875,0.22686767578125,2.8836593627929688,2.7976531982421875,0.2373046875,0.2973480224609375,0.2868194580078125,0.308380126953125,0.3438720703125,0.28562164306640625,1.4346923828125,4.0377197265625,2.7648544311523438,100,0.14136505126953125,0.3296966552734375,2.8328933715820313,0,47569.01110839844,33657.725341796875,0,34088599552,2147483648,7974002688,0
200,1787752944015,3500,3500,3500,3500,3500,3500,3500,3500,3500,3500,3500,3500,3500,3500,3500,3500,3500,3500,3500,3500,0.6138229370117188,1.6959075927734375,0.41793060302734375,0.42267608642578125,0.27545166015625,0.28910064697265625,0.30599212646484375,0.34162139892578125,0.30113983154296875,0.34671783447265625,0.283203125,0.28824615478515625,0.32128143310546875,2.9280548095703125,5.153038024902344,0.28694915771484375,96.36156463623047,2.696380615234375,2.8314056396484375,0.3152313232421875,0,47576.64660644531,33663.23126220703,0,34088599552,2147483648,7974002688,0
199,1787752944216,3500,3500,3500,3500,3500,3500,3500,3500,3500,3500,3500,3500,3500,3500,3500,3500,3500,3500,3500,3500,3.0688247680664063,1.0232772827148438,0.323760986328125,2.869140625,2.7464065551757813,0.285614013671875,0.18560028076171875,0.24057769775390625,0.2910614013671875,2.8470230102539063,0.28092193603515625,0.8983917236328125,0.24337005615234375,24.266464233398438,90.58560943603516,0.14166259765625,19.86278533935547,0.275177001953125,1.0861892700195313,0.24976348876953125,0,47586.64025878906,33671.05145263672,0,34088599552,2147483648,7975895040,0
200,1787752944416,3500,3500,3500,3500,3500,3500,3500,3500,3500,3500,3500,3500,3500,3500,3500,3500,3500,3500,3500,3500,0.6206130981445313,1.4083938598632813,0.304107666015625,0.314849853515625,0.2641754150390625,0.27806854248046875,0.2752685546875,2.820831298828125,0.33349609375,0.30036163330078125,0.31740570068359375,0.3195037841796875,2.742919921875,9.935264587402344,1.5403823852539063,0.27112579345703125,98.1548080444336,0.1364898681640625,0.5790786743164063,0.32254791259765625,0,47595.81091308594,33678.11505126953,0,34088599552,2147483648,7976353792,0
200,1787752944616,3500,3500,3500,3500,3500,3500,3500,3500,3500,3500,3500,3500,3500,3500,3500,3500,3500,3500,3500,3500,0.47997283935546875,1.6235733032226563,0.26424407958984375,0.332489013671875,0.294219970703125,0.23931121826171875,0.3310394287109375,0.30995941162109375,2.8437652587890625,0.25730133056640625,2.77471923828125,2.80804443359375,0.21707916259765625,1.2710037231445313,1.30792236328125,0.2643890380859375,100,0.1340484619140625,0.315948486328125,0.30071258544921875,0,47605.75207519531,33685.93731689453,0,34088599552,2147483648,7976353792,0
200,1787752944816,3500,3500,3500,3500,3500,3500,3500,3500,3500,3500,3500,3500,3500,3500,3500,3500,3500,3500,3500,3500,0.49688720703125,4.093376159667969,2.8097000122070313,0.326995849609375,0.40240478515625,3.0217437744140625,0.355865478515625,0.3612060546875,0.2791595458984375,0.25199127197265625,0.30742645263671875,0.2297210693359375,0.23606109619140625,1.7916030883789063,26.55750274658203,2.7437286376953125,7.441314697265625,0.311370849609375,69.94020080566406,2.7130661010742188,0,47614.57391357422,33692.63757324219,0,34088599552,2147483648,7976353792,0
199,1787752945017,3500,3500,3500,3500,3500,3500,3500,3500,3500,3500,3500,3500,3500,3500,3500,3500,3500,3500,3500,3500,0.507171630859375,1.3953094482421875,0.3592681884765625,0.2470245361328125,0.3839111328125,0.37752532958984375,2.8453521728515625,0.368743896484375,0.16571807861328125,0.17704010009765625,0.21469879150390625,0.19614410400390625,0.16072845458984375,13.480026245117188,32.456451416015625,0.1393280029296875,42.108306884765625,0.116729736328125,48.68699645996094,0.1256561279296875,0,47623.86120605469,33699.770935058594,0,34088599552,2147483648,7977730048,0
200,1787752945217,3500,3500,3500,3500,3500,3500,3500,3500,3500,3500,3500,3500,3500,3500,3500,3500,3500,3500,3500,3500,3.1867828369140625,1.1885986328125,0.3685760498046875,2.857025146484375,3.0473556518554688,0.53692626953125,0.453948974609375,0.5365753173828125,0.36377716064453125,2.8383865356445313,0.288543701171875,0.3784637451171875,0.28954315185546875,15.36065673828125,3.5929718017578125,0.33489990234375,45.197601318359375,2.7804412841796875,46.825008392333984,0.30173492431640625,0,47632.64129638672,33706.4296875,0,34088599552,2147483648,7977857024,0
200,1787752945417,3500,3500,3500,3500,3500,3500,3500,3500,3500,3500,3500,3500,3500,3500,3500,3500,3500,3500,3500,3500,0.44972991943359375,1.5423507690429688,0.2948455810546875,0.30507659912109375,0.44219207763671875,0.5003433227539063,0.42601776123046875,2.998992919921875,0.303375244140625,0.331329345703125,0.23514556884765625,0.27213287353515625,2.7563095092773438,1.6872024536132813,1.673919677734375,0.22821044921875,61.16658401489258,0.193115234375,39.46278381347656,0.2366943359375,0,47642.930114746094,33714.606018066406,0,34088599552,2147483648,7977857024,0
200,1787752945618,3500,3500,3500,3500,3500,3500,3500,3500,3500,3500,3500,3500,3500,3500,3500,3500,3500,3500,3500,3500,0.6776885986328125,1.1648712158203125,0.6066818237304688,0.25432586669921875,0.349853515625,0.4479827880859375,0.39255523681640625,0.44403839111328125,2.83441162109375,0.259124755859375,2.6734619140625,2.7773361206054688,0.1685333251953125,9.555694580078125,40.62534713745117,0.15964508056640625,56.022247314453125,0.1681365966796875,0.3131561279296875,0.2619171142578125,0,47652.08117675781,33721.62463378906,0,34088599552,2147483648,7977836544,0
200,1787752945818,3500,3500,3500,3500,3500,3500,3500,3500,3500,3500,3500,3500,3500,3500,3500,3500,3500,3500,3500,3500,0.5545883178710938,3.2660598754882813,2.7000350952148438,0.29883575439453125,0.4006500244140625,3.0247421264648438,0.39925384521484375,0.43135833740234375,0.36025238037109375,0.33603668212890625,0.383819580078125,0.33983612060546875,0.176605224609375,43.832481384277344,35.48041534423828,2.7579116821289063,68.42161560058594,0.1888427734375,0.968170166015625,2.8083877563476563,0,47663.15563964844,33730.54296875,0,34088599552,2147483648,7983308800,0
200,1787752946018,3500,3500,3500,3500,3500,3500,3500,3500,3500,3500,3500,3500,3500,3500,3500,3500,3500,3500,3500,3500,0.5685195922851563,1.3245391845703125,86.00939178466797,0.15716552734375,0.29924774169921875,0.29250335693359375,2.8931198120117188,0.33636474609375,0.38422393798828125,0.33477020263671875,0.4560699462890625,0.371734619140625,0.25713348388671875,2.6258468627929688,8.087310791015625,0.24494171142578125,0.9946136474609375,0.397064208984375,9.821853637695313,0.27581787109375,0,47672.541076660156,33737.8076171875,0,34088599552,2147483648,7983108096,0
200,1787752946218,3500,3500,3500,3500,3500,3500,3500,3500,3500,3500,3500,3500,3500,3500,3500,3500,3500,3500,3500,3500,3.1127243041992188,1.3551864624023438,0.32694244384765625,2.8582305908203125,2.9200057983398438,0.45648956298828125,0.35309600830078125,0.36641693115234375,0.27449798583984375,2.8558349609375,0.30673980712890625,0.8238525390625,0.2480010986328125,7.867958068847656,87.22061157226563,0.14635467529296875,15.81781005859375,2.8080291748046875,0.9398727416992188,0.33742523193359375,0,47683.34454345703,33747.005615234375,0,34088599552,2147483648,7983382528,0
200,1787752946419,3500,3500,3500,3500,3500,3500,3500,3500,3500,3500,3500,3500,3500,3500,3500,3500,3500,3500,3500,3500,0.42250823974609375,1.1798477172851563,0.26470184326171875,0.26959991455078125,0.460968017578125,0.41351318359375,0.3447265625,2.8917999267578125,0.2222900390625,0.2043609619140625,0.25795745849609375,0.33403778076171875,0.5872039794921875,5.9245147705078125,32.646690368652344,0.18567657470703125,70.68219757080078,0.17563629150390625,1.1849899291992188,0.346923828125,0,47692.28631591797,33753.80145263672,0,34088599552,2147483648,7983505408,0
200,1787752946619,3500,3500,3500,3500,3500,3500,3500,3500,3500,3500,3500,3500,3500,3500,3500,3500,3500,3500,3500,3500,0.58404541015625,1.5890274047851563,0.346435546875,0.33414459228515625,0.48740386962890625,0.380218505859375,0.3991546630859375,0.5099411010742188,2.8285675048828125,0.3009185791015625,2.8684921264648438,0.25174713134765625,2.3720474243164063,20.779685974121094,24.875022888183594,0.23645782470703125,57.44634246826172,0.2397003173828125,0.4007568359375,0.4180450439453125,0,47701.341796875,33760.65966796875,0,34088599552,2147483648,7973761024,0
200,1787752946819,3500,3500,3500,3500,3500,3500,3500,3500,3500,3500,3500,3500,3500,3500,3500,3500,3500,3500,3500,3500,2.23358154296875,3.4911117553710938,0.30841827392578125,0.29848480224609375,0.3764495849609375,2.9006805419921875,0.34964752197265625,0.4684906005859375,0.3104095458984375,0.28121185302734375,0.18323516845703125,2.8452301025390625,0.2533111572265625,14.621749877929688,6.366279602050781,2.7556304931640625,87.4109878540039,0.13451385498046875,0.350494384765625,2.89404296875,0,47710.962341308594,33768.20568847656,0,34088599552,2147483648,7973601280,0
200,1787752947019,3500,3500,3500,3500,3500,3500,3500,3500,3500,3500,3500,3500,3500,3500,3500,3500,3500,3500,3500,3500,0.45185089111328125,1.6666030883789063,2.8933944702148438,0.3702392578125,0.3866729736328125,0.47432708740234375,2.9735107421875,0.448455810546875,0.22365570068359375,0.30780792236328125,0.34836578369140625,0.43871307373046875,0.22754669189453125,2.5222091674804688,2.9635696411132813,0.2996673583984375,99.14904022216797,0.1086273193359375,0.3746337890625,0.4075469970703125,0,47721.14862060547,33775.79162597656,0,34088599552,2147483648,7973072896,0
200,1787752947219,3500,3500,3500,3500,3500,3500,3500,3500,3500,3500,3500,3500,3500,3500,3500,3500,3500,3500,3500,3500,4.520042419433594,0.6996688842773438,25.044837951660156,2.8754196166992188,3.046966552734375,0.43291473388671875,0.43970489501953125,0.45778656005859375,0.4640350341796875,2.9985580444335938,0.471527099609375,2.0016021728515625,0.30892181396484375,10.40081787109375,56.98048782348633,0.212310791015625,54.983280181884766,2.7345962524414063,32.81890869140625,0.2681121826171875,0,47733.676025390625,33786.14501953125,0,34088599552,2147483648,7992352768,0
200,1787752947420,3500,3500,3500,3500,3500,3500,3500,3500,3500,3500,3500,3500,3500,3500,3500,3500,3500,3500,3500,3500,0.6404953002929688,1.703948974609375,0.3701019287109375,0.34081268310546875,0.43303680419921875,0.3977508544921875,0.3899688720703125,3.0169296264648438,0.4842376708984375,0.5257110595703125,0.4093780517578125,0.45025634765625,0.27597808837890625,1.5900115966796875,14.578353881835938,0.24903106689453125,86.9175796508789,0.18575286865234375,0.6223831176757813,0.35907745361328125,0,47742.42736816406,33792.77770996094,0,34088599552,2147483648,7992352768,0
200,1787752947620,3500,3500,3500,3500,3500,3500,3500,3500,3500,3500,3500,3500,3500,3500,3500,3500,3500,3500,3500,3500,0.607452392578125,1.7368316650390625,0.31842041015625,0.33618927001953125,0.31308746337890625,0.33304595947265625,0.28783416748046875,0.33084869384765625,2.8965530395507813,0.47112274169921875,2.8871688842773438,0.446319580078125,2.8275375366210938,16.78093719482422,9.387580871582031,0.2799530029296875,76.89715576171875,0.19890594482421875,0.3340911865234375,0.3187713623046875,0,47750.37158203125,33798.60418701172,0,34088599552,2147483648,7992283136,0
200,1787752947820,3500,3500,3500,3500,3500,3500,3500,3500,3500,3500,3500,3500,3500,3500,3500,3500,3500,3500,3500,3500,0.520965576171875,3.8574371337890625,0.32202911376953125,0.306640625,0.286712646484375,2.7734909057617188,0.21976470947265625,0.23430633544921875,0.25583648681640625,0.25563812255859375,0.2750244140625,2.856170654296875,0.1728057861328125,15.285606384277344,42.22126007080078,2.67681884765625,48.0699348449707,0.23040771484375,0.2384490966796875,2.806060791015625,0,47760.579650878906,33806.679260253906,0,34088599552,2147483648,7992250368,0
200,1787752948021,3500,3500,3500,3500,3500,3500,3500,3500,3500,3500,3500,3500,3500,3500,3500,3500,3500,3500,3500,3500,0.4552001953125,1.2818679809570313,2.882049560546875,0.39009857177734375,0.28356170654296875,0.255157470703125,2.8360671997070313,0.25710296630859375,0.32984161376953125,0.3721771240234375,0.29239654541015625,0.4038238525390625,0.3297882080078125,7.442451477050781,23.499832153320313,0.2254486083984375,79.94529724121094,0.20088958740234375,19.970932006835938,0.2755279541015625,0,47769.548828125,33813.49743652344,0,34088599552,2147483648,7995719680,0
200,1787752948221,3500,3500,3500,3500,3500,3500,3500,3500,3500,3500,3500,3500,3500,3500,3500,3500,3500,3500,3500,3500,3.0436630249023438,1.0434494018554688,23.65019989013672,2.9220199584960938,2.8515548706054688,0.283447265625,0.23455810546875,0.18946075439453125,0.4704132080078125,2.9284591674804688,0.34192657470703125,1.2578353881835938,0.24584197998046875,12.281837463378906,18.28746795654297,0.220672607421875,11.45416259765625,2.8292312622070313,47.93007278442383,0.21868133544921875,0,47777.09149169922,33818.917053222656,0,34088599552,2147483648,7995850752,0
200,1787752948421,3500,3500,3500,3500,3500,3500,3500,3500,3500,3500,3500,3500,3500,3500,3500,3500,3500,3500,3500,3500,0.5028610229492188,1.6156234741210938,0.5436859130859375,0.56329345703125,0.326507568359375,0.3036041259765625,0.3600921630859375,2.8424148559570313,0.5173873901367188,0.48310089111328125,0.4885406494140625,0.5439834594726563,0.35849761962890625,1.5360336303710938,1.5806961059570313,0.2724151611328125,30.246192932128906,0.2881317138671875,70.43412017822266,0.25479888916015625,0,47784.61462402344,33824.316955566406,0,34088599552,2147483648,7995834368,0
200,1787752948622,3500,3500,3500,3500,3500,3500,3500,3500,3500,3500,3500,3500,3500,3500,3500,3500,3500,3500,3500,3500,0.5068511962890625,1.2688980102539063,0.48778533935546875,0.4824981689453125,0.25260162353515625,0.30355072021484375,0.2587890625,0.23009490966796875,2.9233856201171875,0.32625579833984375,2.8077163696289063,0.331146240234375,2.7732772827148438,6.56884765625,4.121818542480469,0.20609283447265625,96.89412689208984,0.12091064453125,15.608322143554688,0.2990570068359375,0,47793.91796875,33831.46594238281,0,34088599552,2147483648,7996297216,0
200,1787752948822,3500,3500,3500,3500,3500,3500,3500,3500,3500,3500,3500,3500,3500,3500,3500,3500,3500,3500,3500,3500,0.4909515380859375,4.1644744873046875,0.4544830322265625,0.46805572509765625,0.337493896484375,2.736724853515625,0.30167388916015625,0.32965850830078125,0.41222381591796875,0.3712158203125,0.34372711181640625,2.8824996948242188,0.2530364990234375,5.228645324707031,4.345573425292969,2.74725341796875,96.28032684326172,0.151458740234375,0.28485870361328125,2.8406906127929688,0,47801.5654296875,33836.99230957031,0,34088599552,2147483648,7996297216,0
200,1787752949022,3500,3500,3500,3500,3500,3500,3500,3500,3500,3500,3500,3500,3500,3500,3500,3500,3500,3500,3500,3500,0.5076065063476563,1.4166030883789063,2.8823471069335938,0.38580322265625,0.219696044921875,0.28746795654296875,2.719085693359375,0.3115386962890625,0.4729461669921875,0.320526123046875,0.33001708984375,0.33071136474609375,0.16825103759765625,3.900054931640625,4.3656158447265625,0.21215057373046875,96.7955322265625,0.1091766357421875,0.29935455322265625,0.26883697509765625,0,47811.678466796875,33844.99133300781,0,34088599552,2147483648,7996297216,0
200,1787752949223,3500,3500,3500,3500,3500,3500,3500,3500,3500,3500,3500,3500,3500,3500,3500,3500,3500,3500,3500,3500,3.035552978515625,1.1064376831054688,0.4140777587890625,2.9464492797851563,2.8062591552734375,0.36553955078125,0.2711944580078125,0.3442840576171875,0.5000381469726563,2.8984527587890625,0.3620452880859375,0.6314926147460938,0.2931976318359375,12.990219116210938,17.764251708984375,0.267608642578125,55.50333786010742,2.7562179565429688,26.423294067382813,0.27887725830078125,0,47821.89453125,33853.065185546875,0,34088599552,2147483648,7996428288,0
199,1787752949423,3500,3500,3500,3500,3500,3500,3500,3500,3500,3500,3500,3500,3500,3500,3500,3500,3500,3500,3500,3500,0.60589599609375,0.8757705688476563,0.27820587158203125,0.2082672119140625,0.22338104248046875,0.2273712158203125,0.23685455322265625,2.7462921142578125,0.4229736328125,0.34061431884765625,0.42850494384765625,0.38455963134765625,0.15110015869140625,22.114501953125,6.744537353515625,0.22303009033203125,66.74333953857422,0.1159820556640625,21.329071044921875,0.19085693359375,0,47830.990173339844,33860.021423339844,0,34088599552,2147483648,7997476864,0
200,1787752949623,3500,3500,3500,3500,3500,3500,3500,3500,3500,3500,3500,3500,3500,3500,3500,3500,3500,3500,3500,3500,0.6224746704101563,1.5880126953125,0.31093597412109375,0.39194488525390625,0.36165618896484375,0.46460723876953125,0.46210479736328125,0.500732421875,3.0291519165039063,0.43267059326171875,2.889678955078125,0.44606781005859375,2.8346023559570313,1.723388671875,1.78436279296875,0.2886962890625,99.68081665039063,0.17665863037109375,0.3771514892578125,0.3530120849609375,0,47839.09161376953,33866.01477050781,0,34088599552,2147483648,7997460480,0
199,1787752949823,3500,3500,3500,3500,3500,3500,3500,3500,3500,3500,3500,3500,3500,3500,3500,3500,3500,3500,3500,3500,0.5285568237304688,4.112518310546875,0.3744659423828125,0.41225433349609375,0.3159332275390625,2.8847579956054688,0.38996124267578125,0.445037841796875,0.47197723388671875,0.456634521484375,0.3601226806640625,2.9124984741210938,0.24106597900390625,1.2062149047851563,4.212486267089844,2.7777481079101563,100,0.11435699462890625,0.29799652099609375,2.8212814331054688,0,47849.451599121094,33874.253173828125,0,34088599552,2147483648,7997460480,0
200,1787752950024,3500,3500,3500,3500,3500,3500,3500,3500,3500,3500,3500,3500,3500,3500,3500,3500,3500,3500,3500,3500,0.6355361938476563,1.2484359741210938,2.90802001953125,0.384613037109375,0.355926513671875,0.31189727783203125,2.8403549194335938,0.3993072509765625,0.5297393798828125,0.4656219482421875,0.38336181640625,0.4908599853515625,0.23828125,14.694267272949219,3.8672943115234375,0.258819580078125,64.00386047363281,0.17391204833984375,23.95531463623047,0.25812530517578125,0,47857.628662109375,33880.310974121094,0,34088599552,2147483648,7997460480,0
200,1787752950224,3500,3500,3500,3500,3500,3500,3500,3500,3500,3500,3500,3500,3500,3500,3500,3500,3500,3500,3500,3500,3.1331024169921875,0.816864013671875,22.381980895996094,2.8344039916992188,2.8682327270507813,0.26407623291015625,0.2704620361328125,0.29500579833984375,0.365753173828125,0.41344451904296875,0.33870697021484375,0.7880783081054688,0.22595977783203125,27.378463745117188,12.833450317382813,0.25803375244140625,53.910926818847656,2.747894287109375,38.073341369628906,0.3043365478515625,0,47866.69482421875,33887.21911621094,0,34088599552,2147483648,7999954944,0
200,1787752950424,3500,3500,3500,3500,3500,3500,3500,3500,3500,3500,3500,3500,3500,3500,3500,3500,3500,3500,3500,3500,0.5668258666992188,1.2666168212890625,0.31787872314453125,0.30633544921875,0.3233184814453125,0.24535369873046875,0.317230224609375,2.7898178100585938,0.32776641845703125,2.841064453125,0.22531890869140625,0.3985443115234375,0.214080810546875,5.793365478515625,1.9007720947265625,0.2574920654296875,97.03216552734375,0.14000701904296875,0.4157257080078125,0.434661865234375,0,47876.22131347656,33894.62371826172,0,34088599552,2147483648,7999946752,0
200,1787752950625,3500,3500,3500,3500,3500,3500,3500,3500,3500,3500,3500,3500,3500,3500,3500,3500,3500,3500,3500,3500,0.472198486328125,1.5673370361328125,0.3118438720703125,0.287841796875,0.367523193359375,0.24279022216796875,0.26927947998046875,0.2686309814453125,2.7484893798828125,0.283203125,2.8393478393554688,0.2769622802734375,2.7132644653320313,1.3006515502929688,1.5145492553710938,0.24493408203125,100,0.1279296875,0.361236572265625,0.38797760009765625,0,47884.791564941406,33901.06085205078,0,34088599552,2147483648,7999942656,0
200,1787752950825,3500,3500,3500,3500,3500,3500,3500,3500,3500,3500,3500,3500,3500,3500,3500,3500,3500,3500,3500,3500,2.061248779296875,3.5589141845703125,1.1180191040039063,0.07195281982421875,0,2.5542221069335938,0,0,0,0.01369476318359375,0,2.6618576049804688,0,7.049476623535156,9.658767700195313,2.4690780639648438,84.42201232910156,0,20.17687225341797,2.480224609375,0,47894.59539794922,33908.66833496094,0,34088599552,2147483648,7999942656,0
199,1787752951025,3500,3500,3500,3500,3500,3500,3500,3500,3500,3500,3500,3500,3500,3500,3500,3500,3500,3500,3500,3500,0.8256149291992188,1.3240203857421875,3.754180908203125,0.6872482299804688,0.6260147094726563,0.6406097412109375,3.1276168823242188,0.5766372680664063,0.5439529418945313,0.6007003784179688,0.545196533203125,0.8035430908203125,0.48859405517578125,26.522964477539063,12.277595520019531,0.5538177490234375,44.40936279296875,0.495269775390625,34.73970031738281,0.5325393676757813,0,47904.599060058594,33916.57843017578,0,34088599552,2147483648,8000126976,0
199,1787752951225,3500,3500,3500,3500,3500,3500,3500,3500,3500,3500,3500,3500,3500,3500,3500,3500,3500,3500,3500,3500,3.125518798828125,1.1019134521484375,7.963951110839844,2.920806884765625,2.9268569946289063,0.4888153076171875,0.36928558349609375,0.38683319091796875,0.38123321533203125,0.29885101318359375,0.2798004150390625,0.277099609375,0.24311065673828125,14.348869323730469,45.11410140991211,0.244659423828125,41.73142623901367,2.7747268676757813,3.0463333129882813,0.2671051025390625,0,47913.97540283203,33923.82531738281,0,34088599552,2147483648,8000258048,0
200,1787752951426,3500,3500,3500,3500,3500,3500,3500,3500,3500,3500,3500,3500,3500,3500,3500,3500,3500,3500,3500,3500,0.49796295166015625,1.3664321899414063,0.311981201171875,0.29988861083984375,0.379302978515625,0.49616241455078125,0.38640594482421875,2.8091812133789063,0.3299713134765625,2.7892379760742188,0.28609466552734375,0.6428070068359375,0.23476409912109375,2.6488418579101563,36.75784683227539,0.259002685546875,24.1689453125,0.3038330078125,41.26192855834961,0.25040435791015625,0,47923.984313964844,33931.72625732422,0,34088599552,2147483648,8000589824,0
199,1787752951626,3500,3500,3500,3500,3500,3500,3500,3500,3500,3500,3500,3500,3500,3500,3500,3500,3500,3500,3500,3500,0.7044525146484375,1.0994949340820313,0.28569793701171875,0.26921844482421875,0.723724365234375,0.28079986572265625,0.31610107421875,0.4659423828125,2.7789154052734375,0.36019134521484375,2.8295440673828125,0.6933670043945313,2.6807022094726563,12.159141540527344,13.797767639160156,0.2234344482421875,40.6634407043457,0.2553863525390625,48.443878173828125,0.26607513427734375,0,47934.19909667969,33939.79821777344,0,34088599552,2147483648,7987081216,0
200,1787752951826,3500,3500,3500,3500,3500,3500,3500,3500,3500,3500,3500,3500,3500,3500,3500,3500,3500,3500,3500,3500,0.5455169677734375,1.2780990600585938,0.31302642822265625,0.31512451171875,8.334121704101563,2.8414764404296875,0.31927490234375,0.250244140625,0.27553558349609375,0.287628173828125,0.26218414306640625,18.717666625976563,0.16851043701171875,24.109886169433594,20.84485626220703,2.7446975708007813,62.44654846191406,0.1974029541015625,0.3208770751953125,2.9210586547851563,0,47944.10107421875,33947.56512451172,0,34088599552,2147483648,7987081216,0
200,1787752952026,3500,3500,3500,3500,3500,3500,3500,3500,3500,3500,3500,3500,3500,3500,3500,3500,3500,3500,3500,3500,0.48114776611328125,3.62005615234375,2.7865829467773438,0.28836822509765625,0.47620391845703125,0.42362213134765625,2.9003372192382813,0.5089340209960938,0.5170669555664063,0.32703399658203125,0.38715362548828125,0.6537628173828125,0.22809600830078125,8.322784423828125,70.09796905517578,0.1663818359375,27.346885681152344,0.23323822021484375,0.5468521118164063,0.36071014404296875,0,47952.52557373047,33954.22180175781,0,34088599552,2147483648,7987077120,0
199,1787752952226,3500,3500,3500,3500,3500,3500,3500,3500,3500,3500,3500,3500,3500,3500,3500,3500,3500,3500,3500,3500,3.1251602172851563,1.203826904296875,0.31191253662109375,2.8075027465820313,2.7769241333007813,0.30072021484375,0.2526092529296875,0.27823638916015625,0.373260498046875,0.34249114990234375,0.28517913818359375,0.42647552490234375,0.19844818115234375,24.23369598388672,2.3303146362304688,0.22303009033203125,82.78092956542969,2.6774520874023438,2.8548660278320313,0.2819366455078125,0,47960.848571777344,33960.269470214844,0,34088599552,2147483648,7987208192,0
199,1787752952426,3500,3500,3500,3500,3500,3500,3500,3500,3500,3500,3500,3500,3500,3500,3500,3500,3500,3500,3500,3500,0.5890045166015625,1.1183624267578125,0.5943527221679688,0.30667877197265625,0.332977294921875,0.2838287353515625,0.32712554931640625,0.3863677978515625,0.35491943359375,2.7997817993164063,0.3048248291015625,0.2860260009765625,0.21778106689453125,5.776252746582031,4.1542816162109375,0.23188018798828125,50.20180892944336,0.2245330810546875,50.58858108520508,0.242279052734375,0,47969.89318847656,33967.43682861328,0,34088599552,2147483648,7987191808,0
200,1787752952627,3500,3500,3500,3500,3500,3500,3500,3500,3500,3500,3500,3500,3500,3500,3500,3500,3500,3500,3500,3500,0.49445343017578125,1.70965576171875,0.327606201171875,0.32205963134765625,0.34294891357421875,0.3087615966796875,0.32770538330078125,2.8686676025390625,2.8018417358398438,0.35764312744140625,2.7502517700195313,0.307708740234375,2.7794418334960938,1.1327743530273438,1.5052642822265625,0.30941009521484375,100,0.151458740234375,0.3520965576171875,0.33130645751953125,0,47979.198303222656,33974.247009277344,0,34088599552,2147483648,7987191808,0
200,1787752952827,3500,3500,3500,3500,3500,3500,3500,3500,3500,3500,3500,3500,3500,3500,3500,3500,3500,3500,3500,3500,0.48305511474609375,1.6262130737304688,0.2939605712890625,0.324432373046875,0.32668304443359375,2.8450698852539063,0.2903594970703125,0.2445526123046875,0.26982879638671875,0.29515838623046875,0.264434814453125,2.83282470703125,0.31719207763671875,1.5187530517578125,3.92413330078125,2.7745742797851563,100,0.1324920654296875,0.3951263427734375,2.9003753662109375,0,47987.724548339844,33980.54052734375,0,34088599552,2147483648,7987191808,0
200,1787752953027,3500,3500,3500,3500,3500,3500,3500,3500,3500,3500,3500,3500,3500,3500,3500,3500,3500,3500,3500,3500,0.46332550048828125,4.289642333984375,2.7163314819335938,0.22371673583984375,0.22896575927734375,0.30716705322265625,2.8232650756835938,0.2040252685546875,0.2387542724609375,0.16210174560546875,0.22841644287109375,0.20352935791015625,0.165802001953125,12.450576782226563,5.858757019042969,0.12842559814453125,89.46712493896484,0.08174896240234375,0.7840347290039063,0.316009521484375,0,47996.51037597656,33987.235900878906,0,34088599552,2147483648,7987187712,0
200,1787752953227,3500,3500,3500,3500,3500,3500,3500,3500,3500,3500,3500,3500,3500,3500,3500,3500,3500,3500,3500,3500,18.872650146484375,1.0859451293945313,0.36786651611328125,2.8733673095703125,2.9580001831054688,0.4193878173828125,0.5462646484375,0.40367889404296875,0.36432647705078125,0.31954193115234375,0.367218017578125,0.3393402099609375,0.26647186279296875,13.687744140625,12.439064025878906,0.2923126220703125,70.3801040649414,2.74359130859375,2.9546585083007813,0.3535003662109375,0,48003.84698486328,33992.38073730469,0,34088599552,2147483648,7987253248,0
200,1787752953428,3500,3500,3500,3500,3500,3500,3500,3500,3500,3500,3500,3500,3500,3500,3500,3500,3500,3500,3500,3500,0.5899658203125,1.32867431640625,0.29488372802734375,0.2790679931640625,0.408294677734375,0.3640899658203125,0.53472900390625,0.3534088134765625,0.28211212158203125,2.8276901245117188,0.274871826171875,0.3493194580078125,0.20636749267578125,17.512588500976563,17.58209228515625,0.226776123046875,70.12924194335938,0.1663055419921875,0.2877960205078125,0.2815093994140625,0,48012.320068359375,33998.73193359375,0,34088599552,2147483648,7987249152,0
200,1787752953628,3500,3500,3500,3500,3500,3500,3500,3500,3500,3500,3500,3500,3500,3500,3500,3500,3500,3500,3500,3500,0.6303482055664063,1.5978317260742188,0.315277099609375,0.29107666015625,0.42024993896484375,0.45922088623046875,0.46704864501953125,2.9618682861328125,2.8094406127929688,0.2512664794921875,2.761993408203125,0.3426666259765625,2.7650375366210938,1.1667022705078125,1.6115036010742188,0.22661590576171875,100,0.1163482666015625,0.32755279541015625,0.2988128662109375,0,48021.09783935547,34005.39971923828,0,34088599552,2147483648,7987240960,0
200,1787752953829,3500,3500,3500,3500,3500,3500,3500,3500,3500,3500,3500,3500,3500,3500,3500,3500,3500,3500,3500,3500,0.6847076416015625,1.500396728515625,0.2962799072265625,0.28699493408203125,0.40948486328125,2.9625701904296875,0.45189666748046875,0.38274383544921875,0.27771759033203125,0.245635986328125,0.20641326904296875,2.8958053588867188,0.2048187255859375,30.63860321044922,42.31174850463867,0.17183685302734375,26.176536560058594,0.2012786865234375,24.222694396972656,2.8048477172851563,0,48031.708984375,34013.841552734375,0,34088599552,2147483648,7987167232,0
200,1787752954029,3500,3500,3500,3500,3500,3500,3500,3500,3500,3500,3500,3500,3500,3500,3500,3500,3500,3500,3500,3500,0.5398712158203125,4.108680725097656,2.8195343017578125,0.329376220703125,0.4788360595703125,0.4196014404296875,3.0187530517578125,0.4282379150390625,0.2945404052734375,0.29483795166015625,0.30556488037109375,0.29004669189453125,0.26090240478515625,23.976287841796875,63.51675796508789,2.713134765625,16.994918823242188,0.28600311279296875,0.30512237548828125,0.32308197021484375,0,48041.26281738281,34021.26623535156,0,34088599552,2147483648,7987154944,0
200,1787752954229,3500,3500,3500,3500,3500,3500,3500,3500,3500,3500,3500,3500,3500,3500,3500,3500,3500,3500,3500,3500,3.057464599609375,0.7849349975585938,7.3201446533203125,2.7586517333984375,5.790313720703125,0.3787384033203125,0.33835601806640625,0.3635101318359375,0.2241363525390625,0.21834564208984375,0.2673187255859375,8.137870788574219,0.2303314208984375,36.14335250854492,77.43679809570313,0.14936065673828125,25.084091186523438,2.7325439453125,4.330268859863281,0.26097869873046875,0,48052.69305419922,34030.54064941406,0,34088599552,2147483648,7991312384,0
200,1787752954430,3500,3500,3500,3500,3500,3500,3500,3500,3500,3500,3500,3500,3500,3500,3500,3500,3500,3500,3500,3500,0.5414886474609375,0.38410186767578125,0.33493804931640625,0.31087493896484375,4.2842559814453125,0.24034881591796875,0.36438751220703125,0.27513885498046875,0.210296630859375,2.7506866455078125,0.2399444580078125,67.71524047851563,0.21563720703125,68.73966979980469,2.3615875244140625,0.2833709716796875,47.75334548950195,0.2551727294921875,11.744186401367188,0.32115936279296875,0,48063.99572753906,34039.705017089844,0,34088599552,2147483648,7995695104,0
200,1787752954630,3500,3500,3500,3500,3500,3500,3500,3500,3500,3500,3500,3500,3500,3500,3500,3500,3500,3500,3500,3500,0.561859130859375,0.64532470703125,2.3594970703125,0.27158355712890625,0.3101654052734375,0.246246337890625,0.23040008544921875,2.7527847290039063,2.7661819458007813,0.23400115966796875,2.784820556640625,0.2290496826171875,2.9761886596679688,42.59785842895508,21.488502502441406,0.134796142578125,58.78440475463867,0.13524627685546875,27.4310302734375,0.20536041259765625,0,48074.133544921875,34047.63165283203,0,34088599552,2147483648,7997988864,0
200,1787752954830,3500,3500,3500,3500,3500,3500,3500,3500,3500,3500,3500,3500,3500,3500,3500,3500,3500,3500,3500,3500,2.2876815795898438,0.9341964721679688,0.33087158203125,0.3470458984375,0.5550155639648438,0.33591461181640625,0.2720947265625,0.27533721923828125,0.4453887939453125,0.28347015380859375,0.37493896484375,3.3426361083984375,0.545684814453125,47.45232009887695,37.10187911987305,0.2080230712890625,63.102054595947266,0.19475555419921875,0.34864044189453125,2.8443527221679688,0,48084.19610595703,34055.49969482422,0,34088599552,2147483648,8001658880,0
200,1787752955031,3500,3500,3500,3500,3500,3500,3500,3500,3500,3500,3500,3500,3500,3500,3500,3500,3500,3500,3500,3500,0.6472930908203125,3.2309188842773438,2.8251113891601563,0.29559326171875,0.2694091796875,2.8202743530273438,2.8358383178710938,0.243377685546875,0.33913421630859375,0.25016021728515625,0.31040191650390625,0.36087799072265625,0.49947357177734375,47.85170364379883,19.42523193359375,2.710205078125,82.93382263183594,0.17215728759765625,0.29698944091796875,0.2825775146484375,0,48095.2880859375,34064.41052246094,0,34088599552,2147483648,8001089536,0
199,1787752955231,3500,3500,3500,3500,3500,3500,3500,3500,3500,3500,3500,3500,3500,3500,3500,3500,3500,3500,3500,3500,3.1963882446289063,0.7123794555664063,0.8493423461914063,2.84716796875,13.010055541992188,0.29654693603515625,0.2512054443359375,0.26653289794921875,0.41298675537109375,0.360809326171875,0.28436279296875,2.0904998779296875,0.4839935302734375,38.963253021240234,7.988105773925781,0.20322418212890625,70.45304870605469,2.70306396484375,31.95751190185547,0.2550506591796875,0,48105.71893310547,34072.65008544922,0,34088599552,2147483648,8001114112,0
200,1787752955431,3500,3500,3500,3500,3500,3500,3500,3500,3500,3500,3500,3500,3500,3500,3500,3500,3500,3500,3500,3500,0.931549072265625,0.46924591064453125,0.5298614501953125,0.310333251953125,4.190895080566406,0.6463546752929688,1.1671676635742188,0.34021759033203125,1.0168991088867188,2.9528121948242188,0.4187774658203125,2.5179443359375,0.447357177734375,51.19333267211914,35.35520935058594,0.25571441650390625,28.00257110595703,0.25591278076171875,48.45315933227539,0.2589569091796875,0,48113.750244140625,34078.46740722656,0,34088599552,2147483648,8003522560,0
200,1787752955631,3500,3500,3500,3500,3500,3500,3500,3500,3500,3500,3500,3500,3500,3500,3500,3500,3500,3500,3500,3500,0.5715484619140625,0.5315170288085938,31.33074951171875,0.28510284423828125,0.3060150146484375,0.18715667724609375,0.27956390380859375,2.7635040283203125,2.9679336547851563,0.42737579345703125,2.9267425537109375,0.49921417236328125,2.9431686401367188,60.78944778442383,4.892250061035156,0.2399749755859375,61.91697311401367,0.18331146240234375,7.6172637939453125,0.3148040771484375,0,48122.338439941406,34084.86944580078,0,34088599552,2147483648,8005787648,0
200,1787752955831,3500,3500,3500,3500,3500,3500,3500,3500,3500,3500,3500,3500,3500,3500,3500,3500,3500,3500,3500,3500,0.5813217163085938,0.8015289306640625,0.35018157958984375,0.423614501953125,0.2895355224609375,0.314117431640625,0.3396453857421875,0.2929840087890625,0.4351043701171875,0.4053802490234375,0.43880462646484375,3.0146255493164063,0.47727203369140625,52.322628021240234,64.40055847167969,0.2094573974609375,32.620628356933594,0.247528076171875,0.33484649658203125,2.8438796997070313,0,48131.781188964844,34092.13427734375,0,34088599552,2147483648,8006193152,0
200,1787752956032,3500,3500,3500,3500,3500,3500,3500,3500,3500,3500,3500,3500,3500,3500,3500,3500,3500,3500,3500,3500,6.5489349365234375,2.9280471801757813,27.780921936035156,0.22735595703125,0.303955078125,2.7180099487304688,2.8657684326171875,0.296966552734375,0.27954864501953125,0.307098388671875,0.2810516357421875,0.3233184814453125,0.44916534423828125,54.760623931884766,29.64466094970703,2.7077789306640625,71.23985290527344,0.15938568115234375,9.163246154785156,0.27291107177734375,0,48140.789611816406,34098.90856933594,0,34088599552,2147483648,8019927040,0
200,1787752956232,3500,3500,3500,3500,3500,3500,3500,3500,3500,3500,3500,3500,3500,3500,3500,3500,3500,3500,3500,3500,0.8618087768554688,0.36615753173828125,61.259525299072266,2.7415771484375,0.21834564208984375,0.27077484130859375,0.3169708251953125,0.20757293701171875,0.33807373046875,0.33786773681640625,0.3132781982421875,1.069580078125,0.38042449951171875,60.685298919677734,11.511489868164063,0.21844482421875,38.161460876464844,2.6960830688476563,35.879974365234375,0.23386383056640625,0,48152.41455078125,34108.278381347656,0,34088599552,2147483648,8019251200,0
199,1787752956433,3500,3500,3500,3500,3500,3500,3500,3500,3500,3500,3500,3500,3500,3500,3500,3500,3500,3500,3500,3500,3.106048583984375,0.7005996704101563,1.22442626953125,0.3222198486328125,2.7961044311523438,0.282012939453125,0.36810302734375,0.26595306396484375,0.3105926513671875,2.8835906982421875,0.24904632568359375,0.41603851318359375,0.5111083984375,51.67991638183594,22.519027709960938,0.21936798095703125,73.53645324707031,0.16574859619140625,0.5678176879882813,0.412750244140625,0,48161.45751953125,34115.14288330078,0,34088599552,2147483648,8018292736,0
200,1787752956633,3500,3500,3500,3500,3500,3500,3500,3500,3500,3500,3500,3500,3500,3500,3500,3500,3500,3500,3500,3500,0.49298858642578125,0.6937103271484375,0.2533416748046875,0.26898193359375,0.2264556884765625,0.21286773681640625,0.21311187744140625,2.7982177734375,2.73040771484375,0.22345733642578125,2.80950927734375,0.22110748291015625,2.9622116088867188,52.90284729003906,46.81363296508789,0.173736572265625,36.743309020996094,0.18433380126953125,15.994743347167969,0.23804473876953125,0,48173.01721191406,34124.52795410156,0,34088599552,2147483648,8007245824,0
200,1787752956833,3500,3500,3500,3500,3500,3500,3500,3500,3500,3500,3500,3500,3500,3500,3500,3500,3500,3500,3500,3500,3.8658523559570313,0.7326126098632813,28.52721405029297,0.3003082275390625,0.286041259765625,0.2543182373046875,0.28189849853515625,0.3091888427734375,0.3429107666015625,0.42641448974609375,0.2944183349609375,3.0881881713867188,0.495361328125,51.47338104248047,15.306358337402344,0.22388458251953125,5.40655517578125,0.2713775634765625,68.06916809082031,2.7565536499023438,0,48183.60754394531,34132.91796875,0,34088599552,2147483648,8007938048,0
200,1787752957034,3500,3500,3500,3500,3500,3500,3500,3500,3500,3500,3500,3500,3500,3500,3500,3500,3500,3500,3500,3500,2.7079391479492188,1.4457855224609375,18.68817138671875,0,0,0.25665283203125,0.206878662109375,0,0,0,0,0,0,67.17423248291016,22.089256286621094,0.9419174194335938,49.18528747558594,0,72.71345520019531,0,0,48196.85205078125,34143.77911376953,0,34088599552,2147483648,8030449664,0
200,1787752957235,3500,3500,3500,3500,3500,3500,3500,3500,3500,3500,3500,3500,3500,3500,3500,3500,3500,3500,3500,3500,32.89788818359375,1.62158203125,50.71332550048828,1.8231124877929688,1.801727294921875,1.7421493530273438,1.7828369140625,1.8171157836914063,1.8060455322265625,1.7374801635742188,1.7438812255859375,39.44566345214844,1.6301116943359375,59.700225830078125,93.65959930419922,1.7083740234375,67.412841796875,4.3055572509765625,55.916419982910156,1.7385482788085938,0,48210.551208496094,34155.51989746094,0,34088599552,2147483648,8092258304,0
200,1787752957435,3500,3500,3500,3500,3500,3500,3500,3500,3500,3500,3500,3500,3500,3500,3500,3500,3500,3500,3500,3500,3.3186798095703125,0.41387176513671875,74.44133758544922,2.7282485961914063,3.0865478515625,0.27667999267578125,0.28151702880859375,0.31439971923828125,0.2293853759765625,2.7405242919921875,0.2743377685546875,27.62499237060547,0.255279541015625,62.4521369934082,33.48389434814453,0.2737884521484375,6.932403564453125,0.256927490234375,3.1882705688476563,0.4915008544921875,0,48222.50018310547,34165.17889404297,0,34088599552,2147483648,8054681600,0
200,1787752957635,3500,3500,3500,3500,3500,3500,3500,3500,3500,3500,3500,3500,3500,3500,3500,3500,3500,3500,3500,3500,0.7757644653320313,0.3968963623046875,0.7269973754882813,0.34343719482421875,0.45066070556640625,0.390655517578125,0.3551788330078125,2.9232864379882813,2.8540878295898438,0.29248046875,2.813568115234375,0.31880950927734375,3.0928115844726563,48.501007080078125,54.073944091796875,0.241119384765625,34.38383483886719,0.215240478515625,36.331016540527344,0.23831939697265625,0,48232.66864013672,34172.972412109375,0,34088599552,2147483648,8054628352,0
200,1787752957836,3500,3500,3500,3500,3500,3500,3500,3500,3500,3500,3500,3500,3500,3500,3500,3500,3500,3500,3500,3500,0,0,0,0,0,0,0,0,0,0,0,1.3050994873046875,0,57.4046745300293,30.686065673828125,0,53.84070587158203,0,29.775169372558594,0.40483856201171875,0,48244.773193359375,34182.809997558594,0,34088599552,2147483648,8056999936,0
200,1787752958036,3500,3500,3500,3500,3500,3500,3500,3500,3500,3500,3500,3500,3500,3500,3500,3500,3500,3500,3500,3500,1.18695068359375,3.505950927734375,3.4348602294921875,0.8658523559570313,0.9879531860351563,3.5283050537109375,3.4743728637695313,0.9201431274414063,0.8611602783203125,0.802581787109375,0.8512725830078125,0.8628311157226563,0.8921432495117188,71.55074310302734,36.92082214355469,3.340667724609375,67.30335998535156,0.7153472900390625,1.3635406494140625,1.7440185546875,0,48255.03381347656,34190.93212890625,0,34088599552,2147483648,8074223616,0
200,1787752958236,3500,3500,3500,3500,3500,3500,3500,3500,3500,3500,3500,3500,3500,3500,3500,3500,3500,3500,3500,3500,1.6173248291015625,0.48992919921875,13.892105102539063,0.307342529296875,0.2692413330078125,0.25550079345703125,0.334564208984375,0.3241729736328125,0.2407684326171875,0.2769317626953125,0.3047943115234375,0.30594635009765625,0.32787322998046875,76.67752075195313,9.562973022460938,0.27982330322265625,83.71681213378906,2.6912307739257813,4.2114715576171875,0.2938079833984375,0,48264.126953125,34197.83966064453,0,34088599552,2147483648,8060420096,0
200,1787752958436,3500,3500,3500,3500,3500,3500,3500,3500,3500,3500,3500,3500,3500,3500,3500,3500,3500,3500,3500,3500,3.0525360107421875,0.36260223388671875,10.058639526367188,2.904693603515625,2.802032470703125,0.29399871826171875,0.32970428466796875,0.22319793701171875,0.3144683837890625,2.8734817504882813,0.276824951171875,0.379180908203125,0.35062408447265625,76.33285522460938,13.427146911621094,0.32605743408203125,75.43592834472656,0.1771087646484375,9.411224365234375,0.32086181640625,0,48277.56396484375,34209.09295654297,0,34088599552,2147483648,8059334656,0
199,1787752958637,3500,3500,3500,3500,3500,3500,3500,3500,3500,3500,3500,3500,3500,3500,3500,3500,3500,3500,3500,3500,0.8240966796875,0.542572021484375,13.655593872070313,0.28746795654296875,0.2287445068359375,0.2793731689453125,0.31627655029296875,2.7601089477539063,2.7509689331054688,0.29720306396484375,2.7547683715820313,0.33255767822265625,2.968231201171875,60.544151306152344,54.6695556640625,0.16158294677734375,60.569068908691406,0.170318603515625,15.962455749511719,0.35752105712890625,0,48287.411560058594,34216.70489501953,0,34088599552,2147483648,8059084800,0
200,1787752958837,3500,3500,3500,3500,3500,3500,3500,3500,3500,3500,3500,3500,3500,3500,3500,3500,3500,3500,3500,3500,2.2819976806640625,0.674530029296875,0.30045318603515625,0.37133026123046875,0.23102569580078125,0.3466339111328125,0.37337493896484375,0.25316619873046875,0.3282928466796875,0.2917022705078125,0.27161407470703125,2.90484619140625,0.39797210693359375,62.15510177612305,6.688652038574219,0.2583160400390625,67.92605590820313,0.18109130859375,26.31744384765625,0.32624053955078125,0,48298.438903808594,34225.54364013672,0,34088599552,2147483648,8060325888,0
199,1787752959037,3500,3500,3500,3500,3500,3500,3500,3500,3500,3500,3500,3500,3500,3500,3500,3500,3500,3500,3500,3500,0.6453704833984375,2.9038619995117188,78.06568145751953,0.229522705078125,0.3297271728515625,2.9511947631835938,2.835662841796875,0.36382293701171875,0.30600738525390625,0.42363739013671875,0.32617950439453125,0.321685791015625,0.36821746826171875,75.89955139160156,6.554847717285156,2.8144378662109375,26.596595764160156,0.300018310546875,0.7802734375,2.894378662109375,0,48309.962890625,34234.906982421875,0,34088599552,2147483648,8059486208,0
200,1787752959237,3500,3500,3500,3500,3500,3500,3500,3500,3500,3500,3500,3500,3500,3500,3500,3500,3500,3500,3500,3500,0.6881256103515625,0.4378662109375,9.668022155761719,0.24750518798828125,0.22650909423828125,0.169219970703125,0.26795196533203125,0.23125457763671875,0.2390594482421875,0.3361358642578125,0.30759429931640625,0.311492919921875,0.30924224853515625,70.3360595703125,48.326759338378906,0.19366455078125,66.10318756103516,2.6513137817382813,17.94989776611328,0.19016265869140625,0,48320.84649658203,34243.54559326172,0,34088599552,2147483648,8062521344,0
200,1787752959437,3500,3500,3500,3500,3500,3500,3500,3500,3500,3500,3500,3500,3500,3500,3500,3500,3500,3500,3500,3500,7.308403015136719,0.7895050048828125,6.6649322509765625,2.8810577392578125,2.8902359008789063,0.3634796142578125,0.4105072021484375,0.280792236328125,0.45439910888671875,3.0278396606445313,0.44287872314453125,0.5966415405273438,0.6400833129882813,35.572715759277344,31.73717498779297,0.336944580078125,63.55768585205078,0.27410888671875,39.45219802856445,0.309967041015625,0,48333.125549316406,34253.62292480469,0,34088599552,2147483648,8062853120,0
200,1787752959638,3500,3500,3500,3500,3500,3500,3500,3500,3500,3500,3500,3500,3500,3500,3500,3500,3500,3500,3500,3500,0.53271484375,0.90093994140625,0.293121337890625,0.3198394775390625,0.245880126953125,0.2747955322265625,0.26915740966796875,2.8665618896484375,0.42670440673828125,0.47393798828125,3.0045852661132813,0.4233551025390625,3.0925216674804688,31.94495391845703,53.328941345214844,0.20653533935546875,42.541221618652344,0.2452850341796875,6.146392822265625,0.27928924560546875,0,48342.47723388672,34260.804260253906,0,34088599552,2147483648,8062906368,0
200,1787752959838,3500,3500,3500,3500,3500,3500,3500,3500,3500,3500,3500,3500,3500,3500,3500,3500,3500,3500,3500,3500,0.5570220947265625,0.9906082153320313,0.3081512451171875,0.30844879150390625,0.28619384765625,0.24872589111328125,0.2961273193359375,0.37461090087890625,2.7999343872070313,0.33873748779296875,0.219635009765625,2.9774093627929688,0.6612014770507813,29.33300018310547,53.49930953979492,0.1912994384765625,30.353546142578125,0.24228668212890625,17.37096405029297,0.31752777099609375,0,48351.65557861328,34267.81506347656,0,34088599552,2147483648,8063176704,0
200,1787752960038,3500,3500,3500,3500,3500,3500,3500,3500,3500,3500,3500,3500,3500,3500,3500,3500,3500,3500,3500,3500,2.59307861328125,2.9861221313476563,16.529312133789063,0.09598541259765625,0.079803466796875,2.6493682861328125,2.6501617431640625,0.1216583251953125,0.1287994384765625,0.11406707763671875,0.10013580322265625,0.20520782470703125,0.43239593505859375,38.83554458618164,39.88052749633789,2.57220458984375,55.54694366455078,0.0318603515625,6.006904602050781,2.6978607177734375,0,48362.388244628906,34276.321838378906,0,34088599552,2147483648,8062386176,0
201,1787752960239,3500,3500,3500,3500,3500,3500,3500,3500,3500,3500,3500,3500,3500,3500,3500,3500,3500,3500,3500,3500,8.65167236328125,0.9026870727539063,5.91265869140625,0.5271835327148438,0.7972412109375,0.4499969482421875,0.485443115234375,0.53167724609375,0.4603271484375,0.44036102294921875,0.45763397216796875,4.245628356933594,0.69793701171875,36.1402702331543,33.08301544189453,0.423980712890625,68.56189727783203,2.9025802612304688,26.03900146484375,0.44365692138671875,0,48374.274353027344,34286.00427246094,0,34088599552,2147483648,8064040960,0
200,1787752960440,3500,3500,3500,3500,3500,3500,3500,3500,3500,3500,3500,3500,3500,3500,3500,3500,3500,3500,3500,3500,2.0792312622070313,0,5.709747314453125,1.8443069458007813,2.474456787109375,0,0,0,0,1.91314697265625,0,0,0,32.907379150390625,59.27982711791992,0,33.857810974121094,0,1.3960723876953125,0,0,48384.44543457031,34293.98358154297,0,34088599552,2147483648,8067313664,0
200,1787752960640,3500,3500,3500,3500,3500,3500,3500,3500,3500,3500,3500,3500,3500,3500,3500,3500,3500,3500,3500,3500,0.43988800048828125,0.9420013427734375,0.296356201171875,0.25138092041015625,0.2586212158203125,0.20021820068359375,0.31560516357421875,2.8422317504882813,0.27942657470703125,0.2280120849609375,0.6396560668945313,0.6868972778320313,3.08984375,28.43396759033203,48.1121826171875,0.13177490234375,55.96137237548828,0.15604400634765625,0.2795257568359375,0.26113128662109375,0,48395.1748046875,34302.56854248047,0,34088599552,2147483648,8065470464,0
200,1787752960840,3500,3500,3500,3500,3500,3500,3500,3500,3500,3500,3500,3500,3500,3500,3500,3500,3500,3500,3500,3500,0.5625228881835938,0.8246612548828125,0.54644775390625,0.3431396484375,0.27622222900390625,0.32495880126953125,0.16290283203125,0.315521240234375,2.7546463012695313,0.32221221923828125,2.4367752075195313,3.1448287963867188,0.5924911499023438,34.41450500488281,28.72198486328125,0.19451904296875,78.13998413085938,0.19441986083984375,2.4735794067382813,0.25274658203125,0,48406.209899902344,34311.392150878906,0,34088599552,2147483648,8065880064,0
200,1787752961041,3500,3500,3500,3500,3500,3500,3500,3500,3500,3500,3500,3500,3500,3500,3500,3500,3500,3500,3500,3500,0.6211929321289063,3.54290771484375,2.86944580078125,0.39858245849609375,0.42621612548828125,2.8030548095703125,2.817718505859375,0.2862091064453125,0.2984771728515625,0.2696990966796875,0.24810028076171875,0.26984405517578125,0.5239791870117188,31.76673126220703,28.180274963378906,2.7287826538085938,75.07318115234375,0.17337799072265625,0.4680633544921875,2.7999649047851563,0,48415.41082763672,34318.408935546875,0,34088599552,2147483648,8065888256,0
200,1787752961241,3500,3500,3500,3500,3500,3500,3500,3500,3500,3500,3500,3500,3500,3500,3500,3500,3500,3500,3500,3500,0.6178741455078125,1.183868408203125,0.37818145751953125,0.348175048828125,0.48906707763671875,0.41817474365234375,0.3977508544921875,0.4812774658203125,0.300750732421875,0.30728912353515625,0.290863037109375,0.30654144287109375,0.595306396484375,35.038352966308594,40.55855941772461,0.22321319580078125,56.788124084472656,2.75640869140625,3.7892074584960938,0.30279541015625,0,48424.20245361328,34325.014709472656,0,34088599552,2147483648,8065429504,0
200,1787752961441,3500,3500,3500,3500,3500,3500,3500,3500,3500,3500,3500,3500,3500,3500,3500,3500,3500,3500,3500,3500,3.0809860229492188,0.4861907958984375,0.31526947021484375,2.8135833740234375,2.8473587036132813,0.197906494140625,0.357086181640625,0.22418212890625,0.3022308349609375,2.8520050048828125,0.25146484375,0.3366546630859375,0.612396240234375,29.66522979736328,47.02631378173828,0.21539306640625,21.032127380371094,0.23468017578125,41.49003219604492,0.2334747314453125,0,48433.404235839844,34332.059143066406,0,34088599552,2147483648,8065695744,0
200,1787752961641,3500,3500,3500,3500,3500,3500,3500,3500,3500,3500,3500,3500,3500,3500,3500,3500,3500,3500,3500,3500,0.5890426635742188,0.8943328857421875,0.46398162841796875,0.29784393310546875,0.31583404541015625,0.246978759765625,0.21634674072265625,2.7984085083007813,0.30623626708984375,0.19231414794921875,0.2476806640625,1.0448760986328125,3.190093994140625,33.60298156738281,32.37297821044922,0.20440673828125,52.46381759643555,0.2093048095703125,32.96142578125,0.2126007080078125,0,48443.283935546875,34339.71130371094,0,34088599552,2147483648,8050167808,0
199,1787752961841,3500,3500,3500,3500,3500,3500,3500,3500,3500,3500,3500,3500,3500,3500,3500,3500,3500,3500,3500,3500,0.6289901733398438,1.093292236328125,0.30810546875,0.41646575927734375,0.29986572265625,0.27529144287109375,0.31689453125,0.35498809814453125,2.7495498657226563,0.27854156494140625,2.8662490844726563,5.963951110839844,0.598175048828125,29.388511657714844,66.20133972167969,0.17467498779296875,30.723983764648438,0.26660919189453125,8.192222595214844,0.31774139404296875,0,48453.913024902344,34348.17639160156,0,34088599552,2147483648,8012369920,0
200,1787752962041,3500,3500,3500,3500,3500,3500,3500,3500,3500,3500,3500,3500,3500,3500,3500,3500,3500,3500,3500,3500,0.477935791015625,3.5461044311523438,2.8507003784179688,0.33895111083984375,0.1790771484375,2.8590011596679688,0.214569091796875,0.35140228271484375,0.28560638427734375,0.34515380859375,0.39269256591796875,0.34204864501953125,0.5661239624023438,31.065467834472656,39.323665618896484,2.7515640258789063,41.06127166748047,0.19132232666015625,24.767898559570313,2.778961181640625,0,48464.517822265625,34356.58367919922,0,34088599552,2147483648,8015208448,0
199,1787752962242,3500,3500,3500,3500,3500,3500,3500,3500,3500,3500,3500,3500,3500,3500,3500,3500,3500,3500,3500,3500,0.5273361206054688,0.40771484375,5.699432373046875,0.2703094482421875,0.27561187744140625,0.2431793212890625,2.8488693237304688,0.29199981689453125,0.42910003662109375,0.47271728515625,0.5170364379882813,1.0302352905273438,0.33901214599609375,59.69335174560547,24.5098876953125,0.30353546142578125,34.41059875488281,0.18996429443359375,39.328975677490234,0.20500946044921875,0,48476.855529785156,34366.756896972656,0,34088599552,2147483648,8013180928,0
200,1787752962442,3500,3500,3500,3500,3500,3500,3500,3500,3500,3500,3500,3500,3500,3500,3500,3500,3500,3500,3500,3500,3.235931396484375,0.3134918212890625,32.80287170410156,2.8941116333007813,2.799957275390625,0.256317138671875,0.3632659912109375,0.2884979248046875,0.29584503173828125,2.8298416137695313,0.30524444580078125,3.7511672973632813,0.2862548828125,49.58269119262695,21.79174041748047,0.299346923828125,35.162506103515625,2.7737197875976563,35.166954040527344,0.24637603759765625,0,48485.993408203125,34373.74475097656,0,34088599552,2147483648,8013185024,0
199,1787752962642,3500,3500,3500,3500,3500,3500,3500,3500,3500,3500,3500,3500,3500,3500,3500,3500,3500,3500,3500,3500,0.5810394287109375,0.32220458984375,0.3210601806640625,0.266876220703125,0.32096099853515625,0.2258758544921875,0.26752471923828125,2.769866943359375,0.20789337158203125,0.2670745849609375,0.25194549560546875,4.736961364746094,2.708740234375,84.6859130859375,49.43154525756836,0.186370849609375,25.43042755126953,0.197509765625,26.050918579101563,0.21938323974609375,0,48496.59063720703,34382.202697753906,0,34088599552,2147483648,8014254080,0
200,1787752962842,3500,3500,3500,3500,3500,3500,3500,3500,3500,3500,3500,3500,3500,3500,3500,3500,3500,3500,3500,3500,0.8359222412109375,0.355926513671875,0.337738037109375,0.3161468505859375,44.3812141418457,0.390350341796875,0.218963623046875,0.26908111572265625,5.211692810058594,0.2004241943359375,2.7273712158203125,57.166255950927734,0.2861175537109375,19.398849487304688,1.1577682495117188,0.2996063232421875,81.70269775390625,0.171295166015625,0.4948883056640625,0.34548187255859375,0,48507.50451660156,34390.968811035156,0,34088599552,2147483648,8014831616,0
200,1787752963042,3500,3500,3500,3500,3500,3500,3500,3500,3500,3500,3500,3500,3500,3500,3500,3500,3500,3500,3500,3500,3.1250381469726563,2.8026275634765625,3.1706695556640625,0.20641326904296875,37.98666000366211,2.7416152954101563,0.1377105712890625,0.18514251708984375,7.159767150878906,0.10770416259765625,0.14794921875,60.33006286621094,0.125030517578125,82.99562072753906,25.19666290283203,2.6456451416015625,8.447738647460938,0.18215179443359375,1.5711822509765625,2.7082138061523438,0,48516.73095703125,34398.13836669922,0,34088599552,2147483648,8015183872,0
198,1787752963245,3500,3500,3500,3500,3500,3500,3500,3500,3500,3500,3500,3500,3500,3500,3500,3500,3500,3500,3500,3500,0.6244888305664063,0.3101959228515625,0.9908523559570313,0.33089447021484375,11.157295227050781,0.5993423461914063,2.971221923828125,0.44857025146484375,16.00775909423828,0.14499664306640625,0.139068603515625,75.31135559082031,0.7973480224609375,12.055915832519531,23.39678955078125,0.23648834228515625,71.93074035644531,0.13501739501953125,12.841453552246094,0.2549591064453125,0,48528.42443847656,34407.51550292969,0,34088599552,2147483648,8015302656,0
200,1787752963443,3500,3500,3500,3500,3500,3500,3500,3500,3500,3500,3500,3500,3500,3500,3500,3500,3500,3500,3500,3500,3.2184295654296875,0.45937347412109375,62.644775390625,2.8758163452148438,5.100532531738281,0.5801162719726563,0.5642852783203125,0.5051956176757813,0.2855987548828125,2.8271102905273438,0.28005218505859375,100,0.4026031494140625,3.1660995483398438,2.6246490478515625,0.36948394775390625,17.972625732421875,2.93878173828125,24.96271514892578,0.40053558349609375,0,48537.636779785156,34415.17004394531,0,34088599552,2147483648,8014655488,0
200,1787752963644,3500,3500,3500,3500,3500,3500,3500,3500,3500,3500,3500,3500,3500,3500,3500,3500,3500,3500,3500,3500,0.57598876953125,0.2928619384765625,0.3907318115234375,0.30239105224609375,0.546844482421875,0.4014129638671875,0.3076324462890625,2.8813018798828125,0.12981414794921875,0.12646484375,0.13570404052734375,100,0.5079193115234375,0.40076446533203125,82.15084838867188,0.1272125244140625,10.5753173828125,0.207672119140625,11.16473388671875,0.20706939697265625,0,48548.199279785156,34423.03009033203,0,34088599552,2147483648,8014643200,0
200,1787752963844,3500,3500,3500,3500,3500,3500,3500,3500,3500,3500,3500,3500,3500,3500,3500,3500,3500,3500,3500,3500,0.5438461303710938,0.3433074951171875,55.505550384521484,0.2451171875,0.31005859375,0.27077484130859375,0.27866363525390625,0.29004669189453125,2.7147750854492188,0.193145751953125,2.7173690795898438,100,2.7743301391601563,0.42568206787109375,28.9737548828125,0.2440185546875,18.537391662597656,0.26343536376953125,11.940139770507813,0.30477142333984375,0,48558.78564453125,34431.44494628906,0,34088599552,2147483648,8015147008,0
199,1787752964044,3500,3500,3500,3500,3500,3500,3500,3500,3500,3500,3500,3500,3500,3500,3500,3500,3500,3500,3500,3500,0.5276412963867188,2.847137451171875,17.184242248535156,0.2548828125,1.4011459350585938,2.80499267578125,0.2739105224609375,0.2400970458984375,0.1437225341796875,0.14476776123046875,0.1417694091796875,100,0.3966522216796875,0.40264892578125,43.69166946411133,2.7458114624023438,30.66606903076172,0.2428436279296875,16.469085693359375,2.79840087890625,0,48567.791015625,34438.30847167969,0,34088599552,2147483648,8015495168,0
200,1787752964244,3500,3500,3500,3500,3500,3500,3500,3500,3500,3500,3500,3500,3500,3500,3500,3500,3500,3500,3500,3500,0.54296875,0.3449554443359375,2.970245361328125,0.42946624755859375,0.32471466064453125,0.2440948486328125,2.8736343383789063,0.331756591796875,0.18732452392578125,0.17847442626953125,0.17777252197265625,100,0.42127227783203125,0.4091796875,24.2491455078125,0.307373046875,42.79844665527344,0.2301025390625,36.2551155090332,0.24224853515625,0,48578.02606201172,34446.408935546875,0,34088599552,2147483648,8018010112,0
200,1787752964445,3500,3500,3500,3500,3500,3500,3500,3500,3500,3500,3500,3500,3500,3500,3500,3500,3500,3500,3500,3500,3.1382904052734375,0.3028717041015625,72.5986328125,2.683837890625,6.2015533447265625,0.22380828857421875,0.30072021484375,0.23299407958984375,1.3787765502929688,2.6941146850585938,0.1697998046875,100,0.47386932373046875,2.9940872192382813,1.3621063232421875,0.25689697265625,28.530685424804688,2.7432785034179688,7.114753723144531,0.2957305908203125,0,48587.36846923828,34453.547302246094,0,34088599552,2147483648,8019906560,0
200,1787752964645,3500,3500,3500,3500,3500,3500,3500,3500,3500,3500,3500,3500,3500,3500,3500,3500,3500,3500,3500,3500,0.651641845703125,0.38094329833984375,2.3560638427734375,0.284759521484375,0.3193359375,0.3393402099609375,0.33425140380859375,2.8826828002929688,0.18658447265625,0.18084716796875,0.1709136962890625,100,0.5921249389648438,0.5880279541015625,23.765792846679688,0.3325042724609375,65.81053161621094,0.22808837890625,34.41027069091797,0.2906494140625,0,48598.02575683594,34461.980224609375,0,34088599552,2147483648,8021630976,0
200,1787752964845,3500,3500,3500,3500,3500,3500,3500,3500,3500,3500,3500,3500,3500,3500,3500,3500,3500,3500,3500,3500,0.6070785522460938,0.32147979736328125,0.3239288330078125,0.352325439453125,0.27130126953125,0.2544097900390625,0.2255706787109375,0.32843017578125,2.6913681030273438,0.15224456787109375,2.6786727905273438,100,3.0384445190429688,0.5136642456054688,92.2757568359375,0.15424346923828125,10.017959594726563,0.29559326171875,0.70184326171875,0.2671051025390625,0,48608.65368652344,34470.478088378906,0,34088599552,2147483648,8021635072,0
199,1787752965046,3500,3500,3500,3500,3500,3500,3500,3500,3500,3500,3500,3500,3500,3500,3500,3500,3500,3500,3500,3500,0.5310516357421875,2.8398361206054688,15.650833129882813,0.3183135986328125,0.309234619140625,2.7975997924804688,0.2747802734375,0.29901123046875,0.16895294189453125,0.16082763671875,0.16356658935546875,100,0.5279159545898438,0.534698486328125,49.01608657836914,2.74359130859375,3.6114120483398438,0.2995147705078125,39.2264518737793,2.7679290771484375,0,48618.29931640625,34477.99395751953,0,34088599552,2147483648,8021635072,0
200,1787752965246,3500,3500,3500,3500,3500,3500,3500,3500,3500,3500,3500,3500,3500,3500,3500,3500,3500,3500,3500,3500,0.61468505859375,0.30136871337890625,2.9344711303710938,0.393096923828125,0.230438232421875,0.31841278076171875,2.8094024658203125,0.3101654052734375,0.1498565673828125,0.1512603759765625,0.15860748291015625,100,0.5182647705078125,0.520965576171875,10.659126281738281,0.2575836181640625,47.88286209106445,0.20009613037109375,44.96763229370117,0.23303985595703125,0,48627.606018066406,34485.170654296875,0,34088599552,2147483648,8021635072,0
200,1787752965446,3500,3500,3500,3500,3500,3500,3500,3500,3500,3500,3500,3500,3500,3500,3500,3500,3500,3500,3500,3500,21.838638305664063,0.25833892822265625,9.080848693847656,2.86102294921875,41.59101486206055,0.7165298461914063,0.5085830688476563,0.1496124267578125,23.525184631347656,2.6747665405273438,0.1410675048828125,37.865394592285156,0.32932281494140625,2.8703231811523438,62.87178039550781,0.12976837158203125,12.218658447265625,2.747100830078125,11.290176391601563,0.24993896484375,0,48638.09143066406,34493.50671386719,0,34088599552,2147483648,8019492864,0
200,1787752965646,3500,3500,3500,3500,3500,3500,3500,3500,3500,3500,3500,3500,3500,3500,3500,3500,3500,3500,3500,3500,0.5635452270507813,0.38347625732421875,0.553924560546875,0.423553466796875,8.72332763671875,0.33172607421875,0.243682861328125,2.8274459838867188,100,0.18560791015625,0.193084716796875,0.1973724365234375,0.435272216796875,0.45037841796875,100,0.17115020751953125,3.1709365844726563,0.332122802734375,0.72412109375,0.3205108642578125,0,48647.840759277344,34501.098571777344,0,34088599552,2147483648,8019607552,0
200,1787752965847,3500,3500,3500,3500,3500,3500,3500,3500,3500,3500,3500,3500,3500,3500,3500,3500,3500,3500,3500,3500,0.6012725830078125,0.333587646484375,0.4467315673828125,0.431854248046875,0.34722137451171875,0.2094573974609375,0.314117431640625,0.2975921630859375,100,0.17910003662109375,2.7071151733398438,0.17336273193359375,2.9214706420898438,0.4191741943359375,9.683837890625,0.33344268798828125,61.493587493896484,0.2114105224609375,31.521949768066406,0.2411651611328125,0,48658.26739501953,34509.36688232422,0,34088599552,2147483648,8019607552,0
200,1787752966047,3500,3500,3500,3500,3500,3500,3500,3500,3500,3500,3500,3500,3500,3500,3500,3500,3500,3500,3500,3500,0.6296768188476563,2.8846893310546875,1.7948455810546875,0.3105010986328125,63.25537109375,2.6827926635742188,0.13060760498046875,0.15100860595703125,37.0308837890625,0.1914215087890625,0.18418121337890625,2.7248992919921875,0.353851318359375,0.36817169189453125,5.905517578125,2.8151931762695313,80.54412841796875,0.1359405517578125,22.39398193359375,2.69915771484375,0,48669.05847167969,34518.01037597656,0,34088599552,2147483648,8019861504,0
200,1787752966247,3500,3500,3500,3500,3500,3500,3500,3500,3500,3500,3500,3500,3500,3500,3500,3500,3500,3500,3500,3500,0.56939697265625,0.3544464111328125,2.9765090942382813,0.41379547119140625,100,0.172760009765625,2.7089920043945313,0.17889404296875,0.33150482177734375,0.26886749267578125,0.31235504150390625,0.28018951416015625,0.42496490478515625,0.43060302734375,46.92229461669922,0.25605010986328125,29.53382110595703,0.26702117919921875,26.93274688720703,0.26726531982421875,0,48677.52990722656,34524.33233642578,0,34088599552,2147483648,8019861504,0
200,1787752966448,3500,3500,3500,3500,3500,3500,3500,3500,3500,3500,3500,3500,3500,3500,3500,3500,3500,3500,3500,3500,26.291481018066406,0.24912261962890625,0.3822479248046875,2.8543930053710938,100,0.1416015625,0.1438446044921875,0.13037872314453125,3.5211944580078125,2.764984130859375,0.28265380859375,0.2767181396484375,0.3301544189453125,2.82470703125,65.69193267822266,0.16275787353515625,15.878143310546875,2.7872848510742188,3.1869964599609375,0.26389312744140625,0,48689.29650878906,34533.96875,0,34088599552,2147483648,8019709952,0
200,1787752966648,3500,3500,3500,3500,3500,3500,3500,3500,3500,3500,3500,3500,3500,3500,3500,3500,3500,3500,3500,3500,0.6672439575195313,0.380096435546875,0.2941741943359375,0.3445892333984375,100,0.1627197265625,0.167755126953125,2.6761474609375,0.29038238525390625,0.2830047607421875,0.34294891357421875,0.2891387939453125,0.3425445556640625,0.2911834716796875,83.06927490234375,0.1870574951171875,3.7482681274414063,0.295074462890625,18.71776580810547,0.23603057861328125,0,48698.491638183594,34541.00207519531,0,34088599552,2147483648,8019824640,0
200,1787752966849,3500,3500,3500,3500,3500,3500,3500,3500,3500,3500,3500,3500,3500,3500,3500,3500,3500,3500,3500,3500,3.6597976684570313,0.32187652587890625,34.77873992919922,0.25457000732421875,61.961483001708984,0.5534133911132813,40.818477630615234,0.15373992919921875,2.839569091796875,0.27765655517578125,2.8290786743164063,0.27346038818359375,3.7345962524414063,0.30623626708984375,14.416091918945313,0.2728118896484375,54.65327835083008,0.20630645751953125,13.463607788085938,0.223846435546875,0,48707.65789794922,34548.012145996094,0,34088599552,2147483648,8018964480,0
200,1787752967049,3500,3500,3500,3500,3500,3500,3500,3500,3500,3500,3500,3500,3500,3500,3500,3500,3500,3500,3500,3500,17.103103637695313,2.8276824951171875,1.0112380981445313,0.30141448974609375,100,2.6867904663085938,0.15283203125,0.162322998046875,0.40909576416015625,0.34801483154296875,0.36589813232421875,2.881378173828125,0.3166046142578125,0.3179473876953125,11.06365966796875,2.7798385620117188,48.775001525878906,0.24727630615234375,31.706207275390625,2.7853317260742188,0,48715.76416015625,34553.978576660156,0,34088599552,2147483648,8018960384,0
200,1787752967249,3500,3500,3500,3500,3500,3500,3500,3500,3500,3500,3500,3500,3500,3500,3500,3500,3500,3500,3500,3500,55.40144729614258,0.221954345703125,2.818603515625,0.26880645751953125,100,0.1310577392578125,2.6596527099609375,0.1305084228515625,0.46611785888671875,0.366485595703125,0.4573822021484375,0.4576873779296875,0.24625396728515625,0.30472564697265625,1.589324951171875,0.2269439697265625,15.943641662597656,0.2234039306640625,31.392684936523438,0.20294952392578125,0,48726.263427734375,34562.36730957031,0,34088599552,2147483648,8018956288,0
200,1787752967450,3500,3500,3500,3500,3500,3500,3500,3500,3500,3500,3500,3500,3500,3500,3500,3500,3500,3500,3500,3500,3.0551605224609375,0.2949066162109375,0.64263916015625,2.8043060302734375,53.40262222290039,0.25240325927734375,0.23345184326171875,0.26617431640625,52.424320220947266,2.8260040283203125,0.3253326416015625,0.29944610595703125,0.2838287353515625,2.785400390625,2.4174652099609375,0.220733642578125,75.12886047363281,2.6954116821289063,32.73603820800781,0.18102264404296875,0,48737.952209472656,34571.88806152344,0,34088599552,2147483648,8018669568,0
200,1787752967650,3500,3500,3500,3500,3500,3500,3500,3500,3500,3500,3500,3500,3500,3500,3500,3500,3500,3500,3500,3500,0.6246261596679688,0.38402557373046875,0.5074920654296875,0.32955169677734375,0.5836181640625,0.4541168212890625,0.38138580322265625,2.9155120849609375,100,0.17699432373046875,0.1815338134765625,0.18323516845703125,0.34786224365234375,0.34900665283203125,3.5605010986328125,0.3111419677734375,50.87967300415039,0.26165771484375,53.74470520019531,0.22698211669921875,0,48746.36199951172,34578.16387939453,0,34088599552,2147483648,8018788352,0
200,1787752967850,3500,3500,3500,3500,3500,3500,3500,3500,3500,3500,3500,3500,3500,3500,3500,3500,3500,3500,3500,3500,0.5120468139648438,0.31683349609375,0.2831573486328125,0.29314422607421875,11.106170654296875,0.253326416015625,0.19281768798828125,0.28360748291015625,89.2635269165039,0.12396240234375,2.6598129272460938,0.1436004638671875,2.81170654296875,0.2777557373046875,50.80386734008789,0.1842193603515625,17.752273559570313,0.240386962890625,34.51698303222656,0.17882537841796875,0,48756.11065673828,34585.766357421875,0,34088599552,2147483648,8014626816,0
200,1787752968051,3500,3500,3500,3500,3500,3500,3500,3500,3500,3500,3500,3500,3500,3500,3500,3500,3500,3500,3500,3500,0.520660400390625,2.8577804565429688,6.5065765380859375,0.31899261474609375,0.52960205078125,2.8123855590820313,0.354400634765625,0.2962188720703125,96.338623046875,0.16436767578125,0.19008636474609375,2.7147903442382813,0.3181915283203125,0.3066558837890625,61.83881759643555,2.7049026489257813,24.25933074951172,0.2653045654296875,15.063339233398438,2.8148269653320313,0,48767.35137939453,34594.861267089844,0,34088599552,2147483648,8013553664,0
199,1787752968251,3500,3500,3500,3500,3500,3500,3500,3500,3500,3500,3500,3500,3500,3500,3500,3500,3500,3500,3500,3500,0.5539169311523438,0.3236236572265625,8.144981384277344,0.25237274169921875,2.7782135009765625,0.252227783203125,2.8214340209960938,0.24633026123046875,0.27895355224609375,0.27350616455078125,0.221649169921875,0.2520751953125,0.27671051025390625,0.30164337158203125,7.6374359130859375,0.2303924560546875,81.08396911621094,0.16968536376953125,56.47829055786133,0.1543426513671875,0,48777.717529296875,34603.059814453125,0,34088599552,2147483648,7994826752,0
199,1787752968451,3500,3500,3500,3500,3500,3500,3500,3500,3500,3500,3500,3500,3500,3500,3500,3500,3500,3500,3500,3500,3.0968475341796875,0.32329559326171875,24.687942504882813,2.8147354125976563,5.246955871582031,0.3308868408203125,0.2910614013671875,0.262725830078125,1.5264129638671875,0.9090576171875,0.3183441162109375,0.2014007568359375,0.32764434814453125,2.7984466552734375,2.9672088623046875,0.2498779296875,32.23832702636719,2.8136367797851563,55.501060485839844,0.19345855712890625,0,48787.85186767578,34611.05993652344,0,34088599552,2147483648,8006062080,0
200,1787752968651,3500,3500,3500,3500,3500,3500,3500,3500,3500,3500,3500,3500,3500,3500,3500,3500,3500,3500,3500,3500,0.5236663818359375,0.3447418212890625,38.795921325683594,0.27370452880859375,0.3406982421875,0.32250213623046875,0.3385467529296875,2.7762603759765625,0.397186279296875,2.1775054931640625,0.2679595947265625,0.2630615234375,0.39044189453125,0.35619354248046875,2.40582275390625,0.2433624267578125,62.63070297241211,0.184722900390625,0.396087646484375,0.3343963623046875,0,48797.23779296875,34618.331115722656,0,34088599552,2147483648,8006111232,0
200,1787752968851,3500,3500,3500,3500,3500,3500,3500,3500,3500,3500,3500,3500,3500,3500,3500,3500,3500,3500,3500,3500,0.5671463012695313,0.33770751953125,0.30243682861328125,0.33081817626953125,0.29914093017578125,0.284271240234375,0.3430938720703125,0.23607635498046875,2.909881591796875,0.346038818359375,2.9382705688476563,0.32373809814453125,2.9402694702148438,0.39752197265625,2.498443603515625,0.26556396484375,99.94786834716797,0.139739990234375,0.43105316162109375,0.3734283447265625,0,48806.215087890625,34625.17736816406,0,34088599552,2147483648,8005652480,0
199,1787752969052,3500,3500,3500,3500,3500,3500,3500,3500,3500,3500,3500,3500,3500,3500,3500,3500,3500,3500,3500,3500,0.5116195678710938,2.822052001953125,0.26876068115234375,0.2988128662109375,0.24335479736328125,2.7761764526367188,0.22109222412109375,0.247894287109375,0.45481109619140625,0.4736785888671875,0.39935302734375,2.9810943603515625,0.38262939453125,0.3721923828125,18.548736572265625,2.7232131958007813,44.20384216308594,0.18819427490234375,44.9851188659668,2.747222900390625,0,48816.54559326172,34633.54919433594,0,34088599552,2147483648,8005656576,0
200,1787752969252,3500,3500,3500,3500,3500,3500,3500,3500,3500,3500,3500,3500,3500,3500,3500,3500,3500,3500,3500,3500,0.6031570434570313,0.305450439453125,2.86029052734375,0.33798980712890625,0.4642486572265625,0.236175537109375,2.8547439575195313,0.3375396728515625,0.490692138671875,0.5071868896484375,0.44470977783203125,0.47080230712890625,0.429962158203125,0.415618896484375,3.0836715698242188,0.3405914306640625,96.30062866210938,0.1640472412109375,4.175468444824219,0.31914520263671875,0,48825.50421142578,34640.685607910156,0,34088599552,2147483648,8005681152,0
200,1787752969452,3500,3500,3500,3500,3500,3500,3500,3500,3500,3500,3500,3500,3500,3500,3500,3500,3500,3500,3500,3500,3.0567092895507813,0.30391693115234375,0.26830291748046875,2.803192138671875,4.7332000732421875,0.22089385986328125,0.28128814697265625,0.2492218017578125,0.4200592041015625,0.40027618408203125,0.4893951416015625,0.43235015869140625,0.3717041015625,2.8742752075195313,11.21002197265625,0.24037933349609375,95.01908111572266,2.6439437866210938,2.8238754272460938,0.27593994140625,0,48834.509826660156,34647.41241455078,0,34088599552,2147483648,8007053312,0
200,1787752969652,3500,3500,3500,3500,3500,3500,3500,3500,3500,3500,3500,3500,3500,3500,3500,3500,3500,3500,3500,3500,0.623016357421875,0.32392120361328125,0.2891998291015625,0.277313232421875,0.42563629150390625,0.26827239990234375,0.2873077392578125,2.825836181640625,0.3062896728515625,2.8313827514648438,0.32701873779296875,0.22840118408203125,0.38062286376953125,0.37807464599609375,5.9871826171875,0.16815948486328125,82.58767700195313,0.13828277587890625,18.36730194091797,0.2652740478515625,0,48844.12365722656,34654.83020019531,0,34088599552,2147483648,8007073792,0
200,1787752969852,3500,3500,3500,3500,3500,3500,3500,3500,3500,3500,3500,3500,3500,3500,3500,3500,3500,3500,3500,3500,0.5255813598632813,0.29805755615234375,0.28421783447265625,0.27742767333984375,0.4508514404296875,0.31328582763671875,0.384521484375,0.41858673095703125,2.7628097534179688,0.20949554443359375,2.7500228881835938,0.26409149169921875,2.8218002319335938,0.3164825439453125,11.229499816894531,0.19660186767578125,92.60933685302734,0.110443115234375,0.352996826171875,0.37297821044921875,0,48854.2138671875,34662.538024902344,0,34088599552,2147483648,8007073792,0
200,1787752970052,3500,3500,3500,3500,3500,3500,3500,3500,3500,3500,3500,3500,3500,3500,3500,3500,3500,3500,3500,3500,0.6398544311523438,2.5015945434570313,0.3557891845703125,0.3230743408203125,0.5135040283203125,2.8985366821289063,0.36887359619140625,0.372467041015625,0.37696075439453125,0.29795074462890625,0.26264190673828125,2.8276214599609375,0.32167816162109375,0.342498779296875,5.860298156738281,2.8627243041992188,99.88713073730469,0.15816497802734375,0.4388427734375,2.9558181762695313,0,48863.37390136719,34669.55578613281,0,34088599552,2147483648,8005750784,0
200,1787752970253,3500,3500,3500,3500,3500,3500,3500,3500,3500,3500,3500,3500,3500,3500,3500,3500,3500,3500,3500,3500,0.5112686157226563,0.6599197387695313,2.9686050415039063,0.4458465576171875,0.5779953002929688,0.38126373291015625,2.9841995239257813,0.42784881591796875,0.2928466796875,0.2204742431640625,0.2431182861328125,0.24506378173828125,0.2864990234375,0.28800201416015625,2.211822509765625,0.2527618408203125,100,0.10955810546875,0.5818939208984375,0.36856842041015625,0,48870.418701171875,34674.492431640625,0,34088599552,2147483648,8005746688,0
200,1787752970453,3500,3500,3500,3500,3500,3500,3500,3500,3500,3500,3500,3500,3500,3500,3500,3500,3500,3500,3500,3500,2.8029937744140625,0.0502777099609375,0.1997222900390625,2.7638092041015625,3.8399276733398438,0.071075439453125,0.17717742919921875,0.16033935546875,0.02513885498046875,0,0,0.00064849853515625,0.01334381103515625,2.5373458862304688,11.187271118164063,0,94.94775390625,2.4029006958007813,2.582427978515625,0.03578948974609375,0,48878.80310058594,34680.73449707031,0,34088599552,2147483648,8010653696,0
200,1787752970653,3500,3500,3500,3500,3500,3500,3500,3500,3500,3500,3500,3500,3500,3500,3500,3500,3500,3500,3500,3500,0.8665084838867188,0.5965347290039063,0.7190475463867188,0.7114791870117188,1.0602874755859375,0.6175003051757813,0.7203369140625,1.5438232421875,1.0630340576171875,3.0737457275390625,0.6520614624023438,0.58856201171875,0.6114730834960938,0.5967788696289063,18.742652893066406,0.532684326171875,85.92357635498047,0.43363189697265625,0.8024139404296875,0.5739212036132813,0,48889.65106201172,34689.459899902344,0,34088599552,2147483648,8005636096,0
199,1787752970854,3500,3500,3500,3500,3500,3500,3500,3500,3500,3500,3500,3500,3500,3500,3500,3500,3500,3500,3500,3500,0.6324234008789063,0.27783966064453125,47.16852569580078,0.2247467041015625,0.32993316650390625,0.35378265380859375,0.23188018798828125,1.9522552490234375,2.9244842529296875,0.36576080322265625,2.93206787109375,0.33766937255859375,2.7908554077148438,0.273895263671875,12.6365966796875,0.22834014892578125,43.62444305419922,0.1902618408203125,0.35318756103515625,0.29206085205078125,0,48898.22149658203,34695.9306640625,0,34088599552,2147483648,8005636096,0
200,1787752971054,3500,3500,3500,3500,3500,3500,3500,3500,3500,3500,3500,3500,3500,3500,3500,3500,3500,3500,3500,3500,3.3547515869140625,0.37816619873046875,17.055030822753906,0.2739715576171875,0.7171554565429688,2.8237533569335938,0.27666473388671875,0.27027130126953125,2.4653778076171875,0.3092498779296875,0.33383941650390625,2.827850341796875,3.997100830078125,0.2752227783203125,18.92059326171875,2.769927978515625,85.28435516357422,0.13373565673828125,15.684684753417969,2.7854232788085938,0,48907.22705078125,34702.7841796875,0,34088599552,2147483648,8010252288,0
200,1787752971254,3500,3500,3500,3500,3500,3500,3500,3500,3500,3500,3500,3500,3500,3500,3500,3500,3500,3500,3500,3500,26.046714782714844,2.8307342529296875,64.76216888427734,0.28009796142578125,2.2049179077148438,0.32933807373046875,2.778350830078125,0.24784088134765625,1.0623626708984375,0.3503570556640625,0.33307647705078125,0.34186553955078125,41.60355758666992,0.25128173828125,43.33932113647461,0.22491455078125,96.86295318603516,0.13802337646484375,56.50377655029297,0.253631591796875,0,48921.912536621094,34715.25256347656,0,34088599552,2147483648,8038326272,0
199,1787752971455,3500,3500,3500,3500,3500,3500,3500,3500,3500,3500,3500,3500,3500,3500,3500,3500,3500,3500,3500,3500,32.057159423828125,0.31095123291015625,86.04632568359375,2.6779937744140625,3.1923141479492188,0.254913330078125,0.2066192626953125,0.30835723876953125,0.508880615234375,0.49042510986328125,0.4761505126953125,0.38823699951171875,2.9295120239257813,2.8326187133789063,32.43212127685547,0.22797393798828125,67.54522705078125,2.6897659301757813,73.2363052368164,0.20911407470703125,0,48932.9794921875,34724.139709472656,0,34088599552,2147483648,8044175360,0
200,1787752971655,3500,3500,3500,3500,3500,3500,3500,3500,3500,3500,3500,3500,3500,3500,3500,3500,3500,3500,3500,3500,10.091041564941406,0.41094970703125,42.995548248291016,0.3744659423828125,1.0033187866210938,0.44313812255859375,0.44028472900390625,0.44583892822265625,0.9451980590820313,3.0773696899414063,0.527496337890625,0.5765228271484375,13.523338317871094,0.35747528076171875,21.155113220214844,0.3753662109375,59.986915588378906,0.322998046875,40.86422348022461,0.46622467041015625,0,48943.29821777344,34732.282287597656,0,34088599552,2147483648,8012316672,0
200,1787752971855,3500,3500,3500,3500,3500,3500,3500,3500,3500,3500,3500,3500,3500,3500,3500,3500,3500,3500,3500,3500,0.53350830078125,0.29123687744140625,7.498771667480469,0.28046417236328125,2.9694976806640625,0.27263641357421875,0.2057647705078125,2.778594970703125,2.8503570556640625,0.291290283203125,2.8507537841796875,0.43072509765625,2.79290771484375,0.2812652587890625,11.849761962890625,0.2052154541015625,93.91099548339844,0.12163543701171875,9.925437927246094,0.41037750244140625,0,48953.07238769531,34739.87585449219,0,34088599552,2147483648,7993540608,0
200,1787752972055,3500,3500,3500,3500,3500,3500,3500,3500,3500,3500,3500,3500,3500,3500,3500,3500,3500,3500,3500,3500,0.78924560546875,0.36119842529296875,50.35238265991211,0.28900909423828125,0.884368896484375,2.8434066772460938,0.265533447265625,0.3349761962890625,0.358856201171875,0.30120086669921875,0.30535125732421875,2.806732177734375,0.29605865478515625,0.33377838134765625,25.69995880126953,0.24509429931640625,54.77404022216797,0.2296142578125,70.33241271972656,2.746185302734375,0,48963.847717285156,34748.50207519531,0,34088599552,2147483648,8013840384,0
200,1787752972256,3500,3500,3500,3500,3500,3500,3500,3500,3500,3500,3500,3500,3500,3500,3500,3500,3500,3500,3500,3500,0.5594711303710938,2.88037109375,2.82843017578125,0.31534576416015625,0.28253173828125,0.2607574462890625,2.8364715576171875,0.29526519775390625,0.2993621826171875,0.29437255859375,0.25830841064453125,0.272491455078125,0.2894744873046875,0.33148193359375,2.8301773071289063,2.7230987548828125,98.11875915527344,0.134002685546875,2.4384689331054688,0.28128814697265625,0,48972.47509765625,34754.97930908203,0,34088599552,2147483648,8013840384,0
200,1787752972456,3500,3500,3500,3500,3500,3500,3500,3500,3500,3500,3500,3500,3500,3500,3500,3500,3500,3500,3500,3500,3.0469436645507813,0.286651611328125,0.374908447265625,2.9329757690429688,2.7606964111328125,0.27825927734375,0.298431396484375,0.30621337890625,0.33362579345703125,0.2732696533203125,0.23532867431640625,0.233428955078125,0.29927825927734375,2.7974395751953125,2.2733154296875,0.2519989013671875,85.45329284667969,2.6495208740234375,20.257949829101563,0.2808074951171875,0,48981.34777832031,34761.74035644531,0,34088599552,2147483648,8013815808,0
200,1787752972656,3500,3500,3500,3500,3500,3500,3500,3500,3500,3500,3500,3500,3500,3500,3500,3500,3500,3500,3500,3500,3.2668533325195313,0.2887420654296875,18.04450225830078,0.30481719970703125,1.882904052734375,0.26073455810546875,0.23358154296875,0.2238922119140625,0.60198974609375,2.8178176879882813,0.28110504150390625,0.249755859375,0.30945587158203125,0.2736663818359375,15.77276611328125,0.18445587158203125,60.215476989746094,0.15445709228515625,27.26239013671875,0.2045745849609375,0,48991.23077392578,34769.472595214844,0,34088599552,2147483648,8014000128,0
199,1787752972857,3500,3500,3500,3500,3500,3500,3500,3500,3500,3500,3500,3500,3500,3500,3500,3500,3500,3500,3500,3500,0.6239700317382813,0.3041229248046875,40.401763916015625,0.283905029296875,0.8193283081054688,0.24407958984375,0.32947540283203125,2.8655242919921875,3.9102630615234375,0.2661895751953125,2.84246826171875,0.3293304443359375,2.8473587036132813,0.2924957275390625,8.570869445800781,0.25390625,32.919654846191406,0.23259735107421875,26.421432495117188,0.28050994873046875,0,48999.26818847656,34775.36669921875,0,34088599552,2147483648,8014020608,0
200,1787752973057,3500,3500,3500,3500,3500,3500,3500,3500,3500,3500,3500,3500,3500,3500,3500,3500,3500,3500,3500,3500,0.5346527099609375,0.29059600830078125,61.723506927490234,0.21671295166015625,0.17327117919921875,0.31624603271484375,0.29229736328125,0.256103515625,0.30179595947265625,0.32209014892578125,0.31604766845703125,2.851043701171875,0.267852783203125,0.30934906005859375,5.1004486083984375,0.252655029296875,40.017337799072266,0.2347564697265625,0.531707763671875,2.812255859375,0,49009.951110839844,34783.92919921875,0,34088599552,2147483648,8014020608,0
199,1787752973257,3500,3500,3500,3500,3500,3500,3500,3500,3500,3500,3500,3500,3500,3500,3500,3500,3500,3500,3500,3500,0.5452041625976563,2.8310317993164063,12.626518249511719,0.3111114501953125,0.3295745849609375,2.8108139038085938,2.7917022705078125,0.28934478759765625,0.22855377197265625,0.325531005859375,0.325531005859375,0.26004791259765625,0.30367279052734375,0.27846527099609375,4.084503173828125,2.7676925659179688,79.05228424072266,0.1903228759765625,13.491767883300781,0.26134490966796875,0,49018.03985595703,34789.89990234375,0,34088599552,2147483648,8014020608,0
199,1787752973457,3500,3500,3500,3500,3500,3500,3500,3500,3500,3500,3500,3500,3500,3500,3500,3500,3500,3500,3500,3500,3.2316436767578125,0.34900665283203125,0.3045196533203125,2.83624267578125,0.25353240966796875,0.3031158447265625,0.2806243896484375,0.30696868896484375,0.3650054931640625,0.4842681884765625,0.3415069580078125,0.4442291259765625,0.2822265625,2.8053512573242188,2.544769287109375,0.2817230224609375,62.72571563720703,2.724273681640625,44.36949920654297,0.20139312744140625,0,49026.49884033203,34796.23712158203,0,34088599552,2147483648,8014024704,0
200,1787752973657,3500,3500,3500,3500,3500,3500,3500,3500,3500,3500,3500,3500,3500,3500,3500,3500,3500,3500,3500,3500,0.5856170654296875,0.26531982421875,0.32634735107421875,0.27556610107421875,3.304107666015625,0.20703125,0.266265869140625,0.26416778564453125,0.5034942626953125,2.8639984130859375,0.28850555419921875,0.2931060791015625,0.3202972412109375,0.2562713623046875,11.750442504882813,0.2318267822265625,75.99327087402344,0.14035797119140625,17.862266540527344,0.2612152099609375,0,49034.000732421875,34801.60711669922,0,34088599552,2147483648,8014127104,0
200,1787752973857,3500,3500,3500,3500,3500,3500,3500,3500,3500,3500,3500,3500,3500,3500,3500,3500,3500,3500,3500,3500,0.5418853759765625,0.317352294921875,0.41741180419921875,0.42200469970703125,0.291534423828125,0.29248809814453125,0.30756378173828125,2.8685379028320313,2.8132705688476563,0.2988739013671875,2.8639450073242188,0.348358154296875,2.9177169799804688,0.3478546142578125,2.4283599853515625,0.326934814453125,100,0.139404296875,0.3177490234375,0.3153533935546875,0,49042.54821777344,34808.02770996094,0,34088599552,2147483648,8014123008,0
200,1787752974058,3500,3500,3500,3500,3500,3500,3500,3500,3500,3500,3500,3500,3500,3500,3500,3500,3500,3500,3500,3500,0.5449676513671875,0.2793731689453125,0.39264678955078125,0.399688720703125,0.20967864990234375,0.24846649169921875,0.20673370361328125,0.2747802734375,0.2548065185546875,0.2147216796875,0.24078369140625,2.7957687377929688,0.36798858642578125,0.36139678955078125,8.402992248535156,0.22910308837890625,74.84909057617188,0.1280517578125,24.983360290527344,2.7678604125976563,0,49051.85107421875,34815.20196533203,0,34088599552,2147483648,8014123008,0
200,1787752974258,3500,3500,3500,3500,3500,3500,3500,3500,3500,3500,3500,3500,3500,3500,3500,3500,3500,3500,3500,3500,0.469573974609375,2.8223419189453125,2.85980224609375,0.33968353271484375,0.2729949951171875,2.8230438232421875,2.8084793090820313,0.2238616943359375,0.3310546875,0.2532958984375,0.27883148193359375,0.19852447509765625,0.39215850830078125,0.4011383056640625,7.517509460449219,2.747772216796875,95.34110260009766,0.1279449462890625,0.33594512939453125,0.283721923828125,0,49061.643615722656,34822.87091064453,0,34088599552,2147483648,8014110720,0
200,1787752974458,3500,3500,3500,3500,3500,3500,3500,3500,3500,3500,3500,3500,3500,3500,3500,3500,3500,3500,3500,3500,1.937774658203125,0.31219482421875,0.29467010498046875,2.8707122802734375,0.32238006591796875,0.321533203125,0.18837738037109375,0.3004150390625,0.36402130126953125,0.2457427978515625,0.26436614990234375,0.3122406005859375,0.40755462646484375,2.9583282470703125,2.4795761108398438,0.25128173828125,84.607421875,2.6511306762695313,21.221420288085938,0.28054046630859375,0,49069.81872558594,34828.90789794922,0,34088599552,2147483648,8014028800,0
200,1787752974659,3500,3500,3500,3500,3500,3500,3500,3500,3500,3500,3500,3500,3500,3500,3500,3500,3500,3500,3500,3500,13.976730346679688,0.2667694091796875,28.853668212890625,0.22522735595703125,2.8747329711914063,0.21868896484375,0.26796722412109375,0.29332733154296875,0.19671630859375,2.7758255004882813,0.2787017822265625,0.25913238525390625,23.171859741210938,0.3909912109375,27.17212677001953,0.2064056396484375,75.18684387207031,0.13295745849609375,31.394027709960938,0.2393035888671875,0,49080.49676513672,34837.403076171875,0,34088599552,2147483648,8019054592,0
199,1787752974859,3500,3500,3500,3500,3500,3500,3500,3500,3500,3500,3500,3500,3500,3500,3500,3500,3500,3500,3500,3500,0.6981124877929688,0.36214447021484375,0.34161376953125,0.32727813720703125,0.3476104736328125,0.350006103515625,0.23633575439453125,2.8702621459960938,2.860321044921875,0.3566436767578125,2.8192138671875,0.34056854248046875,2.9178543090820313,0.377777099609375,7.335517883300781,0.31864166259765625,90.68106842041016,0.17305755615234375,8.285247802734375,0.378173828125,0,49090.38562011719,34845.184997558594,0,34088599552,2147483648,8017227776,0
200,1787752975059,3500,3500,3500,3500,3500,3500,3500,3500,3500,3500,3500,3500,3500,3500,3500,3500,3500,3500,3500,3500,2.2177505493164063,0.302459716796875,0.3209991455078125,0.29531097412109375,0.26837158203125,0.26847076416015625,0.29766082763671875,0.3404388427734375,0.28316497802734375,0.25608062744140625,0.2963104248046875,2.786529541015625,0.30150604248046875,0.302154541015625,17.352676391601563,0.2040557861328125,68.5115737915039,0.18206024169921875,23.83605194091797,2.7924270629882813,0,49098.418212890625,34851.088317871094,0,34088599552,2147483648,8017227776,0
200,1787752975259,3500,3500,3500,3500,3500,3500,3500,3500,3500,3500,3500,3500,3500,3500,3500,3500,3500,3500,3500,3500,0.6179122924804688,2.89288330078125,2.8366775512695313,0.3211212158203125,0.2775115966796875,2.7977142333984375,2.7564468383789063,0.34204864501953125,0.34200286865234375,0.313079833984375,0.27530670166015625,0.28914642333984375,0.31282806396484375,0.33221435546875,7.531890869140625,2.7786788940429688,80.44947052001953,0.181640625,15.567398071289063,0.2768096923828125,0,49106.72961425781,34857.26971435547,0,34088599552,2147483648,8017227776,0
199,1787752975460,3500,3500,3500,3500,3500,3500,3500,3500,3500,3500,3500,3500,3500,3500,3500,3500,3500,3500,3500,3500,0.7003250122070313,0.3094329833984375,2.8467254638671875,2.7839813232421875,0.34405517578125,0.3437042236328125,0.35138702392578125,0.38425445556640625,0.31208038330078125,0.19347381591796875,0.24604034423828125,0.2499847412109375,0.2535247802734375,2.8121109008789063,12.784065246582031,0.2076416015625,52.252071380615234,2.6933059692382813,19.992042541503906,0.250579833984375,0,49114.33526611328,34862.705322265625,0,34088599552,2147483648,8017235968,0
200,1787752975660,3500,3500,3500,3500,3500,3500,3500,3500,3500,3500,3500,3500,3500,3500,3500,3500,3500,3500,3500,3500,3.1234359741210938,0.421722412109375,0.3163604736328125,0.2838134765625,3.9209518432617188,0.35639190673828125,0.265869140625,0.2934112548828125,1.078033447265625,2.8130264282226563,0.31325531005859375,0.21479034423828125,0.27801513671875,0.27801513671875,24.769577026367188,0.19069671630859375,64.9748306274414,0.14980316162109375,0.6366653442382813,0.295013427734375,0,49122.56018066406,34868.801696777344,0,34088599552,2147483648,8017133568,0
204,1787752975860,3500,3500,3500,3500,3500,3500,3500,3500,3500,3500,3500,3500,3500,3500,3500,3500,3500,3500,3500,3500,0.5315475463867188,0.32765960693359375,0.42450714111328125,0.41352081298828125,0.278564453125,0.2963409423828125,0.36821746826171875,2.8322677612304688,2.8165817260742188,0.2619781494140625,2.8436050415039063,0.3021392822265625,2.8232269287109375,0.32396697998046875,2.4893722534179688,0.2387542724609375,100,0.143798828125,0.5591201782226563,0.36237335205078125,0,49131.18896484375,34875.314025878906,0,34088599552,2147483648,8017076224,0
199,1787752976064,3500,3500,3500,3500,3500,3500,3500,3500,3500,3500,3500,3500,3500,3500,3500,3500,3500,3500,3500,3500,0.32291412353515625,0.05263519287109375,0.1729583740234375,0.16614532470703125,0.2725372314453125,0.03600311279296875,0.094329833984375,0.04807281494140625,0.108551025390625,0.0354156494140625,0,2.4901351928710938,0.04248046875,0.0710296630859375,15.033905029296875,0,92.8956298828125,0,0.6759033203125,2.529571533203125,0,49140.298095703125,34882.24987792969,0,34088599552,2147483648,8017219584,0
201,1787752976264,3500,3500,3500,3500,3500,3500,3500,3500,3500,3500,3500,3500,3500,3500,3500,3500,3500,3500,3500,3500,0.7635955810546875,3.073394775390625,3.1564483642578125,0.6399459838867188,0.5342559814453125,3.0232696533203125,2.992095947265625,0.5375442504882813,0.4930572509765625,0.5381927490234375,0.5529098510742188,0.51275634765625,0.5370941162109375,0.54058837890625,10.521286010742188,2.9640121459960938,93.99117279052734,0.37763214111328125,0.6509246826171875,0.5436325073242188,0,49148.631286621094,34888.45983886719,0,34088599552,2147483648,8017182720,0
199,1787752976466,3500,3500,3500,3500,3500,3500,3500,3500,3500,3500,3500,3500,3500,3500,3500,3500,3500,3500,3500,3500,0,0,0,0.5242462158203125,0,0,0,0,0,0,0,0,0,2.1868057250976563,14.836906433105469,0,53.17570495605469,2.0905914306640625,2.34417724609375,0,0,49157.06036376953,34894.731994628906,0,34088599552,2147483648,8017190912,0
200,1787752976666,3500,3500,3500,3500,3500,3500,3500,3500,3500,3500,3500,3500,3500,3500,3500,3500,3500,3500,3500,3500,3.71240234375,1.0594406127929688,0.97613525390625,2.7458572387695313,3.55609130859375,0.983245849609375,1.0720138549804688,1.0017318725585938,1.0680389404296875,3.538299560546875,1.0888137817382813,0.973602294921875,0.89666748046875,0.8921890258789063,12.950225830078125,0.8041229248046875,8.948410034179688,0.8366775512695313,1.7733535766601563,0.9016342163085938,0,49165.28875732422,34900.83898925781,0,34088599552,2147483648,8017088512,0
200,1787752976866,3500,3500,3500,3500,3500,3500,3500,3500,3500,3500,3500,3500,3500,3500,3500,3500,3500,3500,3500,3500,0.6474990844726563,0.71051025390625,0.3886566162109375,0.39633941650390625,0.5981063842773438,0.40472412109375,0.3721466064453125,2.8753280639648438,2.90277099609375,0.2643280029296875,2.8175582885742188,0.28847503662109375,2.855224609375,0.31097412109375,20.754554748535156,0.23334503173828125,18.428390502929688,0.2965087890625,4.9091796875,0.31381988525390625,0,49173.27655029297,34906.68048095703,0,34088599552,2147483648,8000053248,0
200,1787752977067,3500,3500,3500,3500,3500,3500,3500,3500,3500,3500,3500,3500,3500,3500,3500,3500,3500,3500,3500,3500,0.6031265258789063,0.7191848754882813,0.29480743408203125,0.27310943603515625,0.7262191772460938,0.19680023193359375,0.2497711181640625,0.31250762939453125,0.38472747802734375,0.2033843994140625,0.25116729736328125,2.8141937255859375,0.27719879150390625,0.2852783203125,11.521064758300781,0.2096710205078125,10.053367614746094,0.2260284423828125,0.3004913330078125,2.8111038208007813,0,49180.75018310547,34912.004943847656,0,34088599552,2147483648,7999787008,0
200,1787752977267,3500,3500,3500,3500,3500,3500,3500,3500,3500,3500,3500,3500,3500,3500,3500,3500,3500,3500,3500,3500,0.748046875,2.9886932373046875,4.3023529052734375,0.25897216796875,0.27365875244140625,2.7970657348632813,2.7978668212890625,0.27545928955078125,0.3047332763671875,0.2374420166015625,0.2931976318359375,0.338653564453125,0.28380584716796875,0.301239013671875,15.8533935546875,2.7553482055664063,19.030075073242188,0.23404693603515625,3.3291015625,0.2895965576171875,0,49189.91247558594,34919.01824951172,0,34088599552,2147483648,7999787008,0
200,1787752977467,3500,3500,3500,3500,3500,3500,3500,3500,3500,3500,3500,3500,3500,3500,3500,3500,3500,3500,3500,3500,0.6582183837890625,0.6398544311523438,0.26584625244140625,0.321197509765625,1.5063629150390625,0.2619476318359375,0.3062744140625,0.2442779541015625,0.2269134521484375,0.28351593017578125,0.2911529541015625,0.25466156005859375,0.27617645263671875,2.8217086791992188,10.848587036132813,0.2276611328125,10.963142395019531,2.7758407592773438,2.9693527221679688,0.27307891845703125,0,49198.19805908203,34925.1689453125,0,34088599552,2147483648,7999766528,0
200,1787752977667,3500,3500,3500,3500,3500,3500,3500,3500,3500,3500,3500,3500,3500,3500,3500,3500,3500,3500,3500,3500,3.0830154418945313,0.9514312744140625,0.312347412109375,2.8629302978515625,2.8395462036132813,0.32663726806640625,0.37518310546875,0.32413482666015625,0.7513198852539063,2.8223190307617188,0.3404693603515625,0.28472137451171875,0.33562469482421875,0.29856109619140625,15.63336181640625,0.2402191162109375,8.585784912109375,0.314544677734375,0.9031753540039063,0.35370635986328125,0,49205.3095703125,34930.15167236328,0,34088599552,2147483648,7999881216,0
200,1787752977868,3500,3500,3500,3500,3500,3500,3500,3500,3500,3500,3500,3500,3500,3500,3500,3500,3500,3500,3500,3500,0.792205810546875,0.8090286254882813,0.32489013671875,0.30108642578125,0.21454620361328125,0.26824188232421875,0.327484130859375,2.8292236328125,2.7924423217773438,0.26709747314453125,2.8297271728515625,0.23246002197265625,2.8137054443359375,0.29449462890625,9.410743713378906,0.21788787841796875,10.675018310546875,0.266845703125,0.5403366088867188,0.32444000244140625,0,49213.39733886719,34936.102478027344,0,34088599552,2147483648,7999889408,0
200,1787752978068,3500,3500,3500,3500,3500,3500,3500,3500,3500,3500,3500,3500,3500,3500,3500,3500,3500,3500,3500,3500,0.4058837890625,0.9332199096679688,0.23291778564453125,0.2550506591796875,1.4195327758789063,0.1624755859375,0.1750640869140625,0.1754150390625,0.232269287109375,0.22512054443359375,0.2009429931640625,2.7315521240234375,0.1409912109375,0.12345123291015625,12.820671081542969,0.07753753662109375,7.4950103759765625,0.10266876220703125,0.13824462890625,1.4265289306640625,0,49220.83526611328,34941.388427734375,0,34088599552,2147483648,7999889408,0
199,1787752978268,3500,3500,3500,3500,3500,3500,3500,3500,3500,3500,3500,3500,3500,3500,3500,3500,3500,3500,3500,3500,0.7762222290039063,3.219451904296875,3.1106796264648438,0.571258544921875,0.5094146728515625,3.0027084350585938,3.0242767333984375,0.42589569091796875,0.47756195068359375,0.45325469970703125,0.4853515625,0.537567138671875,0.5137557983398438,0.5454559326171875,13.974807739257813,2.9386672973632813,10.544548034667969,0.4595947265625,2.4371871948242188,1.7274093627929688,0,49228.431640625,34946.85632324219,0,34088599552,2147483648,7999885312,0
200,1787752978468,3500,3500,3500,3500,3500,3500,3500,3500,3500,3500,3500,3500,3500,3500,3500,3500,3500,3500,3500,3500,0.7054214477539063,0.8903732299804688,0.43643951416015625,0.416748046875,0.2705841064453125,0.26313018798828125,0.370452880859375,0.2897796630859375,0.31832122802734375,0.34626007080078125,0.2883758544921875,0.30042266845703125,0.28902435302734375,2.8351364135742188,10.10809326171875,0.2302398681640625,11.084396362304688,2.8279876708984375,3.0235824584960938,0.34676361083984375,0,49236.345153808594,34952.646423339844,0,34088599552,2147483648,7999893504,0
200,1787752978669,3500,3500,3500,3500,3500,3500,3500,3500,3500,3500,3500,3500,3500,3500,3500,3500,3500,3500,3500,3500,3.1318817138671875,0.826171875,0.5580978393554688,2.7886428833007813,3.421905517578125,0.179046630859375,0.23999786376953125,0.17949676513671875,0.23551177978515625,2.7666473388671875,0.23540496826171875,0.18782806396484375,0.22478485107421875,0.24184417724609375,20.04210662841797,0.17127227783203125,13.965019226074219,0.2128143310546875,2.7847061157226563,0.24723052978515625,0,49244.148864746094,34958.294189453125,0,34088599552,2147483648,7999983616,0
200,1787752978869,3500,3500,3500,3500,3500,3500,3500,3500,3500,3500,3500,3500,3500,3500,3500,3500,3500,3500,3500,3500,0.6345291137695313,0.8652191162109375,0.36751556396484375,0.34058380126953125,0.25588226318359375,0.34771728515625,0.4031829833984375,2.8219757080078125,2.8864212036132813,0.3130950927734375,2.899139404296875,0.22899627685546875,2.8687591552734375,0.31558990478515625,19.329078674316406,0.30481719970703125,15.156753540039063,0.32651519775390625,0.6010589599609375,0.34951019287109375,0,49251.333068847656,34963.33337402344,0,34088599552,2147483648,8002088960,0
199,1787752979070,3500,3500,3500,3500,3500,3500,3500,3500,3500,3500,3500,3500,3500,3500,3500,3500,3500,3500,3500,3500,2.2461700439453125,0.7881546020507813,0.29167938232421875,0.31070709228515625,0.3097076416015625,0.3076629638671875,0.2933807373046875,0.286041259765625,0.30046844482421875,0.29128265380859375,0.36363983154296875,2.793975830078125,0.2910308837890625,0.2943267822265625,11.158576965332031,0.2534332275390625,9.677589416503906,0.32259368896484375,1.9942855834960938,0.36603546142578125,0,49259.71649169922,34969.624572753906,0,34088599552,2147483648,8002084864,0
200,1787752979270,3500,3500,3500,3500,3500,3500,3500,3500,3500,3500,3500,3500,3500,3500,3500,3500,3500,3500,3500,3500,0.681396484375,3.1319046020507813,2.8406219482421875,0.27964019775390625,0.5540771484375,2.7869338989257813,2.7731399536132813,0.24144744873046875,0.39556121826171875,0.49388885498046875,0.4308013916015625,0.49369049072265625,0.3036346435546875,0.31877899169921875,11.299903869628906,2.744842529296875,9.050552368164063,0.2878875732421875,0.7921218872070313,2.8975067138671875,0,49266.56085205078,34974.586181640625,0,34088599552,2147483648,8002084864,0
200,1787752979470,3500,3500,3500,3500,3500,3500,3500,3500,3500,3500,3500,3500,3500,3500,3500,3500,3500,3500,3500,3500,0.6364974975585938,0.49727630615234375,0.292572021484375,0.35894012451171875,3.0446701049804688,0.32543182373046875,0.31386566162109375,0.31365966796875,0.5071487426757813,0.5421066284179688,0.41230010986328125,0.5171661376953125,0.3121185302734375,1.2076797485351563,28.754058837890625,0.2243499755859375,32.88074493408203,2.7436752319335938,14.028160095214844,0.34228515625,0,49276.57147216797,34982.763732910156,0,34088599552,2147483648,8003035136,0
200,1787752979670,3500,3500,3500,3500,3500,3500,3500,3500,3500,3500,3500,3500,3500,3500,3500,3500,3500,3500,3500,3500,3.1356201171875,0.293060302734375,3.801605224609375,2.8050537109375,6.209068298339844,0.29386138916015625,0.2216949462890625,0.26953887939453125,1.510650634765625,2.9840011596679688,0.30829620361328125,0.38719940185546875,0.29515838623046875,1.8871688842773438,15.344703674316406,0.1759490966796875,37.28422927856445,0.2686920166015625,10.332550048828125,0.2703399658203125,0,49285.71838378906,34989.128173828125,0,34088599552,2147483648,8003190784,0
200,1787752979871,3500,3500,3500,3500,3500,3500,3500,3500,3500,3500,3500,3500,3500,3500,3500,3500,3500,3500,3500,3500,0.5611419677734375,1.0039291381835938,0.26126861572265625,0.33562469482421875,0.272003173828125,0.272552490234375,0.2516326904296875,2.7794265747070313,1.1924896240234375,0.2714080810546875,2.8140869140625,0.24188995361328125,2.8256683349609375,0.25122833251953125,12.868789672851563,0.1836700439453125,6.198493957519531,0.31679534912109375,0.6607589721679688,0.29277801513671875,0,49292.98712158203,34994.270263671875,0,34088599552,2147483648,8003256320,0
199,1787752980071,3500,3500,3500,3500,3500,3500,3500,3500,3500,3500,3500,3500,3500,3500,3500,3500,3500,3500,3500,3500,0.710540771484375,0.9499664306640625,0.3180694580078125,0.3542938232421875,4.235992431640625,0.26242828369140625,0.32311248779296875,0.31168365478515625,2.1889572143554688,0.28363800048828125,0.2617340087890625,2.922698974609375,0.29880523681640625,0.3524017333984375,16.548965454101563,0.23308563232421875,9.92755126953125,0.32355499267578125,0.6174774169921875,0.3110809326171875,0,49299.194885253906,34998.312072753906,0,34088599552,2147483648,8004833280,0
199,1787752980271,3500,3500,3500,3500,3500,3500,3500,3500,3500,3500,3500,3500,3500,3500,3500,3500,3500,3500,3500,3500,0.8178558349609375,3.0714263916015625,4.3814697265625,0.33876800537109375,0.24246978759765625,2.8737335205078125,2.8273086547851563,0.26815032958984375,0.3065338134765625,0.29998779296875,0.35655975341796875,0.3174285888671875,0.31513214111328125,0.3018341064453125,18.362808227539063,2.7700958251953125,17.143325805664063,0.31932830810546875,3.2752685546875,2.8383026123046875,0,49307.228515625,35004.192932128906,0,34088599552,2147483648,8004898816,0
200,1787752980471,3500,3500,3500,3500,3500,3500,3500,3500,3500,3500,3500,3500,3500,3500,3500,3500,3500,3500,3500,3500,0.6452484130859375,1.2146148681640625,0.30889892578125,0.3126983642578125,0.5144195556640625,0.31145477294921875,0.36559295654296875,0.2642059326171875,0.3209991455078125,0.39179229736328125,0.2592620849609375,0.28470611572265625,0.29540252685546875,0.3115997314453125,14.213142395019531,0.25270843505859375,5.802848815917969,2.8367080688476563,2.8651580810546875,0.28130340576171875,0,49313.466796875,35008.321350097656,0,34088599552,2147483648,8004956160,0
200,1787752980672,3500,3500,3500,3500,3500,3500,3500,3500,3500,3500,3500,3500,3500,3500,3500,3500,3500,3500,3500,3500,3.2174224853515625,0.86419677734375,0.22727203369140625,2.78936767578125,2.7587814331054688,0.17308807373046875,0.2892913818359375,0.28141021728515625,1.6072921752929688,2.7961044311523438,0.22667694091796875,0.29972076416015625,0.24039459228515625,2.8021926879882813,13.577461242675781,0.192047119140625,6.078437805175781,0.22093963623046875,0.2705841064453125,0.26494598388671875,0,49320.86779785156,35013.57196044922,0,34088599552,2147483648,8005079040,0
200,1787752980872,3500,3500,3500,3500,3500,3500,3500,3500,3500,3500,3500,3500,3500,3500,3500,3500,3500,3500,3500,3500,0.47444915771484375,0.710205078125,0.14599609375,0.16597747802734375,0.15818023681640625,0.1591796875,0.0898590087890625,2.6852188110351563,0.1272125244140625,0.1064910888671875,2.6897659301757813,0.13995361328125,2.7070465087890625,0.1334075927734375,14.29937744140625,0.11173248291015625,5.7475433349609375,0.1269683837890625,0.16192626953125,0.14659881591796875,0,49328.246032714844,35018.81182861328,0,34088599552,2147483648,8005054464,0
200,1787752981072,3500,3500,3500,3500,3500,3500,3500,3500,3500,3500,3500,3500,3500,3500,3500,3500,3500,3500,3500,3500,0.8980789184570313,1.1812896728515625,0.5033035278320313,0.49666595458984375,0.8127593994140625,0.4362945556640625,0.4531097412109375,0.5150299072265625,3.12548828125,0.5339889526367188,0.45839691162109375,2.9744491577148438,0.46707916259765625,0.5154266357421875,15.791847229003906,0.438385009765625,6.408897399902344,0.45494842529296875,1.0175323486328125,0.5100860595703125,0,49335.975830078125,35024.4169921875,0,34088599552,2147483648,8005013504,0
200,1787752981272,3500,3500,3500,3500,3500,3500,3500,3500,3500,3500,3500,3500,3500,3500,3500,3500,3500,3500,3500,3500,0.5670928955078125,3.0903396606445313,3.0671615600585938,0.32009124755859375,0.24420166015625,2.8156661987304688,2.8178634643554688,0.2741241455078125,0.3675994873046875,0.49210357666015625,0.4373931884765625,0.495147705078125,0.272979736328125,0.30860137939453125,14.502182006835938,2.7510147094726563,14.069183349609375,0.2447052001953125,0.5230789184570313,2.8333511352539063,0,49342.479431152344,35028.798889160156,0,34088599552,2147483648,8005013504,0
200,1787752981473,3500,3500,3500,3500,3500,3500,3500,3500,3500,3500,3500,3500,3500,3500,3500,3500,3500,3500,3500,3500,0.6389236450195313,0.9634475708007813,0.25351715087890625,0.314544677734375,0.68450927734375,0.46454620361328125,0.4532623291015625,0.37876129150390625,0.34255218505859375,0.3520965576171875,0.329376220703125,0.5056915283203125,0.318939208984375,0.28392791748046875,12.211151123046875,0.2081298828125,7.169792175292969,2.8187942504882813,3.1849136352539063,0.41016387939453125,0,49350.19616699219,35034.390075683594,0,34088599552,2147483648,8005009408,0
200,1787752981673,3500,3500,3500,3500,3500,3500,3500,3500,3500,3500,3500,3500,3500,3500,3500,3500,3500,3500,3500,3500,2.9958267211914063,0.9490127563476563,0.27394866943359375,2.8377151489257813,3.4479522705078125,0.37012481689453125,0.3759613037109375,0.34033203125,0.9642410278320313,2.8841323852539063,0.35465240478515625,0.466094970703125,0.27629852294921875,2.8183975219726563,11.481521606445313,0.1877593994140625,8.938117980957031,0.23681640625,0.9224166870117188,0.32610321044921875,0,49357.94970703125,35040.01611328125,0,34088599552,2147483648,8005074944,0
200,1787752981873,3500,3500,3500,3500,3500,3500,3500,3500,3500,3500,3500,3500,3500,3500,3500,3500,3500,3500,3500,3500,0.6856689453125,0.6792831420898438,2.9305572509765625,0.32016754150390625,0.381378173828125,0.3216705322265625,0.31223297119140625,2.8781356811523438,0.39270782470703125,0.38477325439453125,0.36125946044921875,0.5235137939453125,2.83843994140625,0.3321533203125,20.068206787109375,0.24243927001953125,17.573646545410156,0.29940032958984375,4.582328796386719,0.37888336181640625,0,49366.260192871094,35046.17333984375,0,34088599552,2147483648,7998029824,0
200,1787752982074,3500,3500,3500,3500,3500,3500,3500,3500,3500,3500,3500,3500,3500,3500,3500,3500,3500,3500,3500,3500,0.6541213989257813,0.6421432495117188,0.30522918701171875,0.27982330322265625,0.23830413818359375,0.26265716552734375,0.2678985595703125,0.30413055419921875,2.8807907104492188,0.34615325927734375,2.83807373046875,2.9336395263671875,0.35114288330078125,0.3919677734375,9.039176940917969,0.20496368408203125,8.763694763183594,0.295745849609375,2.071014404296875,0.26430511474609375,0,49374.07196044922,35051.85528564453,0,34088599552,2147483648,7997976576,0
200,1787752982274,3500,3500,3500,3500,3500,3500,3500,3500,3500,3500,3500,3500,3500,3500,3500,3500,3500,3500,3500,3500,0.5374832153320313,3.7688140869140625,2.7898788452148438,0.2894439697265625,0.21962738037109375,2.847412109375,2.7875823974609375,0.2458953857421875,0.4449005126953125,0.444000244140625,0.34801483154296875,0.44814300537109375,0.3781280517578125,0.395660400390625,13.674850463867188,2.7369461059570313,3.11602783203125,0.289642333984375,0.39745330810546875,2.8087081909179688,0,49380.03918457031,35055.69873046875,0,34088599552,2147483648,7998107648,0
200,1787752982474,3500,3500,3500,3500,3500,3500,3500,3500,3500,3500,3500,3500,3500,3500,3500,3500,3500,3500,3500,3500,0.6613082885742188,0.8380661010742188,0.5382156372070313,0.2759552001953125,1.23785400390625,0.25226593017578125,0.29129791259765625,0.23577880859375,0.497039794921875,0.5042877197265625,0.39939117431640625,0.48694610595703125,0.38045501708984375,0.3943939208984375,13.304153442382813,0.23972320556640625,6.6578216552734375,1.9117507934570313,3.7294998168945313,0.25391387939453125,0,49387.299377441406,35060.82824707031,0,34088599552,2147483648,7998054400,0
199,1787752982675,3500,3500,3500,3500,3500,3500,3500,3500,3500,3500,3500,3500,3500,3500,3500,3500,3500,3500,3500,3500,3.1392593383789063,0.7107467651367188,0.27886199951171875,2.8280715942382813,2.8389968872070313,0.2817535400390625,0.2843475341796875,0.234771728515625,0.4862518310546875,3.0001983642578125,0.381011962890625,0.49517822265625,0.3216094970703125,2.8396987915039063,11.210601806640625,0.208984375,8.882644653320313,1.1511077880859375,0.577728271484375,0.273773193359375,0,49393.945251464844,35065.34503173828,0,34088599552,2147483648,7998439424,0
200,1787752982875,3500,3500,3500,3500,3500,3500,3500,3500,3500,3500,3500,3500,3500,3500,3500,3500,3500,3500,3500,3500,0.6085891723632813,1.2813720703125,0.28714752197265625,0.27104949951171875,0.16916656494140625,0.31014251708984375,0.30559539794921875,2.7827529907226563,0.4691162109375,0.3357391357421875,0.33943939208984375,0.46321868896484375,2.8078994750976563,0.3264923095703125,13.582565307617188,0.21926116943359375,3.3005599975585938,0.28479766845703125,2.0041885375976563,0.28334808349609375,0,49402.423583984375,35071.70635986328,0,34088599552,2147483648,7998509056,0
199,1787752983075,3500,3500,3500,3500,3500,3500,3500,3500,3500,3500,3500,3500,3500,3500,3500,3500,3500,3500,3500,3500,2.3638687133789063,0.8765487670898438,0.37364959716796875,0.32288360595703125,0.9727401733398438,0.33829498291015625,0.3358001708984375,0.2900238037109375,2.8244781494140625,0.33425140380859375,2.8654251098632813,2.8800811767578125,0.3925018310546875,0.40491485595703125,11.331832885742188,0.2520751953125,6.8557281494140625,0.27960205078125,0.3646240234375,0.319793701171875,0,49409.36260986328,35076.51354980469,0,34088599552,2147483648,7998509056,0
200,1787752983275,3500,3500,3500,3500,3500,3500,3500,3500,3500,3500,3500,3500,3500,3500,3500,3500,3500,3500,3500,3500,0.5831985473632813,2.9641799926757813,2.8457107543945313,0.33806610107421875,0.31911468505859375,2.82586669921875,0.30281829833984375,0.2751312255859375,0.3642578125,0.34326171875,0.24828338623046875,0.31241607666015625,0.31656646728515625,0.29742431640625,9.120941162109375,2.7798309326171875,10.5059814453125,0.2628326416015625,1.2439804077148438,2.7876815795898438,0,49416.2626953125,35081.29748535156,0,34088599552,2147483648,7998509056,0
200,1787752983475,3500,3500,3500,3500,3500,3500,3500,3500,3500,3500,3500,3500,3500,3500,3500,3500,3500,3500,3500,3500,0.7200164794921875,1.4022293090820313,0.28789520263671875,0.2888946533203125,0.3317413330078125,0.4479522705078125,2.9596176147460938,0.320404052734375,0.34747314453125,0.4908447265625,0.32819366455078125,0.48140716552734375,0.2718658447265625,0.2879486083984375,11.379730224609375,0.2733612060546875,2.8541946411132813,0.2958831787109375,2.8341217041015625,0.269073486328125,0,49424.093505859375,35087.00842285156,0,34088599552,2147483648,7998509056,0
200,1787752983676,3500,3500,3500,3500,3500,3500,3500,3500,3500,3500,3500,3500,3500,3500,3500,3500,3500,3500,3500,3500,3.1667098999023438,0.5177688598632813,0.6748123168945313,2.882598876953125,3.716644287109375,0.499237060546875,0.4052886962890625,0.3838043212890625,0.37001800537109375,2.9145660400390625,0.354583740234375,0.45743560791015625,0.3057861328125,2.8166656494140625,9.668502807617188,0.21183013916015625,11.727493286132813,2.7575759887695313,1.198822021484375,0.28350830078125,0,49431.0703125,35091.86016845703,0,34088599552,2147483648,7998640128,0
200,1787752983876,3500,3500,3500,3500,3500,3500,3500,3500,3500,3500,3500,3500,3500,3500,3500,3500,3500,3500,3500,3500,0.5614852905273438,0.4934234619140625,0.49536895751953125,0.5548019409179688,0.3603363037109375,0.479644775390625,0.3417205810546875,2.8866195678710938,0.33049774169921875,0.3409271240234375,0.37111663818359375,0.461334228515625,1.6606063842773438,0.28658294677734375,10.5504150390625,0.25539398193359375,80.15342712402344,0.1464080810546875,0.2713623046875,0.3182220458984375,0,49440.849365234375,35099.513122558594,0,34088599552,2147483648,7998615552,0
200,1787752984076,3500,3500,3500,3500,3500,3500,3500,3500,3500,3500,3500,3500,3500,3500,3500,3500,3500,3500,3500,3500,0.5028305053710938,0.30133056640625,0.5132064819335938,0.529815673828125,0.4654083251953125,0.4725494384765625,0.3502655029296875,0.34383392333984375,2.9175949096679688,0.36757659912109375,2.838470458984375,1.2226715087890625,1.3800735473632813,0.30133056640625,4.128791809082031,0.21796417236328125,100,0.12227630615234375,0.27883148193359375,0.2950897216796875,0,49450.11944580078,35106.674865722656,0,34088599552,2147483648,7998615552,0
199,1787752984277,3500,3500,3500,3500,3500,3500,3500,3500,3500,3500,3500,3500,3500,3500,3500,3500,3500,3500,3500,3500,0.526763916015625,2.8411178588867188,0.8978652954101563,0.5360031127929688,0.29517364501953125,2.9385757446289063,0.35732269287109375,0.36870574951171875,0.3333892822265625,0.26940155029296875,0.25171661376953125,1.98046875,0.3043670654296875,0.30536651611328125,12.308746337890625,2.8049545288085938,92.63082885742188,0.158203125,0.5225677490234375,2.8301773071289063,0,49460.74853515625,35115.18536376953,0,34088599552,2147483648,7998615552,0
200,1787752984477,3500,3500,3500,3500,3500,3500,3500,3500,3500,3500,3500,3500,3500,3500,3500,3500,3500,3500,3500,3500,0.5874176025390625,0.3109588623046875,2.39642333984375,0.35739898681640625,0.44043731689453125,0.30475616455078125,2.8700027465820313,0.27396392822265625,0.3735504150390625,0.284912109375,0.36859893798828125,0.2804107666015625,0.3171539306640625,0.31285858154296875,2.0682144165039063,0.21991729736328125,100,0.139678955078125,0.5307235717773438,0.28765869140625,0,49470.85430908203,35123.18835449219,0,34088599552,2147483648,7998615552,0
200,1787752984677,3500,3500,3500,3500,3500,3500,3500,3500,3500,3500,3500,3500,3500,3500,3500,3500,3500,3500,3500,3500,3.052581787109375,0.304443359375,0.28863525390625,2.8090286254882813,2.7826004028320313,0.2660980224609375,0.224609375,0.278717041015625,0.28743743896484375,2.8050384521484375,0.26375579833984375,0.34099578857421875,0.2926788330078125,2.7963638305664063,5.443321228027344,0.2352294921875,98.0041732788086,2.6538848876953125,9.012535095214844,0.2666473388671875,0,49480.20373535156,35130.405334472656,0,34088599552,2147483648,7998812160,0
200,1787752984878,3500,3500,3500,3500,3500,3500,3500,3500,3500,3500,3500,3500,3500,3500,3500,3500,3500,3500,3500,3500,0.55072021484375,0.30561065673828125,0.37593841552734375,0.3129425048828125,0.23033905029296875,0.2840118408203125,0.36406707763671875,2.7984771728515625,0.31653594970703125,0.29947662353515625,0.2789764404296875,0.328155517578125,0.31822967529296875,0.31583404541015625,27.805526733398438,0.23423004150390625,74.80545806884766,0.187744140625,0.3533935546875,0.293792724609375,0,49489.42236328125,35137.508850097656,0,34088599552,2147483648,7998812160,0
200,1787752985078,3500,3500,3500,3500,3500,3500,3500,3500,3500,3500,3500,3500,3500,3500,3500,3500,3500,3500,3500,3500,0.5467605590820313,0.27774810791015625,0.2732086181640625,0.286285400390625,0.3029632568359375,0.32547760009765625,0.37166595458984375,0.323333740234375,2.7919692993164063,0.30915069580078125,2.729705810546875,0.2283172607421875,2.7612152099609375,0.30945587158203125,5.436943054199219,0.2740020751953125,98.43191528320313,0.110137939453125,0.26766204833984375,0.28194427490234375,0,49498.28973388672,35144.279296875,0,34088599552,2147483648,7998808064,0
200,1787752985278,3500,3500,3500,3500,3500,3500,3500,3500,3500,3500,3500,3500,3500,3500,3500,3500,3500,3500,3500,3500,0.543914794921875,2.8706588745117188,0.31366729736328125,0.30194091796875,0.3546600341796875,2.9570236206054688,0.4292449951171875,0.31726837158203125,0.2835693359375,0.29205322265625,0.27767181396484375,2.8383560180664063,0.30632781982421875,0.29549407958984375,22.440269470214844,2.7873382568359375,70.32740020751953,0.16684722900390625,13.7593994140625,2.8045578002929688,0,49508.75988769531,35152.619201660156,0,34088599552,2147483648,7998873600,0
200,1787752985478,3500,3500,3500,3500,3500,3500,3500,3500,3500,3500,3500,3500,3500,3500,3500,3500,3500,3500,3500,3500,28.560028076171875,0.279571533203125,25.856666564941406,0.26064300537109375,0.3212738037109375,0.2870635986328125,2.8942413330078125,0.385894775390625,0.243011474609375,0.31642913818359375,0.26648712158203125,0.24381256103515625,27.942955017089844,0.2212371826171875,27.60535430908203,0.2003173828125,63.37977600097656,0.21075439453125,53.53907775878906,0.23352813720703125,0,49520.25506591797,35161.931701660156,0,34088599552,2147483648,8022466560,0
200,1787752985679,3500,3500,3500,3500,3500,3500,3500,3500,3500,3500,3500,3500,3500,3500,3500,3500,3500,3500,3500,3500,3.1453170776367188,0.35697174072265625,0.31325531005859375,2.8624420166015625,3.3364944458007813,0.43277740478515625,0.4750518798828125,0.434722900390625,0.297515869140625,2.770599365234375,0.291717529296875,0.329345703125,0.29386138916015625,2.8368606567382813,11.037086486816406,0.254638671875,88.56261444091797,2.6725616455078125,10.325736999511719,0.262237548828125,0,49530.06701660156,35169.618591308594,0,34088599552,2147483648,8022482944,0
199,1787752985879,3500,3500,3500,3500,3500,3500,3500,3500,3500,3500,3500,3500,3500,3500,3500,3500,3500,3500,3500,3500,3.1205673217773438,0.3219146728515625,16.755859375,0.28035736083984375,0.3017120361328125,0.31957244873046875,0.27347564697265625,2.8743820190429688,0.2820587158203125,0.3022613525390625,0.27552032470703125,0.28794097900390625,0.2864990234375,0.29332733154296875,8.442459106445313,0.2272796630859375,88.06182861328125,0.1324462890625,4.894615173339844,0.2906341552734375,0,49538.61737060547,35176.038146972656,0,34088599552,2147483648,8022487040,0
199,1787752986079,3500,3500,3500,3500,3500,3500,3500,3500,3500,3500,3500,3500,3500,3500,3500,3500,3500,3500,3500,3500,0.5196990966796875,0.31745147705078125,0.288909912109375,0.3050079345703125,0.2880096435546875,0.295562744140625,0.237335205078125,0.22559356689453125,2.7726287841796875,0.2251434326171875,2.7791748046875,0.29601287841796875,2.820404052734375,0.288360595703125,7.84716796875,0.19620513916015625,97.88775634765625,0.1345367431640625,0.7585906982421875,0.30545806884765625,0,49548.200134277344,35183.49591064453,0,34088599552,2147483648,8022749184,0
200,1787752986279,3500,3500,3500,3500,3500,3500,3500,3500,3500,3500,3500,3500,3500,3500,3500,3500,3500,3500,3500,3500,0.5438308715820313,2.851593017578125,0.32508087158203125,0.3059844970703125,0.2321014404296875,2.86224365234375,0.37071990966796875,0.26964569091796875,0.27803802490234375,0.27478790283203125,0.28919219970703125,2.8733367919921875,0.3008880615234375,0.340179443359375,5.436546325683594,2.7604141235351563,96.67620849609375,0.1553192138671875,3.8395843505859375,2.9070816040039063,0,49558.265380859375,35191.4384765625,0,34088599552,2147483648,8022749184,0
199,1787752986480,3500,3500,3500,3500,3500,3500,3500,3500,3500,3500,3500,3500,3500,3500,3500,3500,3500,3500,3500,3500,0.6758880615234375,0.27530670166015625,2.83233642578125,0.2885284423828125,0.17896270751953125,0.2696685791015625,2.814727783203125,0.27330780029296875,0.28029632568359375,0.28104400634765625,0.22147369384765625,0.3187103271484375,0.29990386962890625,0.31806182861328125,6.981437683105469,0.20241546630859375,30.183616638183594,0.21054840087890625,66.28321075439453,0.18994140625,0,49567.41943359375,35198.47479248047,0,34088599552,2147483648,8022736896,0
200,1787752986680,3500,3500,3500,3500,3500,3500,3500,3500,3500,3500,3500,3500,3500,3500,3500,3500,3500,3500,3500,3500,3.0229873657226563,0.2773590087890625,0.29375457763671875,2.8211669921875,2.7796783447265625,0.30934906005859375,0.26275634765625,0.26390838623046875,0.24961090087890625,2.7942276000976563,0.32305145263671875,0.2382659912109375,0.28845977783203125,2.8272705078125,4.060783386230469,0.22666168212890625,72.22208404541016,2.7241363525390625,34.614219665527344,0.20217132568359375,0,49576.67834472656,35205.61016845703,0,34088599552,2147483648,8022867968,0
199,1787752986880,3500,3500,3500,3500,3500,3500,3500,3500,3500,3500,3500,3500,3500,3500,3500,3500,3500,3500,3500,3500,0.5366134643554688,0.30908203125,41.36256408691406,0.1996917724609375,4.2446441650390625,0.24297332763671875,0.30029296875,2.7767715454101563,0.27555084228515625,0.24666595458984375,0.281097412109375,0.25836181640625,0.26930999755859375,0.3204803466796875,11.636161804199219,0.22857666015625,29.497024536132813,0.2365264892578125,25.820175170898438,0.23162841796875,0,49585.765625,35212.563232421875,0,34088599552,2147483648,8023199744,0
200,1787752987080,3500,3500,3500,3500,3500,3500,3500,3500,3500,3500,3500,3500,3500,3500,3500,3500,3500,3500,3500,3500,2.15106201171875,0.33060455322265625,0.36673736572265625,0.2978668212890625,0.3003692626953125,0.29686737060546875,0.29227447509765625,0.25399017333984375,2.7963333129882813,0.261932373046875,2.7783355712890625,0.24664306640625,2.9050827026367188,0.3882293701171875,23.39130401611328,0.2313995361328125,71.92923736572266,0.16158294677734375,10.545455932617188,0.29431915283203125,0,49593.99108886719,35218.664001464844,0,34088599552,2147483648,8009887744,0
200,1787752987280,3500,3500,3500,3500,3500,3500,3500,3500,3500,3500,3500,3500,3500,3500,3500,3500,3500,3500,3500,3500,0.6792526245117188,2.8542327880859375,0.394195556640625,0.2774200439453125,0.31302642822265625,2.8573837280273438,0.28540802001953125,0.40358734130859375,0.31732940673828125,0.2826080322265625,0.345550537109375,2.7955474853515625,0.41472625732421875,0.420074462890625,12.921798706054688,2.769073486328125,75.47879791259766,0.185211181640625,18.26983642578125,2.80194091796875,0,49601.87854003906,35224.445373535156,0,34088599552,2147483648,8009805824,0
200,1787752987481,3500,3500,3500,3500,3500,3500,3500,3500,3500,3500,3500,3500,3500,3500,3500,3500,3500,3500,3500,3500,0.4716796875,0.22823333740234375,2.7340927124023438,0.23731231689453125,0.22214508056640625,0.137603759765625,2.722625732421875,0.16204833984375,0.1932220458984375,0.1874847412109375,0.19441986083984375,0.1657867431640625,0.3072357177734375,0.3256378173828125,11.659576416015625,0.1732177734375,91.79716491699219,0.053466796875,1.1385650634765625,0.22992706298828125,0,49610.44714355469,35230.96008300781,0,34088599552,2147483648,8009728000,0
199,1787752987681,3500,3500,3500,3500,3500,3500,3500,3500,3500,3500,3500,3500,3500,3500,3500,3500,3500,3500,3500,3500,3.3094940185546875,0.393157958984375,22.721542358398438,2.8760299682617188,3.1953659057617188,0.4221954345703125,0.36702728271484375,0.38094329833984375,1.8034439086914063,2.9038162231445313,0.43505859375,0.36138916015625,0.4344635009765625,2.9532012939453125,9.015220642089844,0.2458648681640625,23.09380340576172,2.7884902954101563,57.5125617980957,0.2650146484375,0,49619.16931152344,35237.91735839844,0,34088599552,2147483648,8009986048,0
200,1787752987881,3500,3500,3500,3500,3500,3500,3500,3500,3500,3500,3500,3500,3500,3500,3500,3500,3500,3500,3500,3500,0.5692672729492188,0.3276824951171875,24.783584594726563,0.3025970458984375,0.4126739501953125,0.48357391357421875,0.5074081420898438,3.0137405395507813,0.49881744384765625,0.4310150146484375,0.536590576171875,0.5158538818359375,0.39258575439453125,0.39054107666015625,17.24585723876953,0.30739593505859375,61.53403854370117,0.19876861572265625,0.5161590576171875,0.36710357666015625,0,49628.114196777344,35244.300048828125,0,34088599552,2147483648,8009969664,0
200,1787752988081,3500,3500,3500,3500,3500,3500,3500,3500,3500,3500,3500,3500,3500,3500,3500,3500,3500,3500,3500,3500,0.5786972045898438,0.25896453857421875,0.26155853271484375,0.283203125,0.30329132080078125,0.21553802490234375,0.27295684814453125,0.26111602783203125,2.9634857177734375,0.36341094970703125,2.9669876098632813,0.38634490966796875,2.7809829711914063,0.2672576904296875,4.7944183349609375,0.22008514404296875,100,0.10070037841796875,0.3621063232421875,0.368804931640625,0,49636.70861816406,35250.760681152344,0,34088599552,2147483648,8009969664,0
200,1787752988282,3500,3500,3500,3500,3500,3500,3500,3500,3500,3500,3500,3500,3500,3500,3500,3500,3500,3500,3500,3500,0.57611083984375,2.8135833740234375,0.2819366455078125,0.30411529541015625,0.3618621826171875,2.8281707763671875,0.27399444580078125,0.30291748046875,0.38729095458984375,0.3386383056640625,0.36396026611328125,2.9232864379882813,0.298675537109375,0.26889801025390625,7.542640686035156,2.7694244384765625,63.47425079345703,0.18917083740234375,39.329444885253906,2.7568893432617188,0,49646.05578613281,35257.96667480469,0,34088599552,2147483648,8010498048,0
200,1787752988482,3500,3500,3500,3500,3500,3500,3500,3500,3500,3500,3500,3500,3500,3500,3500,3500,3500,3500,3500,3500,0.600738525390625,0.3267059326171875,2.8455352783203125,0.32625579833984375,0.27862548828125,0.32001495361328125,2.9111404418945313,0.2134246826171875,0.40229034423828125,0.5344924926757813,0.3936004638671875,0.4527130126953125,0.3271026611328125,0.3657989501953125,4.80291748046875,0.3092803955078125,100,0.15825653076171875,0.35157012939453125,0.316070556640625,0,49655.40637207031,35265.20007324219,0,34088599552,2147483648,8010498048,0
200,1787752988682,3500,3500,3500,3500,3500,3500,3500,3500,3500,3500,3500,3500,3500,3500,3500,3500,3500,3500,3500,3500,3.0851058959960938,0.2711944580078125,0.2764892578125,2.810821533203125,3.6668777465820313,0.2634124755859375,0.216949462890625,0.26245880126953125,0.3773956298828125,2.9681777954101563,0.36077880859375,0.4097900390625,0.308624267578125,2.7731857299804688,12.204238891601563,0.2135009765625,69.20082092285156,2.678466796875,28.076400756835938,0.24065399169921875,0,49664.580078125,35272.255859375,0,34088599552,2147483648,8010498048,0
200,1787752988883,3500,3500,3500,3500,3500,3500,3500,3500,3500,3500,3500,3500,3500,3500,3500,3500,3500,3500,3500,3500,0.533660888671875,0.312896728515625,0.3069610595703125,0.3101043701171875,0.4783935546875,0.4644775390625,0.33005523681640625,2.8264694213867188,0.29259490966796875,0.317535400390625,0.31927490234375,0.2376251220703125,0.33045196533203125,0.30167388916015625,9.741363525390625,0.22580718994140625,62.52304458618164,0.18854522705078125,31.362281799316406,0.27742767333984375,0,49673.047912597656,35278.587646484375,0,34088599552,2147483648,8010477568,0
200,1787752989083,3500,3500,3500,3500,3500,3500,3500,3500,3500,3500,3500,3500,3500,3500,3500,3500,3500,3500,3500,3500,0.582794189453125,0.295440673828125,0.5872879028320313,0.2677154541015625,0.36168670654296875,0.45760345458984375,0.47324371337890625,0.46929168701171875,2.6931686401367188,0.32266998291015625,2.73883056640625,0.269866943359375,2.8103179931640625,0.29749298095703125,16.83232879638672,0.217864990234375,72.000732421875,0.1675567626953125,22.975311279296875,0.2328948974609375,0,49681.96630859375,35285.372985839844,0,34088599552,2147483648,8010936320,0
200,1787752989283,3500,3500,3500,3500,3500,3500,3500,3500,3500,3500,3500,3500,3500,3500,3500,3500,3500,3500,3500,3500,0.5398712158203125,2.82818603515625,39.667850494384766,0.21579742431640625,0.3953399658203125,3.039642333984375,0.494720458984375,0.48583221435546875,0.24491119384765625,0.2951507568359375,0.25689697265625,2.8287353515625,0.2684326171875,0.30504608154296875,17.847999572753906,2.7793960571289063,49.05605697631836,0.19441986083984375,1.8882369995117188,2.794525146484375,0,49690.21160888672,35291.49255371094,0,34088599552,2147483648,8011051008,0
199,1787752989483,3500,3500,3500,3500,3500,3500,3500,3500,3500,3500,3500,3500,3500,3500,3500,3500,3500,3500,3500,3500,0.5774688720703125,0.31591033935546875,16.997283935546875,0.26505279541015625,0.3385772705078125,0.37900543212890625,2.8537445068359375,0.2510223388671875,0.2802734375,0.22367095947265625,0.26529693603515625,0.24358367919921875,0.29434967041015625,0.29010772705078125,2.07916259765625,0.22601318359375,86.13738250732422,0.13626861572265625,0.33538055419921875,0.2736358642578125,0,49699.99328613281,35299.14825439453,0,34088599552,2147483648,8011051008,0
200,1787752989683,3500,3500,3500,3500,3500,3500,3500,3500,3500,3500,3500,3500,3500,3500,3500,3500,3500,3500,3500,3500,3.0792999267578125,0.31310272216796875,0.4123382568359375,2.876129150390625,3.6633682250976563,0.46707916259765625,0.282806396484375,0.28520965576171875,0.706695556640625,0.24616241455078125,0.32300567626953125,0.308807373046875,0.29640960693359375,2.8253860473632813,10.754180908203125,0.27935791015625,42.81564712524414,2.7533493041992188,56.69792175292969,0.22586822509765625,0,49709.64440917969,35306.676330566406,0,34088599552,2147483648,8011051008,0
200,1787752989884,3500,3500,3500,3500,3500,3500,3500,3500,3500,3500,3500,3500,3500,3500,3500,3500,3500,3500,3500,3500,0.5124969482421875,0.29842376708984375,41.986270904541016,0.22516632080078125,0.33527374267578125,0.27315521240234375,0.24553680419921875,2.768829345703125,0.2466888427734375,2.800384521484375,0.25926971435546875,0.2656097412109375,0.307159423828125,0.34481048583984375,21.99016571044922,0.219268798828125,33.893272399902344,0.1901092529296875,26.102188110351563,0.22611236572265625,0,49717.24011230469,35312.104736328125,0,34088599552,2147483648,8011444224,0
199,1787752990084,3500,3500,3500,3500,3500,3500,3500,3500,3500,3500,3500,3500,3500,3500,3500,3500,3500,3500,3500,3500,0.5690841674804688,0.29572296142578125,0.3439483642578125,0.29367828369140625,0.2980194091796875,0.26607513427734375,0.29662322998046875,0.28154754638671875,2.8013076782226563,0.2777557373046875,2.751983642578125,0.26148223876953125,2.8201751708984375,0.2733612060546875,3.310089111328125,0.23886871337890625,76.39476013183594,0.15285491943359375,24.41229248046875,0.2371673583984375,0,49726.08166503906,35318.838623046875,0,34088599552,2147483648,8011448320,0
200,1787752990284,3500,3500,3500,3500,3500,3500,3500,3500,3500,3500,3500,3500,3500,3500,3500,3500,3500,3500,3500,3500,0.6036376953125,2.8137054443359375,0.43689727783203125,0.4093017578125,0.29784393310546875,2.8847274780273438,0.23126983642578125,0.24216461181640625,0.3134918212890625,0.335479736328125,0.3155364990234375,2.816802978515625,0.32088470458984375,0.320037841796875,17.66454315185547,2.7828140258789063,80.88241577148438,0.188934326171875,7.305961608886719,2.8306961059570313,0,49734.466735839844,35325.10656738281,0,34088599552,2147483648,8011563008,0
200,1787752990484,3500,3500,3500,3500,3500,3500,3500,3500,3500,3500,3500,3500,3500,3500,3500,3500,3500,3500,3500,3500,0.602691650390625,0.26529693603515625,3.0627288818359375,0.36974334716796875,0.359954833984375,0.20394134521484375,2.8297805786132813,0.309234619140625,0.34897613525390625,0.36000823974609375,0.4346923828125,0.40393829345703125,0.2993011474609375,0.26824188232421875,8.256996154785156,0.19750213623046875,67.25018310546875,0.144134521484375,30.28752899169922,0.17304229736328125,0,49743.97918701172,35332.47314453125,0,34088599552,2147483648,8011759616,0
200,1787752990685,3500,3500,3500,3500,3500,3500,3500,3500,3500,3500,3500,3500,3500,3500,3500,3500,3500,3500,3500,3500,3.08526611328125,0.31314849853515625,0.3698577880859375,2.932159423828125,3.021728515625,0.32721710205078125,0.22901153564453125,0.28751373291015625,0.9641876220703125,0.3732452392578125,0.321624755859375,0.44012451171875,0.2742462158203125,2.8641815185546875,13.789260864257813,0.2814788818359375,51.66726303100586,2.7299270629882813,46.00897216796875,0.20392608642578125,0,49754.159912109375,35340.52819824219,0,34088599552,2147483648,8011948032,0
200,1787752990885,3500,3500,3500,3500,3500,3500,3500,3500,3500,3500,3500,3500,3500,3500,3500,3500,3500,3500,3500,3500,0.64813232421875,0.2893829345703125,0.30684661865234375,0.30904388427734375,0.25605010986328125,0.2705230712890625,0.244720458984375,2.8815155029296875,0.30405426025390625,2.8292694091796875,0.2350921630859375,0.27576446533203125,0.29372406005859375,0.311492919921875,4.758201599121094,0.23738861083984375,100,0.12630462646484375,0.9152603149414063,0.34966278076171875,0,49763.88214111328,35348.11444091797,0,34088599552,2147483648,8012013568,0
199,1787752991085,3500,3500,3500,3500,3500,3500,3500,3500,3500,3500,3500,3500,3500,3500,3500,3500,3500,3500,3500,3500,2.2231903076171875,0.34759521484375,23.605133056640625,0.2769012451171875,0.3071746826171875,0.2803497314453125,0.25616455078125,0.30397796630859375,2.868072509765625,0.23328399658203125,2.7899246215820313,0.2709503173828125,2.803863525390625,0.291290283203125,9.916313171386719,0.22168731689453125,71.6305160522461,0.1436920166015625,0.7930221557617188,0.35284423828125,0,49773.624572753906,35355.742614746094,0,34088599552,2147483648,8012013568,0
199,1787752991285,3500,3500,3500,3500,3500,3500,3500,3500,3500,3500,3500,3500,3500,3500,3500,3500,3500,3500,3500,3500,0.4851837158203125,1.4443511962890625,0.30901336669921875,0.28002166748046875,0.26318359375,2.7941436767578125,0.3094635009765625,0.3347015380859375,0.32190704345703125,0.29741668701171875,0.26187896728515625,2.8352203369140625,0.28926849365234375,0.26888275146484375,6.9328765869140625,2.7313232421875,77.06926727294922,0.1733245849609375,24.77519989013672,2.7617034912109375,0,49782.56945800781,35362.54113769531,0,34088599552,2147483648,8012472320,0
200,1787752991486,3500,3500,3500,3500,3500,3500,3500,3500,3500,3500,3500,3500,3500,3500,3500,3500,3500,3500,3500,3500,0.507843017578125,1.6606597900390625,2.7904281616210938,0.323883056640625,0.2339019775390625,0.312835693359375,2.7471389770507813,0.34278106689453125,0.3043365478515625,0.2852935791015625,0.289093017578125,0.26479339599609375,0.29209136962890625,0.2909393310546875,6.292503356933594,0.19635772705078125,97.48756408691406,0.143218994140625,3.12890625,0.28509521484375,0,49792.57861328125,35370.429260253906,0,34088599552,2147483648,8012472320,0
200,1787752991686,3500,3500,3500,3500,3500,3500,3500,3500,3500,3500,3500,3500,3500,3500,3500,3500,3500,3500,3500,3500,3.0605392456054688,0.29953765869140625,0.3278045654296875,2.8216323852539063,3.641632080078125,0.3001861572265625,0.24835205078125,0.26293182373046875,0.392974853515625,0.4040069580078125,0.33319854736328125,0.30597686767578125,0.325103759765625,2.8002548217773438,3.0616912841796875,0.324310302734375,57.77839279174805,2.6998748779296875,48.903404235839844,0.23211669921875,0,49802.69073486328,35378.422119140625,0,34088599552,2147483648,8012476416,0
199,1787752991886,3500,3500,3500,3500,3500,3500,3500,3500,3500,3500,3500,3500,3500,3500,3500,3500,3500,3500,3500,3500,0.5174407958984375,0.32910919189453125,0.28304290771484375,0.29706573486328125,2.9593582153320313,0.2847442626953125,0.27496337890625,0.27471160888671875,0.25824737548828125,2.8322067260742188,0.2594451904296875,0.25445556640625,0.30181121826171875,0.2699737548828125,15.832122802734375,0.2216644287109375,87.21855926513672,0.1306915283203125,0.599578857421875,0.2991180419921875,0,49812.23260498047,35385.828125,0,34088599552,2147483648,8012455936,0
200,1787752992086,3500,3500,3500,3500,3500,3500,3500,3500,3500,3500,3500,3500,3500,3500,3500,3500,3500,3500,3500,3500,0.526214599609375,0.325927734375,0.30743408203125,0.297088623046875,0.3590545654296875,0.27045440673828125,0.28009796142578125,2.778350830078125,2.8966903686523438,0.2469635009765625,2.7708587646484375,0.333221435546875,2.917327880859375,0.37294769287109375,15.308792114257813,0.25850677490234375,76.2270736694336,0.15746307373046875,17.82568359375,0.2511138916015625,0,49821.40411376953,35392.83953857422,0,34088599552,2147483648,8012722176,0
200,1787752992287,3500,3500,3500,3500,3500,3500,3500,3500,3500,3500,3500,3500,3500,3500,3500,3500,3500,3500,3500,3500,0.5598983764648438,0.27048492431640625,0.37021636962890625,0.28656768798828125,0.2025604248046875,2.8207168579101563,0.323272705078125,0.23078155517578125,0.26229095458984375,0.28166961669921875,0.333709716796875,2.7878036499023438,0.308837890625,0.31842803955078125,10.883071899414063,2.7373123168945313,92.0593032836914,0.146881103515625,4.808349609375,2.7971878051757813,0,49831.44598388672,35400.76623535156,0,34088599552,2147483648,8012853248,0
200,1787752992487,3500,3500,3500,3500,3500,3500,3500,3500,3500,3500,3500,3500,3500,3500,3500,3500,3500,3500,3500,3500,0.545074462890625,2.8463287353515625,2.7900924682617188,0.34929656982421875,0.32183074951171875,0.38271331787109375,2.851318359375,0.2897186279296875,0.4591217041015625,0.5026702880859375,0.505218505859375,0.381561279296875,0.2818756103515625,0.34075927734375,5.456672668457031,0.27812957763671875,93.05888366699219,0.14957427978515625,4.149925231933594,0.302703857421875,0,49840.40252685547,35407.606994628906,0,34088599552,2147483648,8012853248,0
200,1787752992687,3500,3500,3500,3500,3500,3500,3500,3500,3500,3500,3500,3500,3500,3500,3500,3500,3500,3500,3500,3500,3.1469879150390625,0.27944183349609375,0.27320098876953125,2.840606689453125,2.8135147094726563,0.28133392333984375,0.31261444091796875,0.24591064453125,1.0160369873046875,0.467926025390625,0.4860382080078125,0.349639892578125,0.2808837890625,2.7824783325195313,12.204627990722656,0.2275543212890625,94.96293640136719,2.6499176025390625,3.344207763671875,0.2856292724609375,0,49847.328369140625,35412.410583496094,0,34088599552,2147483648,8012918784,0
200,1787752992887,3500,3500,3500,3500,3500,3500,3500,3500,3500,3500,3500,3500,3500,3500,3500,3500,3500,3500,3500,3500,2.7016677856445313,0.3392333984375,5.6913604736328125,0.2681884765625,0.3120574951171875,0.22512054443359375,0.25460052490234375,0.2539520263671875,0.2900238037109375,2.7515792846679688,0.32259368896484375,0.2858734130859375,0.30925750732421875,0.29831695556640625,19.59923553466797,0.2379150390625,68.42941284179688,0.18900299072265625,29.293739318847656,0.282928466796875,0,49856.24591064453,35419.15557861328,0,34088599552,2147483648,8013463552,0
200,1787752993088,3500,3500,3500,3500,3500,3500,3500,3500,3500,3500,3500,3500,3500,3500,3500,3500,3500,3500,3500,3500,0.6124801635742188,0.31200408935546875,0.30132293701171875,0.34051513671875,0.24471282958984375,0.29123687744140625,0.27252197265625,2.8578338623046875,2.804718017578125,0.28314971923828125,2.8314743041992188,0.2709197998046875,2.8265838623046875,0.31969451904296875,3.0694961547851563,0.28619384765625,100,0.14841461181640625,0.6018447875976563,0.3023681640625,0,49866.673767089844,35427.47052001953,0,34088599552,2147483648,8013463552,0
200,1787752993288,3500,3500,3500,3500,3500,3500,3500,3500,3500,3500,3500,3500,3500,3500,3500,3500,3500,3500,3500,3500,1.1392745971679688,0.32773590087890625,16.198333740234375,0.30620574951171875,0.33342742919921875,2.801513671875,0.31624603271484375,0.32633209228515625,0.2830352783203125,0.26775360107421875,0.30126190185546875,2.8774795532226563,0.424774169921875,0.3443145751953125,27.2545166015625,0.22589874267578125,50.032588958740234,0.25521087646484375,14.989234924316406,2.8595504760742188,0,49876.90887451172,35435.58319091797,0,34088599552,2147483648,8013561856,0
200,1787752993488,3500,3500,3500,3500,3500,3500,3500,3500,3500,3500,3500,3500,3500,3500,3500,3500,3500,3500,3500,3500,0.73394775390625,2.7968978881835938,2.8669967651367188,0.2971954345703125,0.2899017333984375,0.27941131591796875,2.8086929321289063,0.22884368896484375,0.2875518798828125,0.17208099365234375,0.2689208984375,0.2696685791015625,0.365447998046875,0.31183624267578125,0.29019927978515625,13.610595703125,68.15620422363281,0.18502044677734375,24.47820281982422,0.294952392578125,0,49885.56494140625,35442.11865234375,0,34088599552,2147483648,8013619200,0
200,1787752993688,3500,3500,3500,3500,3500,3500,3500,3500,3500,3500,3500,3500,3500,3500,3500,3500,3500,3500,3500,3500,3.5533599853515625,0.2919921875,0.9199066162109375,2.7989883422851563,2.7349319458007813,0.57464599609375,0.26711273193359375,0.2586212158203125,0.3966217041015625,0.24092864990234375,0.24382781982421875,0.26436614990234375,0.2419281005859375,2.825469970703125,0.22124481201171875,10.685264587402344,62.75803756713867,2.6569900512695313,41.49128723144531,0.283050537109375,0,49894.537658691406,35449.361267089844,0,34088599552,2147483648,8017162240,0
200,1787752993889,3500,3500,3500,3500,3500,3500,3500,3500,3500,3500,3500,3500,3500,3500,3500,3500,3500,3500,3500,3500,0.7540359497070313,0.30718994140625,0.35650634765625,0.3424835205078125,0.29027557373046875,0.8291473388671875,0.367034912109375,0.3130340576171875,0.30859375,2.8303756713867188,0.30689239501953125,0.34352874755859375,0.34816741943359375,0.33359527587890625,0.27704620361328125,18.603561401367188,81.54421997070313,0.18756103515625,4.93865966796875,0.31882476806640625,0,49903.97637939453,35456.26190185547,0,34088599552,2147483648,8017391616,0
200,1787752994089,3500,3500,3500,3500,3500,3500,3500,3500,3500,3500,3500,3500,3500,3500,3500,3500,3500,3500,3500,3500,0.6574325561523438,0.21633148193359375,0.2668609619140625,0.2412261962890625,0.2523956298828125,0.20964813232421875,0.23633575439453125,2.7910308837890625,2.7480850219726563,0.22466278076171875,2.800811767578125,0.21124267578125,2.8040008544921875,0.2379302978515625,0.21244049072265625,7.6442413330078125,76.76191711425781,0.11397552490234375,21.57794952392578,0.237579345703125,0,49914.623474121094,35464.772705078125,0,34088599552,2147483648,8017391616,0
200,1787752994290,3500,3500,3500,3500,3500,3500,3500,3500,3500,3500,3500,3500,3500,3500,3500,3500,3500,3500,3500,3500,0.8736343383789063,0.258148193359375,14.041656494140625,0.2707672119140625,0.223785400390625,1.6540069580078125,0.298492431640625,0.288665771484375,0.28163909912109375,0.31600189208984375,0.3640289306640625,2.8610000610351563,0.27799224853515625,0.27814483642578125,2.7346649169921875,9.620964050292969,84.10285186767578,0.133758544921875,2.948822021484375,2.7785568237304688,0,49923.239196777344,35471.239807128906,0,34088599552,2147483648,8022417408,0
200,1787752994490,3500,3500,3500,3500,3500,3500,3500,3500,3500,3500,3500,3500,3500,3500,3500,3500,3500,3500,3500,3500,0.7648086547851563,2.7891769409179688,2.888031005859375,0.29430389404296875,0.36871337890625,1.5668792724609375,2.87835693359375,0.43958282470703125,0.38921356201171875,0.5042724609375,0.48168182373046875,0.4797821044921875,0.298095703125,0.31455230712890625,0.2340087890625,5.7131195068359375,84.9557876586914,0.13306427001953125,15.4261474609375,0.2617340087890625,0,49931.71423339844,35477.614501953125,0,34088599552,2147483648,8022384640,0
200,1787752994690,3500,3500,3500,3500,3500,3500,3500,3500,3500,3500,3500,3500,3500,3500,3500,3500,3500,3500,3500,3500,3.342742919921875,0.29815673828125,0.29730987548828125,2.8810043334960938,0.615386962890625,0.6161346435546875,0.4274444580078125,0.48789215087890625,0.39220428466796875,0.50482177734375,0.47716522216796875,0.5092620849609375,0.306793212890625,2.8657760620117188,0.286529541015625,14.4359130859375,79.76274871826172,2.7004470825195313,14.424774169921875,0.32401275634765625,0,49942.05725097656,35485.826232910156,0,34088599552,2147483648,8022368256,0
199,1787752994891,3500,3500,3500,3500,3500,3500,3500,3500,3500,3500,3500,3500,3500,3500,3500,3500,3500,3500,3500,3500,0.6259384155273438,0.27828216552734375,10.022758483886719,0.24566650390625,2.7171554565429688,1.0595245361328125,0.33029937744140625,0.43059539794921875,0.399169921875,2.9894561767578125,0.3413238525390625,0.3902435302734375,0.2789306640625,0.24681854248046875,0.18103790283203125,18.440902709960938,77.57160949707031,0.1060791015625,0.7365036010742188,0.29538726806640625,0,49950.706481933594,35492.36602783203,0,34088599552,2147483648,8023216128,0
200,1787752995091,3500,3500,3500,3500,3500,3500,3500,3500,3500,3500,3500,3500,3500,3500,3500,3500,3500,3500,3500,3500,2.3604278564453125,0.32341766357421875,1.6635971069335938,0.31053924560546875,0.452117919921875,0.460357666015625,0.43099212646484375,2.8480072021484375,3.0421829223632813,0.470245361328125,2.9234161376953125,0.45716094970703125,2.8920059204101563,0.358428955078125,0.3179779052734375,8.418067932128906,55.54831314086914,0.22943115234375,45.20420455932617,0.27378082275390625,0,49959.96112060547,35499.481018066406,0,34088599552,2147483648,8026910720,0
200,1787752995291,3500,3500,3500,3500,3500,3500,3500,3500,3500,3500,3500,3500,3500,3500,3500,3500,3500,3500,3500,3500,0.771392822265625,0.3038177490234375,0.31409454345703125,0.34218597412109375,0.414031982421875,0.501953125,0.5122299194335938,0.39931488037109375,0.5041961669921875,0.40964508056640625,0.4374847412109375,3.0082168579101563,0.30156707763671875,0.32686614990234375,2.8717041015625,4.004341125488281,94.85354614257813,0.15118408203125,5.6155242919921875,2.8330841064453125,0,49970.18493652344,35507.583251953125,0,34088599552,2147483648,8027516928,0
200,1787752995492,3500,3500,3500,3500,3500,3500,3500,3500,3500,3500,3500,3500,3500,3500,3500,3500,3500,3500,3500,3500,0.697174072265625,2.7752838134765625,2.7730865478515625,0.28887176513671875,0.23912811279296875,2.7224960327148438,2.8661880493164063,0.22451019287109375,0.4270172119140625,0.34998321533203125,0.48963165283203125,0.481201171875,0.26930999755859375,0.26202392578125,0.20809173583984375,7.70196533203125,88.92251586914063,0.12482452392578125,9.643318176269531,0.25095367431640625,0,49980.700744628906,35515.98388671875,0,34088599552,2147483648,8027484160,0
200,1787752995692,3500,3500,3500,3500,3500,3500,3500,3500,3500,3500,3500,3500,3500,3500,3500,3500,3500,3500,3500,3500,2.74334716796875,0.31404876708984375,0.5472412109375,2.8039932250976563,0.3017730712890625,0.26378631591796875,0.23519134521484375,0.31290435791015625,0.34973907470703125,0.34514617919921875,0.4615936279296875,0.42291259765625,0.2651824951171875,2.8064346313476563,0.2158203125,3.5734481811523438,86.92459106445313,2.666229248046875,19.173187255859375,0.28250885009765625,0,49989.57781982422,35522.71594238281,0,34088599552,2147483648,8027762688,0
200,1787752995893,3500,3500,3500,3500,3500,3500,3500,3500,3500,3500,3500,3500,3500,3500,3500,3500,3500,3500,3500,3500,1.2980880737304688,0.29521942138671875,20.67181396484375,0.26959991455078125,2.8314895629882813,1.1529541015625,0.34279632568359375,0.270904541015625,0.31064605712890625,2.8254928588867188,0.3311614990234375,0.3454437255859375,0.30774688720703125,0.28778076171875,0.24314117431640625,8.912498474121094,70.97695922851563,0.16420745849609375,9.657905578613281,0.28482818603515625,0,49998.45196533203,35529.460998535156,0,34088599552,2147483648,8029466624,0
200,1787752996093,3500,3500,3500,3500,3500,3500,3500,3500,3500,3500,3500,3500,3500,3500,3500,3500,3500,3500,3500,3500,0.6098480224609375,0.29383087158203125,0.36589813232421875,0.30644989013671875,0.37607574462890625,0.419219970703125,0.2774658203125,2.87353515625,2.7498397827148438,0.261505126953125,2.8416595458984375,0.29048919677734375,2.812286376953125,0.293426513671875,0.2761688232421875,4.586669921875,76.73027038574219,0.17102813720703125,24.178146362304688,0.29457855224609375,0,50007.12756347656,35536.00946044922,0,34088599552,2147483648,8029454336,0
200,1787752996294,3500,3500,3500,3500,3500,3500,3500,3500,3500,3500,3500,3500,3500,3500,3500,3500,3500,3500,3500,3500,0.77130126953125,0.241485595703125,0.4804229736328125,0.27227020263671875,0.42833709716796875,0.4813232421875,0.35179901123046875,0.39420318603515625,0.24771881103515625,0.2908782958984375,0.20311737060546875,2.8328399658203125,0.28224945068359375,0.27989959716796875,2.779754638671875,5.135566711425781,80.49966430664063,0.14743804931640625,18.761817932128906,2.7798538208007813,0,50015.309020996094,35542.049865722656,0,34088599552,2147483648,8029585408,0
200,1787752996494,3500,3500,3500,3500,3500,3500,3500,3500,3500,3500,3500,3500,3500,3500,3500,3500,3500,3500,3500,3500,3.2492141723632813,2.7784652709960938,11.522476196289063,0.258758544921875,0.25975799560546875,3.66925048828125,2.8494796752929688,0.26628875732421875,0.25901031494140625,0.2191162109375,0.2667388916015625,0.286041259765625,23.60651397705078,0.25751495361328125,0.20729827880859375,17.15576171875,74.54898834228516,0.132598876953125,12.172996520996094,0.24091339111328125,0,50025.24890136719,35549.80920410156,0,34088599552,2147483648,8029859840,0
200,1787752996694,3500,3500,3500,3500,3500,3500,3500,3500,3500,3500,3500,3500,3500,3500,3500,3500,3500,3500,3500,3500,0.8783721923828125,0.33518218994140625,38.817081451416016,2.76318359375,0.30673980712890625,0.2855377197265625,0.3391265869140625,0.3487548828125,0.270172119140625,0.29322052001953125,0.3034515380859375,0.27101898193359375,0.29396820068359375,2.8571853637695313,0.236846923828125,10.579658508300781,60.6209716796875,2.6888427734375,14.729080200195313,0.26882171630859375,0,50033.54943847656,35555.96057128906,0,34088599552,2147483648,8029859840,0
200,1787752996895,3500,3500,3500,3500,3500,3500,3500,3500,3500,3500,3500,3500,3500,3500,3500,3500,3500,3500,3500,3500,3.1318817138671875,0.2561798095703125,0.7553253173828125,0.30463409423828125,2.6893768310546875,0.8134613037109375,0.2493438720703125,0.21746063232421875,0.25453948974609375,2.8239059448242188,0.20563507080078125,0.30089569091796875,0.30373382568359375,0.26062774658203125,0.21451568603515625,13.320533752441406,65.46839904785156,0.129791259765625,28.86602783203125,0.2014923095703125,0,50041.04895019531,35561.34460449219,0,34088599552,2147483648,8029859840,0
200,1787752997095,3500,3500,3500,3500,3500,3500,3500,3500,3500,3500,3500,3500,3500,3500,3500,3500,3500,3500,3500,3500,0.8456802368164063,0.32981109619140625,0.45630645751953125,0.3245697021484375,0.349884033203125,0.40793609619140625,0.30460357666015625,2.7054061889648438,2.7925643920898438,0.31638336181640625,2.8033981323242188,0.31468963623046875,2.8164291381835938,0.2985687255859375,0.30460357666015625,15.627334594726563,85.22293090820313,0.16683197021484375,4.4753875732421875,0.339752197265625,0,50049.15771484375,35567.318603515625,0,34088599552,2147483648,8029859840,0
200,1787752997295,3500,3500,3500,3500,3500,3500,3500,3500,3500,3500,3500,3500,3500,3500,3500,3500,3500,3500,3500,3500,0.8301467895507813,0.27175140380859375,0.60394287109375,0.3149566650390625,0.33013916015625,1.0471115112304688,0.29543304443359375,0.24373626708984375,0.25672149658203125,0.33203887939453125,0.32144927978515625,2.7864761352539063,0.3076629638671875,0.29718017578125,2.7765350341796875,16.69873046875,54.52094650268555,0.1533355712890625,36.616172790527344,2.803558349609375,0,50060.054626464844,35576.07745361328,0,34088599552,2147483648,8029990912,0
200,1787752997496,3500,3500,3500,3500,3500,3500,3500,3500,3500,3500,3500,3500,3500,3500,3500,3500,3500,3500,3500,3500,0.7799758911132813,2.8487625122070313,41.47746276855469,0.26959991455078125,0.28203582763671875,2.8589019775390625,2.8684921264648438,0.273345947265625,0.2850341796875,0.28598785400390625,0.3613128662109375,0.26340484619140625,0.3481292724609375,0.29952239990234375,0.2251434326171875,12.876579284667969,51.85091018676758,0.19257354736328125,3.0377349853515625,0.3236541748046875,0,50069.32653808594,35583.231689453125,0,34088599552,2147483648,8029970432,0
199,1787752997696,3500,3500,3500,3500,3500,3500,3500,3500,3500,3500,3500,3500,3500,3500,3500,3500,3500,3500,3500,3500,0.8796615600585938,0.28873443603515625,23.762977600097656,1.1478958129882813,0.28064727783203125,0.34136199951171875,0.2571563720703125,0.296966552734375,0.33338165283203125,0.2955169677734375,0.3094329833984375,0.26618194580078125,0.4020233154296875,2.9103164672851563,0.27142333984375,2.837982177734375,19.13263702392578,2.8018646240234375,63.72701644897461,0.19669342041015625,0,50079.81774902344,35591.60729980469,0,34088599552,2147483648,8029970432,0
200,1787752997896,3500,3500,3500,3500,3500,3500,3500,3500,3500,3500,3500,3500,3500,3500,3500,3500,3500,3500,3500,3500,3.1740646362304688,0.2619476318359375,0.472564697265625,1.9081573486328125,2.8175048828125,0.6227035522460938,0.20671844482421875,0.20581817626953125,0.25189971923828125,2.8702774047851563,0.19422149658203125,0.249755859375,0.37200164794921875,0.3717041015625,0.215667724609375,5.086769104003906,56.270206451416016,0.16938018798828125,44.87869644165039,0.206268310546875,0,50088.90515136719,35598.58172607422,0,34088599552,2147483648,8029970432,0
199,1787752998097,3500,3500,3500,3500,3500,3500,3500,3500,3500,3500,3500,3500,3500,3500,3500,3500,3500,3500,3500,3500,0.6799163818359375,0.28429412841796875,0.39282989501953125,0.37456512451171875,0.247711181640625,1.487030029296875,0.26712799072265625,2.7738494873046875,2.8469009399414063,0.22675323486328125,2.76226806640625,0.27051544189453125,2.7900161743164063,0.2951202392578125,0.26862335205078125,10.150543212890625,78.19142150878906,0.1409759521484375,21.36634063720703,0.23563385009765625,0,50099.17175292969,35607.16162109375,0,34088599552,2147483648,8029962240,0
200,1787752998297,3500,3500,3500,3500,3500,3500,3500,3500,3500,3500,3500,3500,3500,3500,3500,3500,3500,3500,3500,3500,0.9137115478515625,0.3096160888671875,0.440887451171875,0.4514312744140625,0.3528594970703125,0.32091522216796875,0.32451629638671875,0.34571075439453125,0.31742095947265625,0.28542327880859375,0.2852783203125,2.8203201293945313,0.3125152587890625,0.3543548583984375,0.2842254638671875,3.3836212158203125,100,0.1630096435546875,0.5909500122070313,2.9647293090820313,0,50108.61193847656,35614.110900878906,0,34088599552,2147483648,8030089216,0
200,1787752998497,3500,3500,3500,3500,3500,3500,3500,3500,3500,3500,3500,3500,3500,3500,3500,3500,3500,3500,3500,3500,0.7858810424804688,2.78582763671875,2.9213638305664063,0.4222564697265625,0.30344390869140625,2.7782974243164063,2.7856826782226563,0.2765960693359375,0.31008148193359375,0.2891693115234375,0.2765960693359375,0.229339599609375,0.3083343505859375,0.287628173828125,2.7597808837890625,10.379951477050781,86.75717163085938,0.147552490234375,9.359237670898438,0.26741790771484375,0,50118.31365966797,35622.038146972656,0,34088599552,2147483648,8030089216,0
200,1787752998697,3500,3500,3500,3500,3500,3500,3500,3500,3500,3500,3500,3500,3500,3500,3500,3500,3500,3500,3500,3500,0.7486114501953125,0.2695159912109375,3.0130462646484375,0.35610198974609375,0.23799896240234375,0.21954345703125,0.27201080322265625,0.2707672119140625,0.24169158935546875,0.2724151611328125,0.30168914794921875,0.2301177978515625,0.2317657470703125,2.8063125610351563,0.2579498291015625,7.0121002197265625,83.67591094970703,2.6305084228515625,19.284515380859375,0.25914764404296875,0,50128.53747558594,35629.677978515625,0,34088599552,2147483648,8030277632,0
200,1787752998898,3500,3500,3500,3500,3500,3500,3500,3500,3500,3500,3500,3500,3500,3500,3500,3500,3500,3500,3500,3500,3.2451095581054688,0.28546142578125,47.19682693481445,2.7288970947265625,2.8217391967773438,0.27571868896484375,0.26357269287109375,0.2923583984375,0.28716278076171875,2.7772674560546875,0.20182037353515625,0.2852630615234375,0.38079833984375,0.39144134521484375,0.24353790283203125,4.803375244140625,23.983062744140625,0.2860107421875,31.25225830078125,0.2259979248046875,0,50138.559814453125,35637.57745361328,0,34088599552,2147483648,8030572544,0
200,1787752999098,3500,3500,3500,3500,3500,3500,3500,3500,3500,3500,3500,3500,3500,3500,3500,3500,3500,3500,3500,3500,2.335723876953125,0.27867889404296875,31.54425048828125,0.28122711181640625,0.2884521484375,0.33647918701171875,0.241973876953125,2.808502197265625,2.79937744140625,0.2488555908203125,2.717041015625,0.2746429443359375,2.9116363525390625,0.39608001708984375,0.24721527099609375,5.418022155761719,62.95539474487305,0.17066192626953125,6.048789978027344,0.2582855224609375,0,50147.09454345703,35643.979919433594,0,34088599552,2147483648,8030572544,0
200,1787752999298,3500,3500,3500,3500,3500,3500,3500,3500,3500,3500,3500,3500,3500,3500,3500,3500,3500,3500,3500,3500,0.8951492309570313,0.25478363037109375,0.32270050048828125,0.353668212890625,0.3416290283203125,0.342529296875,0.25568389892578125,0.30103302001953125,0.21683502197265625,0.34592437744140625,0.3181610107421875,2.8757247924804688,0.42058563232421875,0.42937469482421875,0.28585052490234375,5.338203430175781,92.48147583007813,0.1656951904296875,6.32379150390625,0.37084197998046875,0,50156.71844482422,35651.49639892578,0,34088599552,2147483648,8030703616,0
200,1787752999499,3500,3500,3500,3500,3500,3500,3500,3500,3500,3500,3500,3500,3500,3500,3500,3500,3500,3500,3500,3500,2.216033935546875,2.8096160888671875,18.692901611328125,0.2677154541015625,0.2479095458984375,2.8288192749023438,2.7807388305664063,0.2293548583984375,0.3274688720703125,0.2440185546875,0.27878570556640625,0.22316741943359375,1.9333038330078125,0.31459808349609375,2.8084182739257813,19.626976013183594,68.93437194824219,0.14849853515625,18.726417541503906,2.8246307373046875,0,50166.83654785156,35659.454833984375,0,34088599552,2147483648,8031662080,0
200,1787752999699,3500,3500,3500,3500,3500,3500,3500,3500,3500,3500,3500,3500,3500,3500,3500,3500,3500,3500,3500,3500,0.8401412963867188,0.2591094970703125,11.504547119140625,0.3196258544921875,0.28636932373046875,0.225799560546875,0.3340606689453125,0.2996063232421875,0.35657501220703125,0.33176422119140625,0.43022918701171875,0.40496826171875,0.30983734130859375,2.88653564453125,0.3086395263671875,10.761177062988281,75.85305786132813,2.7083206176757813,11.22052001953125,0.31877899169921875,0,50173.86993408203,35664.362731933594,0,34088599552,2147483648,8031657984,0
199,1787752999899,3500,3500,3500,3500,3500,3500,3500,3500,3500,3500,3500,3500,3500,3500,3500,3500,3500,3500,3500,3500,3.1645431518554688,0.2806854248046875,4.745536804199219,2.8167724609375,2.7495880126953125,0.9047927856445313,0.24372100830078125,0.30745697021484375,0.4002685546875,2.9363555908203125,0.4827423095703125,0.48099517822265625,0.3440704345703125,0.37628936767578125,0.1995086669921875,10.47943115234375,79.00496673583984,0.1180877685546875,12.388565063476563,0.25321197509765625,0,50182.606018066406,35670.97052001953,0,34088599552,2147483648,8032333824,0
200,1787753000099,3500,3500,3500,3500,3500,3500,3500,3500,3500,3500,3500,3500,3500,3500,3500,3500,3500,3500,3500,3500,0.7312393188476563,0.263458251953125,0.44744110107421875,0.2745513916015625,0.383209228515625,0.47332763671875,0.34912109375,2.9752273559570313,0.4558868408203125,0.34677886962890625,2.855072021484375,0.446441650390625,2.8804168701171875,0.3704681396484375,0.23217010498046875,16.474578857421875,90.45873260498047,0.11486053466796875,0.8571929931640625,0.27809906005859375,0,50190.058654785156,35676.28552246094,0,34088599552,2147483648,8032313344,0
200,1787753000300,3500,3500,3500,3500,3500,3500,3500,3500,3500,3500,3500,3500,3500,3500,3500,3500,3500,3500,3500,3500,0.8335418701171875,0.35192108154296875,0.367950439453125,0.333740234375,0.379791259765625,0.549652099609375,0.40366363525390625,0.4591522216796875,2.82513427734375,0.3098602294921875,0.36215972900390625,2.8279800415039063,0.40970611572265625,0.4307861328125,0.29697418212890625,15.4630126953125,88.6229476928711,0.18524932861328125,1.3718643188476563,0.33309173583984375,0,50198.85632324219,35682.963134765625,0,34088599552,2147483648,8033284096,0
200,1787753000500,3500,3500,3500,3500,3500,3500,3500,3500,3500,3500,3500,3500,3500,3500,3500,3500,3500,3500,3500,3500,0.8413848876953125,2.824432373046875,2.8888168334960938,0.33487701416015625,0.2970428466796875,2.859619140625,2.8886184692382813,0.26026153564453125,0.32080078125,0.2883148193359375,0.2817230224609375,0.25797271728515625,0.4103851318359375,0.439727783203125,2.7626495361328125,19.237991333007813,86.30767059326172,0.16179656982421875,0.38303375244140625,2.8441009521484375,0,50208.06945800781,35690.06524658203,0,34088599552,2147483648,8033275904,0
200,1787753000700,3500,3500,3500,3500,3500,3500,3500,3500,3500,3500,3500,3500,3500,3500,3500,3500,3500,3500,3500,3500,0.7281494140625,0.2636566162109375,0.294189453125,0.2920379638671875,0.24596405029296875,0.2640533447265625,0.294189453125,0.2265777587890625,0.27390289306640625,0.2700042724609375,0.22158050537109375,0.2271270751953125,0.3696441650390625,0.37514495849609375,0.1995391845703125,4.223091125488281,98.21522521972656,2.6441574096679688,6.13409423828125,0.2972869873046875,0,50217.96075439453,35697.83825683594,0,34088599552,2147483648,8033275904,0
200,1787753000900,3500,3500,3500,3500,3500,3500,3500,3500,3500,3500,3500,3500,3500,3500,3500,3500,3500,3500,3500,3500,3.1363601684570313,0.277984619140625,0.289764404296875,2.7908172607421875,2.8141860961914063,0.37960052490234375,0.3580780029296875,0.3641204833984375,0.25421142578125,2.7733840942382813,0.2416839599609375,0.21506500244140625,0.25995635986328125,2.76300048828125,0.288970947265625,9.538803100585938,71.52450561523438,0.17476654052734375,33.953765869140625,0.2110748291015625,0,50227.49353027344,35705.21325683594,0,34088599552,2147483648,8044527616,0
200,1787753001101,3500,3500,3500,3500,3500,3500,3500,3500,3500,3500,3500,3500,3500,3500,3500,3500,3500,3500,3500,3500,5.228233337402344,0.27574920654296875,23.956153869628906,0.25693511962890625,0.32355499267578125,2.8217544555664063,0.5319366455078125,2.8943557739257813,8.071395874023438,0.27350616455078125,1.889068603515625,0.28353118896484375,11.716148376464844,0.25049591064453125,0.2043914794921875,26.741180419921875,85.12596893310547,0.15259552001953125,39.898990631103516,0.2228546142578125,0,50238.46533203125,35713.99914550781,0,34088599552,2147483648,8059830272,0
200,1787753001301,3500,3500,3500,3500,3500,3500,3500,3500,3500,3500,3500,3500,3500,3500,3500,3500,3500,3500,3500,3500,19.517669677734375,0.3604888916015625,65.9006576538086,0.2699127197265625,0.36632537841796875,1.8423843383789063,0.384124755859375,0.3177490234375,4.13372802734375,0.33625030517578125,1.2084884643554688,2.9000091552734375,22.319129943847656,0.35260772705078125,0.2730560302734375,51.843955993652344,85.3150863647461,0.170166015625,67.8175048828125,0.26906585693359375,0,50249.310546875,35722.644775390625,0,34088599552,2147483648,8081133568,0
199,1787753001502,3500,3500,3500,3500,3500,3500,3500,3500,3500,3500,3500,3500,3500,3500,3500,3500,3500,3500,3500,3500,17.486976623535156,2.871551513671875,76.78996276855469,0.24697113037109375,0.4256591796875,3.37628173828125,2.9414901733398438,0.43228912353515625,0.34015655517578125,0.3293304443359375,0.33496856689453125,0.3315277099609375,0.6813125610351563,0.3588104248046875,2.7854537963867188,36.41434860229492,80.45721435546875,0.21729278564453125,68.58683776855469,2.7937393188476563,0,50263.46905517578,35734.61145019531,0,34088599552,2147483648,8087797760,0
199,1787753001702,3500,3500,3500,3500,3500,3500,3500,3500,3500,3500,3500,3500,3500,3500,3500,3500,3500,3500,3500,3500,3.9269790649414063,0.26905059814453125,42.29730987548828,0.21201324462890625,0.27640533447265625,1.9261245727539063,0.2712554931640625,0.26325225830078125,73.39962005615234,0.13802337646484375,0.15787506103515625,0.11228179931640625,0.35968780517578125,0.24660491943359375,0.2144622802734375,24.803680419921875,34.26207733154297,2.7379837036132813,52.82001876831055,0.16457366943359375,0,50274.81848144531,35743.79333496094,0,34088599552,2147483648,8055222272,0
200,1787753001902,3500,3500,3500,3500,3500,3500,3500,3500,3500,3500,3500,3500,3500,3500,3500,3500,3500,3500,3500,3500,3.1785659790039063,0.4135894775390625,25.06090545654297,2.9178314208984375,2.8432998657226563,9.779380798339844,0.50506591796875,0.338714599609375,19.226394653320313,2.8708419799804688,0.35805511474609375,0.32361602783203125,0.39369964599609375,2.8751907348632813,0.3360137939453125,7.641441345214844,78.33854675292969,0.23883819580078125,1.4640655517578125,0.369903564453125,0,50283.638122558594,35750.48229980469,0,34088599552,2147483648,8054538240,0
200,1787753002102,3500,3500,3500,3500,3500,3500,3500,3500,3500,3500,3500,3500,3500,3500,3500,3500,3500,3500,3500,3500,0.6861801147460938,0.31581878662109375,0.7590408325195313,0.324951171875,0.29276275634765625,0.25543975830078125,0.31546783447265625,2.7655868530273438,0.2549896240234375,0.2488555908203125,0.24785614013671875,0.2703094482421875,2.8126449584960938,0.26776885986328125,0.24261474609375,5.81121826171875,76.32393646240234,0.15314483642578125,24.47551727294922,0.2481536865234375,0,50292.50421142578,35757.208984375,0,34088599552,2147483648,8054202368,0
200,1787753002302,3500,3500,3500,3500,3500,3500,3500,3500,3500,3500,3500,3500,3500,3500,3500,3500,3500,3500,3500,3500,0.8513412475585938,0.238006591796875,0.264129638671875,0.29140472412109375,0.2655792236328125,0.2034454345703125,0.24974822998046875,0.267730712890625,2.794219970703125,0.22512054443359375,2.7495651245117188,2.8389739990234375,0.24460601806640625,0.29045867919921875,0.20404052734375,9.340347290039063,20.157203674316406,0.21178436279296875,76.91790771484375,0.1411590576171875,0,50301.305725097656,35763.87255859375,0,34088599552,2147483648,8054923264,0
200,1787753002503,3500,3500,3500,3500,3500,3500,3500,3500,3500,3500,3500,3500,3500,3500,3500,3500,3500,3500,3500,3500,0.6697921752929688,2.83447265625,2.8355178833007813,0.38014984130859375,0.1964874267578125,2.8127593994140625,1.4372329711914063,0.320343017578125,0.30222320556640625,0.31655120849609375,0.29168701171875,0.28090667724609375,0.3002777099609375,0.337615966796875,2.7961807250976563,6.30908203125,69.18881225585938,0.1854095458984375,31.205459594726563,2.7684783935546875,0,50310.955078125,35771.40155029297,0,34088599552,2147483648,8054476800,0
200,1787753002703,3500,3500,3500,3500,3500,3500,3500,3500,3500,3500,3500,3500,3500,3500,3500,3500,3500,3500,3500,3500,0.79327392578125,0.297332763671875,0.41403961181640625,0.46327972412109375,0.3362884521484375,0.29853057861328125,1.761688232421875,0.2564849853515625,0.34537506103515625,0.24999237060546875,0.3703460693359375,0.309967041015625,0.41119384765625,0.4309234619140625,0.28899383544921875,10.179412841796875,79.65045928955078,0.17938232421875,16.50310516357422,0.32964324951171875,0,50320.66015625,35778.98699951172,0,34088599552,2147483648,8054427648,0
200,1787753002903,3500,3500,3500,3500,3500,3500,3500,3500,3500,3500,3500,3500,3500,3500,3500,3500,3500,3500,3500,3500,5.828643798828125,0.26238250732421875,23.0404052734375,2.7659225463867188,2.7287673950195313,1.6437759399414063,0.26218414306640625,0.24066162109375,0.22792816162109375,2.7521896362304688,0.2315216064453125,0.31487274169921875,0.28835296630859375,2.8221054077148438,0.1656036376953125,48.61820983886719,77.56906127929688,2.6307907104492188,13.73529052734375,0.24040985107421875,0,50332.24334716797,35788.393005371094,0,34088599552,2147483648,8059461632,0
200,1787753003104,3500,3500,3500,3500,3500,3500,3500,3500,3500,3500,3500,3500,3500,3500,3500,3500,3500,3500,3500,3500,13.8138427734375,0.28926849365234375,58.315582275390625,0.27243804931640625,0.21237945556640625,4.818458557128906,0.25347137451171875,2.8113250732421875,0.3496246337890625,0.2310028076171875,0.24048614501953125,0.3516693115234375,14.969505310058594,0.25676727294921875,0.37668609619140625,23.831192016601563,39.26145935058594,0.2163238525390625,39.67643737792969,0.28212738037109375,0,50343.35565185547,35797.296142578125,0,34088599552,2147483648,8065880064,0
200,1787753003304,3500,3500,3500,3500,3500,3500,3500,3500,3500,3500,3500,3500,3500,3500,3500,3500,3500,3500,3500,3500,0.39913177490234375,0,0.01729583740234375,0.05423736572265625,0.11013031005859375,0.138275146484375,0.00765228271484375,0.03644561767578125,2.4681930541992188,0,2.4663925170898438,2.46844482421875,0,0,0.2157135009765625,42.87724685668945,100,0,1.5482940673828125,0,0,50353.634216308594,35805.395446777344,0,34088599552,2147483648,8067239936,0
200,1787753003505,3500,3500,3500,3500,3500,3500,3500,3500,3500,3500,3500,3500,3500,3500,3500,3500,3500,3500,3500,3500,0.9698410034179688,3.2358474731445313,3.2165679931640625,0.7398300170898438,0.8105850219726563,3.3112258911132813,0.7756576538085938,0.7527999877929688,0.6884994506835938,0.6369705200195313,0.7179183959960938,0.7279510498046875,0.6698684692382813,0.6968994140625,3.4245681762695313,47.86989974975586,35.10649871826172,0.6240997314453125,65.49430847167969,3.083099365234375,0,50364.182556152344,35813.76770019531,0,34088599552,2147483648,8068567040,0
200,1787753003705,3500,3500,3500,3500,3500,3500,3500,3500,3500,3500,3500,3500,3500,3500,3500,3500,3500,3500,3500,3500,0.8312911987304688,0.32617950439453125,14.118492126464844,0.29091644287109375,0.203521728515625,0.24088287353515625,2.8496246337890625,0.31475830078125,0.36124420166015625,0.2170867919921875,0.30098724365234375,0.2501068115234375,0.29595184326171875,0.2958526611328125,0.5099945068359375,41.25048828125,53.39583969116211,0.1772308349609375,43.59939956665039,0.18451690673828125,0,50373.61511230469,35821.52557373047,0,34088599552,2147483648,8073457664,0
199,1787753003906,3500,3500,3500,3500,3500,3500,3500,3500,3500,3500,3500,3500,3500,3500,3500,3500,3500,3500,3500,3500,3.2938308715820313,0.3434600830078125,32.209449768066406,2.8205718994140625,2.81927490234375,10.901527404785156,0.2930145263671875,0.28742218017578125,0.25466156005859375,2.85638427734375,0.26090240478515625,0.29326629638671875,0.2968597412109375,2.8815536499023438,0.3885040283203125,27.306610107421875,47.735939025878906,2.7288818359375,49.53483200073242,0.22649383544921875,0,50383.572998046875,35828.794372558594,0,34088599552,2147483648,8072945664,0
200,1787753004106,3500,3500,3500,3500,3500,3500,3500,3500,3500,3500,3500,3500,3500,3500,3500,3500,3500,3500,3500,3500,0.5761947631835938,0.3397674560546875,0.32242584228515625,0.38164520263671875,0.40927886962890625,1.8662033081054688,0.43536376953125,2.8923492431640625,0.29314422607421875,0.22228240966796875,0.27735137939453125,0.29473876953125,0.32677459716796875,0.32802581787109375,0.49463653564453125,50.8443489074707,95.32080841064453,0.13437652587890625,10.535499572753906,0.2300262451171875,0,50393.529724121094,35836.8232421875,0,34088599552,2147483648,8076447744,0
200,1787753004306,3500,3500,3500,3500,3500,3500,3500,3500,3500,3500,3500,3500,3500,3500,3500,3500,3500,3500,3500,3500,0.8777236938476563,0.37155914306640625,25.61309051513672,0.28874969482421875,0.46170806884765625,0.5990524291992188,0.38428497314453125,0.3675689697265625,2.7347793579101563,0.256072998046875,2.8776626586914063,0.327911376953125,2.8099136352539063,0.32541656494140625,0.5106964111328125,35.453399658203125,36.48442840576172,0.20543670654296875,61.82962417602539,0.1994476318359375,0,50404.45770263672,35845.58709716797,0,34088599552,2147483648,8077582336,0
199,1787753004507,3500,3500,3500,3500,3500,3500,3500,3500,3500,3500,3500,3500,3500,3500,3500,3500,3500,3500,3500,3500,1.0419769287109375,2.7843551635742188,51.532283782958984,0.20538330078125,0.1417236328125,2.7535247802734375,0.2255859375,0.23366546630859375,0.24224853515625,0.230224609375,0.22458648681640625,2.7155609130859375,0.3252105712890625,0.29088592529296875,2.8018112182617188,31.74139404296875,39.235862731933594,0.1670684814453125,32.21197509765625,2.6927642822265625,0,50416.29217529297,35854.899353027344,0,34088599552,2147483648,8076161024,0
200,1787753004707,3500,3500,3500,3500,3500,3500,3500,3500,3500,3500,3500,3500,3500,3500,3500,3500,3500,3500,3500,3500,0.9004287719726563,0.3496246337890625,4.978889465332031,0.38916015625,0.32743072509765625,2.513763427734375,2.8371505737304688,0.30164337158203125,0.33522796630859375,0.29254913330078125,0.323883056640625,0.3824615478515625,0.30783843994140625,0.327880859375,0.5365142822265625,40.91335678100586,65.01585388183594,0.1939849853515625,34.136199951171875,0.2600555419921875,0,50426.626892089844,35863.07550048828,0,34088599552,2147483648,8076644352,0
200,1787753004907,3500,3500,3500,3500,3500,3500,3500,3500,3500,3500,3500,3500,3500,3500,3500,3500,3500,3500,3500,3500,3.1799697875976563,0.30428314208984375,56.02164077758789,2.7786026000976563,2.7982177734375,2.4968795776367188,0.30413818359375,0.28527069091796875,0.23040771484375,2.7885818481445313,0.34381866455078125,0.29579925537109375,0.302886962890625,2.8279647827148438,0.44554901123046875,32.39979553222656,47.02370834350586,2.724639892578125,27.871551513671875,0.2277679443359375,0,50436.685302734375,35870.96893310547,0,34088599552,2147483648,8076660736,0
200,1787753005107,3500,3500,3500,3500,3500,3500,3500,3500,3500,3500,3500,3500,3500,3500,3500,3500,3500,3500,3500,3500,0.6858749389648438,0.33092498779296875,29.696678161621094,0.26964569091796875,0.33676910400390625,2.218353271484375,0.35669708251953125,2.8169784545898438,0.32593536376953125,0.2879791259765625,0.375823974609375,0.3115997314453125,0.38976287841796875,0.32064056396484375,0.5240097045898438,38.24155807495117,56.342037200927734,0.19358062744140625,22.506317138671875,0.29376983642578125,0,50447.016052246094,35879.08166503906,0,34088599552,2147483648,8087482368,0
200,1787753005308,3500,3500,3500,3500,3500,3500,3500,3500,3500,3500,3500,3500,3500,3500,3500,3500,3500,3500,3500,3500,0.767852783203125,0.29636383056640625,0.28472900390625,0.31188201904296875,0.3116302490234375,6.402641296386719,0.31597137451171875,0.213958740234375,2.813079833984375,0.2557373046875,2.8461685180664063,0.2685089111328125,2.8982772827148438,0.3431243896484375,0.43421173095703125,50.362613677978516,71.18460845947266,0.13824462890625,33.62488555908203,0.21680450439453125,0,50458.43719482422,35888.30383300781,0,34088599552,2147483648,8077856768,0
199,1787753005508,3500,3500,3500,3500,3500,3500,3500,3500,3500,3500,3500,3500,3500,3500,3500,3500,3500,3500,3500,3500,0.6524658203125,2.89202880859375,29.925628662109375,0.26160430908203125,0.30224609375,3.0052566528320313,0.23554229736328125,0.28401947021484375,0.26255035400390625,0.3055419921875,0.29206085205078125,2.7662734985351563,0.28507232666015625,0.283172607421875,2.9338150024414063,35.64788818359375,52.798072814941406,0.18816375732421875,32.76184844970703,2.735015869140625,0,50469.741149902344,35897.44580078125,0,34088599552,2147483648,8077856768,0
200,1787753005708,3500,3500,3500,3500,3500,3500,3500,3500,3500,3500,3500,3500,3500,3500,3500,3500,3500,3500,3500,3500,0.76397705078125,0.29085540771484375,2.9520111083984375,0.3884124755859375,0.35547637939453125,1.451995849609375,2.8109359741210938,0.315399169921875,0.28336334228515625,0.2264862060546875,0.34853363037109375,0.249725341796875,0.29990386962890625,0.27826690673828125,0.37746429443359375,62.84232711791992,85.73094177246094,0.138031005859375,22.026580810546875,0.227142333984375,0,50480.28399658203,35905.81640625,0,34088599552,2147483648,8079659008,0
200,1787753005908,3500,3500,3500,3500,3500,3500,3500,3500,3500,3500,3500,3500,3500,3500,3500,3500,3500,3500,3500,3500,3.2774505615234375,0.2938232421875,27.91698455810547,2.8241806030273438,2.7617111206054688,27.874343872070313,0.2528228759765625,0.28009033203125,13.693557739257813,2.8578872680664063,0.32288360595703125,0.26720428466796875,0.288482666015625,2.83721923828125,0.35494232177734375,34.08808135986328,37.90224838256836,2.7823867797851563,59.161964416503906,0.21862030029296875,0,50490.62908935547,35913.9765625,0,34088599552,2147483648,8079568896,0
200,1787753006109,3500,3500,3500,3500,3500,3500,3500,3500,3500,3500,3500,3500,3500,3500,3500,3500,3500,3500,3500,3500,3.7653884887695313,0.33032989501953125,29.097824096679688,0.2591705322265625,0.1967010498046875,40.24128723144531,17.683204650878906,2.6777496337890625,47.139347076416016,0.20748138427734375,0.185821533203125,0.20014190673828125,1.0000152587890625,0.2896575927734375,0.21102142333984375,23.430503845214844,9.831138610839844,0.30483245849609375,57.96461486816406,0.1994476318359375,0,50499.94317626953,35921.09948730469,0,34088599552,2147483648,8078983168,0
200,1787753006309,3500,3500,3500,3500,3500,3500,3500,3500,3500,3500,3500,3500,3500,3500,3500,3500,3500,3500,3500,3500,0.5418853759765625,0.36002349853515625,75.61984252929688,0.20403289794921875,0.3274688720703125,23.096649169921875,0.29511260986328125,0.2606048583984375,17.641151428222656,0.26984405517578125,2.8255157470703125,0.340850830078125,2.9688796997070313,0.39752197265625,0.35088348388671875,16.68067169189453,3.4023590087890625,0.34354400634765625,40.64228057861328,0.26160430908203125,0,50509.84704589844,35928.844177246094,0,34088599552,2147483648,8080084992,0
199,1787753006509,3500,3500,3500,3500,3500,3500,3500,3500,3500,3500,3500,3500,3500,3500,3500,3500,3500,3500,3500,3500,0.5989532470703125,2.7972259521484375,0.29535675048828125,0.2800140380859375,0.21482086181640625,2.9129257202148438,0.2511444091796875,0.2560882568359375,0.27861785888671875,0.2840118408203125,0.27622222900390625,2.9079818725585938,0.37664031982421875,0.35695648193359375,3.046966552734375,46.46159362792969,62.93169021606445,0.147125244140625,45.193599700927734,2.6796188354492188,0,50520.56481933594,35937.357177734375,0,34088599552,2147483648,8083566592,0
200,1787753006709,3500,3500,3500,3500,3500,3500,3500,3500,3500,3500,3500,3500,3500,3500,3500,3500,3500,3500,3500,3500,0.7916793823242188,0.30229949951171875,24.154891967773438,0.24866485595703125,0.27770233154296875,0.2018280029296875,2.8555221557617188,0.3119964599609375,0.34348297119140625,0.35832977294921875,0.3304901123046875,0.3424835205078125,0.29994964599609375,0.30034637451171875,0.333038330078125,56.51407241821289,46.11532974243164,0.19248199462890625,55.08831024169922,0.16994476318359375,0,50530.11779785156,35944.74432373047,0,34088599552,2147483648,8089370624,0
200,1787753006910,3500,3500,3500,3500,3500,3500,3500,3500,3500,3500,3500,3500,3500,3500,3500,3500,3500,3500,3500,3500,7.19537353515625,0.3719635009765625,95.22169494628906,2.7181396484375,2.7995071411132813,2.9729156494140625,8.951675415039063,0.26595306396484375,7.497947692871094,2.889404296875,0.34313201904296875,0.2930450439453125,0.62225341796875,2.8752365112304688,0.9485702514648438,22.489845275878906,37.57054138183594,2.7850875854492188,33.06756591796875,0.3223724365234375,0,50540.193298339844,35952.62585449219,0,34088599552,2147483648,8088162304,0
200,1787753007110,3500,3500,3500,3500,3500,3500,3500,3500,3500,3500,3500,3500,3500,3500,3500,3500,3500,3500,3500,3500,2.3378219604492188,0.28989410400390625,5.56085205078125,0.31085205078125,0.2599029541015625,18.984756469726563,0.249969482421875,2.7717971801757813,0.408966064453125,0.21533966064453125,0.31884002685546875,0.3050689697265625,0.29872894287109375,0.3320159912109375,0.45233154296875,59.661128997802734,82.98527526855469,0.14601898193359375,23.710205078125,0.24668121337890625,0,50551.38348388672,35961.63439941406,0,34088599552,2147483648,8088244224,0
200,1787753007310,3500,3500,3500,3500,3500,3500,3500,3500,3500,3500,3500,3500,3500,3500,3500,3500,3500,3500,3500,3500,0.6746597290039063,0.23780059814453125,14.70068359375,0.27155303955078125,0.2362060546875,0.7085113525390625,0.16715240478515625,0.27799224853515625,2.7420806884765625,0.27130126953125,2.6711807250976563,0.210693359375,2.7873611450195313,0.2406463623046875,0.36241912841796875,48.885982513427734,94.7598876953125,0.06146240234375,12.3961181640625,0.18473052978515625,0,50561.89666748047,35969.9423828125,0,34088599552,2147483648,8098009088,0
200,1787753007511,3500,3500,3500,3500,3500,3500,3500,3500,3500,3500,3500,3500,3500,3500,3500,3500,3500,3500,3500,3500,0.6767654418945313,2.8795852661132813,28.16448974609375,0.39604949951171875,0.3929595947265625,3.5125198364257813,0.34185028076171875,0.38417816162109375,0.40702056884765625,0.27707672119140625,0.33092498779296875,2.8773422241210938,0.36946868896484375,0.335113525390625,2.9217147827148438,46.178688049316406,76.09086608886719,0.23853302001953125,21.271530151367188,2.8813247680664063,0,50572.287841796875,35978.13952636719,0,34088599552,2147483648,8088203264,0
199,1787753007711,3500,3500,3500,3500,3500,3500,3500,3500,3500,3500,3500,3500,3500,3500,3500,3500,3500,3500,3500,3500,0.6773605346679688,0.308197021484375,64.52580261230469,0.181365966796875,0.39096832275390625,0.427337646484375,2.890899658203125,0.4257965087890625,0.24782562255859375,0.23365020751953125,0.27561187744140625,0.28983306884765625,0.27741241455078125,0.280853271484375,0.2963714599609375,32.86384582519531,59.94416046142578,0.16025543212890625,20.883346557617188,0.21553802490234375,0,50583.40026855469,35987.071533203125,0,34088599552,2147483648,8089448448,0
200,1787753007911,3500,3500,3500,3500,3500,3500,3500,3500,3500,3500,3500,3500,3500,3500,3500,3500,3500,3500,3500,3500,3.2192764282226563,0.3054351806640625,53.59988784790039,2.7347488403320313,2.9530258178710938,13.604682922363281,0.30353546142578125,0.39775848388671875,5.694068908691406,0.5661468505859375,0.31493377685546875,0.29209136962890625,0.2986907958984375,2.8284149169921875,0.2787017822265625,32.613494873046875,22.406471252441406,2.803924560546875,67.39205169677734,0.1555938720703125,0,50593.955810546875,35995.44842529297,0,34088599552,2147483648,8112603136,0
200,1787753008111,3500,3500,3500,3500,3500,3500,3500,3500,3500,3500,3500,3500,3500,3500,3500,3500,3500,3500,3500,3500,0.6816253662109375,0.3748779296875,49.022056579589844,0.21840667724609375,0.25336456298828125,0.41338348388671875,0.325531005859375,2.7985382080078125,0.35979461669921875,2.4728546142578125,0.3268280029296875,0.34885406494140625,0.31334686279296875,0.305755615234375,0.35544586181640625,23.937477111816406,28.801727294921875,0.18793487548828125,40.69377517700195,0.28247833251953125,0,50604.178771972656,36003.478271484375,0,34088599552,2147483648,8092483584,0
200,1787753008312,3500,3500,3500,3500,3500,3500,3500,3500,3500,3500,3500,3500,3500,3500,3500,3500,3500,3500,3500,3500,0.7788848876953125,0.34362030029296875,15.51373291015625,0.25162506103515625,0.327606201171875,0.27606964111328125,0.32900238037109375,0.3101959228515625,2.8962783813476563,0.34062957763671875,2.9155349731445313,0.36402130126953125,2.8040313720703125,0.282257080078125,0.5039596557617188,23.943397521972656,48.96260452270508,0.20398712158203125,47.239715576171875,0.21002197265625,0,50614.40460205078,36011.52990722656,0,34088599552,2147483648,8090411008,0
200,1787753008512,3500,3500,3500,3500,3500,3500,3500,3500,3500,3500,3500,3500,3500,3500,3500,3500,3500,3500,3500,3500,0.5928192138671875,2.8175582885742188,0.30580902099609375,0.34426116943359375,0.30411529541015625,4.875579833984375,0.21155548095703125,0.2729949951171875,0.27274322509765625,0.26471710205078125,0.32306671142578125,2.8033905029296875,0.28331756591796875,0.305511474609375,3.12860107421875,32.80448913574219,46.76305389404297,0.21269989013671875,52.764068603515625,2.7370681762695313,0,50623.81262207031,36018.75964355469,0,34088599552,2147483648,8090677248,0
200,1787753008713,3500,3500,3500,3500,3500,3500,3500,3500,3500,3500,3500,3500,3500,3500,3500,3500,3500,3500,3500,3500,0.9170303344726563,0.29463958740234375,2.8346939086914063,0.31801605224609375,0.3011322021484375,0.5877838134765625,2.8149185180664063,0.32045745849609375,0.29683685302734375,0.29569244384765625,0.33868408203125,0.29589080810546875,0.3155670166015625,0.3100738525390625,0.6523056030273438,32.37019348144531,93.76619720458984,0.1442718505859375,4.034431457519531,0.29044342041015625,0,50633.491149902344,36026.292907714844,0,34088599552,2147483648,8091017216,0
201,1787753008913,3500,3500,3500,3500,3500,3500,3500,3500,3500,3500,3500,3500,3500,3500,3500,3500,3500,3500,3500,3500,3.8481674194335938,0.28273773193359375,2.386260986328125,2.8290557861328125,2.68634033203125,0.9706573486328125,0.27230072021484375,0.2596588134765625,0.2387847900390625,0.30487060546875,0.2826385498046875,0.2238922119140625,0.2803955078125,2.7690582275390625,0.5523452758789063,28.989768981933594,82.04866027832031,2.656463623046875,26.040969848632813,0.226593017578125,0,50644.7587890625,36035.364501953125,0,34088599552,2147483648,8094228480,0
201,1787753009114,3500,3500,3500,3500,3500,3500,3500,3500,3500,3500,3500,3500,3500,3500,3500,3500,3500,3500,3500,3500,0,0,0,0,0,0,0,0.9055557250976563,0,1.5030517578125,0,0,0,0,0,29.461036682128906,90.76243591308594,0,10.839126586914063,0,0,50655.24304199219,36043.643005371094,0,34088599552,2147483648,8097660928,0
200,1787753009316,3500,3500,3500,3500,3500,3500,3500,3500,3500,3500,3500,3500,3500,3500,3500,3500,3500,3500,3500,3500,0.47844696044921875,0.05245208740234375,0.06700897216796875,0.12476348876953125,0.03620147705078125,0.6254119873046875,0.03385162353515625,0.45734405517578125,2.5537109375,0,2.576812744140625,0.00689697265625,2.5958633422851563,0.06450653076171875,0.4037933349609375,27.716590881347656,100,0,2.4469528198242188,0,0,50664.52069091797,36050.74865722656,0,34088599552,2147483648,8095768576,0
200,1787753009516,3500,3500,3500,3500,3500,3500,3500,3500,3500,3500,3500,3500,3500,3500,3500,3500,3500,3500,3500,3500,1.2829208374023438,1.0118331909179688,0.8736572265625,0.8963088989257813,0.8484725952148438,3.7707290649414063,0.8910369873046875,0.822845458984375,0.840576171875,0.890594482421875,0.8780288696289063,3.3343963623046875,0.9228286743164063,0.8871688842773438,3.6968231201171875,32.40740966796875,72.35985565185547,0.7547988891601563,30.312026977539063,3.326995849609375,0,50675.36456298828,36059.432678222656,0,34088599552,2147483648,8096034816,0
199,1787753009716,3500,3500,3500,3500,3500,3500,3500,3500,3500,3500,3500,3500,3500,3500,3500,3500,3500,3500,3500,3500,9.728157043457031,2.7363815307617188,11.501388549804688,0.36708831787109375,0.4187469482421875,7.846961975097656,2.8395614624023438,0.39371490478515625,0.3859710693359375,0.43498992919921875,0.33770751953125,0.3344573974609375,4.0991058349609375,0.37957763671875,0.5575485229492188,44.00393295288086,70.2541732788086,0.2169952392578125,30.6552734375,0.24152374267578125,0,50684.904541015625,36066.76525878906,0,34088599552,2147483648,8093966336,0
200,1787753009916,3500,3500,3500,3500,3500,3500,3500,3500,3500,3500,3500,3500,3500,3500,3500,3500,3500,3500,3500,3500,3.1268234252929688,0.2991485595703125,36.546875,2.8104782104492188,2.8761138916015625,0.5987472534179688,0.23661041259765625,0.2774505615234375,1.8670806884765625,0.220458984375,0.25655364990234375,0.254058837890625,0.28115081787109375,2.7757797241210938,0.40258026123046875,26.811668395996094,65.53662109375,2.6706008911132813,9.615028381347656,0.23541259765625,0,50693.69641113281,36073.385192871094,0,34088599552,2147483648,8094003200,0
200,1787753010117,3500,3500,3500,3500,3500,3500,3500,3500,3500,3500,3500,3500,3500,3500,3500,3500,3500,3500,3500,3500,0.7111053466796875,0.3798065185546875,24.776229858398438,0.34409332275390625,0.35178375244140625,0.5631103515625,0.447784423828125,0.383697509765625,0.38379669189453125,2.8507766723632813,0.32985687255859375,0.31397247314453125,0.327911376953125,0.3539276123046875,0.55487060546875,34.59587860107422,59.41377258300781,0.18990325927734375,16.03685760498047,0.28814697265625,0,50702.88854980469,36080.41033935547,0,34088599552,2147483648,8092540928,0
200,1787753010317,3500,3500,3500,3500,3500,3500,3500,3500,3500,3500,3500,3500,3500,3500,3500,3500,3500,3500,3500,3500,0.68023681640625,0.2641448974609375,10.618217468261719,0.352996826171875,0.28890228271484375,0.47528839111328125,0.31725311279296875,2.9029769897460938,2.8242645263671875,0.2299041748046875,2.7728500366210938,0.2829132080078125,2.8552627563476563,0.320404052734375,0.5755157470703125,29.60175323486328,35.29695129394531,0.18892669677734375,56.444889068603516,0.16546630859375,0,50713.85681152344,36089.214904785156,0,34088599552,2147483648,8094617600,0
200,1787753010517,3500,3500,3500,3500,3500,3500,3500,3500,3500,3500,3500,3500,3500,3500,3500,3500,3500,3500,3500,3500,0.6727523803710938,0.33695220947265625,24.524497985839844,0.27092742919921875,0.37420654296875,2.9930038452148438,0.4922637939453125,0.38878631591796875,0.315277099609375,0.3365478515625,0.214447021484375,2.8484268188476563,0.2973480224609375,0.3358001708984375,3.1290435791015625,29.21923828125,62.5797233581543,0.197967529296875,20.990936279296875,2.7644729614257813,0,50724.03955078125,36097.208068847656,0,34088599552,2147483648,8092524544,0
200,1787753010718,3500,3500,3500,3500,3500,3500,3500,3500,3500,3500,3500,3500,3500,3500,3500,3500,3500,3500,3500,3500,0.8188095092773438,2.8612289428710938,23.61071014404297,0.29572296142578125,0.398406982421875,0.6105575561523438,2.9433059692382813,0.3934173583984375,0.40688323974609375,0.4882659912109375,0.4296417236328125,0.4315338134765625,0.3303985595703125,0.3248138427734375,0.5278778076171875,25.66979217529297,35.44086456298828,0.18476104736328125,49.79376220703125,0.2056121826171875,0,50733.934997558594,36104.948181152344,0,34088599552,2147483648,8093122560,0
200,1787753010918,3500,3500,3500,3500,3500,3500,3500,3500,3500,3500,3500,3500,3500,3500,3500,3500,3500,3500,3500,3500,3.1791000366210938,0.30193328857421875,29.02789306640625,2.8003616333007813,2.9750823974609375,1.5078506469726563,0.5263595581054688,0.4167633056640625,0.5207672119140625,0.47904205322265625,0.4225006103515625,0.46442413330078125,0.3180999755859375,2.895233154296875,0.4453125,31.32056427001953,41.787803649902344,2.7039413452148438,43.181373596191406,0.189788818359375,0,50744.884765625,36113.73455810547,0,34088599552,2147483648,8093290496,0
199,1787753011119,3500,3500,3500,3500,3500,3500,3500,3500,3500,3500,3500,3500,3500,3500,3500,3500,3500,3500,3500,3500,2.70751953125,0.35114288330078125,22.27330780029297,0.32157135009765625,0.39636993408203125,1.2174301147460938,0.566009521484375,0.352386474609375,0.4954986572265625,2.8379592895507813,0.35837554931640625,0.322174072265625,0.6538162231445313,0.308258056640625,0.25550079345703125,51.53302001953125,32.12982940673828,0.22029876708984375,64.82816314697266,0.2313690185546875,0,50754.75799560547,36121.426208496094,0,34088599552,2147483648,8101126144,0
200,1787753011319,3500,3500,3500,3500,3500,3500,3500,3500,3500,3500,3500,3500,3500,3500,3500,3500,3500,3500,3500,3500,0.7541351318359375,0.3589019775390625,21.20423126220703,0.34520721435546875,0.37194061279296875,0.49564361572265625,0.35120391845703125,2.8568496704101563,2.9441146850585938,0.352203369140625,2.8486557006835938,0.30692291259765625,2.8791427612304688,0.31656646728515625,0.3119659423828125,52.3553352355957,50.62261199951172,0.24309539794921875,49.16117858886719,0.27678680419921875,0,50764.803771972656,36129.336853027344,0,34088599552,2147483648,8093491200,0
200,1787753011519,3500,3500,3500,3500,3500,3500,3500,3500,3500,3500,3500,3500,3500,3500,3500,3500,3500,3500,3500,3500,0.5944061279296875,0.30156707763671875,100,0.14429473876953125,0.26763153076171875,2.935577392578125,0.24442291259765625,0.2773590087890625,0.442169189453125,0.31464385986328125,0.28754425048828125,2.9350814819335938,0.2874908447265625,0.30121612548828125,2.8060073852539063,8.344398498535156,7.506370544433594,0.28759002685546875,89.68846893310547,2.7087783813476563,0,50776.34881591797,36138.732971191406,0,34088599552,2147483648,8096149504,0
200,1787753011719,3500,3500,3500,3500,3500,3500,3500,3500,3500,3500,3500,3500,3500,3500,3500,3500,3500,3500,3500,3500,0.5283966064453125,2.8180770874023438,44.930973052978516,0.18024444580078125,0.2406768798828125,20.138023376464844,18.1358642578125,0.17055511474609375,34.958229064941406,0.24427032470703125,0.33806610107421875,0.32532501220703125,0.2664947509765625,0.26239776611328125,0.233734130859375,13.068756103515625,35.026695251464844,0.20691680908203125,65.91572570800781,0.14178466796875,0,50786.510009765625,36146.74774169922,0,34088599552,2147483648,8095952896,0
200,1787753011919,3500,3500,3500,3500,3500,3500,3500,3500,3500,3500,3500,3500,3500,3500,3500,3500,3500,3500,3500,3500,25.292083740234375,0.31664276123046875,2.8036422729492188,2.8984909057617188,2.5878372192382813,46.895870208740234,16.856529235839844,0.26030731201171875,47.714149475097656,0.3134002685546875,0.30989837646484375,0.2806854248046875,0.33531951904296875,2.8281631469726563,0.28023529052734375,3.6710662841796875,58.848716735839844,2.7687835693359375,25.284339904785156,0.34885406494140625,0,50797.12902832031,36155.20007324219,0,34088599552,2147483648,8096210944,0
200,1787753012120,3500,3500,3500,3500,3500,3500,3500,3500,3500,3500,3500,3500,3500,3500,3500,3500,3500,3500,3500,3500,15.797767639160156,0.34662628173828125,1.9723052978515625,0.27095794677734375,0.30574798583984375,37.683231353759766,9.0750732421875,0.25498199462890625,57.399505615234375,2.7132415771484375,0.22528076171875,0.22138214111328125,0.32806396484375,0.27414703369140625,0.28513336181640625,9.963768005371094,53.6568603515625,0.20021820068359375,24.92516326904297,0.2313690185546875,0,50805.913635253906,36161.839294433594,0,34088599552,2147483648,8096448512,0
200,1787753012320,3500,3500,3500,3500,3500,3500,3500,3500,3500,3500,3500,3500,3500,3500,3500,3500,3500,3500,3500,3500,0.5233917236328125,0.34291839599609375,7.3135986328125,0.34456634521484375,0.1970672607421875,43.73440933227539,0.27651214599609375,2.7691574096679688,58.87835693359375,0.1951141357421875,2.7514190673828125,0.22125244140625,2.8433074951171875,0.33567047119140625,0.272064208984375,9.894187927246094,24.709609985351563,0.26741790771484375,63.52787780761719,0.19242095947265625,0,50816.123596191406,36169.89392089844,0,34088599552,2147483648,8099254272,0
200,1787753012520,3500,3500,3500,3500,3500,3500,3500,3500,3500,3500,3500,3500,3500,3500,3500,3500,3500,3500,3500,3500,0.5698089599609375,0.40335845947265625,60.3214225769043,0.267974853515625,0.3228302001953125,28.747703552246094,0.29021453857421875,0.31993865966796875,25.947364807128906,0.41248321533203125,0.42624664306640625,3.0138626098632813,0.435272216796875,0.3924407958984375,5.767669677734375,29.160736083984375,36.21278762817383,0.282135009765625,42.94684982299805,2.7790451049804688,0,50828.19958496094,36179.802978515625,0,34088599552,2147483648,8100085760,0
200,1787753012721,3500,3500,3500,3500,3500,3500,3500,3500,3500,3500,3500,3500,3500,3500,3500,3500,3500,3500,3500,3500,0.6320953369140625,2.8308029174804688,26.131813049316406,0.28655242919921875,0.3061676025390625,5.783447265625,3.1503448486328125,0.28231048583984375,38.79793930053711,0.2204132080078125,0.254852294921875,0.19306182861328125,0.3439483642578125,0.3339691162109375,0.22455596923828125,32.60919952392578,53.07749938964844,0.2119293212890625,43.172996520996094,0.1929168701171875,0,50839.09979248047,36188.531677246094,0,34088599552,2147483648,8108027904,0
200,1787753012921,3500,3500,3500,3500,3500,3500,3500,3500,3500,3500,3500,3500,3500,3500,3500,3500,3500,3500,3500,3500,3.16485595703125,0.304901123046875,51.70580291748047,2.7673416137695313,0.31856536865234375,0.5100631713867188,0.2846527099609375,0.33701324462890625,0.358856201171875,0.274078369140625,0.27886962890625,0.2229156494140625,0.34429931640625,2.8202590942382813,0.427276611328125,21.272735595703125,50.554969787597656,2.7236099243164063,22.43134307861328,0.37282562255859375,0,50852.02404785156,36199.302795410156,0,34088599552,2147483648,8108355584,0
200,1787753013122,3500,3500,3500,3500,3500,3500,3500,3500,3500,3500,3500,3500,3500,3500,3500,3500,3500,3500,3500,3500,0.6268157958984375,0.294586181640625,30.273887634277344,0.2443084716796875,2.8715057373046875,0.3828582763671875,0.26183319091796875,0.25693511962890625,0.329437255859375,2.7638626098632813,0.3640899658203125,0.31175994873046875,0.3012237548828125,0.29254150390625,0.32279205322265625,21.896881103515625,45.906288146972656,0.2019195556640625,50.39626693725586,0.1849365234375,0,50861.97204589844,36207.13055419922,0,34088599552,2147483648,8108261376,0
199,1787753013322,3500,3500,3500,3500,3500,3500,3500,3500,3500,3500,3500,3500,3500,3500,3500,3500,3500,3500,3500,3500,0.7820281982421875,0.22796630859375,38.98673629760742,0.2362518310546875,0.2313079833984375,0.30223846435546875,0.21697998046875,2.728424072265625,2.804046630859375,0.28631591796875,2.8188247680664063,0.29933929443359375,2.8015518188476563,0.2570648193359375,0.24742889404296875,33.881988525390625,22.68560791015625,0.27797698974609375,62.28246307373047,0.1252899169921875,0,50874.437744140625,36217.41906738281,0,34088599552,2147483648,8107089920,0
200,1787753013522,3500,3500,3500,3500,3500,3500,3500,3500,3500,3500,3500,3500,3500,3500,3500,3500,3500,3500,3500,3500,0.6691360473632813,0.3254241943359375,0.9057083129882813,0.39058685302734375,0.32881927490234375,0.29583740234375,0.32567596435546875,0.3470611572265625,0.27570343017578125,0.27500152587890625,0.35350799560546875,2.8392105102539063,0.38928985595703125,0.33991241455078125,2.960296630859375,22.50250244140625,75.70606994628906,0.19594573974609375,43.07650375366211,2.7750473022460938,0,50883.99053955078,36224.85412597656,0,34088599552,2147483648,8107560960,0
200,1787753013722,3500,3500,3500,3500,3500,3500,3500,3500,3500,3500,3500,3500,3500,3500,3500,3500,3500,3500,3500,3500,0.72955322265625,2.7957916259765625,16.87085723876953,0.24802398681640625,0.288848876953125,5.3953094482421875,2.743194580078125,0.193328857421875,0.4139556884765625,0.3340606689453125,0.2556610107421875,0.29283905029296875,0.36235809326171875,0.3414459228515625,0.4076690673828125,33.138221740722656,58.81684875488281,0.1754150390625,55.413124084472656,0.17441558837890625,0,50892.944580078125,36231.859130859375,0,34088599552,2147483648,8106557440,0
200,1787753013923,3500,3500,3500,3500,3500,3500,3500,3500,3500,3500,3500,3500,3500,3500,3500,3500,3500,3500,3500,3500,0.6178436279296875,0.34991455078125,15.765655517578125,2.8262939453125,0.23171234130859375,50.98305130004883,0.17568206787109375,0.2306671142578125,8.371101379394531,0.37625885009765625,0.466766357421875,0.44012451171875,0.29178619384765625,2.8587722778320313,0.34267425537109375,11.326614379882813,80.49213409423828,2.70245361328125,18.163604736328125,0.274322509765625,0,50902.94775390625,36239.84777832031,0,34088599552,2147483648,8110739456,0
200,1787753014123,3500,3500,3500,3500,3500,3500,3500,3500,3500,3500,3500,3500,3500,3500,3500,3500,3500,3500,3500,3500,3.9025497436523438,0.3284454345703125,15.670799255371094,0.22669219970703125,2.7892303466796875,4.156913757324219,0.5899581909179688,0.25991058349609375,0.5441970825195313,2.8623580932617188,0.31316375732421875,0.2269439697265625,0.3302459716796875,0.371856689453125,0.31171417236328125,49.74178695678711,41.753353118896484,0.183380126953125,75.14990997314453,0.16619873046875,0,50912.541931152344,36247.63604736328,0,34088599552,2147483648,8119513088,0
199,1787753014323,3500,3500,3500,3500,3500,3500,3500,3500,3500,3500,3500,3500,3500,3500,3500,3500,3500,3500,3500,3500,0.6284637451171875,0.352874755859375,89.41378784179688,0.208038330078125,0.37778472900390625,0.5030517578125,0.48152923583984375,2.9339752197265625,2.8199462890625,0.31757354736328125,2.8725128173828125,0.28167724609375,2.9680709838867188,0.430206298828125,0.2210693359375,85.10127258300781,12.235702514648438,0.31038665771484375,16.884719848632813,0.2898712158203125,0,50923.88250732422,36256.135498046875,0,34088599552,2147483648,8119357440,0
201,1787753014523,3500,3500,3500,3500,3500,3500,3500,3500,3500,3500,3500,3500,3500,3500,3500,3500,3500,3500,3500,3500,0.5276641845703125,0.2784271240234375,61.7388801574707,0.22425079345703125,0.309112548828125,0.47469329833984375,0.5033798217773438,0.3290557861328125,0.226348876953125,0.33095550537109375,0.25074005126953125,2.8165512084960938,0.3708343505859375,0.39087677001953125,2.0686874389648438,57.986141204833984,43.87003707885742,0.181671142578125,41.704246520996094,2.757232666015625,0,50934.781799316406,36264.888122558594,0,34088599552,2147483648,8116310016,0
199,1787753014725,3500,3500,3500,3500,3500,3500,3500,3500,3500,3500,3500,3500,3500,3500,3500,3500,3500,3500,3500,3500,0.6956024169921875,2.813934326171875,19.913047790527344,0.3263702392578125,0.30608367919921875,5.740997314453125,3.5389328002929688,0.42549896240234375,0.4655303955078125,0.2732696533203125,0.2829742431640625,0.3282012939453125,0.35042572021484375,0.369873046875,0.9146881103515625,43.154014587402344,59.5777702331543,0.178253173828125,43.63365173339844,0.22492218017578125,0,50945.51055908203,36273.42041015625,0,34088599552,2147483648,8082366464,0
200,1787753014925,3500,3500,3500,3500,3500,3500,3500,3500,3500,3500,3500,3500,3500,3500,3500,3500,3500,3500,3500,3500,0.70587158203125,0.2845001220703125,0.43016815185546875,0.6839675903320313,0.20423126220703125,2.2600250244140625,0.30419921875,0.36560821533203125,1.7482452392578125,0.27629852294921875,0.2821502685546875,0.2353363037109375,0.302001953125,2.8277206420898438,0.2051849365234375,14.363700866699219,77.75453186035156,2.69000244140625,23.57403564453125,0.32845306396484375,0,50955.23107910156,36281.009216308594,0,34088599552,2147483648,8081821696,0
200,1787753015126,3500,3500,3500,3500,3500,3500,3500,3500,3500,3500,3500,3500,3500,3500,3500,3500,3500,3500,3500,3500,4.914268493652344,0.2947540283203125,16.74492645263672,2.3937530517578125,2.813720703125,0.27313995361328125,0.26245880126953125,0.3351287841796875,0.3388214111328125,2.7133560180664063,0.28711700439453125,0.25003814697265625,0.2807769775390625,0.33577728271484375,0.3801422119140625,19.205459594726563,21.76599884033203,0.2254791259765625,54.15335464477539,0.1929931640625,0,50963.06329345703,36286.70849609375,0,34088599552,2147483648,8081031168,0
199,1787753015326,3500,3500,3500,3500,3500,3500,3500,3500,3500,3500,3500,3500,3500,3500,3500,3500,3500,3500,3500,3500,0.8499679565429688,0.3132781982421875,0.31597137451171875,0.33647918701171875,0.3146209716796875,0.6699600219726563,0.37593841552734375,2.8919754028320313,2.9204635620117188,0.31512451171875,2.9519500732421875,0.4551239013671875,2.8472747802734375,0.3278961181640625,0.26418304443359375,9.461990356445313,35.61146545410156,0.218231201171875,60.44068145751953,0.22217559814453125,0,50972.0390625,36293.56427001953,0,34088599552,2147483648,8079527936,0
199,1787753015526,3500,3500,3500,3500,3500,3500,3500,3500,3500,3500,3500,3500,3500,3500,3500,3500,3500,3500,3500,3500,0.6967620849609375,0.257049560546875,0.2858428955078125,0.2845916748046875,0.2928924560546875,0.28394317626953125,0.25205230712890625,0.18851470947265625,0.29483795166015625,0.340179443359375,0.342529296875,2.8974151611328125,0.2666473388671875,0.2910919189453125,0.21840667724609375,17.038352966308594,41.66616439819336,0.14362335205078125,47.427894592285156,2.7224960327148438,0,50981.178649902344,36300.575439453125,0,34088599552,2147483648,8079716352,0
200,1787753015726,3500,3500,3500,3500,3500,3500,3500,3500,3500,3500,3500,3500,3500,3500,3500,3500,3500,3500,3500,3500,1.0454940795898438,2.9125289916992188,2.8401947021484375,0.31742095947265625,0.30017852783203125,3.142822265625,2.7927093505859375,0.3073272705078125,0.31417083740234375,0.2703857421875,0.27452850341796875,0.333770751953125,0.3021240234375,0.33332061767578125,2.7710113525390625,10.052909851074219,84.32953643798828,0.16056060791015625,12.1031494140625,0.296173095703125,0,50989.73645019531,36307.01354980469,0,34088599552,2147483648,8079822848,0
199,1787753015927,3500,3500,3500,3500,3500,3500,3500,3500,3500,3500,3500,3500,3500,3500,3500,3500,3500,3500,3500,3500,0.6866302490234375,0.25275421142578125,0.4029998779296875,0.300689697265625,0.25823974609375,3.91180419921875,0.2751007080078125,0.2552490234375,0.27594757080078125,0.213348388671875,0.23175048828125,0.25035858154296875,0.272003173828125,2.8511123657226563,0.196685791015625,12.989936828613281,77.532470703125,2.6910858154296875,18.624313354492188,0.22551727294921875,0,50999.433837890625,36314.58654785156,0,34088599552,2147483648,8079814656,0
200,1787753016127,3500,3500,3500,3500,3500,3500,3500,3500,3500,3500,3500,3500,3500,3500,3500,3500,3500,3500,3500,3500,3.162811279296875,0.29953765869140625,0.49680328369140625,2.7693405151367188,2.69390869140625,0.26439666748046875,0.25225067138671875,0.3102874755859375,0.35817718505859375,2.750396728515625,0.2800445556640625,0.26914215087890625,0.37652587890625,0.36962890625,0.23580169677734375,12.936691284179688,57.239566802978516,0.2188568115234375,36.355224609375,0.25260162353515625,0,51008.50573730469,36321.537353515625,0,34088599552,2147483648,8079765504,0
200,1787753016327,3500,3500,3500,3500,3500,3500,3500,3500,3500,3500,3500,3500,3500,3500,3500,3500,3500,3500,3500,3500,0.750946044921875,0.277679443359375,0.281982421875,0.28582763671875,0.20587921142578125,0.237457275390625,0.2918243408203125,2.7501373291015625,2.8135986328125,0.2636871337890625,2.8303375244140625,0.24390411376953125,2.775421142578125,0.2745361328125,0.18134307861328125,7.478523254394531,80.73330688476563,0.11767578125,20.968612670898438,0.2941741943359375,0,51017.691833496094,36328.58026123047,0,34088599552,2147483648,8080019456,0
200,1787753016527,3500,3500,3500,3500,3500,3500,3500,3500,3500,3500,3500,3500,3500,3500,3500,3500,3500,3500,3500,3500,0.81243896484375,0.360015869140625,0.33789825439453125,0.339141845703125,0.26760101318359375,0.3200225830078125,0.327911376953125,0.32586669921875,0.46466064453125,0.49945831298828125,0.41223907470703125,2.9459152221679688,0.35497283935546875,0.3319091796875,0.2965087890625,9.426567077636719,55.54169845581055,0.19476318359375,38.47900390625,0.30983734130859375,0,51025.53662109375,36334.30731201172,0,34088599552,2147483648,8079953920,0
199,1787753016728,3500,3500,3500,3500,3500,3500,3500,3500,3500,3500,3500,3500,3500,3500,3500,3500,3500,3500,3500,3500,0.9511260986328125,2.8295669555664063,2.8915023803710938,0.31195068359375,0.33580780029296875,2.8038177490234375,2.7749252319335938,0.2560577392578125,0.378875732421875,0.47843170166015625,0.37218475341796875,0.5218963623046875,0.29653167724609375,0.3097076416015625,2.7788162231445313,13.084190368652344,80.66465759277344,0.15540313720703125,12.35858154296875,2.783111572265625,0,51034.69610595703,36341.342712402344,0,34088599552,2147483648,8080084992,0
199,1787753016928,3500,3500,3500,3500,3500,3500,3500,3500,3500,3500,3500,3500,3500,3500,3500,3500,3500,3500,3500,3500,0.7160720825195313,0.26560211181640625,0.4274749755859375,0.316192626953125,0.2779541015625,1.8645782470703125,0.182220458984375,0.2274627685546875,1.6205673217773438,0.40293121337890625,0.284149169921875,0.4207763671875,0.23455810546875,2.7843170166015625,0.17491912841796875,7.436653137207031,86.22384643554688,2.635040283203125,17.56269073486328,0.19971466064453125,0,51043.959228515625,36348.465087890625,0,34088599552,2147483648,8080220160,0
200,1787753017128,3500,3500,3500,3500,3500,3500,3500,3500,3500,3500,3500,3500,3500,3500,3500,3500,3500,3500,3500,3500,3.3601837158203125,0.29598236083984375,0.5789642333984375,2.960845947265625,2.86029052734375,0.255096435546875,0.3520050048828125,0.3062286376953125,0.424530029296875,3.0296173095703125,0.510894775390625,0.519287109375,0.32051849365234375,0.317718505859375,0.28932952880859375,5.317237854003906,79.29771423339844,0.18512725830078125,21.897499084472656,0.28998565673828125,0,51052.88317871094,36355.283447265625,0,34088599552,2147483648,8080220160,0
200,1787753017328,3500,3500,3500,3500,3500,3500,3500,3500,3500,3500,3500,3500,3500,3500,3500,3500,3500,3500,3500,3500,0.6681365966796875,0.202392578125,0.2977294921875,0.34935760498046875,0.27652740478515625,0.18692779541015625,0.24948883056640625,2.700042724609375,0.5478134155273438,0.4331207275390625,2.9745254516601563,0.42504119873046875,2.78076171875,0.2407073974609375,0.22104644775390625,3.8260498046875,100,0.08376312255859375,0.27667236328125,0.31917572021484375,0,51061.821533203125,36362.085388183594,0,34088599552,2147483648,8080207872,0
200,1787753017529,3500,3500,3500,3500,3500,3500,3500,3500,3500,3500,3500,3500,3500,3500,3500,3500,3500,3500,3500,3500,0.7376174926757813,0.37259674072265625,0.36461639404296875,0.29506683349609375,0.35608673095703125,0.3031463623046875,0.3179168701171875,0.2598419189453125,2.7261505126953125,0.39809417724609375,0.33467864990234375,2.8199462890625,0.33483123779296875,0.35648345947265625,0.34765625,4.159271240234375,99.97904205322266,0.1683349609375,1.4592208862304688,0.3743438720703125,0,51071.18585205078,36369.339111328125,0,34088599552,2147483648,8080191488,0
200,1787753017729,3500,3500,3500,3500,3500,3500,3500,3500,3500,3500,3500,3500,3500,3500,3500,3500,3500,3500,3500,3500,0.84814453125,2.8726730346679688,42.051910400390625,0.2333221435546875,0.32485198974609375,2.75311279296875,2.7387237548828125,0.282684326171875,0.36296844482421875,0.3449859619140625,0.2575531005859375,0.2736358642578125,0.27228546142578125,0.32364654541015625,2.7394790649414063,14.246810913085938,46.903499603271484,0.191253662109375,8.402488708496094,2.7705001831054688,0,51080.71710205078,36376.74395751953,0,34088599552,2147483648,8080453632,0
200,1787753017929,3500,3500,3500,3500,3500,3500,3500,3500,3500,3500,3500,3500,3500,3500,3500,3500,3500,3500,3500,3500,0.7005691528320313,0.281036376953125,0.32518768310546875,0.33736419677734375,0.28392791748046875,1.949798583984375,0.3107757568359375,0.25988006591796875,0.43909454345703125,0.31630706787109375,0.3151092529296875,0.1754150390625,0.3217010498046875,0.3639068603515625,0.24561309814453125,13.192985534667969,92.4586410522461,2.6512680053710938,2.94403076171875,0.3979339599609375,0,51088.60302734375,36382.837951660156,0,34088599552,2147483648,8080433152,0
200,1787753018130,3500,3500,3500,3500,3500,3500,3500,3500,3500,3500,3500,3500,3500,3500,3500,3500,3500,3500,3500,3500,3.253143310546875,0.26859283447265625,82.2009506225586,2.6849899291992188,2.7516098022460938,0.4194183349609375,0.22998809814453125,0.276885986328125,1.4354629516601563,2.7817306518554688,0.24591827392578125,0.249664306640625,0.35964202880859375,2.88336181640625,0.19887542724609375,8.384384155273438,15.233375549316406,0.2595062255859375,0.6468124389648438,0.25136566162109375,0,51098.11798095703,36390.049072265625,0,34088599552,2147483648,8080433152,0
200,1787753018330,3500,3500,3500,3500,3500,3500,3500,3500,3500,3500,3500,3500,3500,3500,3500,3500,3500,3500,3500,3500,0.6562042236328125,0.342315673828125,12.302192687988281,0.42147064208984375,0.371795654296875,0.295928955078125,0.34954833984375,2.7369842529296875,0.55474853515625,0.521331787109375,2.1054229736328125,0.4215240478515625,2.944976806640625,0.42351531982421875,0.31034088134765625,6.4915924072265625,88.28986358642578,0.1970672607421875,1.8709945678710938,0.35852813720703125,0,51108.453857421875,36398.508239746094,0,34088599552,2147483648,8080416768,0
200,1787753018531,3500,3500,3500,3500,3500,3500,3500,3500,3500,3500,3500,3500,3500,3500,3500,3500,3500,3500,3500,3500,0.9625396728515625,0.30158233642578125,96.30288696289063,0.1264801025390625,0.31703948974609375,0.35863494873046875,0.28038787841796875,0.26507568359375,2.8896713256835938,0.44017791748046875,1.209259033203125,2.93560791015625,0.28786468505859375,0.3027801513671875,0.30078125,4.534027099609375,5.758148193359375,0.32486724853515625,1.0597915649414063,0.27854156494140625,0,51118.80828857422,36406.32604980469,0,34088599552,2147483648,8080814080,0
200,1787753018731,3500,3500,3500,3500,3500,3500,3500,3500,3500,3500,3500,3500,3500,3500,3500,3500,3500,3500,3500,3500,0.8606109619140625,2.8237380981445313,10.349006652832031,0.37165069580078125,0.29056549072265625,2.8762283325195313,2.9296188354492188,0.27484130859375,0.4971923828125,0.5313262939453125,0.406280517578125,0.42299652099609375,0.335174560546875,0.3514404296875,2.8690414428710938,5.886383056640625,92.6475830078125,0.19200897216796875,0.34600067138671875,2.8693389892578125,0,51128.036560058594,36413.447265625,0,34088599552,2147483648,8080945152,0
200,1787753018931,3500,3500,3500,3500,3500,3500,3500,3500,3500,3500,3500,3500,3500,3500,3500,3500,3500,3500,3500,3500,0.8534317016601563,0.31751251220703125,0.3011474609375,0.32929229736328125,0.326446533203125,0.34136962890625,0.291412353515625,0.264312744140625,0.47801971435546875,0.483856201171875,0.37845611572265625,0.40206146240234375,0.3113250732421875,0.3076324462890625,0.24090576171875,3.1395645141601563,100,2.6616973876953125,2.8147125244140625,0.30867767333984375,0,51136.34014892578,36419.63098144531,0,34088599552,2147483648,8080945152,0
200,1787753019132,3500,3500,3500,3500,3500,3500,3500,3500,3500,3500,3500,3500,3500,3500,3500,3500,3500,3500,3500,3500,4.9993133544921875,0.20719146728515625,8.375228881835938,2.7862014770507813,2.779510498046875,0.7791366577148438,0.1706390380859375,0.2713623046875,0.3468170166015625,2.9625320434570313,0.29013824462890625,0.336883544921875,0.2711639404296875,2.73651123046875,0.2891387939453125,8.181373596191406,63.150020599365234,0.119903564453125,34.13933563232422,0.23885345458984375,0,51145.377685546875,36426.53106689453,0,34088599552,2147483648,8081526784,0
200,1787753019332,3500,3500,3500,3500,3500,3500,3500,3500,3500,3500,3500,3500,3500,3500,3500,3500,3500,3500,3500,3500,0.7867813110351563,0.25490570068359375,0.324981689453125,0.28450775146484375,0.30477142333984375,0.2660369873046875,0.28620147705078125,2.792327880859375,0.4220123291015625,0.5139541625976563,0.38323211669921875,0.4114837646484375,2.8347091674804688,0.288543701171875,0.30870819091796875,10.2364501953125,94.4935531616211,0.13641357421875,0.42136383056640625,0.4212646484375,0,51153.81872558594,36432.85729980469,0,34088599552,2147483648,8081522688,0
200,1787753019532,3500,3500,3500,3500,3500,3500,3500,3500,3500,3500,3500,3500,3500,3500,3500,3500,3500,3500,3500,3500,0.6675643920898438,0.27077484130859375,0.33489990234375,0.309356689453125,0.360107421875,0.25101470947265625,0.30466461181640625,0.22441864013671875,2.7800369262695313,0.2588043212890625,2.814117431640625,2.7893142700195313,0.28141021728515625,0.308807373046875,0.2400360107421875,3.9480819702148438,74.38204193115234,0.14267730712890625,26.598464965820313,0.285400390625,0,51163.21014404297,36440.12341308594,0,34088599552,2147483648,8081518592,0
200,1787753019732,3500,3500,3500,3500,3500,3500,3500,3500,3500,3500,3500,3500,3500,3500,3500,3500,3500,3500,3500,3500,0.8183212280273438,2.8433837890625,2.92962646484375,0.37188720703125,0.36838531494140625,2.9421615600585938,0.33718109130859375,0.41253662109375,0.26561737060546875,0.28289794921875,0.267364501953125,0.31670379638671875,0.316650390625,0.3149566650390625,2.8055877685546875,5.863349914550781,100,0.1419219970703125,0.2999725341796875,2.836944580078125,0,51173.329833984375,36448.114501953125,0,34088599552,2147483648,8081649664,0
200,1787753019933,3500,3500,3500,3500,3500,3500,3500,3500,3500,3500,3500,3500,3500,3500,3500,3500,3500,3500,3500,3500,4.868408203125,0.25267791748046875,28.088302612304688,0.26561737060546875,0.40169525146484375,0.4750823974609375,2.982025146484375,0.44220733642578125,0.3016815185546875,0.24648284912109375,0.2906951904296875,0.18793487548828125,0.45435333251953125,0.2766571044921875,0.25347900390625,16.341400146484375,30.657440185546875,0.2223052978515625,17.4456787109375,0.2148590087890625,0,51182.062255859375,36454.68908691406,0,34088599552,2147483648,8082411520,0
200,1787753020133,3500,3500,3500,3500,3500,3500,3500,3500,3500,3500,3500,3500,3500,3500,3500,3500,3500,3500,3500,3500,3.3461685180664063,0.3061065673828125,0.5254440307617188,2.77215576171875,2.83050537109375,1.0501480102539063,0.5088729858398438,0.244903564453125,0.5923385620117188,2.76800537109375,0.30016326904296875,0.22603607177734375,0.30774688720703125,2.790069580078125,0.25293731689453125,7.230216979980469,93.2286376953125,2.6520462036132813,9.901435852050781,0.22393798828125,0,51190.04852294922,36460.546447753906,0,34088599552,2147483648,8082411520,0
200,1787753020333,3500,3500,3500,3500,3500,3500,3500,3500,3500,3500,3500,3500,3500,3500,3500,3500,3500,3500,3500,3500,0.7553634643554688,0.28446197509765625,0.31439971923828125,0.39035797119140625,0.27652740478515625,0.3360595703125,0.33426666259765625,2.8819656372070313,0.43367767333984375,0.314849853515625,0.442657470703125,0.40103912353515625,2.866546630859375,0.30047607421875,0.283660888671875,15.414810180664063,87.7583999633789,0.16722869873046875,0.33666229248046875,0.3346099853515625,0,51198.790283203125,36467.16619873047,0,34088599552,2147483648,8082411520,0
202,1787753020534,3500,3500,3500,3500,3500,3500,3500,3500,3500,3500,3500,3500,3500,3500,3500,3500,3500,3500,3500,3500,0.6527175903320313,0.261688232421875,0.27960968017578125,0.291290283203125,0.289642333984375,0.25589752197265625,0.28809356689453125,0.27431488037109375,2.84234619140625,0.2724151611328125,2.8200836181640625,2.80206298828125,0.38204193115234375,0.37580108642578125,0.19194793701171875,17.792617797851563,58.28722381591797,0.17157745361328125,28.709922790527344,0.20333099365234375,0,51208.31658935547,36474.564208984375,0,34088599552,2147483648,8082026496,0
200,1787753020736,3500,3500,3500,3500,3500,3500,3500,3500,3500,3500,3500,3500,3500,3500,3500,3500,3500,3500,3500,3500,0.835357666015625,2.6082229614257813,2.90887451171875,0.137054443359375,0.10259246826171875,2.6831893920898438,0.22142791748046875,0.14359283447265625,0.13428497314453125,0.1351776123046875,0.08644866943359375,0.102294921875,0.23321533203125,0.2292022705078125,2.595001220703125,22.907470703125,17.573028564453125,0.094573974609375,35.80158233642578,2.6677398681640625,0,51216.937927246094,36481.02673339844,0,34088599552,2147483648,8082358272,0
200,1787753020936,3500,3500,3500,3500,3500,3500,3500,3500,3500,3500,3500,3500,3500,3500,3500,3500,3500,3500,3500,3500,1.0182647705078125,0.4818878173828125,0.458740234375,0.44696044921875,0.44022369384765625,1.8331985473632813,2.98687744140625,0.4334869384765625,0.44342041015625,0.39083099365234375,0.44356536865234375,0.43244171142578125,0.4637298583984375,0.43338775634765625,0.3647308349609375,4.007835388183594,82.11658477783203,0.32302093505859375,2.7123565673828125,0.5111236572265625,0,51225.18395996094,36487.15075683594,0,34088599552,2147483648,8082620416,0
199,1787753021136,3500,3500,3500,3500,3500,3500,3500,3500,3500,3500,3500,3500,3500,3500,3500,3500,3500,3500,3500,3500,3.3232269287109375,0.27972412109375,0.281219482421875,2.83233642578125,2.8459701538085938,0.963104248046875,0.32256317138671875,0.27208709716796875,0.369903564453125,2.8104171752929688,0.3506317138671875,0.2648468017578125,0.28566741943359375,2.8243026733398438,0.2434234619140625,16.2982177734375,61.516727447509766,2.6916275024414063,33.253204345703125,0.26039886474609375,0,51234.784729003906,36494.61535644531,0,34088599552,2147483648,8082620416,0
199,1787753021336,3500,3500,3500,3500,3500,3500,3500,3500,3500,3500,3500,3500,3500,3500,3500,3500,3500,3500,3500,3500,0.7529144287109375,0.27362823486328125,0.30271148681640625,0.31305694580078125,0.3975677490234375,0.395172119140625,0.46768951416015625,2.8967971801757813,0.31360626220703125,0.2508392333984375,0.24094390869140625,0.34299468994140625,0.29491424560546875,0.27487945556640625,0.245635986328125,3.2398452758789063,100,0.125091552734375,0.31011199951171875,0.29451751708984375,0,51243.78601074219,36501.508361816406,0,34088599552,2147483648,8082620416,0
200,1787753021537,3500,3500,3500,3500,3500,3500,3500,3500,3500,3500,3500,3500,3500,3500,3500,3500,3500,3500,3500,3500,0.946441650390625,0.26122283935546875,0.25537872314453125,0.26956939697265625,0.3266448974609375,0.335540771484375,0.35498046875,0.333740234375,2.8261795043945313,0.2274932861328125,2.7502670288085938,0.2584228515625,2.7665634155273438,0.26262664794921875,0.1807098388671875,15.473358154296875,36.978302001953125,0.19200897216796875,3.4691696166992188,0.24848175048828125,0,51252.28796386719,36507.86505126953,0,34088599552,2147483648,8082866176,0
199,1787753021737,3500,3500,3500,3500,3500,3500,3500,3500,3500,3500,3500,3500,3500,3500,3500,3500,3500,3500,3500,3500,1.2048263549804688,2.83917236328125,2.6216201782226563,0.34975433349609375,0.3118438720703125,2.8776779174804688,0.29067230224609375,0.35854339599609375,0.34066009521484375,0.2971649169921875,0.28577423095703125,2.7848358154296875,0.28667449951171875,0.332122802734375,2.821044921875,19.140235900878906,17.46533966064453,0.30205535888671875,9.756660461425781,2.8674392700195313,0,51261.21081542969,36514.641052246094,0,34088599552,2147483648,8084135936,0
200,1787753021937,3500,3500,3500,3500,3500,3500,3500,3500,3500,3500,3500,3500,3500,3500,3500,3500,3500,3500,3500,3500,1.1100997924804688,0.23992156982421875,3.2719650268554688,0.3741302490234375,0.26221466064453125,2.6990509033203125,2.8636474609375,0.22418212890625,0.493194580078125,0.38762664794921875,0.46955108642578125,0.4884490966796875,0.29555511474609375,0.33054351806640625,0.24567413330078125,17.12683868408203,7.314689636230469,0.27906036376953125,2.8059616088867188,0.33594512939453125,0,51268.93713378906,36520.22399902344,0,34088599552,2147483648,8086417408,0
200,1787753022137,3500,3500,3500,3500,3500,3500,3500,3500,3500,3500,3500,3500,3500,3500,3500,3500,3500,3500,3500,3500,3.5967254638671875,0.23436737060546875,2.7659225463867188,2.9179000854492188,2.9789581298828125,1.1580581665039063,0.3822021484375,0.30956268310546875,0.49611663818359375,2.9125595092773438,0.48392486572265625,0.48517608642578125,0.303466796875,2.8089370727539063,0.2413177490234375,12.048713684082031,14.938392639160156,2.7994461059570313,6.821441650390625,0.292572021484375,0,51276.88562011719,36526.030517578125,0,34088599552,2147483648,8089427968,0
199,1787753022337,3500,3500,3500,3500,3500,3500,3500,3500,3500,3500,3500,3500,3500,3500,3500,3500,3500,3500,3500,3500,1.0830764770507813,0.1688690185546875,0.31375885009765625,0.33638763427734375,0.43308258056640625,0.3271484375,0.343475341796875,2.8642501831054688,0.49965667724609375,0.41150665283203125,0.38703155517578125,0.4984130859375,0.2957305908203125,0.27629852294921875,0.23040008544921875,15.591156005859375,4.9418487548828125,0.2734527587890625,0.7999801635742188,0.3403778076171875,0,51283.77673339844,36530.7900390625,0,34088599552,2147483648,8091078656,0
199,1787753022537,3500,3500,3500,3500,3500,3500,3500,3500,3500,3500,3500,3500,3500,3500,3500,3500,3500,3500,3500,3500,1.1147003173828125,0.17026519775390625,2.0711212158203125,0.2613677978515625,0.46701812744140625,0.35387420654296875,0.35227203369140625,0.37551116943359375,2.843994140625,0.29265594482421875,2.7707290649414063,0.352874755859375,2.8092117309570313,0.263671875,0.1861572265625,13.930747985839844,8.520774841308594,0.31974029541015625,4.747550964355469,0.25087738037109375,0,51292.87860107422,36538.01232910156,0,34088599552,2147483648,8091398144,0
206,1787753022737,3500,3500,3500,3500,3500,3500,3500,3500,3500,3500,3500,3500,3500,3500,3500,3500,3500,3500,3500,3500,1.1682891845703125,2.7562103271484375,0.2966461181640625,0.322845458984375,0.49111175537109375,2.9573211669921875,0.41487884521484375,0.38873291015625,0.3055419921875,0.27104949951171875,0.246002197265625,2.890380859375,0.3116912841796875,0.3134918212890625,2.7540054321289063,19.367034912109375,8.486328125,0.2796478271484375,0.7524642944335938,2.8272476196289063,0,51301.22253417969,36544.077209472656,0,34088599552,2147483648,8092397568,0
200,1787753022944,3500,3500,3500,3500,3500,3500,3500,3500,3500,3500,3500,3500,3500,3500,3500,3500,3500,3500,3500,3500,0.7811813354492188,0,2.5432815551757813,0.0171661376953125,0.15343475341796875,0.09975433349609375,2.57232666015625,0.08806610107421875,0.01629638671875,0.08205413818359375,0.166961669921875,0.07399749755859375,0,0.0329742431640625,0,19.2061767578125,7.470588684082031,0.013916015625,3.231109619140625,0.00698089599609375,0,51308.21875,36548.71563720703,0,34088599552,2147483648,8093138944,0
200,1787753023145,3500,3500,3500,3500,3500,3500,3500,3500,3500,3500,3500,3500,3500,3500,3500,3500,3500,3500,3500,3500,7.647735595703125,0.49385833740234375,6.364723205566406,3.100006103515625,3.2237548828125,1.8999710083007813,0.6005859375,0.585052490234375,0.57763671875,3.1363906860351563,0.5377120971679688,0.5890350341796875,0.54931640625,3.0495758056640625,0.46115875244140625,11.561134338378906,11.181015014648438,3.0861129760742188,6.234306335449219,0.51287841796875,0,51315.711975097656,36554.09533691406,0,34088599552,2147483648,8094953472,0
200,1787753023345,3500,3500,3500,3500,3500,3500,3500,3500,3500,3500,3500,3500,3500,3500,3500,3500,3500,3500,3500,3500,1.0678863525390625,0.2895965576171875,0.46436309814453125,0.43894195556640625,0.48484039306640625,0.41626739501953125,0.46071624755859375,2.95172119140625,0.40987396240234375,0.31966400146484375,0.35003662109375,0.37960052490234375,0.365020751953125,0.33350372314453125,0.282257080078125,10.537155151367188,9.404434204101563,0.36841583251953125,1.5698623657226563,0.37300872802734375,0,51323.55700683594,36559.81164550781,0,34088599552,2147483648,8096174080,0
200,1787753023545,3500,3500,3500,3500,3500,3500,3500,3500,3500,3500,3500,3500,3500,3500,3500,3500,3500,3500,3500,3500,1.025054931640625,0.19890594482421875,0.6621475219726563,0.4014129638671875,0.309722900390625,0.22342681884765625,0.31531524658203125,0.25274658203125,2.7538604736328125,0.30448150634765625,2.8061981201171875,0.2632293701171875,2.8416061401367188,0.2815093994140625,0.32225799560546875,0.28285980224609375,14.653129577636719,0.22138214111328125,2.7275924682617188,0.30597686767578125,0,51330.97277832031,36565.11315917969,0,34088599552,2147483648,8096194560,0
199,1787753023745,3500,3500,3500,3500,3500,3500,3500,3500,3500,3500,3500,3500,3500,3500,3500,3500,3500,3500,3500,3500,0.9998092651367188,2.753753662109375,1.4880142211914063,0.31058502197265625,0.3374786376953125,2.8190078735351563,0.17801666259765625,0.31317901611328125,0.31976318359375,0.23628997802734375,0.26103973388671875,2.8568267822265625,0.29232025146484375,0.27820587158203125,2.8210525512695313,2.8139190673828125,11.812538146972656,0.25196075439453125,9.987754821777344,2.7646255493164063,0,51338.832946777344,36570.82141113281,0,34088599552,2147483648,8097984512,0
200,1787753023945,3500,3500,3500,3500,3500,3500,3500,3500,3500,3500,3500,3500,3500,3500,3500,3500,3500,3500,3500,3500,0.8472137451171875,0.22344970703125,3.1760482788085938,0.288116455078125,0.2615814208984375,0.16852569580078125,2.8456039428710938,0.2723236083984375,0.29341888427734375,0.3011627197265625,0.31015777587890625,0.365631103515625,0.345245361328125,0.33184814453125,0.2686309814453125,0.27402496337890625,10.802520751953125,0.19696044921875,7.011100769042969,0.250335693359375,0,51345.87902832031,36575.74462890625,0,34088599552,2147483648,8098746368,0
200,1787753024146,3500,3500,3500,3500,3500,3500,3500,3500,3500,3500,3500,3500,3500,3500,3500,3500,3500,3500,3500,3500,3.7460784912109375,0.28765869140625,2.2338714599609375,2.8906936645507813,2.8389129638671875,0.21817779541015625,0.5991592407226563,0.29648590087890625,0.38831329345703125,2.936279296875,0.46527862548828125,0.5076751708984375,0.4071197509765625,2.894134521484375,0.37714385986328125,0.2997283935546875,18.708106994628906,2.7634506225585938,8.495246887207031,0.27862548828125,0,51353.26434326172,36580.994873046875,0,34088599552,2147483648,8101642240,0
200,1787753024346,3500,3500,3500,3500,3500,3500,3500,3500,3500,3500,3500,3500,3500,3500,3500,3500,3500,3500,3500,3500,0.9198989868164063,0.21524810791015625,0.7490081787109375,0.33144378662109375,0.28673553466796875,0.283935546875,0.3038177490234375,2.786865234375,0.35842132568359375,0.37874603271484375,0.41011810302734375,0.5218658447265625,0.29532623291015625,0.29097747802734375,0.3089141845703125,0.28234100341796875,15.674362182617188,0.20175933837890625,4.351264953613281,0.26795196533203125,0,51360.871520996094,36586.47265625,0,34088599552,2147483648,8101711872,0
200,1787753024546,3500,3500,3500,3500,3500,3500,3500,3500,3500,3500,3500,3500,3500,3500,3500,3500,3500,3500,3500,3500,0.797271728515625,0.2894287109375,0.333221435546875,0.2760467529296875,0.260162353515625,0.2722015380859375,0.260162353515625,0.273895263671875,2.86566162109375,0.34905242919921875,2.8959732055664063,0.4607086181640625,2.8348007202148438,0.2828369140625,0.3717193603515625,0.3349151611328125,9.777755737304688,0.215972900390625,7.837005615234375,0.27599334716796875,0,51369.131591796875,36592.60900878906,0,34088599552,2147483648,8101847040,0
200,1787753024747,3500,3500,3500,3500,3500,3500,3500,3500,3500,3500,3500,3500,3500,3500,3500,3500,3500,3500,3500,3500,4.4962005615234375,2.8006515502929688,4.3580322265625,0.339385986328125,0.23708343505859375,2.9399185180664063,0.31130218505859375,0.29698944091796875,0.3091583251953125,0.31719207763671875,0.38008880615234375,2.88494873046875,1.6705093383789063,0.324676513671875,2.9339370727539063,2.9329376220703125,17.39875030517578,0.25733184814453125,9.31787109375,2.9056015014648438,0,51376.77355957031,36598.10949707031,0,34088599552,2147483648,8101965824,0
200,1787753024947,3500,3500,3500,3500,3500,3500,3500,3500,3500,3500,3500,3500,3500,3500,3500,3500,3500,3500,3500,3500,1.1200103759765625,0.30804443359375,4.03631591796875,0.31708526611328125,0.20787811279296875,0.20372772216796875,2.82733154296875,0.270721435546875,0.2508392333984375,0.21417236328125,0.262481689453125,0.24384307861328125,0.25748443603515625,0.27172088623046875,0.29634857177734375,0.28845977783203125,13.112968444824219,0.184295654296875,4.1986846923828125,0.21791839599609375,0,51384.527587890625,36603.74035644531,0,34088599552,2147483648,8101965824,0
200,1787753025147,3500,3500,3500,3500,3500,3500,3500,3500,3500,3500,3500,3500,3500,3500,3500,3500,3500,3500,3500,3500,3.3561630249023438,0.27230072021484375,4.6764068603515625,2.7457504272460938,2.8202590942382813,0.33721160888671875,0.43414306640625,0.3158416748046875,0.29671478271484375,0.238739013671875,0.26296234130859375,0.18436431884765625,0.27454376220703125,2.7728652954101563,0.2474822998046875,0.26685333251953125,11.773094177246094,2.6829376220703125,12.637779235839844,0.2013397216796875,0,51393.10534667969,36610.45587158203,0,34088599552,2147483648,8101965824,0
200,1787753025347,3500,3500,3500,3500,3500,3500,3500,3500,3500,3500,3500,3500,3500,3500,3500,3500,3500,3500,3500,3500,1.0201034545898438,0.298553466796875,0.36846923828125,0.37970733642578125,0.5044097900390625,0.53387451171875,0.5508575439453125,2.949951171875,0.505706787109375,3.052276611328125,0.3881988525390625,0.42690277099609375,0.3311614990234375,0.36017608642578125,0.3538360595703125,0.3203277587890625,13.832366943359375,0.27982330322265625,1.9886245727539063,0.334259033203125,0,51400.3720703125,36615.39776611328,0,34088599552,2147483648,8101965824,0
199,1787753025548,3500,3500,3500,3500,3500,3500,3500,3500,3500,3500,3500,3500,3500,3500,3500,3500,3500,3500,3500,3500,0.9552154541015625,0.21596527099609375,0.6883010864257813,0.3015899658203125,0.33331298828125,0.4376678466796875,0.463897705078125,0.33490753173828125,3.0321121215820313,0.46019744873046875,2.9752120971679688,0.431121826171875,2.8105545043945313,0.2637176513671875,0.29149627685546875,0.2735137939453125,16.312904357910156,0.22455596923828125,5.238189697265625,0.26631927490234375,0,51406.75604248047,36619.730712890625,0,34088599552,2147483648,8102096896,0
200,1787753025748,3500,3500,3500,3500,3500,3500,3500,3500,3500,3500,3500,3500,3500,3500,3500,3500,3500,3500,3500,3500,1.4017715454101563,2.681121826171875,4.5171356201171875,0.35012054443359375,0.3808135986328125,2.865875244140625,0.26833343505859375,0.2777862548828125,0.409454345703125,0.44434356689453125,0.48033905029296875,2.9982986450195313,0.32682037353515625,0.29978179931640625,2.8250885009765625,2.8010940551757813,13.5799560546875,0.2513427734375,14.219261169433594,2.7983932495117188,0,51414.70080566406,36625.414123535156,0,34088599552,2147483648,8102240256,0
200,1787753025948,3500,3500,3500,3500,3500,3500,3500,3500,3500,3500,3500,3500,3500,3500,3500,3500,3500,3500,3500,3500,0.8566513061523438,0.41485595703125,3.0878219604492188,0.368621826171875,0.35150909423828125,0.320281982421875,2.8486404418945313,0.27698516845703125,0.2622222900390625,0.33180999755859375,0.32497406005859375,0.33180999755859375,0.33774566650390625,0.34262847900390625,0.3575439453125,0.32422637939453125,10.654289245605469,0.25518798828125,8.265098571777344,0.31349945068359375,0,51422.06018066406,36630.804260253906,0,34088599552,2147483648,8102883328,0
200,1787753026149,3500,3500,3500,3500,3500,3500,3500,3500,3500,3500,3500,3500,3500,3500,3500,3500,3500,3500,3500,3500,4.403373718261719,0.22916412353515625,3.0671157836914063,2.7430343627929688,2.7383956909179688,0.2368011474609375,0.8969955444335938,0.19872283935546875,1.0604324340820313,0.27272796630859375,0.22248077392578125,0.23046112060546875,0.2418365478515625,2.7419357299804688,0.3249359130859375,0.29817962646484375,17.653579711914063,2.650360107421875,9.393585205078125,0.27657318115234375,0,51430.84295654297,36637.24725341797,0,34088599552,2147483648,8103145472,0
200,1787753026349,3500,3500,3500,3500,3500,3500,3500,3500,3500,3500,3500,3500,3500,3500,3500,3500,3500,3500,3500,3500,0.9355087280273438,0.3019561767578125,0.648773193359375,0.34038543701171875,0.39208984375,0.33359527587890625,0.3305511474609375,0.3080902099609375,0.324066162109375,2.8445053100585938,0.31223297119140625,0.3375396728515625,0.3925933837890625,0.36838531494140625,0.45792388916015625,0.44769287109375,19.31250762939453,0.30080413818359375,4.3066558837890625,0.3790130615234375,0,51438.49743652344,36642.77392578125,0,34088599552,2147483648,8103546880,0
200,1787753026549,3500,3500,3500,3500,3500,3500,3500,3500,3500,3500,3500,3500,3500,3500,3500,3500,3500,3500,3500,3500,0.8465118408203125,0.24657440185546875,1.0641098022460938,0.29056549072265625,0.2173004150390625,0.27036285400390625,0.23131561279296875,2.8676986694335938,2.8597183227539063,0.3016357421875,2.809295654296875,0.31375885009765625,2.7995681762695313,0.2891693115234375,0.3944549560546875,0.38378143310546875,12.951248168945313,0.19380950927734375,8.242706298828125,0.223236083984375,0,51446.37097167969,36648.508850097656,0,34088599552,2147483648,8104001536,0
200,1787753026750,3500,3500,3500,3500,3500,3500,3500,3500,3500,3500,3500,3500,3500,3500,3500,3500,3500,3500,3500,3500,0.9400787353515625,0.26940155029296875,0.32845306396484375,0.29730224609375,0.43776702880859375,2.8245315551757813,0.3556060791015625,0.31722259521484375,0.21364593505859375,0.3134765625,0.30838775634765625,2.7981719970703125,0.2969512939453125,0.29740142822265625,2.91552734375,2.8895721435546875,16.597267150878906,0.26261138916015625,4.684074401855469,2.7662277221679688,0,51453.83270263672,36653.836853027344,0,34088599552,2147483648,8104857600,0
200,1787753026950,3500,3500,3500,3500,3500,3500,3500,3500,3500,3500,3500,3500,3500,3500,3500,3500,3500,3500,3500,3500,0.8699417114257813,2.7778091430664063,2.81683349609375,0.34337615966796875,0.270172119140625,0.2799224853515625,5.639564514160156,0.2792205810546875,0.359619140625,0.37451171875,0.30280303955078125,0.24658966064453125,0.32569122314453125,0.2963104248046875,0.33768463134765625,0.3105010986328125,14.766876220703125,0.251190185546875,4.391166687011719,0.28841400146484375,0,51461.25030517578,36659.12371826172,0,34088599552,2147483648,8105353216,0
201,1787753027150,3500,3500,3500,3500,3500,3500,3500,3500,3500,3500,3500,3500,3500,3500,3500,3500,3500,3500,3500,3500,5.1340789794921875,0.28040313720703125,2.7604598999023438,2.8210983276367188,2.7979202270507813,0.21752166748046875,0.26531982421875,0.28350067138671875,0.388885498046875,0.37944793701171875,0.435333251953125,0.47214508056640625,0.30782318115234375,2.8402252197265625,0.39168548583984375,0.38674163818359375,13.397132873535156,2.7626571655273438,10.685623168945313,0.21971893310546875,0,51468.703674316406,36664.44268798828,0,34088599552,2147483648,8105635840,0
200,1787753027351,3500,3500,3500,3500,3500,3500,3500,3500,3500,3500,3500,3500,3500,3500,3500,3500,3500,3500,3500,3500,1.0819015502929688,0,1.5171279907226563,0,0,0,0,0,0,2.5083770751953125,0,0.0128936767578125,0.28265380859375,0.01873779296875,0,0,29.74897003173828,0,4.2023162841796875,0,0,51476.821044921875,36670.413513183594,0,34088599552,2147483648,8119738368,0
200,1787753027552,3500,3500,3500,3500,3500,3500,3500,3500,3500,3500,3500,3500,3500,3500,3500,3500,3500,3500,3500,3500,1.3128738403320313,0.8270416259765625,0.7975082397460938,0.8353347778320313,0.7917938232421875,0.76300048828125,0.8578262329101563,3.2244720458984375,3.41064453125,0.916259765625,3.4652557373046875,0.9543380737304688,3.406524658203125,0.8915328979492188,0.865814208984375,0.8445663452148438,13.295852661132813,0.6984634399414063,4.898719787597656,0.708740234375,0,51484.606872558594,36676.07275390625,0,34088599552,2147483648,8120627200,0
200,1787753027752,3500,3500,3500,3500,3500,3500,3500,3500,3500,3500,3500,3500,3500,3500,3500,3500,3500,3500,3500,3500,1.0453567504882813,0.26515960693359375,1.466522216796875,0.298614501953125,0.2547760009765625,2.7980117797851563,0.3087005615234375,0.30306243896484375,0.3927459716796875,0.35524749755859375,0.37781524658203125,2.9610519409179688,0.40402984619140625,0.4017333984375,2.9462203979492188,0.40493011474609375,11.754714965820313,0.22705841064453125,5.212760925292969,2.8514938354492188,0,51491.415954589844,36680.762756347656,0,34088599552,2147483648,8122925056,0
199,1787753027952,3500,3500,3500,3500,3500,3500,3500,3500,3500,3500,3500,3500,3500,3500,3500,3500,3500,3500,3500,3500,0.8159255981445313,2.780242919921875,2.8875503540039063,0.26859283447265625,0.2083740234375,0.32862091064453125,2.7481307983398438,0.24927520751953125,0.26270294189453125,0.2545166015625,0.262054443359375,0.29471588134765625,0.38459014892578125,0.390289306640625,0.36382293701171875,2.8882522583007813,10.876686096191406,0.2033843994140625,2.8237838745117188,0.22220611572265625,0,51498.32745361328,36685.553955078125,0,34088599552,2147483648,8123404288,0
200,1787753028152,3500,3500,3500,3500,3500,3500,3500,3500,3500,3500,3500,3500,3500,3500,3500,3500,3500,3500,3500,3500,3.4665908813476563,0.26810455322265625,1.2426300048828125,2.8584442138671875,2.7970046997070313,0.26435089111328125,2.1491241455078125,0.27375030517578125,0.25860595703125,0.33013916015625,0.29754638671875,0.30019378662109375,0.375335693359375,2.8972396850585938,0.4039306640625,0.3893280029296875,18.05622100830078,2.7311172485351563,7.700996398925781,0.29274749755859375,0,51506.384033203125,36691.498291015625,0,34088599552,2147483648,8127557632,0
199,1787753028353,3500,3500,3500,3500,3500,3500,3500,3500,3500,3500,3500,3500,3500,3500,3500,3500,3500,3500,3500,3500,1.1991729736328125,0.21875,1.04937744140625,0.310028076171875,0.27732086181640625,0.3043365478515625,0.21845245361328125,0.28426361083984375,0.25330352783203125,2.7707366943359375,0.288909912109375,0.2663421630859375,0.29085540771484375,0.29634857177734375,0.3906707763671875,0.3872222900390625,12.561248779296875,0.25545501708984375,0.571075439453125,0.3010406494140625,0,51513.917541503906,36696.89080810547,0,34088599552,2147483648,8128299008,0
200,1787753028553,3500,3500,3500,3500,3500,3500,3500,3500,3500,3500,3500,3500,3500,3500,3500,3500,3500,3500,3500,3500,1.7108840942382813,0.29138946533203125,0.866912841796875,0.3138275146484375,0.22466278076171875,0.26000213623046875,1.8626251220703125,2.805908203125,2.8390426635742188,0.25910186767578125,2.8188552856445313,0.33112335205078125,2.9274139404296875,0.28673553466796875,0.36565399169921875,0.3655548095703125,8.885643005371094,0.2379608154296875,6.464286804199219,0.2489013671875,0,51521.234802246094,36702.093200683594,0,34088599552,2147483648,8132268032,0
200,1787753028753,3500,3500,3500,3500,3500,3500,3500,3500,3500,3500,3500,3500,3500,3500,3500,3500,3500,3500,3500,3500,1.0077896118164063,0.29012298583984375,0.9438934326171875,0.295257568359375,0.22566986083984375,2.8295822143554688,0.273956298828125,0.3017425537109375,0.28682708740234375,0.2493133544921875,0.36639404296875,2.7789993286132813,0.32868194580078125,0.3390045166015625,2.874725341796875,0.30608367919921875,10.942848205566406,0.21140289306640625,4.2476654052734375,2.8481903076171875,0,51528.116943359375,36706.85559082031,0,34088599552,2147483648,8133001216,0
200,1787753028953,3500,3500,3500,3500,3500,3500,3500,3500,3500,3500,3500,3500,3500,3500,3500,3500,3500,3500,3500,3500,0.54388427734375,2.8315505981445313,3.248291015625,0.361328125,0.33367156982421875,0.236328125,2.8019027709960938,0.27541351318359375,0.29523468017578125,0.32598114013671875,0.31165313720703125,0.25384521484375,0.334320068359375,0.29563140869140625,0.35977935791015625,2.8373947143554688,62.6168327331543,0.20172882080078125,37.11908721923828,0.21640777587890625,0,51536.817810058594,36713.42883300781,0,34088599552,2147483648,8133001216,0
200,1787753029154,3500,3500,3500,3500,3500,3500,3500,3500,3500,3500,3500,3500,3500,3500,3500,3500,3500,3500,3500,3500,10.76519775390625,0.28679656982421875,0.5601119995117188,2.885772705078125,0.2946929931640625,0.19960784912109375,0.38327789306640625,0.32041168212890625,0.280853271484375,0.29863739013671875,0.28565216064453125,0.2930908203125,0.40795135498046875,2.9044036865234375,0.38742828369140625,0.3891754150390625,41.471622467041016,2.7273178100585938,62.066654205322266,0.1865692138671875,0,51547.51721191406,36722.00231933594,0,34088599552,2147483648,8133001216,0
200,1787753029354,3500,3500,3500,3500,3500,3500,3500,3500,3500,3500,3500,3500,3500,3500,3500,3500,3500,3500,3500,3500,0.4915771484375,0.26163482666015625,0.49202728271484375,0.2749176025390625,2.7516632080078125,0.2388763427734375,0.28220367431640625,0.21691131591796875,0.2466583251953125,2.7775192260742188,0.289642333984375,0.19304656982421875,0.355987548828125,0.3575897216796875,0.35938262939453125,0.3553924560546875,41.05060577392578,0.18256378173828125,62.018310546875,0.14696502685546875,0,51557.724853515625,36730.11981201172,0,34088599552,2147483648,8133001216,0
200,1787753029554,3500,3500,3500,3500,3500,3500,3500,3500,3500,3500,3500,3500,3500,3500,3500,3500,3500,3500,3500,3500,0.668121337890625,0.35129547119140625,18.11437225341797,0.24028778076171875,0.2879791259765625,0.27989959716796875,0.2479705810546875,2.7965545654296875,2.8493423461914063,0.2541046142578125,2.836517333984375,0.330841064453125,2.9079666137695313,0.37384796142578125,0.39899444580078125,0.3913116455078125,18.14490509033203,0.25215911865234375,69.01217651367188,0.15247344970703125,0,51565.063720703125,36735.326721191406,0,34088599552,2147483648,8133001216,0
200,1787753029755,3500,3500,3500,3500,3500,3500,3500,3500,3500,3500,3500,3500,3500,3500,3500,3500,3500,3500,3500,3500,0.5370559692382813,0.37279510498046875,0.3520355224609375,0.33052825927734375,0.30503082275390625,0.25732421875,0.3235931396484375,0.34789276123046875,0.48581695556640625,0.3968963623046875,0.41141510009765625,3.0263595581054688,0.4585723876953125,0.4332733154296875,2.9674758911132813,0.42818450927734375,27.55865478515625,0.2702484130859375,75.73451232910156,2.7203292846679688,0,51573.87561035156,36742.037170410156,0,34088599552,2147483648,8133132288,0
200,1787753029955,3500,3500,3500,3500,3500,3500,3500,3500,3500,3500,3500,3500,3500,3500,3500,3500,3500,3500,3500,3500,0.5246200561523438,2.8035888671875,2.8023910522460938,0.32460784912109375,0.2893524169921875,2.8250656127929688,2.8381500244140625,0.29804229736328125,0.3493804931640625,0.46344757080078125,0.34833526611328125,0.47757720947265625,0.34818267822265625,0.367706298828125,0.3897857666015625,2.91375732421875,25.74256134033203,0.3140716552734375,77.21604919433594,0.1513214111328125,0,51582.154235839844,36748.20812988281,0,34088599552,2147483648,8133132288,0
200,1787753030155,3500,3500,3500,3500,3500,3500,3500,3500,3500,3500,3500,3500,3500,3500,3500,3500,3500,3500,3500,3500,0.556396484375,0.281219482421875,19.180892944335938,2.8004837036132813,0.2817230224609375,0.23374176025390625,0.6137237548828125,0.246337890625,0.3683319091796875,0.419158935546875,0.34189605712890625,0.41870880126953125,0.2655792236328125,2.8035812377929688,0.3622894287109375,0.36353302001953125,29.248092651367188,2.7294692993164063,65.02719116210938,0.142486572265625,0,51591.55712890625,36755.47918701172,0,34088599552,2147483648,8135356416,0
200,1787753030356,3500,3500,3500,3500,3500,3500,3500,3500,3500,3500,3500,3500,3500,3500,3500,3500,3500,3500,3500,3500,3.0895309448242188,0.31710052490234375,5.1343536376953125,0.3120574951171875,2.8488388061523438,0.32143402099609375,0.332611083984375,0.2442779541015625,0.27220916748046875,2.787689208984375,0.31494903564453125,0.29914093017578125,26.169288635253906,0.28144073486328125,0.4151458740234375,0.41020965576171875,63.159080505371094,0.20752716064453125,9.161903381347656,0.2445831298828125,0,51601.399841308594,36763.485900878906,0,34088599552,2147483648,8135356416,0
200,1787753030556,3500,3500,3500,3500,3500,3500,3500,3500,3500,3500,3500,3500,3500,3500,3500,3500,3500,3500,3500,3500,0.5563201904296875,0.31874847412109375,0.35498809814453125,0.30556488037109375,0.36162567138671875,0.29119110107421875,0.33386993408203125,2.8166885375976563,2.80096435546875,0.278656005859375,2.8136444091796875,0.35314178466796875,2.8498382568359375,0.31600189208984375,0.4293670654296875,0.426727294921875,17.57691192626953,0.25244903564453125,85.95909118652344,0.1799163818359375,0,51608.22900390625,36768.11785888672,0,34088599552,2147483648,8135356416,0
200,1787753030756,3500,3500,3500,3500,3500,3500,3500,3500,3500,3500,3500,3500,3500,3500,3500,3500,3500,3500,3500,3500,0.4838409423828125,0.2431182861328125,0.3345947265625,0.2914581298828125,0.352569580078125,0.36550140380859375,0.2716827392578125,0.2750244140625,0.1898956298828125,0.17476654052734375,0.173065185546875,2.7209091186523438,0.2318878173828125,0.2398223876953125,1.7253570556640625,0.3208160400390625,39.19654083251953,0.11794281005859375,64.19744873046875,2.6228408813476563,0,51616.079162597656,36773.80126953125,0,34088599552,2147483648,8135557120,0
200,1787753030957,3500,3500,3500,3500,3500,3500,3500,3500,3500,3500,3500,3500,3500,3500,3500,3500,3500,3500,3500,3500,0.5140151977539063,2.8862380981445313,2.9541854858398438,0.43254852294921875,0.4522552490234375,3.0121994018554688,2.9532318115234375,0.38954925537109375,0.3121795654296875,0.3613128662109375,0.3097381591796875,0.23919677734375,0.33243560791015625,0.329742431640625,1.5312652587890625,2.9162673950195313,42.472373962402344,0.22982025146484375,61.51252746582031,0.219390869140625,0,51625.802795410156,36781.25079345703,0,34088599552,2147483648,8135897088,0
200,1787753031157,3500,3500,3500,3500,3500,3500,3500,3500,3500,3500,3500,3500,3500,3500,3500,3500,3500,3500,3500,3500,26.788681030273438,0.29132080078125,69.4029541015625,0.19007110595703125,0.38927459716796875,0.4647369384765625,4.412101745605469,0.45196533203125,0.3250885009765625,0.26214599609375,0.2779541015625,0.25540924072265625,27.284889221191406,2.8008880615234375,7.9232635498046875,0.35955047607421875,61.011756896972656,2.697845458984375,36.9578742980957,0.21935272216796875,0,51636.10461425781,36789.36065673828,0,34088599552,2147483648,8161816576,0
200,1787753031358,3500,3500,3500,3500,3500,3500,3500,3500,3500,3500,3500,3500,3500,3500,3500,3500,3500,3500,3500,3500,34.92017364501953,0.27368927001953125,80.54464721679688,2.74383544921875,2.9462966918945313,0.3948516845703125,1.54058837890625,0.4629364013671875,1.7080307006835938,2.987152099609375,0.49350738525390625,0.5201950073242188,39.56328201293945,0.28261566162109375,14.7838134765625,0.395843505859375,83.80723571777344,0.16739654541015625,80.26063537597656,0.23213958740234375,0,51652.226989746094,36803.290588378906,0,34088599552,2147483648,8178642944,0
200,1787753031558,3500,3500,3500,3500,3500,3500,3500,3500,3500,3500,3500,3500,3500,3500,3500,3500,3500,3500,3500,3500,26.05280303955078,0.2779083251953125,88.67386627197266,0.20076751708984375,0.41791534423828125,0.43738555908203125,0.7967300415039063,2.9068756103515625,2.9378814697265625,0.4481201171875,3.0518264770507813,0.43938446044921875,7.846260070800781,0.33393096923828125,0.570404052734375,0.39205169677734375,71.92228698730469,0.1983184814453125,76.54156494140625,0.24021148681640625,0,51664.62274169922,36813.48681640625,0,34088599552,2147483648,8189317120,0
200,1787753031758,3500,3500,3500,3500,3500,3500,3500,3500,3500,3500,3500,3500,3500,3500,3500,3500,3500,3500,3500,3500,5.6474609375,0.2693939208984375,34.59021759033203,0.22338104248046875,0.277435302734375,0.24261474609375,0.31555938720703125,0.3806610107421875,0.3842010498046875,0.31285858154296875,0.321502685546875,2.7769622802734375,3.355224609375,0.3701629638671875,0.32125091552734375,0.3107147216796875,9.272125244140625,0.20923614501953125,69.4627685546875,1.8044662475585938,0,51673.252685546875,36819.985107421875,0,34088599552,2147483648,8154161152,0
200,1787753031958,3500,3500,3500,3500,3500,3500,3500,3500,3500,3500,3500,3500,3500,3500,3500,3500,3500,3500,3500,3500,0.6581192016601563,2.8421707153320313,3.08966064453125,0.38835906982421875,0.31069183349609375,2.8554458618164063,3.4548110961914063,0.32940673828125,0.4107208251953125,0.34283447265625,0.35066986083984375,0.2926177978515625,0.44721221923828125,0.447509765625,2.8783111572265625,2.8493118286132813,18.780479431152344,0.27569580078125,84.3234634399414,1.0630035400390625,0,51682.77606201172,36827.36535644531,0,34088599552,2147483648,8154554368,0
199,1787753032159,3500,3500,3500,3500,3500,3500,3500,3500,3500,3500,3500,3500,3500,3500,3500,3500,3500,3500,3500,3500,8.635665893554688,0.2081756591796875,23.104331970214844,0.18651580810546875,0.2693634033203125,0.17548370361328125,3.0335617065429688,0.28528594970703125,0.26007843017578125,0.2540435791015625,0.30959320068359375,0.41819000244140625,21.42352294921875,2.7824630737304688,0.2385711669921875,0.240814208984375,24.116348266601563,2.7435379028320313,48.90707778930664,0.11579132080078125,0,51693.110290527344,36835.56768798828,0,34088599552,2147483648,8152829952,0
200,1787753032359,3500,3500,3500,3500,3500,3500,3500,3500,3500,3500,3500,3500,3500,3500,3500,3500,3500,3500,3500,3500,10.637321472167969,0.28540802001953125,31.829681396484375,2.7681732177734375,2.8119430541992188,0.19733428955078125,0.26482391357421875,0.35955047607421875,0.2982025146484375,2.8913726806640625,0.29085540771484375,0.3855743408203125,1.01300048828125,0.33061981201171875,0.2895050048828125,0.27936553955078125,11.988685607910156,0.3173828125,54.14934158325195,0.16870880126953125,0,51702.400329589844,36842.73156738281,0,34088599552,2147483648,8143695872,0
200,1787753032559,3500,3500,3500,3500,3500,3500,3500,3500,3500,3500,3500,3500,3500,3500,3500,3500,3500,3500,3500,3500,0.5685043334960938,0.3881378173828125,1.435791015625,0.413299560546875,0.3508453369140625,0.31894683837890625,0.3897857666015625,2.893402099609375,2.9239578247070313,0.48598480224609375,2.9317398071289063,0.4777984619140625,2.8841171264648438,0.34590911865234375,0.36407470703125,0.35199737548828125,3.6357879638671875,0.29364013671875,99.98272705078125,0.19834136962890625,0,51712.26837158203,36850.47473144531,0,34088599552,2147483648,8142274560,0
199,1787753032759,3500,3500,3500,3500,3500,3500,3500,3500,3500,3500,3500,3500,3500,3500,3500,3500,3500,3500,3500,3500,8.213676452636719,0.33596038818359375,55.65234375,0.2616119384765625,0.4922027587890625,0.46556854248046875,0.46807098388671875,0.4983978271484375,0.3083343505859375,0.23712921142578125,0.27620697021484375,2.7820281982421875,0.30328369140625,0.34325408935546875,0.31887054443359375,0.3125762939453125,7.207191467285156,0.24163055419921875,34.051605224609375,0.21085357666015625,0,51721.1435546875,36857.22821044922,0,34088599552,2147483648,8142315520,0
200,1787753032959,3500,3500,3500,3500,3500,3500,3500,3500,3500,3500,3500,3500,3500,3500,3500,3500,3500,3500,3500,3500,18.58104705810547,2.871978759765625,60.013553619384766,0.17447662353515625,0.28143310546875,2.7981109619140625,2.91546630859375,0.34101104736328125,0.19477081298828125,0.31562042236328125,0.29083251953125,0.23979949951171875,0.2935333251953125,0.30017852783203125,2.845794677734375,2.79486083984375,12.377616882324219,0.22745513916015625,16.700363159179688,2.708251953125,0,51730.16326904297,36864.11651611328,0,34088599552,2147483648,8142495744,0
199,1787753033160,3500,3500,3500,3500,3500,3500,3500,3500,3500,3500,3500,3500,3500,3500,3500,3500,3500,3500,3500,3500,9.232521057128906,0.3123779296875,67.02810668945313,0.15946197509765625,0.21933746337890625,0.2455596923828125,0.6310501098632813,0.28246307373046875,1.5170974731445313,0.28011322021484375,0.2891082763671875,0.2510986328125,0.48596954345703125,2.8266372680664063,0.39977264404296875,0.39153289794921875,16.586830139160156,2.7934799194335938,23.671302795410156,0.2169952392578125,0,51739.40789794922,36871.231506347656,0,34088599552,2147483648,8142458880,0
200,1787753033360,3500,3500,3500,3500,3500,3500,3500,3500,3500,3500,3500,3500,3500,3500,3500,3500,3500,3500,3500,3500,18.633338928222656,0.3099517822265625,46.073055267333984,2.7654876708984375,2.7701873779296875,0.3253936767578125,0.242462158203125,0.28784942626953125,0.25925445556640625,2.8356246948242188,0.26825714111328125,0.26480865478515625,0.3197479248046875,0.2870025634765625,0.40113067626953125,0.40523529052734375,4.0289306640625,0.27910614013671875,38.37248992919922,0.224761962890625,0,51748.43103027344,36878.12780761719,0,34088599552,2147483648,8142458880,0
200,1787753033560,3500,3500,3500,3500,3500,3500,3500,3500,3500,3500,3500,3500,3500,3500,3500,3500,3500,3500,3500,3500,10.951133728027344,0.2735748291015625,38.952239990234375,0.20244598388671875,0.27497100830078125,0.2485504150390625,0.35184478759765625,2.6880111694335938,2.3614959716796875,0.29584503173828125,2.7276229858398438,0.2115325927734375,10.403190612792969,0.23476409912109375,0.364227294921875,0.36577606201171875,25.524078369140625,0.20174407958984375,21.86125946044922,0.19464874267578125,0,51758.20831298828,36885.784729003906,0,34088599552,2147483648,8142249984,0
200,1787753033760,3500,3500,3500,3500,3500,3500,3500,3500,3500,3500,3500,3500,3500,3500,3500,3500,3500,3500,3500,3500,23.745742797851563,0.3112030029296875,30.841873168945313,0.38253021240234375,0.34243011474609375,0.29648590087890625,0.286163330078125,0.32098388671875,0.6506423950195313,0.3408355712890625,0.2751922607421875,2.8400344848632813,0.35559844970703125,0.33335113525390625,0.433807373046875,0.44478607177734375,25.68828582763672,0.24805450439453125,23.949005126953125,0.22745513916015625,0,51767.515625,36892.98077392578,0,34088599552,2147483648,8142381056,0
200,1787753033961,3500,3500,3500,3500,3500,3500,3500,3500,3500,3500,3500,3500,3500,3500,3500,3500,3500,3500,3500,3500,19.256980895996094,2.81329345703125,26.65093231201172,0.2206268310546875,0.18465423583984375,2.7113189697265625,2.73370361328125,0.18755340576171875,0.1324462890625,0.2403106689453125,0.29876708984375,0.26334381103515625,0.3357391357421875,0.23072052001953125,2.855560302734375,2.8336257934570313,48.9754524230957,0.1597747802734375,53.29011535644531,2.657562255859375,0,51778.038146972656,36901.34161376953,0,34088599552,2147483648,8164880384,0
200,1787753034161,3500,3500,3500,3500,3500,3500,3500,3500,3500,3500,3500,3500,3500,3500,3500,3500,3500,3500,3500,3500,0.6917495727539063,0.326507568359375,45.732513427734375,0.24384307861328125,0.2682037353515625,0.28961944580078125,0.70587158203125,0.28582000732421875,0.5532760620117188,0.28946685791015625,0.26869964599609375,0.3212127685546875,0.429931640625,0.41954803466796875,0.4188995361328125,0.4027252197265625,43.719120025634766,2.7109298706054688,21.863357543945313,0.237152099609375,0,51786.72082519531,36907.914489746094,0,34088599552,2147483648,8165126144,0
200,1787753034361,3500,3500,3500,3500,3500,3500,3500,3500,3500,3500,3500,3500,3500,3500,3500,3500,3500,3500,3500,3500,10.744224548339844,0.33331298828125,38.46421432495117,2.8592453002929688,2.8616409301757813,0.30417633056640625,0.305816650390625,0.3288726806640625,0.30307769775390625,2.857452392578125,0.34143829345703125,0.33031463623046875,0.467559814453125,2.9453506469726563,0.46227264404296875,0.4288482666015625,33.268409729003906,0.2626190185546875,24.526840209960938,0.33959197998046875,0,51796.02069091797,36915.0869140625,0,34088599552,2147483648,8165126144,0
200,1787753034562,3500,3500,3500,3500,3500,3500,3500,3500,3500,3500,3500,3500,3500,3500,3500,3500,3500,3500,3500,3500,8.235702514648438,0.25925445556640625,74.98646545410156,0.1671142578125,0.23844146728515625,0.28870391845703125,0.2573089599609375,2.863861083984375,0.19342041015625,0.2174224853515625,2.7396774291992188,0.26434326171875,2.9071426391601563,0.3598785400390625,0.37894439697265625,0.36327362060546875,18.734710693359375,0.2271575927734375,3.6157684326171875,0.21912384033203125,0,51804.60760498047,36921.55065917969,0,34088599552,2147483648,8165130240,0
200,1787753034762,3500,3500,3500,3500,3500,3500,3500,3500,3500,3500,3500,3500,3500,3500,3500,3500,3500,3500,3500,3500,6.8954315185546875,0.31280517578125,64.03124237060547,0.1651458740234375,0.4124603271484375,0.46036529541015625,0.37030029296875,0.352569580078125,2.8139419555664063,0.27039337158203125,0.2996673583984375,2.795654296875,0.40506744384765625,0.35655975341796875,0.39202880859375,0.38513946533203125,4.654998779296875,0.23847198486328125,33.066802978515625,0.1828765869140625,0,51814.179931640625,36929.00457763672,0,34088599552,2147483648,8165457920,0
200,1787753034962,3500,3500,3500,3500,3500,3500,3500,3500,3500,3500,3500,3500,3500,3500,3500,3500,3500,3500,3500,3500,15.853889465332031,2.7972259521484375,57.438995361328125,0.1822509765625,0.28549957275390625,2.768646240234375,2.8657073974609375,0.2434539794921875,0.21332550048828125,0.33023834228515625,0.1996612548828125,0.31292724609375,0.40430450439453125,0.39742279052734375,2.816925048828125,2.859619140625,6.929023742675781,0.25487518310546875,26.99420928955078,2.7672500610351563,0,51823.67022705078,36936.35461425781,0,34088599552,2147483648,8165457920,0
200,1787753035163,3500,3500,3500,3500,3500,3500,3500,3500,3500,3500,3500,3500,3500,3500,3500,3500,3500,3500,3500,3500,17.749961853027344,0.27532196044921875,62.555267333984375,0.22847747802734375,0.283966064453125,0.2792205810546875,0.3889923095703125,0.33325958251953125,0.3664703369140625,0.27967071533203125,0.2835693359375,0.25884246826171875,0.414459228515625,0.41106414794921875,0.3341522216796875,0.30718994140625,9.064262390136719,2.773681640625,25.586868286132813,0.23078155517578125,0,51832.05017089844,36942.62188720703,0,34088599552,2147483648,8165457920,0
200,1787753035363,3500,3500,3500,3500,3500,3500,3500,3500,3500,3500,3500,3500,3500,3500,3500,3500,3500,3500,3500,3500,15.900993347167969,0.2563934326171875,58.50340270996094,2.6874771118164063,2.863250732421875,0.2524566650390625,0.22983551025390625,0.29029083251953125,0.2264404296875,2.7980499267578125,0.2300872802734375,0.21965789794921875,0.6851730346679688,2.8232574462890625,0.2690277099609375,0.27870941162109375,40.58473205566406,0.198486328125,6.84918212890625,0.2265472412109375,0,51842.281311035156,36950.703369140625,0,34088599552,2147483648,8165457920,0
200,1787753035563,3500,3500,3500,3500,3500,3500,3500,3500,3500,3500,3500,3500,3500,3500,3500,3500,3500,3500,3500,3500,8.239677429199219,0.302978515625,62.115264892578125,0.19759368896484375,0.39434814453125,0.38721466064453125,0.34601593017578125,2.917724609375,0.27649688720703125,0.2598419189453125,2.7560882568359375,0.30252838134765625,2.9226608276367188,0.384918212890625,0.37200164794921875,0.3434295654296875,4.786415100097656,0.2689666748046875,30.93262481689453,0.19889068603515625,0,51851.312438964844,36958.07653808594,0,34088599552,2147483648,8165437440,0
200,1787753035764,3500,3500,3500,3500,3500,3500,3500,3500,3500,3500,3500,3500,3500,3500,3500,3500,3500,3500,3500,3500,8.277275085449219,0.3374786376953125,51.512657165527344,0.2577972412109375,0.3200531005859375,0.32000732421875,0.3407745361328125,0.31555938720703125,2.78009033203125,0.2877044677734375,0.3016815185546875,2.8268203735351563,0.356201171875,0.35225677490234375,0.4164581298828125,0.4156036376953125,27.755409240722656,0.20732879638671875,16.730979919433594,0.26059722900390625,0,51860.40576171875,36964.58703613281,0,34088599552,2147483648,8165568512,0
200,1787753035964,3500,3500,3500,3500,3500,3500,3500,3500,3500,3500,3500,3500,3500,3500,3500,3500,3500,3500,3500,3500,10.040863037109375,2.8165969848632813,49.45524597167969,0.262176513671875,0.2996826171875,2.74456787109375,2.8214874267578125,0.24874114990234375,0.2371978759765625,0.26871490478515625,0.3027801513671875,0.29319000244140625,0.28040313720703125,0.295440673828125,2.9126434326171875,2.9179840087890625,8.231109619140625,0.25458526611328125,40.05366516113281,2.7739410400390625,0,51869.728759765625,36971.784118652344,0,34088599552,2147483648,8165564416,0
200,1787753036164,3500,3500,3500,3500,3500,3500,3500,3500,3500,3500,3500,3500,3500,3500,3500,3500,3500,3500,3500,3500,21.3939208984375,0.24248504638671875,45.64664077758789,0.173492431640625,0.28649139404296875,0.2185516357421875,2.004608154296875,0.26111602783203125,0.26361083984375,0.2670135498046875,0.16025543212890625,0.2692108154296875,4.423149108886719,0.27989959716796875,0.297882080078125,0.31127166748046875,15.190116882324219,2.824371337890625,31.181320190429688,0.16400146484375,0,51879.02947998047,36978.945068359375,0,34088599552,2147483648,8165830656,0
200,1787753036365,3500,3500,3500,3500,3500,3500,3500,3500,3500,3500,3500,3500,3500,3500,3500,3500,3500,3500,3500,3500,3.1957550048828125,0.29372406005859375,38.59079360961914,2.7129974365234375,2.7261734008789063,0.24786376953125,0.2408294677734375,0.26013946533203125,0.227508544921875,2.77093505859375,0.27001953125,0.2926788330078125,0.27490997314453125,2.7778701782226563,0.24976348876953125,0.2913818359375,21.235458374023438,0.13828277587890625,47.378822326660156,0.15529632568359375,0,51888.447204589844,36986.428955078125,0,34088599552,2147483648,8165830656,0
200,1787753036565,3500,3500,3500,3500,3500,3500,3500,3500,3500,3500,3500,3500,3500,3500,3500,3500,3500,3500,3500,3500,0.6163787841796875,0.36287689208984375,45.9005126953125,0.241912841796875,0.3130340576171875,0.35903167724609375,0.2433624267578125,2.8137435913085938,0.5019073486328125,0.36617279052734375,0.42230224609375,0.5001144409179688,2.8425140380859375,0.31697845458984375,0.4107666015625,0.42110443115234375,25.516845703125,0.224090576171875,31.87238311767578,0.27468109130859375,0,51897.895568847656,36993.592224121094,0,34088599552,2147483648,8165830656,0
199,1787753036765,3500,3500,3500,3500,3500,3500,3500,3500,3500,3500,3500,3500,3500,3500,3500,3500,3500,3500,3500,3500,1.137176513671875,0.38701629638671875,38.62956237792969,0.27994537353515625,0.3422088623046875,0.30516815185546875,0.25586700439453125,0.3640899658203125,2.8694381713867188,0.35182952880859375,2.8492507934570313,2.8863372802734375,0.36049652099609375,0.35516357421875,0.36827850341796875,0.334625244140625,10.716133117675781,0.32555389404296875,54.91494369506836,0.22481536865234375,0,51905.38201904297,36998.917419433594,0,34088599552,2147483648,8165961728,0
200,1787753036965,3500,3500,3500,3500,3500,3500,3500,3500,3500,3500,3500,3500,3500,3500,3500,3500,3500,3500,3500,3500,4.7805023193359375,2.8002395629882813,49.610633850097656,0.18247222900390625,0.254913330078125,2.82293701171875,2.8799285888671875,0.2140655517578125,0.27530670166015625,0.22206878662109375,0.26100921630859375,0.228515625,0.30095672607421875,0.2567596435546875,2.761993408203125,2.8123397827148438,18.77410125732422,0.200469970703125,37.36932373046875,2.6846084594726563,0,51913.935546875,37005.358947753906,0,34088599552,2147483648,8165941248,0
200,1787753037166,3500,3500,3500,3500,3500,3500,3500,3500,3500,3500,3500,3500,3500,3500,3500,3500,3500,3500,3500,3500,8.568618774414063,0.321441650390625,59.9919548034668,0.2288818359375,0.32269287109375,0.2918548583984375,0.7268600463867188,0.321990966796875,0.307373046875,0.33760833740234375,0.20902252197265625,0.3159027099609375,8.088302612304688,0.283416748046875,0.32228851318359375,0.3447418212890625,5.0656890869140625,2.3956451416015625,30.94518280029297,0.2314300537109375,0,51924.00134277344,37013.27990722656,0,34088599552,2147483648,8165941248,0
200,1787753037366,3500,3500,3500,3500,3500,3500,3500,3500,3500,3500,3500,3500,3500,3500,3500,3500,3500,3500,3500,3500,8.999595642089844,0.3302764892578125,38.20484924316406,2.7470855712890625,2.88433837890625,0.26671600341796875,0.2951507568359375,0.2957000732421875,0.31645965576171875,2.8157882690429688,0.273101806640625,0.265472412109375,7.934028625488281,2.8258132934570313,0.33147430419921875,0.2953033447265625,13.470558166503906,0.6253814697265625,41.76789855957031,0.19452667236328125,0,51933.01965332031,37020.185119628906,0,34088599552,2147483648,8165937152,0
200,1787753037567,3500,3500,3500,3500,3500,3500,3500,3500,3500,3500,3500,3500,3500,3500,3500,3500,3500,3500,3500,3500,7.277534484863281,0.239410400390625,37.00212860107422,0.153076171875,0.1815032958984375,0.28534698486328125,0.14130401611328125,2.7181320190429688,0.21552276611328125,0.20355224609375,0.13591766357421875,0.2362213134765625,2.7840652465820313,0.22020721435546875,0.25118255615234375,0.213775634765625,15.119239807128906,0.19073486328125,51.49535369873047,0.12908172607421875,0,51942.87384033203,37027.87872314453,0,34088599552,2147483648,8154664960,0
200,1787753037767,3500,3500,3500,3500,3500,3500,3500,3500,3500,3500,3500,3500,3500,3500,3500,3500,3500,3500,3500,3500,8.534736633300781,0.41234588623046875,46.00438690185547,0.29660797119140625,0.42003631591796875,0.36379241943359375,0.3574981689453125,0.346160888671875,2.8625946044921875,0.2847747802734375,2.88067626953125,2.8456649780273438,0.363494873046875,0.38567352294921875,0.45245361328125,0.434722900390625,9.697601318359375,0.40795135498046875,41.68731689453125,0.25095367431640625,0,51951.26916503906,37034.17059326172,0,34088599552,2147483648,8154660864,0
199,1787753037967,3500,3500,3500,3500,3500,3500,3500,3500,3500,3500,3500,3500,3500,3500,3500,3500,3500,3500,3500,3500,8.543975830078125,2.8465957641601563,42.950279235839844,0.24581146240234375,0.25963592529296875,2.7631607055664063,0.31876373291015625,0.3095855712890625,0.31871795654296875,0.2537994384765625,0.34906005859375,0.24726104736328125,0.29216766357421875,0.29801177978515625,2.9049301147460938,2.9026336669921875,11.627349853515625,0.209381103515625,43.630279541015625,2.7081680297851563,0,51960.73614501953,37041.51287841797,0,34088599552,2147483648,8154660864,0
200,1787753038167,3500,3500,3500,3500,3500,3500,3500,3500,3500,3500,3500,3500,3500,3500,3500,3500,3500,3500,3500,3500,8.89141845703125,0.28736114501953125,64.84109497070313,0.17584991455078125,0.247772216796875,0.19989013671875,3.2605133056640625,0.22263336181640625,0.31520843505859375,0.27556610107421875,0.2645721435546875,0.24912261962890625,0.272064208984375,0.2785186767578125,0.34979248046875,0.34299468994140625,13.382568359375,0.242279052734375,23.648170471191406,0.20433807373046875,0,51970.16906738281,37048.82196044922,0,34088599552,2147483648,8154652672,0
199,1787753038367,3500,3500,3500,3500,3500,3500,3500,3500,3500,3500,3500,3500,3500,3500,3500,3500,3500,3500,3500,3500,7.105888366699219,0.30107879638671875,67.51671600341797,2.6935577392578125,2.8036956787109375,0.22027587890625,0.2575531005859375,0.2548065185546875,0.272796630859375,2.7783126831054688,0.2670440673828125,0.34140777587890625,0.725433349609375,2.7646713256835938,0.26090240478515625,0.28743743896484375,19.98987579345703,2.7437820434570313,30.5665283203125,0.15380859375,0,51981.2158203125,37057.730224609375,0,34088599552,2147483648,8154710016,0
199,1787753038568,3500,3500,3500,3500,3500,3500,3500,3500,3500,3500,3500,3500,3500,3500,3500,3500,3500,3500,3500,3500,8.446319580078125,0.42078399658203125,44.22344970703125,0.24468231201171875,0.3388519287109375,0.26042938232421875,0.3498992919921875,2.7904129028320313,0.394439697265625,0.4569244384765625,0.5049591064453125,0.5194015502929688,1.4303970336914063,0.3385009765625,0.29412078857421875,0.34690093994140625,3.7184066772460938,0.2980194091796875,47.766902923583984,0.2235870361328125,0,51989.23699951172,37063.62286376953,0,34088599552,2147483648,8154710016,0
200,1787753038768,3500,3500,3500,3500,3500,3500,3500,3500,3500,3500,3500,3500,3500,3500,3500,3500,3500,3500,3500,3500,8.337821960449219,0.311981201171875,39.4381217956543,0.2729339599609375,0.32422637939453125,0.24814605712890625,0.2812347412109375,0.343170166015625,2.8513412475585938,0.351318359375,2.896728515625,0.718780517578125,1.7066574096679688,0.3440704345703125,0.32677459716796875,0.34346771240234375,9.5684814453125,0.28183746337890625,47.93960189819336,0.2104034423828125,0,51998.587890625,37070.872985839844,0,34088599552,2147483648,8154832896,0
200,1787753038968,3500,3500,3500,3500,3500,3500,3500,3500,3500,3500,3500,3500,3500,3500,3500,3500,3500,3500,3500,3500,13.247207641601563,2.7993087768554688,45.72600173950195,0.20267486572265625,0.2504730224609375,2.7575531005859375,0.2621612548828125,0.27924346923828125,0.32859039306640625,0.45269775390625,0.33628082275390625,2.6021728515625,0.25951385498046875,0.30721282958984375,2.8109893798828125,2.8400115966796875,9.073921203613281,0.2587127685546875,38.262351989746094,2.6900787353515625,0,52008.564697265625,37078.70910644531,0,34088599552,2147483648,8154898432,0
200,1787753039168,3500,3500,3500,3500,3500,3500,3500,3500,3500,3500,3500,3500,3500,3500,3500,3500,3500,3500,3500,3500,17.02129364013672,0.2948455810546875,38.07106399536133,0.21733856201171875,0.30028533935546875,0.255889892578125,2.8557968139648438,0.31237030029296875,0.373199462890625,0.49759674072265625,0.375396728515625,0.5034408569335938,0.38813018798828125,0.37529754638671875,0.29329681396484375,0.34603118896484375,14.351974487304688,0.2635345458984375,45.527488708496094,0.17414093017578125,0,52018.84246826172,37086.87414550781,0,34088599552,2147483648,8155160576,0
200,1787753039368,3500,3500,3500,3500,3500,3500,3500,3500,3500,3500,3500,3500,3500,3500,3500,3500,3500,3500,3500,3500,3.6359024047851563,0.41449737548828125,62.5152702331543,2.6933822631835938,2.804107666015625,0.21146392822265625,0.32688140869140625,0.2610626220703125,0.3314208984375,2.9511566162109375,0.31729888916015625,0.43141937255859375,0.303375244140625,2.8152313232421875,0.26226043701171875,0.32453155517578125,18.355308532714844,2.7496185302734375,28.818527221679688,0.17858123779296875,0,52028.588439941406,37094.500061035156,0,34088599552,2147483648,8155160576,0
199,1787753039569,3500,3500,3500,3500,3500,3500,3500,3500,3500,3500,3500,3500,3500,3500,3500,3500,3500,3500,3500,3500,0.6101837158203125,0.367034912109375,54.06208038330078,0.24384307861328125,0.288299560546875,0.2764739990234375,0.300628662109375,2.8383026123046875,0.31114959716796875,0.30756378173828125,0.28340911865234375,0.2921905517578125,0.32916259765625,0.32437896728515625,0.3415374755859375,0.32512664794921875,10.753646850585938,0.25267791748046875,39.529537200927734,0.21435546875,0,52038.15948486328,37101.943359375,0,34088599552,2147483648,8155160576,0
200,1787753039769,3500,3500,3500,3500,3500,3500,3500,3500,3500,3500,3500,3500,3500,3500,3500,3500,3500,3500,3500,3500,7.798439025878906,0.3598175048828125,56.581268310546875,0.1659393310546875,0.29314422607421875,0.2200164794921875,0.3141326904296875,0.21062469482421875,2.7529754638671875,0.267852783203125,2.7408294677734375,0.26020050048828125,2.7895050048828125,0.283843994140625,0.25655364990234375,0.270599365234375,10.055397033691406,0.21886444091796875,42.653018951416016,0.14879608154296875,0,52047.160583496094,37108.807373046875,0,34088599552,2147483648,8155348992,0
199,1787753039969,3500,3500,3500,3500,3500,3500,3500,3500,3500,3500,3500,3500,3500,3500,3500,3500,3500,3500,3500,3500,0.6255569458007813,2.8227310180664063,32.27568817138672,0.25794219970703125,0.47060394287109375,2.9339981079101563,0.4316558837890625,0.381683349609375,0.2403411865234375,0.30826568603515625,0.26352691650390625,2.8154983520507813,0.2973480224609375,0.2973480224609375,2.8084640502929688,2.798187255859375,24.64727020263672,0.20532989501953125,46.849456787109375,2.760986328125,0,52055.240234375,37114.765197753906,0,34088599552,2147483648,8155348992,0
200,1787753040170,3500,3500,3500,3500,3500,3500,3500,3500,3500,3500,3500,3500,3500,3500,3500,3500,3500,3500,3500,3500,1.1744613647460938,0.3979644775390625,59.82784652709961,0.21363067626953125,0.25116729736328125,0.30049896240234375,4.792716979980469,5.698265075683594,1.5277481079101563,0.370330810546875,0.820526123046875,0.30120086669921875,0.42510986328125,0.30594635009765625,0.3219451904296875,0.289703369140625,10.142242431640625,0.28890228271484375,40.61925506591797,0.2011871337890625,0,52063.98583984375,37121.370849609375,0,34088599552,2147483648,8157052928,0
199,1787753040370,3500,3500,3500,3500,3500,3500,3500,3500,3500,3500,3500,3500,3500,3500,3500,3500,3500,3500,3500,3500,15.433616638183594,0.27600860595703125,61.24287033081055,2.7294464111328125,2.8553085327148438,0.2743072509765625,0.8073883056640625,0.30098724365234375,0.26666259765625,2.79644775390625,0.297393798828125,0.26641082763671875,0.26111602783203125,2.8208770751953125,0.31133270263671875,0.267913818359375,16.314353942871094,2.7872543334960938,19.423728942871094,0.19046783447265625,0,52072.845153808594,37128.11688232422,0,34088599552,2147483648,8157323264,0
200,1787753040570,3500,3500,3500,3500,3500,3500,3500,3500,3500,3500,3500,3500,3500,3500,3500,3500,3500,3500,3500,3500,8.730903625488281,0.350372314453125,16.587020874023438,0.22875213623046875,0.35052490234375,0.364166259765625,0.5007781982421875,3.014251708984375,0.221710205078125,0.30999755859375,0.30560302734375,0.2863616943359375,0.29460906982421875,0.29621124267578125,0.32643890380859375,0.2921142578125,25.21643829345703,0.2128143310546875,59.70896911621094,0.2031707763671875,0,52081.8642578125,37135.00018310547,0,34088599552,2147483648,8158175232,0
200,1787753040770,3500,3500,3500,3500,3500,3500,3500,3500,3500,3500,3500,3500,3500,3500,3500,3500,3500,3500,3500,3500,8.184425354003906,0.3585968017578125,77.21995544433594,0.19211578369140625,0.42083740234375,0.4944000244140625,0.508514404296875,0.5300140380859375,2.7664108276367188,0.30687713623046875,2.8537368774414063,0.27066802978515625,2.817779541015625,0.318145751953125,0.3404388427734375,0.293609619140625,10.513290405273438,0.26842498779296875,9.387832641601563,0.23485565185546875,0,52091.395080566406,37142.39776611328,0,34088599552,2147483648,8158306304,0
200,1787753040971,3500,3500,3500,3500,3500,3500,3500,3500,3500,3500,3500,3500,3500,3500,3500,3500,3500,3500,3500,3500,7.50982666015625,2.890869140625,41.82362747192383,0.3128662109375,0.4915618896484375,3.0599365234375,0.507293701171875,0.515380859375,0.36344146728515625,0.41422271728515625,0.37812042236328125,2.938751220703125,0.36379241943359375,0.3444671630859375,2.8988571166992188,2.8951644897460938,17.65947723388672,0.30971527099609375,37.17695617675781,2.7903060913085938,0,52099.53076171875,37148.4208984375,0,34088599552,2147483648,8158289920,0
200,1787753041171,3500,3500,3500,3500,3500,3500,3500,3500,3500,3500,3500,3500,3500,3500,3500,3500,3500,3500,3500,3500,14.453125,0.33441162109375,24.605010986328125,0.255828857421875,0.46590423583984375,0.465850830078125,3.4677886962890625,0.36363983154296875,0.49033355712890625,0.5067672729492188,0.5032730102539063,0.452911376953125,8.260200500488281,0.27666473388671875,0.2877044677734375,0.30109405517578125,12.755020141601563,0.24584197998046875,51.6930046081543,0.2069244384765625,0,52110.39221191406,37157.16833496094,0,34088599552,2147483648,8158273536,0
200,1787753041371,3500,3500,3500,3500,3500,3500,3500,3500,3500,3500,3500,3500,3500,3500,3500,3500,3500,3500,3500,3500,11.710334777832031,0.3184356689453125,21.337257385253906,2.7899246215820313,2.9604339599609375,0.40766143798828125,0.3627471923828125,0.35260772705078125,0.35645294189453125,2.9764175415039063,0.41460418701171875,0.37743377685546875,3.1924362182617188,2.771087646484375,2.2161483764648438,0.26422882080078125,30.23004150390625,2.774688720703125,65.04060363769531,0.14463043212890625,0,52120.17938232422,37164.79772949219,0,34088599552,2147483648,8158617600,0
200,1787753041571,3500,3500,3500,3500,3500,3500,3500,3500,3500,3500,3500,3500,3500,3500,3500,3500,3500,3500,3500,3500,12.693824768066406,0.346588134765625,62.757896423339844,0.2078399658203125,0.3065185546875,0.22113037109375,0.39300537109375,2.8018722534179688,0.31975555419921875,0.31700897216796875,0.34119415283203125,0.273040771484375,0.34963226318359375,0.297576904296875,0.303619384765625,0.3334503173828125,18.340789794921875,0.23412322998046875,11.344291687011719,0.23357391357421875,0,52129.734924316406,37172.243225097656,0,34088599552,2147483648,8158613504,0
200,1787753041771,3500,3500,3500,3500,3500,3500,3500,3500,3500,3500,3500,3500,3500,3500,3500,3500,3500,3500,3500,3500,14.293304443359375,0.326507568359375,54.25349807739258,0.222320556640625,0.2959747314453125,0.23860931396484375,0.35878753662109375,0.22241973876953125,2.8564529418945313,0.24505615234375,2.7759475708007813,0.322357177734375,2.841064453125,0.29956817626953125,0.30426788330078125,0.32625579833984375,15.688522338867188,0.2481536865234375,21.08916473388672,0.247100830078125,0,52137.935485839844,37178.317321777344,0,34088599552,2147483648,8158740480,0
200,1787753041971,3500,3500,3500,3500,3500,3500,3500,3500,3500,3500,3500,3500,3500,3500,3500,3500,3500,3500,3500,3500,2.6623001098632813,2.81585693359375,83.63186645507813,0.12772369384765625,0.2902679443359375,2.7739944458007813,0.23032379150390625,0.23561859130859375,0.22792816162109375,0.23726654052734375,0.31194305419921875,2.7850799560546875,1.6348037719726563,0.2634429931640625,2.797271728515625,2.7635574340820313,20.063629150390625,0.225830078125,6.287513732910156,2.7182998657226563,0,52148.693298339844,37186.948791503906,0,34088599552,2147483648,8159084544,0
199,1787753042172,3500,3500,3500,3500,3500,3500,3500,3500,3500,3500,3500,3500,3500,3500,3500,3500,3500,3500,3500,3500,26.612747192382813,0.255706787109375,57.648033142089844,0.17655181884765625,0.2582550048828125,0.259002685546875,2.94842529296875,0.302825927734375,0.3176727294921875,0.35434722900390625,0.32391357421875,0.43010711669921875,0.32376861572265625,0.28653717041015625,0.2747955322265625,0.26689910888671875,20.905738830566406,0.245361328125,5.765777587890625,0.313873291015625,0,52157.43341064453,37193.55114746094,0,34088599552,2147483648,8159281152,0
200,1787753042372,3500,3500,3500,3500,3500,3500,3500,3500,3500,3500,3500,3500,3500,3500,3500,3500,3500,3500,3500,3500,17.031875610351563,0.3172760009765625,73.11632537841797,2.7583847045898438,2.8951797485351563,0.3103790283203125,0.490814208984375,0.32177734375,0.4171905517578125,2.0953445434570313,0.40129852294921875,0.49066162109375,0.385498046875,2.8215103149414063,0.32482147216796875,0.31102752685546875,8.870323181152344,2.842803955078125,15.179641723632813,0.271148681640625,0,52165.52453613281,37199.5263671875,0,34088599552,2147483648,8159277056,0
199,1787753042572,3500,3500,3500,3500,3500,3500,3500,3500,3500,3500,3500,3500,3500,3500,3500,3500,3500,3500,3500,3500,13.733627319335938,0.271881103515625,38.88481521606445,0.2681884765625,0.43201446533203125,0.36450958251953125,0.505767822265625,2.8614883422851563,0.43891143798828125,1.2750778198242188,0.4493408203125,0.4810028076171875,0.395416259765625,0.40020751953125,0.28082275390625,0.3139801025390625,3.4101028442382813,0.23567962646484375,48.468589782714844,0.170318603515625,0,52175.54620361328,37207.438720703125,0,34088599552,2147483648,8159277056,0
199,1787753042772,3500,3500,3500,3500,3500,3500,3500,3500,3500,3500,3500,3500,3500,3500,3500,3500,3500,3500,3500,3500,0.5367660522460938,0.29990386962890625,27.143661499023438,0.20806884765625,0.34899139404296875,0.443328857421875,0.3141021728515625,0.29195404052734375,2.7905120849609375,0.2491607666015625,2.8232040405273438,0.35259246826171875,2.7810592651367188,0.27945709228515625,0.26586151123046875,0.2589111328125,41.434654235839844,0.1657257080078125,39.409523010253906,0.13372802734375,0,52185.240783691406,37215.008544921875,0,34088599552,2147483648,8159879168,0
200,1787753042972,3500,3500,3500,3500,3500,3500,3500,3500,3500,3500,3500,3500,3500,3500,3500,3500,3500,3500,3500,3500,8.599357604980469,2.86090087890625,34.86628723144531,0.24532318115234375,0.3407440185546875,2.9421310424804688,0.35614013671875,0.34214019775390625,0.3619842529296875,0.270263671875,0.29895782470703125,2.8480072021484375,0.30035400390625,0.3492889404296875,2.8427581787109375,2.8376617431640625,26.178054809570313,0.25621795654296875,34.260826110839844,2.7659835815429688,0,52194.24475097656,37221.8955078125,0,34088599552,2147483648,8159879168,0
200,1787753043172,3500,3500,3500,3500,3500,3500,3500,3500,3500,3500,3500,3500,3500,3500,3500,3500,3500,3500,3500,3500,10.121353149414063,0.27918243408203125,45.58296585083008,0.1770477294921875,0.23104095458984375,0.25666046142578125,2.8149032592773438,0.21500396728515625,0.7419586181640625,0.32073211669921875,0.22504425048828125,0.24477386474609375,0.2833251953125,0.2913665771484375,0.248565673828125,0.28902435302734375,13.679161071777344,0.19503021240234375,42.238067626953125,0.14493560791015625,0,52201.007873535156,37226.53845214844,0,34088599552,2147483648,8160206848,0
199,1787753043373,3500,3500,3500,3500,3500,3500,3500,3500,3500,3500,3500,3500,3500,3500,3500,3500,3500,3500,3500,3500,21.17023468017578,0.30682373046875,28.140518188476563,2.796875,2.8151321411132813,0.25893402099609375,0.32398223876953125,0.24073028564453125,0.27539825439453125,0.32867431640625,0.2831268310546875,0.2782440185546875,0.31301116943359375,2.8141326904296875,0.30837249755859375,0.3101654052734375,35.95295715332031,2.7092819213867188,28.246917724609375,0.2184295654296875,0,52209.19091796875,37232.592041015625,0,34088599552,2147483648,8160260096,0
200,1787753043573,3500,3500,3500,3500,3500,3500,3500,3500,3500,3500,3500,3500,3500,3500,3500,3500,3500,3500,3500,3500,14.520820617675781,0.2916259765625,39.0379753112793,0.21959686279296875,0.2528839111328125,0.295623779296875,0.28658294677734375,2.0754852294921875,0.20349884033203125,2.8009109497070313,0.34686279296875,0.21524810791015625,8.3240966796875,0.24463653564453125,0.28192901611328125,0.266632080078125,5.3894195556640625,0.1907501220703125,41.63318634033203,0.152313232421875,0,52217.54772949219,37238.813720703125,0,34088599552,2147483648,8161759232,0
200,1787753043773,3500,3500,3500,3500,3500,3500,3500,3500,3500,3500,3500,3500,3500,3500,3500,3500,3500,3500,3500,3500,8.379379272460938,0.3677978515625,30.540855407714844,0.25222015380859375,0.28487396240234375,0.3278045654296875,0.293853759765625,0.8819732666015625,2.8409194946289063,0.2744903564453125,2.7989883422851563,0.2078857421875,10.718307495117188,0.27997589111328125,0.306640625,0.29430389404296875,18.328048706054688,0.28087615966796875,40.346588134765625,0.22211456298828125,0,52227.194763183594,37246.34240722656,0,34088599552,2147483648,8161738752,0
200,1787753043973,3500,3500,3500,3500,3500,3500,3500,3500,3500,3500,3500,3500,3500,3500,3500,3500,3500,3500,3500,3500,16.24304962158203,0.30768585205078125,53.66674041748047,0.23688507080078125,0.29949951171875,2.7950057983398438,0.33530426025390625,0.3548736572265625,0.36865997314453125,0.3511810302734375,0.3106842041015625,2.8047409057617188,0.29979705810546875,0.34543609619140625,2.8430404663085938,2.8338088989257813,18.09032440185547,0.2857208251953125,15.854667663574219,2.8110885620117188,0,52235.995178222656,37253.131591796875,0,34088599552,2147483648,8161738752,0
200,1787753044174,3500,3500,3500,3500,3500,3500,3500,3500,3500,3500,3500,3500,3500,3500,3500,3500,3500,3500,3500,3500,2.51953125,2.7475814819335938,75.77108764648438,0.13713836669921875,0.1774749755859375,0.2081298828125,2.796905517578125,0.19200897216796875,0.27797698974609375,0.2534637451171875,0.2171173095703125,0.2061309814453125,0.249969482421875,0.24642181396484375,0.23334503173828125,0.283966064453125,5.149497985839844,0.2613525390625,26.6270751953125,0.1390380859375,0,52244.72497558594,37259.67071533203,0,34088599552,2147483648,8164007936,0
199,1787753044374,3500,3500,3500,3500,3500,3500,3500,3500,3500,3500,3500,3500,3500,3500,3500,3500,3500,3500,3500,3500,11.693161010742188,0.32708740234375,45.287933349609375,2.741302490234375,2.8125381469726563,0.29266357421875,0.8221893310546875,0.3030548095703125,0.47661590576171875,0.4628753662109375,0.35561370849609375,0.3768463134765625,0.31414794921875,2.796905517578125,0.2869720458984375,0.3362274169921875,8.112983703613281,2.7752227783203125,51.30005645751953,0.18415069580078125,0,52254.449157714844,37267.68408203125,0,34088599552,2147483648,8165978112,0
200,1787753044574,3500,3500,3500,3500,3500,3500,3500,3500,3500,3500,3500,3500,3500,3500,3500,3500,3500,3500,3500,3500,0.5653533935546875,0.31166839599609375,39.065895080566406,0.2294921875,0.2523345947265625,0.25768280029296875,0.31291961669921875,0.3245697021484375,0.436187744140625,3.0089874267578125,0.368804931640625,0.39264678955078125,0.32471466064453125,0.30731964111328125,0.30387115478515625,0.31377410888671875,17.86407470703125,0.25713348388671875,46.50286102294922,0.1873016357421875,0,52263.310119628906,37274.438232421875,0,34088599552,2147483648,8165933056,0
199,1787753044774,3500,3500,3500,3500,3500,3500,3500,3500,3500,3500,3500,3500,3500,3500,3500,3500,3500,3500,3500,3500,8.0966796875,0.30645751953125,33.190574645996094,0.2441253662109375,0.29302215576171875,0.28878021240234375,0.18679046630859375,2.8261871337890625,2.9141845703125,0.47901153564453125,2.8822250366210938,0.397857666015625,2.8829193115234375,0.3551025390625,0.3026580810546875,0.2960662841796875,18.732620239257813,0.2296905517578125,44.904605865478516,0.17035675048828125,0,52273.01184082031,37282.027404785156,0,34088599552,2147483648,8165888000,0
200,1787753044974,3500,3500,3500,3500,3500,3500,3500,3500,3500,3500,3500,3500,3500,3500,3500,3500,3500,3500,3500,3500,12.464866638183594,0.2806396484375,82.99481201171875,0.13300323486328125,0.279296875,2.8349227905273438,0.2928924560546875,0.21161651611328125,0.3549652099609375,0.43793487548828125,0.31368255615234375,2.8402175903320313,0.3014373779296875,0.27050018310546875,2.7741928100585938,0.9473876953125,9.008674621582031,0.232208251953125,14.392181396484375,2.7493057250976563,0,52282.848083496094,37289.60119628906,0,34088599552,2147483648,8170602496,0
200,1787753045174,3500,3500,3500,3500,3500,3500,3500,3500,3500,3500,3500,3500,3500,3500,3500,3500,3500,3500,3500,3500,9.603507995605469,2.8291091918945313,70.79633331298828,0.21389007568359375,0.2906494140625,0.319488525390625,2.8255157470703125,0.30272674560546875,0.40911865234375,0.49835205078125,0.38201904296875,0.39874267578125,0.31345367431640625,0.32398223876953125,0.3417510986328125,2.099853515625,18.101364135742188,0.29024505615234375,10.291893005371094,0.245086669921875,0,52294.66387939453,37298.939025878906,0,34088599552,2147483648,8171413504,0
200,1787753045375,3500,3500,3500,3500,3500,3500,3500,3500,3500,3500,3500,3500,3500,3500,3500,3500,3500,3500,3500,3500,11.309829711914063,0.2882537841796875,40.85354232788086,2.7566680908203125,2.7820892333984375,0.30438995361328125,0.855133056640625,0.2970428466796875,0.43048858642578125,0.5030517578125,0.37630462646484375,0.42754364013671875,0.2984466552734375,2.8411636352539063,0.31008148193359375,0.316619873046875,7.0081024169921875,2.7791366577148438,54.60566329956055,0.196868896484375,0,52304.028564453125,37306.19140625,0,34088599552,2147483648,8172130304,0
200,1787753045575,3500,3500,3500,3500,3500,3500,3500,3500,3500,3500,3500,3500,3500,3500,3500,3500,3500,3500,3500,3500,8.373878479003906,0.30875396728515625,56.62934494018555,0.2361907958984375,0.447601318359375,0.31844329833984375,0.43491363525390625,0.30800628662109375,0.45074462890625,3.0511016845703125,0.3951568603515625,0.49689483642578125,0.32923126220703125,0.29427337646484375,0.31055450439453125,0.32997894287109375,18.218162536621094,0.26220703125,21.388282775878906,0.21840667724609375,0,52313.492919921875,37313.549377441406,0,34088599552,2147483648,8172068864,0
200,1787753045775,3500,3500,3500,3500,3500,3500,3500,3500,3500,3500,3500,3500,3500,3500,3500,3500,3500,3500,3500,3500,15.687286376953125,0.24927520751953125,30.35607147216797,0.187591552734375,0.3942413330078125,0.34519195556640625,0.429473876953125,2.8902587890625,2.8620681762695313,0.34009552001953125,2.7980880737304688,0.3984832763671875,10.708724975585938,0.25286865234375,0.28321075439453125,0.255462646484375,5.928886413574219,0.25705718994140625,48.47020721435547,0.2117919921875,0,52322.51104736328,37320.42687988281,0,34088599552,2147483648,8174886912,0
200,1787753045976,3500,3500,3500,3500,3500,3500,3500,3500,3500,3500,3500,3500,3500,3500,3500,3500,3500,3500,3500,3500,0.592559814453125,0.3185272216796875,76.89359283447266,0.2043304443359375,0.4900970458984375,2.9173507690429688,0.49828338623046875,0.3636627197265625,0.35577392578125,0.21561431884765625,0.30414581298828125,2.8142852783203125,0.3119354248046875,0.3143768310546875,2.9597930908203125,0.41564178466796875,10.496917724609375,0.30384063720703125,16.48291015625,2.7706985473632813,0,52331.853088378906,37327.64715576172,0,34088599552,2147483648,8174886912,0
200,1787753046176,3500,3500,3500,3500,3500,3500,3500,3500,3500,3500,3500,3500,3500,3500,3500,3500,3500,3500,3500,3500,10.278129577636719,2.7560653686523438,27.53662872314453,0.21225738525390625,0.337188720703125,0.32769775390625,2.9732131958007813,0.3797760009765625,0.2145538330078125,0.28460693359375,0.27811431884765625,0.24041748046875,0.26747894287109375,0.25919342041015625,0.351165771484375,2.8796920776367188,28.62468719482422,0.18674468994140625,42.83401870727539,0.14365386962890625,0,52341.818115234375,37335.49157714844,0,34088599552,2147483648,8175357952,0
200,1787753046376,3500,3500,3500,3500,3500,3500,3500,3500,3500,3500,3500,3500,3500,3500,3500,3500,3500,3500,3500,3500,10.956718444824219,0.2407684326171875,69.59788513183594,2.6762771606445313,2.8768386840820313,0.31740570068359375,0.8173599243164063,0.30428314208984375,0.2666168212890625,0.18175506591796875,0.2462615966796875,0.27983856201171875,0.26047515869140625,2.774810791015625,0.35761260986328125,0.36554718017578125,17.707008361816406,2.7329559326171875,15.883407592773438,0.2037506103515625,0,52350.43298339844,37341.97088623047,0,34088599552,2147483648,8176357376,0
200,1787753046577,3500,3500,3500,3500,3500,3500,3500,3500,3500,3500,3500,3500,3500,3500,3500,3500,3500,3500,3500,3500,8.854476928710938,0.33917999267578125,70.69178771972656,0.2383575439453125,0.30117034912109375,0.34142303466796875,0.297027587890625,0.31523895263671875,0.2716827392578125,2.83258056640625,0.3574371337890625,0.34302520751953125,0.3357391357421875,0.3290557861328125,0.4219970703125,0.42932891845703125,4.219337463378906,0.2838592529296875,23.564178466796875,0.2403564453125,0,52359.01971435547,37348.43048095703,0,34088599552,2147483648,8176697344,0
200,1787753046777,3500,3500,3500,3500,3500,3500,3500,3500,3500,3500,3500,3500,3500,3500,3500,3500,3500,3500,3500,3500,13.855613708496094,0.31763458251953125,17.48163604736328,0.3250274658203125,0.25603485107421875,0.25738525390625,0.33606719970703125,2.8789443969726563,2.8582611083984375,0.34860992431640625,2.9088211059570313,0.36135101318359375,2.837127685546875,0.33312225341796875,0.3421630859375,0.31438446044921875,20.221946716308594,0.291107177734375,53.22949981689453,0.20992279052734375,0,52367.967041015625,37355.26721191406,0,34088599552,2147483648,8176689152,0
200,1787753046977,3500,3500,3500,3500,3500,3500,3500,3500,3500,3500,3500,3500,3500,3500,3500,3500,3500,3500,3500,3500,9.087188720703125,0.270416259765625,83.88099670410156,0.14992523193359375,0.22183990478515625,2.8513259887695313,0.24932098388671875,0.24703216552734375,0.35350799560546875,0.40044403076171875,0.3583984375,3.0017013549804688,0.282440185546875,0.29590606689453125,2.80853271484375,0.276153564453125,10.198196411132813,0.22069549560546875,0.9653701782226563,2.7337722778320313,0,52376.87060546875,37362.043884277344,0,34088599552,2147483648,8176689152,0
200,1787753047178,3500,3500,3500,3500,3500,3500,3500,3500,3500,3500,3500,3500,3500,3500,3500,3500,3500,3500,3500,3500,25.83026885986328,2.7587127685546875,16.917007446289063,0.2144012451171875,0.26256561279296875,0.25872039794921875,4.2780609130859375,0.20836639404296875,0.32021331787109375,0.33054351806640625,0.29730224609375,0.43494415283203125,0.3074798583984375,0.3439178466796875,0.2348175048828125,2.7803268432617188,33.82921600341797,0.1415863037109375,37.4983024597168,0.15930938720703125,0,52386.29650878906,37369.34338378906,0,34088599552,2147483648,8177717248,0
200,1787753047378,3500,3500,3500,3500,3500,3500,3500,3500,3500,3500,3500,3500,3500,3500,3500,3500,3500,3500,3500,3500,3.7271957397460938,0.3843994140625,81.66850280761719,2.7285537719726563,0.33048248291015625,0.287109375,0.415679931640625,0.2339935302734375,0.428070068359375,0.39543914794921875,0.37975311279296875,0.5428466796875,0.41487884521484375,2.9033432006835938,0.33193206787109375,0.31444549560546875,23.905029296875,2.79376220703125,5.4414215087890625,0.28371429443359375,0,52397.443908691406,37378.361572265625,0,34088599552,2147483648,8177967104,0
200,1787753047578,3500,3500,3500,3500,3500,3500,3500,3500,3500,3500,3500,3500,3500,3500,3500,3500,3500,3500,3500,3500,24.11022186279297,0.24832916259765625,37.78937911987305,0.23674774169921875,2.7558746337890625,0.23694610595703125,0.32379913330078125,0.26300048828125,0.368621826171875,2.975555419921875,0.3458099365234375,0.47559356689453125,8.187667846679688,0.36133575439453125,0.28192138671875,0.32709503173828125,26.216346740722656,0.2719879150390625,9.259254455566406,0.27812957763671875,0,52406.32257080078,37385.11602783203,0,34088599552,2147483648,8177967104,0
200,1787753047778,3500,3500,3500,3500,3500,3500,3500,3500,3500,3500,3500,3500,3500,3500,3500,3500,3500,3500,3500,3500,23.096420288085938,0.30462646484375,47.3203239440918,0.2443389892578125,0.235748291015625,0.2644195556640625,0.32195281982421875,2.8611297607421875,2.9105758666992188,0.47583770751953125,2.8932952880859375,0.5096511840820313,2.8960952758789063,0.3271026611328125,0.31591033935546875,0.3401336669921875,12.25579833984375,0.24459075927734375,22.81542205810547,0.24753570556640625,0,52415.31671142578,37391.99645996094,0,34088599552,2147483648,8177938432,0
200,1787753047979,3500,3500,3500,3500,3500,3500,3500,3500,3500,3500,3500,3500,3500,3500,3500,3500,3500,3500,3500,3500,12.04241943359375,0.2566070556640625,23.69678497314453,0.23525238037109375,0.17012786865234375,0.88446044921875,0.25865936279296875,0.20037078857421875,0.28570556640625,0.3690948486328125,0.298583984375,2.9405364990234375,0.24737548828125,0.25037384033203125,2.8337936401367188,0.325927734375,53.17853546142578,0.1477203369140625,30.13115692138672,2.7072372436523438,0,52423.2666015625,37397.79992675781,0,34088599552,2147483648,8178290688,0
200,1787753048179,3500,3500,3500,3500,3500,3500,3500,3500,3500,3500,3500,3500,3500,3500,3500,3500,3500,3500,3500,3500,12.351234436035156,2.8524551391601563,35.160247802734375,0.250701904296875,0.3120880126953125,2.1836700439453125,2.8879241943359375,0.24900054931640625,0.4021453857421875,0.460540771484375,0.44255828857421875,0.5281219482421875,0.32987213134765625,0.30794525146484375,0.33826446533203125,2.83172607421875,27.816665649414063,0.23621368408203125,33.417633056640625,0.1992034912109375,0,52432.57635498047,37404.99835205078,0,34088599552,2147483648,8178421760,0
200,1787753048379,3500,3500,3500,3500,3500,3500,3500,3500,3500,3500,3500,3500,3500,3500,3500,3500,3500,3500,3500,3500,13.085357666015625,0.30516815185546875,67.85858154296875,2.7313995361328125,0.35482025146484375,0.40680694580078125,1.2588882446289063,0.42394256591796875,0.710784912109375,0.3413848876953125,0.32654571533203125,0.41355133056640625,0.29198455810546875,2.80181884765625,0.303924560546875,0.2955322265625,9.469764709472656,2.8351898193359375,20.25646209716797,0.1910400390625,0,52441.47589111328,37411.765075683594,0,34088599552,2147483648,8178683904,0
200,1787753048580,3500,3500,3500,3500,3500,3500,3500,3500,3500,3500,3500,3500,3500,3500,3500,3500,3500,3500,3500,3500,3.1324310302734375,0.314422607421875,57.22715377807617,0.2069854736328125,2.9614181518554688,0.46392822265625,0.3883819580078125,0.375457763671875,0.25933837890625,2.8405609130859375,0.32939910888671875,0.23583221435546875,0.2785491943359375,0.32944488525390625,0.31876373291015625,0.27794647216796875,24.78350830078125,0.2237091064453125,21.9033203125,0.205291748046875,0,52451.991149902344,37420.15673828125,0,34088599552,2147483648,8178667520,0
200,1787753048780,3500,3500,3500,3500,3500,3500,3500,3500,3500,3500,3500,3500,3500,3500,3500,3500,3500,3500,3500,3500,17.294578552246094,0.33173370361328125,37.99287414550781,0.25809478759765625,0.34111785888671875,0.329742431640625,0.31646728515625,2.8133392333984375,2.8079452514648438,0.30474090576171875,2.7951736450195313,0.24642181396484375,2.9925003051757813,0.27685546875,0.36077117919921875,0.3318328857421875,25.838272094726563,0.25769805908203125,28.72669219970703,0.210693359375,0,52462.018493652344,37428.04559326172,0,34088599552,2147483648,8178806784,0
200,1787753048980,3500,3500,3500,3500,3500,3500,3500,3500,3500,3500,3500,3500,3500,3500,3500,3500,3500,3500,3500,3500,1.9395523071289063,0.34694671630859375,29.937103271484375,0.2645263671875,0.2417144775390625,0.26917266845703125,0.31993865966796875,0.22199249267578125,0.24471282958984375,0.3049163818359375,0.3068084716796875,2.7651824951171875,0.290283203125,0.2891387939453125,2.6941986083984375,0.30910491943359375,17.021072387695313,0.2001800537109375,79.54615783691406,2.6647491455078125,0,52470.66906738281,37434.56481933594,0,34088599552,2147483648,8178876416,0
200,1787753049181,3500,3500,3500,3500,3500,3500,3500,3500,3500,3500,3500,3500,3500,3500,3500,3500,3500,3500,3500,3500,0.694244384765625,2.8728408813476563,56.20046615600586,0.226654052734375,0.29933929443359375,2.8315277099609375,2.8119964599609375,0.33216094970703125,0.32721710205078125,0.34869384765625,0.37851715087890625,0.33235931396484375,0.413238525390625,0.31941986083984375,0.459197998046875,2.8567047119140625,27.340797424316406,0.2491302490234375,24.304290771484375,0.24193572998046875,0,52478.900146484375,37440.69152832031,0,34088599552,2147483648,8179060736,0
200,1787753049381,3500,3500,3500,3500,3500,3500,3500,3500,3500,3500,3500,3500,3500,3500,3500,3500,3500,3500,3500,3500,5.645927429199219,0.2763824462890625,45.87696075439453,0.3485260009765625,0.219573974609375,0.2554168701171875,0.291015625,0.2265625,0.31737518310546875,0.26560211181640625,0.2315521240234375,0.24428558349609375,0.370697021484375,2.8965530395507813,0.3712921142578125,0.37374114990234375,25.478668212890625,2.735443115234375,35.06378936767578,0.18182373046875,0,52486.51281738281,37446.17761230469,0,34088599552,2147483648,8179597312,0
200,1787753049581,3500,3500,3500,3500,3500,3500,3500,3500,3500,3500,3500,3500,3500,3500,3500,3500,3500,3500,3500,3500,3.1095428466796875,0.3170166015625,61.35049819946289,2.5993576049804688,2.7823486328125,0.31581878662109375,0.275238037109375,0.31716156005859375,0.26629638671875,2.8234329223632813,0.27758026123046875,0.285919189453125,0.4132537841796875,0.4152984619140625,0.42662811279296875,0.40436553955078125,12.215065002441406,0.28192138671875,33.19895935058594,0.20111083984375,0,52495.69982910156,37453.75573730469,0,34088599552,2147483648,8180011008,0
200,1787753049782,3500,3500,3500,3500,3500,3500,3500,3500,3500,3500,3500,3500,3500,3500,3500,3500,3500,3500,3500,3500,1.5434112548828125,0.32753753662109375,78.9783706665039,0.190826416015625,0.25406646728515625,0.26364898681640625,0.28186798095703125,2.8048019409179688,2.7623748779296875,0.28106689453125,2.7633743286132813,0.3136138916015625,2.933380126953125,0.39023590087890625,0.40979766845703125,0.36742401123046875,9.467849731445313,0.25750732421875,14.971931457519531,0.23809051513671875,0,52505.296325683594,37460.987548828125,0,34088599552,2147483648,8180002816,0
200,1787753049982,3500,3500,3500,3500,3500,3500,3500,3500,3500,3500,3500,3500,3500,3500,3500,3500,3500,3500,3500,3500,8.188529968261719,0.29833221435546875,41.538421630859375,0.27042388916015625,0.2977294921875,0.335174560546875,0.31195831298828125,0.2789154052734375,0.2269439697265625,0.305419921875,0.2975311279296875,2.8400344848632813,0.40346527099609375,0.4081573486328125,0.40146636962890625,0.40256500244140625,15.289924621582031,0.26029205322265625,39.745140075683594,2.7181777954101563,0,52514.18328857422,37467.667053222656,0,34088599552,2147483648,8179970048,0
200,1787753050182,3500,3500,3500,3500,3500,3500,3500,3500,3500,3500,3500,3500,3500,3500,3500,3500,3500,3500,3500,3500,6.31500244140625,2.7943267822265625,62.804473876953125,0.19940948486328125,0.26860809326171875,2.7673187255859375,2.8260345458984375,0.26546478271484375,0.35813140869140625,0.357879638671875,0.37136077880859375,0.3766021728515625,8.26007080078125,0.3318634033203125,2.7334671020507813,2.7851409912109375,30.300315856933594,0.177093505859375,4.26348876953125,0.1679534912109375,0,52522.645263671875,37473.999938964844,0,34088599552,2147483648,8181075968,0
200,1787753050382,3500,3500,3500,3500,3500,3500,3500,3500,3500,3500,3500,3500,3500,3500,3500,3500,3500,3500,3500,3500,0.5746383666992188,0.33603668212890625,60.62745666503906,0.3068695068359375,0.3377838134765625,0.27800750732421875,0.86358642578125,0.3158111572265625,0.5164108276367188,0.5260543823242188,0.5122146606445313,0.4387054443359375,0.45229339599609375,2.985015869140625,0.3537139892578125,0.31585693359375,7.111869812011719,2.8139724731445313,43.10054397583008,0.24739837646484375,0,52532.35272216797,37481.398376464844,0,34088599552,2147483648,8181469184,0
200,1787753050583,3500,3500,3500,3500,3500,3500,3500,3500,3500,3500,3500,3500,3500,3500,3500,3500,3500,3500,3500,3500,22.593711853027344,0.26531982421875,22.613571166992188,2.8734359741210938,2.7974395751953125,0.27605438232421875,0.3029937744140625,0.2494049072265625,0.4340362548828125,2.8845138549804688,0.343170166015625,0.33298492431640625,8.333877563476563,0.37450408935546875,0.3723602294921875,0.34955596923828125,23.464981079101563,0.22000885009765625,41.72645568847656,0.2024993896484375,0,52542.577880859375,37489.47863769531,0,34088599552,2147483648,8181436416,0
200,1787753050783,3500,3500,3500,3500,3500,3500,3500,3500,3500,3500,3500,3500,3500,3500,3500,3500,3500,3500,3500,3500,0.7466201782226563,0.2859039306640625,62.34870147705078,0.164276123046875,0.2724761962890625,0.2145538330078125,0.22873687744140625,2.7589111328125,2.7676467895507813,0.20986175537109375,2.7276535034179688,0.271026611328125,2.9025115966796875,0.370391845703125,0.375335693359375,0.38681793212890625,10.862319946289063,0.22673797607421875,30.99005126953125,0.1782073974609375,0,52551.07733154297,37495.863708496094,0,34088599552,2147483648,8181436416,0
200,1787753050983,3500,3500,3500,3500,3500,3500,3500,3500,3500,3500,3500,3500,3500,3500,3500,3500,3500,3500,3500,3500,3.75604248046875,0.28975677490234375,27.103172302246094,0.23736572265625,0.227081298828125,0.25672149658203125,0.29404449462890625,0.305023193359375,0.25502777099609375,0.28012847900390625,0.24080657958984375,2.7590408325195313,1.489593505859375,0.3589630126953125,0.37418365478515625,0.39174652099609375,15.457275390625,0.2446441650390625,73.14337158203125,0.16506195068359375,0,52562.18963623047,37504.82385253906,0,34088599552,2147483648,8184922112,0
200,1787753051184,3500,3500,3500,3500,3500,3500,3500,3500,3500,3500,3500,3500,3500,3500,3500,3500,3500,3500,3500,3500,8.224807739257813,2.843536376953125,72.73968505859375,0.20070648193359375,0.32471466064453125,2.721771240234375,2.8734817504882813,0.26013946533203125,0.458251953125,0.40171051025390625,0.523773193359375,0.3827972412109375,0.38799285888671875,0.35440826416015625,2.7893447875976563,2.847625732421875,20.160110473632813,0.297515869140625,10.548011779785156,2.7447280883789063,0,52572.068420410156,37512.585205078125,0,34088599552,2147483648,8185257984,0
200,1787753051384,3500,3500,3500,3500,3500,3500,3500,3500,3500,3500,3500,3500,3500,3500,3500,3500,3500,3500,3500,3500,11.340133666992188,0.33084869384765625,48.16876983642578,0.22723388671875,0.31359100341796875,0.2881011962890625,0.35749053955078125,0.266998291015625,0.5106430053710938,0.411468505859375,0.5204238891601563,0.4935302734375,0.4160614013671875,2.9440841674804688,0.30541229248046875,0.32067108154296875,14.417762756347656,2.8046035766601563,37.4853515625,0.22314453125,0,52581.718811035156,37520.10852050781,0,34088599552,2147483648,8186236928,0
200,1787753051585,3500,3500,3500,3500,3500,3500,3500,3500,3500,3500,3500,3500,3500,3500,3500,3500,3500,3500,3500,3500,9.365585327148438,0.3598785400390625,45.30516052246094,2.7431488037109375,2.7768630981445313,0.31398773193359375,0.3432159423828125,0.22939300537109375,0.37220001220703125,2.886199951171875,0.39170074462890625,0.38591766357421875,0.29319000244140625,0.3118438720703125,0.271942138671875,0.30426025390625,11.163871765136719,0.2366790771484375,41.63531494140625,0.2066497802734375,0,52590.31408691406,37526.58856201172,0,34088599552,2147483648,8186437632,0
199,1787753051785,3500,3500,3500,3500,3500,3500,3500,3500,3500,3500,3500,3500,3500,3500,3500,3500,3500,3500,3500,3500,26.00328826904297,0.24987030029296875,22.643722534179688,0.32659149169921875,0.33144378662109375,0.2746429443359375,0.27484130859375,2.7948455810546875,1.6144943237304688,0.31585693359375,2.78045654296875,0.29077911376953125,2.8376998901367188,0.257110595703125,0.28458404541015625,0.259307861328125,40.7119140625,0.1853790283203125,19.67754364013672,0.18053436279296875,0,52600.26788330078,37534.410217285156,0,34088599552,2147483648,8188846080,0
200,1787753051985,3500,3500,3500,3500,3500,3500,3500,3500,3500,3500,3500,3500,3500,3500,3500,3500,3500,3500,3500,3500,14.713043212890625,0.3727874755859375,64.12109375,0.196868896484375,0.49701690673828125,0.4723663330078125,0.40563201904296875,0.4332733154296875,1.4438018798828125,0.4354248046875,0.41757965087890625,2.8995437622070313,0.3453369140625,0.2995452880859375,0.34033966064453125,0.283050537109375,10.600807189941406,0.2843475341796875,15.175506591796875,0.21001434326171875,0,52608.1533203125,37540.192810058594,0,34088599552,2147483648,8188960768,0
199,1787753052186,3500,3500,3500,3500,3500,3500,3500,3500,3500,3500,3500,3500,3500,3500,3500,3500,3500,3500,3500,3500,3.2981414794921875,2.7730865478515625,36.73423767089844,0.277618408203125,0.2488861083984375,2.8704605102539063,2.87994384765625,0.3028106689453125,0.2946319580078125,0.22324371337890625,0.22438812255859375,0.29009246826171875,0.37514495849609375,0.36431884765625,2.8145370483398438,2.7776260375976563,33.14640808105469,0.18508148193359375,36.847679138183594,2.7048873901367188,0,52617.32214355469,37547.234436035156,0,34088599552,2147483648,8189964288,0
200,1787753052386,3500,3500,3500,3500,3500,3500,3500,3500,3500,3500,3500,3500,3500,3500,3500,3500,3500,3500,3500,3500,8.169326782226563,0.28261566162109375,59.475128173828125,0.2413787841796875,0.2619171142578125,0.25677490234375,0.72747802734375,0.29805755615234375,0.4760589599609375,0.30730438232421875,0.3120574951171875,0.36818695068359375,0.39067840576171875,0.3816375732421875,0.27471923828125,0.29695892333984375,18.25061798095703,2.7247772216796875,28.843063354492188,0.20208740234375,0,52626.531799316406,37554.31298828125,0,34088599552,2147483648,8192659456,0
200,1787753052586,3500,3500,3500,3500,3500,3500,3500,3500,3500,3500,3500,3500,3500,3500,3500,3500,3500,3500,3500,3500,8.770431518554688,0.410614013671875,56.28001403808594,2.7419662475585938,2.901580810546875,0.4061737060546875,0.34416961669921875,0.3735504150390625,0.47231292724609375,2.9196853637695313,0.3763427734375,0.41570281982421875,0.3559417724609375,2.8558883666992188,0.33005523681640625,0.30033111572265625,5.492454528808594,0.29050445556640625,36.42984390258789,0.214385986328125,0,52635.702575683594,37561.373962402344,0,34088599552,2147483648,8192655360,0
200,1787753052786,3500,3500,3500,3500,3500,3500,3500,3500,3500,3500,3500,3500,3500,3500,3500,3500,3500,3500,3500,3500,10.214889526367188,0.28850555419921875,58.56351852416992,0.1856231689453125,0.46759033203125,0.4654388427734375,0.38834381103515625,2.9839096069335938,0.46553802490234375,0.384246826171875,3.0077972412109375,0.41927337646484375,2.9083633422851563,0.37329864501953125,0.27266693115234375,0.2885589599609375,11.075218200683594,0.210357666015625,25.900390625,0.16384124755859375,0,52645.776428222656,37569.33184814453,0,34088599552,2147483648,8192630784,0
200,1787753052986,3500,3500,3500,3500,3500,3500,3500,3500,3500,3500,3500,3500,3500,3500,3500,3500,3500,3500,3500,3500,15.953971862792969,0.250732421875,54.472572326660156,0.20075225830078125,0.48958587646484375,0.4917755126953125,0.4698638916015625,0.48484039306640625,2.9511260986328125,0.3634185791015625,0.34464263916015625,2.8721389770507813,0.4029083251953125,0.39946746826171875,0.35962677001953125,0.3298187255859375,4.77435302734375,0.2841339111328125,28.93769073486328,0.2095947265625,0,52653.70526123047,37575.13525390625,0,34088599552,2147483648,8192630784,0
200,1787753053187,3500,3500,3500,3500,3500,3500,3500,3500,3500,3500,3500,3500,3500,3500,3500,3500,3500,3500,3500,3500,14.142021179199219,2.7721328735351563,60.82617950439453,0.1457366943359375,0.305206298828125,2.865447998046875,2.804534912109375,0.29351806640625,0.2723541259765625,0.2375030517578125,0.2281646728515625,0.23650360107421875,0.37689971923828125,0.344696044921875,2.8169174194335938,2.806884765625,15.357887268066406,0.19371795654296875,21.405670166015625,2.6911544799804688,0,52661.81262207031,37581.10900878906,0,34088599552,2147483648,8194494464,0
200,1787753053387,3500,3500,3500,3500,3500,3500,3500,3500,3500,3500,3500,3500,3500,3500,3500,3500,3500,3500,3500,3500,0.8694381713867188,0.6455230712890625,53.69160079956055,0.23986053466796875,0.35353851318359375,0.3676300048828125,0.45697784423828125,0.38947296142578125,0.34604644775390625,0.311614990234375,0.30876922607421875,0.3059234619140625,0.32825469970703125,0.32550811767578125,0.403411865234375,0.41025543212890625,4.632225036621094,3.9079513549804688,48.18918991088867,0.21242523193359375,0,52670.862731933594,37588.04040527344,0,34088599552,2147483648,8194740224,0
200,1787753053587,3500,3500,3500,3500,3500,3500,3500,3500,3500,3500,3500,3500,3500,3500,3500,3500,3500,3500,3500,3500,19.035018920898438,1.2464447021484375,53.155818939208984,2.7512969970703125,2.8734283447265625,0.41141510009765625,0.39788055419921875,0.29372406005859375,0.28383636474609375,2.839111328125,0.28783416748046875,0.303619384765625,0.4206085205078125,2.90789794921875,0.30281829833984375,0.33948516845703125,2.7748184204101563,17.895172119140625,16.549575805664063,0.26380157470703125,0,52680.51281738281,37595.576599121094,0,34088599552,2147483648,8194740224,0
200,1787753053787,3500,3500,3500,3500,3500,3500,3500,3500,3500,3500,3500,3500,3500,3500,3500,3500,3500,3500,3500,3500,5.106842041015625,1.5469284057617188,65.20693969726563,0.1887969970703125,0.26665496826171875,0.33172607421875,0.21828460693359375,2.7857208251953125,0.3341217041015625,0.25246429443359375,0.28714752197265625,0.23902130126953125,2.9105072021484375,0.39394378662109375,0.30129241943359375,0.27695465087890625,0.2603607177734375,20.96124267578125,12.039321899414063,0.31243133544921875,0,52690.30432128906,37603.25866699219,0,34088599552,2147483648,8194740224,0
200,1787753053988,3500,3500,3500,3500,3500,3500,3500,3500,3500,3500,3500,3500,3500,3500,3500,3500,3500,3500,3500,3500,24.26568603515625,1.3682403564453125,35.09925842285156,0.22560882568359375,0.2347412109375,0.1843414306640625,0.25341033935546875,0.25445556640625,2.7818527221679688,0.13408660888671875,2.7811508178710938,2.7501602172851563,0.28903961181640625,0.272369384765625,0.3208770751953125,0.30420684814453125,0.1858367919921875,11.9501953125,36.015625,0.1933746337890625,0,52697.569396972656,37608.38293457031,0,34088599552,2147483648,8195772416,0
200,1787753054188,3500,3500,3500,3500,3500,3500,3500,3500,3500,3500,3500,3500,3500,3500,3500,3500,3500,3500,3500,3500,10.534744262695313,4.166351318359375,62.15091323852539,0.19178009033203125,0.26895904541015625,2.8402481079101563,1.8611831665039063,0.2834320068359375,0.2923126220703125,0.21802520751953125,0.30812835693359375,0.29261016845703125,0.2733001708984375,0.29430389404296875,2.8633499145507813,2.855010986328125,0.28607177734375,2.9470672607421875,31.62866973876953,2.7636642456054688,0,52707.96258544922,37616.65576171875,0,34088599552,2147483648,8195903488,0
200,1787753054388,3500,3500,3500,3500,3500,3500,3500,3500,3500,3500,3500,3500,3500,3500,3500,3500,3500,3500,3500,3500,0.562957763671875,1.6274948120117188,63.05636215209961,0.18259429931640625,0.3551483154296875,0.31609344482421875,1.1896438598632813,1.2059783935546875,0.34765625,0.24097442626953125,0.27368927001953125,0.3119964599609375,0.38211822509765625,0.34940338134765625,0.41582489013671875,0.42606353759765625,0.23892974853515625,3.0126724243164063,40.718841552734375,0.19068145751953125,0,52715.63604736328,37622.21667480469,0,34088599552,2147483648,8195903488,0
200,1787753054589,3500,3500,3500,3500,3500,3500,3500,3500,3500,3500,3500,3500,3500,3500,3500,3500,3500,3500,3500,3500,6.7523956298828125,0.782745361328125,43.334171295166016,2.755279541015625,2.9125823974609375,0.36237335205078125,0.28631591796875,0.3692169189453125,0.34560394287109375,2.9601974487304688,0.286865234375,0.3946685791015625,23.997726440429688,2.780181884765625,3.8837814331054688,0.37525177001953125,2.75921630859375,8.614028930664063,44.288246154785156,0.17781829833984375,0,52724.73376464844,37629.367431640625,0,34088599552,2147483648,8196435968,0
200,1787753054789,3500,3500,3500,3500,3500,3500,3500,3500,3500,3500,3500,3500,3500,3500,3500,3500,3500,3500,3500,3500,8.476882934570313,1.6164398193359375,47.17522048950195,0.309173583984375,0.485870361328125,0.47414398193359375,0.36208343505859375,2.8914108276367188,0.29085540771484375,0.3419647216796875,0.253570556640625,0.28221893310546875,2.8330154418945313,0.31096649169921875,0.34790802001953125,0.31790924072265625,0.23784637451171875,9.901695251464844,37.902099609375,0.2197723388671875,0,52734.68505859375,37637.024353027344,0,34088599552,2147483648,8196435968,0
200,1787753054989,3500,3500,3500,3500,3500,3500,3500,3500,3500,3500,3500,3500,3500,3500,3500,3500,3500,3500,3500,3500,2.4175186157226563,1.2955093383789063,52.77899932861328,0.2468414306640625,0.49787139892578125,0.47113037109375,0.38397979736328125,0.3679656982421875,2.8072357177734375,0.261505126953125,2.7099533081054688,2.8438491821289063,0.27951812744140625,0.319427490234375,0.40493011474609375,0.40099334716796875,0.27771759033203125,8.975349426269531,39.43185806274414,0.20523834228515625,0,52742.71893310547,37643.048400878906,0,34088599552,2147483648,8196423680,0
200,1787753055190,3500,3500,3500,3500,3500,3500,3500,3500,3500,3500,3500,3500,3500,3500,3500,3500,3500,3500,3500,3500,17.792144775390625,3.882537841796875,39.99076461791992,0.18842315673828125,0.42250823974609375,2.9661178588867188,0.32892608642578125,0.30948638916015625,0.26761627197265625,0.22774505615234375,0.2223968505859375,0.19551849365234375,0.9623870849609375,0.3481597900390625,2.8524398803710938,2.8650360107421875,0.20720672607421875,26.559181213378906,25.110275268554688,2.77294921875,0,52751.85711669922,37649.9462890625,0,34088599552,2147483648,8196624384,0
200,1787753055390,3500,3500,3500,3500,3500,3500,3500,3500,3500,3500,3500,3500,3500,3500,3500,3500,3500,3500,3500,3500,21.061203002929688,1.5489120483398438,25.420921325683594,0.36399078369140625,0.45763397216796875,0.45908355712890625,2.8994522094726563,1.5058822631835938,0.228515625,0.2583160400390625,0.24843597412109375,0.29865264892578125,0.42888641357421875,0.39414215087890625,0.41011810302734375,0.39394378662109375,0.24160003662109375,8.343406677246094,54.08038330078125,0.173309326171875,0,52760.69689941406,37656.66455078125,0,34088599552,2147483648,8197017600,0
200,1787753055590,3500,3500,3500,3500,3500,3500,3500,3500,3500,3500,3500,3500,3500,3500,3500,3500,3500,3500,3500,3500,10.833198547363281,1.052490234375,38.85460662841797,2.8259124755859375,2.8597946166992188,0.375762939453125,0.4462127685546875,0.452850341796875,0.29143524169921875,2.7965774536132813,0.29158782958984375,0.320526123046875,7.926750183105469,2.8307037353515625,0.5341262817382813,0.5588302612304688,2.7767715454101563,12.070449829101563,40.623291015625,0.21804046630859375,0,52769.247314453125,37663.09503173828,0,34088599552,2147483648,8197009408,0
200,1787753055791,3500,3500,3500,3500,3500,3500,3500,3500,3500,3500,3500,3500,3500,3500,3500,3500,3500,3500,3500,3500,8.151947021484375,1.640380859375,39.74867630004883,0.259674072265625,0.2335052490234375,0.2342529296875,0.30646514892578125,2.7748947143554688,0.3301849365234375,0.21363067626953125,0.23030853271484375,0.23011016845703125,1.396484375,0.338775634765625,0.4891357421875,0.5055084228515625,0.29677581787109375,23.79009246826172,31.631431579589844,0.18376922607421875,0,52779.926513671875,37671.64831542969,0,34088599552,2147483648,8197009408,0
200,1787753055991,3500,3500,3500,3500,3500,3500,3500,3500,3500,3500,3500,3500,3500,3500,3500,3500,3500,3500,3500,3500,0.4818267822265625,1.3966598510742188,69.0927734375,0.19750213623046875,0.32846832275390625,0.27236175537109375,0.295654296875,0.2871246337890625,2.8005599975585938,0.275054931640625,2.8760147094726563,0.8279495239257813,1.672119140625,0.295501708984375,0.504974365234375,0.5259170532226563,0.22946929931640625,10.900741577148438,24.157073974609375,0.2713165283203125,0,52789.60479736328,37679.212646484375,0,34088599552,2147483648,8197124096,0
200,1787753056191,3500,3500,3500,3500,3500,3500,3500,3500,3500,3500,3500,3500,3500,3500,3500,3500,3500,3500,3500,3500,18.379615783691406,3.5069122314453125,41.253902435302734,0.21654510498046875,0.30533599853515625,2.849578857421875,0.2760009765625,0.23183441162109375,0.2457733154296875,0.24617767333984375,0.241180419921875,2.182952880859375,0.30118560791015625,0.2721099853515625,2.932769775390625,2.9312744140625,0.21929168701171875,23.789581298828125,22.351951599121094,2.7520980834960938,0,52798.20916748047,37685.695251464844,0,34088599552,2147483648,8197255168,0
200,1787753056391,3500,3500,3500,3500,3500,3500,3500,3500,3500,3500,3500,3500,3500,3500,3500,3500,3500,3500,3500,3500,0.4939117431640625,1.6818923950195313,70.47932434082031,0.21744537353515625,0.30562591552734375,0.29483795166015625,2.8643417358398438,0.9021377563476563,0.362945556640625,0.2906951904296875,0.31426239013671875,0.244354248046875,0.33043670654296875,0.31410980224609375,0.41796112060546875,0.394500732421875,0.285003662109375,1.8962936401367188,34.239662170410156,0.2226409912109375,0,52807.474548339844,37692.83770751953,0,34088599552,2147483648,8197517312,0
200,1787753056592,3500,3500,3500,3500,3500,3500,3500,3500,3500,3500,3500,3500,3500,3500,3500,3500,3500,3500,3500,3500,34.32456970214844,1.270538330078125,45.64567565917969,2.7704391479492188,2.7920913696289063,0.299102783203125,0.3055877685546875,0.2583465576171875,0.29401397705078125,2.792388916015625,0.3181610107421875,0.26099395751953125,0.3178558349609375,2.7957305908203125,0.40744781494140625,0.4112396240234375,2.7532806396484375,16.563880920410156,14.544891357421875,0.24398040771484375,0,52816.921325683594,37700.184631347656,0,34088599552,2147483648,8197492736,0
200,1787753056792,3500,3500,3500,3500,3500,3500,3500,3500,3500,3500,3500,3500,3500,3500,3500,3500,3500,3500,3500,3500,1.251129150390625,1.53363037109375,41.45377731323242,0.16318511962890625,0.23508453369140625,0.2158966064453125,0.240631103515625,2.7278976440429688,0.2657623291015625,0.2728118896484375,0.24652862548828125,0.18297576904296875,0.29509735107421875,0.22894287109375,0.3547515869140625,0.3492584228515625,0.1253662109375,29.902870178222656,33.358612060546875,0.22698974609375,0,52824.801208496094,37705.94567871094,0,34088599552,2147483648,8197705728,0
200,1787753056992,3500,3500,3500,3500,3500,3500,3500,3500,3500,3500,3500,3500,3500,3500,3500,3500,3500,3500,3500,3500,1.12286376953125,1.4556198120117188,77.75703430175781,0.192596435546875,0.33161163330078125,0.35511016845703125,0.3034210205078125,0.3141937255859375,2.851959228515625,0.28910064697265625,2.83270263671875,0.2428436279296875,2.8254165649414063,0.3160400390625,0.40485382080078125,0.40465545654296875,0.2818145751953125,9.243247985839844,15.361305236816406,0.250823974609375,0,52833.36395263672,37712.382568359375,0,34088599552,2147483648,8197697536,0
200,1787753057193,3500,3500,3500,3500,3500,3500,3500,3500,3500,3500,3500,3500,3500,3500,3500,3500,3500,3500,3500,3500,1.0337982177734375,3.8043289184570313,69.95736694335938,0.1678009033203125,0.30992889404296875,2.8575057983398438,0.3105316162109375,3.0403976440429688,0.39090728759765625,0.32126617431640625,0.32666778564453125,2.8353729248046875,0.37317657470703125,0.3063812255859375,2.8390731811523438,2.8118972778320313,0.31522369384765625,6.8082122802734375,27.853347778320313,2.746551513671875,0,52843.22717285156,37720.13220214844,0,34088599552,2147483648,8197828608,0
200,1787753057393,3500,3500,3500,3500,3500,3500,3500,3500,3500,3500,3500,3500,3500,3500,3500,3500,3500,3500,3500,3500,2.639739990234375,1.5608139038085938,41.880435943603516,0.2321319580078125,0.24965667724609375,0.33673858642578125,2.82183837890625,0.40659332275390625,0.4880828857421875,0.375885009765625,0.36804962158203125,0.380279541015625,0.2952423095703125,0.29140472412109375,0.2906494140625,0.35955810546875,0.20192718505859375,40.526241302490234,23.09923553466797,0.22539520263671875,0,52851.974365234375,37726.75500488281,0,34088599552,2147483648,8197783552,0
200,1787753057593,3500,3500,3500,3500,3500,3500,3500,3500,3500,3500,3500,3500,3500,3500,3500,3500,3500,3500,3500,3500,26.254684448242188,0.9641571044921875,35.78223419189453,2.7240371704101563,2.8291015625,0.191619873046875,0.24610137939453125,0.2728424072265625,0.44895172119140625,2.8887710571289063,0.33135986328125,0.340545654296875,13.328445434570313,2.7928390502929688,0.3180389404296875,0.28177642822265625,2.7386550903320313,16.403602600097656,22.122879028320313,0.1688232421875,0,52861.91131591797,37734.560119628906,0,34088599552,2147483648,8198025216,0
199,1787753057794,3500,3500,3500,3500,3500,3500,3500,3500,3500,3500,3500,3500,3500,3500,3500,3500,3500,3500,3500,3500,11.637428283691406,1.445831298828125,45.76085662841797,0.20208740234375,0.2199249267578125,0.245849609375,0.2150726318359375,2.7719039916992188,0.370697021484375,0.3345794677734375,0.305999755859375,0.4337005615234375,0.26068878173828125,0.270782470703125,0.328582763671875,0.29486083984375,0.1662139892578125,10.084190368652344,37.21492385864258,0.16681671142578125,0,52871.01934814453,37741.53826904297,0,34088599552,2147483648,8198017024,0
200,1787753057994,3500,3500,3500,3500,3500,3500,3500,3500,3500,3500,3500,3500,3500,3500,3500,3500,3500,3500,3500,3500,9.02838134765625,1.3741912841796875,31.103866577148438,0.29119873046875,0.3622589111328125,0.27930450439453125,0.30548858642578125,0.35791778564453125,2.919891357421875,0.43407440185546875,2.906646728515625,0.46795654296875,2.8928070068359375,0.35051727294921875,0.40399169921875,0.38959503173828125,0.26151275634765625,17.078819274902344,46.88021469116211,0.28420257568359375,0,52879.736572265625,37748.15203857422,0,34088599552,2147483648,8197828608,0
199,1787753058194,3500,3500,3500,3500,3500,3500,3500,3500,3500,3500,3500,3500,3500,3500,3500,3500,3500,3500,3500,3500,19.642234802246094,3.9297027587890625,61.845481872558594,0.17604827880859375,0.2854461669921875,2.7949142456054688,0.2330169677734375,0.30464935302734375,0.3954925537109375,0.34934234619140625,0.34815216064453125,2.8798675537109375,0.28000640869140625,0.28350067138671875,2.9105987548828125,2.9009246826171875,0.266387939453125,9.898567199707031,15.342681884765625,2.739044189453125,0,52888.279296875,37754.567626953125,0,34088599552,2147483648,8198094848,0
200,1787753058394,3500,3500,3500,3500,3500,3500,3500,3500,3500,3500,3500,3500,3500,3500,3500,3500,3500,3500,3500,3500,8.514518737792969,1.542816162109375,78.96879577636719,0.19412994384765625,0.29552459716796875,0.30477142333984375,2.9132537841796875,0.4279632568359375,1.8057479858398438,0.40096282958984375,0.412811279296875,0.5500564575195313,0.3095245361328125,0.311370849609375,0.41181182861328125,0.41086578369140625,0.2597808837890625,17.794830322265625,1.8870391845703125,0.2502288818359375,0,52897.639709472656,37761.81408691406,0,34088599552,2147483648,8198287360,0
200,1787753058594,3500,3500,3500,3500,3500,3500,3500,3500,3500,3500,3500,3500,3500,3500,3500,3500,3500,3500,3500,3500,11.229537963867188,1.0857086181640625,45.40038299560547,2.7207183837890625,2.8054122924804688,0.23070526123046875,0.36917877197265625,0.27959442138671875,0.4295501708984375,2.9149703979492188,0.336517333984375,0.47049713134765625,8.184379577636719,2.8180923461914063,0.5168914794921875,0.49781036376953125,2.7454910278320313,5.252433776855469,41.86280822753906,0.1999969482421875,0,52906.949951171875,37768.996520996094,0,34088599552,2147483648,8198283264,0
200,1787753058795,3500,3500,3500,3500,3500,3500,3500,3500,3500,3500,3500,3500,3500,3500,3500,3500,3500,3500,3500,3500,8.085136413574219,1.5701446533203125,53.488582611083984,0.17943572998046875,0.2916259765625,0.42482757568359375,0.31134033203125,2.8700408935546875,0.45218658447265625,0.3492889404296875,0.40001678466796875,0.33875274658203125,0.30999755859375,0.27285003662109375,0.48992919921875,0.48868560791015625,0.2586669921875,16.968360900878906,24.505752563476563,0.21652984619140625,0,52916.13641357422,37776.07824707031,0,34088599552,2147483648,8198283264,0
200,1787753058995,3500,3500,3500,3500,3500,3500,3500,3500,3500,3500,3500,3500,3500,3500,3500,3500,3500,3500,3500,3500,6.833015441894531,1.3318710327148438,76.04872131347656,0.17479705810546875,0.4619293212890625,0.45843505859375,0.34984588623046875,0.461181640625,2.9765167236328125,0.34000396728515625,2.8907623291015625,0.3206634521484375,2.7896194458007813,0.27729034423828125,0.48761749267578125,0.486419677734375,0.2492523193359375,5.205558776855469,17.463607788085938,0.18784332275390625,0,52924.91864013672,37782.73956298828,0,34088599552,2147483648,8198352896,0
200,1787753059195,3500,3500,3500,3500,3500,3500,3500,3500,3500,3500,3500,3500,3500,3500,3500,3500,3500,3500,3500,3500,9.354583740234375,4.036643981933594,16.73200225830078,0.2744293212890625,0.46871185302734375,2.9056930541992188,0.36966705322265625,0.41509246826171875,0.3155059814453125,0.25174713134765625,0.3627777099609375,2.8125,0.28197479248046875,0.31819915771484375,2.9574127197265625,2.9800949096679688,0.23780059814453125,12.674369812011719,69.06627655029297,2.707916259765625,0,52933.64483642578,37789.35437011719,0,34088599552,2147483648,8198623232,0
200,1787753059395,3500,3500,3500,3500,3500,3500,3500,3500,3500,3500,3500,3500,3500,3500,3500,3500,3500,3500,3500,3500,4.3944854736328125,1.5858383178710938,47.309478759765625,0.24283599853515625,0.3604888916015625,0.3656768798828125,2.933929443359375,0.6555099487304688,0.3007659912109375,0.26513671875,0.286346435546875,0.32476043701171875,0.3289031982421875,0.3142852783203125,0.4073333740234375,0.41771697998046875,0.2763671875,13.75933837890625,41.722320556640625,0.1972808837890625,0,52941.80456542969,37795.3857421875,0,34088599552,2147483648,8198623232,0
199,1787753059596,3500,3500,3500,3500,3500,3500,3500,3500,3500,3500,3500,3500,3500,3500,3500,3500,3500,3500,3500,3500,22.39044952392578,1.1762161254882813,44.21060562133789,2.7569198608398438,2.7477264404296875,0.29034423828125,0.23009490966796875,0.227752685546875,0.30213165283203125,0.29593658447265625,0.260467529296875,0.2686614990234375,16.709060668945313,2.7693099975585938,0.8563461303710938,0.2759552001953125,2.7095108032226563,15.908218383789063,28.51819610595703,0.264617919921875,0,52951.59552001953,37803.039306640625,0,34088599552,2147483648,8198680576,0
200,1787753059796,3500,3500,3500,3500,3500,3500,3500,3500,3500,3500,3500,3500,3500,3500,3500,3500,3500,3500,3500,3500,0.7128372192382813,1.6276473999023438,39.57312774658203,0.2766876220703125,0.331756591796875,0.266845703125,0.2757415771484375,2.6724395751953125,0.39076995849609375,3.0308303833007813,0.5017547607421875,0.45598602294921875,0.3344573974609375,0.33750152587890625,0.3501434326171875,0.33660125732421875,0.2908782958984375,8.908859252929688,54.2826042175293,0.2295684814453125,0,52961.66583251953,37810.9853515625,0,34088599552,2147483648,8198680576,0
200,1787753059996,3500,3500,3500,3500,3500,3500,3500,3500,3500,3500,3500,3500,3500,3500,3500,3500,3500,3500,3500,3500,5.967933654785156,1.2788314819335938,61.187320709228516,0.1749420166015625,0.27353668212890625,0.27478790283203125,0.26924896240234375,0.4145050048828125,2.8572998046875,0.26795196533203125,2.8304061889648438,0.29215240478515625,2.7999191284179688,0.2602691650390625,0.28197479248046875,0.2665557861328125,0.21959686279296875,12.8106689453125,23.62183380126953,0.18202972412109375,0,52970.02307128906,37817.23681640625,0,34088599552,2147483648,8198651904,0
200,1787753060196,3500,3500,3500,3500,3500,3500,3500,3500,3500,3500,3500,3500,3500,3500,3500,3500,3500,3500,3500,3500,0.9577255249023438,1.74993896484375,62.02241516113281,0.199310302734375,0.3423614501953125,2.7392654418945313,0.3577880859375,0.25698089599609375,0.35094451904296875,0.31714630126953125,0.22003173828125,2.8049240112304688,0.32868194580078125,0.3013153076171875,2.7918930053710938,2.836029052734375,0.2425537109375,18.59740447998047,23.635169982910156,2.7953872680664063,0,52978.20324707031,37823.297790527344,0,34088599552,2147483648,8198782976,0
199,1787753060397,3500,3500,3500,3500,3500,3500,3500,3500,3500,3500,3500,3500,3500,3500,3500,3500,3500,3500,3500,3500,0.644195556640625,4.1581268310546875,50.686744689941406,0.23863983154296875,0.23624420166015625,0.259796142578125,2.8243484497070313,0.7406158447265625,0.43283843994140625,0.22986602783203125,0.2848358154296875,0.27381134033203125,0.267578125,0.33516693115234375,0.291717529296875,0.28324127197265625,0.283538818359375,10.046859741210938,46.401912689208984,0.1760406494140625,0,52987.37042236328,37830.48352050781,0,34088599552,2147483648,8199131136,0
200,1787753060597,3500,3500,3500,3500,3500,3500,3500,3500,3500,3500,3500,3500,3500,3500,3500,3500,3500,3500,3500,3500,12.746536254882813,1.2762985229492188,39.27802658081055,2.8089675903320313,2.8564987182617188,0.43131256103515625,0.33414459228515625,0.3498382568359375,0.33099365234375,0.27725982666015625,0.28955841064453125,0.30675506591796875,0.312103271484375,2.8162612915039063,0.31330108642578125,0.31095123291015625,2.7620773315429688,19.65845489501953,39.76687240600586,0.22887420654296875,0,52995.365295410156,37836.550231933594,0,34088599552,2147483648,8199127040,0
200,1787753060797,3500,3500,3500,3500,3500,3500,3500,3500,3500,3500,3500,3500,3500,3500,3500,3500,3500,3500,3500,3500,0.48309326171875,1.6409912109375,52.582950592041016,0.19242095947265625,0.34906005859375,0.45030975341796875,0.3304443359375,0.4422760009765625,0.25818634033203125,2.7963027954101563,0.27700042724609375,0.21961212158203125,0.2763519287109375,0.2769012451171875,0.27081298828125,0.29286956787109375,0.19297027587890625,9.542411804199219,40.529319763183594,0.17365264892578125,0,53004.88592529297,37844.00671386719,0,34088599552,2147483648,8199127040,0
200,1787753060997,3500,3500,3500,3500,3500,3500,3500,3500,3500,3500,3500,3500,3500,3500,3500,3500,3500,3500,3500,3500,0.5589675903320313,1.2207565307617188,91.16719055175781,0.13852691650390625,0.36724853515625,0.3589630126953125,0.3390350341796875,2.9922409057617188,2.7897415161132813,0.25908660888671875,2.8623504638671875,0.24025726318359375,2.820404052734375,0.307373046875,0.30242919921875,0.26187896728515625,0.22303009033203125,11.310676574707031,1.1852493286132813,0.2961883544921875,0,53014.247131347656,37850.85382080078,0,34088599552,2147483648,8199122944,0
199,1787753061198,3500,3500,3500,3500,3500,3500,3500,3500,3500,3500,3500,3500,3500,3500,3500,3500,3500,3500,3500,3500,27.53339385986328,0.6558685302734375,51.32596969604492,0.207366943359375,1.2143936157226563,2.839874267578125,0.7949600219726563,9.059333801269531,5.055854797363281,2.6130294799804688,0.40584564208984375,3.0495452880859375,23.572021484375,0.24123382568359375,16.712135314941406,2.7738494873046875,0.185791015625,61.90460205078125,75.50041198730469,2.6782073974609375,0,53027.720458984375,37862.060485839844,0,34088599552,2147483648,8229044224,0
199,1787753061398,3500,3500,3500,3500,3500,3500,3500,3500,3500,3500,3500,3500,3500,3500,3500,3500,3500,3500,3500,3500,28.019088745117188,2.8854751586914063,83.85530090332031,0.20551300048828125,0.32173919677734375,0.3502349853515625,2.8237380981445313,1.4530868530273438,0.5137100219726563,0.5784454345703125,0.48825836181640625,0.4965057373046875,38.97188949584961,0.262298583984375,27.359458923339844,0.32784271240234375,0.207061767578125,85.60962677001953,70.79273223876953,0.23915863037109375,0,53042.17626953125,37874.36376953125,0,34088599552,2147483648,8244436992,0
200,1787753061598,3500,3500,3500,3500,3500,3500,3500,3500,3500,3500,3500,3500,3500,3500,3500,3500,3500,3500,3500,3500,31.21289825439453,0.30016326904296875,66.13946533203125,2.7932662963867188,2.9654464721679688,0.33670806884765625,0.33361053466796875,4.459724426269531,13.940696716308594,0.49554443359375,0.42645263671875,0.4817962646484375,23.016372680664063,2.8918075561523438,17.481231689453125,0.31156158447265625,2.78521728515625,53.34632873535156,61.16865158081055,0.28461456298828125,0,53056.582946777344,37886.603515625,0,34088599552,2147483648,8213766144,0
200,1787753061798,3500,3500,3500,3500,3500,3500,3500,3500,3500,3500,3500,3500,3500,3500,3500,3500,3500,3500,3500,3500,19.89887237548828,0.28409576416015625,15.931205749511719,0.25615692138671875,0.36782073974609375,0.32865142822265625,0.32830047607421875,0.3806915283203125,100,2.6523666381835938,0.134765625,0.1259307861328125,0.4944000244140625,0.37540435791015625,0.3078460693359375,0.26224517822265625,0.23150634765625,30.26959228515625,40.08488845825195,0.198974609375,0,53067.591857910156,37895.44989013672,0,34088599552,2147483648,8213327872,0
200,1787753061998,3500,3500,3500,3500,3500,3500,3500,3500,3500,3500,3500,3500,3500,3500,3500,3500,3500,3500,3500,3500,38.94902420043945,0.2592010498046875,39.53447341918945,0.2888031005859375,0.320709228515625,0.31756591796875,0.283660888671875,2.8373947143554688,100,0.158355712890625,2.6934661865234375,0.17842864990234375,2.9548110961914063,0.40108489990234375,0.31291961669921875,0.31786346435546875,0.3539581298828125,1.5155715942382813,23.74028778076172,0.24322509765625,0,53077.773864746094,37903.492736816406,0,34088599552,2147483648,8213053440,0
200,1787753062199,3500,3500,3500,3500,3500,3500,3500,3500,3500,3500,3500,3500,3500,3500,3500,3500,3500,3500,3500,3500,6.4558868408203125,1.3779067993164063,33.925689697265625,0.2399444580078125,0.26479339599609375,2.8320541381835938,0.26424407958984375,0.41373443603515625,6.632270812988281,0.27497100830078125,0.31873321533203125,2.7916336059570313,0.38399505615234375,0.38014984130859375,2.7996673583984375,0.27512359619140625,0.23355865478515625,19.84521484375,47.24845504760742,2.7247772216796875,0,53087.64221191406,37911.22473144531,0,34088599552,2147483648,8212811776,0
200,1787753062399,3500,3500,3500,3500,3500,3500,3500,3500,3500,3500,3500,3500,3500,3500,3500,3500,3500,3500,3500,3500,8.534469604492188,4.31488037109375,35.34845733642578,0.244354248046875,0.4041595458984375,0.23846435546875,2.7682952880859375,0.37274932861328125,0.6318817138671875,0.2268218994140625,0.272369384765625,0.36400604248046875,0.41314697265625,0.415496826171875,0.30538177490234375,2.839813232421875,0.274566650390625,10.86749267578125,52.21039962768555,0.19956207275390625,0,53096.55438232422,37918.00695800781,0,34088599552,2147483648,8212365312,0
200,1787753062600,3500,3500,3500,3500,3500,3500,3500,3500,3500,3500,3500,3500,3500,3500,3500,3500,3500,3500,3500,3500,21.6810302734375,0.785736083984375,22.096267700195313,2.688751220703125,2.7634658813476563,0.2137908935546875,0.1834716796875,0.525054931640625,0.21083831787109375,0.2273712158203125,0.1570587158203125,0.23131561279296875,0.409698486328125,2.8917083740234375,0.23790740966796875,0.22707366943359375,2.7247085571289063,14.091682434082031,57.952579498291016,0.1854248046875,0,53107.415954589844,37926.7353515625,0,34088599552,2147483648,8210178048,0
200,1787753062800,3500,3500,3500,3500,3500,3500,3500,3500,3500,3500,3500,3500,3500,3500,3500,3500,3500,3500,3500,3500,0.8055343627929688,1.6874465942382813,40.525184631347656,0.3188323974609375,0.31194305419921875,0.36408233642578125,0.36058807373046875,0.30361175537109375,0.34687042236328125,2.88330078125,0.37335968017578125,0.2908935546875,0.46260833740234375,0.45003509521484375,0.36517333984375,0.34651947021484375,0.34427642822265625,2.6711807250976563,60.74275588989258,0.24359893798828125,0,53116.915283203125,37934.114990234375,0,34088599552,2147483648,8210071552,0
200,1787753063000,3500,3500,3500,3500,3500,3500,3500,3500,3500,3500,3500,3500,3500,3500,3500,3500,3500,3500,3500,3500,16.383956909179688,0.32993316650390625,56.629600524902344,0.21347808837890625,0.25206756591796875,0.21178436279296875,0.26993560791015625,3.3347930908203125,10.170639038085938,0.2098388671875,2.791778564453125,0.29483795166015625,3.4236907958984375,0.334625244140625,0.278717041015625,0.2808685302734375,0.246673583984375,40.67395782470703,77.1630859375,0.1347198486328125,0,53128.351135253906,37943.38250732422,0,34088599552,2147483648,8217153536,0
200,1787753063200,3500,3500,3500,3500,3500,3500,3500,3500,3500,3500,3500,3500,3500,3500,3500,3500,3500,3500,3500,3500,25.566482543945313,0.5992050170898438,50.300777435302734,0,0,2.42974853515625,0,1.6716766357421875,0.025634765625,0,0.01959228515625,2.5314483642578125,0,0,2.45318603515625,0,0.09515380859375,39.382564544677734,32.347686767578125,2.3150100708007813,0,53139.796875,37952.61779785156,0,34088599552,2147483648,8219426816,0
200,1787753063401,3500,3500,3500,3500,3500,3500,3500,3500,3500,3500,3500,3500,3500,3500,3500,3500,3500,3500,3500,3500,40.14883041381836,3.6104965209960938,47.43375778198242,0.6862030029296875,0.6990814208984375,0.7335205078125,3.251495361328125,0.6924896240234375,0.9148406982421875,0.906158447265625,0.88519287109375,0.9410400390625,8.58746337890625,0.7124099731445313,0.708465576171875,3.2551422119140625,0.7966537475585938,34.835472106933594,22.17285919189453,0.6654434204101563,0,53150.299072265625,37960.96337890625,0,34088599552,2147483648,8219758592,0
200,1787753063601,3500,3500,3500,3500,3500,3500,3500,3500,3500,3500,3500,3500,3500,3500,3500,3500,3500,3500,3500,3500,22.639198303222656,0.7505645751953125,40.08202362060547,2.7574691772460938,0.25677490234375,0.3358154296875,0.283203125,0.302947998046875,0.25058746337890625,0.298309326171875,0.25817108154296875,0.3335723876953125,10.465507507324219,2.8240432739257813,0.28021240234375,0.31227874755859375,2.917694091796875,42.132057189941406,41.13962936401367,0.2235107421875,0,53160.51318359375,37968.979064941406,0,34088599552,2147483648,8221184000,0
200,1787753063802,3500,3500,3500,3500,3500,3500,3500,3500,3500,3500,3500,3500,3500,3500,3500,3500,3500,3500,3500,3500,11.320060729980469,0.8454742431640625,54.73143005371094,0.17169189453125,2.8349075317382813,0.240447998046875,0.2883453369140625,0.23300933837890625,0.31468963623046875,2.8295135498046875,0.22333526611328125,0.22118377685546875,0.31468963623046875,0.26628875732421875,0.2955780029296875,0.2525177001953125,0.4299468994140625,32.903404235839844,52.10832977294922,0.1670989990234375,0,53169.75439453125,37976.04962158203,0,34088599552,2147483648,8223174656,0
200,1787753064002,3500,3500,3500,3500,3500,3500,3500,3500,3500,3500,3500,3500,3500,3500,3500,3500,3500,3500,3500,3500,8.351188659667969,0.6469879150390625,62.08351516723633,0.17407989501953125,0.2613525390625,0.2463836669921875,0.243682861328125,2.86810302734375,2.7713546752929688,0.2403411865234375,2.6983566284179688,0.27811431884765625,10.298179626464844,0.2355499267578125,0.23291015625,0.26479339599609375,0.3778533935546875,36.84005355834961,41.39255142211914,0.15053558349609375,0,53181.93298339844,37986.027587890625,0,34088599552,2147483648,8226471936,0
200,1787753064202,3500,3500,3500,3500,3500,3500,3500,3500,3500,3500,3500,3500,3500,3500,3500,3500,3500,3500,3500,3500,9.138313293457031,0.8343887329101563,86.18988800048828,0.23288726806640625,0.45224761962890625,0.9008026123046875,0.5370864868164063,0.5346908569335938,0.39926910400390625,0.41510009765625,0.28691864013671875,2.8333358764648438,0.389434814453125,0.3288116455078125,2.8627471923828125,0.33675384521484375,0.5017852783203125,57.126834869384766,15.266075134277344,2.7676773071289063,0,53192.63897705078,37994.53698730469,0,34088599552,2147483648,8228548608,0
200,1787753064403,3500,3500,3500,3500,3500,3500,3500,3500,3500,3500,3500,3500,3500,3500,3500,3500,3500,3500,3500,3500,24.877410888671875,3.0285873413085938,46.59878158569336,0.24151611328125,0.34690093994140625,2.355804443359375,2.8072357177734375,0.42791748046875,0.251800537109375,0.33885955810546875,0.29138946533203125,0.2902374267578125,16.131011962890625,0.265625,0.31365203857421875,2.79541015625,0.33457183837890625,28.5723876953125,39.282012939453125,0.227935791015625,0,53203.77111816406,38003.470764160156,0,34088599552,2147483648,8228257792,0
200,1787753064603,3500,3500,3500,3500,3500,3500,3500,3500,3500,3500,3500,3500,3500,3500,3500,3500,3500,3500,3500,3500,12.692085266113281,0.4879302978515625,69.19786834716797,2.7016754150390625,0.2199249267578125,0.28934478759765625,0.3304443359375,0.2721405029296875,0.33747100830078125,0.36939239501953125,0.2808685302734375,0.2217254638671875,20.564315795898438,2.7823638916015625,1.9638442993164063,0.303558349609375,2.9659881591796875,38.68014144897461,20.29566192626953,0.20067596435546875,0,53214.45294189453,38011.975158691406,0,34088599552,2147483648,8227868672,0
199,1787753064803,3500,3500,3500,3500,3500,3500,3500,3500,3500,3500,3500,3500,3500,3500,3500,3500,3500,3500,3500,3500,12.371696472167969,0.5351181030273438,71.81997680664063,0.18546295166015625,2.8942794799804688,0.25212860107421875,0.25337982177734375,1.089263916015625,0.28273773193359375,2.8193740844726563,0.3098602294921875,0.241546630859375,5.663459777832031,0.28743743896484375,10.346916198730469,0.4745941162109375,0.39240264892578125,32.87671661376953,30.416290283203125,0.212982177734375,0,53225.960021972656,38021.262145996094,0,34088599552,2147483648,8231018496,0
200,1787753065003,3500,3500,3500,3500,3500,3500,3500,3500,3500,3500,3500,3500,3500,3500,3500,3500,3500,3500,3500,3500,3.7733840942382813,0.7869033813476563,94.11473846435547,0.17865753173828125,0.327484130859375,0.30469512939453125,0.33373260498046875,2.8058242797851563,2.813873291015625,0.3289794921875,2.8653945922851563,0.30764007568359375,2.8359603881835938,0.32248687744140625,0.37241363525390625,0.36301422119140625,0.48055267333984375,35.711212158203125,18.805343627929688,0.24507904052734375,0,53236.68933105469,38029.81072998047,0,34088599552,2147483648,8230617088,0
199,1787753065204,3500,3500,3500,3500,3500,3500,3500,3500,3500,3500,3500,3500,3500,3500,3500,3500,3500,3500,3500,3500,34.93054962158203,0.7086105346679688,29.325233459472656,0.1927642822265625,0.2651519775390625,0.2491912841796875,0.283660888671875,0.23946380615234375,0.3545074462890625,0.22943115234375,0.26275634765625,2.77032470703125,0.2888031005859375,0.31598663330078125,2.4261474609375,0.2747344970703125,0.37689971923828125,46.104148864746094,45.460044860839844,2.7087631225585938,0,53247.48516845703,38038.41052246094,0,34088599552,2147483648,8231030784,0
200,1787753065404,3500,3500,3500,3500,3500,3500,3500,3500,3500,3500,3500,3500,3500,3500,3500,3500,3500,3500,3500,3500,17.270965576171875,3.36834716796875,39.96202087402344,0.24103546142578125,0.2735748291015625,2.7948532104492188,2.881927490234375,0.40898895263671875,0.42913818359375,0.31421661376953125,0.44757843017578125,0.35805511474609375,0.35065460205078125,0.29986572265625,0.6608200073242188,2.8022994995117188,0.37784576416015625,42.49639129638672,23.48204803466797,0.2401885986328125,0,53256.00549316406,38044.741271972656,0,34088599552,2147483648,8231985152,0
200,1787753065604,3500,3500,3500,3500,3500,3500,3500,3500,3500,3500,3500,3500,3500,3500,3500,3500,3500,3500,3500,3500,1.49041748046875,0.9765853881835938,19.92613983154297,1.2013320922851563,0.2945709228515625,0.4051513671875,0.29152679443359375,0.51751708984375,0.3052978515625,0.34659576416015625,0.32733917236328125,0.2171630859375,0.324798583984375,2.8440170288085938,0.36798858642578125,0.34125518798828125,3.00128173828125,46.55082702636719,82.80196380615234,0.18569183349609375,0,53266.761291503906,38053.26599121094,0,34088599552,2147483648,8233222144,0
199,1787753065805,3500,3500,3500,3500,3500,3500,3500,3500,3500,3500,3500,3500,3500,3500,3500,3500,3500,3500,3500,3500,10.307281494140625,0.5763092041015625,53.46721267700195,1.8729171752929688,2.787811279296875,0.3310546875,0.321319580078125,0.296417236328125,0.29047393798828125,2.815460205078125,0.36818695068359375,0.32376861572265625,0.346771240234375,0.29247283935546875,0.41724395751953125,0.394439697265625,0.33190155029296875,70.49080657958984,48.65410614013672,0.21840667724609375,0,53277.83410644531,38062.189392089844,0,34088599552,2147483648,8233881600,0
200,1787753066005,3500,3500,3500,3500,3500,3500,3500,3500,3500,3500,3500,3500,3500,3500,3500,3500,3500,3500,3500,3500,2.7687835693359375,0.3594970703125,84.47840118408203,0.14627838134765625,0.18297576904296875,0.327301025390625,0.2918548583984375,2.7457351684570313,2.843719482421875,0.24951171875,2.8515167236328125,0.29485321044921875,2.8446197509765625,0.2712554931640625,0.36524200439453125,0.3636474609375,0.2117156982421875,55.3394660949707,46.508705139160156,0.2000732421875,0,53290.379455566406,38072.532287597656,0,34088599552,2147483648,8232857600,0
199,1787753066205,3500,3500,3500,3500,3500,3500,3500,3500,3500,3500,3500,3500,3500,3500,3500,3500,3500,3500,3500,3500,7.886024475097656,0.6927566528320313,60.179752349853516,0.1978607177734375,0.329864501953125,0.3087615966796875,0.2887115478515625,5.4918975830078125,0.2557830810546875,0.2913055419921875,0.298583984375,2.8387374877929688,0.28771209716796875,0.33455657958984375,0.35695648193359375,0.3366546630859375,0.47339630126953125,45.97517013549805,39.367454528808594,2.7450485229492188,0,53299.92858886719,38079.9326171875,0,34088599552,2147483648,8233283584,0
200,1787753066405,3500,3500,3500,3500,3500,3500,3500,3500,3500,3500,3500,3500,3500,3500,3500,3500,3500,3500,3500,3500,8.976890563964844,2.8548431396484375,53.47051239013672,0.2201995849609375,0.23499298095703125,2.7385940551757813,2.8427963256835938,0.440948486328125,1.1607666015625,0.393218994140625,0.439300537109375,0.49857330322265625,8.220481872558594,0.26038360595703125,2.87957763671875,2.875030517578125,0.3000640869140625,49.554752349853516,57.898983001708984,0.21250152587890625,0,53311.648010253906,38089.42834472656,0,34088599552,2147483648,8237023232,0
200,1787753066606,3500,3500,3500,3500,3500,3500,3500,3500,3500,3500,3500,3500,3500,3500,3500,3500,3500,3500,3500,3500,24.768386840820313,0.48259735107421875,44.80268096923828,0.2455596923828125,0.35507965087890625,0.3726806640625,0.5401992797851563,0.497802734375,0.2830657958984375,0.38335418701171875,0.29488372802734375,0.2778778076171875,31.89232635498047,2.8511886596679688,0.42584228515625,0.42090606689453125,2.8083038330078125,49.54376220703125,38.52220153808594,0.30341339111328125,0,53322.634826660156,38098.24005126953,0,34088599552,2147483648,8236879872,0
200,1787753066806,3500,3500,3500,3500,3500,3500,3500,3500,3500,3500,3500,3500,3500,3500,3500,3500,3500,3500,3500,3500,5.599769592285156,0.515411376953125,53.037986755371094,2.6742630004882813,2.8656539916992188,0.29913330078125,0.42687225341796875,0.46822357177734375,0.18465423583984375,2.7476882934570313,0.25513458251953125,0.24137115478515625,0.29583740234375,0.28311920166015625,0.2742919921875,0.310699462890625,0.19228363037109375,71.61367797851563,54.447296142578125,0.16086578369140625,0,53333.83679199219,38107.25085449219,0,34088599552,2147483648,8244228096,0
200,1787753067007,3500,3500,3500,3500,3500,3500,3500,3500,3500,3500,3500,3500,3500,3500,3500,3500,3500,3500,3500,3500,19.677108764648438,0.42682647705078125,22.731956481933594,0.3507232666015625,0.44441986083984375,0.515869140625,0.516571044921875,18.090118408203125,2.9460220336914063,0.42633056640625,2.96136474609375,0.41193389892578125,43.90016174316406,0.36226654052734375,0.4854888916015625,0.42437744140625,2.7237167358398438,40.35832214355469,39.78513717651367,0.33623504638671875,0,53342.53161621094,38113.736267089844,0,34088599552,2147483648,8235864064,0
200,1787753067207,3500,3500,3500,3500,3500,3500,3500,3500,3500,3500,3500,3500,3500,3500,3500,3500,3500,3500,3500,3500,4.442108154296875,0.859588623046875,34.123443603515625,0.29254913330078125,0.392425537109375,0.28985595703125,0.35475921630859375,0.66357421875,0.595123291015625,0.377960205078125,0.321929931640625,2.9717330932617188,0.34917449951171875,0.308013916015625,0.304473876953125,0.363189697265625,0.28272247314453125,47.54641342163086,34.414642333984375,0.220062255859375,0,53352.09765625,38121.08074951172,0,34088599552,2147483648,8236638208,0
200,1787753067407,3500,3500,3500,3500,3500,3500,3500,3500,3500,3500,3500,3500,3500,3500,3500,3500,3500,3500,3500,3500,2.7693252563476563,3.1216964721679688,33.010986328125,0.281524658203125,0.342041015625,2.9531707763671875,2.9054718017578125,0.39177703857421875,0.5322113037109375,0.5233840942382813,0.40439605712890625,0.44211578369140625,0.34912109375,0.33510589599609375,2.8210601806640625,2.82061767578125,0.26016998291015625,29.542816162109375,25.30126953125,2.7606964111328125,0,53362.33917236328,38129.121337890625,0,34088599552,2147483648,8236417024,0
200,1787753067608,3500,3500,3500,3500,3500,3500,3500,3500,3500,3500,3500,3500,3500,3500,3500,3500,3500,3500,3500,3500,3.470489501953125,1.0454483032226563,37.791324615478516,0.29822540283203125,0.35370635986328125,0.47320556640625,0.37645721435546875,0.4330902099609375,0.4773406982421875,0.36956787109375,0.38054656982421875,0.44710540771484375,0.38897705078125,2.890960693359375,0.31049346923828125,0.30031585693359375,2.8829727172851563,36.52269744873047,26.771141052246094,0.21584320068359375,0,53372.97888183594,38137.544372558594,0,34088599552,2147483648,8236376064,0
200,1787753067808,3500,3500,3500,3500,3500,3500,3500,3500,3500,3500,3500,3500,3500,3500,3500,3500,3500,3500,3500,3500,3.5657730102539063,1.1960296630859375,26.329696655273438,2.8276596069335938,2.88336181640625,0.275146484375,0.39368438720703125,0.42282867431640625,0.36733245849609375,2.9433517456054688,0.31258392333984375,0.3624420166015625,0.329254150390625,0.33214569091796875,0.3097381591796875,0.32476043701171875,0.4223785400390625,29.571502685546875,14.920379638671875,0.24181365966796875,0,53381.86853027344,38144.24353027344,0,34088599552,2147483648,8236146688,0
199,1787753068009,3500,3500,3500,3500,3500,3500,3500,3500,3500,3500,3500,3500,3500,3500,3500,3500,3500,3500,3500,3500,0.5142059326171875,1.455108642578125,6.829154968261719,0.2728729248046875,0.2671356201171875,0.1793212890625,0.24582672119140625,8.113975524902344,2.4759979248046875,0.26354217529296875,2.7693252563476563,0.26598358154296875,2.8024520874023438,0.28319549560546875,0.26568603515625,0.30440521240234375,0.5127639770507813,28.870223999023438,16.272613525390625,0.19818115234375,0,53389.63732910156,38149.77099609375,0,34088599552,2147483648,8236752896,0
199,1787753068209,3500,3500,3500,3500,3500,3500,3500,3500,3500,3500,3500,3500,3500,3500,3500,3500,3500,3500,3500,3500,28.790176391601563,0.28839111328125,42.297847747802734,0.229461669921875,2.6577529907226563,0.38535308837890625,0.4162445068359375,13.642173767089844,6.791694641113281,2.3355712890625,0.3480224609375,2.8447799682617188,21.470130920410156,0.35211944580078125,0.783203125,0.34001922607421875,0.32657623291015625,32.58319854736328,33.92699432373047,0.23426055908203125,0,53400.65283203125,38158.51550292969,0,34088599552,2147483648,8284430336,0
200,1787753068409,3500,3500,3500,3500,3500,3500,3500,3500,3500,3500,3500,3500,3500,3500,3500,3500,3500,3500,3500,3500,7.03680419921875,3.4069900512695313,23.632354736328125,0.2890167236328125,0.7907028198242188,2.9141464233398438,2.8819046020507813,3.1127777099609375,0.9194412231445313,3.3663406372070313,0.346405029296875,0.30831146240234375,10.285209655761719,0.318359375,4.038116455078125,2.8392562866210938,0.37290191650390625,25.600112915039063,23.74083709716797,2.7657699584960938,0,53410.02520751953,38165.644104003906,0,34088599552,2147483648,8289964032,0
200,1787753068609,3500,3500,3500,3500,3500,3500,3500,3500,3500,3500,3500,3500,3500,3500,3500,3500,3500,3500,3500,3500,6.8929595947265625,1.3519515991210938,7.177764892578125,0.30603790283203125,0.336212158203125,0.2834014892578125,0.2979888916015625,0.7006607055664063,0.461578369140625,0.5477676391601563,0.38907623291015625,0.4526824951171875,0.37998199462890625,0.303436279296875,0.291046142578125,0.35305023193359375,3.0151824951171875,40.22731018066406,37.684295654296875,0.2209930419921875,0,53419.42205810547,38172.79559326172,0,34088599552,2147483648,8297967616,0
200,1787753068809,3500,3500,3500,3500,3500,3500,3500,3500,3500,3500,3500,3500,3500,3500,3500,3500,3500,3500,3500,3500,7.9117279052734375,1.0251541137695313,16.15625,2.839141845703125,2.8117446899414063,0.34862518310546875,0.2678680419921875,0.31218719482421875,0.46002197265625,2.988525390625,0.39673614501953125,0.41255950927734375,0.387603759765625,2.8559646606445313,0.3179779052734375,0.30759429931640625,0.39404296875,22.60869598388672,17.513710021972656,0.2581329345703125,0,53428.571716308594,38179.745056152344,0,34088599552,2147483648,8299143168,0
200,1787753069010,3500,3500,3500,3500,3500,3500,3500,3500,3500,3500,3500,3500,3500,3500,3500,3500,3500,3500,3500,3500,0.6271286010742188,1.5188522338867188,4.427085876464844,0.33592987060546875,0.30323028564453125,0.28551483154296875,0.3758544921875,3.41876220703125,0.27158355712890625,0.2777252197265625,2.399200439453125,0.34076690673828125,2.8640594482421875,0.28302001953125,0.3377227783203125,0.29250335693359375,0.5351333618164063,31.831314086914063,21.508102416992188,0.2401885986328125,0,53437.10791015625,38186.07403564453,0,34088599552,2147483648,8301166592,0
199,1787753069210,3500,3500,3500,3500,3500,3500,3500,3500,3500,3500,3500,3500,3500,3500,3500,3500,3500,3500,3500,3500,1.7816085815429688,1.2831573486328125,6.375175476074219,0.40552520751953125,0.35971832275390625,0.27392578125,0.26639556884765625,1.8658523559570313,2.8675994873046875,0.2750244140625,0.72332763671875,2.8463897705078125,0.2976837158203125,0.301177978515625,0.33870697021484375,0.27751922607421875,0.48138427734375,25.80297088623047,25.26055145263672,0.25576019287109375,0,53445.47442626953,38192.238342285156,0,34088599552,2147483648,8301400064,0
199,1787753069410,3500,3500,3500,3500,3500,3500,3500,3500,3500,3500,3500,3500,3500,3500,3500,3500,3500,3500,3500,3500,2.8522567749023438,3.5868301391601563,17.30347442626953,0.26670074462890625,0.29305267333984375,2.80126953125,2.8369598388671875,1.3923568725585938,0.28459930419921875,0.2412567138671875,0.3809356689453125,0.30809783935546875,0.287750244140625,0.26665496826171875,2.839263916015625,2.8223648071289063,0.3346405029296875,22.674652099609375,21.26319122314453,2.7171859741210938,0,53454.01495361328,38198.56823730469,0,34088599552,2147483648,8302084096,0
200,1787753069610,3500,3500,3500,3500,3500,3500,3500,3500,3500,3500,3500,3500,3500,3500,3500,3500,3500,3500,3500,3500,2.9723892211914063,1.1619873046875,10.002937316894531,0.3448486328125,0.23394775390625,0.3323516845703125,0.2918243408203125,4.670341491699219,0.46964263916015625,0.44020843505859375,0.5058746337890625,0.41716766357421875,0.30101776123046875,0.2923736572265625,0.304412841796875,0.2793731689453125,0.4249114990234375,39.119049072265625,34.548011779785156,0.26898193359375,0,53462.48718261719,38204.83135986328,0,34088599552,2147483648,8303345664,0
200,1787753069810,3500,3500,3500,3500,3500,3500,3500,3500,3500,3500,3500,3500,3500,3500,3500,3500,3500,3500,3500,3500,3.6096725463867188,1.3791046142578125,2.444000244140625,2.9085006713867188,4.735771179199219,0.2850341796875,0.292327880859375,5.428749084472656,2.4001388549804688,2.9227447509765625,0.40714263916015625,0.29567718505859375,0.29412841796875,2.846099853515625,0.3609771728515625,0.3564300537109375,2.9393768310546875,22.7935791015625,22.722183227539063,0.24231719970703125,0,53471.20495605469,38211.356872558594,0,34088599552,2147483648,8303628288,0
200,1787753070010,3500,3500,3500,3500,3500,3500,3500,3500,3500,3500,3500,3500,3500,3500,3500,3500,3500,3500,3500,3500,0.7691192626953125,1.0290374755859375,15.823844909667969,0.2357330322265625,0.9986572265625,0.21624755859375,0.22544097900390625,3.7418594360351563,0.31023406982421875,0.2397308349609375,0.25507354736328125,0.31262969970703125,2.7862701416015625,0.2551727294921875,0.27440643310546875,0.246826171875,0.32757568359375,29.71192169189453,24.44782257080078,0.18721771240234375,0,53480.88610839844,38218.79022216797,0,34088599552,2147483648,8305188864,0
200,1787753070211,3500,3500,3500,3500,3500,3500,3500,3500,3500,3500,3500,3500,3500,3500,3500,3500,3500,3500,3500,3500,5.988059997558594,0.94573974609375,16.787063598632813,0.314697265625,1.739105224609375,0.32263946533203125,0.30615234375,4.568244934082031,4.690696716308594,0.247802734375,2.791961669921875,2.840728759765625,0.489654541015625,0.32534027099609375,0.31000518798828125,0.3135986328125,0.426910400390625,28.074325561523438,33.08091735839844,0.21502685546875,0,53489.37646484375,38225.05694580078,0,34088599552,2147483648,8307441664,0
200,1787753070411,3500,3500,3500,3500,3500,3500,3500,3500,3500,3500,3500,3500,3500,3500,3500,3500,3500,3500,3500,3500,1.0547256469726563,3.6340103149414063,12.968162536621094,0.21366119384765625,0.21380615234375,2.7536239624023438,0.2119140625,0.3756256103515625,0.19704437255859375,0.214111328125,0.259063720703125,0.2159576416015625,0.25018310546875,0.2527313232421875,2.7459869384765625,2.768890380859375,0.42082977294921875,21.572265625,21.037620544433594,2.700927734375,0,53497.47869873047,38230.96160888672,0,34088599552,2147483648,8307187712,0
199,1787753070611,3500,3500,3500,3500,3500,3500,3500,3500,3500,3500,3500,3500,3500,3500,3500,3500,3500,3500,3500,3500,0.7103424072265625,1.1628799438476563,12.429283142089844,0.30926513671875,0.310760498046875,0.39623260498046875,2.8617630004882813,2.7741928100585938,1.0622177124023438,0.34842681884765625,0.31925201416015625,0.35042572021484375,0.3434295654296875,0.32395172119140625,0.36126708984375,0.31116485595703125,0.47501373291015625,27.21729278564453,15.997138977050781,0.249420166015625,0,53504.88348388672,38236.16876220703,0,34088599552,2147483648,8307511296,0
200,1787753070811,3500,3500,3500,3500,3500,3500,3500,3500,3500,3500,3500,3500,3500,3500,3500,3500,3500,3500,3500,3500,3.165618896484375,1.0600738525390625,14.538726806640625,2.8038177490234375,2.8626937866210938,0.2882843017578125,0.26479339599609375,0.47900390625,0.30178070068359375,2.8850860595703125,0.25519561767578125,0.278289794921875,0.3205718994140625,2.8295059204101563,0.3382110595703125,0.35445404052734375,2.901580810546875,22.694732666015625,15.68865966796875,0.2403564453125,0,53514.16162109375,38243.58215332031,0,34088599552,2147483648,8309616640,0
200,1787753071012,3500,3500,3500,3500,3500,3500,3500,3500,3500,3500,3500,3500,3500,3500,3500,3500,3500,3500,3500,3500,1.3989639282226563,0.8644180297851563,29.635398864746094,0.2845458984375,0.33701324462890625,0.34549713134765625,0.345947265625,9.158500671386719,0.431610107421875,0.3268280029296875,0.2891845703125,0.27451324462890625,2.8161468505859375,0.31369781494140625,0.3481903076171875,0.37964630126953125,0.3996124267578125,21.379501342773438,22.004005432128906,0.2806549072265625,0,53524.120361328125,38251.77374267578,0,34088599552,2147483648,8318074880,0
200,1787753071212,3500,3500,3500,3500,3500,3500,3500,3500,3500,3500,3500,3500,3500,3500,3500,3500,3500,3500,3500,3500,5.530006408691406,1.219329833984375,14.820785522460938,0.30550384521484375,0.4053497314453125,0.2687835693359375,0.3321533203125,2.7297515869140625,2.8397674560546875,0.2694854736328125,2.83697509765625,1.6315155029296875,0.28055572509765625,0.287445068359375,0.28659820556640625,0.30970001220703125,0.35645294189453125,32.91603088378906,27.573776245117188,0.22428131103515625,0,53532.678161621094,38257.543518066406,0,34088599552,2147483648,8319012864,0
200,1787753071412,3500,3500,3500,3500,3500,3500,3500,3500,3500,3500,3500,3500,3500,3500,3500,3500,3500,3500,3500,3500,3.235198974609375,3.076080322265625,42.79429626464844,0.14388275146484375,0.22388458251953125,2.7238006591796875,0.11386871337890625,0.674407958984375,0.16770172119140625,0.36916351318359375,0.1298980712890625,1.3589019775390625,0.42514801025390625,0.20755767822265625,2.7344818115234375,2.6519317626953125,0.12010955810546875,24.546844482421875,23.302505493164063,2.6075820922851563,0,53542.66125488281,38265.18426513672,0,34088599552,2147483648,8313995264,0
200,1787753071613,3500,3500,3500,3500,3500,3500,3500,3500,3500,3500,3500,3500,3500,3500,3500,3500,3500,3500,3500,3500,6.321510314941406,0.6634445190429688,7.814399719238281,0.3855743408203125,11.267074584960938,0.3951568603515625,2.86065673828125,48.881229400634766,40.339996337890625,9.95965576171875,0.34793853759765625,0.35932159423828125,3.4475784301757813,0.49922943115234375,0.9088592529296875,0.488250732421875,0.366607666015625,15.588371276855469,13.991462707519531,0.3721466064453125,0,53550.815856933594,38271.15936279297,0,34088599552,2147483648,8315744256,0
200,1787753071813,3500,3500,3500,3500,3500,3500,3500,3500,3500,3500,3500,3500,3500,3500,3500,3500,3500,3500,3500,3500,3.5665969848632813,0.47649383544921875,3.7218856811523438,2.8769302368164063,31.432998657226563,0.21551513671875,0.2417144775390625,51.770050048828125,45.236854553222656,2.7978897094726563,0.30918121337890625,0.24456024169921875,0.325897216796875,2.8468399047851563,0.33692169189453125,0.3087310791015625,2.7606658935546875,11.842544555664063,7.494415283203125,0.2924652099609375,0,53558.988037109375,38277.173828125,0,34088599552,2147483648,8317046784,0
200,1787753072013,3500,3500,3500,3500,3500,3500,3500,3500,3500,3500,3500,3500,3500,3500,3500,3500,3500,3500,3500,3500,0.787353515625,0.617950439453125,4.655067443847656,0.3365631103515625,0.9004364013671875,0.208892822265625,0.29651641845703125,52.0272216796875,52.4315299987793,0.24384307861328125,0.21828460693359375,0.191619873046875,0.3740081787109375,0.32881927490234375,0.2938232421875,0.3379058837890625,0.22037506103515625,7.713356018066406,8.526176452636719,0.23281097412109375,0,53566.50469970703,38282.50177001953,0,34088599552,2147483648,8318308352,0
200,1787753072213,3500,3500,3500,3500,3500,3500,3500,3500,3500,3500,3500,3500,3500,3500,3500,3500,3500,3500,3500,3500,0.756317138671875,0.7764511108398438,3.3230514526367188,0.28939056396484375,1.60894775390625,0.22574615478515625,0.26131439208984375,38.05988311767578,37.606842041015625,31.64887237548828,2.74542236328125,0.192230224609375,2.9337005615234375,0.40323638916015625,0.33300018310546875,0.3254547119140625,0.2481231689453125,7.993385314941406,8.904006958007813,0.30617523193359375,0,53574.34100341797,38288.173400878906,0,34088599552,2147483648,8319197184,0
200,1787753072414,3500,3500,3500,3500,3500,3500,3500,3500,3500,3500,3500,3500,3500,3500,3500,3500,3500,3500,3500,3500,3.80169677734375,3.186737060546875,15.565048217773438,0.32210540771484375,0.6280441284179688,2.8101577758789063,0.25090789794921875,34.8155517578125,20.64514923095703,0.251953125,0.2873077392578125,2.883056640625,0.34847259521484375,0.31856536865234375,2.8876953125,2.8419113159179688,1.8284988403320313,23.895645141601563,36.16545867919922,2.8303756713867188,0,53583.50701904297,38295.176696777344,0,34088599552,2147483648,8321818624,0
200,1787753072614,3500,3500,3500,3500,3500,3500,3500,3500,3500,3500,3500,3500,3500,3500,3500,3500,3500,3500,3500,3500,0.5566558837890625,1.0977554321289063,4.266181945800781,0.28772735595703125,8.067329406738281,0.17346954345703125,2.7503738403320313,47.64955139160156,47.201820373535156,0.2001495361328125,0.204986572265625,0.20528411865234375,0.2894287109375,0.28044891357421875,0.2935638427734375,0.28558349609375,0.16912841796875,7.4798431396484375,8.365135192871094,0.212615966796875,0,53591.128845214844,38300.63049316406,0,34088599552,2147483648,8323379200,0
200,1787753072814,3500,3500,3500,3500,3500,3500,3500,3500,3500,3500,3500,3500,3500,3500,3500,3500,3500,3500,3500,3500,3.4849853515625,0.759765625,6.8020172119140625,2.7855987548828125,10.4912109375,0.22164154052734375,0.19806671142578125,48.433902740478516,45.46381759643555,2.782806396484375,0.25665283203125,0.272186279296875,0.38025665283203125,2.8531723022460938,0.38590240478515625,0.37001800537109375,2.7578353881835938,9.539825439453125,11.173965454101563,0.27632904052734375,0,53600.58837890625,38307.93103027344,0,34088599552,2147483648,8325033984,0
200,1787753073015,3500,3500,3500,3500,3500,3500,3500,3500,3500,3500,3500,3500,3500,3500,3500,3500,3500,3500,3500,3500,0.5171279907226563,1.0110855102539063,1.7749252319335938,0.26128387451171875,15.988037109375,0.23177337646484375,0.22258758544921875,34.934295654296875,54.859195709228516,0.236968994140625,0.20810699462890625,0.25,0.2934417724609375,0.3583984375,0.35150909423828125,0.347412109375,0.218292236328125,6.0666351318359375,8.495941162109375,0.261383056640625,0,53609.41650390625,38314.60144042969,0,34088599552,2147483648,8326938624,0
199,1787753073215,3500,3500,3500,3500,3500,3500,3500,3500,3500,3500,3500,3500,3500,3500,3500,3500,3500,3500,3500,3500,0.6492233276367188,1.4181747436523438,1.7909317016601563,0.31311798095703125,0.9985885620117188,0.30169677734375,0.4235687255859375,12.529434204101563,24.02851104736328,14.169418334960938,2.7905197143554688,0.2953643798828125,5.134674072265625,0.33954620361328125,0.46027374267578125,0.44257354736328125,0.23572540283203125,12.197914123535156,45.2774772644043,0.25955963134765625,0,53618.542236328125,38321.548095703125,0,34088599552,2147483648,8334712832,0
200,1787753073415,3500,3500,3500,3500,3500,3500,3500,3500,3500,3500,3500,3500,3500,3500,3500,3500,3500,3500,3500,3500,0.7148590087890625,3.57464599609375,9.288978576660156,0.310577392578125,0.5124435424804688,2.9842910766601563,0.502044677734375,0.8304595947265625,0.29058074951171875,0.38779449462890625,0.3601531982421875,2.864288330078125,0.31702423095703125,0.3280181884765625,2.928314208984375,2.8718338012695313,0.39349365234375,18.5501708984375,26.40618133544922,2.7874679565429688,0,53626.986389160156,38327.839294433594,0,34088599552,2147483648,8334471168,0
199,1787753073616,3500,3500,3500,3500,3500,3500,3500,3500,3500,3500,3500,3500,3500,3500,3500,3500,3500,3500,3500,3500,0.96435546875,1.3409881591796875,7.706932067871094,0.247589111328125,0.32027435302734375,0.2512359619140625,2.8272323608398438,0.5284271240234375,0.5048675537109375,0.5257797241210938,0.49723052978515625,0.44301605224609375,0.29161834716796875,0.28692626953125,0.28143310546875,0.27893829345703125,0.2635650634765625,16.461532592773438,38.62809371948242,0.21659088134765625,0,53635.915588378906,38334.609313964844,0,34088599552,2147483648,8335069184,0
200,1787753073816,3500,3500,3500,3500,3500,3500,3500,3500,3500,3500,3500,3500,3500,3500,3500,3500,3500,3500,3500,3500,6.8671875,0.9033889770507813,15.230400085449219,2.751251220703125,2.92059326171875,0.2781524658203125,0.17529296875,0.47438812255859375,3.3019638061523438,3.0388031005859375,0.38736724853515625,0.40216064453125,0.29199981689453125,2.8482208251953125,0.35547637939453125,0.25521087646484375,3.394927978515625,25.15978240966797,34.31067657470703,0.1711883544921875,0,53644.88720703125,38341.40478515625,0,34088599552,2147483648,8335138816,0
200,1787753074016,3500,3500,3500,3500,3500,3500,3500,3500,3500,3500,3500,3500,3500,3500,3500,3500,3500,3500,3500,3500,0.8037643432617188,1.1887893676757813,10.205734252929688,0.37823486328125,0.33628082275390625,0.32051849365234375,0.32845306396484375,2.8750991821289063,0.60137939453125,0.5901031494140625,0.5765380859375,0.5757904052734375,0.582672119140625,0.34421539306640625,0.5772857666015625,0.5854644775390625,0.3881683349609375,24.98365020751953,26.37073516845703,0.29278564453125,0,53652.37725830078,38346.75750732422,0,34088599552,2147483648,8336052224,0
200,1787753074216,3500,3500,3500,3500,3500,3500,3500,3500,3500,3500,3500,3500,3500,3500,3500,3500,3500,3500,3500,3500,0.6226882934570313,1.4509658813476563,1.329833984375,0.351898193359375,0.262847900390625,0.26149749755859375,0.36634063720703125,0.33910369873046875,2.8141250610351563,0.38687896728515625,2.903778076171875,0.349395751953125,2.8015823364257813,0.3213653564453125,0.5155563354492188,0.5249481201171875,0.5166015625,16.251380920410156,11.370346069335938,0.22027587890625,0,53660.571533203125,38352.812744140625,0,34088599552,2147483648,8334516224,0
200,1787753074417,3500,3500,3500,3500,3500,3500,3500,3500,3500,3500,3500,3500,3500,3500,3500,3500,3500,3500,3500,3500,6.602867126464844,3.4781875610351563,17.476608276367188,0.3300323486328125,0.278106689453125,2.7173080444335938,0.1900787353515625,29.218612670898438,0.25493621826171875,0.290985107421875,0.29418182373046875,2.8431854248046875,0.321746826171875,0.299530029296875,2.9735946655273438,2.9985122680664063,0.21714019775390625,48.52803039550781,44.84843063354492,2.7513656616210938,0,53669.77062988281,38359.863342285156,0,34088599552,2147483648,8346341376,0
200,1787753074617,3500,3500,3500,3500,3500,3500,3500,3500,3500,3500,3500,3500,3500,3500,3500,3500,3500,3500,3500,3500,28.539817810058594,0.290924072265625,31.079566955566406,0.23978424072265625,0.6616058349609375,0.27898406982421875,2.8010025024414063,20.400352478027344,81.78804016113281,0.2841339111328125,0.18733978271484375,0.20981597900390625,0.289825439453125,0.318939208984375,0.40924072265625,0.4068450927734375,0.2431793212890625,45.95096969604492,0.7446670532226563,0.2742919921875,0,53680.33856201172,38368.29992675781,0,34088599552,2147483648,8346296320,0
200,1787753074817,3500,3500,3500,3500,3500,3500,3500,3500,3500,3500,3500,3500,3500,3500,3500,3500,3500,3500,3500,3500,3.0435104370117188,0.3659820556640625,29.347564697265625,2.7487030029296875,5.2574005126953125,0.21148681640625,0.24245452880859375,0.5001983642578125,97.71403503417969,2.5621414184570313,0.18836212158203125,0.189910888671875,0.35524749755859375,2.9371185302734375,0.39925384521484375,0.39730072021484375,2.747161865234375,19.8057861328125,59.942626953125,0.199005126953125,0,53689.39465332031,38375.228088378906,0,34088599552,2147483648,8346288128,0
200,1787753075017,3500,3500,3500,3500,3500,3500,3500,3500,3500,3500,3500,3500,3500,3500,3500,3500,3500,3500,3500,3500,0.6774749755859375,0.35512542724609375,25.602073669433594,0.2394256591796875,37.06755065917969,0.17022705078125,0.15860748291015625,63.15591049194336,0.2712554931640625,0.41998291015625,0.34943389892578125,0.21492767333984375,0.40412139892578125,0.41065216064453125,0.43260955810546875,0.409454345703125,0.2817840576171875,9.95233154296875,68.86235809326172,0.2108917236328125,0,53700.226806640625,38383.93096923828,0,34088599552,2147483648,8346202112,0
200,1787753075218,3500,3500,3500,3500,3500,3500,3500,3500,3500,3500,3500,3500,3500,3500,3500,3500,3500,3500,3500,3500,11.278823852539063,0.33782958984375,11.146125793457031,0.26464080810546875,0.16357421875,0.17644500732421875,0.167266845703125,82.20315551757813,27.522377014160156,0.2684326171875,2.7649688720703125,0.22588348388671875,2.9171676635742188,0.2991180419921875,0.38980865478515625,0.38257598876953125,0.2812042236328125,20.49781036376953,66.36622619628906,0.1639251708984375,0,53708.69842529297,38390.261779785156,0,34088599552,2147483648,8342433792,0
200,1787753075418,3500,3500,3500,3500,3500,3500,3500,3500,3500,3500,3500,3500,3500,3500,3500,3500,3500,3500,3500,3500,7.179832458496094,2.8324356079101563,31.540000915527344,0.24394989013671875,0.28277587890625,2.781036376953125,0.19695281982421875,32.35833740234375,68.32537841796875,0.19660186767578125,0.18811798095703125,2.7574386596679688,39.24217224121094,0.25318145751953125,2.9212570190429688,2.9178085327148438,0.2223968505859375,18.92767333984375,8.665061950683594,2.81427001953125,0,53717.392333984375,38396.799560546875,0,34088599552,2147483648,8341970944,0
200,1787753075618,3500,3500,3500,3500,3500,3500,3500,3500,3500,3500,3500,3500,3500,3500,3500,3500,3500,3500,3500,3500,17.376495361328125,0.8214874267578125,63.890419006347656,0.1939544677734375,0.8976287841796875,0.30387115478515625,2.7852706909179688,0.8253326416015625,38.80487060546875,0.2534637451171875,0.27124786376953125,0.2957305908203125,0.30352020263671875,0.33319854736328125,0.4141387939453125,0.40290069580078125,0.27614593505859375,19.788497924804688,17.616966247558594,0.288482666015625,0,53726.78533935547,38404.05059814453,0,34088599552,2147483648,8309497856,0
200,1787753075819,3500,3500,3500,3500,3500,3500,3500,3500,3500,3500,3500,3500,3500,3500,3500,3500,3500,3500,3500,3500,19.043472290039063,1.3212356567382813,62.81827926635742,2.6996383666992188,2.9077682495117188,0.39257049560546875,0.45648193359375,0.5510787963867188,0.2464599609375,0.37308502197265625,0.21392822265625,0.2619476318359375,0.31327056884765625,2.8009796142578125,0.38402557373046875,0.384429931640625,2.7485580444335938,11.007926940917969,20.469497680664063,0.21657562255859375,0,53735.69940185547,38410.84063720703,0,34088599552,2147483648,8309628928,0
200,1787753076019,3500,3500,3500,3500,3500,3500,3500,3500,3500,3500,3500,3500,3500,3500,3500,3500,3500,3500,3500,3500,16.608924865722656,1.7174911499023438,70.84983825683594,0.2319793701171875,0.37487030029296875,0.290771484375,0.33763885498046875,2.9377822875976563,0.2715606689453125,2.866607666015625,0.26068115234375,0.31273651123046875,0.3189697265625,0.3060455322265625,0.41539764404296875,0.41400146484375,0.32501220703125,14.490707397460938,2.5700454711914063,0.30025482177734375,0,53744.26593017578,38417.28137207031,0,34088599552,2147483648,8309628928,0
200,1787753076219,3500,3500,3500,3500,3500,3500,3500,3500,3500,3500,3500,3500,3500,3500,3500,3500,3500,3500,3500,3500,9.941993713378906,1.232330322265625,32.68804168701172,0.25037384033203125,0.26270294189453125,0.2078857421875,0.30054473876953125,0.275634765625,2.7592239379882813,0.26914215087890625,2.809295654296875,0.3367919921875,2.8409500122070313,0.28237152099609375,0.38451385498046875,0.38851165771484375,0.252716064453125,18.793739318847656,45.62809753417969,0.1864166259765625,0,53755.039306640625,38425.935546875,0,34088599552,2147483648,8309092352,0
200,1787753076420,3500,3500,3500,3500,3500,3500,3500,3500,3500,3500,3500,3500,3500,3500,3500,3500,3500,3500,3500,3500,8.483047485351563,1.0613937377929688,9.301834106445313,0.2976531982421875,0.31691741943359375,2.7937469482421875,0.23950958251953125,0.3964691162109375,0.28227996826171875,0.27584075927734375,0.32759857177734375,2.8403091430664063,0.3205108642578125,0.30743408203125,2.9135208129882813,2.893463134765625,0.277435302734375,24.51006317138672,62.502601623535156,2.6979217529296875,0,53763.44128417969,38432.218017578125,0,34088599552,2147483648,8308576256,0
200,1787753076620,3500,3500,3500,3500,3500,3500,3500,3500,3500,3500,3500,3500,3500,3500,3500,3500,3500,3500,3500,3500,7.113624572753906,3.7658843994140625,59.43187713623047,0.1704559326171875,0.2310028076171875,0.2537689208984375,2.80487060546875,0.29105377197265625,0.40995025634765625,0.2186279296875,0.25795745849609375,0.25096893310546875,0.2747344970703125,0.2811737060546875,0.3826446533203125,0.38069915771484375,0.25457000732421875,21.79566192626953,22.350860595703125,0.21103668212890625,0,53772.541015625,38439.17785644531,0,34088599552,2147483648,8308518912,0
200,1787753076820,3500,3500,3500,3500,3500,3500,3500,3500,3500,3500,3500,3500,3500,3500,3500,3500,3500,3500,3500,3500,14.930206298828125,1.6295394897460938,43.76087951660156,2.75567626953125,2.7725830078125,0.30615997314453125,0.21977996826171875,0.244415283203125,0.38979339599609375,0.38979339599609375,0.30930328369140625,0.27384185791015625,0.301971435546875,2.786346435546875,0.38590240478515625,0.3815155029296875,2.7066497802734375,19.764755249023438,32.704307556152344,0.1785888671875,0,53781.84704589844,38446.36981201172,0,34088599552,2147483648,8308518912,0
200,1787753077021,3500,3500,3500,3500,3500,3500,3500,3500,3500,3500,3500,3500,3500,3500,3500,3500,3500,3500,3500,3500,0.5382003784179688,1.6775970458984375,75.62395477294922,0.19023895263671875,0.248748779296875,0.31787872314453125,0.28017425537109375,0.32247161865234375,0.294891357421875,2.8665313720703125,0.2917938232421875,0.35723876953125,0.31858062744140625,0.299224853515625,0.40946197509765625,0.4063720703125,0.22191619873046875,18.66931915283203,9.084861755371094,0.227752685546875,0,53790.07342529297,38452.47497558594,0,34088599552,2147483648,8308523008,0
200,1787753077222,3500,3500,3500,3500,3500,3500,3500,3500,3500,3500,3500,3500,3500,3500,3500,3500,3500,3500,3500,3500,3.9711532592773438,1.2090301513671875,83.22591400146484,0,0.0170745849609375,0.06031036376953125,0.11087799072265625,2.6770553588867188,2.5879440307617188,0.03409576416015625,2.6038665771484375,0.09081268310546875,2.6620254516601563,0.1019439697265625,0.23413848876953125,0.22719573974609375,0.02136993408203125,13.435501098632813,12.822052001953125,0.001800537109375,0,53799.98858642578,38460.88220214844,0,34088599552,2147483648,8309035008,0
200,1787753077422,3500,3500,3500,3500,3500,3500,3500,3500,3500,3500,3500,3500,3500,3500,3500,3500,3500,3500,3500,3500,14.160995483398438,1.5146713256835938,67.61338806152344,0.37641143798828125,0.606201171875,3.0426025390625,0.5472564697265625,0.49962615966796875,0.5194549560546875,0.454437255859375,0.45269012451171875,2.946990966796875,0.45713043212890625,0.49777984619140625,3.0958633422851563,3.0941696166992188,0.43650054931640625,17.472244262695313,5.695533752441406,2.9066848754882813,0,53808.777587890625,38467.105529785156,0,34088599552,2147483648,8309100544,0
200,1787753077622,3500,3500,3500,3500,3500,3500,3500,3500,3500,3500,3500,3500,3500,3500,3500,3500,3500,3500,3500,3500,3.6440200805664063,3.8762741088867188,62.944862365722656,0.2325592041015625,0.4896392822265625,0.4084625244140625,3.0623016357421875,0.5794677734375,0.3472137451171875,0.2836151123046875,0.31398773193359375,0.280670166015625,0.313690185546875,0.3233795166015625,0.401214599609375,0.42679595947265625,0.24160003662109375,3.23541259765625,37.79567337036133,0.23175811767578125,0,53818.38317871094,38474.67321777344,0,34088599552,2147483648,8309100544,0
199,1787753077823,3500,3500,3500,3500,3500,3500,3500,3500,3500,3500,3500,3500,3500,3500,3500,3500,3500,3500,3500,3500,18.923973083496094,1.6555023193359375,50.25761032104492,2.754364013671875,2.9605712890625,0.31734466552734375,0.45893096923828125,0.30701446533203125,0.2399444580078125,0.22476959228515625,0.2335052490234375,0.27382659912109375,0.32268524169921875,2.769287109375,0.3249359130859375,0.25536346435546875,2.7177352905273438,6.4680023193359375,36.42445755004883,0.15700531005859375,0,53828.186096191406,38482.090881347656,0,34088599552,2147483648,8309084160,0
200,1787753078023,3500,3500,3500,3500,3500,3500,3500,3500,3500,3500,3500,3500,3500,3500,3500,3500,3500,3500,3500,3500,9.114921569824219,1.3687820434570313,41.49254608154297,0.27495574951171875,0.39756011962890625,0.461944580078125,0.46408843994140625,0.3239898681640625,0.24906158447265625,2.804534912109375,0.20298004150390625,0.28604888916015625,0.288299560546875,0.283355712890625,0.28365325927734375,0.28565216064453125,0.2177276611328125,6.373359680175781,51.36790466308594,0.17884063720703125,0,53837.73779296875,38489.49084472656,0,34088599552,2147483648,8309219328,0
199,1787753078223,3500,3500,3500,3500,3500,3500,3500,3500,3500,3500,3500,3500,3500,3500,3500,3500,3500,3500,3500,3500,17.510780334472656,1.3609619140625,56.163978576660156,0.2976837158203125,0.33370208740234375,0.34352874755859375,0.4467010498046875,2.9508056640625,2.9627838134765625,0.28326416015625,2.8876495361328125,0.32806396484375,2.8955307006835938,0.34493255615234375,0.42101287841796875,0.368927001953125,0.27962493896484375,21.99785614013672,10.74200439453125,0.333404541015625,0,53846.29943847656,38495.940368652344,0,34088599552,2147483648,8309293056,0
200,1787753078423,3500,3500,3500,3500,3500,3500,3500,3500,3500,3500,3500,3500,3500,3500,3500,3500,3500,3500,3500,3500,0.6642990112304688,1.5145187377929688,18.876670837402344,0.29781341552734375,0.3040618896484375,2.8410263061523438,0.28522491455078125,0.3046112060546875,0.244293212890625,0.2559356689453125,0.3076629638671875,2.8689117431640625,0.282470703125,0.29071807861328125,2.9008941650390625,0.36353302001953125,0.15643310546875,51.381980895996094,32.88978576660156,2.6966400146484375,0,53855.31335449219,38502.84259033203,0,34088599552,2147483648,8309293056,0
199,1787753078624,3500,3500,3500,3500,3500,3500,3500,3500,3500,3500,3500,3500,3500,3500,3500,3500,3500,3500,3500,3500,7.193931579589844,4.0148773193359375,62.53943634033203,0.2173614501953125,0.28795623779296875,0.31609344482421875,2.8161087036132813,0.30532073974609375,0.40828704833984375,0.27997589111328125,0.4031982421875,0.3978118896484375,0.30426788330078125,0.316192626953125,0.4753875732421875,2.9777984619140625,0.24759674072265625,12.045989990234375,28.812835693359375,0.22405242919921875,0,53864.619567871094,38510.01385498047,0,34088599552,2147483648,8309358592,0
200,1787753078824,3500,3500,3500,3500,3500,3500,3500,3500,3500,3500,3500,3500,3500,3500,3500,3500,3500,3500,3500,3500,22.630157470703125,1.0693893432617188,40.52323913574219,2.720611572265625,0.268218994140625,0.259674072265625,0.328155517578125,0.27152252197265625,0.37158966064453125,0.364593505859375,0.47995758056640625,0.48281097412109375,9.7476806640625,2.8173370361328125,2.4925308227539063,0.4073333740234375,2.7289581298828125,19.84521484375,38.25889205932617,0.19879150390625,0,53875.65771484375,38518.90734863281,0,34088599552,2147483648,8309948416,0
200,1787753079024,3500,3500,3500,3500,3500,3500,3500,3500,3500,3500,3500,3500,3500,3500,3500,3500,3500,3500,3500,3500,1.1328048706054688,1.7310638427734375,48.80570602416992,0.22469329833984375,2.8076019287109375,0.315093994140625,0.2519378662109375,0.28276824951171875,0.36981964111328125,2.981658935546875,0.388275146484375,0.48500823974609375,0.32776641845703125,0.29149627685546875,0.31085205078125,0.32367706298828125,0.18672943115234375,41.66603088378906,12.50079345703125,0.28656005859375,0,53884.247619628906,38525.379455566406,0,34088599552,2147483648,8309948416,0
200,1787753079224,3500,3500,3500,3500,3500,3500,3500,3500,3500,3500,3500,3500,3500,3500,3500,3500,3500,3500,3500,3500,10.379547119140625,1.157928466796875,25.064163208007813,0.22669219970703125,0.24427032470703125,0.22139739990234375,0.24376678466796875,2.8373565673828125,2.8784027099609375,0.37030029296875,2.8531341552734375,0.3677520751953125,2.832763671875,0.27986907958984375,0.29320526123046875,0.25804901123046875,0.22469329833984375,22.760528564453125,49.343936920166016,0.18430328369140625,0,53892.624938964844,38531.63146972656,0,34088599552,2147483648,8309915648,0
200,1787753079425,3500,3500,3500,3500,3500,3500,3500,3500,3500,3500,3500,3500,3500,3500,3500,3500,3500,3500,3500,3500,17.296859741210938,1.4930877685546875,24.986412048339844,0.242034912109375,0.29584503173828125,2.6361236572265625,0.23259735107421875,0.29898834228515625,0.192169189453125,0.2712860107421875,0.1967620849609375,2.8531036376953125,0.364471435546875,0.2910003662109375,2.79315185546875,0.28461456298828125,0.1918182373046875,8.087570190429688,56.91575241088867,2.7168350219726563,0,53902.75946044922,38539.632385253906,0,34088599552,2147483648,8310374400,0
200,1787753079625,3500,3500,3500,3500,3500,3500,3500,3500,3500,3500,3500,3500,3500,3500,3500,3500,3500,3500,3500,3500,5.1912689208984375,3.7875442504882813,18.635284423828125,0.214691162109375,0.320587158203125,0.5013427734375,2.7973098754882813,0.4570159912109375,1.555694580078125,0.313934326171875,0.2330322265625,0.2670135498046875,0.2492218017578125,0.251922607421875,0.30348968505859375,2.7958602905273438,0.239227294921875,2.2649307250976563,80.14949035644531,0.09439849853515625,0,53912.43426513672,38547.19201660156,0,34088599552,2147483648,8310374400,0
200,1787753079825,3500,3500,3500,3500,3500,3500,3500,3500,3500,3500,3500,3500,3500,3500,3500,3500,3500,3500,3500,3500,35.51439666748047,1.1667251586914063,39.17677688598633,2.811279296875,0.35445404052734375,0.39313507080078125,0.31592559814453125,0.3633880615234375,0.29925537109375,0.36399078369140625,0.39777374267578125,0.4002227783203125,0.42867279052734375,2.866729736328125,0.48876190185546875,0.4778289794921875,2.8760604858398438,5.073860168457031,30.24688720703125,0.32061767578125,0,53920.828186035156,38553.460510253906,0,34088599552,2147483648,8310509568,0
200,1787753080025,3500,3500,3500,3500,3500,3500,3500,3500,3500,3500,3500,3500,3500,3500,3500,3500,3500,3500,3500,3500,11.384681701660156,1.5499038696289063,45.465328216552734,0.1891632080078125,2.7702484130859375,0.25970458984375,0.2933349609375,0.23647308349609375,0.2786407470703125,2.8306045532226563,0.35878753662109375,0.22723388671875,0.3987579345703125,0.32935333251953125,0.3795166015625,0.3765716552734375,0.2003021240234375,3.0206146240234375,46.73988723754883,0.18051910400390625,0,53929.11700439453,38559.643798828125,0,34088599552,2147483648,8310509568,0
200,1787753080225,3500,3500,3500,3500,3500,3500,3500,3500,3500,3500,3500,3500,3500,3500,3500,3500,3500,3500,3500,3500,3.29180908203125,1.1580886840820313,37.956600189208984,0.19916534423828125,0.2238616943359375,0.23250579833984375,0.26025390625,2.6980133056640625,2.8115463256835938,0.2108612060546875,2.7444534301757813,0.200164794921875,3.0238037109375,0.25330352783203125,0.26454925537109375,0.2411041259765625,0.19121551513671875,4.721794128417969,66.11551666259766,0.12572479248046875,0,53938.308837890625,38566.66748046875,0,34088599552,2147483648,8310771712,0
200,1787753080426,3500,3500,3500,3500,3500,3500,3500,3500,3500,3500,3500,3500,3500,3500,3500,3500,3500,3500,3500,3500,16.238418579101563,1.4391098022460938,57.72526168823242,0.2598876953125,0.337890625,0.3052825927734375,0.3803863525390625,0.28675079345703125,0.37774658203125,0.317169189453125,0.3205108642578125,2.8452072143554688,0.36576080322265625,0.34832763671875,2.8539505004882813,0.36815643310546875,0.25209808349609375,9.753257751464844,20.488479614257813,2.8325271606445313,0,53948.61560058594,38574.85528564453,0,34088599552,2147483648,8310771712,0
199,1787753080626,3500,3500,3500,3500,3500,3500,3500,3500,3500,3500,3500,3500,3500,3500,3500,3500,3500,3500,3500,3500,17.242691040039063,3.53521728515625,23.573936462402344,0.22730255126953125,0.255889892578125,2.7871856689453125,2.7605056762695313,1.068572998046875,0.29306793212890625,0.26253509521484375,0.22406005859375,0.28707122802734375,0.2537384033203125,0.30910491943359375,0.3468780517578125,2.8153228759765625,0.2301025390625,28.76136016845703,37.99177169799805,0.21886444091796875,0,53958.726806640625,38582.85711669922,0,34088599552,2147483648,8310755328,0
199,1787753080826,3500,3500,3500,3500,3500,3500,3500,3500,3500,3500,3500,3500,3500,3500,3500,3500,3500,3500,3500,3500,1.879302978515625,1.4182891845703125,39.7697868347168,1.6019821166992188,0.29386138916015625,0.2786712646484375,0.2810211181640625,0.5550384521484375,0.23133087158203125,0.28057098388671875,0.18094635009765625,0.27642059326171875,0.26107025146484375,2.7953872680664063,0.37049102783203125,0.36269378662109375,2.705657958984375,18.624313354492188,49.88613510131836,0.16970062255859375,0,53968.19885253906,38590.206787109375,0,34088599552,2147483648,8311148544,0
200,1787753081026,3500,3500,3500,3500,3500,3500,3500,3500,3500,3500,3500,3500,3500,3500,3500,3500,3500,3500,3500,3500,16.138916015625,1.26702880859375,65.73333740234375,1.3060226440429688,2.848724365234375,0.3046112060546875,0.2596282958984375,0.32585906982421875,0.27442169189453125,2.8151321411132813,0.309356689453125,0.22533416748046875,0.29965972900390625,0.34349822998046875,0.399932861328125,0.37514495849609375,0.23548126220703125,8.378921508789063,24.56292724609375,0.185699462890625,0,53977.15856933594,38597.03454589844,0,34088599552,2147483648,8311676928,0
200,1787753081226,3500,3500,3500,3500,3500,3500,3500,3500,3500,3500,3500,3500,3500,3500,3500,3500,3500,3500,3500,3500,20.716110229492188,1.65478515625,56.570228576660156,0.2530975341796875,0.27588653564453125,0.2678070068359375,0.30810546875,2.9200668334960938,2.8763809204101563,0.29663848876953125,2.804718017578125,0.26696014404296875,2.8529434204101563,0.29803466796875,0.4192657470703125,0.39163970947265625,0.24851226806640625,8.668243408203125,18.850624084472656,0.22795867919921875,0,53986.05517578125,38603.80633544922,0,34088599552,2147483648,8311676928,0
200,1787753081427,3500,3500,3500,3500,3500,3500,3500,3500,3500,3500,3500,3500,3500,3500,3500,3500,3500,3500,3500,3500,0.6446533203125,1.359344482421875,41.523983001708984,0.25034332275390625,0.3033599853515625,0.2918243408203125,0.4225616455078125,0.32791900634765625,0.31099700927734375,0.30600738525390625,0.2633209228515625,2.8106002807617188,0.308349609375,0.3188323974609375,0.4124298095703125,0.41033172607421875,0.23102569580078125,32.443687438964844,28.50511932373047,2.7519454956054688,0,53995.811950683594,38611.44738769531,0,34088599552,2147483648,8311676928,0
199,1787753081627,3500,3500,3500,3500,3500,3500,3500,3500,3500,3500,3500,3500,3500,3500,3500,3500,3500,3500,3500,3500,12.322334289550781,3.7474441528320313,68.1103515625,0.19606781005859375,0.27249908447265625,2.7392807006835938,2.8011398315429688,0.78271484375,0.2352294921875,0.264862060546875,0.20664215087890625,0.21791839599609375,3.94854736328125,0.2772369384765625,2.8251876831054688,2.7754974365234375,0.17720794677734375,16.104248046875,26.512718200683594,0.2076873779296875,0,54005.65026855469,38619.132568359375,0,34088599552,2147483648,8313024512,0
200,1787753081827,3500,3500,3500,3500,3500,3500,3500,3500,3500,3500,3500,3500,3500,3500,3500,3500,3500,3500,3500,3500,8.620895385742188,1.484619140625,58.62642288208008,0.18556976318359375,0.2748870849609375,0.3090667724609375,0.260986328125,0.281280517578125,0.3064727783203125,0.26174163818359375,0.22470855712890625,0.2751312255859375,0.7212448120117188,2.9235610961914063,0.325164794921875,0.28553009033203125,2.7146987915039063,37.99870681762695,4.17327880859375,0.23480224609375,0,54015.143127441406,38626.494079589844,0,34088599552,2147483648,8313155584,0
200,1787753082027,3500,3500,3500,3500,3500,3500,3500,3500,3500,3500,3500,3500,3500,3500,3500,3500,3500,3500,3500,3500,3.109466552734375,1.507415771484375,48.0595588684082,2.8054275512695313,2.8070755004882813,0.22444915771484375,0.24143218994140625,0.34111785888671875,0.2758636474609375,2.7852401733398438,0.285400390625,0.29254913330078125,8.11712646484375,0.422210693359375,0.32752227783203125,0.2982940673828125,0.2649688720703125,8.226654052734375,40.291290283203125,0.1768798828125,0,54023.840576171875,38633.080139160156,0,34088599552,2147483648,8313139200,0
200,1787753082228,3500,3500,3500,3500,3500,3500,3500,3500,3500,3500,3500,3500,3500,3500,3500,3500,3500,3500,3500,3500,7.152656555175781,1.6414871215820313,45.034698486328125,0.20562744140625,0.28447723388671875,0.32756805419921875,0.22208404541015625,5.4725189208984375,2.7399520874023438,0.21445465087890625,2.8514633178710938,0.2479705810546875,2.8909149169921875,0.39055633544921875,0.3019866943359375,0.30158233642578125,0.21445465087890625,11.380477905273438,40.760589599609375,0.210113525390625,0,54034.18243408203,38641.29187011719,0,34088599552,2147483648,8313929728,0
200,1787753082428,3500,3500,3500,3500,3500,3500,3500,3500,3500,3500,3500,3500,3500,3500,3500,3500,3500,3500,3500,3500,1.678253173828125,1.031036376953125,55.87971878051758,0.242431640625,0.2566070556640625,0.23334503173828125,0.2169189453125,0.26195526123046875,0.18781280517578125,0.24912261962890625,0.2253570556640625,2.78387451171875,0.37442779541015625,0.39424896240234375,0.2910614013671875,0.2879638671875,0.2556610107421875,18.64153289794922,35.67870330810547,0.17523193359375,0,54043.554931640625,38648.51281738281,0,34088599552,2147483648,8314793984,0
200,1787753082628,3500,3500,3500,3500,3500,3500,3500,3500,3500,3500,3500,3500,3500,3500,3500,3500,3500,3500,3500,3500,9.9039306640625,3.7623367309570313,66.16342163085938,0.14868927001953125,0.2608184814453125,2.7909011840820313,2.765228271484375,0.44046783447265625,0.24797821044921875,0.30721282958984375,0.3363800048828125,0.36734771728515625,0.41014862060546875,0.400665283203125,2.8076324462890625,2.7982406616210938,0.2158660888671875,14.308616638183594,16.888099670410156,2.7273178100585938,0,54052.647033691406,38655.490661621094,0,34088599552,2147483648,8314781696,0
200,1787753082829,3500,3500,3500,3500,3500,3500,3500,3500,3500,3500,3500,3500,3500,3500,3500,3500,3500,3500,3500,3500,2.91162109375,1.6709213256835938,40.90300750732422,0.2747344970703125,0.3041229248046875,0.38585662841796875,0.43939971923828125,0.7670211791992188,0.45252227783203125,0.46105194091796875,0.5475234985351563,0.5839004516601563,0.49188995361328125,3.023040771484375,0.45217132568359375,0.428619384765625,2.8057403564453125,40.718482971191406,24.43187713623047,0.288360595703125,0,54061.850524902344,38662.57061767578,0,34088599552,2147483648,8314912768,0
200,1787753083029,3500,3500,3500,3500,3500,3500,3500,3500,3500,3500,3500,3500,3500,3500,3500,3500,3500,3500,3500,3500,8.255973815917969,1.41351318359375,44.835182189941406,2.6888427734375,2.7401123046875,0.2622833251953125,0.23992156982421875,0.162994384765625,0.3670196533203125,2.8514328002929688,0.30446624755859375,0.42627716064453125,0.432861328125,0.46086883544921875,0.3863372802734375,0.35608673095703125,0.1675872802734375,26.269142150878906,27.452667236328125,0.1392822265625,0,54071.21447753906,38669.818359375,0,34088599552,2147483648,8314912768,0
200,1787753083229,3500,3500,3500,3500,3500,3500,3500,3500,3500,3500,3500,3500,3500,3500,3500,3500,3500,3500,3500,3500,21.58568572998047,0.9745712280273438,33.824913024902344,0.27185821533203125,0.237579345703125,0.25833892822265625,0.2984619140625,2.8326416015625,3.0159835815429688,0.3673248291015625,2.8705215454101563,0.3939208984375,3.02935791015625,0.5122833251953125,0.40350341796875,0.3978118896484375,0.2659759521484375,19.315826416015625,39.740203857421875,0.2091827392578125,0,54081.68475341797,38678.14074707031,0,34088599552,2147483648,8316104704,0
200,1787753083430,3500,3500,3500,3500,3500,3500,3500,3500,3500,3500,3500,3500,3500,3500,3500,3500,3500,3500,3500,3500,6.454597473144531,0.5451583862304688,52.060691833496094,0.19873809814453125,0.35631561279296875,0.2511749267578125,0.27739715576171875,0.31365966796875,0.28684234619140625,0.3317413330078125,0.214263916015625,2.8605499267578125,0.5245819091796875,0.5399627685546875,0.40480804443359375,0.3933258056640625,0.25981903076171875,20.158241271972656,24.77613067626953,0.21446990966796875,0,54090.63427734375,38684.98162841797,0,34088599552,2147483648,8316104704,0
200,1787753083630,3500,3500,3500,3500,3500,3500,3500,3500,3500,3500,3500,3500,3500,3500,3500,3500,3500,3500,3500,3500,52.87099838256836,2.6872406005859375,45.577064514160156,0.2003173828125,0.390594482421875,2.790924072265625,2.784332275390625,0.25772857666015625,0.37870025634765625,0.31134796142578125,0.35137176513671875,0.265625,0.44930267333984375,0.30919647216796875,2.8823165893554688,2.8681259155273438,0.27912139892578125,0.2695770263671875,9.302619934082031,2.701385498046875,0,54100.546325683594,38692.76379394531,0,34088599552,2147483648,8316354560,0
200,1787753083830,3500,3500,3500,3500,3500,3500,3500,3500,3500,3500,3500,3500,3500,3500,3500,3500,3500,3500,3500,3500,50.786224365234375,0.18218994140625,31.477981567382813,0.16127777099609375,0.2478790283203125,0.1994171142578125,0.25162506103515625,0.29265594482421875,0.44335174560546875,0.34786224365234375,0.36698150634765625,0.3198089599609375,2.6921615600585938,0.4292755126953125,0.360992431640625,0.36772918701171875,2.7874984741210938,2.7887954711914063,27.99859619140625,0.19287109375,0,54110.45812988281,38700.528747558594,0,34088599552,2147483648,8321835008,0
200,1787753084031,3500,3500,3500,3500,3500,3500,3500,3500,3500,3500,3500,3500,3500,3500,3500,3500,3500,3500,3500,3500,50.3958740234375,0.24886322021484375,38.62394332885742,2.736572265625,2.9067611694335938,0.30718994140625,0.3375244140625,0.2707672119140625,0.45302581787109375,2.9834442138671875,0.36641693115234375,0.3545379638671875,0.45816802978515625,2.6489639282226563,0.40677642822265625,0.41246795654296875,0.34041595458984375,0.3367767333984375,18.440818786621094,0.2618408203125,0,54119.40686035156,38707.371643066406,0,34088599552,2147483648,8321904640,0
199,1787753084231,3500,3500,3500,3500,3500,3500,3500,3500,3500,3500,3500,3500,3500,3500,3500,3500,3500,3500,3500,3500,24.398239135742188,0.315216064453125,41.3209228515625,0.2263946533203125,0.29680633544921875,0.30997467041015625,0.30922698974609375,2.856201171875,0.3226470947265625,0.26746368408203125,2.8509597778320313,0.37569427490234375,8.481575012207031,0.32275390625,8.086318969726563,0.325042724609375,0.309326171875,0.35369110107421875,25.211349487304688,0.24919891357421875,0,54129.520080566406,38715.36145019531,0,34088599552,2147483648,8321908736,0
200,1787753084431,3500,3500,3500,3500,3500,3500,3500,3500,3500,3500,3500,3500,3500,3500,3500,3500,3500,3500,3500,3500,16.834701538085938,0.2292633056640625,36.2353515625,0.203216552734375,0.19091796875,0.2790069580078125,0.23656463623046875,0.20946502685546875,2.721282958984375,0.26625823974609375,0.219818115234375,2.7983169555664063,3.2155532836914063,0.27146148681640625,0.26590728759765625,0.2750091552734375,0.311798095703125,0.3291473388671875,48.481807708740234,0.1538238525390625,0,54137.726318359375,38721.44989013672,0,34088599552,2147483648,8321847296,0
200,1787753084631,3500,3500,3500,3500,3500,3500,3500,3500,3500,3500,3500,3500,3500,3500,3500,3500,3500,3500,3500,3500,31.858245849609375,2.8257064819335938,25.095008850097656,0.31044769287109375,0.2312774658203125,2.799835205078125,2.7540817260742188,0.284027099609375,0.507354736328125,0.28137969970703125,0.248260498046875,0.26663970947265625,5.9228515625,0.26589202880859375,27.826011657714844,2.7540817260742188,0.339019775390625,0.3967132568359375,36.6842155456543,2.7417373657226563,0,54147.8037109375,38729.56134033203,0,34088599552,2147483648,8327933952,0
200,1787753084831,3500,3500,3500,3500,3500,3500,3500,3500,3500,3500,3500,3500,3500,3500,3500,3500,3500,3500,3500,3500,27.08196258544922,0.271881103515625,37.428409576416016,0.21044158935546875,0.33306884765625,0.31923675537109375,0.23761749267578125,0.288116455078125,0.28527069091796875,0.38666534423828125,0.28951263427734375,0.3332672119140625,15.889205932617188,0.33856201171875,0.32202911376953125,0.31363677978515625,1.4103546142578125,2.8296966552734375,26.671218872070313,0.2079925537109375,0,54157.56823730469,38737.58361816406,0,34088599552,2147483648,8328065024,0
200,1787753085032,3500,3500,3500,3500,3500,3500,3500,3500,3500,3500,3500,3500,3500,3500,3500,3500,3500,3500,3500,3500,26.574478149414063,0.22550201416015625,38.349246978759766,2.7569351196289063,2.8320999145507813,0.2917327880859375,0.23294830322265625,0.26895904541015625,0.344970703125,2.7735671997070313,0.23868560791015625,0.2798919677734375,24.63135528564453,2.7918472290039063,0.32144927978515625,0.2908782958984375,1.6754150390625,0.28658294677734375,18.359817504882813,0.276397705078125,0,54167.055114746094,38744.52215576172,0,34088599552,2147483648,8328134656,0
200,1787753085232,3500,3500,3500,3500,3500,3500,3500,3500,3500,3500,3500,3500,3500,3500,3500,3500,3500,3500,3500,3500,2.4018478393554688,0.28144073486328125,47.72907638549805,0.18601226806640625,0.2589569091796875,0.27069854736328125,0.2367706298828125,2.8334732055664063,0.3041229248046875,0.200653076171875,0.326507568359375,0.22263336181640625,18.3319091796875,0.24211883544921875,0.2835845947265625,0.292083740234375,0.27384185791015625,0.3028717041015625,37.90673828125,0.2117919921875,0,54175.16278076172,38750.69445800781,0,34088599552,2147483648,8328134656,0
200,1787753085432,3500,3500,3500,3500,3500,3500,3500,3500,3500,3500,3500,3500,3500,3500,3500,3500,3500,3500,3500,3500,23.52557373046875,0.26732635498046875,39.53659439086914,0.183685302734375,0.24852752685546875,0.23650360107421875,0.24273681640625,0.2460784912109375,2.8020477294921875,0.188629150390625,2.8046951293945313,2.7987060546875,15.747238159179688,0.36219024658203125,0.26453399658203125,0.27979278564453125,0.29620361328125,0.29944610595703125,31.632774353027344,0.15765380859375,0,54184.993225097656,38758.057556152344,0,34088599552,2147483648,8330117120,0
199,1787753085633,3500,3500,3500,3500,3500,3500,3500,3500,3500,3500,3500,3500,3500,3500,3500,3500,3500,3500,3500,3500,40.00302505493164,2.7825851440429688,28.283065795898438,0.2508544921875,0.28774261474609375,2.8362960815429688,2.7771453857421875,0.30336761474609375,0.4714202880859375,0.30765533447265625,0.2666778564453125,0.29752349853515625,0.54583740234375,0.47446441650390625,10.620002746582031,2.835296630859375,0.36016082763671875,0.3856658935546875,31.27153778076172,2.7784423828125,0,54193.32873535156,38764.264587402344,0,34088599552,2147483648,8330186752,0
200,1787753085833,3500,3500,3500,3500,3500,3500,3500,3500,3500,3500,3500,3500,3500,3500,3500,3500,3500,3500,3500,3500,52.13457107543945,0.2276458740234375,36.8226432800293,0.1711578369140625,0.28968048095703125,0.253143310546875,0.282684326171875,0.2703857421875,0.478790283203125,0.30652618408203125,0.25489044189453125,0.233795166015625,0.5958099365234375,0.36086273193359375,0.29163360595703125,0.297882080078125,0.28203582763671875,2.8132858276367188,18.00524139404297,0.23919677734375,0,54201.41375732422,38770.235412597656,0,34088599552,2147483648,8330313728,0
200,1787753086033,3500,3500,3500,3500,3500,3500,3500,3500,3500,3500,3500,3500,3500,3500,3500,3500,3500,3500,3500,3500,30.86888885498047,0.2027130126953125,20.165077209472656,2.7448806762695313,2.7029190063476563,0.2851409912109375,0.24562835693359375,0.25655364990234375,0.1817626953125,2.7614974975585938,0.27930450439453125,0.2710723876953125,15.728118896484375,2.7457809448242188,0.29113006591796875,0.269073486328125,2.7724227905273438,0.25091552734375,42.47626495361328,0.12453460693359375,0,54210.81103515625,38777.506896972656,0,34088599552,2147483648,8330375168,0
200,1787753086233,3500,3500,3500,3500,3500,3500,3500,3500,3500,3500,3500,3500,3500,3500,3500,3500,3500,3500,3500,3500,27.28179931640625,0.2497406005859375,51.42210006713867,0.22917938232421875,0.196990966796875,0.29975128173828125,0.31781768798828125,2.831024169921875,0.34986114501953125,0.26336669921875,0.307037353515625,0.2760467529296875,3.061004638671875,0.29351043701171875,0.34197235107421875,0.296905517578125,0.34032440185546875,0.35699462890625,30.476959228515625,0.228485107421875,0,54220.932373046875,38785.47619628906,0,34088599552,2147483648,8330510336,0
200,1787753086434,3500,3500,3500,3500,3500,3500,3500,3500,3500,3500,3500,3500,3500,3500,3500,3500,3500,3500,3500,3500,24.693313598632813,0.28900146484375,17.890480041503906,0.24452972412109375,0.3174896240234375,0.3125457763671875,0.1954498291015625,0.27376556396484375,2.8356246948242188,0.26271820068359375,2.738677978515625,2.7881546020507813,24.109107971191406,0.25691986083984375,0.30210113525390625,0.33478546142578125,0.39630126953125,0.41239166259765625,37.74262237548828,0.22798919677734375,0,54230.68524169922,38793.11669921875,0,34088599552,2147483648,8330510336,0
200,1787753086634,3500,3500,3500,3500,3500,3500,3500,3500,3500,3500,3500,3500,3500,3500,3500,3500,3500,3500,3500,3500,51.25693893432617,2.71075439453125,5.0579833984375,0.286376953125,0.36753082275390625,2.7833099365234375,0.24639892578125,0.2995147705078125,0.41080474853515625,0.372222900390625,0.3423919677734375,0.24394989013671875,8.268386840820313,0.314605712890625,2.7973556518554688,2.8239364624023438,0.478057861328125,0.48410797119140625,43.240196228027344,2.7018661499023438,0,54240.782287597656,38801.09588623047,0,34088599552,2147483648,8330510336,0
199,1787753086834,3500,3500,3500,3500,3500,3500,3500,3500,3500,3500,3500,3500,3500,3500,3500,3500,3500,3500,3500,3500,17.80120849609375,0.3011474609375,57.13594055175781,0.247344970703125,0.32288360595703125,0.30324554443359375,2.810272216796875,0.20128631591796875,0.267181396484375,0.30939483642578125,0.244598388671875,0.3109893798828125,0.7921905517578125,0.2750244140625,0.298553466796875,0.25528717041015625,0.5151748657226563,0.5023345947265625,36.95834732055664,0.1822967529296875,0,54250.04803466797,38808.22235107422,0,34088599552,2147483648,8331251712,0
200,1787753087034,3500,3500,3500,3500,3500,3500,3500,3500,3500,3500,3500,3500,3500,3500,3500,3500,3500,3500,3500,3500,39.48066711425781,0.19382476806640625,46.445926666259766,2.691070556640625,2.9120330810546875,0.3927459716796875,0.3943939208984375,0.34606170654296875,0.2841339111328125,2.7650909423828125,0.27838897705078125,0.2859344482421875,3.6138992309570313,2.80792236328125,0.30068206787109375,0.2882843017578125,2.8172683715820313,2.7935791015625,18.054611206054688,0.193572998046875,0,54258.640686035156,38814.695373535156,0,34088599552,2147483648,8331255808,0
200,1787753087234,3500,3500,3500,3500,3500,3500,3500,3500,3500,3500,3500,3500,3500,3500,3500,3500,3500,3500,3500,3500,47.21294021606445,0.1352996826171875,26.963478088378906,0.16876983642578125,0.38641357421875,0.387359619140625,0.3236083984375,2.90496826171875,3.1087188720703125,0.2451629638671875,0.2147369384765625,0.195953369140625,8.310417175292969,0.26250457763671875,0.43267822265625,0.24616241455078125,0.26670074462890625,0.21663665771484375,24.73699951171875,0.157684326171875,0,54267.853515625,38821.77606201172,0,34088599552,2147483648,8331255808,0
200,1787753087434,3500,3500,3500,3500,3500,3500,3500,3500,3500,3500,3500,3500,3500,3500,3500,3500,3500,3500,3500,3500,16.883338928222656,0.32729339599609375,34.661598205566406,0.27684783935546875,0.431427001953125,0.47518157958984375,0.5718765258789063,0.4593963623046875,2.88958740234375,0.4923095703125,2.8796005249023438,0.36295318603515625,2.8024368286132813,0.46294403076171875,31.14459228515625,0.31740570068359375,0.36734771728515625,0.39806365966796875,21.970321655273438,0.31505584716796875,0,54276.72637939453,38828.53192138672,0,34088599552,2147483648,8331309056,0
199,1787753087635,3500,3500,3500,3500,3500,3500,3500,3500,3500,3500,3500,3500,3500,3500,3500,3500,3500,3500,3500,3500,10.515594482421875,2.8138275146484375,77.686767578125,0.17218780517578125,0.34377288818359375,2.941619873046875,0.4860382080078125,0.37732696533203125,0.655181884765625,0.479949951171875,0.40529632568359375,2.98626708984375,7.7118988037109375,0.364044189453125,2.8189239501953125,2.8759994506835938,0.305816650390625,0.34222412109375,25.035980224609375,2.7407684326171875,0,54286.611755371094,38836.268310546875,0,34088599552,2147483648,8332873728,0
200,1787753087835,3500,3500,3500,3500,3500,3500,3500,3500,3500,3500,3500,3500,3500,3500,3500,3500,3500,3500,3500,3500,50.96181869506836,0.22350311279296875,14.91033935546875,0.20770263671875,0.39736175537109375,0.37636566162109375,3.0202484130859375,0.35787200927734375,1.0795669555664063,0.41056060791015625,0.411163330078125,0.3720703125,12.664268493652344,0.3610687255859375,0.3199310302734375,0.27094268798828125,0.33338165283203125,0.2900848388671875,29.138771057128906,0.2210540771484375,0,54295.081787109375,38842.61169433594,0,34088599552,2147483648,8333127680,0
200,1787753088035,3500,3500,3500,3500,3500,3500,3500,3500,3500,3500,3500,3500,3500,3500,3500,3500,3500,3500,3500,3500,27.72913360595703,0.27240753173828125,34.31404113769531,2.7576522827148438,2.9259872436523438,0.3434600830078125,0.47721099853515625,0.3705902099609375,0.3132781982421875,2.8055191040039063,0.26441192626953125,0.27785491943359375,4.012168884277344,2.8269577026367188,0.35449981689453125,0.32122039794921875,2.8058242797851563,2.8093185424804688,44.102935791015625,0.19866180419921875,0,54303.613037109375,38849.01818847656,0,34088599552,2147483648,8333197312,0
200,1787753088235,3500,3500,3500,3500,3500,3500,3500,3500,3500,3500,3500,3500,3500,3500,3500,3500,3500,3500,3500,3500,42.2391242980957,0.20793914794921875,42.34756088256836,0.1934661865234375,0.3606414794921875,0.2964630126953125,0.428009033203125,2.8638534545898438,0.13872528076171875,0.1691131591796875,0.299407958984375,0.2707672119140625,8.531227111816406,0.20609283447265625,0.35739898681640625,0.36138916015625,0.27915191650390625,0.26776885986328125,11.204307556152344,0.1739044189453125,0,54312.53466796875,38855.83435058594,0,34088599552,2147483648,8333197312,0
200,1787753088435,3500,3500,3500,3500,3500,3500,3500,3500,3500,3500,3500,3500,3500,3500,3500,3500,3500,3500,3500,3500,27.198097229003906,0.3351898193359375,55.59033203125,0.24004364013671875,0.4485931396484375,0.41590118408203125,0.5172271728515625,0.42578125,2.817413330078125,0.33933258056640625,2.800445556640625,0.32884979248046875,3.0804214477539063,0.336181640625,0.43975830078125,0.4266357421875,0.31247711181640625,0.35669708251953125,27.968048095703125,0.23699951171875,0,54322.90606689453,38864.062927246094,0,34088599552,2147483648,8334516224,0
200,1787753088636,3500,3500,3500,3500,3500,3500,3500,3500,3500,3500,3500,3500,3500,3500,3500,3500,3500,3500,3500,3500,38.90618133544922,2.8101043701171875,40.35911178588867,0.251617431640625,0.54901123046875,2.9138946533203125,0.49315643310546875,0.37764739990234375,1.71173095703125,0.35335540771484375,0.22837066650390625,2.8309555053710938,0.33235931396484375,0.299041748046875,2.9103012084960938,2.9182815551757813,0.30782318115234375,0.29869842529296875,24.416961669921875,2.708465576171875,0,54330.80096435547,38869.83703613281,0,34088599552,2147483648,8334987264,0
200,1787753088836,3500,3500,3500,3500,3500,3500,3500,3500,3500,3500,3500,3500,3500,3500,3500,3500,3500,3500,3500,3500,36.5026969909668,0.27674102783203125,50.37397003173828,0.2110443115234375,0.31751251220703125,0.3126678466796875,2.85845947265625,0.3494873046875,0.36302947998046875,0.4452667236328125,0.45975494384765625,0.46195220947265625,0.3572845458984375,0.29148101806640625,0.49997711181640625,0.42093658447265625,0.31766510009765625,0.31131744384765625,19.71570587158203,0.217041015625,0,54339.627990722656,38876.54333496094,0,34088599552,2147483648,8335171584,0
200,1787753089036,3500,3500,3500,3500,3500,3500,3500,3500,3500,3500,3500,3500,3500,3500,3500,3500,3500,3500,3500,3500,26.02374267578125,0.21573638916015625,41.97929382324219,2.6695480346679688,2.877288818359375,0.37042999267578125,0.38871002197265625,0.320831298828125,0.34210968017578125,2.9317398071289063,0.30649566650390625,0.3551483154296875,7.5423583984375,2.7503662109375,0.35040283203125,0.35230255126953125,2.7674484252929688,2.799072265625,41.686283111572266,0.1755218505859375,0,54349.299560546875,38884.065979003906,0,34088599552,2147483648,8338206720,0
200,1787753089237,3500,3500,3500,3500,3500,3500,3500,3500,3500,3500,3500,3500,3500,3500,3500,3500,3500,3500,3500,3500,31.355880737304688,0.2129669189453125,24.213539123535156,0.24384307861328125,0.24549102783203125,0.22788238525390625,0.26244354248046875,2.7837600708007813,0.3283843994140625,0.4777069091796875,0.4164581298828125,0.316314697265625,15.945396423339844,0.25067138671875,0.3036956787109375,0.2801513671875,0.28209686279296875,0.3031463623046875,32.81105041503906,0.17501068115234375,0,54359.970275878906,38892.61340332031,0,34088599552,2147483648,8338276352,0
200,1787753089437,3500,3500,3500,3500,3500,3500,3500,3500,3500,3500,3500,3500,3500,3500,3500,3500,3500,3500,3500,3500,39.35851287841797,0.2806549072265625,33.77008056640625,0.2372283935546875,0.28444671630859375,0.361358642578125,0.29293060302734375,0.33890533447265625,2.95782470703125,0.5036087036132813,2.9862747192382813,0.4663238525390625,2.9918212890625,0.33470916748046875,0.31644439697265625,0.3504791259765625,0.33840179443359375,0.31649017333984375,30.624282836914063,0.25185394287109375,0,54367.502197265625,38898.01837158203,0,34088599552,2147483648,8338079744,0
199,1787753089637,3500,3500,3500,3500,3500,3500,3500,3500,3500,3500,3500,3500,3500,3500,3500,3500,3500,3500,3500,3500,32.56494903564453,2.7768630981445313,61.602603912353516,0.1654052734375,0.2370758056640625,2.80328369140625,0.32956695556640625,0.25090789794921875,0.8130035400390625,0.46060943603515625,0.36722564697265625,2.9964065551757813,8.053367614746094,0.32781982421875,2.8022308349609375,2.827606201171875,0.31273651123046875,0.30309295654296875,2.3577041625976563,2.7618789672851563,0,54376.693115234375,38905.10192871094,0,34088599552,2147483648,8338386944,0
200,1787753089837,3500,3500,3500,3500,3500,3500,3500,3500,3500,3500,3500,3500,3500,3500,3500,3500,3500,3500,3500,3500,21.761680603027344,0.25457763671875,33.771217346191406,0.210845947265625,0.23138427734375,0.30511474609375,2.75634765625,0.18779754638671875,0.425933837890625,0.450531005859375,0.3695526123046875,0.45447540283203125,3.7470779418945313,0.3056640625,2.9718399047851563,0.2688751220703125,0.9955825805664063,0.28942108154296875,61.13652038574219,0.1516571044921875,0,54384.01818847656,38910.277099609375,0,34088599552,2147483648,8345694208,0
200,1787753090038,3500,3500,3500,3500,3500,3500,3500,3500,3500,3500,3500,3500,3500,3500,3500,3500,3500,3500,3500,3500,31.92052459716797,0.2508392333984375,48.71926498413086,2.754852294921875,2.7934951782226563,0.31383514404296875,0.31433868408203125,0.23561859130859375,0.37593841552734375,2.999053955078125,0.38426971435546875,0.479217529296875,6.6727142333984375,2.8461532592773438,0.2874298095703125,0.29052734375,2.8207473754882813,2.7835617065429688,30.2066650390625,0.20526885986328125,0,54392.76745605469,38916.895080566406,0,34088599552,2147483648,8346103808,0
200,1787753090238,3500,3500,3500,3500,3500,3500,3500,3500,3500,3500,3500,3500,3500,3500,3500,3500,3500,3500,3500,3500,25.238128662109375,0.2190704345703125,22.407470703125,0.22756195068359375,0.23789215087890625,0.29151153564453125,0.2788848876953125,2.847381591796875,0.32770538330078125,0.42061614990234375,0.3279571533203125,0.42127227783203125,4.183082580566406,0.27164459228515625,0.31612396240234375,0.2855224609375,0.275634765625,0.30948638916015625,52.403472900390625,0.2039947509765625,0,54401.20294189453,38923.213806152344,0,34088599552,2147483648,8346103808,0
200,1787753090438,3500,3500,3500,3500,3500,3500,3500,3500,3500,3500,3500,3500,3500,3500,3500,3500,3500,3500,3500,3500,24.03211212158203,0.3225860595703125,77.51356506347656,0.15544891357421875,0.35234832763671875,0.34775543212890625,0.27610015869140625,0.20948028564453125,2.8275375366210938,0.314697265625,2.7581787109375,0.3225860595703125,3.2072067260742188,0.332977294921875,0.3267364501953125,0.28204345703125,0.3115997314453125,0.281890869140625,2.6812744140625,0.24383544921875,0,54410.29315185547,38930.38024902344,0,34088599552,2147483648,8346099712,0
200,1787753090639,3500,3500,3500,3500,3500,3500,3500,3500,3500,3500,3500,3500,3500,3500,3500,3500,3500,3500,3500,3500,8.858200073242188,2.851348876953125,36.1396598815918,0.213348388671875,0.3525543212890625,2.8804397583007813,0.250518798828125,0.2660369873046875,0.436920166015625,0.2151947021484375,0.26818084716796875,2.7971649169921875,7.780891418457031,0.31024169921875,6.425712585449219,2.8425674438476563,23.09234619140625,0.3085479736328125,48.235694885253906,2.7285614013671875,0,54420.30651855469,38938.46691894531,0,34088599552,2147483648,8348655616,0
200,1787753090839,3500,3500,3500,3500,3500,3500,3500,3500,3500,3500,3500,3500,3500,3500,3500,3500,3500,3500,3500,3500,32.462615966796875,0.21886444091796875,26.69214630126953,0.203826904296875,0.25238800048828125,0.312286376953125,2.8093490600585938,0.34131622314453125,0.27556610107421875,0.33242034912109375,0.27986907958984375,0.3062896728515625,15.037109375,0.306793212890625,0.33127593994140625,0.29190826416015625,0.40280914306640625,0.390869140625,32.93696594238281,0.2586822509765625,0,54431.164489746094,38946.83117675781,0,34088599552,2147483648,8348995584,0
200,1787753091039,3500,3500,3500,3500,3500,3500,3500,3500,3500,3500,3500,3500,3500,3500,3500,3500,3500,3500,3500,3500,33.106231689453125,0.23571014404296875,32.08393096923828,2.714324951171875,2.8093109130859375,0.242156982421875,0.34088134765625,0.26627349853515625,0.3309478759765625,0.28090667724609375,0.261627197265625,0.30237579345703125,9.772674560546875,2.7918319702148438,0.28045654296875,0.3097686767578125,2.904541015625,2.8738250732421875,36.72739028930664,0.21573638916015625,0,54439.85089111328,38953.65869140625,0,34088599552,2147483648,8348200960,0
200,1787753091239,3500,3500,3500,3500,3500,3500,3500,3500,3500,3500,3500,3500,3500,3500,3500,3500,3500,3500,3500,3500,34.61292266845703,0.26456451416015625,79.2212142944336,0.185699462890625,3.5908432006835938,0.26950836181640625,0.20293426513671875,2.8127822875976563,6.973907470703125,2.8160781860351563,0.24538421630859375,0.24053955078125,64.66714477539063,0.1977386474609375,42.23453903198242,0.2310028076171875,46.91691207885742,0.226104736328125,63.11082077026367,0.19074249267578125,0,54455.438232421875,38966.64337158203,0,34088599552,2147483648,8379449344,0
200,1787753091440,3500,3500,3500,3500,3500,3500,3500,3500,3500,3500,3500,3500,3500,3500,3500,3500,3500,3500,3500,3500,49.997802734375,0.3009796142578125,70.14888763427734,0.32659149169921875,0.39324188232421875,0.3849029541015625,0.39144134521484375,0.3647308349609375,3.1941375732421875,0.4567413330078125,2.970184326171875,0.35430145263671875,38.5442008972168,0.25470733642578125,67.4207763671875,0.25115966796875,29.395721435546875,0.365081787109375,40.4531364440918,0.3252410888671875,0,54469.82403564453,38978.86437988281,0,34088599552,2147483648,8387141632,0
200,1787753091640,3500,3500,3500,3500,3500,3500,3500,3500,3500,3500,3500,3500,3500,3500,3500,3500,3500,3500,3500,3500,23.300537109375,0.28383636474609375,40.525535583496094,0.283538818359375,1.6801986694335938,2.8185043334960938,0.29538726806640625,0.29648590087890625,16.316055297851563,0.3005828857421875,0.27099609375,2.852691650390625,38.621376037597656,0.243408203125,26.183067321777344,2.769073486328125,13.763542175292969,0.36161041259765625,72.81197357177734,2.74713134765625,0,54479.75354003906,38986.62548828125,0,34088599552,2147483648,8360136704,0
200,1787753091840,3500,3500,3500,3500,3500,3500,3500,3500,3500,3500,3500,3500,3500,3500,3500,3500,3500,3500,3500,3500,25.070594787597656,2.8298873901367188,29.018798828125,0.2942047119140625,0.3533172607421875,0.370574951171875,2.849334716796875,0.3519744873046875,0.76873779296875,0.3765106201171875,0.31320953369140625,0.41053009033203125,8.352821350097656,0.34588623046875,0.342742919921875,0.38474273681640625,0.46590423583984375,0.4482421875,45.33985137939453,0.24497222900390625,0,54489.205017089844,38993.944091796875,0,34088599552,2147483648,8360267776,0
199,1787753092041,3500,3500,3500,3500,3500,3500,3500,3500,3500,3500,3500,3500,3500,3500,3500,3500,3500,3500,3500,3500,26.811241149902344,0.24967193603515625,47.0794792175293,2.7351226806640625,2.71685791015625,0.28934478759765625,0.31529998779296875,0.23490142822265625,0.2921905517578125,0.22137451171875,0.1601409912109375,0.27417755126953125,8.992324829101563,2.75927734375,1.169219970703125,0.2842559814453125,2.8352813720703125,2.837677001953125,40.48836898803711,0.13753509521484375,0,54498.54913330078,39001.1318359375,0,34088599552,2147483648,8360787968,0
200,1787753092241,3500,3500,3500,3500,3500,3500,3500,3500,3500,3500,3500,3500,3500,3500,3500,3500,3500,3500,3500,3500,29.58863067626953,0.28125762939453125,41.200660705566406,0.2062835693359375,0.37552642822265625,0.30524444580078125,0.34928131103515625,0.36577606201171875,3.6650314331054688,2.8364028930664063,0.29620361328125,0.26166534423828125,8.527206420898438,0.349334716796875,0.3355865478515625,0.29620361328125,0.28855133056640625,0.3375396728515625,26.01592254638672,0.25041961669921875,0,54507.62463378906,39008.083984375,0,34088599552,2147483648,8360189952,0
200,1787753092441,3500,3500,3500,3500,3500,3500,3500,3500,3500,3500,3500,3500,3500,3500,3500,3500,3500,3500,3500,3500,46.72455978393555,0.22057342529296875,17.03167724609375,0.28874969482421875,0.49291229248046875,0.416412353515625,0.4253387451171875,3.01654052734375,2.7444992065429688,0.334228515625,2.7887802124023438,0.3292388916015625,3.0132522583007813,0.3704376220703125,0.310638427734375,0.319122314453125,0.29822540283203125,0.32091522216796875,40.56939697265625,0.2176361083984375,0,54517.25244140625,39015.58435058594,0,34088599552,2147483648,8359727104,0
199,1787753092642,3500,3500,3500,3500,3500,3500,3500,3500,3500,3500,3500,3500,3500,3500,3500,3500,3500,3500,3500,3500,24.77911376953125,0.31313323974609375,56.72108840942383,0.19213104248046875,0.46715545654296875,2.9003448486328125,0.38525390625,0.47029876708984375,0.5590286254882813,0.2343292236328125,0.25008392333984375,2.7503662109375,0.38176727294921875,0.371337890625,2.8234329223632813,0.30365753173828125,0.30445098876953125,0.30315399169921875,22.981117248535156,2.73724365234375,0,54525.29553222656,39021.493225097656,0,34088599552,2147483648,8358649856,0
200,1787753092842,3500,3500,3500,3500,3500,3500,3500,3500,3500,3500,3500,3500,3500,3500,3500,3500,3500,3500,3500,3500,25.551551818847656,2.82464599609375,39.56062698364258,0.20224761962890625,0.347259521484375,0.385498046875,2.8708343505859375,0.39629364013671875,0.2410888671875,0.2817230224609375,0.2686309814453125,0.25933074951171875,0.6775665283203125,0.2882232666015625,0.28647613525390625,2.8363418579101563,0.3255615234375,0.34250640869140625,50.08722686767578,0.180450439453125,0,54534.33605957031,39028.39013671875,0,34088599552,2147483648,8359141376,0
200,1787753093042,3500,3500,3500,3500,3500,3500,3500,3500,3500,3500,3500,3500,3500,3500,3500,3500,3500,3500,3500,3500,30.48480987548828,0.2371673583984375,23.671066284179688,2.776458740234375,2.8325042724609375,0.21276092529296875,0.3315887451171875,0.2141571044921875,0.32575225830078125,0.24555206298828125,0.33223724365234375,0.26446533203125,31.777786254882813,2.76507568359375,0.28023529052734375,0.321807861328125,2.7924270629882813,2.8128890991210938,25.114212036132813,0.20038604736328125,0,54543.24151611328,39035.166015625,0,34088599552,2147483648,8359141376,0
200,1787753093242,3500,3500,3500,3500,3500,3500,3500,3500,3500,3500,3500,3500,3500,3500,3500,3500,3500,3500,3500,3500,45.72897720336914,0.21373748779296875,11.078865051269531,0.24514007568359375,0.29120635986328125,0.30428314208984375,0.3365325927734375,0.238800048828125,0.27353668212890625,2.8608245849609375,0.302490234375,0.29904937744140625,8.07513427734375,0.2927093505859375,0.30149078369140625,0.32540130615234375,0.318115234375,0.29261016845703125,39.4884033203125,0.2110443115234375,0,54551.589904785156,39041.393493652344,0,34088599552,2147483648,8359141376,0
200,1787753093443,3500,3500,3500,3500,3500,3500,3500,3500,3500,3500,3500,3500,3500,3500,3500,3500,3500,3500,3500,3500,24.927734375,0.1718292236328125,50.95282745361328,0.110443115234375,0.13596343994140625,0.239013671875,0.19800567626953125,2.6889724731445313,2.6984634399414063,0.19690704345703125,2.7532119750976563,0.1897125244140625,2.7643966674804688,0.25589752197265625,0.2114410400390625,0.193603515625,0.22068023681640625,0.20609283447265625,30.912879943847656,0.11733245849609375,0,54559.636962890625,39047.27850341797,0,34088599552,2147483648,8359337984,0
199,1787753093643,3500,3500,3500,3500,3500,3500,3500,3500,3500,3500,3500,3500,3500,3500,3500,3500,3500,3500,3500,3500,32.76079559326172,0.38216400146484375,10.704177856445313,0.5805587768554688,0.919342041015625,3.146270751953125,0.6609344482421875,0.559539794921875,0.6494522094726563,0.6410675048828125,0.5893478393554688,3.0757293701171875,0.579010009765625,0.4676361083984375,2.9656982421875,0.4708251953125,0.4840545654296875,0.44811248779296875,63.403038024902344,3.0211639404296875,0,54568.84002685547,39054.386291503906,0,34088599552,2147483648,8359534592,0
200,1787753093843,3500,3500,3500,3500,3500,3500,3500,3500,3500,3500,3500,3500,3500,3500,3500,3500,3500,3500,3500,3500,24.186111450195313,2.8092498779296875,56.462589263916016,0.214202880859375,0.3331756591796875,0.2592926025390625,2.8307952880859375,0.25954437255859375,0.7270965576171875,0.23929595947265625,0.341827392578125,0.286285400390625,0.34957122802734375,0.32318115234375,0.39821624755859375,2.9580154418945313,0.29668426513671875,0.31268310546875,25.901695251464844,0.20035552978515625,0,54577.574951171875,39060.99481201172,0,34088599552,2147483648,8359665664,0
200,1787753094043,3500,3500,3500,3500,3500,3500,3500,3500,3500,3500,3500,3500,3500,3500,3500,3500,3500,3500,3500,3500,46.46895217895508,0.1842498779296875,24.25927734375,2.7148284912109375,2.7390289306640625,0.25261688232421875,0.2382965087890625,0.18230438232421875,0.31789398193359375,0.26369476318359375,0.32782745361328125,0.26918792724609375,24.024169921875,2.736785888671875,0.37429046630859375,0.370697021484375,2.8140869140625,2.77032470703125,16.337371826171875,0.19173431396484375,0,54587.25048828125,39068.53955078125,0,34088599552,2147483648,8359665664,0
200,1787753094244,3500,3500,3500,3500,3500,3500,3500,3500,3500,3500,3500,3500,3500,3500,3500,3500,3500,3500,3500,3500,36.767486572265625,0.24530792236328125,22.72632598876953,0.2420654296875,0.2539520263671875,0.20079803466796875,0.18625640869140625,0.24291229248046875,0.32550048828125,2.9487152099609375,0.31980133056640625,0.3972930908203125,7.221946716308594,0.3588714599609375,7.252372741699219,0.30136871337890625,0.7059555053710938,0.35892486572265625,51.61342239379883,0.1519317626953125,0,54596.431701660156,39075.56628417969,0,34088599552,2147483648,8360185856,0
200,1787753094444,3500,3500,3500,3500,3500,3500,3500,3500,3500,3500,3500,3500,3500,3500,3500,3500,3500,3500,3500,3500,36.00864028930664,0.2933502197265625,28.035888671875,0.28845977783203125,0.2971954345703125,0.3193359375,0.32672119140625,2.8535003662109375,2.9190902709960938,0.494171142578125,2.9285736083984375,0.46533966064453125,18.743682861328125,0.3845367431640625,8.062339782714844,0.34372711181640625,0.44464111328125,0.43361663818359375,17.686851501464844,0.27678680419921875,0,54605.27996826172,39082.29461669922,0,34088599552,2147483648,8360185856,0
200,1787753094644,3500,3500,3500,3500,3500,3500,3500,3500,3500,3500,3500,3500,3500,3500,3500,3500,3500,3500,3500,3500,38.92013931274414,0.23505401611328125,24.18597412109375,0.27703857421875,0.28986358642578125,0.3703765869140625,0.26850128173828125,0.2244720458984375,0.49921417236328125,0.32440948486328125,0.33878326416015625,2.8914566040039063,8.447547912597656,0.26689910888671875,2.88177490234375,0.39987945556640625,0.3939361572265625,0.38091278076171875,32.667762756347656,2.7711105346679688,0,54614.296630859375,39089.184020996094,0,34088599552,2147483648,8360316928,0
200,1787753094845,3500,3500,3500,3500,3500,3500,3500,3500,3500,3500,3500,3500,3500,3500,3500,3500,3500,3500,3500,3500,38.064117431640625,2.8203125,28.000823974609375,0.2882537841796875,0.37148284912109375,2.6754913330078125,2.8110198974609375,0.2672271728515625,0.3185272216796875,0.3525543212890625,0.31058502197265625,0.35544586181640625,9.548225402832031,0.31708526611328125,0.3430633544921875,2.8571853637695313,0.4508209228515625,0.4495697021484375,32.386566162109375,0.277313232421875,0,54623.213439941406,39095.979248046875,0,34088599552,2147483648,8360316928,0
200,1787753095045,3500,3500,3500,3500,3500,3500,3500,3500,3500,3500,3500,3500,3500,3500,3500,3500,3500,3500,3500,3500,22.843971252441406,0.26418304443359375,43.411659240722656,2.7048110961914063,0.254302978515625,0.23178863525390625,0.2198028564453125,0.286651611328125,0.41180419921875,0.38958740234375,0.29927825927734375,0.41500091552734375,31.288421630859375,2.7701568603515625,0.267730712890625,0.23104095458984375,2.8932113647460938,2.8718490600585938,19.924850463867188,0.18550872802734375,0,54633.699768066406,39104.329345703125,0,34088599552,2147483648,8360906752,0
200,1787753095245,3500,3500,3500,3500,3500,3500,3500,3500,3500,3500,3500,3500,3500,3500,3500,3500,3500,3500,3500,3500,26.75945281982422,0.2989349365234375,45.93790054321289,0.20253753662109375,2.7975692749023438,0.32039642333984375,0.3116607666015625,0.28936004638671875,0.3905487060546875,2.8923187255859375,0.3647003173828125,0.4178466796875,0.38451385498046875,0.32468414306640625,0.31584930419921875,0.328125,0.436004638671875,0.42128753662109375,33.439117431640625,0.2065277099609375,0,54643.292236328125,39111.79949951172,0,34088599552,2147483648,8360902656,0
200,1787753095445,3500,3500,3500,3500,3500,3500,3500,3500,3500,3500,3500,3500,3500,3500,3500,3500,3500,3500,3500,3500,24.870750427246094,0.294952392578125,36.6662712097168,0.1974029541015625,0.27732086181640625,0.27787017822265625,0.25699615478515625,2.8411102294921875,2.7822189331054688,0.2323150634765625,2.8463592529296875,0.313690185546875,10.779579162597656,0.3365631103515625,8.150161743164063,0.29041290283203125,0.37282562255859375,0.39176177978515625,27.279647827148438,0.21738433837890625,0,54651.40222167969,39117.77996826172,0,34088599552,2147483648,8360894464,0
200,1787753095646,3500,3500,3500,3500,3500,3500,3500,3500,3500,3500,3500,3500,3500,3500,3500,3500,3500,3500,3500,3500,30.340301513671875,0.2180023193359375,43.9046630859375,0.13610076904296875,0.26012420654296875,0.18286895751953125,0.23801422119140625,0.19549560546875,0.21221160888671875,0.19599151611328125,0.18785858154296875,2.6889877319335938,1.2241134643554688,0.2771453857421875,1.1547393798828125,0.19049835205078125,0.23841094970703125,0.2259368896484375,33.38299560546875,2.6314926147460938,0,54659.85906982422,39124.09014892578,0,34088599552,2147483648,8361275392,0
200,1787753095846,3500,3500,3500,3500,3500,3500,3500,3500,3500,3500,3500,3500,3500,3500,3500,3500,3500,3500,3500,3500,21.97441864013672,2.8613052368164063,41.656856536865234,0.27947235107421875,0.30712127685546875,2.869293212890625,2.8344039916992188,0.304779052734375,0.44875335693359375,0.3221893310546875,0.30437469482421875,0.3404083251953125,9.920196533203125,0.30641937255859375,9.571556091308594,2.8576126098632813,0.4475555419921875,0.417510986328125,29.77306365966797,0.23615264892578125,0,54667.478515625,39129.580078125,0,34088599552,2147483648,8361861120,0
200,1787753096046,3500,3500,3500,3500,3500,3500,3500,3500,3500,3500,3500,3500,3500,3500,3500,3500,3500,3500,3500,3500,27.523834228515625,0.236663818359375,28.80908966064453,2.7569732666015625,0.23766326904296875,0.30938720703125,0.33940887451171875,0.2728729248046875,0.34210205078125,0.2903594970703125,0.24954986572265625,0.31912994384765625,24.32685089111328,2.7920913696289063,0.34066009521484375,0.3009490966796875,2.9360427856445313,2.9265060424804688,28.43621826171875,0.22412109375,0,54677.11944580078,39137.094787597656,0,34088599552,2147483648,8361861120,0
200,1787753096247,3500,3500,3500,3500,3500,3500,3500,3500,3500,3500,3500,3500,3500,3500,3500,3500,3500,3500,3500,3500,38.904762268066406,0.20424652099609375,56.14906692504883,0.1790008544921875,2.7743682861328125,0.2810211181640625,0.2806243896484375,0.27498626708984375,0.31165313720703125,2.8217086791992188,0.31400299072265625,0.3422393798828125,0.5081634521484375,0.2982330322265625,0.30277252197265625,0.30870819091796875,0.3222808837890625,0.3480224609375,11.916336059570313,0.211029052734375,0,54687.016540527344,39144.88720703125,0,34088599552,2147483648,8361861120,0
200,1787753096447,3500,3500,3500,3500,3500,3500,3500,3500,3500,3500,3500,3500,3500,3500,3500,3500,3500,3500,3500,3500,34.94744873046875,0.27768707275390625,52.641300201416016,0.1640167236328125,0.244903564453125,0.23302459716796875,0.200592041015625,2.7735595703125,2.8638229370117188,0.37094879150390625,2.9419631958007813,0.43436431884765625,2.8840789794921875,0.24739837646484375,0.28511810302734375,0.26795196533203125,0.3008880615234375,0.26700592041015625,20.013336181640625,0.17868804931640625,0,54695.76922607422,39151.89764404297,0,34088599552,2147483648,8362450944,0
200,1787753096648,3500,3500,3500,3500,3500,3500,3500,3500,3500,3500,3500,3500,3500,3500,3500,3500,3500,3500,3500,3500,36.862152099609375,0.2008056640625,27.95478057861328,0.1776123046875,0.1989593505859375,0.21018218994140625,0.29438018798828125,0.250335693359375,0.21308135986328125,0.21222686767578125,0.2729339599609375,2.7371444702148438,8.344749450683594,0.24500274658203125,0.358917236328125,0.36061859130859375,0.2460479736328125,0.27048492431640625,30.939071655273438,0.36231231689453125,0,54704.18078613281,39158.19189453125,0,34088599552,2147483648,8362582016,0
200,1787753096848,3500,3500,3500,3500,3500,3500,3500,3500,3500,3500,3500,3500,3500,3500,3500,3500,3500,3500,3500,3500,30.133132934570313,2.8195953369140625,50.86869812011719,0.23963165283203125,0.38885498046875,2.8612823486328125,2.81884765625,0.32335662841796875,0.3423309326171875,0.293853759765625,0.377471923828125,0.34302520751953125,16.07862091064453,0.32415771484375,2.9901351928710938,2.9796524047851563,0.33823394775390625,0.3631439208984375,10.610916137695313,2.6185531616210938,0,54714.75378417969,39166.53857421875,0,34088599552,2147483648,8362561536,0
200,1787753097049,3500,3500,3500,3500,3500,3500,3500,3500,3500,3500,3500,3500,3500,3500,3500,3500,3500,3500,3500,3500,24.39240264892578,0.2227020263671875,36.50658416748047,0.21312713623046875,0.203643798828125,0.3050689697265625,0.27588653564453125,0.205841064453125,0.1997528076171875,0.2526397705078125,0.259674072265625,0.2422637939453125,0.3585052490234375,2.8057174682617188,0.36199188232421875,0.36553955078125,2.7751846313476563,2.7855072021484375,47.04985427856445,0.19551849365234375,0,54724.06378173828,39173.40948486328,0,34088599552,2147483648,8362561536,0
200,1787753097249,3500,3500,3500,3500,3500,3500,3500,3500,3500,3500,3500,3500,3500,3500,3500,3500,3500,3500,3500,3500,21.805160522460938,0.26680755615234375,28.58843994140625,2.7907943725585938,5.194580078125,0.33167266845703125,0.294647216796875,0.25632476806640625,0.6183853149414063,2.8187332153320313,0.29140472412109375,0.3171539306640625,0.8996124267578125,0.31175994873046875,1.0820388793945313,0.34539031982421875,0.3133087158203125,0.3228912353515625,59.68199920654297,0.18053436279296875,0,54733.34100341797,39180.54815673828,0,34088599552,2147483648,8362958848,0
200,1787753097449,3500,3500,3500,3500,3500,3500,3500,3500,3500,3500,3500,3500,3500,3500,3500,3500,3500,3500,3500,3500,28.360946655273438,0.1961212158203125,35.056671142578125,0.21489715576171875,0.23627471923828125,0.3274688720703125,0.26703643798828125,2.7502365112304688,2.7605209350585938,0.21269989013671875,2.7925872802734375,0.23607635498046875,10.837181091308594,0.2332763671875,0.2347259521484375,0.30309295654296875,0.27472686767578125,0.264892578125,33.520668029785156,0.22858428955078125,0,54743.120056152344,39188.2060546875,0,34088599552,2147483648,8362962944,0
200,1787753097650,3500,3500,3500,3500,3500,3500,3500,3500,3500,3500,3500,3500,3500,3500,3500,3500,3500,3500,3500,3500,42.98036193847656,0.1916961669921875,47.76137924194336,0.18770599365234375,0.24785614013671875,0.23663330078125,0.326171875,0.2958984375,0.45511627197265625,0.4210968017578125,0.4845428466796875,2.9026412963867188,4.390144348144531,0.27355194091796875,0.3426361083984375,0.3775482177734375,0.29175567626953125,0.2951507568359375,9.781463623046875,0.2844696044921875,0,54752.16931152344,39195.120666503906,0,34088599552,2147483648,8363094016,0
199,1787753097850,3500,3500,3500,3500,3500,3500,3500,3500,3500,3500,3500,3500,3500,3500,3500,3500,3500,3500,3500,3500,53.225006103515625,2.7197189331054688,30.722816467285156,0.2255401611328125,0.4496917724609375,2.9875946044921875,2.8731918334960938,0.290313720703125,0.775634765625,0.45208740234375,0.48937225341796875,0.46807861328125,1.3153762817382813,0.27197265625,2.904876708984375,2.8993301391601563,0.2850189208984375,0.2756195068359375,33.75848388671875,2.6799392700195313,0,54762.049560546875,39202.86560058594,0,34088599552,2147483648,8363225088,0
199,1787753098050,3500,3500,3500,3500,3500,3500,3500,3500,3500,3500,3500,3500,3500,3500,3500,3500,3500,3500,3500,3500,32.814247131347656,0.24629974365234375,61.78829574584961,0.19112396240234375,0.5044403076171875,0.36425018310546875,0.3859405517578125,0.49144744873046875,0.45461273193359375,0.5016937255859375,0.483551025390625,0.48580169677734375,5.334983825683594,1.1795120239257813,0.41942596435546875,0.41397857666015625,2.8128280639648438,2.8242721557617188,10.043075561523438,0.26244354248046875,0,54771.835998535156,39210.52117919922,0,34088599552,2147483648,8363356160,0
200,1787753098250,3500,3500,3500,3500,3500,3500,3500,3500,3500,3500,3500,3500,3500,3500,3500,3500,3500,3500,3500,3500,41.85296630859375,0.2886810302734375,34.84532928466797,2.8603897094726563,2.9010772705078125,0.35445404052734375,0.292877197265625,0.38104248046875,1.4677810668945313,2.920013427734375,0.389434814453125,0.38773345947265625,27.00794219970703,1.8913040161132813,23.657455444335938,0.3511505126953125,0.384490966796875,0.368194580078125,48.956417083740234,0.23149871826171875,0,54781.935119628906,39218.46405029297,0,34088599552,2147483648,8385589248,0
201,1787753098450,3500,3500,3500,3500,3500,3500,3500,3500,3500,3500,3500,3500,3500,3500,3500,3500,3500,3500,3500,3500,51.45637893676758,0.191131591796875,42.0890998840332,0.14788818359375,0.2696685791015625,0.26612091064453125,0.20116424560546875,2.8147506713867188,0.39249420166015625,0.269866943359375,2.86517333984375,0.218292236328125,11.438583374023438,0.2799530029296875,0.33831787109375,0.35454559326171875,0.2788543701171875,0.25673675537109375,56.75369644165039,0.1799468994140625,0,54790.558349609375,39224.90789794922,0,34088599552,2147483648,8387706880,0
200,1787753098652,3500,3500,3500,3500,3500,3500,3500,3500,3500,3500,3500,3500,3500,3500,3500,3500,3500,3500,3500,3500,23.664382934570313,0,60.64626693725586,0,0,0,0,0,1.6252288818359375,0,0,1.7208938598632813,17.0435791015625,0,0,0,0,0,46.05417251586914,0,0,54801.137939453125,39233.25988769531,0,34088599552,2147483648,8388616192,0
200,1787753098852,3500,3500,3500,3500,3500,3500,3500,3500,3500,3500,3500,3500,3500,3500,3500,3500,3500,3500,3500,3500,43.13020706176758,2.87750244140625,42.386043548583984,0.31749725341796875,0.430572509765625,2.8679351806640625,2.9414825439453125,0.3191986083984375,7.4895782470703125,0.34365081787109375,0.4061279296875,0.385986328125,0.5753173828125,0.47071075439453125,2.9324111938476563,2.9031524658203125,0.39319610595703125,0.38678741455078125,57.27131271362305,2.81402587890625,0,54811.71887207031,39241.68682861328,0,34088599552,2147483648,8389181440,0
199,1787753099052,3500,3500,3500,3500,3500,3500,3500,3500,3500,3500,3500,3500,3500,3500,3500,3500,3500,3500,3500,3500,38.60179138183594,0.25191497802734375,68.36309814453125,0.14977264404296875,0.25970458984375,0.257354736328125,0.237884521484375,0.29564666748046875,0.5056304931640625,0.26300048828125,0.30678558349609375,0.2946014404296875,15.528594970703125,0.2741851806640625,1.6878814697265625,0.29290008544921875,0.28316497802734375,2.4114761352539063,30.457901000976563,0.234344482421875,0,54820.978576660156,39248.763610839844,0,34088599552,2147483648,8392445952,0
200,1787753099252,3500,3500,3500,3500,3500,3500,3500,3500,3500,3500,3500,3500,3500,3500,3500,3500,3500,3500,3500,3500,42.17267990112305,0.23754119873046875,41.0260009765625,2.7076644897460938,2.7643051147460938,0.20149993896484375,0.32752227783203125,0.28462982177734375,0.23064422607421875,2.7625045776367188,0.26828765869140625,0.24854278564453125,9.432846069335938,2.7867507934570313,0.30142974853515625,0.28173065185546875,2.8035430908203125,0.6415023803710938,62.93217468261719,0.14406585693359375,0,54830.531982421875,39256.12872314453,0,34088599552,2147483648,8392925184,0
200,1787753099453,3500,3500,3500,3500,3500,3500,3500,3500,3500,3500,3500,3500,3500,3500,3500,3500,3500,3500,3500,3500,41.533912658691406,0.26628875732421875,81.59546661376953,0.1714935302734375,0.290618896484375,0.2945098876953125,0.337646484375,2.7989044189453125,0.33959197998046875,0.23841094970703125,2.8731613159179688,0.33385467529296875,21.448883056640625,0.29291534423828125,0.40341949462890625,0.38726043701171875,0.34093475341796875,0.31974029541015625,19.28113555908203,0.21253204345703125,0,54840.393493652344,39263.785583496094,0,34088599552,2147483648,8394432512,0
200,1787753099653,3500,3500,3500,3500,3500,3500,3500,3500,3500,3500,3500,3500,3500,3500,3500,3500,3500,3500,3500,3500,47.99403762817383,0.281158447265625,69.78717803955078,0.16634368896484375,0.32225799560546875,0.26634979248046875,0.3017578125,0.30275726318359375,3.1272964477539063,0.20245361328125,0.27877044677734375,2.856658935546875,0.5563888549804688,0.29627227783203125,0.319122314453125,0.3295440673828125,0.36750030517578125,0.31757354736328125,41.050289154052734,0.20599365234375,0,54850.613708496094,39271.81042480469,0,34088599552,2147483648,8395718656,0
200,1787753099854,3500,3500,3500,3500,3500,3500,3500,3500,3500,3500,3500,3500,3500,3500,3500,3500,3500,3500,3500,3500,41.52035140991211,2.7804031372070313,27.918060302734375,0.2271575927734375,4.636054992675781,2.8799209594726563,2.940216064453125,0.3272705078125,1.826080322265625,0.34395599365234375,0.30294036865234375,0.306732177734375,16.397132873535156,0.2713165283203125,2.813079833984375,2.8148269653320313,0.317230224609375,0.303741455078125,62.54444885253906,2.7278976440429688,0,54860.97937011719,39279.998474121094,0,34088599552,2147483648,8394014720,0
200,1787753100054,3500,3500,3500,3500,3500,3500,3500,3500,3500,3500,3500,3500,3500,3500,3500,3500,3500,3500,3500,3500,46.866756439208984,0.0982208251953125,25.186729431152344,0.120941162109375,2.5542526245117188,0.1591949462890625,0.1595916748046875,0.12264251708984375,9.791610717773438,1.0742950439453125,0.0923309326171875,0.13642120361328125,20.41229248046875,0.1391143798828125,23.875099182128906,0.16573333740234375,0.495697021484375,0.2021331787109375,32.87999725341797,0.1112518310546875,0,54869.74401855469,39286.539978027344,0,34088599552,2147483648,8396988416,0
200,1787753100254,3500,3500,3500,3500,3500,3500,3500,3500,3500,3500,3500,3500,3500,3500,3500,3500,3500,3500,3500,3500,50.9731559753418,0.4252166748046875,54.541561126708984,2.88311767578125,2.9810791015625,0.3897705078125,0.4918670654296875,0.505950927734375,0.5419921875,3.0278091430664063,0.44568634033203125,0.5944671630859375,15.024452209472656,3.016876220703125,3.2040939331054688,0.4441375732421875,7.532867431640625,2.9879684448242188,38.48039627075195,0.33270263671875,0,54881.14764404297,39295.7587890625,0,34088599552,2147483648,8398077952,0
200,1787753100454,3500,3500,3500,3500,3500,3500,3500,3500,3500,3500,3500,3500,3500,3500,3500,3500,3500,3500,3500,3500,41.699893951416016,0.26575469970703125,55.94241714477539,0.156585693359375,0.25921630859375,0.29485321044921875,0.28487396240234375,2.8538589477539063,0.3043365478515625,0.2965545654296875,0.25342559814453125,0.28691864013671875,3.2845840454101563,0.40023040771484375,0.35575103759765625,0.3421783447265625,0.319061279296875,0.28342437744140625,53.50196838378906,0.1907806396484375,0,54892.02770996094,39304.43444824219,0,34088599552,2147483648,8398151680,0
200,1787753100655,3500,3500,3500,3500,3500,3500,3500,3500,3500,3500,3500,3500,3500,3500,3500,3500,3500,3500,3500,3500,31.222084045410156,0.25431060791015625,52.568180084228516,0.18050384521484375,0.449737548828125,0.42138671875,0.48506927490234375,0.41555023193359375,2.820068359375,0.38895416259765625,2.8329925537109375,2.8286514282226563,29.60614013671875,0.2998199462890625,8.224761962890625,0.2503204345703125,0.269378662109375,0.28989410400390625,38.504608154296875,0.1616363525390625,0,54903.03259277344,39313.25256347656,0,34088599552,2147483648,8401817600,0
200,1787753100855,3500,3500,3500,3500,3500,3500,3500,3500,3500,3500,3500,3500,3500,3500,3500,3500,3500,3500,3500,3500,30.856781005859375,2.7820358276367188,73.45555114746094,0.20819854736328125,0.3792877197265625,2.8360671997070313,1.2281646728515625,0.332550048828125,3.5958023071289063,0.2752685546875,0.21134185791015625,0.31731414794921875,39.486289978027344,0.25229644775390625,10.606224060058594,2.8125457763671875,0.3091278076171875,0.28031158447265625,14.103538513183594,2.7855300903320313,0,54915.530700683594,39323.527099609375,0,34088599552,2147483648,8401649664,0
200,1787753101056,3500,3500,3500,3500,3500,3500,3500,3500,3500,3500,3500,3500,3500,3500,3500,3500,3500,3500,3500,3500,33.093528747558594,0.26031494140625,68.61772155761719,0.1824188232421875,6.1419677734375,0.34683990478515625,1.860565185546875,0.31731414794921875,0.47924041748046875,0.3184661865234375,0.277374267578125,0.28939056396484375,47.299217224121094,0.2441558837890625,0.5802230834960938,0.3065948486328125,0.3216552734375,0.29796600341796875,28.98302459716797,0.2467041015625,0,54925.441345214844,39331.24938964844,0,34088599552,2147483648,8400195584,0
200,1787753101256,3500,3500,3500,3500,3500,3500,3500,3500,3500,3500,3500,3500,3500,3500,3500,3500,3500,3500,3500,3500,41.93120193481445,0.26995086669921875,54.8133544921875,2.7546310424804688,2.8255157470703125,0.315673828125,0.34157562255859375,0.31836700439453125,0.3192138671875,2.8122329711914063,0.32225799560546875,0.2612152099609375,52.07449722290039,2.772705078125,0.33733367919921875,0.33014678955078125,2.813629150390625,2.84063720703125,45.096595764160156,0.2141876220703125,0,54935.26434326172,39338.912170410156,0,34088599552,2147483648,8399867904,0
199,1787753101456,3500,3500,3500,3500,3500,3500,3500,3500,3500,3500,3500,3500,3500,3500,3500,3500,3500,3500,3500,3500,35.93248748779297,0.26033782958984375,31.47657012939453,0.33048248291015625,0.297454833984375,0.2820892333984375,0.35028839111328125,2.868316650390625,0.35826873779296875,0.27594757080078125,0.316314697265625,0.2761993408203125,45.05746078491211,0.2301483154296875,0.2949066162109375,0.34230804443359375,0.31531524658203125,0.327239990234375,60.84197235107422,0.1890411376953125,0,54945.63702392578,39347.099182128906,0,34088599552,2147483648,8399192064,0
200,1787753101656,3500,3500,3500,3500,3500,3500,3500,3500,3500,3500,3500,3500,3500,3500,3500,3500,3500,3500,3500,3500,53.22261428833008,0.23401641845703125,55.973567962646484,0.18903350830078125,2.1612548828125,0.266357421875,0.41550445556640625,0.3457794189453125,5.5906219482421875,0.26910400390625,2.7887420654296875,2.3599853515625,27.98375701904297,0.22452545166015625,15.587028503417969,0.29784393310546875,0.621734619140625,0.294097900390625,45.36232376098633,0.1706390380859375,0,54955.726623535156,39355.05987548828,0,34088599552,2147483648,8401678336,0
200,1787753101857,3500,3500,3500,3500,3500,3500,3500,3500,3500,3500,3500,3500,3500,3500,3500,3500,3500,3500,3500,3500,39.149837493896484,2.4996490478515625,79.74232482910156,0,0.208587646484375,2.5874557495117188,0.11020660400390625,0.09468841552734375,18.50262451171875,0,0,0.43019866943359375,14.582275390625,0,2.6133956909179688,2.6035690307617188,0.010528564453125,0.06206512451171875,30.704734802246094,2.4862823486328125,0,54968.09912109375,39365.126220703125,0,34088599552,2147483648,8408006656,0
200,1787753102057,3500,3500,3500,3500,3500,3500,3500,3500,3500,3500,3500,3500,3500,3500,3500,3500,3500,3500,3500,3500,22.688827514648438,0.575286865234375,21.98558807373047,0.5994949340820313,1.15936279296875,0.8041000366210938,3.3167953491210938,0.7236557006835938,48.473175048828125,0.782989501953125,0.7688674926757813,16.749046325683594,49.11867904663086,0.5710983276367188,23.000770568847656,0.6597747802734375,0.6914138793945313,0.707733154296875,20.205223083496094,0.5363616943359375,0,54976.89715576172,39372.331115722656,0,34088599552,2147483648,8405594112,0
200,1787753102258,3500,3500,3500,3500,3500,3500,3500,3500,3500,3500,3500,3500,3500,3500,3500,3500,3500,3500,3500,3500,33.886680603027344,0.23239898681640625,50.786895751953125,2.7362518310546875,5.934165954589844,0.2736053466796875,0.20556640625,0.269866943359375,2.8238906860351563,2.9495468139648438,0.31231689453125,0.232452392578125,37.17103958129883,2.7784500122070313,9.723129272460938,0.335113525390625,2.908843994140625,2.91961669921875,54.995723724365234,0.1872100830078125,0,54987.885681152344,39380.545349121094,0,34088599552,2147483648,8406695936,0
200,1787753102458,3500,3500,3500,3500,3500,3500,3500,3500,3500,3500,3500,3500,3500,3500,3500,3500,3500,3500,3500,3500,50.049224853515625,0.24822235107421875,41.08502197265625,0.236053466796875,0.4731597900390625,0.29940032958984375,0.37430572509765625,2.8784103393554688,0.3819427490234375,0.41436004638671875,0.29984283447265625,0.35540771484375,22.45777130126953,0.32677459716796875,17.119842529296875,0.3268280029296875,0.3654327392578125,0.38677978515625,52.456172943115234,0.20847320556640625,0,54998.25988769531,39388.728759765625,0,34088599552,2147483648,8404631552,0
200,1787753102659,3500,3500,3500,3500,3500,3500,3500,3500,3500,3500,3500,3500,3500,3500,3500,3500,3500,3500,3500,3500,43.65411376953125,0.22942352294921875,85.5912094116211,0.1653289794921875,0.5196914672851563,0.48435211181640625,0.5132064819335938,0.47776031494140625,2.8062744140625,0.36060333251953125,2.836273193359375,0.375579833984375,25.815780639648438,0.2223358154296875,0.315032958984375,0.327911376953125,0.30634307861328125,0.30390167236328125,17.878814697265625,0.25981903076171875,0,55009.01257324219,39397.267822265625,0,34088599552,2147483648,8404033536,0
200,1787753102859,3500,3500,3500,3500,3500,3500,3500,3500,3500,3500,3500,3500,3500,3500,3500,3500,3500,3500,3500,3500,49.388492584228516,2.7609405517578125,51.18095016479492,0.184234619140625,0.46783447265625,2.9629592895507813,0.46478271484375,0.4709320068359375,0.5476608276367188,0.45314788818359375,0.47702789306640625,2.9110107421875,16.553466796875,0.30417633056640625,2.8050537109375,2.846466064453125,0.31487274169921875,0.28534698486328125,60.01838302612305,2.724273681640625,0,55018.38201904297,39404.46514892578,0,34088599552,2147483648,8404312064,0
199,1787753103059,3500,3500,3500,3500,3500,3500,3500,3500,3500,3500,3500,3500,3500,3500,3500,3500,3500,3500,3500,3500,39.9896354675293,0.2231597900390625,68.6462173461914,0.20485687255859375,0.47341156005859375,0.36048126220703125,2.90679931640625,0.35589599609375,0.46079254150390625,0.37125396728515625,0.3017730712890625,0.40387725830078125,39.98644256591797,0.2303924560546875,0.34452056884765625,0.28890228271484375,0.363525390625,0.277679443359375,24.502838134765625,0.23308563232421875,0,55028.69384765625,39412.574951171875,0,34088599552,2147483648,8412356608,0
200,1787753103259,3500,3500,3500,3500,3500,3500,3500,3500,3500,3500,3500,3500,3500,3500,3500,3500,3500,3500,3500,3500,11.776229858398438,0.30450439453125,35.397377014160156,2.7698593139648438,2.962249755859375,0.3787384033203125,0.43126678466796875,0.34059906005859375,0.34454345703125,2.8207473754882813,0.23992919921875,0.332000732421875,15.295265197753906,2.8182449340820313,78.43683624267578,0.17779541015625,2.8149490356445313,2.8336944580078125,16.37938690185547,0.263671875,0,55039.05017089844,39420.78381347656,0,34088599552,2147483648,8403951616,0
200,1787753103460,3500,3500,3500,3500,3500,3500,3500,3500,3500,3500,3500,3500,3500,3500,3500,3500,3500,3500,3500,3500,40.639869689941406,0.20236968994140625,63.74187469482422,0.1441497802734375,0.2477569580078125,0.29633331298828125,0.24291229248046875,2.7936553955078125,0.420166015625,0.2459564208984375,0.29903411865234375,0.27681732177734375,0.4218597412109375,0.27866363525390625,0.2776641845703125,0.30323028564453125,0.2886962890625,0.2530975341796875,28.094749450683594,0.2083587646484375,0,55048.644470214844,39428.19451904297,0,34088599552,2147483648,8404013056,0
200,1787753103660,3500,3500,3500,3500,3500,3500,3500,3500,3500,3500,3500,3500,3500,3500,3500,3500,3500,3500,3500,3500,20.545318603515625,0.29102325439453125,61.03293228149414,0.2058868408203125,0.3576202392578125,0.3197479248046875,0.29381561279296875,0.26983642578125,2.8000411987304688,0.23571014404296875,2.8549423217773438,0.33843231201171875,26.05976104736328,0.286773681640625,0.4373016357421875,0.33913421630859375,0.37035369873046875,0.32933807373046875,30.230918884277344,0.2144317626953125,0,55058.13543701172,39435.50323486328,0,34088599552,2147483648,8404361216,0
200,1787753103860,3500,3500,3500,3500,3500,3500,3500,3500,3500,3500,3500,3500,3500,3500,3500,3500,3500,3500,3500,3500,45.233707427978516,2.7591629028320313,35.624603271484375,0.18915557861328125,0.37845611572265625,2.819549560546875,0.2868499755859375,0.2735137939453125,1.2723159790039063,0.243896484375,0.23610687255859375,2.8359375,9.556312561035156,0.27581024169921875,3.1058502197265625,2.8530654907226563,0.311370849609375,0.2868499755859375,43.413211822509766,2.7114639282226563,0,55067.188720703125,39442.377502441406,0,34088599552,2147483648,8406933504,0
200,1787753104060,3500,3500,3500,3500,3500,3500,3500,3500,3500,3500,3500,3500,3500,3500,3500,3500,3500,3500,3500,3500,17.9871826171875,0.28171539306640625,42.78115463256836,0.19835662841796875,3.8944244384765625,0.28835296630859375,2.8319015502929688,0.3097076416015625,4.715728759765625,0.9700775146484375,0.28740692138671875,0.282318115234375,17.244049072265625,0.3551025390625,0.2974853515625,0.3267669677734375,0.30725860595703125,0.278076171875,54.983951568603516,0.207733154296875,0,55077.836364746094,39450.85089111328,0,34088599552,2147483648,8387072000,0
200,1787753104261,3500,3500,3500,3500,3500,3500,3500,3500,3500,3500,3500,3500,3500,3500,3500,3500,3500,3500,3500,3500,33.06165313720703,0.226776123046875,35.470497131347656,2.778961181640625,2.8582000732421875,0.346923828125,0.26534271240234375,0.20471954345703125,0.30525970458984375,2.8026657104492188,0.26758575439453125,0.29343414306640625,0.6413497924804688,2.83514404296875,0.30081939697265625,0.31374359130859375,2.78485107421875,2.8141860961914063,41.47163772583008,0.2291717529296875,0,55088.14318847656,39459.03057861328,0,34088599552,2147483648,8386994176,0
200,1787753104461,3500,3500,3500,3500,3500,3500,3500,3500,3500,3500,3500,3500,3500,3500,3500,3500,3500,3500,3500,3500,12.361915588378906,0.27935028076171875,71.72093200683594,0.16503143310546875,0.3332061767578125,0.24112701416015625,0.3448486328125,2.8100204467773438,0.26021575927734375,0.284393310546875,0.356842041015625,0.28519439697265625,0.39551544189453125,0.2989349365234375,0.3176727294921875,0.2856903076171875,0.32781219482421875,0.28269195556640625,19.780410766601563,0.24936676025390625,0,55096.344299316406,39465.10223388672,0,34088599552,2147483648,8386695168,0
200,1787753104661,3500,3500,3500,3500,3500,3500,3500,3500,3500,3500,3500,3500,3500,3500,3500,3500,3500,3500,3500,3500,22.32525634765625,0.2866058349609375,48.55043411254883,0.17311859130859375,0.252471923828125,0.20760345458984375,0.235198974609375,0.2718353271484375,2.7753143310546875,0.26085662841796875,2.7976226806640625,0.21453857421875,2.9362106323242188,0.24727630615234375,0.33286285400390625,0.3009796142578125,0.25371551513671875,0.27567291259765625,37.13142013549805,0.19866943359375,0,55106.02294921875,39472.64080810547,0,34088599552,2147483648,8386416640,0
200,1787753104862,3500,3500,3500,3500,3500,3500,3500,3500,3500,3500,3500,3500,3500,3500,3500,3500,3500,3500,3500,3500,26.014549255371094,2.7849655151367188,39.93769836425781,0.2290191650390625,0.36065673828125,2.8125839233398438,0.26207733154296875,0.32709503173828125,0.24564361572265625,0.2983856201171875,0.29228973388671875,2.770538330078125,19.83056640625,0.29428863525390625,2.9153594970703125,2.9063720703125,0.31555938720703125,0.2864990234375,19.3792724609375,2.7794723510742188,0,55112.621032714844,39477.12097167969,0,34088599552,2147483648,8386416640,0
199,1787753105062,3500,3500,3500,3500,3500,3500,3500,3500,3500,3500,3500,3500,3500,3500,3500,3500,3500,3500,3500,3500,32.07579040527344,0.26009368896484375,49.16870880126953,0.2015380859375,0.26662445068359375,0.30826568603515625,2.792510986328125,0.27829742431640625,0.26318359375,0.306671142578125,0.31345367431640625,0.27889251708984375,0.5692520141601563,0.30517578125,0.4489593505859375,0.3564453125,0.287322998046875,0.302581787109375,27.410385131835938,0.20407867431640625,0,55122.35479736328,39484.7216796875,0,34088599552,2147483648,8385982464,0
200,1787753105262,3500,3500,3500,3500,3500,3500,3500,3500,3500,3500,3500,3500,3500,3500,3500,3500,3500,3500,3500,3500,38.77242660522461,0.20539093017578125,10.898094177246094,2.7880020141601563,2.804046630859375,0.31018829345703125,0.2103424072265625,0.23442840576171875,0.3206329345703125,0.253570556640625,0.32158660888671875,0.22393035888671875,40.01968002319336,2.8464202880859375,8.277153015136719,0.3767547607421875,2.7928543090820313,2.87200927734375,36.54308319091797,0.1751556396484375,0,55131.60693359375,39491.82586669922,0,34088599552,2147483648,8384241664,0
200,1787753105462,3500,3500,3500,3500,3500,3500,3500,3500,3500,3500,3500,3500,3500,3500,3500,3500,3500,3500,3500,3500,46.48434066772461,0.23380279541015625,10.471954345703125,0.2567138671875,0.41329193115234375,0.49146270751953125,0.383544921875,2.878997802734375,0.263946533203125,2.8079681396484375,0.28326416015625,0.2915496826171875,10.038093566894531,0.3169097900390625,0.354644775390625,0.35874176025390625,0.31096649169921875,0.32120513916015625,37.61709976196289,0.2197265625,0,55140.76348876953,39498.85028076172,0,34088599552,2147483648,8384200704,0
200,1787753105663,3500,3500,3500,3500,3500,3500,3500,3500,3500,3500,3500,3500,3500,3500,3500,3500,3500,3500,3500,3500,28.157638549804688,0.25080108642578125,58.4270133972168,0.194793701171875,0.449493408203125,0.4099273681640625,0.33868408203125,0.3262939453125,2.7937393188476563,0.27773284912109375,2.7995376586914063,0.27498626708984375,2.974700927734375,0.28826904296875,0.28857421875,0.29671478271484375,0.342376708984375,0.3871917724609375,17.436813354492188,0.21578216552734375,0,55150.61102294922,39506.56658935547,0,34088599552,2147483648,8383672320,0
200,1787753105863,3500,3500,3500,3500,3500,3500,3500,3500,3500,3500,3500,3500,3500,3500,3500,3500,3500,3500,3500,3500,27.55632781982422,1.8873443603515625,36.45830154418945,0.26642608642578125,0.516387939453125,2.9440231323242188,0.49663543701171875,0.3873138427734375,0.4486846923828125,0.32260894775390625,0.36431884765625,2.8617019653320313,0.352142333984375,0.324554443359375,2.8343124389648438,2.8469314575195313,0.3680572509765625,0.397247314453125,41.37892532348633,2.751434326171875,0,55158.66198730469,39512.493591308594,0,34088599552,2147483648,8383668224,0
200,1787753106063,3500,3500,3500,3500,3500,3500,3500,3500,3500,3500,3500,3500,3500,3500,3500,3500,3500,3500,3500,3500,48.05315017700195,1.0932235717773438,42.04499816894531,0.20220947265625,0.385498046875,0.4033660888671875,2.9113616943359375,0.312652587890625,0.5866546630859375,0.3313751220703125,0.29756927490234375,0.317840576171875,0.7218093872070313,0.24929046630859375,0.5958938598632813,0.28673553466796875,0.25643157958984375,0.28488922119140625,19.832908630371094,0.1897735595703125,0,55166.85205078125,39519.07208251953,0,34088599552,2147483648,8383737856,0
200,1787753106264,3500,3500,3500,3500,3500,3500,3500,3500,3500,3500,3500,3500,3500,3500,3500,3500,3500,3500,3500,3500,41.68913269042969,0.25815582275390625,24.54290008544922,2.8194503784179688,2.9422836303710938,0.3065032958984375,0.3363800048828125,0.3081512451171875,0.39766693115234375,0.376739501953125,0.40201568603515625,0.306854248046875,0.664215087890625,2.8848342895507813,0.3663482666015625,0.33852386474609375,2.8531646728515625,2.85272216796875,43.276363372802734,0.22164154052734375,0,55175.77069091797,39525.78076171875,0,34088599552,2147483648,8383737856,0
200,1787753106464,3500,3500,3500,3500,3500,3500,3500,3500,3500,3500,3500,3500,3500,3500,3500,3500,3500,3500,3500,3500,35.35679626464844,0.2092742919921875,31.62194061279297,0.13747406005859375,0.300140380859375,0.2072296142578125,0.327392578125,0.25069427490234375,0.2239990234375,2.7706527709960938,0.3096771240234375,0.27190399169921875,13.903076171875,0.25368499755859375,0.29135894775390625,0.25493621826171875,0.2743988037109375,0.3073272705078125,37.10881042480469,0.20862579345703125,0,55184.446044921875,39532.031799316406,0,34088599552,2147483648,8383692800,0
200,1787753106664,3500,3500,3500,3500,3500,3500,3500,3500,3500,3500,3500,3500,3500,3500,3500,3500,3500,3500,3500,3500,23.354629516601563,0.27056884765625,37.00022888183594,0.23215484619140625,0.27846527099609375,0.3328704833984375,0.20168304443359375,2.801727294921875,2.7796478271484375,0.309234619140625,2.7870407104492188,0.24074554443359375,2.988616943359375,0.280364990234375,0.3803253173828125,0.3336181640625,0.39791107177734375,0.3825225830078125,46.86902618408203,0.163909912109375,0,55193.292541503906,39538.77392578125,0,34088599552,2147483648,8383926272,0
200,1787753106864,3500,3500,3500,3500,3500,3500,3500,3500,3500,3500,3500,3500,3500,3500,3500,3500,3500,3500,3500,3500,14.478523254394531,0.29288482666015625,60.1491584777832,0.203460693359375,0.44012451171875,2.830108642578125,0.24210357666015625,0.25992584228515625,0.46883392333984375,0.45035552978515625,0.4368743896484375,2.929168701171875,0.29183197021484375,0.31055450439453125,2.9170379638671875,2.9018096923828125,0.30231475830078125,0.33802032470703125,30.064620971679688,2.759857177734375,0,55200.94647216797,39544.11218261719,0,34088599552,2147483648,8383926272,0
200,1787753107065,3500,3500,3500,3500,3500,3500,3500,3500,3500,3500,3500,3500,3500,3500,3500,3500,3500,3500,3500,3500,17.752410888671875,2.8414993286132813,50.292236328125,0.1717071533203125,0.2873687744140625,0.2123260498046875,2.8033294677734375,0.24140167236328125,0.484405517578125,0.47686004638671875,0.502593994140625,0.4388427734375,1.1243896484375,0.281219482421875,0.38773345947265625,0.38079071044921875,0.27147674560546875,0.28961181640625,38.93024826049805,0.176605224609375,0,55210.000915527344,39551.04669189453,0,34088599552,2147483648,8383926272,0
199,1787753107265,3500,3500,3500,3500,3500,3500,3500,3500,3500,3500,3500,3500,3500,3500,3500,3500,3500,3500,3500,3500,28.793800354003906,0.30803680419921875,39.77872085571289,2.6881484985351563,2.8087234497070313,0.299957275390625,0.40631103515625,0.28519439697265625,0.5229415893554688,0.42232513427734375,0.4440765380859375,0.4296112060546875,0.41155242919921875,2.8109664916992188,9.599563598632813,0.32315826416015625,2.8483810424804688,2.7989959716796875,34.939476013183594,0.20482635498046875,0,55220.47625732422,39559.412048339844,0,34088599552,2147483648,8383926272,0
200,1787753107465,3500,3500,3500,3500,3500,3500,3500,3500,3500,3500,3500,3500,3500,3500,3500,3500,3500,3500,3500,3500,36.33723068237305,0.27640533447265625,38.512718200683594,0.2057952880859375,0.4781036376953125,0.34972381591796875,0.35482025146484375,0.37445831298828125,0.5259780883789063,2.966583251953125,0.46601104736328125,0.3907470703125,8.188262939453125,0.36396026611328125,0.31449127197265625,0.28740692138671875,0.287506103515625,0.31543731689453125,22.431137084960938,0.2326812744140625,0,55229.712341308594,39566.511474609375,0,34088599552,2147483648,8383991808,0
200,1787753107665,3500,3500,3500,3500,3500,3500,3500,3500,3500,3500,3500,3500,3500,3500,3500,3500,3500,3500,3500,3500,19.998321533203125,0.2701873779296875,66.1205062866211,0.17256927490234375,0.3299407958984375,0.363616943359375,0.2484588623046875,2.8848114013671875,2.9525604248046875,0.38135528564453125,2.943267822265625,0.4227752685546875,3.3532943725585938,0.38590240478515625,0.28922271728515625,0.31395721435546875,0.358367919921875,0.39064788818359375,17.833053588867188,0.28557586669921875,0,55239.47082519531,39574.147033691406,0,34088599552,2147483648,8384098304,0
200,1787753107865,3500,3500,3500,3500,3500,3500,3500,3500,3500,3500,3500,3500,3500,3500,3500,3500,3500,3500,3500,3500,31.192161560058594,0.25092315673828125,37.637149810791016,0.17853546142578125,0.29798126220703125,2.7492446899414063,0.31516265869140625,0.195770263671875,0.39888763427734375,0.31056976318359375,0.3674163818359375,2.9043045043945313,8.299346923828125,0.325103759765625,2.8200836181640625,0.2874908447265625,0.32515716552734375,0.3599700927734375,29.23094940185547,2.7166748046875,0,55248.176696777344,39580.732177734375,0,34088599552,2147483648,8384090112,0
200,1787753108066,3500,3500,3500,3500,3500,3500,3500,3500,3500,3500,3500,3500,3500,3500,3500,3500,3500,3500,3500,3500,32.768333435058594,2.7299346923828125,55.157447814941406,0.13600921630859375,0.2938690185546875,0.3084869384765625,2.785369873046875,0.2437744140625,0.7130661010742188,0.289031982421875,0.32879638671875,0.27251434326171875,0.45941162109375,0.28433990478515625,0.440155029296875,2.7708511352539063,0.29306793212890625,0.27086639404296875,19.302993774414063,0.202911376953125,0,55257.006896972656,39587.437927246094,0,34088599552,2147483648,8384090112,0
199,1787753108266,3500,3500,3500,3500,3500,3500,3500,3500,3500,3500,3500,3500,3500,3500,3500,3500,3500,3500,3500,3500,30.580047607421875,0.224395751953125,5.395362854003906,2.7644424438476563,0.38819122314453125,0.20868682861328125,0.236663818359375,0.2930755615234375,0.2679901123046875,0.20793914794921875,0.2547760009765625,0.25676727294921875,10.328666687011719,2.7782058715820313,0.3955230712890625,0.3359222412109375,2.778411865234375,2.80255126953125,66.25140380859375,0.14110565185546875,0,55267.15350341797,39595.43981933594,0,34088599552,2147483648,8383959040,0
200,1787753108466,3500,3500,3500,3500,3500,3500,3500,3500,3500,3500,3500,3500,3500,3500,3500,3500,3500,3500,3500,3500,47.43202209472656,0.30696868896484375,46.952701568603516,0.2421112060546875,2.736602783203125,0.2970733642578125,0.30927276611328125,0.3404998779296875,0.33025360107421875,2.8450393676757813,0.36968231201171875,0.38837432861328125,0.5756149291992188,0.3563385009765625,0.454833984375,0.45363616943359375,0.37308502197265625,0.34659576416015625,9.016586303710938,0.29113006591796875,0,55275.50500488281,39601.68719482422,0,34088599552,2147483648,8383959040,0
200,1787753108667,3500,3500,3500,3500,3500,3500,3500,3500,3500,3500,3500,3500,3500,3500,3500,3500,3500,3500,3500,3500,37.668949127197266,0.25923919677734375,32.54059600830078,0.17615509033203125,0.26313018798828125,0.2042999267578125,0.2479095458984375,2.8846206665039063,2.7701950073242188,0.3187713623046875,2.789306640625,0.29137420654296875,2.909423828125,0.2666778564453125,0.38179779052734375,0.376312255859375,0.2899322509765625,0.2788543701171875,34.355873107910156,0.2316436767578125,0,55284.45428466797,39608.515197753906,0,34088599552,2147483648,8384090112,0
200,1787753108867,3500,3500,3500,3500,3500,3500,3500,3500,3500,3500,3500,3500,3500,3500,3500,3500,3500,3500,3500,3500,27.552566528320313,0.2371978759765625,50.882144927978516,0.12996673583984375,0.26747894287109375,2.7655029296875,0.22955322265625,0.15999603271484375,0.4557647705078125,0.16519927978515625,0.26967620849609375,2.7979354858398438,8.320449829101563,0.30875396728515625,2.9068145751953125,0.35747528076171875,0.23984527587890625,0.3044586181640625,20.76909637451172,2.7061920166015625,0,55294.32263183594,39616.24060058594,0,34088599552,2147483648,8384221184,0
200,1787753109067,3500,3500,3500,3500,3500,3500,3500,3500,3500,3500,3500,3500,3500,3500,3500,3500,3500,3500,3500,3500,40.50851058959961,2.7822723388671875,13.560348510742188,0.25244140625,0.26572418212890625,0.37744140625,2.8468704223632813,0.334014892578125,0.34320068359375,0.26851654052734375,0.265625,0.2855377197265625,8.572166442871094,0.38623046875,0.30865478515625,2.8295516967773438,0.3158416748046875,0.36721038818359375,46.2402458190918,0.200775146484375,0,55303.16278076172,39622.95812988281,0,34088599552,2147483648,8384221184,0
199,1787753109268,3500,3500,3500,3500,3500,3500,3500,3500,3500,3500,3500,3500,3500,3500,3500,3500,3500,3500,3500,3500,27.245468139648438,0.28879547119140625,59.07250213623047,2.704132080078125,0.4724884033203125,0.4106292724609375,0.42830657958984375,0.4910125732421875,0.26922607421875,0.32909393310546875,0.33343505859375,0.2472076416015625,0.6301193237304688,2.8372421264648438,0.307220458984375,0.29228973388671875,2.819366455078125,2.8799819946289063,19.83709716796875,0.21085357666015625,0,55312.427307128906,39630.10681152344,0,34088599552,2147483648,8384208896,0
200,1787753109468,3500,3500,3500,3500,3500,3500,3500,3500,3500,3500,3500,3500,3500,3500,3500,3500,3500,3500,3500,3500,42.079681396484375,0.2570953369140625,46.86385726928711,0.21645355224609375,2.8714523315429688,0.2869873046875,0.364471435546875,0.27388763427734375,0.41135406494140625,2.8918991088867188,0.43395233154296875,0.4537506103515625,0.41635894775390625,0.3743133544921875,0.35086822509765625,0.30753326416015625,0.40770721435546875,0.40521240234375,16.544227600097656,0.22760009765625,0,55321.71954345703,39637.27746582031,0,34088599552,2147483648,8384208896,0
200,1787753109668,3500,3500,3500,3500,3500,3500,3500,3500,3500,3500,3500,3500,3500,3500,3500,3500,3500,3500,3500,3500,35.79396057128906,0.24160003662109375,43.60555648803711,0.18325042724609375,0.28661346435546875,0.3571624755859375,0.40137481689453125,2.8594207763671875,2.9746322631835938,0.32013702392578125,2.8940963745117188,0.4228057861328125,2.972381591796875,0.26528167724609375,0.26493072509765625,0.2697296142578125,0.3732452392578125,0.36989593505859375,26.883018493652344,0.2214202880859375,0,55330.945556640625,39644.38153076172,0,34088599552,2147483648,8384471040,0
200,1787753109868,3500,3500,3500,3500,3500,3500,3500,3500,3500,3500,3500,3500,3500,3500,3500,3500,3500,3500,3500,3500,36.15373992919922,0.28778076171875,44.794944763183594,0.22247314453125,0.38408660888671875,0.4985198974609375,0.515838623046875,0.43236541748046875,0.5647735595703125,0.422576904296875,0.39582061767578125,2.95220947265625,0.33690643310546875,0.3341064453125,10.619949340820313,0.267608642578125,0.362518310546875,0.36331939697265625,16.445091247558594,2.7625885009765625,0,55339.505859375,39650.835205078125,0,34088599552,2147483648,8384471040,0
200,1787753110069,3500,3500,3500,3500,3500,3500,3500,3500,3500,3500,3500,3500,3500,3500,3500,3500,3500,3500,3500,3500,21.660865783691406,2.765960693359375,45.642066955566406,0.15767669677734375,0.26380157470703125,2.8022842407226563,2.7858200073242188,0.25012969970703125,0.8163070678710938,0.44183349609375,0.35306549072265625,0.41603851318359375,1.0959243774414063,0.266998291015625,0.327423095703125,2.8186492919921875,0.2849578857421875,0.28540802001953125,40.166324615478516,0.18231964111328125,0,55347.84802246094,39657.04754638672,0,34088599552,2147483648,8384733184,0
199,1787753110269,3500,3500,3500,3500,3500,3500,3500,3500,3500,3500,3500,3500,3500,3500,3500,3500,3500,3500,3500,3500,58.21822738647461,0.22431182861328125,15.652397155761719,2.7945480346679688,0.32570648193359375,0.3136749267578125,0.45395660400390625,0.32006072998046875,0.558502197265625,0.49114990234375,0.437835693359375,0.47927093505859375,11.697311401367188,2.817169189453125,0.46074676513671875,0.38501739501953125,2.8627471923828125,2.89324951171875,23.235023498535156,0.2029876708984375,0,55358.508361816406,39665.58215332031,0,34088599552,2147483648,8384872448,0
200,1787753110469,3500,3500,3500,3500,3500,3500,3500,3500,3500,3500,3500,3500,3500,3500,3500,3500,3500,3500,3500,3500,35.544715881347656,0.2019195556640625,34.64618682861328,0.156585693359375,2.79364013671875,0.23419952392578125,0.33905792236328125,0.2668914794921875,0.31131744384765625,2.7469100952148438,0.294525146484375,0.3338623046875,0.41577911376953125,0.2567901611328125,0.35645294189453125,0.34520721435546875,0.30477142333984375,0.22675323486328125,36.291603088378906,0.17667388916015625,0,55367.31561279297,39672.266845703125,0,34088599552,2147483648,8384856064,0
200,1787753110669,3500,3500,3500,3500,3500,3500,3500,3500,3500,3500,3500,3500,3500,3500,3500,3500,3500,3500,3500,3500,23.175155639648438,0.3394317626953125,71.28828430175781,0.23766326904296875,0.365325927734375,0.27562713623046875,0.3909149169921875,2.8663558959960938,2.9455795288085938,0.3340911865234375,2.9713211059570313,0.326507568359375,3.0369720458984375,0.4365081787109375,0.47637176513671875,0.467742919921875,0.3853302001953125,0.35375213623046875,9.841407775878906,0.30755615234375,0,55377.13037109375,39679.95178222656,0,34088599552,2147483648,8384950272,0
200,1787753110870,3500,3500,3500,3500,3500,3500,3500,3500,3500,3500,3500,3500,3500,3500,3500,3500,3500,3500,3500,3500,43.14210891723633,0.24200439453125,50.937110900878906,0.147979736328125,0.25179290771484375,0.18874359130859375,0.2478485107421875,0.2538909912109375,1.6120376586914063,0.2769775390625,0.2946624755859375,2.7619476318359375,0.2919158935546875,0.2895660400390625,0.3722991943359375,0.36550140380859375,0.28476715087890625,0.26613616943359375,9.041938781738281,2.7667465209960938,0,55385.81970214844,39686.53234863281,0,34088599552,2147483648,8384950272,0
199,1787753111070,3500,3500,3500,3500,3500,3500,3500,3500,3500,3500,3500,3500,3500,3500,3500,3500,3500,3500,3500,3500,45.50873947143555,2.7276611328125,31.85657501220703,0.19936370849609375,0.31128692626953125,2.7260665893554688,2.7907562255859375,0.34265899658203125,0.2262420654296875,0.23651885986328125,0.31926727294921875,0.22674560546875,9.598007202148438,0.2783203125,5.811500549316406,2.856292724609375,0.31627655029296875,0.26470184326171875,34.370155334472656,0.1612548828125,0,55394.567321777344,39693.127380371094,0,34088599552,2147483648,8385150976,0
199,1787753111270,3500,3500,3500,3500,3500,3500,3500,3500,3500,3500,3500,3500,3500,3500,3500,3500,3500,3500,3500,3500,11.925399780273438,0.480499267578125,44.65319061279297,0.2480926513671875,0.3686981201171875,0.49029541015625,0.36699676513671875,0.45861053466796875,0.3826904296875,0.35070037841796875,0.21041107177734375,0.31096649169921875,5.9264678955078125,1.1419677734375,0.434417724609375,0.37444305419921875,2.9099273681640625,2.8930892944335938,19.08685302734375,0.17102813720703125,0,55402.78942871094,39699.1982421875,0,34088599552,2147483648,8385208320,0
200,1787753111470,3500,3500,3500,3500,3500,3500,3500,3500,3500,3500,3500,3500,3500,3500,3500,3500,3500,3500,3500,3500,21.453903198242188,0.28530120849609375,61.31314468383789,2.7628097534179688,3.0029296875,0.50408935546875,0.46700286865234375,0.4975433349609375,0.31523895263671875,2.8779449462890625,0.2288818359375,0.2315826416015625,0.3910980224609375,1.9126052856445313,0.5271224975585938,0.514984130859375,0.34037017822265625,0.34886932373046875,23.43402099609375,0.2748565673828125,0,55412.44940185547,39706.74987792969,0,34088599552,2147483648,8385208320,0
199,1787753111670,3500,3500,3500,3500,3500,3500,3500,3500,3500,3500,3500,3500,3500,3500,3500,3500,3500,3500,3500,3500,13.925918579101563,0.27376556396484375,85.52120971679688,0.15119171142578125,0.3784027099609375,0.4228057861328125,0.38069915771484375,2.9312820434570313,2.8621063232421875,0.255584716796875,2.8188018798828125,0.27396392822265625,2.868499755859375,0.30428314208984375,0.5114669799804688,0.5086212158203125,0.3023834228515625,0.29913330078125,4.394050598144531,0.230255126953125,0,55421.68524169922,39713.86846923828,0,34088599552,2147483648,8385228800,0
200,1787753111870,3500,3500,3500,3500,3500,3500,3500,3500,3500,3500,3500,3500,3500,3500,3500,3500,3500,3500,3500,3500,10.369155883789063,0.278045654296875,47.88502883911133,0.21770477294921875,0.46120452880859375,0.36972808837890625,0.485198974609375,0.45001220703125,0.6776123046875,0.23474884033203125,0.2576446533203125,2.7554931640625,0.39337158203125,0.2754974365234375,0.4927978515625,0.48619842529296875,0.2713470458984375,0.29264068603515625,37.635746002197266,0.583984375,0,55429.890075683594,39719.93713378906,0,34088599552,2147483648,8385208320,0
200,1787753112071,3500,3500,3500,3500,3500,3500,3500,3500,3500,3500,3500,3500,3500,3500,3500,3500,3500,3500,3500,3500,38.590946197509766,2.7586746215820313,28.049339294433594,0.2891082763671875,0.3719482421875,2.8851470947265625,2.9107666015625,0.36640167236328125,0.9007797241210938,0.28546142578125,0.33979034423828125,0.28955841064453125,0.9133148193359375,0.30458831787109375,2.9538116455078125,2.9762802124023438,0.32276153564453125,0.30968475341796875,42.85757827758789,2.32635498046875,0,55438.87731933594,39726.80828857422,0,34088599552,2147483648,8385212416,0
200,1787753112271,3500,3500,3500,3500,3500,3500,3500,3500,3500,3500,3500,3500,3500,3500,3500,3500,3500,3500,3500,3500,41.384605407714844,0.23273468017578125,39.62272262573242,0.192230224609375,0.2588043212890625,0.283477783203125,0.2548065185546875,0.3489532470703125,0.35709381103515625,0.17130279541015625,0.2624969482421875,0.25560760498046875,15.523239135742188,0.2572021484375,0.37537384033203125,0.38420867919921875,0.27173614501953125,2.8139801025390625,12.656120300292969,0.20716094970703125,0,55449.35754394531,39735.167724609375,0,34088599552,2147483648,8385212416,0
200,1787753112471,3500,3500,3500,3500,3500,3500,3500,3500,3500,3500,3500,3500,3500,3500,3500,3500,3500,3500,3500,3500,25.26007843017578,0.24643707275390625,36.1134147644043,2.7696151733398438,2.7611236572265625,0.28089141845703125,0.2998199462890625,0.25921630859375,0.31694793701171875,2.882720947265625,0.247283935546875,0.245635986328125,8.026748657226563,2.8245391845703125,0.3146514892578125,0.27130126953125,2.8417205810546875,0.30206298828125,38.3704833984375,0.23564910888671875,0,55458.5009765625,39742.263732910156,0,34088599552,2147483648,8385212416,0
199,1787753112671,3500,3500,3500,3500,3500,3500,3500,3500,3500,3500,3500,3500,3500,3500,3500,3500,3500,3500,3500,3500,3.235015869140625,0.3079071044921875,24.916854858398438,0.26849365234375,0.3130035400390625,0.28687286376953125,0.21588134765625,2.8028030395507813,2.7611923217773438,0.288726806640625,2.8118515014648438,0.26483917236328125,2.845672607421875,0.27063751220703125,0.30071258544921875,0.2820281982421875,0.31719970703125,0.28757476806640625,28.57928466796875,0.22882080078125,0,55466.361083984375,39748.11218261719,0,34088599552,2147483648,8385347584,0
200,1787753112871,3500,3500,3500,3500,3500,3500,3500,3500,3500,3500,3500,3500,3500,3500,3500,3500,3500,3500,3500,3500,0.5665740966796875,0.8693008422851563,8.418144226074219,0.3127288818359375,0.25543975830078125,0.25743865966796875,0.24024200439453125,0.28888702392578125,0.38531494140625,0.23009490966796875,0.348419189453125,2.8427581787109375,0.2805328369140625,0.271087646484375,0.284332275390625,0.262939453125,0.271087646484375,0.31932830810546875,13.366523742675781,0.21465301513671875,0,55473.2509765625,39752.92102050781,0,34088599552,2147483648,8385347584,0
200,1787753113072,3500,3500,3500,3500,3500,3500,3500,3500,3500,3500,3500,3500,3500,3500,3500,3500,3500,3500,3500,3500,7.141777038574219,3.230560302734375,14.904396057128906,0.2378387451171875,0.2596435546875,2.764007568359375,2.7185134887695313,0.2049713134765625,0.30219268798828125,0.19434356689453125,0.28298187255859375,0.3178558349609375,2.8181304931640625,0.2596435546875,2.769195556640625,2.7792739868164063,0.35980224609375,0.36673736572265625,20.01813507080078,2.747344970703125,0,55480.93798828125,39758.32391357422,0,34088599552,2147483648,8385355776,0
200,1787753113273,3500,3500,3500,3500,3500,3500,3500,3500,3500,3500,3500,3500,3500,3500,3500,3500,3500,3500,3500,3500,0.8988876342773438,0.9614334106445313,7.3340911865234375,0.34033203125,0.2859649658203125,0.26750946044921875,0.1685943603515625,0.3062591552734375,0.477752685546875,0.34806060791015625,0.39035797119140625,0.36407470703125,0.38626861572265625,0.30446624755859375,0.37445068359375,0.34322357177734375,0.32372283935546875,0.5272293090820313,12.793998718261719,0.1748809814453125,0,55488.26208496094,39763.38201904297,0,34088599552,2147483648,8385351680,0
200,1787753113473,3500,3500,3500,3500,3500,3500,3500,3500,3500,3500,3500,3500,3500,3500,3500,3500,3500,3500,3500,3500,5.071556091308594,0.406951904296875,6.319755554199219,2.8725967407226563,2.92315673828125,0.3257904052734375,0.31446075439453125,0.2816619873046875,0.5422134399414063,2.989044189453125,0.43115997314453125,0.42636871337890625,0.39452362060546875,2.877838134765625,0.44098663330078125,0.4342041015625,2.8877182006835938,2.6924591064453125,0.6654510498046875,9.543647766113281,0,55496.08905029297,39769.078186035156,0,34088599552,2147483648,8385986560,0
200,1787753113673,3500,3500,3500,3500,3500,3500,3500,3500,3500,3500,3500,3500,3500,3500,3500,3500,3500,3500,3500,3500,1.1617660522460938,0.188873291015625,4.563133239746094,0.35338592529296875,0.34580230712890625,0.19751739501953125,0.295623779296875,2.8271484375,0.48609161376953125,0.4852447509765625,2.900543212890625,0.39812469482421875,2.8391342163085938,0.28448486328125,0.2827911376953125,0.307952880859375,0.39997100830078125,0.39373016357421875,0.20709991455078125,13.288040161132813,0,55502.999267578125,39773.86688232422,0,34088599552,2147483648,8386846720,0
200,1787753113874,3500,3500,3500,3500,3500,3500,3500,3500,3500,3500,3500,3500,3500,3500,3500,3500,3500,3500,3500,3500,1.0079498291015625,0.13866424560546875,5.1148834228515625,0.250030517578125,0.26988983154296875,0.24733734130859375,0.2203369140625,0.2067718505859375,2.7920303344726563,1.4994735717773438,0.3151397705078125,2.8290481567382813,0.23650360107421875,0.25571441650390625,0.2123565673828125,0.2840576171875,0.28525543212890625,0.31035614013671875,0.19469451904296875,13.001991271972656,0,55510.92419433594,39779.64880371094,0,34088599552,2147483648,8387223552,0
200,1787753114074,3500,3500,3500,3500,3500,3500,3500,3500,3500,3500,3500,3500,3500,3500,3500,3500,3500,3500,3500,3500,1.1104583740234375,2.7693939208984375,9.829498291015625,0.34548187255859375,0.42827606201171875,2.8358230590820313,2.8400650024414063,0.370269775390625,0.3418426513671875,0.7127609252929688,0.28363800048828125,0.42198944091796875,0.336700439453125,0.33805084228515625,2.8492431640625,2.847991943359375,0.3717193603515625,0.392364501953125,0.27919769287109375,14.691726684570313,0,55518.86297607422,39785.45373535156,0,34088599552,2147483648,8389455872,0
200,1787753114274,3500,3500,3500,3500,3500,3500,3500,3500,3500,3500,3500,3500,3500,3500,3500,3500,3500,3500,3500,3500,1.224884033203125,0.2003631591796875,3.4389495849609375,0.2474822998046875,0.2510833740234375,0.20336151123046875,0.250030517578125,0.251129150390625,0.44185638427734375,0.41971588134765625,0.32013702392578125,0.415618896484375,0.21685791015625,0.28101348876953125,0.27626800537109375,0.216705322265625,0.29665374755859375,0.284759521484375,2.764801025390625,13.874626159667969,0,55525.326232910156,39789.78924560547,0,34088599552,2147483648,8390836224,0
209,1787753114474,3500,3500,3500,3500,3500,3500,3500,3500,3500,3500,3500,3500,3500,3500,3500,3500,3500,3500,3500,3500,3.6261062622070313,0.23645782470703125,4.652259826660156,2.8695602416992188,2.9097518920898438,0.287384033203125,0.33101654052734375,0.279541015625,0.40880584716796875,2.9726104736328125,0.41783905029296875,0.46501922607421875,0.3591766357421875,2.9063034057617188,0.354583740234375,0.347991943359375,2.8661651611328125,2.87420654296875,0.26251983642578125,11.940818786621094,0,55533.17706298828,39795.52404785156,0,34088599552,2147483648,8392572928,0
199,1787753114684,3500,3500,3500,3500,3500,3500,3500,3500,3500,3500,3500,3500,3500,3500,3500,3500,3500,3500,3500,3500,3.1087646484375,0,10.422874450683594,0.0312042236328125,0.06360626220703125,0.04946136474609375,0.01500701904296875,2.4550018310546875,0.10738372802734375,0.2071685791015625,2.672393798828125,0.2166748046875,2.5591812133789063,0.04291534423828125,0.05165863037109375,0.0572967529296875,0.0951995849609375,0.144561767578125,0.0303955078125,19.614349365234375,0,55541.23486328125,39801.29443359375,0,34088599552,2147483648,8394874880,0
200,1787753114884,3500,3500,3500,3500,3500,3500,3500,3500,3500,3500,3500,3500,3500,3500,3500,3500,3500,3500,3500,3500,4.280021667480469,0.4793243408203125,7.9568328857421875,0.5364837646484375,0.6590805053710938,0.5566329956054688,0.6984786987304688,0.6159820556640625,3.0255050659179688,1.3195571899414063,0.5670089721679688,3.0788803100585938,3.2142410278320313,0.537628173828125,0.5356292724609375,0.5481033325195313,0.6445159912109375,0.6516952514648438,0.514434814453125,13.359542846679688,0,55549.417053222656,39807.377502441406,0,34088599552,2147483648,8397377536,0
199,1787753115084,3500,3500,3500,3500,3500,3500,3500,3500,3500,3500,3500,3500,3500,3500,3500,3500,3500,3500,3500,3500,1.4726486206054688,2.7851638793945313,11.607269287109375,0.28948211669921875,0.35089111328125,2.9301071166992188,3.00445556640625,0.33150482177734375,0.2717437744140625,0.29872894287109375,0.2736968994140625,0.20079803466796875,0.2979278564453125,0.25141143798828125,2.8055038452148438,2.7713775634765625,0.29877471923828125,0.27873992919921875,0.28513336181640625,15.399932861328125,0,55558.32604980469,39814.1611328125,0,34088599552,2147483648,8399183872,0
200,1787753115284,3500,3500,3500,3500,3500,3500,3500,3500,3500,3500,3500,3500,3500,3500,3500,3500,3500,3500,3500,3500,3.1331710815429688,0.24663543701171875,5.256797790527344,0.307861328125,0.36003875732421875,0.385223388671875,0.52410888671875,0.3673858642578125,0.32814788818359375,0.336944580078125,0.326751708984375,0.31215667724609375,0.31410980224609375,0.356689453125,0.30631256103515625,0.3321990966796875,0.33484649658203125,0.3220062255859375,2.7942733764648438,11.776870727539063,0,55565.824645996094,39819.517150878906,0,34088599552,2147483648,8399749120,0
199,1787753115485,3500,3500,3500,3500,3500,3500,3500,3500,3500,3500,3500,3500,3500,3500,3500,3500,3500,3500,3500,3500,3.5503768920898438,0.2099761962890625,6.340522766113281,2.7825088500976563,2.8002243041992188,0.27133941650390625,0.31414031982421875,0.27667236328125,0.18308258056640625,2.8152847290039063,0.19211578369140625,0.21381378173828125,0.26605224609375,2.7748794555664063,0.27657318115234375,0.25936126708984375,2.7130661010742188,2.799224853515625,0.2305755615234375,12.710670471191406,0,55572.11932373047,39823.68859863281,0,34088599552,2147483648,8401035264,0
200,1787753115685,3500,3500,3500,3500,3500,3500,3500,3500,3500,3500,3500,3500,3500,3500,3500,3500,3500,3500,3500,3500,1.754974365234375,0.25861358642578125,8.310066223144531,0.29998016357421875,0.38022613525390625,0.2304840087890625,0.24767303466796875,2.7845306396484375,0.37572479248046875,0.4125518798828125,0.41194915771484375,0.4860992431640625,3.2010269165039063,0.420196533203125,0.305328369140625,0.3140716552734375,0.3100738525390625,0.36518096923828125,0.2771453857421875,14.219970703125,0,55578.803466796875,39828.244689941406,0,34088599552,2147483648,8401014784,0
200,1787753115885,3500,3500,3500,3500,3500,3500,3500,3500,3500,3500,3500,3500,3500,3500,3500,3500,3500,3500,3500,3500,1.4953460693359375,0.2008209228515625,11.133857727050781,0.2460174560546875,0.31061553955078125,0.4014434814453125,0.24776458740234375,0.32552337646484375,2.8054885864257813,0.41686248779296875,2.8439483642578125,2.8855972290039063,0.522705078125,0.5108871459960938,0.3177490234375,0.29061126708984375,0.42154693603515625,0.4162139892578125,0.226959228515625,13.070854187011719,0,55585.21008300781,39832.51110839844,0,34088599552,2147483648,8402460672,0
200,1787753116086,3500,3500,3500,3500,3500,3500,3500,3500,3500,3500,3500,3500,3500,3500,3500,3500,3500,3500,3500,3500,3.2555694580078125,2.7439193725585938,9.18017578125,0.35004425048828125,0.2855987548828125,2.756256103515625,2.8035812377929688,0.357635498046875,0.277313232421875,0.7651901245117188,0.3346710205078125,0.30666351318359375,0.44045257568359375,0.43126678466796875,2.825592041015625,2.8114166259765625,0.32773590087890625,0.322540283203125,0.320892333984375,14.373985290527344,0,55592.9755859375,39838.14727783203,0,34088599552,2147483648,8402726912,0
200,1787753116286,3500,3500,3500,3500,3500,3500,3500,3500,3500,3500,3500,3500,3500,3500,3500,3500,3500,3500,3500,3500,2.1936416625976563,0.1883392333984375,6.57806396484375,0.23201751708984375,0.24615478515625,0.2396087646484375,0.26384735107421875,0.22257232666015625,0.315216064453125,0.225372314453125,0.24256134033203125,0.2255706787109375,0.30477142333984375,0.28018951416015625,0.262298583984375,0.2633514404296875,0.26654815673828125,0.28963470458984375,2.799591064453125,10.410514831542969,0,55600.414306640625,39843.467346191406,0,34088599552,2147483648,8402862080,0
200,1787753116486,3500,3500,3500,3500,3500,3500,3500,3500,3500,3500,3500,3500,3500,3500,3500,3500,3500,3500,3500,3500,7.886741638183594,0.24071502685546875,10.881156921386719,2.8830947875976563,2.960418701171875,0.2928314208984375,0.3199920654296875,0.30841064453125,0.30231475830078125,2.9212799072265625,0.29148101806640625,0.33002471923828125,3.106781005859375,2.8205947875976563,0.3325653076171875,0.33660888671875,2.9528274536132813,2.96246337890625,0.264373779296875,17.01360321044922,0,55608.12390136719,39849.020263671875,0,34088599552,2147483648,8402862080,0
200,1787753116687,3500,3500,3500,3500,3500,3500,3500,3500,3500,3500,3500,3500,3500,3500,3500,3500,3500,3500,3500,3500,1.3554458618164063,0.1298065185546875,4.922401428222656,0.24335479736328125,0.14577484130859375,0.211669921875,0.1231689453125,2.7148284912109375,0.1833343505859375,0.2120208740234375,0.21097564697265625,0.1955108642578125,2.7813262939453125,0.21356964111328125,0.208526611328125,0.24799346923828125,0.3171844482421875,0.31519317626953125,0.15340423583984375,14.060951232910156,0,55614.883361816406,39853.65447998047,0,34088599552,2147483648,8402993152,0
200,1787753116887,3500,3500,3500,3500,3500,3500,3500,3500,3500,3500,3500,3500,3500,3500,3500,3500,3500,3500,3500,3500,1.1260604858398438,0.32379150390625,6.849250793457031,0.421051025390625,0.34438323974609375,0.4128265380859375,0.3837127685546875,0.34836578369140625,2.866455078125,1.0213241577148438,2.87542724609375,2.8569869995117188,0.3947296142578125,0.37738037109375,0.3805694580078125,0.36457061767578125,0.4609375,0.46073150634765625,0.35709381103515625,13.418281555175781,0,55622.53186035156,39859.17364501953,0,34088599552,2147483648,8403058688,0
200,1787753117087,3500,3500,3500,3500,3500,3500,3500,3500,3500,3500,3500,3500,3500,3500,3500,3500,3500,3500,3500,3500,1.9964370727539063,2.746734619140625,11.314254760742188,0.25176239013671875,0.2789764404296875,2.7956161499023438,0.2876129150390625,0.24492645263671875,0.2534637451171875,0.2923583984375,0.18560028076171875,0.30873870849609375,0.26694488525390625,0.323516845703125,2.8002166748046875,2.8137969970703125,0.27642822265625,0.3161773681640625,0.24846649169921875,10.746810913085938,0,55629.333557128906,39863.93811035156,0,34088599552,2147483648,8403058688,0
200,1787753117288,3500,3500,3500,3500,3500,3500,3500,3500,3500,3500,3500,3500,3500,3500,3500,3500,3500,3500,3500,3500,1.4110107421875,0.16890716552734375,7.972267150878906,0.3249359130859375,0.23514556884765625,0.29943084716796875,2.6843109130859375,0.1908721923828125,0.20145416259765625,0.3276824951171875,0.24971771240234375,0.20420074462890625,0.2457733154296875,0.2575531005859375,0.2650909423828125,0.2344970703125,0.2893524169921875,0.31101226806640625,2.8248672485351563,15.855583190917969,0,55636.543395996094,39869.11590576172,0,34088599552,2147483648,8403173376,0
199,1787753117488,3500,3500,3500,3500,3500,3500,3500,3500,3500,3500,3500,3500,3500,3500,3500,3500,3500,3500,3500,3500,5.015541076660156,0.26824188232421875,4.954078674316406,2.868621826171875,2.9568252563476563,0.48899078369140625,0.533782958984375,0.3880157470703125,0.37564849853515625,2.9186630249023438,0.3935546875,0.43531036376953125,0.42568206787109375,2.8509674072265625,0.36217498779296875,0.34027862548828125,2.86083984375,2.8539047241210938,0.3455657958984375,12.37005615234375,0,55644.91961669922,39875.16052246094,0,34088599552,2147483648,8403308544,0
200,1787753117688,3500,3500,3500,3500,3500,3500,3500,3500,3500,3500,3500,3500,3500,3500,3500,3500,3500,3500,3500,3500,1.18890380859375,0.17431640625,4.712745666503906,0.38995361328125,0.39914703369140625,0.47521209716796875,0.498199462890625,2.9444808959960938,0.3588714599609375,0.38605499267578125,0.5357284545898438,0.49310302734375,2.8393325805664063,0.26996612548828125,0.3468780517578125,0.30699920654296875,0.28670501708984375,0.2867584228515625,0.2555694580078125,14.154769897460938,0,55653.02490234375,39881.123291015625,0,34088599552,2147483648,8403435520,0
200,1787753117889,3500,3500,3500,3500,3500,3500,3500,3500,3500,3500,3500,3500,3500,3500,3500,3500,3500,3500,3500,3500,7.087532043457031,0.17935943603515625,10.059165954589844,0.24291229248046875,0.3740081787109375,0.44225311279296875,0.45829010009765625,0.33428955078125,2.846435546875,0.40503692626953125,2.8917007446289063,2.129241943359375,4.828239440917969,0.2704925537109375,0.3708648681640625,0.36696624755859375,0.2715911865234375,0.2736358642578125,0.18515777587890625,17.6441650390625,0,55659.78692626953,39885.756896972656,0,34088599552,2147483648,8403501056,0
200,1787753118089,3500,3500,3500,3500,3500,3500,3500,3500,3500,3500,3500,3500,3500,3500,3500,3500,3500,3500,3500,3500,2.723724365234375,2.7658615112304688,10.864692687988281,0.3082122802734375,0.35912322998046875,2.8923187255859375,0.476898193359375,0.3553314208984375,0.30107879638671875,0.7630691528320313,0.31295013427734375,0.872772216796875,0.31090545654296875,0.3135986328125,2.8237533569335938,2.8092422485351563,0.311004638671875,0.29399871826171875,0.27240753173828125,12.728416442871094,0,55666.40399169922,39890.2421875,0,34088599552,2147483648,8403566592,0
200,1787753118290,3500,3500,3500,3500,3500,3500,3500,3500,3500,3500,3500,3500,3500,3500,3500,3500,3500,3500,3500,3500,1.1222381591796875,0.212982177734375,5.959114074707031,0.3116455078125,0.3454132080078125,0.367462158203125,2.9826507568359375,0.37225341796875,0.284759521484375,1.5327987670898438,0.315887451171875,0.2487030029296875,0.27718353271484375,0.3359375,0.394195556640625,0.37813568115234375,0.3057098388671875,0.2980804443359375,2.7557449340820313,13.012031555175781,0,55673.139587402344,39894.86962890625,0,34088599552,2147483648,8403836928,0
200,1787753118490,3500,3500,3500,3500,3500,3500,3500,3500,3500,3500,3500,3500,3500,3500,3500,3500,3500,3500,3500,3500,5.617431640625,0.2161102294921875,6.0389251708984375,2.8070220947265625,2.9085617065429688,0.405181884765625,0.47191619873046875,0.3785552978515625,0.30413818359375,2.7655258178710938,0.27541351318359375,0.23087310791015625,0.5910186767578125,2.792205810546875,0.36553192138671875,0.37830352783203125,2.8109588623046875,2.7962493896484375,0.2905731201171875,9.550926208496094,0,55680.341247558594,39899.94891357422,0,34088599552,2147483648,8404307968,0
200,1787753118690,3500,3500,3500,3500,3500,3500,3500,3500,3500,3500,3500,3500,3500,3500,3500,3500,3500,3500,3500,3500,1.6052322387695313,0.219757080078125,4.4240875244140625,0.40593719482421875,0.3580322265625,0.33742523193359375,0.423004150390625,2.9160614013671875,0.39794921875,0.36602020263671875,0.33343505859375,0.38448333740234375,2.854827880859375,0.28942108154296875,0.3862762451171875,0.35009765625,0.3425140380859375,0.26711273193359375,0.2839813232421875,14.029739379882813,0,55687.01641845703,39904.495178222656,0,34088599552,2147483648,8404684800,0
200,1787753118891,3500,3500,3500,3500,3500,3500,3500,3500,3500,3500,3500,3500,3500,3500,3500,3500,3500,3500,3500,3500,2.1265106201171875,0.1853179931640625,1.3621902465820313,0.3255767822265625,0.30078125,0.37866973876953125,0.29055023193359375,0.2494354248046875,2.907501220703125,0.537445068359375,2.8994216918945313,0.311553955078125,2.7721328735351563,0.29778289794921875,0.4061126708984375,0.38959503173828125,0.26226043701171875,0.2873077392578125,0.26061248779296875,16.377418518066406,0,55693.95037841797,39909.31817626953,0,34088599552,2147483648,8405307392,0
199,1787753119091,3500,3500,3500,3500,3500,3500,3500,3500,3500,3500,3500,3500,3500,3500,3500,3500,3500,3500,3500,3500,1.0939712524414063,2.7681884765625,7.850555419921875,0.302032470703125,0.2518157958984375,2.7841644287109375,0.224761962890625,0.3149566650390625,0.24737548828125,0.28760528564453125,0.28351593017578125,2.9044570922851563,0.2707366943359375,0.29419708251953125,2.8938217163085938,2.8946762084960938,0.26290130615234375,0.29604339599609375,0.21927642822265625,12.228530883789063,0,55701.01135253906,39914.25720214844,0,34088599552,2147483648,8406212608,0
200,1787753119291,3500,3500,3500,3500,3500,3500,3500,3500,3500,3500,3500,3500,3500,3500,3500,3500,3500,3500,3500,3500,3.6054153442382813,0.19678497314453125,7.8657989501953125,0.26224517822265625,0.32421112060546875,0.31526947021484375,2.8150177001953125,0.21262359619140625,0.20803070068359375,0.27129364013671875,0.31766510009765625,0.266143798828125,2.5851516723632813,0.2768402099609375,0.2498016357421875,0.28787994384765625,0.253204345703125,0.25830078125,1.6306076049804688,9.952735900878906,0,55708.61071777344,39919.719482421875,0,34088599552,2147483648,8407732224,0
200,1787753119492,3500,3500,3500,3500,3500,3500,3500,3500,3500,3500,3500,3500,3500,3500,3500,3500,3500,3500,3500,3500,3.5176620483398438,0.2429656982421875,6.084144592285156,2.881195068359375,2.9137725830078125,0.35327911376953125,0.29682159423828125,0.36986541748046875,0.3708648681640625,2.8659591674804688,0.37076568603515625,0.42302703857421875,0.380859375,2.9524383544921875,0.42372894287109375,0.4662933349609375,2.8494720458984375,2.8949356079101563,1.413421630859375,9.301780700683594,0,55716.45104980469,39925.4453125,0,34088599552,2147483648,8410378240,0
200,1787753119692,3500,3500,3500,3500,3500,3500,3500,3500,3500,3500,3500,3500,3500,3500,3500,3500,3500,3500,3500,3500,1.0680770874023438,0.170074462890625,8.279144287109375,0.2608642578125,0.21569061279296875,0.21929168701171875,0.3073272705078125,2.8654251098632813,0.43738555908203125,0.51068115234375,0.46746063232421875,0.44303131103515625,0.28499603271484375,0.2993316650390625,0.39691162109375,0.40210723876953125,0.305328369140625,0.37552642822265625,0.22788238525390625,13.122184753417969,0,55724.12371826172,39931.001525878906,0,34088599552,2147483648,8413192192,0
200,1787753119892,3500,3500,3500,3500,3500,3500,3500,3500,3500,3500,3500,3500,3500,3500,3500,3500,3500,3500,3500,3500,1.058685302734375,0.2446441650390625,6.090065002441406,0.37442779541015625,0.3278045654296875,0.26056671142578125,0.2645111083984375,0.26206207275390625,2.7982940673828125,0.371185302734375,2.83477783203125,0.2742919921875,2.9152450561523438,0.41046905517578125,0.36529541015625,0.32745361328125,0.3691864013671875,0.3025970458984375,0.2199859619140625,27.812210083007813,0,55731.356994628906,39936.09875488281,0,34088599552,2147483648,8415916032,0
199,1787753120093,3500,3500,3500,3500,3500,3500,3500,3500,3500,3500,3500,3500,3500,3500,3500,3500,3500,3500,3500,3500,0.8710098266601563,2.7269439697265625,51.002960205078125,0.1340179443359375,0.2492218017578125,2.6926193237304688,0.14678955078125,0.23016357421875,0.22023773193359375,0.1721343994140625,0.30600738525390625,2.7645187377929688,0.28389739990234375,0.281707763671875,2.741668701171875,2.7230072021484375,0.21988677978515625,0.2288665771484375,0.15851593017578125,56.612823486328125,0,55740.38104248047,39943.001892089844,0,34088599552,2147483648,8416374784,0
199,1787753120293,3500,3500,3500,3500,3500,3500,3500,3500,3500,3500,3500,3500,3500,3500,3500,3500,3500,3500,3500,3500,8.933464050292969,0,42.6612434387207,0,0,0,0.0096435546875,0,0,0,0,0,0,0,0,0,0,0,0,50.06699752807617,0,55749.392150878906,39949.84460449219,0,34088599552,2147483648,8418365440,0
200,1787753120493,3500,3500,3500,3500,3500,3500,3500,3500,3500,3500,3500,3500,3500,3500,3500,3500,3500,3500,3500,3500,4.237358093261719,1.1256256103515625,60.0426139831543,3.6421127319335938,3.7136611938476563,1.1540298461914063,1.1323013305664063,1.1518325805664063,1.0800857543945313,3.7252883911132813,1.1649932861328125,1.1177215576171875,1.142303466796875,3.730133056640625,1.1695327758789063,1.1288909912109375,3.7578201293945313,3.7094268798828125,3.5943756103515625,43.529884338378906,0,55757.508056640625,39955.910583496094,0,34088599552,2147483648,8418365440,0
200,1787753120693,3500,3500,3500,3500,3500,3500,3500,3500,3500,3500,3500,3500,3500,3500,3500,3500,3500,3500,3500,3500,0.9222488403320313,0.31720733642578125,83.75575256347656,0.14801025390625,0.36705780029296875,0.2621612548828125,0.25726318359375,2.7961196899414063,0.32879638671875,0.28768157958984375,0.3174591064453125,0.30721282958984375,0.29438018798828125,0.29422760009765625,0.3720550537109375,0.344085693359375,0.33034515380859375,0.27454376220703125,0.2479705810546875,19.754653930664063,0,55765.497497558594,39961.79608154297,0,34088599552,2147483648,8418353152,0
200,1787753120893,3500,3500,3500,3500,3500,3500,3500,3500,3500,3500,3500,3500,3500,3500,3500,3500,3500,3500,3500,3500,0.7624053955078125,0.260223388671875,85.45364379882813,0.14315032958984375,0.2684478759765625,0.27503204345703125,0.27707672119140625,0.24859619140625,2.7877044677734375,0.3620758056640625,2.8345413208007813,0.21468353271484375,2.8091049194335938,0.2748870849609375,0.35294342041015625,0.3626251220703125,0.34466552734375,0.3170318603515625,0.2177734375,18.558547973632813,0,55774.9384765625,39969.12451171875,0,34088599552,2147483648,8418684928,0
200,1787753121094,3500,3500,3500,3500,3500,3500,3500,3500,3500,3500,3500,3500,3500,3500,3500,3500,3500,3500,3500,3500,6.490020751953125,2.7725067138671875,70.52484893798828,0.16599273681640625,0.20249176025390625,2.84375,0.25026702880859375,0.287811279296875,0.25984954833984375,0.268341064453125,0.29105377197265625,2.7762527465820313,16.18793487548828,0.2570037841796875,23.58226776123047,2.7601776123046875,0.28626251220703125,0.27582550048828125,0.173187255859375,37.649696350097656,0,55783.602783203125,39975.59973144531,0,34088599552,2147483648,8427233280,0
200,1787753121294,3500,3500,3500,3500,3500,3500,3500,3500,3500,3500,3500,3500,3500,3500,3500,3500,3500,3500,3500,3500,29.26317596435547,0.3208160400390625,36.208370208740234,0.2721405029296875,1.8926467895507813,0.35797882080078125,2.8429336547851563,0.29917144775390625,0.35279083251953125,7.975440979003906,0.70294189453125,0.31049346923828125,69.6781005859375,0.2790679931640625,46.12283706665039,0.279815673828125,70.66370391845703,0.24884796142578125,0.19427490234375,69.8646011352539,0,55796.30261230469,39986.12060546875,0,34088599552,2147483648,8453984256,0
199,1787753121494,3500,3500,3500,3500,3500,3500,3500,3500,3500,3500,3500,3500,3500,3500,3500,3500,3500,3500,3500,3500,34.11714172363281,0.2824249267578125,73.63473510742188,2.7809524536132813,3.0462417602539063,0.4332275390625,0.41100311279296875,0.376983642578125,0.3238372802734375,2.9303054809570313,0.3707427978515625,0.29051971435546875,41.58928680419922,2.8029327392578125,77.3030776977539,0.1953125,26.11290740966797,2.8546829223632813,2.8057785034179688,30.453895568847656,0,55808.859436035156,39996.484130859375,0,34088599552,2147483648,8460050432,0
200,1787753121694,3500,3500,3500,3500,3500,3500,3500,3500,3500,3500,3500,3500,3500,3500,3500,3500,3500,3500,3500,3500,27.28216552734375,0.31192779541015625,22.988868713378906,0.25647735595703125,0.41571807861328125,0.3408203125,0.3833160400390625,2.8640670776367188,0.29437255859375,0.4337158203125,0.37781524658203125,0.30092620849609375,27.194068908691406,0.2597808837890625,73.19214630126953,0.186187744140625,9.758201599121094,0.3400726318359375,0.25107574462890625,28.325927734375,0,55820.13018798828,40005.610107421875,0,34088599552,2147483648,8428568576,0
199,1787753121895,3500,3500,3500,3500,3500,3500,3500,3500,3500,3500,3500,3500,3500,3500,3500,3500,3500,3500,3500,3500,55.9607048034668,0.17180633544921875,26.291732788085938,0.2191619873046875,0.24041748046875,0.2976531982421875,0.3134765625,0.2363739013671875,2.7601776123046875,0.22784423828125,2.8055419921875,0.29326629638671875,3.0618743896484375,0.31043243408203125,0.28273773193359375,0.28922271728515625,0.272552490234375,0.304840087890625,0.20413970947265625,24.951507568359375,0,55828.95031738281,40012.30206298828,0,34088599552,2147483648,8428134400,0
200,1787753122095,3500,3500,3500,3500,3500,3500,3500,3500,3500,3500,3500,3500,3500,3500,3500,3500,3500,3500,3500,3500,41.02872085571289,2.7565689086914063,30.38201904296875,0.26996612548828125,0.3185577392578125,2.7638702392578125,0.31835174560546875,0.29146575927734375,0.27521514892578125,0.245574951171875,0.3173065185546875,2.9094772338867188,1.801361083984375,0.317108154296875,2.8427963256835938,2.8303985595703125,0.33119964599609375,0.3280487060546875,0.231231689453125,35.833335876464844,0,55838.277404785156,40019.50439453125,0,34088599552,2147483648,8427986944,0
200,1787753122295,3500,3500,3500,3500,3500,3500,3500,3500,3500,3500,3500,3500,3500,3500,3500,3500,3500,3500,3500,3500,31.625579833984375,0.24320220947265625,43.14788055419922,0.246002197265625,0.25274658203125,0.26178741455078125,2.7912979125976563,0.30255889892578125,0.31264495849609375,3.8030776977539063,0.20428466796875,0.2620391845703125,0.5161361694335938,0.28871917724609375,0.29236602783203125,0.2821197509765625,0.33138275146484375,0.3553619384765625,0.20908355712890625,33.45735168457031,0,55847.818420410156,40026.919494628906,0,34088599552,2147483648,8427790336,0
200,1787753122495,3500,3500,3500,3500,3500,3500,3500,3500,3500,3500,3500,3500,3500,3500,3500,3500,3500,3500,3500,3500,20.576309204101563,0.25107574462890625,55.704986572265625,2.7644882202148438,2.7581558227539063,0.27387237548828125,0.34771728515625,0.2588043212890625,0.48418426513671875,0.489471435546875,0.409393310546875,0.4898223876953125,0.6574172973632813,2.80615234375,0.310394287109375,0.30954742431640625,2.8921737670898438,2.8827438354492188,2.73590087890625,32.44940948486328,0,55857.219299316406,40034.473571777344,0,34088599552,2147483648,8427499520,0
200,1787753122696,3500,3500,3500,3500,3500,3500,3500,3500,3500,3500,3500,3500,3500,3500,3500,3500,3500,3500,3500,3500,23.98016357421875,0.2583160400390625,40.77568817138672,0.190185546875,0.22185516357421875,0.300811767578125,0.34271240234375,0.25567626953125,0.2815093994140625,2.8576431274414063,0.301513671875,0.32879638671875,23.780105590820313,0.29473114013671875,0.31048583984375,0.3225555419921875,0.3466033935546875,0.30884552001953125,0.2100372314453125,16.205169677734375,0,55866.745666503906,40042.07849121094,0,34088599552,2147483648,8427307008,0
200,1787753122896,3500,3500,3500,3500,3500,3500,3500,3500,3500,3500,3500,3500,3500,3500,3500,3500,3500,3500,3500,3500,36.223609924316406,0.21933746337890625,31.15930938720703,0.1800689697265625,0.2288818359375,0.22823333740234375,0.298980712890625,2.7413711547851563,2.9038467407226563,0.35408782958984375,2.8093719482421875,0.30332183837890625,3.310546875,0.26810455322265625,0.25191497802734375,0.2665557861328125,0.2747955322265625,0.265350341796875,0.21608734130859375,38.07673645019531,0,55877.30261230469,40050.2734375,0,34088599552,2147483648,8426860544,0
200,1787753123096,3500,3500,3500,3500,3500,3500,3500,3500,3500,3500,3500,3500,3500,3500,3500,3500,3500,3500,3500,3500,14.063812255859375,0.23516845703125,33.16503143310547,0.262237548828125,0.286468505859375,2.7989730834960938,0.26338958740234375,0.2386627197265625,0.2965545654296875,0.32143402099609375,0.21224212646484375,2.7811965942382813,23.769142150878906,0.2570953369140625,6.478080749511719,2.805816650390625,17.081825256347656,0.23436737060546875,0.22597503662109375,32.3189697265625,0,55886.53253173828,40057.108825683594,0,34088599552,2147483648,8426819584,0
200,1787753123297,3500,3500,3500,3500,3500,3500,3500,3500,3500,3500,3500,3500,3500,3500,3500,3500,3500,3500,3500,3500,36.70481491088867,2.724273681640625,62.30774688720703,0.223968505859375,0.27297210693359375,0.27691650390625,2.8680953979492188,0.26378631591796875,0.2727203369140625,0.3592071533203125,0.27257537841796875,0.273773193359375,7.743644714355469,0.3350982666015625,0.32811737060546875,0.29168701171875,0.36449432373046875,0.33110809326171875,0.27965545654296875,6.423698425292969,0,55896.040954589844,40064.48516845703,0,34088599552,2147483648,8426954752,0
200,1787753123497,3500,3500,3500,3500,3500,3500,3500,3500,3500,3500,3500,3500,3500,3500,3500,3500,3500,3500,3500,3500,43.47773742675781,0.270904541015625,28.740859985351563,2.7810516357421875,2.8762283325195313,0.2773895263671875,0.28511810302734375,0.33405303955078125,0.34542083740234375,0.28716278076171875,0.32981109619140625,0.29404449462890625,9.932563781738281,2.8594131469726563,0.34637451171875,0.30866241455078125,2.8558273315429688,2.8485946655273438,2.7934722900390625,24.664947509765625,0,55904.876892089844,40071.22052001953,0,34088599552,2147483648,8426954752,0
200,1787753123697,3500,3500,3500,3500,3500,3500,3500,3500,3500,3500,3500,3500,3500,3500,3500,3500,3500,3500,3500,3500,39.45006561279297,0.206787109375,40.28286361694336,0.21437835693359375,0.3040924072265625,0.308685302734375,0.30893707275390625,0.299102783203125,0.26715087890625,2.7417831420898438,0.38182830810546875,0.280029296875,14.384101867675781,0.33050537109375,0.39006805419921875,0.33115386962890625,0.32675933837890625,0.2684478759765625,0.2847747802734375,10.613265991210938,0,55914.713439941406,40078.92346191406,0,34088599552,2147483648,8426950656,0
200,1787753123898,3500,3500,3500,3500,3500,3500,3500,3500,3500,3500,3500,3500,3500,3500,3500,3500,3500,3500,3500,3500,28.225425720214844,0.1330718994140625,57.78336715698242,0.09375762939453125,0.2347259521484375,0.2064971923828125,0.16089630126953125,2.723663330078125,2.7296600341796875,0.20835113525390625,2.653533935546875,0.219635009765625,3.2416610717773438,0.1748809814453125,0.30020904541015625,0.291717529296875,0.21714019775390625,0.17862701416015625,0.140716552734375,22.474143981933594,0,55924.12188720703,40086.201416015625,0,34088599552,2147483648,8426946560,0
199,1787753124098,3500,3500,3500,3500,3500,3500,3500,3500,3500,3500,3500,3500,3500,3500,3500,3500,3500,3500,3500,3500,28.77332305908203,0.2958984375,33.921409606933594,0.28876495361328125,0.3011932373046875,2.8227005004882813,0.3977813720703125,0.35755157470703125,0.4383087158203125,0.4073638916015625,0.4503936767578125,2.9577713012695313,30.61383056640625,0.30683135986328125,3.035491943359375,3.0177688598632813,0.3633880615234375,0.35015869140625,0.31032562255859375,16.399696350097656,0,55934.517822265625,40094.47131347656,0,34088599552,2147483648,8426930176,0
200,1787753124298,3500,3500,3500,3500,3500,3500,3500,3500,3500,3500,3500,3500,3500,3500,3500,3500,3500,3500,3500,3500,31.367942810058594,2.6662216186523438,40.54024887084961,0.1530914306640625,0.1152191162109375,0.19326019287109375,2.7949295043945313,0.235382080078125,0.3632354736328125,0.3241119384765625,0.44403076171875,0.407501220703125,18.183334350585938,0.2208404541015625,0.36438751220703125,0.3509979248046875,0.286041259765625,0.24787139892578125,0.193756103515625,19.045860290527344,0,55944.632751464844,40102.457458496094,0,34088599552,2147483648,8427061248,0
200,1787753124498,3500,3500,3500,3500,3500,3500,3500,3500,3500,3500,3500,3500,3500,3500,3500,3500,3500,3500,3500,3500,42.505741119384766,0.3232269287109375,35.67493438720703,2.809600830078125,2.9567108154296875,0.4422149658203125,0.35373687744140625,0.4236907958984375,0.49105072021484375,0.4396209716796875,0.5719451904296875,0.5862274169921875,0.5467300415039063,2.9218063354492188,0.47662353515625,0.48975372314453125,3.001251220703125,2.9618988037109375,2.8186416625976563,27.77398681640625,0,55954.36975097656,40110.07501220703,0,34088599552,2147483648,8427057152,0
200,1787753124699,3500,3500,3500,3500,3500,3500,3500,3500,3500,3500,3500,3500,3500,3500,3500,3500,3500,3500,3500,3500,40.34565353393555,0.23065948486328125,41.66143035888672,0.19570159912109375,0.47942352294921875,0.4745330810546875,0.4535369873046875,0.475830078125,0.382720947265625,2.8989639282226563,0.3924407958984375,0.453887939453125,0.41463470458984375,0.28456878662109375,0.3855133056640625,0.39049530029296875,0.39264678955078125,0.38510894775390625,0.25484466552734375,25.98352813720703,0,55964.27819824219,40117.85241699219,0,34088599552,2147483648,8427061248,0
200,1787753124899,3500,3500,3500,3500,3500,3500,3500,3500,3500,3500,3500,3500,3500,3500,3500,3500,3500,3500,3500,3500,34.648155212402344,0.2516326904296875,60.2519416809082,0.2031097412109375,0.49063873291015625,0.47835540771484375,0.4526519775390625,3.0195465087890625,2.8824234008789063,0.44077301025390625,2.8829269409179688,0.48145294189453125,2.9455184936523438,0.31557464599609375,0.352569580078125,0.37462615966796875,0.43572998046875,0.4042816162109375,0.31792449951171875,10.313064575195313,0,55973.12384033203,40124.593322753906,0,34088599552,2147483648,8427057152,0
199,1787753125099,3500,3500,3500,3500,3500,3500,3500,3500,3500,3500,3500,3500,3500,3500,3500,3500,3500,3500,3500,3500,37.786720275878906,0.2406158447265625,54.09556579589844,0.19766998291015625,0.4638519287109375,2.9056854248046875,0.38085174560546875,0.4155120849609375,0.34519195556640625,0.36986541748046875,0.35868072509765625,2.89630126953125,0.42804718017578125,0.41461181640625,2.7961654663085938,0.313934326171875,0.43503570556640625,0.40517425537109375,0.246307373046875,15.535507202148438,0,55983.729553222656,40133.069885253906,0,34088599552,2147483648,8427057152,0
199,1787753125299,3500,3500,3500,3500,3500,3500,3500,3500,3500,3500,3500,3500,3500,3500,3500,3500,3500,3500,3500,3500,34.93444061279297,2.759796142578125,28.707313537597656,0.19889068603515625,0.35713958740234375,0.2975616455078125,2.8750076293945313,0.273468017578125,0.258819580078125,0.7494659423828125,0.26377105712890625,0.31400299072265625,8.060455322265625,0.36444091796875,0.30645751953125,2.7862396240234375,0.3958740234375,0.3829345703125,0.2384796142578125,35.7855224609375,0,55993.130859375,40140.35595703125,0,34088599552,2147483648,8427188224,0
200,1787753125499,3500,3500,3500,3500,3500,3500,3500,3500,3500,3500,3500,3500,3500,3500,3500,3500,3500,3500,3500,3500,29.01769256591797,0.29138946533203125,11.609687805175781,2.7736892700195313,0.45135498046875,0.34137725830078125,0.50054931640625,0.3269805908203125,0.29714202880859375,0.18121337890625,0.31473541259765625,0.1691131591796875,16.024986267089844,2.7646865844726563,0.317138671875,0.28484344482421875,2.8849639892578125,2.87481689453125,2.708251953125,53.48881530761719,0,56003.590270996094,40148.680908203125,0,34088599552,2147483648,8427167744,0
200,1787753125700,3500,3500,3500,3500,3500,3500,3500,3500,3500,3500,3500,3500,3500,3500,3500,3500,3500,3500,3500,3500,32.4293212890625,0.27855682373046875,40.3992919921875,0.209747314453125,3.039337158203125,0.409149169921875,0.5053329467773438,0.382080078125,0.36000823974609375,2.8633041381835938,0.248748779296875,0.23896026611328125,0.442108154296875,0.31876373291015625,0.4224853515625,0.4104461669921875,0.4638824462890625,0.4270782470703125,0.2264251708984375,31.033721923828125,0,56012.10577392578,40155.089294433594,0,34088599552,2147483648,8427167744,0
199,1787753125900,3500,3500,3500,3500,3500,3500,3500,3500,3500,3500,3500,3500,3500,3500,3500,3500,3500,3500,3500,3500,32.30482482910156,0.178680419921875,37.671958923339844,0.16290283203125,0.3000335693359375,0.250946044921875,0.311920166015625,2.7952804565429688,2.7906341552734375,0.9277114868164063,2.7543792724609375,0.25893402099609375,12.566925048828125,0.26642608642578125,0.37094879150390625,0.361907958984375,0.3851776123046875,0.3606109619140625,0.2003021240234375,25.246109008789063,0,56021.39373779297,40162.24774169922,0,34088599552,2147483648,8427167744,0
200,1787753126100,3500,3500,3500,3500,3500,3500,3500,3500,3500,3500,3500,3500,3500,3500,3500,3500,3500,3500,3500,3500,23.42603302001953,0,40.324398040771484,0,0,0.631439208984375,0,0,0,0,0,1.6744155883789063,21.57464599609375,0,13.800735473632813,0,0,0,0,27.3819580078125,0,56030.390380859375,40169.71350097656,0,34088599552,2147483648,8427167744,0
200,1787753126300,3500,3500,3500,3500,3500,3500,3500,3500,3500,3500,3500,3500,3500,3500,3500,3500,3500,3500,3500,3500,23.11927032470703,2.87939453125,21.02283477783203,0.39644622802734375,0.41635894775390625,1.56451416015625,3.0855636596679688,0.44944000244140625,0.5097427368164063,0.6352310180664063,0.5980224609375,0.5373153686523438,42.74534225463867,0.3650360107421875,0.8726043701171875,2.96087646484375,0.9680023193359375,0.47484588623046875,0.39861297607421875,25.45665740966797,0,56039.136657714844,40175.718505859375,0,34088599552,2147483648,8427302912,0
199,1787753126501,3500,3500,3500,3500,3500,3500,3500,3500,3500,3500,3500,3500,3500,3500,3500,3500,3500,3500,3500,3500,22.075538635253906,0.26888275146484375,45.36098861694336,2.7423248291015625,0.291351318359375,0.29974365234375,0.321563720703125,0.24161529541015625,0.39553070068359375,0.5019989013671875,0.5314178466796875,0.400421142578125,18.166160583496094,2.8160858154296875,0.326507568359375,0.33110809326171875,2.9365921020507813,2.9336471557617188,2.8684768676757813,18.273330688476563,0,56046.816833496094,40181.281982421875,0,34088599552,2147483648,8427302912,0
200,1787753126701,3500,3500,3500,3500,3500,3500,3500,3500,3500,3500,3500,3500,3500,3500,3500,3500,3500,3500,3500,3500,11.387245178222656,0.2877655029296875,69.63909149169922,0.12548828125,2.7031021118164063,0.31581878662109375,0.272216796875,0.1929779052734375,0.25366973876953125,2.8145904541015625,0.29111480712890625,0.33881378173828125,0.41930389404296875,0.31756591796875,0.28652191162109375,0.27567291259765625,0.37731170654296875,0.3832550048828125,0.2626190185546875,25.775962829589844,0,56055.00567626953,40187.357421875,0,34088599552,2147483648,8427302912,0
199,1787753126901,3500,3500,3500,3500,3500,3500,3500,3500,3500,3500,3500,3500,3500,3500,3500,3500,3500,3500,3500,3500,14.8311767578125,0.2183074951171875,64.18701934814453,0.19268035888671875,0.26821136474609375,0.224151611328125,0.2877960205078125,2.787994384765625,2.7983856201171875,0.415435791015625,2.8884048461914063,0.23259735107421875,3.7623367309570313,0.3377532958984375,0.28220367431640625,0.29189300537109375,0.3852081298828125,0.38970947265625,0.18189239501953125,31.120567321777344,0,56064.612731933594,40194.819580078125,0,34088599552,2147483648,8427298816,0
200,1787753127101,3500,3500,3500,3500,3500,3500,3500,3500,3500,3500,3500,3500,3500,3500,3500,3500,3500,3500,3500,3500,37.13101577758789,0.22560882568359375,60.6307373046875,0.2154083251953125,0.24825286865234375,0.30864715576171875,0.317596435546875,0.25830078125,0.32149505615234375,0.33624267578125,0.365081787109375,2.9458694458007813,0.42232513427734375,0.29549407958984375,2.8332366943359375,0.313995361328125,0.4139251708984375,0.407928466796875,0.23095703125,10.051338195800781,0,56073.24853515625,40201.351135253906,0,34088599552,2147483648,8427298816,0
200,1787753127301,3500,3500,3500,3500,3500,3500,3500,3500,3500,3500,3500,3500,3500,3500,3500,3500,3500,3500,3500,3500,40.76513671875,2.7363815307617188,52.194881439208984,0.20993804931640625,0.38780975341796875,2.7801361083984375,2.7562637329101563,0.30963897705078125,0.27167510986328125,0.40993499755859375,0.23900604248046875,0.28391265869140625,0.6823577880859375,0.32257080078125,0.30304718017578125,2.7677001953125,0.3870086669921875,0.3943023681640625,0.2328643798828125,18.44525146484375,0,56081.51281738281,40207.48547363281,0,34088599552,2147483648,8427429888,0
200,1787753127501,3500,3500,3500,3500,3500,3500,3500,3500,3500,3500,3500,3500,3500,3500,3500,3500,3500,3500,3500,3500,27.303932189941406,0.240814208984375,58.46773910522461,0.20662689208984375,0.3108367919921875,0.2675628662109375,0.29122161865234375,0.29621124267578125,0.3589019775390625,0.35016632080078125,0.24900054931640625,0.2953643798828125,8.288215637207031,2.8081207275390625,0.342529296875,0.336090087890625,0.5200119018554688,2.9177780151367188,2.7509231567382813,10.029365539550781,0,56090.08215332031,40214.165100097656,0,34088599552,2147483648,8427425792,0
199,1787753127702,3500,3500,3500,3500,3500,3500,3500,3500,3500,3500,3500,3500,3500,3500,3500,3500,3500,3500,3500,3500,34.40953063964844,0.18874359130859375,47.95655059814453,2.66778564453125,2.7815322875976563,0.197723388671875,0.2803497314453125,0.29975128173828125,0.43868255615234375,2.8828582763671875,0.30742645263671875,0.4271087646484375,8.387580871582031,0.2639923095703125,0.6350555419921875,0.362579345703125,2.696807861328125,0.36093902587890625,0.24250030517578125,19.266761779785156,0,56099.41491699219,40221.385498046875,0,34088599552,2147483648,8427507712,0
200,1787753127902,3500,3500,3500,3500,3500,3500,3500,3500,3500,3500,3500,3500,3500,3500,3500,3500,3500,3500,3500,3500,40.56440734863281,0.27631378173828125,33.04273986816406,0.1967926025390625,0.34809112548828125,0.29376220703125,0.28041839599609375,2.8475875854492188,3.0067367553710938,0.37488555908203125,2.9222640991210938,0.475006103515625,8.687416076660156,0.30230712890625,0.4273223876953125,0.41982269287109375,0.36524200439453125,0.38288116455078125,0.29041290283203125,24.988479614257813,0,56108.685546875,40228.35888671875,0,34088599552,2147483648,8427507712,0
200,1787753128102,3500,3500,3500,3500,3500,3500,3500,3500,3500,3500,3500,3500,3500,3500,3500,3500,3500,3500,3500,3500,31.34423065185547,0.2026824951171875,42.416542053222656,0.19024658203125,0.34051513671875,0.308013916015625,0.3050689697265625,0.203033447265625,0.34246063232421875,1.2497787475585938,0.30806732177734375,2.8121185302734375,10.838676452636719,0.27191925048828125,0.9954299926757813,0.3929290771484375,0.308013916015625,0.3012237548828125,0.227142333984375,23.955169677734375,0,56117.826232910156,40235.299743652344,0,34088599552,2147483648,8427573248,0
200,1787753128303,3500,3500,3500,3500,3500,3500,3500,3500,3500,3500,3500,3500,3500,3500,3500,3500,3500,3500,3500,3500,35.01609802246094,2.712554931640625,12.757133483886719,0.19116973876953125,0.24738311767578125,2.80950927734375,2.781280517578125,0.2456817626953125,0.235107421875,0.282989501953125,0.22887420654296875,0.2762603759765625,33.86228942871094,0.2705230712890625,2.2458724975585938,2.80267333984375,0.28563690185546875,0.26523590087890625,0.1953125,29.591293334960938,0,56127.35028076172,40242.67987060547,0,34088599552,2147483648,8429232128,0
199,1787753128503,3500,3500,3500,3500,3500,3500,3500,3500,3500,3500,3500,3500,3500,3500,3500,3500,3500,3500,3500,3500,33.578834533691406,0.24475860595703125,41.118709564208984,0.20233154296875,0.3054962158203125,0.31407928466796875,0.22479248046875,0.29726409912109375,0.233123779296875,0.307342529296875,0.23757171630859375,0.30464935302734375,0.44838714599609375,0.9709396362304688,0.29621124267578125,0.29192352294921875,0.27764892578125,2.8528213500976563,2.7417755126953125,30.824485778808594,0,56134.72509765625,40247.92462158203,0,34088599552,2147483648,8429395968,0
200,1787753128703,3500,3500,3500,3500,3500,3500,3500,3500,3500,3500,3500,3500,3500,3500,3500,3500,3500,3500,3500,3500,37.26660919189453,0.2374420166015625,32.131996154785156,2.7665634155273438,2.8413467407226563,0.29433441162109375,0.3598175048828125,0.2870330810546875,0.24259185791015625,2.809600830078125,0.3556671142578125,0.31232452392578125,0.41570281982421875,2.1981964111328125,7.9383697509765625,0.3128814697265625,2.9307708740234375,0.434600830078125,0.223297119140625,29.59137725830078,0,56144.458740234375,40255.554138183594,0,34088599552,2147483648,8429387776,0
200,1787753128904,3500,3500,3500,3500,3500,3500,3500,3500,3500,3500,3500,3500,3500,3500,3500,3500,3500,3500,3500,3500,23.7821044921875,0.25600433349609375,34.70659637451172,0.20599365234375,0.2976837158203125,0.332275390625,0.3220977783203125,2.9093780517578125,2.706329345703125,0.25531005859375,2.8428955078125,0.2545623779296875,2.8077011108398438,0.31121063232421875,0.30802154541015625,0.25905609130859375,0.38872528076171875,0.39736175537109375,0.1914215087890625,45.106597900390625,0,56153.29895019531,40262.27130126953,0,34088599552,2147483648,8429404160,0
200,1787753129104,3500,3500,3500,3500,3500,3500,3500,3500,3500,3500,3500,3500,3500,3500,3500,3500,3500,3500,3500,3500,20.904502868652344,0.30538177490234375,33.87530517578125,0.18515777587890625,0.3098297119140625,0.29984283447265625,0.2557373046875,0.2181243896484375,0.2186279296875,0.31557464599609375,0.2427978515625,2.776031494140625,9.313179016113281,0.306182861328125,0.29229736328125,0.2769622802734375,0.27801513671875,0.34389495849609375,0.15373992919921875,45.739952087402344,0,56162.70495605469,40269.533752441406,0,34088599552,2147483648,8433704960,0
200,1787753129304,3500,3500,3500,3500,3500,3500,3500,3500,3500,3500,3500,3500,3500,3500,3500,3500,3500,3500,3500,3500,39.574485778808594,2.764007568359375,34.72521209716797,0.24497222900390625,0.46063232421875,3.0371551513671875,2.9758682250976563,0.39935302734375,0.30126190185546875,0.3676910400390625,0.29941558837890625,0.3367767333984375,0.5390472412109375,0.34735870361328125,2.9248809814453125,2.8957595825195313,0.3698883056640625,0.3338775634765625,0.246124267578125,35.179351806640625,0,56170.676025390625,40275.39874267578,0,34088599552,2147483648,8434044928,0
200,1787753129504,3500,3500,3500,3500,3500,3500,3500,3500,3500,3500,3500,3500,3500,3500,3500,3500,3500,3500,3500,3500,26.440086364746094,0.1583709716796875,17.136199951171875,0.20894622802734375,0.44777679443359375,0.44873046875,0.41094970703125,0.3721160888671875,0.415191650390625,0.360870361328125,0.35437774658203125,0.38236236572265625,0.31934356689453125,0.2476806640625,0.37276458740234375,0.365966796875,0.27071380615234375,0.3959503173828125,2.6644821166992188,59.59444046020508,0,56179.25061035156,40281.8603515625,0,34088599552,2147483648,8434008064,0
200,1787753129704,3500,3500,3500,3500,3500,3500,3500,3500,3500,3500,3500,3500,3500,3500,3500,3500,3500,3500,3500,3500,45.90311050415039,0.231048583984375,27.088088989257813,2.7894363403320313,2.9078750610351563,0.4557037353515625,0.3959808349609375,0.35558319091796875,0.330963134765625,2.89678955078125,0.428436279296875,0.30829620361328125,8.024948120117188,2.8436126708984375,0.34534454345703125,0.3867950439453125,2.845306396484375,2.7208709716796875,0.25576019287109375,26.30791473388672,0,56186.879150390625,40287.360778808594,0,34088599552,2147483648,8433995776,0
200,1787753129905,3500,3500,3500,3500,3500,3500,3500,3500,3500,3500,3500,3500,3500,3500,3500,3500,3500,3500,3500,3500,31.566986083984375,0.182098388671875,26.03015899658203,0.18753814697265625,0.24503326416015625,0.17076873779296875,0.23694610595703125,2.8010787963867188,0.262542724609375,0.26224517822265625,2.7421417236328125,0.195526123046875,38.21109390258789,0.18938446044921875,8.161392211914063,0.23839569091796875,0.25685882568359375,0.29119110107421875,0.2032623291015625,16.9044189453125,0,56195.908203125,40294.23132324219,0,34088599552,2147483648,8436432896,0
200,1787753130105,3500,3500,3500,3500,3500,3500,3500,3500,3500,3500,3500,3500,3500,3500,3500,3500,3500,3500,3500,3500,13.468650817871094,0.2577972412109375,63.58698654174805,0.16472625732421875,0.29803466796875,0.2610931396484375,0.284454345703125,0.3082733154296875,2.7907943725585938,0.5539321899414063,0.25864410400390625,2.8021316528320313,0.3282928466796875,0.29129791259765625,0.3122711181640625,0.30542755126953125,0.2972412109375,0.31826019287109375,0.19622802734375,29.731491088867188,0,56204.098083496094,40300.297302246094,0,34088599552,2147483648,8436379648,0
200,1787753130306,3500,3500,3500,3500,3500,3500,3500,3500,3500,3500,3500,3500,3500,3500,3500,3500,3500,3500,3500,3500,28.892166137695313,2.7636260986328125,53.16996383666992,0.22076416015625,0.6005401611328125,2.7956008911132813,2.8117141723632813,0.3747406005859375,0.33847808837890625,0.6622390747070313,0.3142852783203125,0.30585479736328125,8.210723876953125,0.3018646240234375,2.847625732421875,2.8176498413085938,0.3296966552734375,0.3606719970703125,0.2215118408203125,19.67144775390625,0,56212.98663330078,40307.06896972656,0,34088599552,2147483648,8436416512,0
200,1787753130506,3500,3500,3500,3500,3500,3500,3500,3500,3500,3500,3500,3500,3500,3500,3500,3500,3500,3500,3500,3500,38.66874694824219,0.20827484130859375,34.006500244140625,0.24204254150390625,0.37939453125,0.305877685546875,0.2414398193359375,0.247772216796875,0.2148590087890625,1.0001296997070313,0.288421630859375,0.31769561767578125,17.64910125732422,0.23984527587890625,0.44936370849609375,0.28588104248046875,0.3457794189453125,0.24613189697265625,2.7108154296875,21.969757080078125,0,56223.776428222656,40315.70166015625,0,34088599552,2147483648,8436256768,0
200,1787753130706,3500,3500,3500,3500,3500,3500,3500,3500,3500,3500,3500,3500,3500,3500,3500,3500,3500,3500,3500,3500,31.775863647460938,0.24587249755859375,36.82408905029297,2.7901992797851563,2.8350067138671875,0.280853271484375,0.291534423828125,0.3332061767578125,0.3751220703125,2.9881134033203125,0.25026702880859375,0.365142822265625,10.273056030273438,2.8202362060546875,0.441741943359375,0.39403533935546875,2.8217391967773438,2.8525772094726563,0.24552154541015625,34.015777587890625,0,56232.994140625,40322.79724121094,0,34088599552,2147483648,8396079104,0
200,1787753130907,3500,3500,3500,3500,3500,3500,3500,3500,3500,3500,3500,3500,3500,3500,3500,3500,3500,3500,3500,3500,38.15614318847656,0.21727752685546875,30.1446533203125,0.2188262939453125,0.32447052001953125,0.25086212158203125,0.312774658203125,2.7560806274414063,0.4684906005859375,0.4274139404296875,0.9784622192382813,0.4686431884765625,2.9155960083007813,0.284942626953125,0.41007232666015625,0.38243865966796875,0.3134307861328125,0.28978729248046875,0.2242279052734375,35.980743408203125,0,56242.218322753906,40329.89172363281,0,34088599552,2147483648,8395784192,0
200,1787753131107,3500,3500,3500,3500,3500,3500,3500,3500,3500,3500,3500,3500,3500,3500,3500,3500,3500,3500,3500,3500,29.439231872558594,0.22039031982421875,29.36211395263672,0.168670654296875,0.40528106689453125,0.29531097412109375,0.2335662841796875,0.20351409912109375,2.7824630737304688,0.5077667236328125,2.2725067138671875,2.786407470703125,2.3696975708007813,0.29201507568359375,0.26910400390625,0.29241943359375,0.25482940673828125,0.28108978271484375,0.1962738037109375,46.42943572998047,0,56251.5634765625,40337.11553955078,0,34088599552,2147483648,8395710464,0
200,1787753131307,3500,3500,3500,3500,3500,3500,3500,3500,3500,3500,3500,3500,3500,3500,3500,3500,3500,3500,3500,3500,29.273681640625,2.8157424926757813,48.41033172607422,0.22275543212890625,0.7641220092773438,2.82513427734375,2.78643798828125,0.2724761962890625,0.24626922607421875,1.1817703247070313,0.35759735107421875,0.27771759033203125,0.429534912109375,0.39483642578125,2.8226852416992188,2.78948974609375,0.316558837890625,0.27822113037109375,0.24776458740234375,37.88016891479492,0,56261.306701660156,40344.732421875,0,34088599552,2147483648,8395841536,0
200,1787753131507,3500,3500,3500,3500,3500,3500,3500,3500,3500,3500,3500,3500,3500,3500,3500,3500,3500,3500,3500,3500,17.018043518066406,0.23970794677734375,16.752662658691406,0.22982025146484375,0.25119781494140625,0.3016357421875,0.33489227294921875,0.25489044189453125,0.248748779296875,0.35427093505859375,0.267578125,0.28650665283203125,38.48224639892578,0.27886199951171875,0.38134002685546875,0.37349700927734375,0.29988861083984375,0.31197357177734375,2.8064498901367188,33.24639129638672,0,56272.038513183594,40353.336669921875,0,34088599552,2147483648,8395837440,0
200,1787753131708,3500,3500,3500,3500,3500,3500,3500,3500,3500,3500,3500,3500,3500,3500,3500,3500,3500,3500,3500,3500,34.567779541015625,0.22107696533203125,42.82084655761719,2.723175048828125,2.752288818359375,0.29741668701171875,0.30230712890625,0.257171630859375,0.3003082275390625,3.246917724609375,0.257720947265625,0.281341552734375,0.3207855224609375,2.8594818115234375,0.2960205078125,0.29097747802734375,2.7885360717773438,2.7951202392578125,0.228668212890625,29.53966522216797,0,56281.554626464844,40360.734130859375,0,34088599552,2147483648,8395825152,0
199,1787753131908,3500,3500,3500,3500,3500,3500,3500,3500,3500,3500,3500,3500,3500,3500,3500,3500,3500,3500,3500,3500,17.097930908203125,0.23242950439453125,65.28004455566406,0.14785003662109375,0.49771881103515625,0.26633453369140625,0.241668701171875,2.8090057373046875,0.258148193359375,0.6113662719726563,0.23332977294921875,0.30683135986328125,34.23960876464844,0.2256927490234375,0.303985595703125,0.3029327392578125,0.29229736328125,0.26683807373046875,0.236724853515625,6.11517333984375,0,56290.758728027344,40367.81951904297,0,34088599552,2147483648,8395825152,0
200,1787753132108,3500,3500,3500,3500,3500,3500,3500,3500,3500,3500,3500,3500,3500,3500,3500,3500,3500,3500,3500,3500,39.8001708984375,0.2230682373046875,11.537353515625,0.1981353759765625,0.310211181640625,0.2828826904296875,0.2441558837890625,0.23191070556640625,2.80572509765625,0.5215377807617188,2.8495941162109375,2.95953369140625,15.974853515625,0.25914764404296875,8.0130615234375,0.29607391357421875,0.30226898193359375,0.27133941650390625,0.19403076171875,35.946922302246094,0,56299.83654785156,40374.75067138672,0,34088599552,2147483648,8396087296,0
200,1787753132309,3500,3500,3500,3500,3500,3500,3500,3500,3500,3500,3500,3500,3500,3500,3500,3500,3500,3500,3500,3500,25.93609619140625,2.7623977661132813,37.702392578125,0.1898040771484375,0.28240966796875,2.8784561157226563,0.4033050537109375,0.25182342529296875,0.49291229248046875,0.476898193359375,0.34333038330078125,0.47554779052734375,7.921516418457031,0.29587554931640625,2.8237228393554688,2.83544921875,0.28730010986328125,0.312347412109375,0.22208404541015625,40.39638900756836,0,56308.95867919922,40381.730895996094,0,34088599552,2147483648,8396197888,0
200,1787753132509,3500,3500,3500,3500,3500,3500,3500,3500,3500,3500,3500,3500,3500,3500,3500,3500,3500,3500,3500,3500,17.041885375976563,0.3379974365234375,31.771812438964844,0.25162506103515625,0.29566192626953125,0.29990386962890625,2.6362152099609375,0.32051849365234375,0.510986328125,0.384429931640625,0.376190185546875,0.40769195556640625,8.132820129394531,0.3873748779296875,0.3352508544921875,0.31378173828125,0.34039306640625,0.3853759765625,2.8120574951171875,47.364654541015625,0,56316.802978515625,40387.466064453125,0,34088599552,2147483648,8396197888,0
200,1787753132709,3500,3500,3500,3500,3500,3500,3500,3500,3500,3500,3500,3500,3500,3500,3500,3500,3500,3500,3500,3500,15.03192138671875,0.21112060546875,72.66529083251953,2.681365966796875,2.807037353515625,0.22466278076171875,0.2724761962890625,0.19952392578125,0.39855194091796875,2.8943862915039063,0.31565093994140625,0.3537750244140625,8.684707641601563,2.8378219604492188,0.2607879638671875,0.26458740234375,2.7966995239257813,2.7996978759765625,0.17998504638671875,24.629905700683594,0,56326.76647949219,40395.29113769531,0,34088599552,2147483648,8396333056,0
200,1787753132909,3500,3500,3500,3500,3500,3500,3500,3500,3500,3500,3500,3500,3500,3500,3500,3500,3500,3500,3500,3500,33.87123107910156,0.247039794921875,25.139999389648438,0.2121429443359375,0.279144287109375,0.27060699462890625,0.2209320068359375,2.8461074829101563,0.4953765869140625,0.5187911987304688,0.4487457275390625,0.5011672973632813,29.80590057373047,0.25567626953125,0.3259735107421875,0.30989837646484375,0.3226776123046875,0.32422637939453125,0.2539825439453125,18.95684814453125,0,56336.28826904297,40402.6806640625,0,34088599552,2147483648,8396398592,0
200,1787753133110,3500,3500,3500,3500,3500,3500,3500,3500,3500,3500,3500,3500,3500,3500,3500,3500,3500,3500,3500,3500,21.772109985351563,0.20139312744140625,62.117801666259766,0.15020751953125,0.20583343505859375,0.2040863037109375,0.2036895751953125,0.30196380615234375,2.9442977905273438,0.5776824951171875,2.9402084350585938,2.5060501098632813,4.985404968261719,0.24848175048828125,0.2727813720703125,0.2411041259765625,0.3331451416015625,0.35494232177734375,0.2442474365234375,17.68944549560547,0,56344.65020751953,40408.91687011719,0,34088599552,2147483648,8396398592,0
200,1787753133310,3500,3500,3500,3500,3500,3500,3500,3500,3500,3500,3500,3500,3500,3500,3500,3500,3500,3500,3500,3500,52.91291046142578,2.7665023803710938,13.884536743164063,0.29601287841796875,0.31645965576171875,2.8282089233398438,0.30753326416015625,0.31327056884765625,0.4979400634765625,0.4792327880859375,0.4166259765625,0.778533935546875,0.46671295166015625,0.326141357421875,2.8473663330078125,2.8749008178710938,0.35352325439453125,0.38525390625,0.260589599609375,40.874969482421875,0,56355.313903808594,40417.93054199219,0,34088599552,2147483648,8396529664,0
200,1787753133510,3500,3500,3500,3500,3500,3500,3500,3500,3500,3500,3500,3500,3500,3500,3500,3500,3500,3500,3500,3500,52.939117431640625,0.196685791015625,39.74295425415039,0.19533538818359375,0.249298095703125,0.23760986328125,2.7761383056640625,0.24570465087890625,0.46022796630859375,0.37277984619140625,0.31231689453125,0.3261566162109375,0.372528076171875,0.288726806640625,0.2940216064453125,0.2639923095703125,0.37042999267578125,0.38666534423828125,2.8244094848632813,15.88226318359375,0,56363.56530761719,40424.06085205078,0,34088599552,2147483648,8396791808,0
200,1787753133711,3500,3500,3500,3500,3500,3500,3500,3500,3500,3500,3500,3500,3500,3500,3500,3500,3500,3500,3500,3500,13.382942199707031,0.28322601318359375,74.8576889038086,2.69207763671875,2.839202880859375,0.24872589111328125,0.20754241943359375,0.3102874755859375,0.4357452392578125,2.9920730590820313,0.36714935302734375,0.366455078125,0.6624069213867188,2.812744140625,0.3165283203125,0.2968597412109375,2.8357620239257813,2.8675613403320313,0.21672821044921875,20.288421630859375,0,56372.20056152344,40430.42822265625,0,34088599552,2147483648,8396775424,0
199,1787753133911,3500,3500,3500,3500,3500,3500,3500,3500,3500,3500,3500,3500,3500,3500,3500,3500,3500,3500,3500,3500,34.60089111328125,0.18365478515625,43.77053451538086,0.16898345947265625,0.20606231689453125,0.238555908203125,0.24908447265625,2.8178253173828125,0.34336090087890625,0.31221771240234375,0.285614013671875,0.290802001953125,2.9803237915039063,0.27867889404296875,0.26096343994140625,0.302581787109375,0.27852630615234375,0.27448272705078125,0.2050628662109375,25.820228576660156,0,56381.87976074219,40437.65155029297,0,34088599552,2147483648,8396775424,0
200,1787753134111,3500,3500,3500,3500,3500,3500,3500,3500,3500,3500,3500,3500,3500,3500,3500,3500,3500,3500,3500,3500,47.13630294799805,0.1803131103515625,27.213287353515625,0.21105194091796875,0.3240966796875,0.22039794921875,0.30600738525390625,0.28382110595703125,2.9059066772460938,1.7747802734375,2.8761672973632813,0.4164581298828125,0.9114761352539063,0.304656982421875,0.2934112548828125,0.29586029052734375,0.2670745849609375,0.30975341796875,0.27197265625,30.353431701660156,0,56390.461669921875,40444.111755371094,0,34088599552,2147483648,8396775424,0
200,1787753134312,3500,3500,3500,3500,3500,3500,3500,3500,3500,3500,3500,3500,3500,3500,3500,3500,3500,3500,3500,3500,24.766006469726563,2.701690673828125,36.18577194213867,0.1593170166015625,0.26938629150390625,2.72149658203125,0.34662628173828125,0.23815155029296875,0.25616455078125,0.53936767578125,0.30780792236328125,2.8427963256835938,26.32159423828125,0.23720550537109375,2.7701950073242188,2.809661865234375,0.26474761962890625,0.28734588623046875,0.2068634033203125,25.6602783203125,0,56400.01727294922,40451.516845703125,0,34088599552,2147483648,8397041664,0
200,1787753134512,3500,3500,3500,3500,3500,3500,3500,3500,3500,3500,3500,3500,3500,3500,3500,3500,3500,3500,3500,3500,29.247238159179688,0.23268890380859375,41.09214782714844,0.2343902587890625,0.27911376953125,0.3421478271484375,2.8521575927734375,0.2955322265625,0.31584930419921875,0.29373931884765625,0.3086090087890625,0.31854248046875,0.39710235595703125,0.35697174072265625,0.33026885986328125,0.38013458251953125,0.34180450439453125,0.38492584228515625,0.2913360595703125,35.965423583984375,0,56409.71496582031,40459.102600097656,0,34088599552,2147483648,8397041664,0
200,1787753134712,3500,3500,3500,3500,3500,3500,3500,3500,3500,3500,3500,3500,3500,3500,3500,3500,3500,3500,3500,3500,32.13250732421875,0.20908355712890625,49.04542541503906,2.7535247802734375,2.8180313110351563,0.30831146240234375,0.25568389892578125,0.24275970458984375,0.31529998779296875,2.7941360473632813,0.30107879638671875,0.26186370849609375,16.03656768798828,2.8002166748046875,0.29419708251953125,0.27588653564453125,2.7991714477539063,2.7955322265625,2.7270355224609375,10.488265991210938,0,56418.68469238281,40465.95050048828,0,34088599552,2147483648,8397041664,0
199,1787753134913,3500,3500,3500,3500,3500,3500,3500,3500,3500,3500,3500,3500,3500,3500,3500,3500,3500,3500,3500,3500,55.81134033203125,0.1850433349609375,47.30756759643555,0.15999603271484375,0.2503662109375,0.2289581298828125,0.2265625,2.7706298828125,0.187591552734375,0.252166748046875,0.24303436279296875,0.2460784912109375,0.6706619262695313,0.29692840576171875,0.29103851318359375,0.25750732421875,0.28375244140625,0.263641357421875,0.17816162109375,3.5715408325195313,0,56426.73291015625,40471.857849121094,0,34088599552,2147483648,8397238272,0
200,1787753135113,3500,3500,3500,3500,3500,3500,3500,3500,3500,3500,3500,3500,3500,3500,3500,3500,3500,3500,3500,3500,28.508094787597656,0.24765777587890625,35.200782775878906,0.22127532958984375,0.45699310302734375,0.34105682373046875,0.27759552001953125,0.2940826416015625,2.8197174072265625,0.803497314453125,2.806671142578125,0.2439117431640625,26.268150329589844,0.2588043212890625,0.296234130859375,0.310577392578125,0.3200225830078125,0.3040313720703125,0.2411651611328125,19.0445556640625,0,56435.59698486328,40478.60546875,0,34088599552,2147483648,8397484032,0
200,1787753135313,3500,3500,3500,3500,3500,3500,3500,3500,3500,3500,3500,3500,3500,3500,3500,3500,3500,3500,3500,3500,20.046707153320313,2.7574234008789063,48.033878326416016,0.17059326171875,0.2387237548828125,2.8225479125976563,0.22083282470703125,0.31295013427734375,0.3202972412109375,0.33154296875,0.302703857421875,2.78350830078125,13.362640380859375,0.25237274169921875,2.7954559326171875,2.7811660766601563,0.28900909423828125,0.3323974609375,0.19113922119140625,29.63074493408203,0,56443.74169921875,40484.621154785156,0,34088599552,2147483648,8397615104,0
200,1787753135513,3500,3500,3500,3500,3500,3500,3500,3500,3500,3500,3500,3500,3500,3500,3500,3500,3500,3500,3500,3500,16.2723388671875,0.2806854248046875,40.74699020385742,0.2061614990234375,0.3226165771484375,0.33864593505859375,2.8179168701171875,0.23970794677734375,0.31108856201171875,0.3083953857421875,0.2683563232421875,0.36389923095703125,24.299537658691406,0.28128814697265625,0.31108856201171875,0.3209686279296875,0.41646575927734375,0.4382781982421875,0.27390289306640625,25.6724853515625,0,56452.23400878906,40491.003173828125,0,34088599552,2147483648,8397602816,0
200,1787753135714,3500,3500,3500,3500,3500,3500,3500,3500,3500,3500,3500,3500,3500,3500,3500,3500,3500,3500,3500,3500,17.554588317871094,0.25620269775390625,52.18458938598633,2.7333297729492188,2.8216323852539063,0.28620147705078125,0.2468719482421875,0.29907989501953125,0.27552032470703125,2.9774551391601563,0.256500244140625,0.26543426513671875,3.7002487182617188,2.8067550659179688,3.1551437377929688,0.24422454833984375,3.8379058837890625,2.8783798217773438,2.6910552978515625,48.29282760620117,0,56461.080139160156,40497.68884277344,0,34088599552,2147483648,8399548416,0
200,1787753135914,3500,3500,3500,3500,3500,3500,3500,3500,3500,3500,3500,3500,3500,3500,3500,3500,3500,3500,3500,3500,20.081268310546875,0.22916412353515625,65.91033935546875,0.16715240478515625,0.28952789306640625,0.3008575439453125,0.26955413818359375,2.8024826049804688,0.32562255859375,0.310791015625,0.301361083984375,0.28423309326171875,8.1240234375,0.33565521240234375,0.3173370361328125,0.294464111328125,0.5481948852539063,0.5181884765625,0.2041473388671875,11.175346374511719,0,56468.18487548828,40502.67199707031,0,34088599552,2147483648,8399585280,0
200,1787753136114,3500,3500,3500,3500,3500,3500,3500,3500,3500,3500,3500,3500,3500,3500,3500,3500,3500,3500,3500,3500,16.183509826660156,0.19332122802734375,76.65589904785156,0.1446380615234375,0.30583953857421875,0.21596527099609375,0.23346710205078125,0.29691314697265625,2.8183441162109375,0.37636566162109375,2.7334060668945313,0.2691802978515625,2.8651275634765625,0.32514190673828125,0.2777099609375,0.26200103759765625,0.49147796630859375,0.4893341064453125,0.23157501220703125,13.389007568359375,0,56476.39825439453,40508.74481201172,0,34088599552,2147483648,8401108992,0
200,1787753136315,3500,3500,3500,3500,3500,3500,3500,3500,3500,3500,3500,3500,3500,3500,3500,3500,3500,3500,3500,3500,32.690834045410156,2.8076095581054688,50.8864860534668,0.2345428466796875,0.242584228515625,2.8889846801757813,0.38411712646484375,0.2567596435546875,0.29994964599609375,0.7567596435546875,0.3402862548828125,2.8396072387695313,4.1064910888671875,0.37383270263671875,3.0275726318359375,2.8355636596679688,0.5635452270507813,0.557952880859375,0.224212646484375,19.996726989746094,0,56484.792541503906,40515.02947998047,0,34088599552,2147483648,8401899520,0
200,1787753136515,3500,3500,3500,3500,3500,3500,3500,3500,3500,3500,3500,3500,3500,3500,3500,3500,3500,3500,3500,3500,19.88428497314453,0.265380859375,32.10035705566406,0.235260009765625,0.34290313720703125,0.24749755859375,2.8017196655273438,0.3006439208984375,0.25574493408203125,0.35089874267578125,0.22727203369140625,0.31333160400390625,23.75982666015625,0.32003021240234375,0.3298187255859375,0.277618408203125,0.5133819580078125,0.5150833129882813,0.22762298583984375,33.928016662597656,0,56492.90417480469,40521.016052246094,0,34088599552,2147483648,8406224896,0
200,1787753136715,3500,3500,3500,3500,3500,3500,3500,3500,3500,3500,3500,3500,3500,3500,3500,3500,3500,3500,3500,3500,11.541183471679688,0.30213165283203125,68.34429168701172,2.6899490356445313,2.7693557739257813,0.355255126953125,0.2990875244140625,0.32787322998046875,0.40488433837890625,0.24536895751953125,0.31919097900390625,0.25958251953125,0.3061676025390625,2.8379974365234375,0.32253265380859375,0.2926025390625,2.98858642578125,2.9853439331054688,2.7774887084960938,26.927711486816406,0,56502.275634765625,40528.25915527344,0,34088599552,2147483648,8406290432,0
200,1787753136916,3500,3500,3500,3500,3500,3500,3500,3500,3500,3500,3500,3500,3500,3500,3500,3500,3500,3500,3500,3500,8.786697387695313,0.27150726318359375,72.89071655273438,0.163848876953125,0.30374908447265625,0.250640869140625,0.31333160400390625,2.7765960693359375,0.29102325439453125,2.8463134765625,0.23777008056640625,0.30823516845703125,0.3249053955078125,0.273101806640625,0.29047393798828125,0.326751708984375,0.40740966796875,0.40990447998046875,0.3292999267578125,22.5020751953125,0,56510.96600341797,40534.84777832031,0,34088599552,2147483648,8406220800,0
200,1787753137116,3500,3500,3500,3500,3500,3500,3500,3500,3500,3500,3500,3500,3500,3500,3500,3500,3500,3500,3500,3500,6.771026611328125,0.20940399169921875,54.26177978515625,0.13423919677734375,0.18166351318359375,0.285369873046875,0.289764404296875,0.21884918212890625,2.7847976684570313,0.3037567138671875,2.72467041015625,0.22649383544921875,2.900238037109375,0.250579833984375,0.24373626708984375,0.26117706298828125,0.35013580322265625,0.34943389892578125,0.152130126953125,47.947235107421875,0,56521.40625,40543.140686035156,0,34088599552,2147483648,8410464256,0
200,1787753137316,3500,3500,3500,3500,3500,3500,3500,3500,3500,3500,3500,3500,3500,3500,3500,3500,3500,3500,3500,3500,24.633102416992188,2.7913055419921875,53.890071868896484,0.21317291259765625,0.2896728515625,2.8994903564453125,0.30429840087890625,0.24326324462890625,0.33438873291015625,3.14080810546875,0.27874755859375,2.8817214965820313,18.06824493408203,0.27869415283203125,2.821044921875,2.7986907958984375,0.40718841552734375,0.42784881591796875,0.26282501220703125,13.876579284667969,0,56530.549072265625,40550.16003417969,0,34088599552,2147483648,8412278784,0
200,1787753137517,3500,3500,3500,3500,3500,3500,3500,3500,3500,3500,3500,3500,3500,3500,3500,3500,3500,3500,3500,3500,16.933753967285156,0.28798675537109375,49.1988410949707,0.20169830322265625,0.3404541015625,0.47247314453125,2.8769989013671875,0.35611724853515625,0.4200592041015625,0.38519287109375,0.34449005126953125,0.30788421630859375,6.780540466308594,0.2869873046875,0.29581451416015625,0.311279296875,0.360504150390625,0.3933258056640625,0.23661041259765625,34.45320129394531,0,56539.77880859375,40557.26818847656,0,34088599552,2147483648,8412393472,0
200,1787753137717,3500,3500,3500,3500,3500,3500,3500,3500,3500,3500,3500,3500,3500,3500,3500,3500,3500,3500,3500,3500,19.78203582763672,0.25669097900390625,51.6772346496582,2.6901779174804688,2.8919830322265625,0.411895751953125,0.3126678466796875,0.34393310546875,0.46099090576171875,0.34712982177734375,0.31896209716796875,0.33689117431640625,18.104324340820313,2.7577972412109375,0.298583984375,0.2996368408203125,2.8386459350585938,2.8225631713867188,2.7350692749023438,18.44391632080078,0,56547.46398925781,40563.29833984375,0,34088599552,2147483648,8412381184,0
200,1787753137917,3500,3500,3500,3500,3500,3500,3500,3500,3500,3500,3500,3500,3500,3500,3500,3500,3500,3500,3500,3500,29.1466064453125,0.24730682373046875,15.283950805664063,0.212738037109375,0.28083038330078125,0.25075531005859375,0.2486572265625,1.464813232421875,0.442657470703125,2.9398651123046875,0.32709503173828125,0.42057037353515625,21.60193634033203,0.2974700927734375,0.29192352294921875,0.326995849609375,0.31575775146484375,0.27898406982421875,0.1974945068359375,42.14653778076172,0,56558.38983154297,40572.07781982422,0,34088599552,2147483648,8414363648,0
199,1787753138117,3500,3500,3500,3500,3500,3500,3500,3500,3500,3500,3500,3500,3500,3500,3500,3500,3500,3500,3500,3500,17.539688110351563,0.3076629638671875,47.29253387451172,0.21337127685546875,0.29323577880859375,0.2322998046875,0.26641082763671875,1.6432723999023438,2.939117431640625,0.40755462646484375,2.8724365234375,0.38128662109375,10.72027587890625,0.26950836181640625,0.31410980224609375,0.26311492919921875,0.2891387939453125,0.28469085693359375,0.2375946044921875,33.89940643310547,0,56567.83166503906,40578.94061279297,0,34088599552,2147483648,8414433280,0
200,1787753138317,3500,3500,3500,3500,3500,3500,3500,3500,3500,3500,3500,3500,3500,3500,3500,3500,3500,3500,3500,3500,19.734825134277344,0.30814361572265625,10.093986511230469,0.30049896240234375,0.2549285888671875,2.9036331176757813,0.3367767333984375,0.33203125,0.3780517578125,1.5837020874023438,0.3584136962890625,2.8706588745117188,39.827415466308594,0.2708740234375,2.8592147827148438,2.8614578247070313,0.3476715087890625,0.3457183837890625,0.26557159423828125,38.07941818237305,0,56575.840270996094,40584.835693359375,0,34088599552,2147483648,8414556160,0
200,1787753138518,3500,3500,3500,3500,3500,3500,3500,3500,3500,3500,3500,3500,3500,3500,3500,3500,3500,3500,3500,3500,43.31729507446289,2.6932830810546875,26.379165649414063,0.2095184326171875,0.3382720947265625,0.423828125,3.0160980224609375,0.31592559814453125,0.2795562744140625,0.21295928955078125,0.2615509033203125,0.2672882080078125,0.3986358642578125,0.33518218994140625,0.263397216796875,0.2756195068359375,0.2543182373046875,0.29961395263671875,0.21436309814453125,36.50524139404297,0,56586.19610595703,40593.067932128906,0,34088599552,2147483648,8414556160,0
200,1787753138718,3500,3500,3500,3500,3500,3500,3500,3500,3500,3500,3500,3500,3500,3500,3500,3500,3500,3500,3500,3500,21.408302307128906,0.21117401123046875,49.31388473510742,2.7013931274414063,2.8985443115234375,0.44699859619140625,0.4629669189453125,0.35004425048828125,0.30683135986328125,0.23836517333984375,0.2561798095703125,0.28387451171875,8.19769287109375,2.8667068481445313,0.2843780517578125,0.2825775146484375,2.7953033447265625,2.82080078125,2.7471542358398438,31.280166625976563,0,56594.98193359375,40599.715270996094,0,34088599552,2147483648,8414556160,0
200,1787753138919,3500,3500,3500,3500,3500,3500,3500,3500,3500,3500,3500,3500,3500,3500,3500,3500,3500,3500,3500,3500,25.244064331054688,0.2320556640625,33.17828369140625,0.19545745849609375,0.22406768798828125,0.240692138671875,0.29586029052734375,0.32172393798828125,0.30030059814453125,2.883453369140625,0.23659515380859375,0.26924896240234375,8.203170776367188,0.274688720703125,0.28812408447265625,0.28981781005859375,0.3701019287109375,0.383026123046875,0.2166290283203125,37.161991119384766,0,56604.49267578125,40607.106201171875,0,34088599552,2147483648,8414556160,0
200,1787753139119,3500,3500,3500,3500,3500,3500,3500,3500,3500,3500,3500,3500,3500,3500,3500,3500,3500,3500,3500,3500,20.74108123779297,0.2605743408203125,34.36272430419922,0.218109130859375,0.3785247802734375,0.25128173828125,0.26531982421875,2.802520751953125,2.7770919799804688,0.4015045166015625,2.8177566528320313,0.321319580078125,2.8470306396484375,0.31298065185546875,0.292449951171875,0.29584503173828125,0.3951568603515625,0.3975067138671875,0.2020721435546875,51.33566665649414,0,56612.53527832031,40613.02795410156,0,34088599552,2147483648,8414539776,0
200,1787753139319,3500,3500,3500,3500,3500,3500,3500,3500,3500,3500,3500,3500,3500,3500,3500,3500,3500,3500,3500,3500,39.66503143310547,0.2350006103515625,42.302669525146484,0.245147705078125,0.2620849609375,2.7793502807617188,0.264984130859375,0.22850799560546875,0.20381927490234375,0.25128936767578125,0.32744598388671875,2.7402267456054688,18.12299346923828,0.24105072021484375,3.9372711181640625,2.7799530029296875,0.376312255859375,0.40419769287109375,0.1935272216796875,27.637405395507813,0,56621.32879638672,40619.669677734375,0,34088599552,2147483648,8414744576,0
199,1787753139519,3500,3500,3500,3500,3500,3500,3500,3500,3500,3500,3500,3500,3500,3500,3500,3500,3500,3500,3500,3500,35.47052764892578,2.7613372802734375,27.29229736328125,0.19873046875,0.27111053466796875,0.3160858154296875,2.8342208862304688,0.27989959716796875,0.2351226806640625,0.30326080322265625,0.2864837646484375,0.23821258544921875,9.380943298339844,0.26392364501953125,0.5384292602539063,0.387420654296875,0.42147064208984375,0.3895721435546875,0.20696258544921875,34.952613830566406,0,56629.69396972656,40625.90979003906,0,34088599552,2147483648,8414744576,0
200,1787753139719,3500,3500,3500,3500,3500,3500,3500,3500,3500,3500,3500,3500,3500,3500,3500,3500,3500,3500,3500,3500,15.820426940917969,0.33899688720703125,49.642234802246094,0.3630828857421875,3.0691909790039063,0.41335296630859375,0.47351837158203125,0.40061187744140625,0.4001617431640625,0.32790374755859375,0.29512786865234375,0.31056976318359375,15.759712219238281,2.8521652221679688,0.47006988525390625,0.4561309814453125,2.9705963134765625,2.96380615234375,2.8017501831054688,25.824676513671875,0,56638.925537109375,40633.024963378906,0,34088599552,2147483648,8414744576,0
200,1787753139920,3500,3500,3500,3500,3500,3500,3500,3500,3500,3500,3500,3500,3500,3500,3500,3500,3500,3500,3500,3500,36.554168701171875,0.21446990966796875,22.11933135986328,2.663482666015625,0.315185546875,0.3014068603515625,0.300506591796875,0.298858642578125,0.36711883544921875,2.9003677368164063,0.3497467041015625,0.5045394897460938,8.573829650878906,0.2805328369140625,0.41835784912109375,0.4054718017578125,0.39548492431640625,0.38604736328125,0.21596527099609375,37.07633972167969,0,56647.97644042969,40639.955810546875,0,34088599552,2147483648,8414744576,0
200,1787753140120,3500,3500,3500,3500,3500,3500,3500,3500,3500,3500,3500,3500,3500,3500,3500,3500,3500,3500,3500,3500,46.10463333129883,0.13448333740234375,36.507774353027344,0.20122528076171875,0.24079132080078125,0.26271820068359375,0.30648040771484375,2.8012466430664063,2.8411636352539063,0.283599853515625,2.8143386840820313,0.3511962890625,4.388160705566406,0.2328948974609375,0.35988616943359375,0.3592376708984375,0.36722564697265625,0.34294891357421875,0.20147705078125,29.382102966308594,0,56658.51037597656,40648.35217285156,0,34088599552,2147483648,8414744576,0
200,1787753140320,3500,3500,3500,3500,3500,3500,3500,3500,3500,3500,3500,3500,3500,3500,3500,3500,3500,3500,3500,3500,25.88420867919922,0.24765777587890625,46.020355224609375,0.2248992919921875,0.33632659912109375,2.8284454345703125,0.34930419921875,0.32045745849609375,0.3377227783203125,0.5888214111328125,0.26317596435546875,2.7830886840820313,8.186332702636719,0.31452178955078125,2.9382247924804688,0.41182708740234375,0.44545745849609375,0.41302490234375,0.2489013671875,27.800926208496094,0,56666.54571533203,40654.259765625,0,34088599552,2147483648,8414875648,0
200,1787753140520,3500,3500,3500,3500,3500,3500,3500,3500,3500,3500,3500,3500,3500,3500,3500,3500,3500,3500,3500,3500,27.862350463867188,2.7603988647460938,60.22417068481445,0.178863525390625,0.3502349853515625,0.3309478759765625,2.90673828125,0.280487060546875,0.35633087158203125,0.22597503662109375,0.265594482421875,0.34703826904296875,0.43317413330078125,0.322052001953125,0.40863800048828125,2.9343185424804688,0.42482757568359375,0.41428375244140625,0.26529693603515625,19.04096221923828,0,56675.95617675781,40661.558532714844,0,34088599552,2147483648,8414859264,0
200,1787753140720,3500,3500,3500,3500,3500,3500,3500,3500,3500,3500,3500,3500,3500,3500,3500,3500,3500,3500,3500,3500,26.386009216308594,0.20514678955078125,34.87495422363281,0.1664581298828125,0.21634674072265625,0.2443389892578125,0.241943359375,0.27988433837890625,0.1959991455078125,0.23938751220703125,0.24373626708984375,0.2519378662109375,15.878059387207031,2.75616455078125,8.240203857421875,0.287078857421875,2.8566436767578125,2.8768844604492188,2.724822998046875,21.59729766845703,0,56683.55480957031,40667.03778076172,0,34088599552,2147483648,8414859264,0
200,1787753140921,3500,3500,3500,3500,3500,3500,3500,3500,3500,3500,3500,3500,3500,3500,3500,3500,3500,3500,3500,3500,44.81260299682617,0.25267791748046875,35.041358947753906,2.7463836669921875,2.8797073364257813,0.45351409912109375,0.36888885498046875,0.47676849365234375,0.275634765625,2.908599853515625,0.34877777099609375,0.32323455810546875,0.696014404296875,0.3148040771484375,0.5923309326171875,0.31380462646484375,0.41689300537109375,0.40566253662109375,0.25238037109375,27.195098876953125,0,56693.444580078125,40674.78790283203,0,34088599552,2147483648,8415072256,0
200,1787753141121,3500,3500,3500,3500,3500,3500,3500,3500,3500,3500,3500,3500,3500,3500,3500,3500,3500,3500,3500,3500,33.476104736328125,0.204132080078125,46.5545539855957,0.20238494873046875,0.40247344970703125,0.39209747314453125,0.4251251220703125,2.9565658569335938,2.799774169921875,0.99700927734375,2.7698440551757813,0.22283935546875,18.235267639160156,0.25017547607421875,0.3606719970703125,0.3098907470703125,0.33742523193359375,0.3117828369140625,0.24822998046875,12.871772766113281,0,56703.574279785156,40682.797912597656,0,34088599552,2147483648,8415121408,0
200,1787753141322,3500,3500,3500,3500,3500,3500,3500,3500,3500,3500,3500,3500,3500,3500,3500,3500,3500,3500,3500,3500,45.672325134277344,0.2930450439453125,47.17975997924805,0.27547454833984375,0.5644302368164063,0.542572021484375,0.5642242431640625,0.5608367919921875,0.38916015625,0.38062286376953125,0.39315032958984375,2.8909072875976563,0.4208526611328125,0.42359161376953125,3.0573348999023438,0.4900665283203125,0.5032958984375,0.47055816650390625,0.3507843017578125,15.310447692871094,0,56711.96398925781,40689.0654296875,0,34088599552,2147483648,8415449088,0
200,1787753141522,3500,3500,3500,3500,3500,3500,3500,3500,3500,3500,3500,3500,3500,3500,3500,3500,3500,3500,3500,3500,30.166900634765625,2.7175750732421875,52.285919189453125,0.20763397216796875,0.427642822265625,2.9103012084960938,2.9385299682617188,0.40065765380859375,0.21376800537109375,0.37502288818359375,0.24748992919921875,0.30210113525390625,13.857406616210938,0.3009033203125,0.3014068603515625,2.8329391479492188,0.415771484375,0.405548095703125,0.25102996826171875,14.181159973144531,0,56721.053955078125,40696.02868652344,0,34088599552,2147483648,8416833536,0
200,1787753141722,3500,3500,3500,3500,3500,3500,3500,3500,3500,3500,3500,3500,3500,3500,3500,3500,3500,3500,3500,3500,23.70703887939453,0.20361328125,51.78288650512695,0.21549224853515625,0.46277618408203125,0.34894561767578125,0.48618316650390625,0.34844207763671875,0.28391265869140625,0.290252685546875,0.31191253662109375,0.319000244140625,10.594367980957031,2.8420867919921875,0.3129119873046875,0.27503204345703125,2.9201431274414063,2.8973388671875,2.7472686767578125,18.372596740722656,0,56729.81475830078,40702.67248535156,0,34088599552,2147483648,8416833536,0
200,1787753141923,3500,3500,3500,3500,3500,3500,3500,3500,3500,3500,3500,3500,3500,3500,3500,3500,3500,3500,3500,3500,18.85649871826172,0.25115203857421875,46.521690368652344,2.71868896484375,2.8686141967773438,0.2800445556640625,0.3714447021484375,0.32788848876953125,0.36700439453125,2.8960037231445313,0.31272125244140625,0.382171630859375,8.173828125,0.30628204345703125,0.36640167236328125,0.32180023193359375,0.42138671875,0.4106597900390625,0.2465667724609375,33.53028869628906,0,56737.63586425781,40708.361267089844,0,34088599552,2147483648,8416813056,0
200,1787753142123,3500,3500,3500,3500,3500,3500,3500,3500,3500,3500,3500,3500,3500,3500,3500,3500,3500,3500,3500,3500,29.495460510253906,0.25008392333984375,37.38719177246094,0.1864166259765625,0.29843902587890625,0.18048095703125,0.24414825439453125,2.747222900390625,2.8066024780273438,1.6597518920898438,2.7802047729492188,0.358367919921875,3.688690185546875,0.2891082763671875,0.35642242431640625,0.35292816162109375,0.3636016845703125,0.3539276123046875,0.17444610595703125,39.38210678100586,0,56745.95477294922,40714.56311035156,0,34088599552,2147483648,8417378304,0
199,1787753142324,3500,3500,3500,3500,3500,3500,3500,3500,3500,3500,3500,3500,3500,3500,3500,3500,3500,3500,3500,3500,29.5953369140625,0.2197418212890625,38.68727111816406,0.2319793701171875,0.2672882080078125,0.3646240234375,0.3470916748046875,0.25200653076171875,0.31098175048828125,3.2258682250976563,0.43373870849609375,2.8786239624023438,1.953155517578125,0.3080902099609375,3.3515701293945313,0.36966705322265625,0.6680145263671875,0.39593505859375,0.21509552001953125,49.86341094970703,0,56756.04699707031,40722.48309326172,0,34088599552,2147483648,8419418112,0
200,1787753142524,3500,3500,3500,3500,3500,3500,3500,3500,3500,3500,3500,3500,3500,3500,3500,3500,3500,3500,3500,3500,23.478065490722656,2.745330810546875,49.2266845703125,0.20920562744140625,0.31850433349609375,2.8307876586914063,2.8287887573242188,0.28826904296875,0.3075103759765625,0.26837921142578125,0.32854461669921875,0.2481842041015625,0.326202392578125,0.32685089111328125,0.41780853271484375,2.9555282592773438,0.3803253173828125,0.3739776611328125,0.21185302734375,38.97523498535156,0,56765.816955566406,40730.14880371094,0,34088599552,2147483648,8419373056,0
200,1787753142724,3500,3500,3500,3500,3500,3500,3500,3500,3500,3500,3500,3500,3500,3500,3500,3500,3500,3500,3500,3500,34.83201599121094,0.19478607177734375,34.48968505859375,0.20906829833984375,0.26171112060546875,0.2679595947265625,0.22650146484375,0.28668975830078125,0.31995391845703125,0.30101776123046875,0.24617767333984375,0.2190093994140625,12.329338073730469,2.77581787109375,0.381134033203125,0.38458251953125,0.26316070556640625,2.8037872314453125,2.727874755859375,22.436996459960938,0,56775.47509765625,40737.691955566406,0,34088599552,2147483648,8419373056,0
200,1787753142924,3500,3500,3500,3500,3500,3500,3500,3500,3500,3500,3500,3500,3500,3500,3500,3500,3500,3500,3500,3500,41.1116943359375,0.266876220703125,17.61053466796875,2.8344039916992188,2.8300094604492188,0.28299713134765625,0.25904083251953125,0.2552032470703125,0.26717376708984375,2.84722900390625,0.25110626220703125,0.336395263671875,12.080955505371094,0.30071258544921875,0.41518402099609375,0.4194793701171875,2.8335037231445313,0.319427490234375,0.222015380859375,35.34931945800781,0,56783.6318359375,40743.735778808594,0,34088599552,2147483648,8419442688,0
200,1787753143125,3500,3500,3500,3500,3500,3500,3500,3500,3500,3500,3500,3500,3500,3500,3500,3500,3500,3500,3500,3500,12.885696411132813,0.194183349609375,60.97639465332031,0.1453857421875,0.25435638427734375,0.2528076171875,0.2511138916015625,2.686981201171875,2.7892608642578125,0.33353424072265625,2.7863693237304688,0.219879150390625,6.104850769042969,0.25455474853515625,0.36217498779296875,0.34276580810546875,0.238739013671875,0.2467193603515625,0.1605072021484375,33.81303405761719,0,56792.48126220703,40750.43896484375,0,34088599552,2147483648,8421310464,0
199,1787753143325,3500,3500,3500,3500,3500,3500,3500,3500,3500,3500,3500,3500,3500,3500,3500,3500,3500,3500,3500,3500,37.21539306640625,0.2382354736328125,66.04757690429688,0.17494964599609375,0.369598388671875,0.25394439697265625,0.294097900390625,0.3167877197265625,0.48126220703125,0.41802978515625,0.48435211181640625,2.9154586791992188,1.9563217163085938,0.37453460693359375,0.481414794921875,0.49273681640625,0.34900665283203125,0.39862823486328125,0.3035736083984375,3.28271484375,0,56801.091064453125,40756.92559814453,0,34088599552,2147483648,8423104512,0
200,1787753143525,3500,3500,3500,3500,3500,3500,3500,3500,3500,3500,3500,3500,3500,3500,3500,3500,3500,3500,3500,3500,54.8488655090332,2.7620925903320313,50.52902603149414,0.19232940673828125,0.268524169921875,2.75048828125,2.8523330688476563,0.2578277587890625,0.45900726318359375,0.46570587158203125,0.5112533569335938,0.36011505126953125,0.8175201416015625,0.39810943603515625,2.8071365356445313,2.78863525390625,0.28107452392578125,0.313720703125,0.3262176513671875,2.7903366088867188,0,56809.785217285156,40764.00323486328,0,34088599552,2147483648,8423096320,0
200,1787753143725,3500,3500,3500,3500,3500,3500,3500,3500,3500,3500,3500,3500,3500,3500,3500,3500,3500,3500,3500,3500,8.680870056152344,0.31143951416015625,95.26420593261719,0.14180755615234375,0.27776336669921875,0.332427978515625,0.316986083984375,0.28131103515625,0.2459869384765625,0.217803955078125,0.25102996826171875,0.363250732421875,0.5644683837890625,0.48537445068359375,0.30054473876953125,0.25917816162109375,0.3697967529296875,2.9023361206054688,2.7933120727539063,0.28415679931640625,0,56818.72607421875,40770.834716796875,0,34088599552,2147483648,8424357888,0
200,1787753143926,3500,3500,3500,3500,3500,3500,3500,3500,3500,3500,3500,3500,3500,3500,3500,3500,3500,3500,3500,3500,8.299308776855469,0.2620697021484375,10.921958923339844,2.804168701171875,2.8785781860351563,0.2721099853515625,0.233306884765625,0.31470489501953125,0.2608184814453125,2.8023223876953125,0.27075958251953125,0.2690582275390625,8.691612243652344,2.8306427001953125,1.4177627563476563,0.28794097900390625,84.34264373779297,0.15155792236328125,0.2660675048828125,0.3177490234375,0,56828.77978515625,40778.56915283203,0,34088599552,2147483648,8428396544,0
200,1787753144126,3500,3500,3500,3500,3500,3500,3500,3500,3500,3500,3500,3500,3500,3500,3500,3500,3500,3500,3500,3500,11.892807006835938,0.3147430419921875,33.87791442871094,0.1947479248046875,0.221435546875,0.30117034912109375,0.28650665283203125,2.75836181640625,2.803619384765625,0.28156280517578125,2.7963333129882813,0.277374267578125,20.88445281982422,0.28450775146484375,0.9290695190429688,0.28066253662109375,42.823856353759766,0.2125091552734375,0.29892730712890625,0.3128509521484375,0,56836.836486816406,40784.2509765625,0,34088599552,2147483648,8428924928,0
199,1787753144326,3500,3500,3500,3500,3500,3500,3500,3500,3500,3500,3500,3500,3500,3500,3500,3500,3500,3500,3500,3500,9.701347351074219,0.2153778076171875,18.917236328125,0.24686431884765625,0.291778564453125,0.31293487548828125,0.30295562744140625,0.27890777587890625,0.27411651611328125,0.2439727783203125,0.707763671875,2.8981399536132813,75.40071868896484,0.14361572265625,0.49318695068359375,0.28908538818359375,0.29132843017578125,0.30425262451171875,0.3026123046875,0.29058074951171875,0,56845.090393066406,40790.30212402344,0,34088599552,2147483648,8429264896,0
200,1787753144526,3500,3500,3500,3500,3500,3500,3500,3500,3500,3500,3500,3500,3500,3500,3500,3500,3500,3500,3500,3500,16.32598876953125,2.7589645385742188,45.04957580566406,0.19547271728515625,0.2464141845703125,2.7862625122070313,2.80950927734375,0.2983551025390625,0.25846099853515625,0.2223663330078125,0.3001556396484375,0.23736572265625,48.522281646728516,0.2028656005859375,3.3960189819335938,2.817657470703125,0.26645660400390625,0.32184600830078125,0.2819061279296875,2.8051605224609375,0,56854.832946777344,40797.91278076172,0,34088599552,2147483648,8430989312,0
200,1787753144727,3500,3500,3500,3500,3500,3500,3500,3500,3500,3500,3500,3500,3500,3500,3500,3500,3500,3500,3500,3500,23.159446716308594,0.22774505615234375,47.271018981933594,0.16761016845703125,0.3066558837890625,0.350555419921875,0.34076690673828125,0.39070892333984375,0.27729034423828125,0.21905517578125,0.254364013671875,0.33382415771484375,33.308929443359375,0.24022674560546875,0.3331756591796875,0.30710601806640625,0.41114044189453125,0.4050445556640625,2.8350143432617188,0.309051513671875,0,56863.79406738281,40804.75036621094,0,34088599552,2147483648,8430989312,0
200,1787753144927,3500,3500,3500,3500,3500,3500,3500,3500,3500,3500,3500,3500,3500,3500,3500,3500,3500,3500,3500,3500,6.477485656738281,0.27518463134765625,3.2574310302734375,2.8128433227539063,2.8603515625,0.40576171875,0.3652496337890625,0.4264678955078125,0.410003662109375,2.9007186889648438,0.42047882080078125,0.36075592041015625,77.55685424804688,2.759307861328125,19.408157348632813,0.27223968505859375,2.8515167236328125,2.8303604125976563,0.31989288330078125,0.341796875,0,56874.09533691406,40812.94152832031,0,34088599552,2147483648,8430981120,0
200,1787753145127,3500,3500,3500,3500,3500,3500,3500,3500,3500,3500,3500,3500,3500,3500,3500,3500,3500,3500,3500,3500,14.295509338378906,0.11794281005859375,45.606475830078125,0.1089019775390625,0.13462066650390625,0.23143768310546875,0.15958404541015625,2.738677978515625,0.3563690185546875,0.26434326171875,2.9899826049804688,0.2737274169921875,3.7057113647460938,0.29160308837890625,44.93174362182617,0.127227783203125,0.20162200927734375,0.23748016357421875,0.196929931640625,0.1901397705078125,0,56882.11437988281,40818.81121826172,0,34088599552,2147483648,8431046656,0
200,1787753145328,3500,3500,3500,3500,3500,3500,3500,3500,3500,3500,3500,3500,3500,3500,3500,3500,3500,3500,3500,3500,16.203033447265625,0.308868408203125,58.13751220703125,0.28250885009765625,0.302978515625,0.34790802001953125,0.4323272705078125,0.3218536376953125,3.025054931640625,0.43183135986328125,1.5519866943359375,3.0775222778320313,33.81438446044922,0.34606170654296875,0.9406890869140625,0.45574188232421875,0.3630828857421875,0.4090118408203125,0.3304901123046875,0.40486907958984375,0,56890.7353515625,40825.31182861328,0,34088599552,2147483648,8432295936,0
200,1787753145528,3500,3500,3500,3500,3500,3500,3500,3500,3500,3500,3500,3500,3500,3500,3500,3500,3500,3500,3500,3500,25.136749267578125,2.8195571899414063,80.00787353515625,0.19207000732421875,0.23473358154296875,2.8117141723632813,2.8266525268554688,0.29083251953125,0.42061614990234375,0.322906494140625,0.3935394287109375,0.33869171142578125,0.7254867553710938,0.32415008544921875,2.883148193359375,2.859375,0.39379119873046875,0.42156219482421875,0.3362884521484375,2.8165130615234375,0,56900.22869873047,40832.69110107422,0,34088599552,2147483648,8432291840,0
200,1787753145728,3500,3500,3500,3500,3500,3500,3500,3500,3500,3500,3500,3500,3500,3500,3500,3500,3500,3500,3500,3500,2.1056671142578125,0.2379302978515625,60.66090774536133,0.17877197265625,0.2838897705078125,0.25830841064453125,0.311126708984375,0.2511138916015625,0.47385406494140625,0.442779541015625,0.38421630859375,0.437530517578125,40.71843719482422,0.21894073486328125,0.29793548583984375,0.284942626953125,0.39591217041015625,0.3983612060546875,2.8171463012695313,0.29563140869140625,0,56909.41925048828,40839.76336669922,0,34088599552,2147483648,8432291840,0
200,1787753145928,3500,3500,3500,3500,3500,3500,3500,3500,3500,3500,3500,3500,3500,3500,3500,3500,3500,3500,3500,3500,21.100936889648438,0.18373870849609375,16.19744873046875,2.7353897094726563,2.7324447631835938,0.24334716796875,0.29821014404296875,0.22788238525390625,0.36060333251953125,2.815887451171875,0.293121337890625,0.28429412841796875,48.446319580078125,2.6883544921875,36.633296966552734,0.1949615478515625,2.8465118408203125,2.86102294921875,0.21601104736328125,0.25860595703125,0,56919.64831542969,40847.84899902344,0,34088599552,2147483648,8432291840,0
200,1787753146129,3500,3500,3500,3500,3500,3500,3500,3500,3500,3500,3500,3500,3500,3500,3500,3500,3500,3500,3500,3500,28.16014862060547,0.2873077392578125,79.13462829589844,0.17198944091796875,0.2986297607421875,0.26336669921875,0.26102447509765625,2.8282546997070313,0.41884613037109375,0.4154510498046875,1.1089324951171875,0.36627197265625,5.162200927734375,0.2763824462890625,0.5259857177734375,0.28736114501953125,0.38013458251953125,0.40692138671875,0.32172393798828125,0.363677978515625,0,56928.19317626953,40854.2626953125,0,34088599552,2147483648,8432422912,0
200,1787753146329,3500,3500,3500,3500,3500,3500,3500,3500,3500,3500,3500,3500,3500,3500,3500,3500,3500,3500,3500,3500,14.189231872558594,0.28631591796875,28.446632385253906,0.263702392578125,0.28546142578125,0.25142669677734375,0.30966949462890625,0.32698822021484375,2.7824325561523438,0.2469329833984375,2.8239059448242188,2.8676681518554688,8.290000915527344,0.35443878173828125,54.42669677734375,0.27043914794921875,0.31830596923828125,0.3673095703125,0.42510223388671875,0.4488067626953125,0,56937.11260986328,40861.048400878906,0,34088599552,2147483648,8432553984,0
199,1787753146530,3500,3500,3500,3500,3500,3500,3500,3500,3500,3500,3500,3500,3500,3500,3500,3500,3500,3500,3500,3500,36.78030014038086,2.73687744140625,37.781105041503906,0.24019622802734375,0.27092742919921875,2.8354034423828125,1.5570831298828125,0.25476837158203125,0.27033233642578125,0.2799072265625,0.779510498046875,0.255218505859375,31.741897583007813,0.29517364501953125,2.8851394653320313,2.8542556762695313,0.3468017578125,0.37609100341796875,0.34465789794921875,2.8169403076171875,0,56946.81866455078,40868.636657714844,0,34088599552,2147483648,8432553984,0
200,1787753146730,3500,3500,3500,3500,3500,3500,3500,3500,3500,3500,3500,3500,3500,3500,3500,3500,3500,3500,3500,3500,5.535430908203125,0.296417236328125,91.71746826171875,0.12799072265625,0.35913848876953125,0.25893402099609375,1.439697265625,0.22159576416015625,0.2513885498046875,0.2330474853515625,0.25858306884765625,0.1964111328125,10.623916625976563,0.23249053955078125,1.0393753051757813,0.26203155517578125,0.32140350341796875,0.32550048828125,2.807220458984375,0.25463104248046875,0,56954.68115234375,40874.368103027344,0,34088599552,2147483648,8432685056,0
200,1787753146930,3500,3500,3500,3500,3500,3500,3500,3500,3500,3500,3500,3500,3500,3500,3500,3500,3500,3500,3500,3500,4.28759765625,0.24376678466796875,54.91414260864258,2.749847412109375,3.0061492919921875,0.44405364990234375,0.5107498168945313,0.37955474853515625,0.34331512451171875,2.866668701171875,0.2941436767578125,0.37087249755859375,46.423118591308594,2.7689743041992188,0.414154052734375,0.350250244140625,2.84185791015625,2.8732070922851563,0.31121063232421875,0.3404693603515625,0,56963.34716796875,40880.92199707031,0,34088599552,2147483648,8432685056,0
200,1787753147131,3500,3500,3500,3500,3500,3500,3500,3500,3500,3500,3500,3500,3500,3500,3500,3500,3500,3500,3500,3500,10.587455749511719,0.2946014404296875,66.64576721191406,0.1411590576171875,0.30663299560546875,0.39093780517578125,0.317413330078125,2.8109893798828125,0.31221771240234375,0.27069091796875,0.29425048828125,0.27094268798828125,23.60021209716797,0.221221923828125,8.149490356445313,0.236297607421875,0.29160308837890625,0.33577728271484375,0.32669830322265625,0.25437164306640625,0,56971.22473144531,40886.678283691406,0,34088599552,2147483648,8432672768,0
201,1787753147331,3500,3500,3500,3500,3500,3500,3500,3500,3500,3500,3500,3500,3500,3500,3500,3500,3500,3500,3500,3500,10.324295043945313,0.22210693359375,58.05148696899414,0.207763671875,0.3284912109375,0.4466094970703125,0.48574066162109375,0.3863525390625,2.882293701171875,0.31044769287109375,2.9194183349609375,2.8828887939453125,39.87964630126953,0.24094390869140625,0.36006927490234375,0.28986358642578125,0.34188079833984375,0.28801727294921875,0.27512359619140625,0.3264923095703125,0,56980.634765625,40893.96520996094,0,34088599552,2147483648,8432795648,0
200,1787753147532,3500,3500,3500,3500,3500,3500,3500,3500,3500,3500,3500,3500,3500,3500,3500,3500,3500,3500,3500,3500,24.789878845214844,2.1263885498046875,41.642208099365234,0,0,2.166107177734375,0,0,0,0,0,0,41.007320404052734,0,2.1680068969726563,2.12603759765625,0,0,0,2.1559600830078125,0,56991.40246582031,40902.592529296875,0,34088599552,2147483648,8432865280,0
199,1787753147732,3500,3500,3500,3500,3500,3500,3500,3500,3500,3500,3500,3500,3500,3500,3500,3500,3500,3500,3500,3500,15.119522094726563,0.8869247436523438,3.3892364501953125,0.9350662231445313,0.8778457641601563,0.9274749755859375,3.461395263671875,0.9271774291992188,0.9533309936523438,0.9085617065429688,1.0224151611328125,0.877349853515625,39.36513137817383,0.9186859130859375,48.84929275512695,0.8548660278320313,0.9225082397460938,0.9709014892578125,3.442535400390625,0.9336776733398438,0,56999.69006347656,40908.75732421875,0,34088599552,2147483648,8432857088,0
200,1787753147932,3500,3500,3500,3500,3500,3500,3500,3500,3500,3500,3500,3500,3500,3500,3500,3500,3500,3500,3500,3500,10.238746643066406,0.263885498046875,36.045021057128906,2.7581024169921875,2.8090286254882813,0.2727813720703125,0.26253509521484375,0.26818084716796875,0.25778961181640625,2.7572479248046875,0.24884033203125,0.26818084716796875,24.535377502441406,2.7961349487304688,36.937530517578125,0.23065185546875,2.81072998046875,2.7734909057617188,0.29467010498046875,0.29107666015625,0,57008.76477050781,40915.718811035156,0,34088599552,2147483648,8432857088,0
200,1787753148133,3500,3500,3500,3500,3500,3500,3500,3500,3500,3500,3500,3500,3500,3500,3500,3500,3500,3500,3500,3500,18.901626586914063,0.24391937255859375,85.48009490966797,0.17115020751953125,0.295928955078125,0.26702880859375,0.30561065673828125,2.8213577270507813,0.28400421142578125,0.3093109130859375,0.9178390502929688,0.26778411865234375,7.691673278808594,0.2686767578125,0.32288360595703125,0.30925750732421875,0.27336883544921875,0.32103729248046875,0.31978607177734375,0.28310394287109375,0,57017.709228515625,40922.52716064453,0,34088599552,2147483648,8432848896,0
200,1787753148333,3500,3500,3500,3500,3500,3500,3500,3500,3500,3500,3500,3500,3500,3500,3500,3500,3500,3500,3500,3500,20.507827758789063,0.26419830322265625,45.896034240722656,0.1732025146484375,0.2791290283203125,0.2570648193359375,0.333831787109375,0.254119873046875,2.7821807861328125,0.23325347900390625,2.850067138671875,0.317962646484375,39.609642028808594,0.2104949951171875,0.703857421875,0.3397216796875,0.31681060791015625,0.34511566162109375,0.25716400146484375,0.308624267578125,0,57026.950622558594,40929.65539550781,0,34088599552,2147483648,8433045504,0
200,1787753148533,3500,3500,3500,3500,3500,3500,3500,3500,3500,3500,3500,3500,3500,3500,3500,3500,3500,3500,3500,3500,2.26617431640625,2.7899703979492188,2.6601486206054688,0.2843780517578125,0.27458953857421875,2.9281845092773438,0.26294708251953125,0.30600738525390625,0.31404876708984375,0.28997039794921875,0.8200149536132813,2.7972640991210938,56.395633697509766,0.2761383056640625,46.67222213745117,2.7697372436523438,0.3307342529296875,0.32788848876953125,0.33982086181640625,2.8618545532226563,0,57036.594482421875,40937.22985839844,0,34088599552,2147483648,8433045504,0
199,1787753148733,3500,3500,3500,3500,3500,3500,3500,3500,3500,3500,3500,3500,3500,3500,3500,3500,3500,3500,3500,3500,19.927932739257813,0.232391357421875,28.480010986328125,0.22585296630859375,0.28842926025390625,0.32788848876953125,2.802398681640625,0.262908935546875,0.2473297119140625,0.32004547119140625,0.3362274169921875,0.274444580078125,54.59138870239258,0.21506500244140625,3.640716552734375,0.27144622802734375,0.29517364501953125,0.29172515869140625,2.829864501953125,0.312255859375,0,57045.848083496094,40944.640075683594,0,34088599552,2147483648,8433033216,0
200,1787753148934,3500,3500,3500,3500,3500,3500,3500,3500,3500,3500,3500,3500,3500,3500,3500,3500,3500,3500,3500,3500,27.092849731445313,0.20186614990234375,71.03250885009766,2.6563568115234375,2.7740859985351563,0.1937713623046875,0.20381927490234375,0.22901153564453125,0.2506103515625,2.6922531127929688,0.249908447265625,0.22270965576171875,8.113250732421875,2.7370452880859375,3.8431625366210938,0.2426605224609375,2.7498931884765625,2.7635879516601563,0.25016021728515625,0.2484588623046875,0,57052.968505859375,40949.390869140625,0,34088599552,2147483648,8433635328,0
200,1787753149134,3500,3500,3500,3500,3500,3500,3500,3500,3500,3500,3500,3500,3500,3500,3500,3500,3500,3500,3500,3500,17.474571228027344,0.29839324951171875,40.394893646240234,0.22820281982421875,0.2972412109375,0.2896575927734375,0.29065704345703125,2.8497848510742188,0.30832672119140625,0.35515594482421875,1.862945556640625,0.4078216552734375,42.01835632324219,0.22550201416015625,9.459251403808594,0.29824066162109375,0.3361358642578125,0.31790924072265625,0.331939697265625,0.30962371826171875,0,57061.50128173828,40955.81085205078,0,34088599552,2147483648,8433897472,0
200,1787753149334,3500,3500,3500,3500,3500,3500,3500,3500,3500,3500,3500,3500,3500,3500,3500,3500,3500,3500,3500,3500,2.1387176513671875,0.25295257568359375,100,0.10088348388671875,0.2819366455078125,0.24092864990234375,0.2095489501953125,0.23609161376953125,2.940032958984375,0.3579254150390625,2.88714599609375,0.4156494140625,1.0136566162109375,0.2902679443359375,0.32574462890625,0.26741790771484375,0.26053619384765625,0.27904510498046875,0.2654266357421875,0.27410888671875,0,57069.962341308594,40962.02667236328,0,34088599552,2147483648,8434032640,0
200,1787753149535,3500,3500,3500,3500,3500,3500,3500,3500,3500,3500,3500,3500,3500,3500,3500,3500,3500,3500,3500,3500,9.925064086914063,2.8417892456054688,63.42407989501953,0.23831939697265625,0.36586761474609375,2.8369979858398438,0.337371826171875,0.3530426025390625,0.5195083618164063,0.4420623779296875,0.4398193359375,3.059356689453125,0.7235946655273438,0.35578155517578125,32.71907043457031,2.7883453369140625,0.35762786865234375,0.3654632568359375,0.3538360595703125,2.8712844848632813,0,57079.94903564453,40969.91784667969,0,34088599552,2147483648,8434024448,0
200,1787753149735,3500,3500,3500,3500,3500,3500,3500,3500,3500,3500,3500,3500,3500,3500,3500,3500,3500,3500,3500,3500,11.909248352050781,0.21144866943359375,45.48905563354492,0.18199920654296875,0.197723388671875,0.2025604248046875,2.80035400390625,0.22607421875,0.44101715087890625,0.3031463623046875,0.32820892333984375,0.3519134521484375,18.95056915283203,0.2060089111328125,32.68474578857422,0.21489715576171875,0.27599334716796875,0.253326416015625,0.2768402099609375,0.24514007568359375,0,57088.54833984375,40976.38220214844,0,34088599552,2147483648,8434900992,0
200,1787753149935,3500,3500,3500,3500,3500,3500,3500,3500,3500,3500,3500,3500,3500,3500,3500,3500,3500,3500,3500,3500,10.295890808105469,0.2677459716796875,75.63179779052734,2.71478271484375,2.8306121826171875,0.25865936279296875,0.33940887451171875,0.2715911865234375,0.5154800415039063,2.8898544311523438,0.38806915283203125,0.38951873779296875,19.71068572998047,2.8385009765625,0.3946075439453125,0.3516387939453125,2.9001846313476563,2.829315185546875,2.8403472900390625,0.3239898681640625,0,57098.82861328125,40984.539001464844,0,34088599552,2147483648,8434896896,0
199,1787753150136,3500,3500,3500,3500,3500,3500,3500,3500,3500,3500,3500,3500,3500,3500,3500,3500,3500,3500,3500,3500,11.15673828125,0.18796539306640625,37.3769645690918,0.1725921630859375,0.22185516357421875,0.24820709228515625,0.22055816650390625,2.7744827270507813,0.46527099609375,0.33959197998046875,0.5893478393554688,0.35636138916015625,47.17802429199219,0.19390106201171875,11.486595153808594,0.22808837890625,0.2385711669921875,0.273162841796875,0.23792266845703125,0.263580322265625,0,57106.97412109375,40990.566467285156,0,34088599552,2147483648,8435200000,0
200,1787753150336,3500,3500,3500,3500,3500,3500,3500,3500,3500,3500,3500,3500,3500,3500,3500,3500,3500,3500,3500,3500,19.52843475341797,0.1497344970703125,36.26949691772461,0.15918731689453125,0.179534912109375,0.19188690185546875,0.23928070068359375,0.16024017333984375,2.9003677368164063,0.305023193359375,2.88507080078125,0.28142547607421875,18.13359832763672,0.23188018798828125,35.60230255126953,0.13063812255859375,0.19623565673828125,0.19828033447265625,0.188232421875,0.209381103515625,0,57116.50030517578,40997.946350097656,0,34088599552,2147483648,8435589120,0
200,1787753150536,3500,3500,3500,3500,3500,3500,3500,3500,3500,3500,3500,3500,3500,3500,3500,3500,3500,3500,3500,3500,13.952262878417969,2.9068756103515625,63.802696228027344,0.30341339111328125,0.3977508544921875,2.9182052612304688,0.39325714111328125,0.43318939208984375,0.5286178588867188,0.5797271728515625,1.102752685546875,3.0520172119140625,34.39048767089844,0.44077301025390625,5.7987823486328125,2.9090194702148438,1.34063720703125,0.42400360107421875,0.42839813232421875,2.939117431640625,0,57126.61846923828,41005.91192626953,0,34088599552,2147483648,8435998720,0
200,1787753150736,3500,3500,3500,3500,3500,3500,3500,3500,3500,3500,3500,3500,3500,3500,3500,3500,3500,3500,3500,3500,13.764846801757813,0.25482940673828125,51.55741500854492,0.2216339111328125,0.2473907470703125,0.29665374755859375,2.826507568359375,0.17461395263671875,0.39654541015625,0.45609283447265625,0.5226287841796875,0.38720703125,41.05070495605469,0.22927093505859375,1.7197418212890625,0.29291534423828125,2.678955078125,0.3029937744140625,0.281829833984375,0.3194732666015625,0,57135.98272705078,41013.18298339844,0,34088599552,2147483648,8435998720,0
200,1787753150937,3500,3500,3500,3500,3500,3500,3500,3500,3500,3500,3500,3500,3500,3500,3500,3500,3500,3500,3500,3500,27.24951934814453,0.25791168212890625,17.845199584960938,2.7600555419921875,2.77886962890625,0.29253387451171875,0.280914306640625,0.28350830078125,0.35161590576171875,2.8589019775390625,0.480987548828125,0.3687744140625,23.898948669433594,2.8211288452148438,37.42865753173828,0.24134063720703125,2.8071060180664063,2.8055648803710938,2.8349533081054688,0.2794647216796875,0,57145.591796875,41020.68029785156,0,34088599552,2147483648,8435998720,0
200,1787753151137,3500,3500,3500,3500,3500,3500,3500,3500,3500,3500,3500,3500,3500,3500,3500,3500,3500,3500,3500,3500,27.307830810546875,0.2700042724609375,23.06739044189453,0.21997833251953125,2.2004547119140625,0.34853363037109375,0.3779449462890625,2.8865966796875,0.3963623046875,0.3770904541015625,7.378074645996094,1.05938720703125,43.85603332519531,0.32038116455078125,51.727378845214844,0.2333526611328125,34.33497619628906,0.23455047607421875,4.8453521728515625,0.25012969970703125,0,57154.71960449219,41027.55261230469,0,34088599552,2147483648,8459067392,0
199,1787753151337,3500,3500,3500,3500,3500,3500,3500,3500,3500,3500,3500,3500,3500,3500,3500,3500,3500,3500,3500,3500,48.328529357910156,0.27474212646484375,37.72624206542969,0.287078857421875,1.064422607421875,0.3221435546875,0.45484161376953125,0.32918548583984375,2.8177261352539063,0.35225677490234375,9.263824462890625,0.38067626953125,67.97278594970703,0.25991058349609375,81.05786895751953,0.1742095947265625,62.46249771118164,0.26226043701171875,22.468421936035156,0.2802886962890625,0,57167.09246826172,41037.77478027344,0,34088599552,2147483648,8479207424,0
200,1787753151537,3500,3500,3500,3500,3500,3500,3500,3500,3500,3500,3500,3500,3500,3500,3500,3500,3500,3500,3500,3500,23.77391815185547,2.8072052001953125,62.910831451416016,0.2869873046875,0.35739898681640625,2.8910598754882813,0.2924346923828125,0.302978515625,0.49652099609375,0.4264068603515625,0.473480224609375,2.8696746826171875,94.97000122070313,0.17255401611328125,40.669891357421875,2.8234481811523438,29.016197204589844,0.30617523193359375,28.89881134033203,2.8383407592773438,0,57178.20684814453,41046.71398925781,0,34088599552,2147483648,8489656320,0
200,1787753151738,3500,3500,3500,3500,3500,3500,3500,3500,3500,3500,3500,3500,3500,3500,3500,3500,3500,3500,3500,3500,16.460174560546875,0.24585723876953125,24.96923828125,0.279693603515625,0.299102783203125,0.3170166015625,2.923980712890625,0.2215118408203125,0.3963623046875,0.35274505615234375,0.4650726318359375,0.34795379638671875,70.99210357666016,0.1663665771484375,17.078697204589844,0.31282806396484375,31.58306884765625,0.262725830078125,1.1734161376953125,0.27964019775390625,0,57188.504150390625,41054.868103027344,0,34088599552,2147483648,8453492736,0
200,1787753151938,3500,3500,3500,3500,3500,3500,3500,3500,3500,3500,3500,3500,3500,3500,3500,3500,3500,3500,3500,3500,28.642105102539063,0.22088623046875,28.76624298095703,2.7018890380859375,2.7332687377929688,0.20394134521484375,0.2437744140625,0.30434417724609375,0.285552978515625,0.3785552978515625,0.2819061279296875,0.2581634521484375,47.23432159423828,2.7399673461914063,8.34722900390625,0.2737579345703125,2.9313125610351563,2.7800445556640625,2.8080291748046875,0.26551055908203125,0,57197.756896972656,41061.98614501953,0,34088599552,2147483648,8453627904,0
200,1787753152138,3500,3500,3500,3500,3500,3500,3500,3500,3500,3500,3500,3500,3500,3500,3500,3500,3500,3500,3500,3500,18.33386993408203,0.33319854736328125,4.840614318847656,0.24847412109375,0.35590362548828125,0.2843017578125,0.33948516845703125,2.8322372436523438,0.37296295166015625,2.6466827392578125,0.37316131591796875,0.33080291748046875,53.69035720825195,0.28954315185546875,32.18541717529297,0.30435943603515625,0.3504638671875,0.3369903564453125,0.34078216552734375,0.32506561279296875,0,57206.87969970703,41068.951416015625,0,34088599552,2147483648,8451092480,0
200,1787753152339,3500,3500,3500,3500,3500,3500,3500,3500,3500,3500,3500,3500,3500,3500,3500,3500,3500,3500,3500,3500,1.8984375,0.29183197021484375,4.196258544921875,0.2987213134765625,0.472747802734375,0.4394378662109375,0.3972930908203125,0.4128265380859375,2.7919464111328125,0.3056640625,2.7971420288085938,0.295623779296875,71.2700424194336,0.18456268310546875,31.65393829345703,0.29217529296875,0.3190460205078125,0.3247833251953125,0.337371826171875,0.3113555908203125,0,57216.112243652344,41076.069274902344,0,34088599552,2147483648,8450969600,0
200,1787753152539,3500,3500,3500,3500,3500,3500,3500,3500,3500,3500,3500,3500,3500,3500,3500,3500,3500,3500,3500,3500,15.62896728515625,2.78070068359375,21.648300170898438,0.2232513427734375,0.37042999267578125,2.9588241577148438,0.34521484375,0.440521240234375,0.39308929443359375,0.38755035400390625,0.80780029296875,2.9317626953125,73.67254638671875,0.146270751953125,2.9388504028320313,2.8032608032226563,0.35335540771484375,0.2983856201171875,0.27567291259765625,2.7817459106445313,0,57225.46466064453,41083.292236328125,0,34088599552,2147483648,8450379776,0
200,1787753152739,3500,3500,3500,3500,3500,3500,3500,3500,3500,3500,3500,3500,3500,3500,3500,3500,3500,3500,3500,3500,32.27997589111328,0.2092132568359375,41.86547088623047,0.17998504638671875,0.4003448486328125,0.35967254638671875,2.952606201171875,0.44611358642578125,0.4776458740234375,0.37895965576171875,0.48664093017578125,0.4003448486328125,31.951385498046875,0.24204254150390625,0.44046783447265625,0.2887115478515625,0.4227752685546875,0.39429473876953125,0.304901123046875,0.2998046875,0,57233.88134765625,41089.60119628906,0,34088599552,2147483648,8450220032,0
200,1787753152939,3500,3500,3500,3500,3500,3500,3500,3500,3500,3500,3500,3500,3500,3500,3500,3500,3500,3500,3500,3500,20.171836853027344,0.27503204345703125,28.422683715820313,2.7235641479492188,2.9890594482421875,0.39202880859375,0.46260833740234375,0.4797821044921875,0.5220108032226563,0.40695953369140625,0.545867919921875,0.49530792236328125,57.49346160888672,2.77227783203125,0.5492630004882813,0.31056976318359375,2.955169677734375,2.926666259765625,2.8650665283203125,0.30138397216796875,0,57243.021728515625,41096.60900878906,0,34088599552,2147483648,8450220032,0
199,1787753153140,3500,3500,3500,3500,3500,3500,3500,3500,3500,3500,3500,3500,3500,3500,3500,3500,3500,3500,3500,3500,27.043701171875,0.2280120849609375,36.55403518676758,0.1766204833984375,0.235443115234375,0.25679779052734375,0.2000732421875,1.8542709350585938,0.4287261962890625,2.8503341674804688,0.5462799072265625,0.42060089111328125,43.57331848144531,0.17707061767578125,0.3541412353515625,0.36775970458984375,0.35688018798828125,0.34720611572265625,0.266326904296875,0.27820587158203125,0,57251.77606201172,41103.237243652344,0,34088599552,2147483648,8450048000,0
200,1787753153340,3500,3500,3500,3500,3500,3500,3500,3500,3500,3500,3500,3500,3500,3500,3500,3500,3500,3500,3500,3500,5.686737060546875,0.23760223388671875,77.69356536865234,0.17317962646484375,0.2773895263671875,0.3191680908203125,0.299224853515625,1.1660232543945313,2.9007720947265625,0.3157196044921875,2.93255615234375,0.40288543701171875,27.4970703125,0.199371337890625,0.644989013671875,0.39943695068359375,0.3929901123046875,0.377349853515625,0.2806396484375,0.30602264404296875,0,57259.70947265625,41109.033447265625,0,34088599552,2147483648,8450338816,0
200,1787753153540,3500,3500,3500,3500,3500,3500,3500,3500,3500,3500,3500,3500,3500,3500,3500,3500,3500,3500,3500,3500,17.72607421875,0.222869873046875,56.19618606567383,0.18401336669921875,0.261016845703125,2.8074264526367188,0.29022979736328125,0.30651092529296875,0.5146942138671875,0.3531494140625,0.3870086669921875,2.8856735229492188,30.59284210205078,0.26546478271484375,2.9346160888671875,2.91339111328125,0.357391357421875,0.37462615966796875,0.2784423828125,2.858062744140625,0,57269.25567626953,41116.46063232422,0,34088599552,2147483648,8450293760,0
200,1787753153740,3500,3500,3500,3500,3500,3500,3500,3500,3500,3500,3500,3500,3500,3500,3500,3500,3500,3500,3500,3500,1.8390045166015625,2.81683349609375,26.59508514404297,0.27297210693359375,0.27587127685546875,0.31063079833984375,2.7983551025390625,0.3267059326171875,0.50164794921875,0.3739013671875,0.4547576904296875,0.38883209228515625,9.930038452148438,0.39517974853515625,68.50352478027344,0.23027801513671875,0.31687164306640625,0.333099365234375,0.328155517578125,0.323516845703125,0,57278.66906738281,41123.755310058594,0,34088599552,2147483648,8450293760,0
200,1787753153941,3500,3500,3500,3500,3500,3500,3500,3500,3500,3500,3500,3500,3500,3500,3500,3500,3500,3500,3500,3500,12.598381042480469,0.2369384765625,57.941741943359375,2.7325668334960938,2.7713775634765625,0.24488067626953125,0.29682159423828125,0.3024139404296875,0.484161376953125,0.33098602294921875,0.34521484375,0.3516082763671875,33.868988037109375,2.7617874145507813,2.1896743774414063,0.30156707763671875,2.8046875,2.864227294921875,2.8285140991210938,0.28673553466796875,0,57286.3359375,41129.30743408203,0,34088599552,2147483648,8450293760,0
200,1787753154141,3500,3500,3500,3500,3500,3500,3500,3500,3500,3500,3500,3500,3500,3500,3500,3500,3500,3500,3500,3500,20.853790283203125,0.20644378662109375,57.47233200073242,0.15875244140625,0.28212738037109375,0.21198272705078125,0.1804046630859375,0.22695159912109375,0.29534912109375,2.8039169311523438,0.8350601196289063,0.3265838623046875,31.751068115234375,0.176361083984375,0.30213165283203125,0.2638702392578125,0.2655181884765625,0.26102447509765625,0.24655914306640625,0.25543975830078125,0,57294.430908203125,41135.26611328125,0,34088599552,2147483648,8450424832,0
200,1787753154341,3500,3500,3500,3500,3500,3500,3500,3500,3500,3500,3500,3500,3500,3500,3500,3500,3500,3500,3500,3500,14.585594177246094,0.2555694580078125,67.99530029296875,0.22449493408203125,0.31772613525390625,0.33850860595703125,0.33701324462890625,2.79608154296875,2.8658828735351563,0.31292724609375,2.8766250610351563,0.26236724853515625,23.253799438476563,0.27910614013671875,0.308685302734375,0.3205718994140625,0.32411956787109375,0.32447052001953125,0.31243133544921875,0.31153106689453125,0,57303.38848876953,41142.11120605469,0,34088599552,2147483648,8450555904,0
200,1787753154541,3500,3500,3500,3500,3500,3500,3500,3500,3500,3500,3500,3500,3500,3500,3500,3500,3500,3500,3500,3500,21.08898162841797,0.21076202392578125,51.54462432861328,0.15071868896484375,0.27365875244140625,2.8950729370117188,0.30648040771484375,0.27036285400390625,0.3516387939453125,0.315765380859375,0.7692642211914063,2.8680496215820313,0.9337158203125,0.2612152099609375,33.23497009277344,2.7685394287109375,0.30217742919921875,0.3586273193359375,0.28684234619140625,2.7983627319335938,0,57312.17834472656,41148.791259765625,0,34088599552,2147483648,8450555904,0
200,1787753154742,3500,3500,3500,3500,3500,3500,3500,3500,3500,3500,3500,3500,3500,3500,3500,3500,3500,3500,3500,3500,3.61602783203125,2.7817611694335938,37.56367111206055,0.21439361572265625,0.4310760498046875,0.46240997314453125,2.952545166015625,0.42079925537109375,0.46645355224609375,0.4678497314453125,0.41191864013671875,0.412322998046875,3.75244140625,0.257049560546875,65.81222534179688,0.21887969970703125,0.6036605834960938,0.3907623291015625,0.28778839111328125,0.285491943359375,0,57321.371032714844,41155.859313964844,0,34088599552,2147483648,8450625536,0
200,1787753154942,3500,3500,3500,3500,3500,3500,3500,3500,3500,3500,3500,3500,3500,3500,3500,3500,3500,3500,3500,3500,17.12664794921875,0.21112060546875,66.90463256835938,2.700469970703125,2.8011703491210938,0.4512786865234375,0.49139404296875,0.48246002197265625,0.37567901611328125,0.3528289794921875,0.35477447509765625,0.35198211669921875,21.720199584960938,2.8016128540039063,0.43845367431640625,0.355224609375,2.9024124145507813,2.8778076171875,2.818878173828125,0.30417633056640625,0,57330.73034667969,41163.08728027344,0,34088599552,2147483648,8450625536,0
200,1787753155143,3500,3500,3500,3500,3500,3500,3500,3500,3500,3500,3500,3500,3500,3500,3500,3500,3500,3500,3500,3500,12.836502075195313,0.26020050048828125,33.512107849121094,0.206024169921875,0.6192779541015625,0.3531341552734375,0.4285125732421875,0.4144439697265625,0.27301788330078125,2.77850341796875,0.3197174072265625,0.2397003173828125,59.225860595703125,0.16048431396484375,0.30091094970703125,0.3377227783203125,0.26448822021484375,0.34006500244140625,0.28564453125,0.24817657470703125,0,57339.102783203125,41169.3388671875,0,34088599552,2147483648,8450625536,0
200,1787753155343,3500,3500,3500,3500,3500,3500,3500,3500,3500,3500,3500,3500,3500,3500,3500,3500,3500,3500,3500,3500,12.616790771484375,0.30860137939453125,42.32344055175781,0.25897979736328125,0.3519287109375,0.40859222412109375,0.34928131103515625,2.8206863403320313,2.8962631225585938,0.31903076171875,2.8936691284179688,0.3335113525390625,51.27695846557617,0.2662200927734375,3.57366943359375,0.44338226318359375,0.3540802001953125,0.342193603515625,0.359619140625,0.3677520751953125,0,57347.62335205078,41175.74578857422,0,34088599552,2147483648,8450625536,0
200,1787753155543,3500,3500,3500,3500,3500,3500,3500,3500,3500,3500,3500,3500,3500,3500,3500,3500,3500,3500,3500,3500,31.515167236328125,0.20909881591796875,44.15396499633789,0.16587066650390625,0.22054290771484375,2.8130111694335938,0.264068603515625,0.2496795654296875,0.262969970703125,0.25962066650390625,0.245330810546875,2.8615341186523438,9.625541687011719,0.260223388671875,29.185218811035156,1.6208953857421875,0.29190826416015625,0.2659149169921875,0.2711181640625,2.824951171875,0,57358.305908203125,41184.28662109375,0,34088599552,2147483648,8450813952,0
199,1787753155743,3500,3500,3500,3500,3500,3500,3500,3500,3500,3500,3500,3500,3500,3500,3500,3500,3500,3500,3500,3500,1.9908370971679688,2.8031845092773438,42.83179473876953,0.22232818603515625,0.3306427001953125,0.26192474365234375,2.7686233520507813,0.235260009765625,0.32105255126953125,0.23445892333984375,0.29373931884765625,0.32724761962890625,6.670097351074219,0.2711181640625,55.10306167602539,1.335296630859375,0.30237579345703125,0.31041717529296875,0.40240478515625,0.41368865966796875,0,57366.86291503906,41190.71984863281,0,34088599552,2147483648,8450945024,0
200,1787753155943,3500,3500,3500,3500,3500,3500,3500,3500,3500,3500,3500,3500,3500,3500,3500,3500,3500,3500,3500,3500,28.457107543945313,0.21697235107421875,15.618865966796875,0.222869873046875,0.21916961669921875,0.28179931640625,0.319732666015625,0.2352142333984375,0.28899383544921875,0.24350738525390625,0.2450103759765625,0.22296905517578125,16.42571258544922,2.8200531005859375,46.37611770629883,0.2136688232421875,2.7811660766601563,2.81170654296875,2.90167236328125,0.377960205078125,0,57377.69757080078,41199.443298339844,0,34088599552,2147483648,8450945024,0
199,1787753156144,3500,3500,3500,3500,3500,3500,3500,3500,3500,3500,3500,3500,3500,3500,3500,3500,3500,3500,3500,3500,27.166976928710938,0.23797607421875,37.76079177856445,2.7079086303710938,2.8957138061523438,0.4402923583984375,0.38039398193359375,0.36693572998046875,0.35675811767578125,2.9096755981445313,0.29611968994140625,0.32733917236328125,29.20525360107422,0.2527313232421875,11.578422546386719,0.24983978271484375,24.46131134033203,0.244110107421875,0.40343475341796875,0.39605712890625,0,57387.977600097656,41207.559997558594,0,34088599552,2147483648,8451145728,0
199,1787753156344,3500,3500,3500,3500,3500,3500,3500,3500,3500,3500,3500,3500,3500,3500,3500,3500,3500,3500,3500,3500,22.871688842773438,0.23946380615234375,51.69437026977539,0.20838165283203125,0.31092071533203125,0.27159881591796875,0.3941802978515625,2.797821044921875,2.8864212036132813,0.294586181640625,2.9298477172851563,0.2600555419921875,35.11802673339844,0.2688446044921875,4.725135803222656,0.31157684326171875,0.4960174560546875,0.26674652099609375,0.5356979370117188,0.419464111328125,0,57396.76306152344,41214.218017578125,0,34088599552,2147483648,8451604480,0
199,1787753156544,3500,3500,3500,3500,3500,3500,3500,3500,3500,3500,3500,3500,3500,3500,3500,3500,3500,3500,3500,3500,2.8711318969726563,0.34108734130859375,35.9312744140625,0.2449188232421875,0.26241302490234375,2.8050079345703125,0.3361358642578125,0.31854248046875,0.33188629150390625,0.29799652099609375,0.428558349609375,2.8848342895507813,66.13937377929688,0.2105255126953125,2.8431930541992188,0.3192901611328125,0.3286895751953125,0.34003448486328125,0.31464385986328125,2.8831787109375,0,57407.30871582031,41222.643615722656,0,34088599552,2147483648,8451604480,0
200,1787753156744,3500,3500,3500,3500,3500,3500,3500,3500,3500,3500,3500,3500,3500,3500,3500,3500,3500,3500,3500,3500,5.192535400390625,2.7807159423828125,38.873619079589844,0.204864501953125,0.30826568603515625,0.2762298583984375,2.78131103515625,0.25618743896484375,0.30912017822265625,0.22745513916015625,0.7187957763671875,0.20426177978515625,64.39208984375,0.14528656005859375,0.6986007690429688,2.8145523071289063,0.35124969482421875,0.31751251220703125,0.3143157958984375,0.28692626953125,0,57415.082092285156,41228.28289794922,0,34088599552,2147483648,8451801088,0
200,1787753156944,3500,3500,3500,3500,3500,3500,3500,3500,3500,3500,3500,3500,3500,3500,3500,3500,3500,3500,3500,3500,10.359779357910156,0.1593017578125,34.161170959472656,0.11925506591796875,0.23096466064453125,0.08499908447265625,0.146270751953125,0.16759490966796875,0.3935699462890625,0.24245452880859375,0.2288665771484375,0.249542236328125,11.116752624511719,2.6982498168945313,1.835601806640625,0.274261474609375,4.142730712890625,2.871185302734375,2.71282958984375,0.1893157958984375,0,57423.099182128906,41234.149353027344,0,34088599552,2147483648,8452317184,0
200,1787753157145,3500,3500,3500,3500,3500,3500,3500,3500,3500,3500,3500,3500,3500,3500,3500,3500,3500,3500,3500,3500,18.817726135253906,0.38910675048828125,61.62975311279297,2.8087158203125,2.9356536865234375,0.3011322021484375,0.3160552978515625,0.434661865234375,0.5999755859375,2.972930908203125,0.487152099609375,0.5430908203125,10.6668701171875,0.34329986572265625,16.057861328125,0.4184417724609375,0.5295181274414063,0.5059661865234375,0.40871429443359375,0.44194793701171875,0,57432.37292480469,41241.31201171875,0,34088599552,2147483648,8452317184,0
200,1787753157345,3500,3500,3500,3500,3500,3500,3500,3500,3500,3500,3500,3500,3500,3500,3500,3500,3500,3500,3500,3500,11.485481262207031,0.2660675048828125,64.13310241699219,0.19498443603515625,0.24700164794921875,0.28403472900390625,0.32187652587890625,2.7897186279296875,2.9939346313476563,0.3296661376953125,3.9243240356445313,0.43474578857421875,33.70411682128906,0.2430572509765625,0.36121368408203125,0.30605316162109375,0.4329986572265625,0.41881561279296875,0.3269195556640625,0.32631683349609375,0,57440.12030029297,41246.934509277344,0,34088599552,2147483648,8452317184,0
200,1787753157545,3500,3500,3500,3500,3500,3500,3500,3500,3500,3500,3500,3500,3500,3500,3500,3500,3500,3500,3500,3500,10.433113098144531,0.24506378173828125,39.68511962890625,0.2041473388671875,0.28063201904296875,0.262847900390625,0.29352569580078125,0.28148651123046875,0.30426788330078125,0.37915802001953125,0.3242034912109375,2.8744964599609375,23.48792266845703,0.26988983154296875,33.65343475341797,0.2528533935546875,0.3323974609375,0.3349456787109375,0.28462982177734375,2.8444747924804688,0,57449.60986328125,41254.30047607422,0,34088599552,2147483648,8452317184,0
199,1787753157746,3500,3500,3500,3500,3500,3500,3500,3500,3500,3500,3500,3500,3500,3500,3500,3500,3500,3500,3500,3500,14.717071533203125,2.7459945678710938,27.785438537597656,0.20754241943359375,0.2358856201171875,2.7440948486328125,2.8118133544921875,0.195068359375,0.21587371826171875,0.26328277587890625,0.29137420654296875,0.275909423828125,35.15178680419922,0.21826934814453125,1.1341171264648438,2.8168563842773438,0.27201080322265625,0.2888336181640625,0.28314208984375,0.2495574951171875,0,57458.330139160156,41260.88720703125,0,34088599552,2147483648,8453169152,0
200,1787753157946,3500,3500,3500,3500,3500,3500,3500,3500,3500,3500,3500,3500,3500,3500,3500,3500,3500,3500,3500,3500,27.421722412109375,0.2455902099609375,19.33983612060547,0.28481292724609375,0.25208282470703125,0.3101959228515625,0.37010955810546875,0.2385406494140625,0.2672271728515625,0.34287261962890625,0.30884552001953125,0.3709564208984375,17.249710083007813,2.83343505859375,0.35721588134765625,0.32958221435546875,2.8434295654296875,2.8577194213867188,2.8604202270507813,0.30715179443359375,0,57466.041564941406,41266.43768310547,0,34088599552,2147483648,8453562368,0
200,1787753158146,3500,3500,3500,3500,3500,3500,3500,3500,3500,3500,3500,3500,3500,3500,3500,3500,3500,3500,3500,3500,18.760040283203125,0.233306884765625,21.676177978515625,2.8020095825195313,5.1178131103515625,0.2360076904296875,0.2460479736328125,0.27024078369140625,0.202178955078125,2.8010635375976563,3.8868560791015625,0.1961822509765625,3.19976806640625,0.25789642333984375,1.8379440307617188,0.285125732421875,0.3111114501953125,0.30062103271484375,0.39111328125,0.32994842529296875,0,57473.76794433594,41272.01672363281,0,34088599552,2147483648,8460521472,0
200,1787753158346,3500,3500,3500,3500,3500,3500,3500,3500,3500,3500,3500,3500,3500,3500,3500,3500,3500,3500,3500,3500,9.712936401367188,0.2173614501953125,8.879714965820313,0.215362548828125,73.00481414794922,0.11229705810546875,0.1619873046875,2.6708908081054688,2.764373779296875,0.2005462646484375,7.500762939453125,0.26824951171875,23.812095642089844,0.219757080078125,2.3865280151367188,0.2401580810546875,0.27707672119140625,0.2538299560546875,0.36962127685546875,0.323822021484375,0,57482.1572265625,41278.22882080078,0,34088599552,2147483648,8476323840,0
200,1787753158547,3500,3500,3500,3500,3500,3500,3500,3500,3500,3500,3500,3500,3500,3500,3500,3500,3500,3500,3500,3500,12.050689697265625,0.31610107421875,7.7199554443359375,0.31450653076171875,83.3438720703125,0.26548004150390625,0.2412872314453125,0.22891998291015625,0.36846923828125,0.359588623046875,0.8065109252929688,2.9459381103515625,5.964347839355469,0.3569488525390625,2.88873291015625,0.32991790771484375,0.37400054931640625,0.42148590087890625,0.47684478759765625,0.48946380615234375,0,57491.176818847656,41285.08776855469,0,34088599552,2147483648,8478818304,0
200,1787753158747,3500,3500,3500,3500,3500,3500,3500,3500,3500,3500,3500,3500,3500,3500,3500,3500,3500,3500,3500,3500,35.76396942138672,2.7912139892578125,17.73968505859375,0.23619842529296875,0.30037689208984375,2.8405609130859375,2.863739013671875,0.253082275390625,0.22515869140625,0.28569793701171875,0.30162811279296875,0.3238067626953125,16.17955780029297,0.3093719482421875,0.3048248291015625,2.8319244384765625,0.3519744873046875,0.39487457275390625,0.3369903564453125,2.8367691040039063,0,57499.530822753906,41291.225830078125,0,34088599552,2147483648,8480428032,0
200,1787753158947,3500,3500,3500,3500,3500,3500,3500,3500,3500,3500,3500,3500,3500,3500,3500,3500,3500,3500,3500,3500,29.562652587890625,0.2120819091796875,24.3153076171875,0.24800872802734375,0.22582244873046875,0.26204681396484375,0.3215179443359375,0.239013671875,0.2847900390625,0.26474761962890625,0.6917037963867188,0.2869873046875,10.74285888671875,2.801849365234375,0.8171844482421875,0.239166259765625,0.313018798828125,2.8229904174804688,2.9006423950195313,0.30887603759765625,0,57508.70831298828,41298.173828125,0,34088599552,2147483648,8481128448,0
200,1787753159148,3500,3500,3500,3500,3500,3500,3500,3500,3500,3500,3500,3500,3500,3500,3500,3500,3500,3500,3500,3500,41.04266357421875,0.22725677490234375,20.66199493408203,2.7391815185546875,2.8040008544921875,0.3512420654296875,0.2385406494140625,0.22675323486328125,0.33321380615234375,2.8170852661132813,0.384246826171875,0.30780029296875,19.738449096679688,0.2722930908203125,1.7618560791015625,0.2959136962890625,2.7997055053710938,0.2761383056640625,0.28847503662109375,0.2915191650390625,0,57517.37487792969,41304.635314941406,0,34088599552,2147483648,8481284096,0
200,1787753159348,3500,3500,3500,3500,3500,3500,3500,3500,3500,3500,3500,3500,3500,3500,3500,3500,3500,3500,3500,3500,23.914161682128906,0.233123779296875,17.737159729003906,0.233123779296875,0.33803558349609375,0.2574920654296875,0.301483154296875,2.8019256591796875,2.9273529052734375,0.3632965087890625,6.046134948730469,0.348419189453125,34.50770568847656,0.264984130859375,0.7620925903320313,0.31396484375,0.328643798828125,0.2826080322265625,0.31566619873046875,0.3066253662109375,0,57526.286560058594,41311.344787597656,0,34088599552,2147483648,8483086336,0
200,1787753159548,3500,3500,3500,3500,3500,3500,3500,3500,3500,3500,3500,3500,3500,3500,3500,3500,3500,3500,3500,3500,36.92617416381836,0.20032501220703125,17.01837158203125,0.2185516357421875,0.340362548828125,0.2984161376953125,0.22444915771484375,0.3092041015625,0.219451904296875,0.31974029541015625,0.2726898193359375,2.8015365600585938,15.605766296386719,0.3125457763671875,2.855072021484375,0.28977203369140625,0.29267120361328125,0.29691314697265625,0.299713134765625,0.30350494384765625,0,57535.11682128906,41317.96563720703,0,34088599552,2147483648,8484237312,0
200,1787753159748,3500,3500,3500,3500,3500,3500,3500,3500,3500,3500,3500,3500,3500,3500,3500,3500,3500,3500,3500,3500,24.035194396972656,2.7081985473632813,14.327407836914063,0.1853179931640625,0.27977752685546875,2.7468109130859375,2.834075927734375,0.26334381103515625,0.22577667236328125,0.269439697265625,0.368438720703125,0.3097991943359375,43.28752899169922,0.2298736572265625,0.77484130859375,2.795013427734375,0.4805755615234375,0.2762298583984375,0.32293701171875,2.78411865234375,0,57546.637756347656,41327.26306152344,0,34088599552,2147483648,8486412288,0
200,1787753159949,3500,3500,3500,3500,3500,3500,3500,3500,3500,3500,3500,3500,3500,3500,3500,3500,3500,3500,3500,3500,33.887939453125,0.213531494140625,15.142547607421875,0.25152587890625,0.31461334228515625,0.230682373046875,0.3273773193359375,0.31241607666015625,0.4854583740234375,0.417938232421875,0.3733062744140625,0.4112548828125,33.62174987792969,0.26753997802734375,0.61181640625,0.3986358642578125,0.32568359375,1.4227066040039063,2.927490234375,0.33774566650390625,0,57554.8095703125,41333.224853515625,0,34088599552,2147483648,8486522880,0
200,1787753160149,3500,3500,3500,3500,3500,3500,3500,3500,3500,3500,3500,3500,3500,3500,3500,3500,3500,3500,3500,3500,25.768600463867188,0.2103271484375,16.02203369140625,2.771148681640625,5.8731689453125,1.3876953125,0.269775390625,0.2875823974609375,0.37287139892578125,2.926361083984375,9.82916259765625,1.5016098022460938,27.122474670410156,2.7537918090820313,1.7415618896484375,0.2823944091796875,3.6036224365234375,1.6493911743164063,2.6526412963867188,0.29067230224609375,0,57562.99621582031,41339.17956542969,0,34088599552,2147483648,8488030208,0
200,1787753160350,3500,3500,3500,3500,3500,3500,3500,3500,3500,3500,3500,3500,3500,3500,3500,3500,3500,3500,3500,3500,34.286476135253906,0.24271392822265625,15.747116088867188,0.2340850830078125,0.326416015625,0.31948089599609375,0.32651519775390625,2.8211822509765625,0.25359344482421875,0.27364349365234375,3.3861236572265625,0.31928253173828125,16.374160766601563,0.29369354248046875,0.3071136474609375,0.29119873046875,0.3240203857421875,0.3067169189453125,0.28327178955078125,0.33624267578125,0,57571.912109375,41345.884338378906,0,34088599552,2147483648,8488112128,0
200,1787753160550,3500,3500,3500,3500,3500,3500,3500,3500,3500,3500,3500,3500,3500,3500,3500,3500,3500,3500,3500,3500,40.947425842285156,0.25173187255859375,16.780723571777344,0.2984771728515625,0.32784271240234375,0.33748626708984375,0.3178558349609375,0.276153564453125,2.803375244140625,0.2801971435546875,1.272125244140625,2.7945327758789063,18.426551818847656,0.2955322265625,0.3039703369140625,0.29438018798828125,0.31426239013671875,0.282745361328125,0.31975555419921875,0.28908538818359375,0,57580.98181152344,41352.74890136719,0,34088599552,2147483648,8490364928,0
200,1787753160750,3500,3500,3500,3500,3500,3500,3500,3500,3500,3500,3500,3500,3500,3500,3500,3500,3500,3500,3500,3500,30.084152221679688,2.647857666015625,18.584800720214844,0.1205902099609375,0.21260833740234375,2.674224853515625,2.7076797485351563,0.1279754638671875,0.2011260986328125,0.193389892578125,0.2830657958984375,0.17476654052734375,16.207321166992188,0.204071044921875,2.8978729248046875,2.6805648803710938,0.18654632568359375,0.1609344482421875,0.2056732177734375,2.6837081909179688,0,57589.59631347656,41359.42346191406,0,34088599552,2147483648,8494473216,0
200,1787753160951,3500,3500,3500,3500,3500,3500,3500,3500,3500,3500,3500,3500,3500,3500,3500,3500,3500,3500,3500,3500,44.33300018310547,0.2373504638671875,22.833457946777344,0.2495880126953125,0.32422637939453125,0.47779083251953125,0.4625091552734375,0.38702392578125,0.407806396484375,0.263427734375,0.303741455078125,0.35089874267578125,15.271896362304688,0.30478668212890625,4.718681335449219,0.294097900390625,3.4335250854492188,0.29894256591796875,2.8609161376953125,0.311981201171875,0,57598.78405761719,41366.50793457031,0,34088599552,2147483648,8491028480,0
200,1787753161151,3500,3500,3500,3500,3500,3500,3500,3500,3500,3500,3500,3500,3500,3500,3500,3500,3500,3500,3500,3500,27.904808044433594,0.3527984619140625,18.258544921875,2.9638671875,2.9164886474609375,0.434967041015625,0.40106964111328125,0.35589599609375,0.44220733642578125,2.957672119140625,0.47376251220703125,0.42179107666015625,30.37310028076172,2.9030609130859375,0.4876861572265625,0.396331787109375,2.982086181640625,2.9306182861328125,0.45778656005859375,0.44854736328125,0,57608.413513183594,41373.57208251953,0,34088599552,2147483648,8491913216,0
200,1787753161351,3500,3500,3500,3500,3500,3500,3500,3500,3500,3500,3500,3500,3500,3500,3500,3500,3500,3500,3500,3500,58.73756408691406,0.2512054443359375,17.970291137695313,0.2883148193359375,0.32782745361328125,0.3229827880859375,0.35140228271484375,2.8282623291015625,0.33382415771484375,0.316986083984375,2.9919052124023438,0.2654876708984375,7.983085632324219,0.289215087890625,0.317535400390625,0.33347320556640625,0.34046173095703125,0.31394195556640625,0.3087921142578125,0.35649871826171875,0,57617.52392578125,41380.789978027344,0,34088599552,2147483648,8491384832,0
200,1787753161551,3500,3500,3500,3500,3500,3500,3500,3500,3500,3500,3500,3500,3500,3500,3500,3500,3500,3500,3500,3500,61.42281723022461,0.1880950927734375,13.337806701660156,0.17929840087890625,0.30397796630859375,0.245208740234375,0.20803070068359375,0.26505279541015625,2.8271484375,0.262054443359375,0.5678253173828125,2.7840728759765625,15.9007568359375,0.26519775390625,0.29038238525390625,0.27704620361328125,0.28183746337890625,0.2735443115234375,0.28473663330078125,0.26454925537109375,0,57626.80407714844,41387.877685546875,0,34088599552,2147483648,8491794432,0
200,1787753161751,3500,3500,3500,3500,3500,3500,3500,3500,3500,3500,3500,3500,3500,3500,3500,3500,3500,3500,3500,3500,38.82551956176758,2.7311325073242188,24.405235290527344,0.21562957763671875,0.9467239379882813,2.783233642578125,2.8767852783203125,0.31922149658203125,0.39788818359375,0.2966461181640625,1.1401748657226563,0.3787078857421875,48.755531311035156,0.22072601318359375,4.697509765625,2.8593521118164063,2.6822357177734375,0.30548858642578125,0.33200836181640625,2.813751220703125,0,57635.93493652344,41394.45440673828,0,34088599552,2147483648,8494247936,0
200,1787753161951,3500,3500,3500,3500,3500,3500,3500,3500,3500,3500,3500,3500,3500,3500,3500,3500,3500,3500,3500,3500,37.4287109375,0.2426300048828125,16.51336669921875,0.27419281005859375,0.36553955078125,0.2500152587890625,0.379425048828125,0.336822509765625,0.3169403076171875,0.2981109619140625,0.3352203369140625,0.27044677734375,20.492919921875,0.36219024658203125,1.46099853515625,0.5527725219726563,0.3572998046875,0.386260986328125,2.8379440307617188,0.31844329833984375,0,57645.584228515625,41401.917053222656,0,34088599552,2147483648,8492466176,0
200,1787753162152,3500,3500,3500,3500,3500,3500,3500,3500,3500,3500,3500,3500,3500,3500,3500,3500,3500,3500,3500,3500,31.662506103515625,0.18987274169921875,14.802818298339844,2.8073196411132813,2.9120101928710938,0.322357177734375,0.424957275390625,0.3101806640625,0.20589447021484375,2.7875595092773438,0.30115509033203125,0.255889892578125,41.65489196777344,2.7603607177734375,0.8907318115234375,0.41457366943359375,2.7942962646484375,2.8296279907226563,0.27291107177734375,0.30145263671875,0,57655.070556640625,41409.216064453125,0,34088599552,2147483648,8494718976,0
200,1787753162352,3500,3500,3500,3500,3500,3500,3500,3500,3500,3500,3500,3500,3500,3500,3500,3500,3500,3500,3500,3500,43.38737869262695,0.1803741455078125,24.66668701171875,0.1865081787109375,2.7815933227539063,0.26557159423828125,0.3434906005859375,2.8739776611328125,0.20501708984375,0.15154266357421875,41.4531364440918,0.2124481201171875,13.060775756835938,0.29335784912109375,5.8330535888671875,0.3236846923828125,1.0470809936523438,0.315155029296875,0.293609619140625,0.331817626953125,0,57665.04901123047,41416.96826171875,0,34088599552,2147483648,8511275008,0
200,1787753162553,3500,3500,3500,3500,3500,3500,3500,3500,3500,3500,3500,3500,3500,3500,3500,3500,3500,3500,3500,3500,22.59479522705078,0.27105712890625,11.790718078613281,0.31127166748046875,1.243927001953125,0.35198211669921875,0.28427886962890625,0.3158111572265625,2.770477294921875,0.22625732421875,44.49061965942383,2.8314971923828125,16.22425079345703,0.3160552978515625,0.54620361328125,0.30902099609375,0.6294708251953125,0.34020233154296875,0.34644317626953125,0.34629058837890625,0,57672.84112548828,41422.55017089844,0,34088599552,2147483648,8495538176,0
200,1787753162753,3500,3500,3500,3500,3500,3500,3500,3500,3500,3500,3500,3500,3500,3500,3500,3500,3500,3500,3500,3500,27.702354431152344,2.7296218872070313,17.97613525390625,0.25167083740234375,0.3646087646484375,2.8085403442382813,0.30425262451171875,0.28170013427734375,0.31597137451171875,0.26613616943359375,0.43579864501953125,0.3128814697265625,56.27710723876953,0.21909332275390625,3.6906585693359375,2.8582763671875,0.34560394287109375,0.38211822509765625,0.32166290283203125,2.8095321655273438,0,57681.69287109375,41429.190979003906,0,34088599552,2147483648,8495644672,0
200,1787753162953,3500,3500,3500,3500,3500,3500,3500,3500,3500,3500,3500,3500,3500,3500,3500,3500,3500,3500,3500,3500,56.07908248901367,0.20934295654296875,20.250389099121094,0.22437286376953125,0.282470703125,0.2399139404296875,2.8090972900390625,0.2200775146484375,0.30269622802734375,0.21413421630859375,0.2308197021484375,0.3564453125,8.341323852539063,0.29370880126953125,0.34445953369140625,0.32677459716796875,0.3096923828125,0.30374908447265625,2.8247299194335938,0.28311920166015625,0,57691.233642578125,41436.52990722656,0,34088599552,2147483648,8495906816,0
200,1787753163154,3500,3500,3500,3500,3500,3500,3500,3500,3500,3500,3500,3500,3500,3500,3500,3500,3500,3500,3500,3500,37.670684814453125,0.211273193359375,13.478042602539063,2.8386001586914063,2.8786468505859375,0.37905120849609375,0.29705810546875,0.4325714111328125,0.3811492919921875,2.8299713134765625,0.32019805908203125,0.2783050537109375,30.91039276123047,2.80413818359375,0.319549560546875,0.32867431640625,2.8601455688476563,2.8015899658203125,0.300201416015625,0.30214691162109375,0,57700.79736328125,41443.90661621094,0,34088599552,2147483648,8495419392,0
200,1787753163354,3500,3500,3500,3500,3500,3500,3500,3500,3500,3500,3500,3500,3500,3500,3500,3500,3500,3500,3500,3500,67.62879943847656,0.123382568359375,18.84424591064453,0.12897491455078125,0.3647003173828125,0.30655670166015625,0.33997344970703125,2.9200210571289063,0.1685333251953125,0.2230377197265625,0.4553070068359375,0.2718353271484375,9.795463562011719,0.18502044677734375,0.20749664306640625,0.2143402099609375,0.21533966064453125,0.19615936279296875,0.2442169189453125,0.188018798828125,0,57710.19354248047,41451.092712402344,0,34088599552,2147483648,8495624192,0
200,1787753163554,3500,3500,3500,3500,3500,3500,3500,3500,3500,3500,3500,3500,3500,3500,3500,3500,3500,3500,3500,3500,48.90334701538086,0.30340576171875,15.392105102539063,0.31194305419921875,0.52288818359375,0.4226837158203125,0.47992706298828125,0.425537109375,2.8581085205078125,0.30060577392578125,23.337783813476563,2.8899765014648438,6.267822265625,0.43202972412109375,0.4091033935546875,0.37602996826171875,0.40061187744140625,0.38037872314453125,0.3720855712890625,0.3620452880859375,0,57718.724548339844,41457.4267578125,0,34088599552,2147483648,8501530624,0
200,1787753163755,3500,3500,3500,3500,3500,3500,3500,3500,3500,3500,3500,3500,3500,3500,3500,3500,3500,3500,3500,3500,24.743545532226563,2.8081817626953125,19.88983917236328,0.25327301025390625,0.40850067138671875,2.8834991455078125,0.3306884765625,0.2429351806640625,0.35396575927734375,0.26316070556640625,0.7593231201171875,0.27339935302734375,26.52874755859375,0.2579193115234375,2.8245162963867188,2.8425445556640625,0.30446624755859375,0.32244873046875,0.31855010986328125,2.8581771850585938,0,57726.57843017578,41463.07830810547,0,34088599552,2147483648,8496312320,0
200,1787753163955,3500,3500,3500,3500,3500,3500,3500,3500,3500,3500,3500,3500,3500,3500,3500,3500,3500,3500,3500,3500,25.391510009765625,0.20560455322265625,17.05438232421875,0.20415496826171875,0.25688934326171875,0.280487060546875,2.7952041625976563,0.297149658203125,0.26592254638671875,0.3411102294921875,4.5187530517578125,0.29575347900390625,5.2576446533203125,0.3044891357421875,0.34215545654296875,0.3039398193359375,0.31661224365234375,0.27873992919921875,2.845794677734375,0.28632354736328125,0,57736.47821044922,41470.80487060547,0,34088599552,2147483648,8495538176,0
200,1787753164155,3500,3500,3500,3500,3500,3500,3500,3500,3500,3500,3500,3500,3500,3500,3500,3500,3500,3500,3500,3500,24.908485412597656,0.22156524658203125,17.300926208496094,2.791259765625,2.83526611328125,0.314666748046875,0.35002899169921875,0.2703094482421875,0.28978729248046875,2.8560943603515625,2.557159423828125,0.35611724853515625,12.397575378417969,2.9471969604492188,2.4806976318359375,0.2916412353515625,3.2527694702148438,2.80804443359375,0.2973785400390625,0.303375244140625,0,57745.009765625,41477.142639160156,0,34088599552,2147483648,8481796096,0
199,1787753164355,3500,3500,3500,3500,3500,3500,3500,3500,3500,3500,3500,3500,3500,3500,3500,3500,3500,3500,3500,3500,2.666748046875,0.26251983642578125,16.277877807617188,0.35140228271484375,0.5020523071289063,0.3988189697265625,0.45308685302734375,3.0395889282226563,0.3022918701171875,0.3254241943359375,1.009246826171875,0.3377685546875,3.086456298828125,0.5362777709960938,0.279052734375,0.36449432373046875,0.33866119384765625,0.34496307373046875,0.32857513427734375,0.33986663818359375,0,57751.876953125,41481.89862060547,0,34088599552,2147483648,8480972800,0
199,1787753164555,3500,3500,3500,3500,3500,3500,3500,3500,3500,3500,3500,3500,3500,3500,3500,3500,3500,3500,3500,3500,2.3414382934570313,0.20464324951171875,14.970970153808594,0.2034912109375,0.44952392578125,0.31781005859375,0.3791961669921875,0.4185791015625,2.86029052734375,0.1420135498046875,2.8049087524414063,0.2223358154296875,0.5240554809570313,0.31775665283203125,0.43077850341796875,0.2509307861328125,0.5048599243164063,0.280120849609375,0.264923095703125,0.26787567138671875,0,57759.79864501953,41487.688049316406,0,34088599552,2147483648,8480935936,0
200,1787753164756,3500,3500,3500,3500,3500,3500,3500,3500,3500,3500,3500,3500,3500,3500,3500,3500,3500,3500,3500,3500,8.322067260742188,2.7887496948242188,13.156112670898438,0.270477294921875,0.52490234375,2.9147415161132813,0.4101104736328125,0.4041595458984375,0.34783935546875,0.3117523193359375,0.805877685546875,2.870758056640625,1.5009002685546875,0.328399658203125,2.854766845703125,2.8889007568359375,0.34143829345703125,0.34978485107421875,0.34014129638671875,2.8609161376953125,0,57767.374084472656,41493.13397216797,0,34088599552,2147483648,8481054720,0
200,1787753164956,3500,3500,3500,3500,3500,3500,3500,3500,3500,3500,3500,3500,3500,3500,3500,3500,3500,3500,3500,3500,2.5252456665039063,0.21059417724609375,14.285163879394531,0.237640380859375,0.37631988525390625,0.24147796630859375,2.7820968627929688,0.240386962890625,0.25655364990234375,0.3197784423828125,1.181304931640625,0.255401611328125,0.5806198120117188,0.2739715576171875,0.2736663818359375,0.3182830810546875,0.3304595947265625,0.27446746826171875,2.84088134765625,0.25820159912109375,0,57774.63513183594,41498.264892578125,0,34088599552,2147483648,8481054720,0
200,1787753165156,3500,3500,3500,3500,3500,3500,3500,3500,3500,3500,3500,3500,3500,3500,3500,3500,3500,3500,3500,3500,23.64306640625,0.134735107421875,35.21421813964844,2.69195556640625,2.780181884765625,0.2378997802734375,0.22126007080078125,0.2154693603515625,0.20157623291015625,2.761749267578125,0.265625,0.25972747802734375,15.061378479003906,2.8066635131835938,0.2623291015625,0.21561431884765625,2.7765884399414063,2.7690887451171875,0.24768829345703125,0.238250732421875,0,57783.8046875,41505.30938720703,0,34088599552,2147483648,8480772096,0
200,1787753165356,3500,3500,3500,3500,3500,3500,3500,3500,3500,3500,3500,3500,3500,3500,3500,3500,3500,3500,3500,3500,5.61260986328125,0.3283538818359375,100,0.20812225341796875,0.451324462890625,0.3847503662109375,0.45367431640625,2.8938217163085938,0.39977264404296875,0.26711273193359375,1.2125396728515625,0.3438720703125,0.4464874267578125,0.4702911376953125,0.3446197509765625,0.33493804931640625,0.3565521240234375,0.36788177490234375,0.34397125244140625,0.3602447509765625,0,57792.75927734375,41512.139404296875,0,34088599552,2147483648,8480522240,0
200,1787753165557,3500,3500,3500,3500,3500,3500,3500,3500,3500,3500,3500,3500,3500,3500,3500,3500,3500,3500,3500,3500,2.5001373291015625,0.2748565673828125,100,0.157073974609375,0.35509490966796875,0.3280792236328125,0.41066741943359375,0.3256378173828125,2.8029098510742188,0.31005859375,2.8517379760742188,0.2652740478515625,2.815093994140625,0.35040283203125,0.3477020263671875,0.30870819091796875,0.3250885009765625,0.31490325927734375,0.2973785400390625,0.35888671875,0,57801.56414794922,41518.82727050781,0,34088599552,2147483648,8480505856,0
200,1787753165757,3500,3500,3500,3500,3500,3500,3500,3500,3500,3500,3500,3500,3500,3500,3500,3500,3500,3500,3500,3500,15.933143615722656,2.8069076538085938,88.2383804321289,0.1428680419921875,0.36695098876953125,2.9128036499023438,0.4671630859375,0.344024658203125,0.31725311279296875,0.2610015869140625,0.327239990234375,2.8523635864257813,0.303466796875,0.27544403076171875,2.7681961059570313,2.8283843994140625,0.28772735595703125,0.3093109130859375,0.28298187255859375,2.8216934204101563,0,57811.10241699219,41526.258544921875,0,34088599552,2147483648,8480636928,0
200,1787753165957,3500,3500,3500,3500,3500,3500,3500,3500,3500,3500,3500,3500,3500,3500,3500,3500,3500,3500,3500,3500,26.271217346191406,0.28137969970703125,79.00529479980469,0.155029296875,0.31230926513671875,0.338592529296875,2.8725204467773438,0.2401275634765625,0.23459625244140625,0.33026885986328125,0.217132568359375,0.333709716796875,0.31854248046875,0.27923583984375,0.30596923828125,0.27150726318359375,0.3003387451171875,0.28157806396484375,0.29863739013671875,0.28322601318359375,0,57819.149169921875,41532.19091796875,0,34088599552,2147483648,8480636928,0
200,1787753166158,3500,3500,3500,3500,3500,3500,3500,3500,3500,3500,3500,3500,3500,3500,3500,3500,3500,3500,3500,3500,25.610214233398438,0.2584075927734375,55.7380256652832,2.6893386840820313,2.8081130981445313,0.1706085205078125,0.22592926025390625,0.29312896728515625,0.2723236083984375,2.6367111206054688,0.25586700439453125,0.140380859375,27.146095275878906,2.7333831787109375,0.24089813232421875,0.261749267578125,2.7462539672851563,2.8097610473632813,2.7827224731445313,0.27402496337890625,0,57828.145935058594,41539.061279296875,0,34088599552,2147483648,8480702464,0
200,1787753166358,3500,3500,3500,3500,3500,3500,3500,3500,3500,3500,3500,3500,3500,3500,3500,3500,3500,3500,3500,3500,17.327865600585938,0.1736907958984375,69.77361297607422,0.09488677978515625,0.1933746337890625,0.17333984375,0.24948883056640625,2.7074050903320313,0.22750091552734375,0.287017822265625,0.24459075927734375,0.15305328369140625,17.84607696533203,0.2184600830078125,0.194427490234375,0.21530914306640625,0.28441619873046875,0.2985076904296875,0.32039642333984375,0.3172454833984375,0,57837.001953125,41545.79376220703,0,34088599552,2147483648,8480694272,0
199,1787753166559,3500,3500,3500,3500,3500,3500,3500,3500,3500,3500,3500,3500,3500,3500,3500,3500,3500,3500,3500,3500,6.817138671875,0.3807525634765625,95.56594848632813,0.23779296875,0.5246124267578125,0.5276565551757813,0.45719146728515625,0.5779800415039063,2.8897628784179688,0.40771484375,2.9074478149414063,0.3150787353515625,2.93231201171875,0.38100433349609375,0.38643646240234375,0.38648223876953125,0.39844512939453125,0.40013885498046875,0.4981536865234375,0.5031356811523438,0,57845.63848876953,41552.829040527344,0,34088599552,2147483648,8480694272,0
200,1787753166759,3500,3500,3500,3500,3500,3500,3500,3500,3500,3500,3500,3500,3500,3500,3500,3500,3500,3500,3500,3500,13.296546936035156,2.76019287109375,93.02250671386719,0.1336669921875,0.4342498779296875,2.9391555786132813,0.3875579833984375,0.3881072998046875,0.28388214111328125,0.20510101318359375,0.6987380981445313,2.840576171875,0.2636871337890625,0.2871856689453125,2.7926406860351563,2.7744903564453125,0.300628662109375,0.34076690673828125,0.3591156005859375,2.8770217895507813,0,57855.791748046875,41560.47821044922,0,34088599552,2147483648,8480829440,0
200,1787753166959,3500,3500,3500,3500,3500,3500,3500,3500,3500,3500,3500,3500,3500,3500,3500,3500,3500,3500,3500,3500,34.55921173095703,0.2169647216796875,35.189125061035156,0.20782470703125,0.4458160400390625,0.3567962646484375,2.9898834228515625,0.3717803955078125,0.4385223388671875,0.3404541015625,0.5088119506835938,0.46685028076171875,5.997650146484375,0.33935546875,38.8416862487793,0.2492828369140625,0.28015899658203125,0.32366943359375,0.28310394287109375,0.2860565185546875,0,57864.84832763672,41567.37615966797,0,34088599552,2147483648,8481488896,0
200,1787753167159,3500,3500,3500,3500,3500,3500,3500,3500,3500,3500,3500,3500,3500,3500,3500,3500,3500,3500,3500,3500,34.22271728515625,0.2229156494140625,6.5788421630859375,2.7865982055664063,2.9493179321289063,0.367279052734375,0.5043182373046875,0.38652801513671875,0.4083709716796875,0.365386962890625,0.496490478515625,0.5043182373046875,51.72480010986328,2.7396240234375,15.953514099121094,0.35416412353515625,2.83392333984375,2.8255996704101563,2.8756637573242188,0.27452850341796875,0,57874.57409667969,41574.87811279297,0,34088599552,2147483648,8481488896,0
199,1787753167360,3500,3500,3500,3500,3500,3500,3500,3500,3500,3500,3500,3500,3500,3500,3500,3500,3500,3500,3500,3500,4.826210021972656,0.2255401611328125,69.19038391113281,0.14049530029296875,0.2198028564453125,0.31218719482421875,0.30834197998046875,1.628570556640625,0.31368255615234375,2.858551025390625,3.39019775390625,0.35516357421875,33.59703826904297,0.1965484619140625,0.38700103759765625,0.388702392578125,0.2680206298828125,0.28713226318359375,0.25743865966796875,0.276702880859375,0,57882.26318359375,41580.43762207031,0,34088599552,2147483648,8481488896,0
200,1787753167560,3500,3500,3500,3500,3500,3500,3500,3500,3500,3500,3500,3500,3500,3500,3500,3500,3500,3500,3500,3500,6.154212951660156,0.29955291748046875,30.63030242919922,0.2540740966796875,0.3042449951171875,0.22833251953125,0.20904541015625,1.4592666625976563,2.8275299072265625,0.32703399658203125,2.8675155639648438,0.2564239501953125,16.636314392089844,0.35771942138671875,54.94297409057617,0.2329864501953125,0.30284881591796875,0.316741943359375,0.284210205078125,0.32183837890625,0,57891.232666015625,41587.288146972656,0,34088599552,2147483648,8481488896,0
200,1787753167760,3500,3500,3500,3500,3500,3500,3500,3500,3500,3500,3500,3500,3500,3500,3500,3500,3500,3500,3500,3500,17.773292541503906,2.8311843872070313,9.15081787109375,0.24015045166015625,0.2655181884765625,2.8535614013671875,0.26117706298828125,0.28310394287109375,0.4017791748046875,0.34044647216796875,0.4355926513671875,2.925537109375,47.50801086425781,0.2265625,33.81934356689453,2.7378311157226563,0.33025360107421875,0.35128021240234375,0.30193328857421875,2.8284912109375,0,57899.947265625,41593.89025878906,0,34088599552,2147483648,8481607680,0
200,1787753167961,3500,3500,3500,3500,3500,3500,3500,3500,3500,3500,3500,3500,3500,3500,3500,3500,3500,3500,3500,3500,5.517692565917969,0.2217254638671875,56.59929656982422,0.1842193603515625,0.42903900146484375,0.44864654541015625,2.9005889892578125,0.39322662353515625,0.49777984619140625,0.33132171630859375,0.33167266845703125,0.35890960693359375,45.860721588134766,0.2317047119140625,0.33277130126953125,0.29924774169921875,0.39511871337890625,0.3892364501953125,0.3208465576171875,0.24871826171875,0,57909.14581298828,41600.96661376953,0,34088599552,2147483648,8480759808,0
199,1787753168162,3500,3500,3500,3500,3500,3500,3500,3500,3500,3500,3500,3500,3500,3500,3500,3500,3500,3500,3500,3500,7.333717346191406,0,99.01776123046875,2.2752532958984375,2.400482177734375,0,0,0,0.0981903076171875,0,0,0.005340576171875,1.2879257202148438,2.47113037109375,0,0,2.5041580200195313,2.5290069580078125,2.4366073608398438,0,0,57917.85498046875,41607.5400390625,0,34088599552,2147483648,8480763904,0
200,1787753168361,3500,3500,3500,3500,3500,3500,3500,3500,3500,3500,3500,3500,3500,3500,3500,3500,3500,3500,3500,3500,18.733726501464844,0.6796493530273438,56.2238655090332,0.6082763671875,3.1740951538085938,0.6660842895507813,0.6264266967773438,0.6128616333007813,0.8080368041992188,3.1887588500976563,5.341133117675781,0.7293777465820313,42.5246696472168,0.6397933959960938,3.8251113891601563,0.6754608154296875,1.30328369140625,0.6565093994140625,1.5616607666015625,0.7118682861328125,0,57927.672302246094,41615.219665527344,0,34088599552,2147483648,8481026048,0
200,1787753168562,3500,3500,3500,3500,3500,3500,3500,3500,3500,3500,3500,3500,3500,3500,3500,3500,3500,3500,3500,3500,2.3425064086914063,0.3449554443359375,100,0.13796234130859375,0.2848663330078125,0.23056793212890625,0.295257568359375,2.8405609130859375,2.7993545532226563,0.2860107421875,2.8530502319335938,0.24555206298828125,3.05145263671875,0.28061676025390625,0.31877899169921875,0.29775238037109375,0.31378936767578125,0.30619049072265625,0.33356475830078125,0.3327178955078125,0,57937.327392578125,41622.75616455078,0,34088599552,2147483648,8481021952,0
199,1787753168762,3500,3500,3500,3500,3500,3500,3500,3500,3500,3500,3500,3500,3500,3500,3500,3500,3500,3500,3500,3500,2.6068954467773438,0.41832733154296875,75.95355987548828,0.08953857421875,0.2420501708984375,2.7199020385742188,0.2021484375,0.19675445556640625,0.181976318359375,0.22576904296875,0.62921142578125,2.7073211669921875,25.247940063476563,0.2252197265625,2.7712936401367188,2.7547149658203125,0.2294158935546875,0.2309112548828125,0.2151336669921875,2.7607040405273438,0,57946.94958496094,41630.26647949219,0,34088599552,2147483648,8481140736,0
200,1787753168962,3500,3500,3500,3500,3500,3500,3500,3500,3500,3500,3500,3500,3500,3500,3500,3500,3500,3500,3500,3500,1.890869140625,2.6098785400390625,28.10698699951172,0.32024383544921875,0.35540771484375,0.3470611572265625,2.8779678344726563,0.32952880859375,0.321441650390625,0.34362030029296875,0.36515045166015625,0.34021759033203125,0.6939773559570313,0.37453460693359375,0.43347930908203125,0.34786224365234375,76.90971374511719,0.2382659912109375,0.370391845703125,0.4037628173828125,0,57954.89587402344,41636.09344482422,0,34088599552,2147483648,8481120256,0
200,1787753169162,3500,3500,3500,3500,3500,3500,3500,3500,3500,3500,3500,3500,3500,3500,3500,3500,3500,3500,3500,3500,22.129920959472656,0.18495941162109375,12.955192565917969,2.7212905883789063,2.7979583740234375,0.1957550048828125,0.30229949951171875,0.25601959228515625,0.29795074462890625,0.33208465576171875,0.278564453125,0.26467132568359375,18.726417541503906,2.80780029296875,20.14166259765625,0.24312591552734375,27.79059600830078,2.846832275390625,18.171493530273438,0.28960418701171875,0,57965.02764892578,41644.0947265625,0,34088599552,2147483648,8481501184,0
200,1787753169362,3500,3500,3500,3500,3500,3500,3500,3500,3500,3500,3500,3500,3500,3500,3500,3500,3500,3500,3500,3500,3.6095428466796875,0.26976776123046875,21.021514892578125,0.25662994384765625,0.27886199951171875,0.33354949951171875,0.3014373779296875,0.31102752685546875,0.30683135986328125,2.8741607666015625,0.5668563842773438,0.303131103515625,55.100189208984375,0.2380523681640625,26.291732788085938,0.2515411376953125,0.4388427734375,0.4195098876953125,0.3303070068359375,0.32331085205078125,0,57974.627868652344,41651.569580078125,0,34088599552,2147483648,8481501184,0
200,1787753169563,3500,3500,3500,3500,3500,3500,3500,3500,3500,3500,3500,3500,3500,3500,3500,3500,3500,3500,3500,3500,2.0076828002929688,0.23662567138671875,74.29463195800781,0.1496429443359375,0.21443939208984375,0.27874755859375,0.247772216796875,2.8159408569335938,2.8721466064453125,0.352294921875,2.9483871459960938,0.43378448486328125,10.997993469238281,0.34949493408203125,18.558006286621094,0.2556610107421875,0.34589385986328125,0.3446502685546875,0.2672576904296875,0.29637908935546875,0,57982.46746826172,41657.2978515625,0,34088599552,2147483648,8481505280,0
200,1787753169763,3500,3500,3500,3500,3500,3500,3500,3500,3500,3500,3500,3500,3500,3500,3500,3500,3500,3500,3500,3500,18.49017333984375,0.23429107666015625,10.906288146972656,0.26556396484375,0.258880615234375,2.7736587524414063,0.23638153076171875,0.24800872802734375,0.37934112548828125,0.4756622314453125,0.524993896484375,2.9614105224609375,11.432876586914063,0.23134613037109375,72.47271728515625,2.6941986083984375,0.2674102783203125,0.2720489501953125,0.2653656005859375,2.7961044311523438,0,57991.55780029297,41664.258361816406,0,34088599552,2147483648,8481837056,0
199,1787753169964,3500,3500,3500,3500,3500,3500,3500,3500,3500,3500,3500,3500,3500,3500,3500,3500,3500,3500,3500,3500,24.70782470703125,2.7256393432617188,13.928390502929688,0.19420623779296875,0.23250579833984375,0.33270263671875,2.8166580200195313,0.18367767333984375,0.34332275390625,0.4755859375,0.33315277099609375,0.33913421630859375,23.255775451660156,0.24432373046875,44.82750701904297,0.22043609619140625,0.2955474853515625,0.29325103759765625,0.2799835205078125,0.2697601318359375,0,58000.859802246094,41671.434509277344,0,34088599552,2147483648,8481837056,0
200,1787753170164,3500,3500,3500,3500,3500,3500,3500,3500,3500,3500,3500,3500,3500,3500,3500,3500,3500,3500,3500,3500,30.196678161621094,0.275299072265625,61.445316314697266,2.7306137084960938,0.30652618408203125,0.255859375,0.3233184814453125,0.283538818359375,0.433258056640625,0.5212554931640625,0.390228271484375,0.44205474853515625,9.531341552734375,2.8338546752929688,0.3442535400390625,0.30683135986328125,9.93316650390625,2.8427047729492188,2.8305587768554688,0.309478759765625,0,58009.73663330078,41678.195739746094,0,34088599552,2147483648,8481837056,0
200,1787753170364,3500,3500,3500,3500,3500,3500,3500,3500,3500,3500,3500,3500,3500,3500,3500,3500,3500,3500,3500,3500,3.3688888549804688,0.2615814208984375,37.568641662597656,0.2327728271484375,2.8900604248046875,0.27152252197265625,0.300079345703125,0.28894805908203125,0.39374542236328125,2.8989410400390625,0.5041961669921875,0.360198974609375,0.378570556640625,0.282501220703125,0.32125091552734375,0.3046722412109375,64.00865173339844,0.22658538818359375,0.303924560546875,0.33063507080078125,0,58017.89196777344,41684.232849121094,0,34088599552,2147483648,8481837056,0
200,1787753170564,3500,3500,3500,3500,3500,3500,3500,3500,3500,3500,3500,3500,3500,3500,3500,3500,3500,3500,3500,3500,7.595985412597656,0.24692535400390625,72.83877563476563,0.13358306884765625,0.2412261962890625,0.2297821044921875,0.1761627197265625,2.7909774780273438,2.7236099243164063,0.21878814697265625,2.8415069580078125,0.237030029296875,32.292510986328125,0.18970489501953125,0.9469680786132813,0.21623992919921875,0.25531768798828125,0.23802947998046875,0.250518798828125,0.2953033447265625,0,58027.436462402344,41691.633361816406,0,34088599552,2147483648,8482025472,0
200,1787753170764,3500,3500,3500,3500,3500,3500,3500,3500,3500,3500,3500,3500,3500,3500,3500,3500,3500,3500,3500,3500,9.712234497070313,0.25445556640625,35.958587646484375,0.22304534912109375,0.35109710693359375,2.8517608642578125,0.35384368896484375,0.3250274658203125,0.41237640380859375,0.4297027587890625,0.5760879516601563,2.875030517578125,28.02814483642578,0.2549591064453125,33.86030578613281,2.8139495849609375,0.3131866455078125,0.340606689453125,0.34749603271484375,2.8896636962890625,0,58036.72119140625,41698.80432128906,0,34088599552,2147483648,8482156544,0
200,1787753170965,3500,3500,3500,3500,3500,3500,3500,3500,3500,3500,3500,3500,3500,3500,3500,3500,3500,3500,3500,3500,17.22565460205078,2.7279891967773438,35.13904571533203,0.19382476806640625,0.2501678466796875,0.23421478271484375,2.7804489135742188,0.322021484375,0.267425537109375,0.2924041748046875,0.34511566162109375,0.30995941162109375,53.75871276855469,0.2082366943359375,0.28203582763671875,0.317291259765625,0.30980682373046875,0.266326904296875,0.29395294189453125,0.294647216796875,0,58045.41387939453,41705.378356933594,0,34088599552,2147483648,8482160640,0
200,1787753171165,3500,3500,3500,3500,3500,3500,3500,3500,3500,3500,3500,3500,3500,3500,3500,3500,3500,3500,3500,3500,10.490394592285156,0.22564697265625,3.750335693359375,2.7833404541015625,0.35552215576171875,0.2816162109375,0.2420196533203125,0.30898284912109375,0.2964019775390625,0.17476654052734375,0.3000946044921875,0.310882568359375,44.616390228271484,2.742401123046875,48.2191276550293,0.22594451904296875,2.804962158203125,2.806610107421875,2.8038177490234375,0.30258941650390625,0,58054.78955078125,41712.626037597656,0,34088599552,2147483648,8482160640,0
200,1787753171365,3500,3500,3500,3500,3500,3500,3500,3500,3500,3500,3500,3500,3500,3500,3500,3500,3500,3500,3500,3500,8.960807800292969,0.19953155517578125,60.1505012512207,0.10059356689453125,2.8073883056640625,0.29217529296875,0.21662139892578125,0.195281982421875,0.21627044677734375,2.7299346923828125,0.49066162109375,0.158355712890625,28.91291046142578,0.128173828125,15.634811401367188,0.21112823486328125,0.203277587890625,0.221466064453125,0.217071533203125,0.20233154296875,0,58064.103942871094,41719.794006347656,0,34088599552,2147483648,8482488320,0
200,1787753171566,3500,3500,3500,3500,3500,3500,3500,3500,3500,3500,3500,3500,3500,3500,3500,3500,3500,3500,3500,3500,2.3250198364257813,0.32523345947265625,100,0.26459503173828125,0.386871337890625,0.4356536865234375,0.4778594970703125,2.914093017578125,2.8938140869140625,0.4380950927734375,3.0417556762695313,0.38901519775390625,3.091033935546875,0.333953857421875,0.3555755615234375,0.37127685546875,0.369781494140625,0.367584228515625,0.34960174560546875,0.37097930908203125,0,58074.25744628906,41727.83233642578,0,34088599552,2147483648,8482484224,0
200,1787753171766,3500,3500,3500,3500,3500,3500,3500,3500,3500,3500,3500,3500,3500,3500,3500,3500,3500,3500,3500,3500,10.040153503417969,0.27103424072265625,62.619510650634766,0.22745513916015625,0.25617218017578125,2.79779052734375,0.38047027587890625,0.3648681640625,0.34816741943359375,0.265899658203125,0.302093505859375,2.789459228515625,0.45665740966796875,0.325775146484375,33.705482482910156,2.781585693359375,0.34671783447265625,0.27437591552734375,0.31705474853515625,2.8212738037109375,0,58082.606994628906,41734.06396484375,0,34088599552,2147483648,8482615296,0
200,1787753171967,3500,3500,3500,3500,3500,3500,3500,3500,3500,3500,3500,3500,3500,3500,3500,3500,3500,3500,3500,3500,16.46112060546875,2.6976394653320313,68.2684326171875,0.14311981201171875,0.20458221435546875,0.20513153076171875,2.8146743774414063,0.21947479248046875,0.2421112060546875,0.274993896484375,0.32781982421875,0.2108306884765625,10.956405639648438,0.2547607421875,29.045120239257813,0.22832489013671875,0.40991973876953125,0.3668975830078125,0.25905609130859375,0.24925994873046875,0,58092.10186767578,41741.41455078125,0,34088599552,2147483648,8483065856,0
200,1787753172167,3500,3500,3500,3500,3500,3500,3500,3500,3500,3500,3500,3500,3500,3500,3500,3500,3500,3500,3500,3500,9.741729736328125,0.25850677490234375,21.400283813476563,2.8199691772460938,0.26769256591796875,0.27487945556640625,0.29370880126953125,0.31522369384765625,0.30768585205078125,0.29650115966796875,0.29705047607421875,0.2606964111328125,74.816650390625,2.709716796875,0.3924713134765625,0.30179595947265625,2.8682479858398438,2.8527679443359375,2.8313522338867188,0.3279571533203125,0,58100.64581298828,41747.8232421875,0,34088599552,2147483648,8483139584,0
200,1787753172367,3500,3500,3500,3500,3500,3500,3500,3500,3500,3500,3500,3500,3500,3500,3500,3500,3500,3500,3500,3500,12.845085144042969,0.27936553955078125,36.676902770996094,0.17543792724609375,2.846038818359375,0.2690887451171875,0.28290557861328125,0.29596710205078125,0.3043975830078125,2.7696380615234375,0.4848175048828125,0.24016571044921875,60.294891357421875,0.17842864990234375,0.2799072265625,0.31432342529296875,0.3931121826171875,0.40528106689453125,0.30035400390625,0.2873382568359375,0,58110.50946044922,41755.901916503906,0,34088599552,2147483648,8483336192,0
200,1787753172568,3500,3500,3500,3500,3500,3500,3500,3500,3500,3500,3500,3500,3500,3500,3500,3500,3500,3500,3500,3500,10.30560302734375,0.21549224853515625,79.02950286865234,0.11901092529296875,0.29278564453125,0.243072509765625,0.3385467529296875,2.7898941040039063,2.8282623291015625,0.208343505859375,2.8348617553710938,0.22283935546875,16.650680541992188,0.31756591796875,0.2863922119140625,0.27020263671875,0.24861907958984375,0.2733001708984375,0.273895263671875,0.2525177001953125,0,58121.03479003906,41764.03308105469,0,34088599552,2147483648,8483192832,0
200,1787753172768,3500,3500,3500,3500,3500,3500,3500,3500,3500,3500,3500,3500,3500,3500,3500,3500,3500,3500,3500,3500,4.584342956542969,0.3101806640625,82.11964416503906,0.17876434326171875,0.48270416259765625,2.8591156005859375,0.3618316650390625,0.3404541015625,0.3189239501953125,0.4139251708984375,0.3554840087890625,2.827301025390625,17.04161834716797,0.38950347900390625,6.1855010986328125,0.3397979736328125,0.31777191162109375,0.3395538330078125,0.32122039794921875,2.8378372192382813,0,58130.12048339844,41771.33477783203,0,34088599552,2147483648,8484634624,0
200,1787753172968,3500,3500,3500,3500,3500,3500,3500,3500,3500,3500,3500,3500,3500,3500,3500,3500,3500,3500,3500,3500,3.1916656494140625,2.884674072265625,27.27666473388672,0.31053924560546875,0.5485076904296875,0.46150970458984375,3.094482421875,0.47763824462890625,0.4623565673828125,0.554901123046875,0.5660858154296875,0.45951080322265625,75.57999420166016,0.2778778076171875,0.41921234130859375,2.8915176391601563,0.3756103515625,0.4028778076171875,0.376556396484375,0.38759613037109375,0,58137.82861328125,41776.81115722656,0,34088599552,2147483648,8484634624,0
200,1787753173168,3500,3500,3500,3500,3500,3500,3500,3500,3500,3500,3500,3500,3500,3500,3500,3500,3500,3500,3500,3500,18.9747314453125,0.22948455810546875,56.22207260131836,0.169830322265625,0.44775390625,0.46795654296875,0.48371124267578125,0.3499908447265625,0.37084197998046875,0.4093475341796875,0.4613189697265625,0.34819793701171875,21.398239135742188,2.7596359252929688,9.036346435546875,0.26031494140625,2.7913055419921875,2.7950973510742188,2.8101119995117188,0.28176116943359375,0,58148.449951171875,41785.02032470703,0,34088599552,2147483648,8484597760,0
200,1787753173369,3500,3500,3500,3500,3500,3500,3500,3500,3500,3500,3500,3500,3500,3500,3500,3500,3500,3500,3500,3500,17.226341247558594,0.657440185546875,1.6726455688476563,3.5739822387695313,2.8515548706054688,0.32057952880859375,0.265777587890625,0.24676513671875,0.32787322998046875,2.8660354614257813,0.34413909912109375,0.48059844970703125,88.39127349853516,0.1341094970703125,0.6531982421875,0.34009552001953125,0.2816009521484375,0.2655792236328125,0.2746124267578125,0.2735137939453125,0,58158.94757080078,41793.401611328125,0,34088599552,2147483648,8484859904,0
200,1787753173569,3500,3500,3500,3500,3500,3500,3500,3500,3500,3500,3500,3500,3500,3500,3500,3500,3500,3500,3500,3500,4.0180816650390625,1.1603012084960938,0.19348907470703125,12.25238037109375,0.3150634765625,0.24279022216796875,0.29578399658203125,2.7903518676757813,2.940338134765625,0.40766143798828125,3.00537109375,0.38153839111328125,18.57508087158203,0.3613128662109375,2.684417724609375,0.34442901611328125,22.562896728515625,0.2998809814453125,54.14768981933594,0.21142578125,0,58168.17150878906,41800.49786376953,0,34088599552,2147483648,8486027264,0
200,1787753173769,3500,3500,3500,3500,3500,3500,3500,3500,3500,3500,3500,3500,3500,3500,3500,3500,3500,3500,3500,3500,2.6153030395507813,1.3224105834960938,0.164703369140625,49.77644348144531,0.348480224609375,1.1546554565429688,0.35536956787109375,0.2500457763671875,0.2926483154296875,0.30098724365234375,0.27117156982421875,3.3094100952148438,36.75532913208008,0.29604339599609375,18.64044952392578,0.2418060302734375,0.285858154296875,0.2654266357421875,0.2670745849609375,2.818603515625,0,58177.03302001953,41807.220642089844,0,34088599552,2147483648,8486297600,0
199,1787753173970,3500,3500,3500,3500,3500,3500,3500,3500,3500,3500,3500,3500,3500,3500,3500,3500,3500,3500,3500,3500,11.174613952636719,3.8053054809570313,2.6502151489257813,89.64238739013672,0.27318572998046875,1.8139572143554688,2.7562255859375,0.3167877197265625,0.33454132080078125,0.27114105224609375,0.29718017578125,0.23561859130859375,2.1188125610351563,0.36003875732421875,0.384033203125,2.7852630615234375,0.29004669189453125,0.28435516357421875,0.31174468994140625,0.2827606201171875,0,58187.006896972656,41815.07727050781,0,34088599552,2147483648,8486301696,0
200,1787753174170,3500,3500,3500,3500,3500,3500,3500,3500,3500,3500,3500,3500,3500,3500,3500,3500,3500,3500,3500,3500,14.697105407714844,1.0638885498046875,0.2470855712890625,19.71826171875,0.2314910888671875,0.24983978271484375,0.23809051513671875,0.25778961181640625,0.22124481201171875,0.32886505126953125,0.24208831787109375,0.25638580322265625,29.171966552734375,2.7481689453125,48.54840850830078,0.21539306640625,0.25933837890625,2.8061065673828125,2.8154983520507813,0.2715301513671875,0,58195.58953857422,41821.53582763672,0,34088599552,2147483648,8492675072,0
199,1787753174370,3500,3500,3500,3500,3500,3500,3500,3500,3500,3500,3500,3500,3500,3500,3500,3500,3500,3500,3500,3500,13.464439392089844,1.2542266845703125,0.18621826171875,73.21224975585938,2.919342041015625,0.34641265869140625,0.42527008056640625,0.46027374267578125,0.285888671875,2.8276596069335938,0.26116943359375,0.6547317504882813,22.42236328125,0.28594207763671875,0.35540771484375,0.305816650390625,2.8631134033203125,0.3078155517578125,0.32274627685546875,0.31560516357421875,0,58204.66760253906,41828.501403808594,0,34088599552,2147483648,8494456832,0
200,1787753174570,3500,3500,3500,3500,3500,3500,3500,3500,3500,3500,3500,3500,3500,3500,3500,3500,3500,3500,3500,3500,14.872596740722656,1.6110763549804688,0.15848541259765625,77.33232116699219,0.3840484619140625,0.37885284423828125,0.44797515869140625,2.9795455932617188,2.856842041015625,0.24025726318359375,2.785369873046875,0.22591400146484375,13.718887329101563,0.2953338623046875,0.3185272216796875,0.29268646240234375,0.28598785400390625,0.30153656005859375,0.30353546142578125,0.31227874755859375,0,58213.41015625,41835.119567871094,0,34088599552,2147483648,8494297088,0
200,1787753174770,3500,3500,3500,3500,3500,3500,3500,3500,3500,3500,3500,3500,3500,3500,3500,3500,3500,3500,3500,3500,2.5078353881835938,1.6020126342773438,0.18979644775390625,30.609954833984375,0.3708038330078125,0.334381103515625,0.48426055908203125,0.454681396484375,0.2653350830078125,0.32928466796875,0.28826904296875,2.8484115600585938,70.78861999511719,0.16936492919921875,2.8061447143554688,0.30091094970703125,0.29836273193359375,0.2861175537109375,0.2704315185546875,2.8079910278320313,0,58222.90057373047,41842.50134277344,0,34088599552,2147483648,8494776320,0
200,1787753174971,3500,3500,3500,3500,3500,3500,3500,3500,3500,3500,3500,3500,3500,3500,3500,3500,3500,3500,3500,3500,13.809165954589844,3.77630615234375,2.7553253173828125,25.478134155273438,0.24549102783203125,2.8301239013671875,2.8599624633789063,0.296783447265625,0.213653564453125,0.3252716064453125,0.27587890625,0.318939208984375,74.68547821044922,0.19594573974609375,5.638435363769531,2.8681411743164063,3.663543701171875,0.28955078125,0.30401611328125,0.26250457763671875,0,58232.603942871094,41850.04113769531,0,34088599552,2147483648,8498880512,0
200,1787753175171,3500,3500,3500,3500,3500,3500,3500,3500,3500,3500,3500,3500,3500,3500,3500,3500,3500,3500,3500,3500,4.179649353027344,1.881378173828125,0.16173553466796875,74.79953002929688,0.45578765869140625,0.3782958984375,0.49314117431640625,0.4765625,0.2230987548828125,0.2597503662109375,0.2815704345703125,0.27397918701171875,8.624984741210938,1.8809814453125,17.633560180664063,0.3077392578125,0.32730865478515625,2.795501708984375,2.8122329711914063,0.29480743408203125,0,58241.08905029297,41856.39807128906,0,34088599552,2147483648,8498925568,0
200,1787753175371,3500,3500,3500,3500,3500,3500,3500,3500,3500,3500,3500,3500,3500,3500,3500,3500,3500,3500,3500,3500,21.676856994628906,1.1000747680664063,0.16039276123046875,4.4622650146484375,2.8433151245117188,0.2669525146484375,0.3597869873046875,0.35219573974609375,0.16168975830078125,2.7493362426757813,0.19449615478515625,0.5450439453125,55.414283752441406,1.0135345458984375,30.230873107910156,0.228302001953125,2.830780029296875,0.2893218994140625,0.1797637939453125,0.25372314453125,0,58250.58740234375,41863.78533935547,0,34088599552,2147483648,8498999296,0
200,1787753175572,3500,3500,3500,3500,3500,3500,3500,3500,3500,3500,3500,3500,3500,3500,3500,3500,3500,3500,3500,3500,5.228057861328125,1.5989456176757813,0.212738037109375,97.23152923583984,0.5811691284179688,0.5026779174804688,0.566864013671875,3.0335769653320313,2.85479736328125,0.371673583984375,2.8736953735351563,0.41530609130859375,3.4634017944335938,0.35407257080078125,0.474700927734375,0.48477935791015625,0.396209716796875,0.37476348876953125,0.38957977294921875,0.3964080810546875,0,58260.63232421875,41871.720153808594,0,34088599552,2147483648,8498954240,0
199,1787753175772,3500,3500,3500,3500,3500,3500,3500,3500,3500,3500,3500,3500,3500,3500,3500,3500,3500,3500,3500,3500,8.511665344238281,1.7416839599609375,0.21743011474609375,16.92945098876953,0.37530517578125,0.39459228515625,0.4516448974609375,0.42746734619140625,0.32459259033203125,0.28102874755859375,0.29681396484375,2.8909759521484375,34.32813262939453,0.22397613525390625,49.8853645324707,0.2483062744140625,0.25659942626953125,0.2780303955078125,0.27193450927734375,0.251800537109375,0,58270.140625,41879.104553222656,0,34088599552,2147483648,8500060160,0
200,1787753175972,3500,3500,3500,3500,3500,3500,3500,3500,3500,3500,3500,3500,3500,3500,3500,3500,3500,3500,3500,3500,2.1151046752929688,4.205810546875,2.6958770751953125,92.28291320800781,0.314300537109375,2.8727188110351563,2.8884658813476563,0.2963104248046875,0.23513031005859375,0.33754730224609375,0.36598968505859375,0.37198638916015625,8.505744934082031,0.3175506591796875,0.37303924560546875,2.8438262939453125,0.33480072021484375,0.31525421142578125,0.35533905029296875,2.8196334838867188,0,58277.64172363281,41884.492614746094,0,34088599552,2147483648,8500039680,0
200,1787753176172,3500,3500,3500,3500,3500,3500,3500,3500,3500,3500,3500,3500,3500,3500,3500,3500,3500,3500,3500,3500,17.464462280273438,1.7747116088867188,0.127349853515625,74.96014404296875,0.217193603515625,0.33145904541015625,0.255096435546875,0.242767333984375,0.28646087646484375,0.2978973388671875,0.2647857666015625,0.27233123779296875,10.358917236328125,0.26024627685546875,2.40167236328125,0.26798248291015625,0.273681640625,2.3988800048828125,2.79571533203125,0.26079559326171875,0,58288.181579589844,41892.899658203125,0,34088599552,2147483648,8500031488,0
200,1787753176373,3500,3500,3500,3500,3500,3500,3500,3500,3500,3500,3500,3500,3500,3500,3500,3500,3500,3500,3500,3500,14.540283203125,0.8296890258789063,0.22316741943359375,15.2349853515625,2.8596878051757813,0.43540191650390625,0.372772216796875,0.36673736572265625,0.30200958251953125,2.7674179077148438,0.19182586669921875,0.6355133056640625,10.216140747070313,2.7370758056640625,88.05656433105469,0.121612548828125,2.7592849731445313,0.6552734375,0.26029205322265625,0.28509521484375,0,58298.197021484375,41900.756286621094,0,34088599552,2147483648,8500174848,0
200,1787753176573,3500,3500,3500,3500,3500,3500,3500,3500,3500,3500,3500,3500,3500,3500,3500,3500,3500,3500,3500,3500,11.90264892578125,1.4006805419921875,0.210906982421875,70.40286254882813,0.43060302734375,0.441192626953125,0.39957427978515625,2.901641845703125,0.330322265625,0.2919464111328125,2.82159423828125,0.49385833740234375,25.882766723632813,0.3013916015625,1.157501220703125,0.35919952392578125,0.35565185546875,0.35520172119140625,0.34731292724609375,0.3616485595703125,0,58306.52215576172,41906.96545410156,0,34088599552,2147483648,8500174848,0
200,1787753176773,3500,3500,3500,3500,3500,3500,3500,3500,3500,3500,3500,3500,3500,3500,3500,3500,3500,3500,3500,3500,2.3249130249023438,1.6442947387695313,0.19303131103515625,39.461769104003906,0.2886505126953125,0.15191650390625,0.300445556640625,0.2408905029296875,2.85015869140625,0.2698211669921875,0.244140625,2.8001022338867188,17.3597412109375,0.2667694091796875,44.84496307373047,0.214813232421875,0.2751617431640625,0.286102294921875,0.2572784423828125,0.30858612060546875,0,58315.192138671875,41913.520446777344,0,34088599552,2147483648,8500310016,0
200,1787753176973,3500,3500,3500,3500,3500,3500,3500,3500,3500,3500,3500,3500,3500,3500,3500,3500,3500,3500,3500,3500,1.3954925537109375,4.068931579589844,2.7563629150390625,4.9803924560546875,0.27286529541015625,2.8292007446289063,2.7822418212890625,0.2706146240234375,0.2897491455078125,0.29888916015625,0.32811737060546875,0.26027679443359375,93.71034240722656,0.14981842041015625,5.355766296386719,2.8435897827148438,0.3143310546875,0.31227874755859375,0.334259033203125,2.897491455078125,0,58324.31915283203,41920.53625488281,0,34088599552,2147483648,8500310016,0
200,1787753177173,3500,3500,3500,3500,3500,3500,3500,3500,3500,3500,3500,3500,3500,3500,3500,3500,3500,3500,3500,3500,12.848114013671875,1.425689697265625,0.13771820068359375,60.07169723510742,0.23986053466796875,0.2230224609375,0.19023895263671875,0.31652069091796875,0.21187591552734375,0.19019317626953125,0.22837066650390625,0.2750396728515625,35.11854553222656,0.20977783203125,0.2986297607421875,0.2642974853515625,0.2593536376953125,0.28983306884765625,2.8871536254882813,0.36254119873046875,0,58334.4169921875,41928.502197265625,0,34088599552,2147483648,8500310016,0
199,1787753177373,3500,3500,3500,3500,3500,3500,3500,3500,3500,3500,3500,3500,3500,3500,3500,3500,3500,3500,3500,3500,24.450180053710938,1.2176666259765625,0.14923858642578125,63.6326904296875,2.87249755859375,0.34558868408203125,0.38001251220703125,0.428070068359375,0.3023223876953125,2.8233413696289063,0.2619476318359375,3.325653076171875,22.142852783203125,2.7725296020507813,0.47219085693359375,0.39099884033203125,2.8287811279296875,2.829132080078125,0.323150634765625,0.3701629638671875,0,58344.02557373047,41935.983459472656,0,34088599552,2147483648,8500621312,0
200,1787753177573,3500,3500,3500,3500,3500,3500,3500,3500,3500,3500,3500,3500,3500,3500,3500,3500,3500,3500,3500,3500,21.17548370361328,1.312713623046875,0.24051666259765625,1.0533523559570313,0.2585601806640625,0.24581146240234375,0.28430938720703125,2.8250503540039063,0.23761749267578125,0.28211212158203125,0.317657470703125,0.29496002197265625,44.50385665893555,0.22716522216796875,38.97474670410156,0.28990936279296875,0.2997589111328125,0.3311004638671875,0.3846435546875,0.400543212890625,0,58352.96014404297,41942.799072265625,0,34088599552,2147483648,8500617216,0
200,1787753177774,3500,3500,3500,3500,3500,3500,3500,3500,3500,3500,3500,3500,3500,3500,3500,3500,3500,3500,3500,3500,11.482963562011719,1.30975341796875,0.11376953125,37.712772369384766,0.1681365966796875,0.08538818359375,0.15392303466796875,0.1910858154296875,2.6385574340820313,0.17208099365234375,2.694122314453125,3.080078125,41.04035186767578,0.07341766357421875,16.113357543945313,0.16185760498046875,0.23712158203125,0.1621551513671875,0.232330322265625,0.2590179443359375,0,58362.58776855469,41950.26007080078,0,34088599552,2147483648,8500744192,0
200,1787753177974,3500,3500,3500,3500,3500,3500,3500,3500,3500,3500,3500,3500,3500,3500,3500,3500,3500,3500,3500,3500,30.46869659423828,4.0789794921875,3.141510009765625,36.52198028564453,0.6910247802734375,3.2583770751953125,3.2079238891601563,0.6844940185546875,0.6960067749023438,0.7399826049804688,0.6765670776367188,0.6262588500976563,48.31873321533203,0.6440582275390625,7.7472381591796875,3.2459182739257813,2.8816604614257813,0.685791015625,0.7325057983398438,3.2014389038085938,0,58371.19012451172,41956.753356933594,0,34088599552,2147483648,8501161984,0
200,1787753178175,3500,3500,3500,3500,3500,3500,3500,3500,3500,3500,3500,3500,3500,3500,3500,3500,3500,3500,3500,3500,13.061721801757813,1.6855621337890625,0.26369476318359375,21.5093994140625,0.129302978515625,0.20261383056640625,0.21343994140625,0.30835723876953125,0.20166015625,0.21907806396484375,0.230804443359375,0.28021240234375,70.18993377685547,0.124664306640625,0.31220245361328125,0.2808074951171875,0.24687957763671875,0.2657928466796875,2.7756729125976563,0.22566986083984375,0,58380.164001464844,41963.60827636719,0,34088599552,2147483648,8501235712,0
200,1787753178375,3500,3500,3500,3500,3500,3500,3500,3500,3500,3500,3500,3500,3500,3500,3500,3500,3500,3500,3500,3500,9.760459899902344,1.3211288452148438,0.1943511962890625,76.0517349243164,2.9428939819335938,0.34743499755859375,0.42986297607421875,0.3394012451171875,0.359161376953125,2.8027801513671875,0.34653472900390625,1.9191970825195313,23.78589630126953,2.8636550903320313,0.4498748779296875,0.3661956787109375,2.8504867553710938,2.8692474365234375,0.338104248046875,0.36071014404296875,0,58389.432189941406,41970.747314453125,0,34088599552,2147483648,8501985280,0
200,1787753178576,3500,3500,3500,3500,3500,3500,3500,3500,3500,3500,3500,3500,3500,3500,3500,3500,3500,3500,3500,3500,4.3182525634765625,1.0917129516601563,0.1518096923828125,79.58012390136719,0.47623443603515625,0.36224365234375,0.4809722900390625,2.9181289672851563,0.330108642578125,0.29668426513671875,0.2717437744140625,0.38498687744140625,25.010414123535156,0.25183868408203125,0.6042022705078125,0.2559814453125,0.2869110107421875,0.31903839111328125,0.30756378173828125,0.31494903564453125,0,58399.54455566406,41978.72314453125,0,34088599552,2147483648,8502198272,0
200,1787753178776,3500,3500,3500,3500,3500,3500,3500,3500,3500,3500,3500,3500,3500,3500,3500,3500,3500,3500,3500,3500,18.980880737304688,1.4922561645507813,0.137115478515625,68.33731079101563,0.4934234619140625,0.39061737060546875,0.50860595703125,0.43131256103515625,2.8045654296875,0.28151702880859375,2.7934799194335938,2.8611831665039063,16.943069458007813,0.26064300537109375,0.31346893310546875,0.28885650634765625,0.32470703125,0.32021331787109375,0.29315185546875,0.31197357177734375,0,58407.27178955078,41984.34014892578,0,34088599552,2147483648,8502382592,0
200,1787753178976,3500,3500,3500,3500,3500,3500,3500,3500,3500,3500,3500,3500,3500,3500,3500,3500,3500,3500,3500,3500,23.548805236816406,3.9208831787109375,2.78857421875,1.293670654296875,0.38919830322265625,2.8309478759765625,0.4485931396484375,0.347869873046875,0.303802490234375,0.209320068359375,0.23272705078125,0.34462738037109375,69.85992431640625,0.1714935302734375,10.791694641113281,2.860992431640625,0.34862518310546875,0.37607574462890625,0.311737060546875,2.7875747680664063,0,58416.761169433594,41991.704345703125,0,34088599552,2147483648,8502382592,0
200,1787753179177,3500,3500,3500,3500,3500,3500,3500,3500,3500,3500,3500,3500,3500,3500,3500,3500,3500,3500,3500,3500,4.095863342285156,1.8305816650390625,0.15892791748046875,61.14976119995117,0.23075103759765625,0.26259613037109375,2.6750717163085938,0.23274993896484375,0.25141143798828125,0.2472686767578125,0.2678375244140625,0.332122802734375,31.16064453125,0.22895050048828125,8.068038940429688,0.32818603515625,0.39347076416015625,0.39361572265625,2.8074417114257813,0.3000335693359375,0,58425.736877441406,41998.562561035156,0,34088599552,2147483648,8502382592,0
199,1787753179377,3500,3500,3500,3500,3500,3500,3500,3500,3500,3500,3500,3500,3500,3500,3500,3500,3500,3500,3500,3500,30.892013549804688,1.2012100219726563,0.1692352294921875,35.25439453125,2.783966064453125,0.30092620849609375,0.35274505615234375,0.3072662353515625,0.25464630126953125,2.7335968017578125,0.34685516357421875,0.20981597900390625,1.76422119140625,2.7759323120117188,46.56153869628906,0.2010345458984375,2.8186111450195313,2.78851318359375,0.261688232421875,0.27152252197265625,0,58436.223693847656,42006.914001464844,0,34088599552,2147483648,8503357440,0
200,1787753179577,3500,3500,3500,3500,3500,3500,3500,3500,3500,3500,3500,3500,3500,3500,3500,3500,3500,3500,3500,3500,5.436180114746094,1.182952880859375,0.1889801025390625,56.24699783325195,0.46245574951171875,0.43093109130859375,0.5411605834960938,3.0439834594726563,0.30645751953125,0.3404388427734375,0.26692962646484375,0.5286178588867188,19.21197509765625,0.32489776611328125,31.617530822753906,0.40899658203125,0.33144378662109375,0.31349945068359375,0.32544708251953125,0.35237884521484375,0,58446.891540527344,42015.45690917969,0,34088599552,2147483648,8503873536,0
200,1787753179777,3500,3500,3500,3500,3500,3500,3500,3500,3500,3500,3500,3500,3500,3500,3500,3500,3500,3500,3500,3500,29.42790985107422,1.616180419921875,0.20149993896484375,30.5858154296875,0.48895263671875,0.407684326171875,0.5071182250976563,0.39801025390625,2.8548049926757813,0.24465179443359375,2.8244247436523438,3.1454086303710938,43.56291198730469,0.20983123779296875,0.5072174072265625,0.4793243408203125,0.28795623779296875,0.33759307861328125,0.3291168212890625,0.3361968994140625,0,58455.99816894531,42022.69921875,0,34088599552,2147483648,8504008704,0
199,1787753179978,3500,3500,3500,3500,3500,3500,3500,3500,3500,3500,3500,3500,3500,3500,3500,3500,3500,3500,3500,3500,6.132194519042969,3.7893600463867188,2.66094970703125,69.9854965209961,0.37482452392578125,2.7588348388671875,0.2616119384765625,0.28153228759765625,0.27494049072265625,0.247039794921875,0.26171112060546875,0.2133941650390625,30.079391479492188,0.22472381591796875,3.9316253662109375,2.776458740234375,0.400726318359375,0.348663330078125,0.2410430908203125,2.7878341674804688,0,58464.72961425781,42029.349182128906,0,34088599552,2147483648,8504762368,0
200,1787753180178,3500,3500,3500,3500,3500,3500,3500,3500,3500,3500,3500,3500,3500,3500,3500,3500,3500,3500,3500,3500,13.494918823242188,1.3523788452148438,0.19701385498046875,56.69073486328125,0.33135986328125,0.28713226318359375,2.814666748046875,0.3154144287109375,0.26793670654296875,0.33960723876953125,0.27718353271484375,0.26723480224609375,22.247833251953125,0.32720947265625,13.957870483398438,0.2780303955078125,0.4393157958984375,0.42636871337890625,2.8615951538085938,0.2948760986328125,0,58473.883239746094,42036.11779785156,0,34088599552,2147483648,8506159104,0
200,1787753180378,3500,3500,3500,3500,3500,3500,3500,3500,3500,3500,3500,3500,3500,3500,3500,3500,3500,3500,3500,3500,11.886878967285156,1.282379150390625,0.14203643798828125,64.20362854003906,2.8029556274414063,0.2788238525390625,0.26523590087890625,0.30621337890625,0.296417236328125,2.8060073852539063,0.2417449951171875,0.27182769775390625,31.91649627685547,2.730987548828125,0.423309326171875,0.33370208740234375,2.8364410400390625,2.868377685546875,0.2973175048828125,0.27558135986328125,0,58482.57775878906,42042.85107421875,0,34088599552,2147483648,8506204160,0
200,1787753180578,3500,3500,3500,3500,3500,3500,3500,3500,3500,3500,3500,3500,3500,3500,3500,3500,3500,3500,3500,3500,5.277626037597656,1.1607513427734375,0.11263275146484375,100,0.2339630126953125,0.213470458984375,0.28143310546875,2.815460205078125,0.45807647705078125,0.33570098876953125,0.32285308837890625,0.6651992797851563,3.8170547485351563,0.24370574951171875,0.3985137939453125,0.382171630859375,0.28157806396484375,0.3025665283203125,0.2843780517578125,0.2900238037109375,0,58491.640075683594,42049.60107421875,0,34088599552,2147483648,8507854848,0
200,1787753180779,3500,3500,3500,3500,3500,3500,3500,3500,3500,3500,3500,3500,3500,3500,3500,3500,3500,3500,3500,3500,14.693206787109375,1.2870101928710938,0.25466156005859375,43.46052932739258,0.228912353515625,0.28025054931640625,0.27666473388671875,0.23435211181640625,2.8185577392578125,0.2777099609375,2.8043899536132813,0.26598358154296875,25.69226837158203,0.20496368408203125,23.599014282226563,0.3121337890625,0.29077911376953125,0.28794097900390625,0.3123321533203125,0.28299713134765625,0,58499.69122314453,42055.51416015625,0,34088599552,2147483648,8511954944,0
200,1787753180979,3500,3500,3500,3500,3500,3500,3500,3500,3500,3500,3500,3500,3500,3500,3500,3500,3500,3500,3500,3500,17.263023376464844,3.8635482788085938,2.7153244018554688,55.1250114440918,0.31285858154296875,2.83978271484375,0.25125885009765625,0.2938232421875,0.33489227294921875,0.28913116455078125,0.3224029541015625,2.814849853515625,30.468788146972656,0.26999664306640625,2.9241180419921875,2.9140243530273438,0.3391876220703125,0.3127593994140625,0.31391143798828125,2.8391342163085938,0,58509.862548828125,42063.56115722656,0,34088599552,2147483648,8512163840,0
200,1787753181179,3500,3500,3500,3500,3500,3500,3500,3500,3500,3500,3500,3500,3500,3500,3500,3500,3500,3500,3500,3500,20.623313903808594,0.6644821166992188,0.18372344970703125,39.771968841552734,3.8980636596679688,0.25567626953125,2.78790283203125,0.29479217529296875,0.254974365234375,0.22034454345703125,0.23212432861328125,6.6843109130859375,56.95173645019531,0.1768341064453125,45.585880279541016,0.2401580810546875,38.20210647583008,0.24694061279296875,12.271842956542969,0.22643280029296875,0,58524.739685058594,42076.24530029297,0,34088599552,2147483648,8532533248,0
200,1787753181379,3500,3500,3500,3500,3500,3500,3500,3500,3500,3500,3500,3500,3500,3500,3500,3500,3500,3500,3500,3500,51.60565185546875,0.24097442626953125,0.1454925537109375,79.82106018066406,3.1426544189453125,0.33145904541015625,0.32166290283203125,0.22933197021484375,0.708831787109375,2.8048477172851563,0.2347259521484375,2.1505279541015625,85.054931640625,2.6914291381835938,54.174320220947266,0.1988067626953125,40.613040924072266,2.8135910034179688,33.60472106933594,0.2039031982421875,0,58539.45928955078,42088.755859375,0,34088599552,2147483648,8551022592,0
199,1787753181580,3500,3500,3500,3500,3500,3500,3500,3500,3500,3500,3500,3500,3500,3500,3500,3500,3500,3500,3500,3500,52.367042541503906,0.28847503662109375,0.27349090576171875,35.28044891357422,5.077690124511719,0.295013427734375,0.3248291015625,2.8536300659179688,2.7986068725585938,0.2580108642578125,0.33956146240234375,37.62968826293945,71.0223388671875,0.24637603759765625,50.79753494262695,0.27458953857421875,33.74589538574219,0.3056488037109375,13.177787780761719,0.36138153076171875,0,58552.307373046875,42099.35272216797,0,34088599552,2147483648,8562008064,0
200,1787753181780,3500,3500,3500,3500,3500,3500,3500,3500,3500,3500,3500,3500,3500,3500,3500,3500,3500,3500,3500,3500,18.59937286376953,0.521148681640625,0.34070587158203125,39.655399322509766,68.36959838867188,0.4624481201171875,0.270660400390625,0.2850494384765625,3.139007568359375,0.31902313232421875,2.8741912841796875,3.3720550537109375,53.04331970214844,0.23714447021484375,10.415611267089844,0.4142913818359375,1.0475845336914063,0.39190673828125,7.6728057861328125,0.4661407470703125,0,58561.69354248047,42106.61340332031,0,34088599552,2147483648,8526458880,0
200,1787753181980,3500,3500,3500,3500,3500,3500,3500,3500,3500,3500,3500,3500,3500,3500,3500,3500,3500,3500,3500,3500,16.978248596191406,4.165496826171875,0.14797210693359375,85.3719711303711,0.328948974609375,2.843170166015625,0.29848480224609375,0.283905029296875,0.3147125244140625,0.254638671875,0.36944580078125,2.8630905151367188,0.500885009765625,0.30248260498046875,2.8999481201171875,2.9246673583984375,0.3095245361328125,0.30982208251953125,0.40650177001953125,2.9448394775390625,0,58572.04406738281,42114.84686279297,0,34088599552,2147483648,8526458880,0
200,1787753182180,3500,3500,3500,3500,3500,3500,3500,3500,3500,3500,3500,3500,3500,3500,3500,3500,3500,3500,3500,3500,17.073760986328125,1.8708724975585938,2.6591110229492188,85.3245620727539,0.23020172119140625,0.21857452392578125,2.779449462890625,0.265625,0.23947906494140625,0.2608795166015625,0.2791900634765625,0.264923095703125,2.2496490478515625,0.237579345703125,3.9354782104492188,0.3514862060546875,0.2508544921875,0.25334930419921875,0.3594207763671875,0.37802886962890625,0,58581.38641357422,42122.037109375,0,34088599552,2147483648,8526077952,0
200,1787753182381,3500,3500,3500,3500,3500,3500,3500,3500,3500,3500,3500,3500,3500,3500,3500,3500,3500,3500,3500,3500,20.925796508789063,1.0769729614257813,0.17821502685546875,36.940067291259766,2.7794952392578125,0.2522430419921875,0.259735107421875,0.24935150146484375,0.32308197021484375,2.6940765380859375,0.26152801513671875,0.2706146240234375,3.3634033203125,2.802703857421875,28.156051635742188,0.25374603271484375,25.703933715820313,2.7755508422851563,2.90728759765625,0.37989044189453125,0,58589.57604980469,42128.097229003906,0,34088599552,2147483648,8526061568,0
200,1787753182581,3500,3500,3500,3500,3500,3500,3500,3500,3500,3500,3500,3500,3500,3500,3500,3500,3500,3500,3500,3500,3.7420730590820313,1.4943161010742188,0.17333984375,84.49925994873047,0.27573394775390625,0.29648590087890625,0.29868316650390625,2.8486709594726563,0.31420135498046875,0.393890380859375,0.366241455078125,0.5294570922851563,16.721717834472656,0.27039337158203125,0.34578704833984375,0.318939208984375,0.337554931640625,0.33007049560546875,0.32358551025390625,0.3623046875,0,58598.20928955078,42134.603088378906,0,34088599552,2147483648,8525012992,0
200,1787753182782,3500,3500,3500,3500,3500,3500,3500,3500,3500,3500,3500,3500,3500,3500,3500,3500,3500,3500,3500,3500,2.8793258666992188,1.7654266357421875,0.2340087890625,57.86932373046875,0.3447265625,0.27497100830078125,0.3704681396484375,0.26165008544921875,2.783477783203125,0.2774658203125,2.7945022583007813,0.3427734375,45.76485824584961,0.24053955078125,0.34172821044921875,0.29418182373046875,0.278564453125,0.33579254150390625,0.3103485107421875,0.317626953125,0,58607.39031982422,42141.659240722656,0,34088599552,2147483648,8524951552,0
200,1787753182982,3500,3500,3500,3500,3500,3500,3500,3500,3500,3500,3500,3500,3500,3500,3500,3500,3500,3500,3500,3500,26.352256774902344,3.6079025268554688,0.12841796875,47.133872985839844,0.34532928466796875,2.789215087890625,0.35052490234375,0.3577117919921875,0.215118408203125,0.26627349853515625,0.2310333251953125,2.7289199829101563,32.91693115234375,0.27106475830078125,2.8252029418945313,2.7646102905273438,0.30919647216796875,0.3556671142578125,0.2673187255859375,2.7609176635742188,0,58616.22668457031,42148.366760253906,0,34088599552,2147483648,8524955648,0
200,1787753183182,3500,3500,3500,3500,3500,3500,3500,3500,3500,3500,3500,3500,3500,3500,3500,3500,3500,3500,3500,3500,5.6147308349609375,1.1812744140625,2.6811676025390625,53.91389846801758,0.283538818359375,0.2923736572265625,2.6653976440429688,0.27739715576171875,0.156219482421875,0.29107666015625,0.28842926025390625,0.28204345703125,26.103111267089844,0.24381256103515625,20.70598602294922,0.24700164794921875,0.36559295654296875,0.37627410888671875,0.30010986328125,0.2662200927734375,0,58625.040466308594,42155.04772949219,0,34088599552,2147483648,8524955648,0
199,1787753183383,3500,3500,3500,3500,3500,3500,3500,3500,3500,3500,3500,3500,3500,3500,3500,3500,3500,3500,3500,3500,21.75439453125,1.548828125,0.26902008056640625,7.960258483886719,2.8305206298828125,0.2483673095703125,0.30728912353515625,0.27970123291015625,0.27655792236328125,0.30025482177734375,0.30689239501953125,0.30524444580078125,23.673126220703125,2.8252334594726563,57.55398178100586,0.20201873779296875,2.8473892211914063,2.8944854736328125,2.8593597412109375,0.323455810546875,0,58633.677734375,42161.564697265625,0,34088599552,2147483648,8524955648,0
200,1787753183583,3500,3500,3500,3500,3500,3500,3500,3500,3500,3500,3500,3500,3500,3500,3500,3500,3500,3500,3500,3500,13.605537414550781,1.3312225341796875,0.11676025390625,89.91238403320313,0.3238983154296875,0.19933319091796875,0.27191162109375,2.7979507446289063,0.2116851806640625,2.8668289184570313,0.2562713623046875,1.1470794677734375,1.1311874389648438,0.2784576416015625,0.313201904296875,0.30010223388671875,0.38127899169921875,0.38857269287109375,0.29205322265625,0.25806427001953125,0,58642.72302246094,42168.481872558594,0,34088599552,2147483648,8524955648,0
200,1787753183783,3500,3500,3500,3500,3500,3500,3500,3500,3500,3500,3500,3500,3500,3500,3500,3500,3500,3500,3500,3500,25.204833984375,1.3233718872070313,0.1652374267578125,52.470584869384766,0.21630859375,0.21865081787109375,0.23351287841796875,0.26947021484375,2.764495849609375,0.275360107421875,2.7452392578125,0.6112594604492188,31.82123565673828,0.23610687255859375,0.26468658447265625,0.29680633544921875,0.37944793701171875,0.37870025634765625,0.38149261474609375,0.36373138427734375,0,58651.564697265625,42175.179626464844,0,34088599552,2147483648,8525332480,0
200,1787753183983,3500,3500,3500,3500,3500,3500,3500,3500,3500,3500,3500,3500,3500,3500,3500,3500,3500,3500,3500,3500,9.726875305175781,4.2519073486328125,0.19034576416015625,62.1155891418457,0.253875732421875,2.90692138671875,0.263214111328125,0.23813629150390625,0.26555633544921875,0.36095428466796875,0.20188140869140625,2.8850479125976563,31.028648376464844,0.24173736572265625,2.9188079833984375,2.8148269653320313,0.3880767822265625,0.39017486572265625,0.33003997802734375,2.8614273071289063,0,58660.33447265625,42181.828125,0,34088599552,2147483648,8525336576,0
200,1787753184184,3500,3500,3500,3500,3500,3500,3500,3500,3500,3500,3500,3500,3500,3500,3500,3500,3500,3500,3500,3500,2.92864990234375,1.5555801391601563,2.8316268920898438,1.6603851318359375,0.4004669189453125,0.472869873046875,3.0162811279296875,0.440460205078125,0.440765380859375,0.38628387451171875,0.5125656127929688,0.40531158447265625,15.9952392578125,0.27024078369140625,85.1747055053711,0.19838714599609375,0.347686767578125,0.37639617919921875,0.31552886962890625,0.3599700927734375,0,58669.33135986328,42188.71142578125,0,34088599552,2147483648,8525320192,0
200,1787753184384,3500,3500,3500,3500,3500,3500,3500,3500,3500,3500,3500,3500,3500,3500,3500,3500,3500,3500,3500,3500,4.579139709472656,1.53070068359375,0.1994476318359375,20.09406280517578,2.9877395629882813,0.47965240478515625,0.48020172119140625,0.4603424072265625,0.5081024169921875,0.34978485107421875,0.49303436279296875,0.37818145751953125,83.8379135131836,2.6770858764648438,0.370849609375,0.26818084716796875,2.8682479858398438,2.8409957885742188,2.7768630981445313,0.29193878173828125,0,58678.833557128906,42196.0947265625,0,34088599552,2147483648,8525389824,0
200,1787753184584,3500,3500,3500,3500,3500,3500,3500,3500,3500,3500,3500,3500,3500,3500,3500,3500,3500,3500,3500,3500,11.069549560546875,1.0882110595703125,0.1862640380859375,43.02174377441406,0.46378326416015625,0.48326873779296875,0.4130859375,0.35254669189453125,0.43216705322265625,2.9076461791992188,0.36533355712890625,0.7525482177734375,14.447677612304688,0.21883392333984375,50.63199234008789,0.2045440673828125,4.3290252685546875,0.2576446533203125,1.4706802368164063,0.3349151611328125,0,58686.71844482422,42201.817138671875,0,34088599552,2147483648,8525717504,0
200,1787753184784,3500,3500,3500,3500,3500,3500,3500,3500,3500,3500,3500,3500,3500,3500,3500,3500,3500,3500,3500,3500,25.434486389160156,1.66021728515625,0.2330169677734375,33.89360046386719,0.481658935546875,0.473968505859375,0.39334869384765625,2.930877685546875,2.9280242919921875,0.28395843505859375,2.884674072265625,0.3201751708984375,46.4688835144043,0.23431396484375,0.28830718994140625,0.3397064208984375,0.28351593017578125,0.35184478759765625,0.38655853271484375,0.3905029296875,0,58694.965393066406,42207.94677734375,0,34088599552,2147483648,8525848576,0
200,1787753184985,3500,3500,3500,3500,3500,3500,3500,3500,3500,3500,3500,3500,3500,3500,3500,3500,3500,3500,3500,3500,9.998619079589844,4.175453186035156,0.199615478515625,65.14305114746094,0.4884185791015625,2.9977493286132813,0.42841339111328125,0.45270538330078125,0.36327362060546875,0.36272430419921875,0.37259674072265625,2.9476242065429688,27.82366180419922,0.26715087890625,2.79229736328125,2.83050537109375,0.4038238525390625,0.41858673095703125,0.30321502685546875,2.8188323974609375,0,58702.8388671875,42213.69970703125,0,34088599552,2147483648,8525848576,0
200,1787753185185,3500,3500,3500,3500,3500,3500,3500,3500,3500,3500,3500,3500,3500,3500,3500,3500,3500,3500,3500,3500,15.571052551269531,1.8665618896484375,2.6143569946289063,51.41977310180664,0.3760223388671875,0.398590087890625,2.9323883056640625,0.35749053955078125,0.32552337646484375,0.40648651123046875,0.3134918212890625,0.42775726318359375,40.39855194091797,0.1746978759765625,0.41507720947265625,0.19931793212890625,0.40508270263671875,0.42281341552734375,0.20107269287109375,0.2370758056640625,0,58711.992736816406,42220.731384277344,0,34088599552,2147483648,8526045184,0
200,1787753185386,3500,3500,3500,3500,3500,3500,3500,3500,3500,3500,3500,3500,3500,3500,3500,3500,3500,3500,3500,3500,4.5168914794921875,1.770599365234375,0.26688385009765625,50.23416519165039,3.0793609619140625,0.5272750854492188,0.5434951782226563,0.49153900146484375,0.5442962646484375,0.5379104614257813,0.45764923095703125,0.53875732421875,29.680397033691406,2.81427001953125,0.5541763305664063,0.35752105712890625,26.384567260742188,2.8616409301757813,2.8791580200195313,0.37354278564453125,0,58720.59649658203,42227.204650878906,0,34088599552,2147483648,8526049280,0
199,1787753185586,3500,3500,3500,3500,3500,3500,3500,3500,3500,3500,3500,3500,3500,3500,3500,3500,3500,3500,3500,3500,13.432563781738281,1.3344345092773438,0.2058563232421875,30.31841278076172,0.38120269775390625,0.2653656005859375,0.30506134033203125,0.203704833984375,0.45420074462890625,2.9750289916992188,0.43407440185546875,0.952178955078125,62.186100006103516,0.2205352783203125,0.3944854736328125,0.37810516357421875,0.27405548095703125,0.294281005859375,0.3021697998046875,0.289031982421875,0,58727.94024658203,42232.424072265625,0,34088599552,2147483648,8524587008,0
200,1787753185786,3500,3500,3500,3500,3500,3500,3500,3500,3500,3500,3500,3500,3500,3500,3500,3500,3500,3500,3500,3500,23.57024383544922,1.663665771484375,0.24977874755859375,24.40149688720703,0.32900238037109375,0.320404052734375,0.2151336669921875,2.8783035278320313,2.9302902221679688,0.40857696533203125,2.954437255859375,0.37519073486328125,42.25431823730469,0.27387237548828125,15.859054565429688,0.3511962890625,0.323455810546875,0.31180572509765625,0.3934326171875,0.404632568359375,0,58735.50537109375,42237.87438964844,0,34088599552,2147483648,8524718080,0
199,1787753185986,3500,3500,3500,3500,3500,3500,3500,3500,3500,3500,3500,3500,3500,3500,3500,3500,3500,3500,3500,3500,30.773330688476563,1.336822509765625,0.14038848876953125,59.39120864868164,0.28990936279296875,2.8279037475585938,0.1851043701171875,0.2374114990234375,0.280029296875,0.1873016357421875,0.2650604248046875,3.2841110229492188,9.651153564453125,0.2180938720703125,10.444328308105469,2.7499465942382813,0.2794342041015625,0.275787353515625,0.34072113037109375,2.8622894287109375,0,58744.85284423828,42245.085021972656,0,34088599552,2147483648,8524980224,0
200,1787753186186,3500,3500,3500,3500,3500,3500,3500,3500,3500,3500,3500,3500,3500,3500,3500,3500,3500,3500,3500,3500,22.942115783691406,4.048797607421875,2.7087936401367188,23.730819702148438,0.4407501220703125,0.3672332763671875,2.9712753295898438,0.43985748291015625,0.31935882568359375,0.26168060302734375,0.32275390625,0.28217315673828125,58.331485748291016,0.22425079345703125,0.43315887451171875,0.29502105712890625,0.3036651611328125,0.294219970703125,0.3873291015625,0.41991424560546875,0,58754.343322753906,42252.44805908203,0,34088599552,2147483648,8524980224,0
200,1787753186387,3500,3500,3500,3500,3500,3500,3500,3500,3500,3500,3500,3500,3500,3500,3500,3500,3500,3500,3500,3500,4.754524230957031,1.3531036376953125,0.18703460693359375,72.26830291748047,1.1182479858398438,0.3996734619140625,0.49286651611328125,0.4870758056640625,0.3082733154296875,0.26255035400390625,0.29749298095703125,0.261505126953125,23.57775115966797,2.83154296875,7.975555419921875,0.3474578857421875,2.8044891357421875,2.8651351928710938,2.8651809692382813,0.3796539306640625,0,58762.66064453125,42259.06188964844,0,34088599552,2147483648,8524980224,0
199,1787753186587,3500,3500,3500,3500,3500,3500,3500,3500,3500,3500,3500,3500,3500,3500,3500,3500,3500,3500,3500,3500,11.332542419433594,0.9873428344726563,0.12703704833984375,55.38695526123047,2.3606414794921875,0.4278564453125,0.44687652587890625,0.41481781005859375,0.2120819091796875,2.7751083374023438,0.2192230224609375,0.48513031005859375,1.7173080444335938,0.21881866455078125,37.9793586730957,0.25482177734375,0.25267791748046875,0.26680755615234375,0.27634429931640625,0.2874298095703125,0,58772.194396972656,42266.487731933594,0,34088599552,2147483648,8524980224,0
200,1787753186787,3500,3500,3500,3500,3500,3500,3500,3500,3500,3500,3500,3500,3500,3500,3500,3500,3500,3500,3500,3500,3.3883743286132813,1.7670669555664063,0.1825408935546875,61.1641731262207,0.34088897705078125,0.30210113525390625,0.3852691650390625,2.9016876220703125,2.77642822265625,0.22087860107421875,2.84381103515625,0.37372589111328125,3.2300796508789063,0.49643707275390625,40.6801643371582,0.2746124267578125,0.3262939453125,0.33478546142578125,0.30590057373046875,0.3408355712890625,0,58780.44445800781,42272.26794433594,0,34088599552,2147483648,8525176832,0
200,1787753186987,3500,3500,3500,3500,3500,3500,3500,3500,3500,3500,3500,3500,3500,3500,3500,3500,3500,3500,3500,3500,24.903732299804688,1.71551513671875,0.1862640380859375,54.88874816894531,0.28934478759765625,2.8099212646484375,0.26320648193359375,0.2570648193359375,0.341400146484375,0.214996337890625,0.26665496826171875,2.8505935668945313,15.954887390136719,0.279998779296875,10.4808349609375,2.7935867309570313,0.35913848876953125,0.38881683349609375,0.29158782958984375,2.8599395751953125,0,58788.17059326172,42278.20666503906,0,34088599552,2147483648,8525164544,0
200,1787753187187,3500,3500,3500,3500,3500,3500,3500,3500,3500,3500,3500,3500,3500,3500,3500,3500,3500,3500,3500,3500,17.455856323242188,3.6897735595703125,2.6678695678710938,56.81659698486328,0.192047119140625,0.23622894287109375,2.8150863647460938,0.23053741455078125,0.27207183837890625,0.22919464111328125,0.25914764404296875,0.36008453369140625,8.6087646484375,0.305572509765625,23.116287231445313,0.204376220703125,0.3731689453125,0.38449859619140625,0.36053466796875,0.3701171875,0,58796.96813964844,42284.45178222656,0,34088599552,2147483648,8525164544,0
199,1787753187388,3500,3500,3500,3500,3500,3500,3500,3500,3500,3500,3500,3500,3500,3500,3500,3500,3500,3500,3500,3500,16.641738891601563,1.1299667358398438,0.1574554443359375,86.86813354492188,0.28530120849609375,0.25569915771484375,0.29798126220703125,0.24910736083984375,0.2561492919921875,0.2806549072265625,0.2850494384765625,3.183135986328125,9.01959228515625,2.7996902465820313,4.831787109375,0.24176788330078125,5.132316589355469,2.8594436645507813,11.865165710449219,0.30826568603515625,0,58806.48645019531,42291.799743652344,0,34088599552,2147483648,8525365248,0
199,1787753187588,3500,3500,3500,3500,3500,3500,3500,3500,3500,3500,3500,3500,3500,3500,3500,3500,3500,3500,3500,3500,5.844207763671875,1.3374862670898438,0.1274261474609375,93.27531433105469,2.8426437377929688,0.24860382080078125,0.225555419921875,0.306793212890625,0.2590484619140625,2.8221511840820313,0.2916412353515625,0.7757492065429688,1.2302627563476563,0.29589080810546875,0.32358551025390625,0.3100433349609375,0.36447906494140625,0.2872467041015625,6.179298400878906,0.28409576416015625,0,58815.821838378906,42299.01788330078,0,34088599552,2147483648,8525352960,0
199,1787753187788,3500,3500,3500,3500,3500,3500,3500,3500,3500,3500,3500,3500,3500,3500,3500,3500,3500,3500,3500,3500,28.024551391601563,1.688720703125,0.19683837890625,74.52424621582031,0.39417266845703125,0.34864044189453125,0.40192413330078125,2.9191818237304688,2.9414749145507813,0.38468170166015625,2.8762969970703125,0.354736328125,3.4077835083007813,0.37277984619140625,0.3382415771484375,0.3470916748046875,0.36843109130859375,0.31725311279296875,0.35134124755859375,0.3539886474609375,0,58825.18029785156,42306.258239746094,0,34088599552,2147483648,8525484032,0
200,1787753187988,3500,3500,3500,3500,3500,3500,3500,3500,3500,3500,3500,3500,3500,3500,3500,3500,3500,3500,3500,3500,27.982688903808594,1.6962356567382813,0.1953582763671875,50.84877014160156,0.46600341796875,2.8671417236328125,0.37906646728515625,0.45090484619140625,0.24344635009765625,0.24530029296875,0.2856903076171875,3.0774459838867188,0.7799835205078125,0.29788970947265625,26.28424835205078,2.7435684204101563,0.266845703125,0.31798553466796875,0.266143798828125,2.845947265625,0,58832.93151855469,42311.90563964844,0,34088599552,2147483648,8525484032,0
200,1787753188188,3500,3500,3500,3500,3500,3500,3500,3500,3500,3500,3500,3500,3500,3500,3500,3500,3500,3500,3500,3500,15.34783935546875,4.020904541015625,2.7416915893554688,64.88711547851563,0.28203582763671875,0.26949310302734375,2.7881546020507813,0.2056884765625,0.23377227783203125,0.29721832275390625,0.234466552734375,0.25470733642578125,21.67212677001953,0.19155120849609375,8.322349548339844,0.21697998046875,0.44855499267578125,0.257049560546875,0.28023529052734375,0.25585174560546875,0,58841.07159423828,42317.88818359375,0,34088599552,2147483648,8526159872,0
199,1787753188389,3500,3500,3500,3500,3500,3500,3500,3500,3500,3500,3500,3500,3500,3500,3500,3500,3500,3500,3500,3500,3.4521255493164063,1.4178848266601563,0.128173828125,86.31488800048828,0.21661376953125,0.2217559814453125,0.251953125,0.2296905517578125,0.259490966796875,0.25389862060546875,0.2686767578125,0.396392822265625,14.690475463867188,2.8202438354492188,0.50634765625,0.324920654296875,2.9030990600585938,2.7994842529296875,2.7752761840820313,0.25035858154296875,0,58849.39196777344,42324.08874511719,0,34088599552,2147483648,8526225408,0
200,1787753188589,3500,3500,3500,3500,3500,3500,3500,3500,3500,3500,3500,3500,3500,3500,3500,3500,3500,3500,3500,3500,8.410675048828125,1.5863037109375,0.33007049560546875,16.683090209960938,2.864166259765625,0.32562255859375,0.38428497314453125,0.44493865966796875,0.41741180419921875,2.8263397216796875,0.30204010009765625,0.6630401611328125,46.90299606323242,0.292694091796875,0.5328292846679688,0.449737548828125,38.0325927734375,0.30419158935546875,0.35400390625,0.385986328125,0,58859.58953857422,42332.15979003906,0,34088599552,2147483648,8526602240,0
200,1787753188789,3500,3500,3500,3500,3500,3500,3500,3500,3500,3500,3500,3500,3500,3500,3500,3500,3500,3500,3500,3500,3.27655029296875,1.5170669555664063,0.11611175537109375,45.328163146972656,0.223480224609375,0.185028076171875,0.1967620849609375,2.6843109130859375,2.7251129150390625,0.09249114990234375,2.65594482421875,0.23197174072265625,2.8482131958007813,0.23541259765625,0.23471832275390625,0.21988677978515625,55.45779037475586,0.1201019287109375,0.2150421142578125,0.20200347900390625,0,58868.210876464844,42338.655700683594,0,34088599552,2147483648,8527417344,0
199,1787753188989,3500,3500,3500,3500,3500,3500,3500,3500,3500,3500,3500,3500,3500,3500,3500,3500,3500,3500,3500,3500,11.206130981445313,1.4992141723632813,0.2041015625,85.19428253173828,0.427978515625,2.9479904174804688,0.42138671875,0.521759033203125,0.3604583740234375,0.28714752197265625,0.3641510009765625,2.8586959838867188,9.59375,0.333740234375,3.1012039184570313,0.35062408447265625,0.36569976806640625,0.39151763916015625,0.373992919921875,2.8661422729492188,0,58877.75811767578,42346.08642578125,0,34088599552,2147483648,8529297408,0
200,1787753189189,3500,3500,3500,3500,3500,3500,3500,3500,3500,3500,3500,3500,3500,3500,3500,3500,3500,3500,3500,3500,3.0026321411132813,4.3237152099609375,2.7191085815429688,54.556827545166016,0.349700927734375,0.406036376953125,2.9339447021484375,0.39849090576171875,0.31121826171875,0.258331298828125,0.31351470947265625,0.38704681396484375,39.33424377441406,0.292572021484375,8.186363220214844,2.7827377319335938,0.283172607421875,0.2899169921875,0.30621337890625,0.285919189453125,0,58886.51867675781,42352.714599609375,0,34088599552,2147483648,8529563648,0
200,1787753189389,3500,3500,3500,3500,3500,3500,3500,3500,3500,3500,3500,3500,3500,3500,3500,3500,3500,3500,3500,3500,5.0483856201171875,1.7106857299804688,0.14566802978515625,96.96126556396484,0.33380889892578125,0.4040985107421875,0.3491363525390625,0.434295654296875,0.30805206298828125,0.32627105712890625,0.27185821533203125,0.34534454345703125,1.1580276489257813,2.8571319580078125,0.29706573486328125,0.34554290771484375,2.8120040893554688,2.8247299194335938,2.842498779296875,0.3063507080078125,0,58896.21142578125,42360.29235839844,0,34088599552,2147483648,8529870848,0
199,1787753189590,3500,3500,3500,3500,3500,3500,3500,3500,3500,3500,3500,3500,3500,3500,3500,3500,3500,3500,3500,3500,12.660987854003906,1.0648880004882813,0.15758514404296875,40.66018295288086,2.8661727905273438,0.419677734375,0.3652496337890625,0.41727447509765625,0.2082672119140625,2.7484283447265625,0.255950927734375,0.5426559448242188,1.6966705322265625,0.22039794921875,7.8748016357421875,0.28046417236328125,51.18904495239258,0.21595001220703125,0.2720794677734375,0.26099395751953125,0,58905.720458984375,42367.669921875,0,34088599552,2147483648,8534405120,0
200,1787753189790,3500,3500,3500,3500,3500,3500,3500,3500,3500,3500,3500,3500,3500,3500,3500,3500,3500,3500,3500,3500,25.197044372558594,1.4171676635742188,0.16544342041015625,61.634376525878906,0.37082672119140625,0.4640960693359375,0.37027740478515625,2.9345550537109375,2.8334884643554688,0.239166259765625,2.8424835205078125,0.3056488037109375,19.65007781982422,0.31189727783203125,0.3992156982421875,0.28620147705078125,0.4280548095703125,0.40041351318359375,0.30739593505859375,0.3029937744140625,0,58913.939514160156,42373.76690673828,0,34088599552,2147483648,8534814720,0
200,1787753189990,3500,3500,3500,3500,3500,3500,3500,3500,3500,3500,3500,3500,3500,3500,3500,3500,3500,3500,3500,3500,25.631149291992188,1.603607177734375,0.1977996826171875,48.13047790527344,0.3808135986328125,0.4981689453125,0.43509674072265625,0.37157440185546875,0.4432373046875,0.3808135986328125,0.3830108642578125,3.349639892578125,29.24150848388672,0.250732421875,2.9319686889648438,0.3578948974609375,0.4169158935546875,0.39385223388671875,0.31020355224609375,2.8255081176757813,0,58922.92156982422,42380.63946533203,0,34088599552,2147483648,8535064576,0
200,1787753190190,3500,3500,3500,3500,3500,3500,3500,3500,3500,3500,3500,3500,3500,3500,3500,3500,3500,3500,3500,3500,3.2065582275390625,4.032562255859375,2.7358779907226563,32.097442626953125,0.46938323974609375,2.957275390625,2.8638153076171875,0.33895111083984375,0.47342681884765625,0.45905303955078125,0.34299468994140625,0.4644927978515625,69.80095672607422,0.14550018310546875,0.35442352294921875,2.8302841186523438,0.41873931884765625,0.36814117431640625,0.27263641357421875,0.26949310302734375,0,58932.282958984375,42387.86340332031,0,34088599552,2147483648,8535003136,0
200,1787753190391,3500,3500,3500,3500,3500,3500,3500,3500,3500,3500,3500,3500,3500,3500,3500,3500,3500,3500,3500,3500,15.40618896484375,1.83746337890625,0.14345550537109375,62.85506057739258,0.3436737060546875,0.48363494873046875,0.34222412109375,0.3531646728515625,0.45302581787109375,0.45502471923828125,0.36754608154296875,0.5555801391601563,20.58324432373047,2.8419265747070313,12.455108642578125,0.2266387939453125,0.42076873779296875,2.9100875854492188,2.8677902221679688,0.31696319580078125,0,58941.36309814453,42394.801696777344,0,34088599552,2147483648,8538120192,0
200,1787753190591,3500,3500,3500,3500,3500,3500,3500,3500,3500,3500,3500,3500,3500,3500,3500,3500,3500,3500,3500,3500,12.962356567382813,1.3785018920898438,0.19567108154296875,48.730533599853516,2.9556732177734375,0.4783172607421875,0.39617919921875,0.355804443359375,0.468536376953125,2.979278564453125,0.39812469482421875,0.6386489868164063,9.045463562011719,0.3596954345703125,39.17880630493164,0.21028900146484375,2.8337631225585938,0.28598785400390625,0.3036041259765625,0.2852935791015625,0,58949.98095703125,42401.30743408203,0,34088599552,2147483648,8537976832,0
200,1787753190791,3500,3500,3500,3500,3500,3500,3500,3500,3500,3500,3500,3500,3500,3500,3500,3500,3500,3500,3500,3500,3.0128173828125,1.3732223510742188,0.14409637451171875,84.08455657958984,0.4730377197265625,0.44268035888671875,0.4237060546875,2.9151535034179688,2.88330078125,0.4279022216796875,2.9276885986328125,0.5510787963867188,20.20941925048828,0.3072662353515625,0.33003997802734375,0.3249969482421875,0.29923248291015625,0.315704345703125,0.2986297607421875,0.303375244140625,0,58960.629150390625,42409.832458496094,0,34088599552,2147483648,8537800704,0
200,1787753190992,3500,3500,3500,3500,3500,3500,3500,3500,3500,3500,3500,3500,3500,3500,3500,3500,3500,3500,3500,3500,30.595619201660156,1.5537796020507813,0.16635894775390625,60.30986785888672,0.4734344482421875,0.3388519287109375,0.46380615234375,0.38289642333984375,0.28432464599609375,0.2813873291015625,0.25250244140625,3.0678558349609375,21.774703979492188,0.27370452880859375,7.110504150390625,0.343292236328125,2.6444549560546875,0.2636260986328125,4.0120697021484375,0.2790374755859375,0,58969.864807128906,42416.916259765625,0,34088599552,2147483648,8537874432,0
200,1787753191192,3500,3500,3500,3500,3500,3500,3500,3500,3500,3500,3500,3500,3500,3500,3500,3500,3500,3500,3500,3500,2.8481903076171875,3.5438766479492188,2.7222671508789063,62.82521057128906,0.5135269165039063,2.9454879760742188,3.0064239501953125,0.4110260009765625,0.47516632080078125,0.3629302978515625,0.34100341796875,0.49654388427734375,37.29806137084961,0.2610321044921875,2.2662353515625,2.8183212280273438,0.5037384033203125,0.30643463134765625,0.7259063720703125,2.84368896484375,0,58979.800720214844,42424.73718261719,0,34088599552,2147483648,8538222592,0
200,1787753191392,3500,3500,3500,3500,3500,3500,3500,3500,3500,3500,3500,3500,3500,3500,3500,3500,3500,3500,3500,3500,3.7153854370117188,1.1986312866210938,0.16710662841796875,86.41754150390625,0.60791015625,0.49042510986328125,0.4966278076171875,0.4668426513671875,0.5062713623046875,0.36754608154296875,0.36879730224609375,0.6112594604492188,4.435935974121094,0.36669921875,12.137855529785156,0.30987548828125,0.3321685791015625,2.8888473510742188,2.9183273315429688,0.36974334716796875,0,58989.4697265625,42432.28875732422,0,34088599552,2147483648,8538570752,0
200,1787753191593,3500,3500,3500,3500,3500,3500,3500,3500,3500,3500,3500,3500,3500,3500,3500,3500,3500,3500,3500,3500,13.927513122558594,0.917816162109375,0.22319793701171875,29.477882385253906,2.8330154418945313,0.31395721435546875,0.339569091796875,0.3397674560546875,0.24391937255859375,2.87225341796875,0.215911865234375,0.33632659912109375,17.01367950439453,2.7397613525390625,50.34288787841797,0.23987579345703125,2.964111328125,0.40287017822265625,0.3064727783203125,0.35674285888671875,0,58999.17565917969,42439.868713378906,0,34088599552,2147483648,8538972160,0
200,1787753191793,3500,3500,3500,3500,3500,3500,3500,3500,3500,3500,3500,3500,3500,3500,3500,3500,3500,3500,3500,3500,3.802825927734375,1.32196044921875,0.1513824462890625,77.84812927246094,0.29257965087890625,0.32491302490234375,0.30565643310546875,2.821746826171875,2.6231155395507813,0.2682342529296875,2.8838653564453125,0.37406158447265625,10.556129455566406,0.2970733642578125,16.05084228515625,0.29846954345703125,0.3708648681640625,0.36667633056640625,0.3891754150390625,0.400054931640625,0,59007.891174316406,42446.4619140625,0,34088599552,2147483648,8539500544,0
200,1787753191993,3500,3500,3500,3500,3500,3500,3500,3500,3500,3500,3500,3500,3500,3500,3500,3500,3500,3500,3500,3500,11.795921325683594,1.3981781005859375,0.14664459228515625,76.26934814453125,3.8127899169921875,0.42760467529296875,0.43084716796875,0.32736968994140625,0.40416717529296875,0.20850372314453125,0.2779541015625,11.31146240234375,23.41961669921875,0.2555694580078125,1.1754302978515625,0.317779541015625,0.39312744140625,0.354400634765625,0.385833740234375,0.382080078125,0,59016.66876220703,42453.10430908203,0,34088599552,2147483648,8539836416,0
200,1787753192194,3500,3500,3500,3500,3500,3500,3500,3500,3500,3500,3500,3500,3500,3500,3500,3500,3500,3500,3500,3500,3.9895095825195313,3.5662078857421875,2.6774978637695313,92.86005401611328,0.37252044677734375,2.8470993041992188,2.9330978393554688,0.30393218994140625,0.4925384521484375,0.2949066162109375,0.358306884765625,0.44884490966796875,8.815452575683594,0.2393341064453125,2.0354080200195313,2.8765335083007813,0.41991424560546875,0.43013763427734375,0.39896392822265625,2.9693603515625,0,59026.88946533203,42461.21057128906,0,34088599552,2147483648,8539906048,0
200,1787753192394,3500,3500,3500,3500,3500,3500,3500,3500,3500,3500,3500,3500,3500,3500,3500,3500,3500,3500,3500,3500,3.7898101806640625,1.3134613037109375,0.146270751953125,72.44171142578125,0.28414154052734375,0.26117706298828125,0.27346038818359375,0.25977325439453125,0.43485260009765625,0.34381866455078125,0.353057861328125,0.47600555419921875,28.14825439453125,0.27381134033203125,0.28903961181640625,0.31874847412109375,0.3885650634765625,0.3766326904296875,2.8914337158203125,0.4017486572265625,0,59035.56903076172,42467.77374267578,0,34088599552,2147483648,8539955200,0
199,1787753192594,3500,3500,3500,3500,3500,3500,3500,3500,3500,3500,3500,3500,3500,3500,3500,3500,3500,3500,3500,3500,10.749046325683594,0.9869384765625,0.1263580322265625,89.4983901977539,2.7704696655273438,0.36810302734375,0.29978179931640625,0.362518310546875,0.27931976318359375,2.7856369018554688,0.24553680419921875,0.5767593383789063,10.501762390136719,2.7730636596679688,0.7928543090820313,0.33736419677734375,2.8770675659179688,2.8348464965820313,0.27822113037109375,0.29184722900390625,0,59045.55041503906,42475.63293457031,0,34088599552,2147483648,8540286976,0
200,1787753192794,3500,3500,3500,3500,3500,3500,3500,3500,3500,3500,3500,3500,3500,3500,3500,3500,3500,3500,3500,3500,17.47943878173828,1.7707595825195313,0.20343780517578125,48.9586181640625,0.38848114013671875,0.38922882080078125,0.3698883056640625,3.0160293579101563,0.310455322265625,0.25092315673828125,2.7884521484375,0.31110382080078125,16.922454833984375,0.32395172119140625,23.30626678466797,0.28231048583984375,0.30330657958984375,0.30670928955078125,0.33139801025390625,0.3017578125,0,59053.349060058594,42481.671447753906,0,34088599552,2147483648,8540409856,0
200,1787753192995,3500,3500,3500,3500,3500,3500,3500,3500,3500,3500,3500,3500,3500,3500,3500,3500,3500,3500,3500,3500,10.381889343261719,1.3367843627929688,0.14669036865234375,79.79010009765625,0.4732513427734375,0.3534088134765625,0.39032745361328125,0.42819976806640625,2.8207626342773438,0.25611114501953125,0.25147247314453125,2.8706588745117188,13.516189575195313,0.2298126220703125,0.29807281494140625,0.2850494384765625,0.27721405029296875,0.30471038818359375,0.269134521484375,0.32910919189453125,0,59062.30749511719,42488.52716064453,0,34088599552,2147483648,8540405760,0
200,1787753193195,3500,3500,3500,3500,3500,3500,3500,3500,3500,3500,3500,3500,3500,3500,3500,3500,3500,3500,3500,3500,10.624839782714844,4.013664245605469,2.6966781616210938,46.34650802612305,0.42778778076171875,2.8675308227539063,2.9658966064453125,0.38262939453125,0.46440887451171875,0.343963623046875,0.360198974609375,0.48683929443359375,31.814315795898438,0.20357513427734375,19.48601531982422,2.7583770751953125,0.2666778564453125,0.2677764892578125,0.26772308349609375,2.7817535400390625,0,59070.828125,42494.69714355469,0,34088599552,2147483648,8540549120,0
199,1787753193395,3500,3500,3500,3500,3500,3500,3500,3500,3500,3500,3500,3500,3500,3500,3500,3500,3500,3500,3500,3500,3.1354141235351563,1.3860397338867188,0.1293182373046875,88.61827850341797,0.22968292236328125,0.3454742431640625,0.351165771484375,0.270660400390625,0.47124481201171875,0.3480224609375,0.35445404052734375,0.46625518798828125,12.7392578125,0.22808837890625,0.27669525146484375,0.28857421875,0.31333160400390625,0.2848358154296875,2.7964324951171875,0.278045654296875,0,59079.482177734375,42501.08172607422,0,34088599552,2147483648,8540549120,0
200,1787753193595,3500,3500,3500,3500,3500,3500,3500,3500,3500,3500,3500,3500,3500,3500,3500,3500,3500,3500,3500,3500,5.330253601074219,1.3885345458984375,0.2124481201171875,34.740638732910156,2.828826904296875,0.369476318359375,0.37127685546875,0.2909393310546875,0.5324630737304688,2.9416961669921875,0.40610504150390625,0.8307952880859375,68.6817626953125,2.738494873046875,0.4214935302734375,0.32221221923828125,2.8465194702148438,2.8399200439453125,0.3321533203125,0.32126617431640625,0,59087.03186035156,42506.51257324219,0,34088599552,2147483648,8540680192,0
200,1787753193796,3500,3500,3500,3500,3500,3500,3500,3500,3500,3500,3500,3500,3500,3500,3500,3500,3500,3500,3500,3500,2.9420700073242188,1.764617919921875,0.14574432373046875,80.35639953613281,0.32387542724609375,0.2964324951171875,0.321533203125,2.7850418090820313,0.47745513916015625,0.470123291015625,0.46633148193359375,0.5966567993164063,22.898818969726563,0.284210205078125,0.31539154052734375,0.27143096923828125,0.26419830322265625,0.3045654296875,0.2697906494140625,0.28066253662109375,0,59095.37664794922,42512.7470703125,0,34088599552,2147483648,8540663808,0
199,1787753193996,3500,3500,3500,3500,3500,3500,3500,3500,3500,3500,3500,3500,3500,3500,3500,3500,3500,3500,3500,3500,2.552001953125,1.2606201171875,0.20024871826171875,49.18876647949219,0.2799530029296875,0.25572967529296875,0.23595428466796875,0.228363037109375,2.8828887939453125,0.33608245849609375,2.7632904052734375,3.5111007690429688,53.600337982177734,0.1662445068359375,0.30995941162109375,0.2790985107421875,0.37652587890625,0.3948516845703125,0.303466796875,0.2499847412109375,0,59105.095947265625,42520.3427734375,0,34088599552,2147483648,8540798976,0
200,1787753194196,3500,3500,3500,3500,3500,3500,3500,3500,3500,3500,3500,3500,3500,3500,3500,3500,3500,3500,3500,3500,2.5336685180664063,3.74786376953125,2.6524429321289063,90.51837921142578,0.22420501708984375,2.865997314453125,2.8217620849609375,0.26064300537109375,0.36777496337890625,0.2607421875,0.25154876708984375,0.230499267578125,4.877532958984375,0.2930908203125,10.418525695800781,2.774322509765625,0.418060302734375,0.4122161865234375,0.26099395751953125,2.8416061401367188,0,59114.19403076172,42527.32537841797,0,34088599552,2147483648,8540925952,0
200,1787753194396,3500,3500,3500,3500,3500,3500,3500,3500,3500,3500,3500,3500,3500,3500,3500,3500,3500,3500,3500,3500,24.867515563964844,1.5435256958007813,0.26177215576171875,22.942489624023438,0.24069976806640625,0.292327880859375,0.2732086181640625,0.33811187744140625,0.27405548095703125,0.25553131103515625,0.31739044189453125,0.37990570068359375,15.907279968261719,0.250335693359375,39.35703659057617,0.22212982177734375,0.40137481689453125,0.41015625,2.831817626953125,0.3187408447265625,0,59123.187438964844,42534.19110107422,0,34088599552,2147483648,8540921856,0
200,1787753194597,3500,3500,3500,3500,3500,3500,3500,3500,3500,3500,3500,3500,3500,3500,3500,3500,3500,3500,3500,3500,13.075393676757813,1.367523193359375,0.0901336669921875,79.56504821777344,2.7516632080078125,0.2885284423828125,0.1796722412109375,0.2308807373046875,0.223297119140625,2.755950927734375,0.19519805908203125,0.4409027099609375,18.90807342529297,2.7612457275390625,0.30554962158203125,0.2763519287109375,2.7425765991210938,2.7173233032226563,0.23592376708984375,0.1927032470703125,0,59131.62322998047,42540.497131347656,0,34088599552,2147483648,8541650944,0
199,1787753194797,3500,3500,3500,3500,3500,3500,3500,3500,3500,3500,3500,3500,3500,3500,3500,3500,3500,3500,3500,3500,17.747222900390625,1.532806396484375,0.16179656982421875,53.861228942871094,0.512969970703125,0.4803924560546875,0.444366455078125,3.0294952392578125,0.3428802490234375,0.2847137451171875,0.29096221923828125,0.326141357421875,34.981483459472656,0.24149322509765625,0.44835662841796875,0.40209197998046875,0.33837890625,0.31404876708984375,0.2887115478515625,0.3421783447265625,0,59140.35479736328,42547.11297607422,0,34088599552,2147483648,8541642752,0
199,1787753194997,3500,3500,3500,3500,3500,3500,3500,3500,3500,3500,3500,3500,3500,3500,3500,3500,3500,3500,3500,3500,9.4254150390625,1.6467971801757813,0.2094879150390625,62.883426666259766,0.43222808837890625,0.41143798828125,0.5096359252929688,0.5271759033203125,2.8543243408203125,0.26001739501953125,2.8328857421875,2.9251327514648438,31.92571258544922,0.35126495361328125,0.44716644287109375,0.4316253662109375,0.33557891845703125,0.3407745361328125,0.34561920166015625,0.33162689208984375,0,59149.33703613281,42553.98663330078,0,34088599552,2147483648,8541618176,0
200,1787753195197,3500,3500,3500,3500,3500,3500,3500,3500,3500,3500,3500,3500,3500,3500,3500,3500,3500,3500,3500,3500,30.990585327148438,4.274383544921875,2.715728759765625,34.47074890136719,0.36664581298828125,2.9593276977539063,0.4851531982421875,0.47040557861328125,0.30707550048828125,0.3075714111328125,0.26734161376953125,0.3422088623046875,15.977340698242188,0.2402496337890625,25.873153686523438,2.8476715087890625,0.29927825927734375,0.28148651123046875,0.31291961669921875,2.83837890625,0,59159.76477050781,42562.30114746094,0,34088599552,2147483648,8541736960,0
200,1787753195397,3500,3500,3500,3500,3500,3500,3500,3500,3500,3500,3500,3500,3500,3500,3500,3500,3500,3500,3500,3500,14.268074035644531,1.7483367919921875,0.18755340576171875,60.48631286621094,0.32900238037109375,0.247283935546875,2.8635482788085938,0.26451873779296875,0.32630157470703125,0.43244171142578125,0.34532928466796875,0.3760986328125,31.59449005126953,0.2591705322265625,0.328948974609375,0.30677032470703125,0.263916015625,0.3062744140625,2.806854248046875,0.27440643310546875,0,59169.55303955078,42569.959533691406,0,34088599552,2147483648,8542011392,0
199,1787753195598,3500,3500,3500,3500,3500,3500,3500,3500,3500,3500,3500,3500,3500,3500,3500,3500,3500,3500,3500,3500,13.334480285644531,1.42913818359375,0.13204193115234375,94.97311401367188,2.8707504272460938,0.277862548828125,0.275115966796875,0.17063140869140625,0.414093017578125,3.0078353881835938,0.39157867431640625,0.6847152709960938,1.2204132080078125,2.781494140625,0.32189178466796875,0.30207061767578125,2.8039093017578125,2.8145904541015625,0.29158782958984375,0.33406829833984375,0,59178.39532470703,42576.6748046875,0,34088599552,2147483648,8542056448,0
200,1787753195798,3500,3500,3500,3500,3500,3500,3500,3500,3500,3500,3500,3500,3500,3500,3500,3500,3500,3500,3500,3500,9.754409790039063,1.619049072265625,0.240234375,27.61743927001953,0.44512939453125,0.45177459716796875,0.35302734375,2.917449951171875,0.4956512451171875,0.47141265869140625,0.38455963134765625,0.44702911376953125,58.26382064819336,0.17551422119140625,10.634017944335938,0.290252685546875,0.3296356201171875,0.32793426513671875,0.2946014404296875,0.3002471923828125,0,59188.065490722656,42584.21942138672,0,34088599552,2147483648,8542056448,0
200,1787753195998,3500,3500,3500,3500,3500,3500,3500,3500,3500,3500,3500,3500,3500,3500,3500,3500,3500,3500,3500,3500,17.659561157226563,1.1657791137695313,0.17539215087890625,32.43853759765625,0.3103179931640625,0.43177032470703125,0.43192291259765625,0.32149505615234375,2.8841781616210938,0.29694366455078125,2.8888702392578125,1.9497299194335938,10.098052978515625,0.2234954833984375,45.20685577392578,0.18003082275390625,0.25926971435546875,0.252288818359375,0.24445343017578125,0.277587890625,0,59197.88787841797,42591.92901611328,0,34088599552,2147483648,8542052352,0
200,1787753196198,3500,3500,3500,3500,3500,3500,3500,3500,3500,3500,3500,3500,3500,3500,3500,3500,3500,3500,3500,3500,14.218048095703125,3.6737136840820313,2.753570556640625,46.834476470947266,0.37181854248046875,2.9887542724609375,0.47554779052734375,0.38170623779296875,0.36817169189453125,0.21979522705078125,0.343505859375,1.722015380859375,40.40943908691406,0.25980377197265625,22.695068359375,2.793426513671875,0.340057373046875,0.3270721435546875,0.3144378662109375,2.8442153930664063,0,59207.95080566406,42599.84161376953,0,34088599552,2147483648,8542384128,0
199,1787753196398,3500,3500,3500,3500,3500,3500,3500,3500,3500,3500,3500,3500,3500,3500,3500,3500,3500,3500,3500,3500,1.9237136840820313,1.5710067749023438,0.21681976318359375,18.41889190673828,0.30280303955078125,0.32558441162109375,2.8449478149414063,0.34162139892578125,0.4077606201171875,0.43824005126953125,0.49384307861328125,0.4943389892578125,70.30401611328125,0.19089508056640625,13.248809814453125,0.30789947509765625,0.33177947998046875,0.28281402587890625,2.8349075317382813,0.30410003662109375,0,59216.077880859375,42605.862243652344,0,34088599552,2147483648,8542380032,0
200,1787753196598,3500,3500,3500,3500,3500,3500,3500,3500,3500,3500,3500,3500,3500,3500,3500,3500,3500,3500,3500,3500,5.467254638671875,1.3814468383789063,0.14926910400390625,77.14375305175781,2.8016891479492188,0.26434326171875,0.28693389892578125,0.242950439453125,0.3333740234375,2.9593048095703125,0.442901611328125,0.9344940185546875,16.10277557373047,2.8031845092773438,10.602874755859375,0.29428863525390625,2.784942626953125,2.79803466796875,0.3214263916015625,0.37176513671875,0,59224.312255859375,42611.97705078125,0,34088599552,2147483648,8542507008,0
200,1787753196799,3500,3500,3500,3500,3500,3500,3500,3500,3500,3500,3500,3500,3500,3500,3500,3500,3500,3500,3500,3500,15.542076110839844,1.6226959228515625,0.2080078125,27.07965087890625,0.2309722900390625,0.23531341552734375,0.27539825439453125,2.8105010986328125,0.281585693359375,0.1820526123046875,0.3337554931640625,0.203765869140625,64.55543518066406,0.18749237060546875,0.2900238037109375,0.28273773193359375,0.2762451171875,0.2778472900390625,0.37299346923828125,0.369598388671875,0,59234.13427734375,42619.67321777344,0,34088599552,2147483648,8542515200,0
199,1787753196999,3500,3500,3500,3500,3500,3500,3500,3500,3500,3500,3500,3500,3500,3500,3500,3500,3500,3500,3500,3500,25.933326721191406,1.6390228271484375,0.13654327392578125,77.04597473144531,0.30768585205078125,0.22031402587890625,0.23220062255859375,0.34108734130859375,2.8675689697265625,0.2800750732421875,2.7438583374023438,0.27593231201171875,0.6839141845703125,0.38706207275390625,0.3125762939453125,0.3250579833984375,0.29885101318359375,0.3290557861328125,0.325958251953125,0.3922576904296875,0,59243.430603027344,42626.85369873047,0,34088599552,2147483648,8542515200,0
200,1787753197199,3500,3500,3500,3500,3500,3500,3500,3500,3500,3500,3500,3500,3500,3500,3500,3500,3500,3500,3500,3500,4.0711517333984375,3.8403778076171875,0.1584014892578125,61.7757568359375,0.2784576416015625,2.7956619262695313,0.30535125732421875,0.2240753173828125,0.33614349365234375,0.25327301025390625,0.29355621337890625,2.7010421752929688,16.018653869628906,0.2722625732421875,25.673988342285156,2.7412261962890625,0.338043212890625,0.3599853515625,0.31694793701171875,2.7804183959960938,0,59252.91491699219,42634.20977783203,0,34088599552,2147483648,8542646272,0
200,1787753197400,3500,3500,3500,3500,3500,3500,3500,3500,3500,3500,3500,3500,3500,3500,3500,3500,3500,3500,3500,3500,17.174171447753906,1.6897201538085938,2.7255630493164063,37.804039001464844,0.2346954345703125,0.32192230224609375,2.8126907348632813,0.2599334716796875,0.28382110595703125,0.33753204345703125,0.28861236572265625,0.33953094482421875,2.0993194580078125,0.26447296142578125,47.805450439453125,0.22028350830078125,0.3929443359375,0.39154815673828125,0.33394622802734375,0.33229827880859375,0,59261.19152832031,42640.37860107422,0,34088599552,2147483648,8542711808,0
200,1787753197600,3500,3500,3500,3500,3500,3500,3500,3500,3500,3500,3500,3500,3500,3500,3500,3500,3500,3500,3500,3500,17.28644561767578,1.2426681518554688,0.1434173583984375,75.19371032714844,2.8233642578125,0.29541015625,0.25823211669921875,0.20389556884765625,0.27465057373046875,2.7488632202148438,0.26706695556640625,0.802947998046875,2.7794036865234375,2.7832412719726563,20.275680541992188,0.2541961669921875,3.4170761108398438,2.9065475463867188,2.7813949584960938,0.257781982421875,0,59270.75830078125,42647.811767578125,0,34088599552,2147483648,8543383552,0
200,1787753197800,3500,3500,3500,3500,3500,3500,3500,3500,3500,3500,3500,3500,3500,3500,3500,3500,3500,3500,3500,3500,2.3714828491210938,1.7304153442382813,0.26153564453125,16.4129638671875,0.30265045166015625,0.32757568359375,0.33032989501953125,2.8364028930664063,0.29245758056640625,0.305694580078125,0.31304168701171875,0.29740142822265625,84.90670013427734,0.19258880615234375,0.38338470458984375,0.36569976806640625,0.3703460693359375,0.3512115478515625,0.32233428955078125,0.355255126953125,0,59279.25341796875,42654.18518066406,0,34088599552,2147483648,8543383552,0
200,1787753198001,3500,3500,3500,3500,3500,3500,3500,3500,3500,3500,3500,3500,3500,3500,3500,3500,3500,3500,3500,3500,11.491920471191406,1.298309326171875,0.11916351318359375,91.31068420410156,0.308685302734375,0.25713348388671875,0.3284454345703125,0.273406982421875,2.82720947265625,0.33074188232421875,2.7662277221679688,0.9017486572265625,3.5996170043945313,0.27016448974609375,0.27614593505859375,0.2649688720703125,0.28038787841796875,0.28682708740234375,0.29386138916015625,0.254241943359375,0,59287.86798095703,42660.68389892578,0,34088599552,2147483648,8543379456,0
199,1787753198201,3500,3500,3500,3500,3500,3500,3500,3500,3500,3500,3500,3500,3500,3500,3500,3500,3500,3500,3500,3500,11.570198059082031,4.400604248046875,0.153656005859375,70.96722412109375,0.18255615234375,2.7885589599609375,0.28790283203125,0.29094696044921875,0.33022308349609375,0.234405517578125,0.25112152099609375,2.7438430786132813,16.11138916015625,0.310760498046875,10.534767150878906,2.845550537109375,0.29848480224609375,0.25860595703125,0.24633026123046875,2.8178024291992188,0,59296.312438964844,42666.995056152344,0,34088599552,2147483648,8543850496,0
200,1787753198401,3500,3500,3500,3500,3500,3500,3500,3500,3500,3500,3500,3500,3500,3500,3500,3500,3500,3500,3500,3500,26.3963623046875,1.62542724609375,2.7023162841796875,77.396240234375,0.2776947021484375,0.240753173828125,2.867279052734375,0.2554473876953125,0.37207794189453125,0.35723114013671875,0.35887908935546875,1.4595565795898438,0.6724166870117188,0.37972259521484375,0.40302276611328125,0.40606689453125,0.337432861328125,0.28504180908203125,0.3198394775390625,0.28499603271484375,0,59306.39221191406,42674.95867919922,0,34088599552,2147483648,8543850496,0
200,1787753198601,3500,3500,3500,3500,3500,3500,3500,3500,3500,3500,3500,3500,3500,3500,3500,3500,3500,3500,3500,3500,8.060722351074219,1.642730712890625,0.158172607421875,72.1285629272461,2.9352264404296875,0.2358856201171875,0.2919921875,0.2259521484375,0.29892730712890625,0.24652099609375,0.26633453369140625,0.45685577392578125,21.87940216064453,2.8060531616210938,7.34417724609375,0.37973785400390625,2.9019317626953125,2.9195556640625,2.8063507080078125,0.28694915771484375,0,59315.725158691406,42682.16711425781,0,34088599552,2147483648,8543850496,0
200,1787753198802,3500,3500,3500,3500,3500,3500,3500,3500,3500,3500,3500,3500,3500,3500,3500,3500,3500,3500,3500,3500,16.796005249023438,1.6121673583984375,0.25916290283203125,22.64740753173828,0.28729248046875,0.26275634765625,0.25031280517578125,2.853302001953125,0.271697998046875,2.8040390014648438,0.265106201171875,0.3205108642578125,47.153743743896484,0.238128662109375,17.02918243408203,0.25061798095703125,0.2946319580078125,0.30457305908203125,0.3064727783203125,0.3018798828125,0,59323.48748779297,42687.79803466797,0,34088599552,2147483648,8543850496,0
200,1787753199002,3500,3500,3500,3500,3500,3500,3500,3500,3500,3500,3500,3500,3500,3500,3500,3500,3500,3500,3500,3500,18.138870239257813,1.3952789306640625,0.1154022216796875,81.46257019042969,0.24662017822265625,0.20699310302734375,0.25211334228515625,0.24991607666015625,2.7936553955078125,0.28800201416015625,2.8037338256835938,0.27777099609375,8.828529357910156,0.25635528564453125,0.49584197998046875,0.27327728271484375,0.417877197265625,0.2509613037109375,0.27756500244140625,0.275421142578125,0,59332.00354003906,42694.19744873047,0,34088599552,2147483648,8543850496,0
200,1787753199202,3500,3500,3500,3500,3500,3500,3500,3500,3500,3500,3500,3500,3500,3500,3500,3500,3500,3500,3500,3500,10.871513366699219,3.986358642578125,0.18495941162109375,43.685142517089844,0.21710205078125,2.8364410400390625,0.19823455810546875,0.32358551025390625,0.279052734375,0.28534698486328125,0.3106536865234375,2.8476715087890625,34.91578674316406,0.2498016357421875,18.292312622070313,2.8075332641601563,0.29053497314453125,0.3023681640625,0.3125,2.8313446044921875,0,59340.3564453125,42700.42901611328,0,34088599552,2147483648,8543981568,0
200,1787753199403,3500,3500,3500,3500,3500,3500,3500,3500,3500,3500,3500,3500,3500,3500,3500,3500,3500,3500,3500,3500,4.6915283203125,1.693145751953125,2.6438522338867188,99.97704315185547,0.27004241943359375,0.32523345947265625,2.8115310668945313,0.25372314453125,0.24718475341796875,0.30567169189453125,0.329376220703125,0.26729583740234375,0.572021484375,0.27972412109375,0.401641845703125,0.390960693359375,0.29679107666015625,0.3227386474609375,0.3367156982421875,0.25995635986328125,0,59349.49737548828,42707.485778808594,0,34088599552,2147483648,8543981568,0
200,1787753199603,3500,3500,3500,3500,3500,3500,3500,3500,3500,3500,3500,3500,3500,3500,3500,3500,3500,3500,3500,3500,14.798362731933594,1.5051651000976563,0.20609283447265625,21.639068603515625,2.9785614013671875,0.24326324462890625,0.1957550048828125,0.28842926025390625,0.25400543212890625,0.24041748046875,0.2267303466796875,0.9534835815429688,45.777950286865234,2.7476348876953125,31.892051696777344,0.24646759033203125,2.7672653198242188,2.7812576293945313,2.8198776245117188,0.2957305908203125,0,59359.3896484375,42715.24981689453,0,34088599552,2147483648,8543989760,0
200,1787753199803,3500,3500,3500,3500,3500,3500,3500,3500,3500,3500,3500,3500,3500,3500,3500,3500,3500,3500,3500,3500,25.19561767578125,1.4751968383789063,0.18552398681640625,70.09905242919922,0.27089691162109375,0.23746490478515625,0.35343170166015625,0.34050750732421875,0.304229736328125,2.851104736328125,0.26845550537109375,0.238861083984375,8.060111999511719,0.45981597900390625,0.4205474853515625,0.4082183837890625,0.32888031005859375,0.35163116455078125,0.34539794921875,0.32518768310546875,0,59367.98010253906,42721.699279785156,0,34088599552,2147483648,8543989760,0
200,1787753200003,3500,3500,3500,3500,3500,3500,3500,3500,3500,3500,3500,3500,3500,3500,3500,3500,3500,3500,3500,3500,10.281257629394531,1.4053192138671875,0.21563720703125,32.72868347167969,0.26639556884765625,0.22467803955078125,0.3064117431640625,2.8232345581054688,2.7985000610351563,0.256500244140625,2.7897109985351563,0.5911483764648438,47.76494216918945,0.2338714599609375,15.931022644042969,0.2919769287109375,0.30341339111328125,0.30352020263671875,0.388702392578125,0.34214019775390625,0,59377.083435058594,42728.668518066406,0,34088599552,2147483648,8543989760,0
199,1787753200204,3500,3500,3500,3500,3500,3500,3500,3500,3500,3500,3500,3500,3500,3500,3500,3500,3500,3500,3500,3500,3.4498214721679688,3.8983078002929688,0.11821746826171875,90.37831115722656,0.24591827392578125,2.9233169555664063,0.36078643798828125,0.29531097412109375,0.45238494873046875,0.27973175048828125,0.352996826171875,2.9241180419921875,11.475875854492188,0.25870513916015625,2.891204833984375,2.7949142456054688,0.31868743896484375,0.286376953125,0.38071441650390625,2.8962020874023438,0,59387.360900878906,42736.81622314453,0,34088599552,2147483648,8544120832,0
200,1787753200404,3500,3500,3500,3500,3500,3500,3500,3500,3500,3500,3500,3500,3500,3500,3500,3500,3500,3500,3500,3500,30.262733459472656,1.2019271850585938,2.7061538696289063,42.79075241088867,0.26885986328125,0.30130767822265625,2.7435531616210938,0.25395965576171875,0.2985076904296875,0.26546478271484375,0.31270599365234375,0.253265380859375,36.61475372314453,0.23076629638671875,0.352447509765625,0.26515960693359375,0.28940582275390625,0.334197998046875,0.48168182373046875,0.46778106689453125,0,59396.65661621094,42743.98352050781,0,34088599552,2147483648,8544129024,0
199,1787753200604,3500,3500,3500,3500,3500,3500,3500,3500,3500,3500,3500,3500,3500,3500,3500,3500,3500,3500,3500,3500,10.344963073730469,0.839996337890625,0.2032470703125,55.73843002319336,2.7960128784179688,0.27053070068359375,0.3123626708984375,0.31725311279296875,0.35868072509765625,0.2649383544921875,0.30142974853515625,0.5025787353515625,38.99712371826172,2.760528564453125,8.813163757324219,0.27771759033203125,6.916038513183594,2.844329833984375,5.747161865234375,0.34780120849609375,0,59405.21826171875,42750.3720703125,0,34088599552,2147483648,8544194560,0
200,1787753200804,3500,3500,3500,3500,3500,3500,3500,3500,3500,3500,3500,3500,3500,3500,3500,3500,3500,3500,3500,3500,2.704620361328125,1.57305908203125,0.28081512451171875,24.77118682861328,0.22164154052734375,0.28801727294921875,0.27991485595703125,0.2459869384765625,0.2691192626953125,2.7640457153320313,0.279815673828125,0.33144378662109375,13.780929565429688,0.34033966064453125,63.40591049194336,0.1604766845703125,0.28296661376953125,0.3404388427734375,0.42115020751953125,0.39501190185546875,0,59414.78381347656,42757.82165527344,0,34088599552,2147483648,8544190464,0
200,1787753201005,3500,3500,3500,3500,3500,3500,3500,3500,3500,3500,3500,3500,3500,3500,3500,3500,3500,3500,3500,3500,40.80077362060547,1.6190719604492188,0.18044281005859375,32.75988006591797,0.28702545166015625,0.23785400390625,0.31021881103515625,2.8289260864257813,2.793914794921875,0.26548004150390625,2.7930679321289063,0.26373291015625,18.97016143798828,0.2724151611328125,15.389984130859375,0.3505706787109375,0.31121826171875,0.36243438720703125,0.44562530517578125,0.44153594970703125,0,59424.03057861328,42764.92364501953,0,34088599552,2147483648,8544190464,0
200,1787753201205,3500,3500,3500,3500,3500,3500,3500,3500,3500,3500,3500,3500,3500,3500,3500,3500,3500,3500,3500,3500,5.68035888671875,1.4361801147460938,0.1734771728515625,35.834999084472656,0.4157562255859375,2.8651275634765625,0.403228759765625,0.41451263427734375,0.2607574462890625,0.27349090576171875,0.1810150146484375,2.8134918212890625,3.7170181274414063,0.2275543212890625,28.8870849609375,2.72955322265625,0.33705902099609375,0.35059356689453125,0.43833160400390625,2.9431686401367188,0,59433.49835205078,42772.26745605469,0,34088599552,2147483648,8544661504,0
200,1787753201405,3500,3500,3500,3500,3500,3500,3500,3500,3500,3500,3500,3500,3500,3500,3500,3500,3500,3500,3500,3500,17.787445068359375,3.0938796997070313,2.7122955322265625,80.72708129882813,0.31981658935546875,0.32151031494140625,2.9593658447265625,0.415008544921875,0.5500717163085938,0.5007781982421875,0.5450363159179688,0.44928741455078125,5.661834716796875,0.32685089111328125,0.3428192138671875,0.3682098388671875,0.38642120361328125,0.33343505859375,0.4580230712890625,0.46356201171875,0,59442.85498046875,42779.5048828125,0,34088599552,2147483648,8544661504,0
200,1787753201606,3500,3500,3500,3500,3500,3500,3500,3500,3500,3500,3500,3500,3500,3500,3500,3500,3500,3500,3500,3500,12.571571350097656,1.4241485595703125,0.14013671875,94.8687744140625,2.7765121459960938,0.29718017578125,0.24724578857421875,0.25333404541015625,0.5125961303710938,0.49114990234375,0.48885345458984375,0.397705078125,0.8603668212890625,2.7979202270507813,0.3310089111328125,0.3367919921875,2.8192672729492188,2.8051528930664063,2.9949264526367188,0.48960113525390625,0,59451.74792480469,42786.28430175781,0,34088599552,2147483648,8544657408,0
199,1787753201806,3500,3500,3500,3500,3500,3500,3500,3500,3500,3500,3500,3500,3500,3500,3500,3500,3500,3500,3500,3500,24.23284149169922,1.3891220092773438,0.2277679443359375,18.696319580078125,0.22002410888671875,0.219024658203125,0.2482452392578125,0.278350830078125,0.30731964111328125,2.8224411010742188,0.26247406005859375,0.6003036499023438,8.488899230957031,0.246795654296875,0.36370086669921875,0.373687744140625,0.27086639404296875,0.2498931884765625,0.39066314697265625,0.37563323974609375,0,59459.797790527344,42792.20721435547,0,34088599552,2147483648,8544935936,0
200,1787753202006,3500,3500,3500,3500,3500,3500,3500,3500,3500,3500,3500,3500,3500,3500,3500,3500,3500,3500,3500,3500,16.767654418945313,1.038238525390625,0.1950225830078125,16.02210235595703,0.34241485595703125,0.23960113525390625,0.22145843505859375,2.8134231567382813,2.7679443359375,0.3338165283203125,2.9190826416015625,0.4967498779296875,8.244110107421875,0.267791748046875,0.38979339599609375,0.39614105224609375,0.29653167724609375,0.2997283935546875,0.4130859375,0.406585693359375,0,59466.89074707031,42797.1650390625,0,34088599552,2147483648,8545357824,0
200,1787753202206,3500,3500,3500,3500,3500,3500,3500,3500,3500,3500,3500,3500,3500,3500,3500,3500,3500,3500,3500,3500,4.397895812988281,1.6977767944335938,0.22487640380859375,11.459793090820313,0.20487213134765625,2.761444091796875,0.22283172607421875,0.28714752197265625,0.29732513427734375,0.310699462890625,0.28455352783203125,2.7938232421875,0.274871826171875,0.2676849365234375,2.78289794921875,2.790679931640625,0.24608612060546875,0.2659912109375,0.32875823974609375,2.8619766235351563,0,59474.138122558594,42802.26190185547,0,34088599552,2147483648,8545628160,0
200,1787753202407,3500,3500,3500,3500,3500,3500,3500,3500,3500,3500,3500,3500,3500,3500,3500,3500,3500,3500,3500,3500,3.5201873779296875,3.8394851684570313,2.7940139770507813,15.428756713867188,0.339447021484375,0.35181427001953125,2.7569580078125,0.2571563720703125,0.32598114013671875,0.291961669921875,0.313507080078125,0.3136138916015625,2.7120208740234375,0.310516357421875,0.5555496215820313,0.398895263671875,0.3721160888671875,0.32653045654296875,0.38892364501953125,0.3437347412109375,0,59482.59558105469,42808.585205078125,0,34088599552,2147483648,8546095104,0
199,1787753202608,3500,3500,3500,3500,3500,3500,3500,3500,3500,3500,3500,3500,3500,3500,3500,3500,3500,3500,3500,3500,17.57794189453125,1.0613479614257813,0,22.241249084472656,0,0,0,0,0,0,0,0,4.406036376953125,2.4498214721679688,1.7840423583984375,0,2.4711532592773438,2.493438720703125,2.4628143310546875,0,0,59490.830810546875,42814.65203857422,0,34088599552,2147483648,8546672640,0
200,1787753202808,3500,3500,3500,3500,3500,3500,3500,3500,3500,3500,3500,3500,3500,3500,3500,3500,3500,3500,3500,3500,7.1918487548828125,1.7878265380859375,0.6132736206054688,12.992782592773438,3.2191848754882813,0.5927047729492188,0.7198638916015625,0.6640777587890625,0.7400360107421875,3.2033920288085938,0.6588516235351563,0.7116470336914063,3.505126953125,0.7182693481445313,0.7458648681640625,0.7887954711914063,0.7361984252929688,0.7559738159179688,0.697998046875,0.7103958129882813,0,59498.48162841797,42820.179260253906,0,34088599552,2147483648,8547278848,0
200,1787753203008,3500,3500,3500,3500,3500,3500,3500,3500,3500,3500,3500,3500,3500,3500,3500,3500,3500,3500,3500,3500,2.6219024658203125,1.7793655395507813,0.2343902587890625,14.507278442382813,0.2343902587890625,0.23899078369140625,0.29814910888671875,2.8121719360351563,2.8336639404296875,0.22154998779296875,2.8760299682617188,0.33502960205078125,3.0104446411132813,0.32108306884765625,0.3917388916015625,0.39943695068359375,0.41242218017578125,0.4044342041015625,0.29470062255859375,0.29590606689453125,0,59504.763732910156,42824.334716796875,0,34088599552,2147483648,8547823616,0
200,1787753203208,3500,3500,3500,3500,3500,3500,3500,3500,3500,3500,3500,3500,3500,3500,3500,3500,3500,3500,3500,3500,3.7910614013671875,1.6830215454101563,0.26285552978515625,15.402740478515625,0.26355743408203125,2.8230972290039063,0.31993865966796875,0.24871826171875,0.29866790771484375,0.3318328857421875,0.2868804931640625,2.790679931640625,0.41298675537109375,0.40599822998046875,2.9247817993164063,2.9323196411132813,0.4168853759765625,0.4084930419921875,0.30126190185546875,2.8893203735351563,0,59512.35461425781,42829.778259277344,0,34088599552,2147483648,8548913152,0
199,1787753203408,3500,3500,3500,3500,3500,3500,3500,3500,3500,3500,3500,3500,3500,3500,3500,3500,3500,3500,3500,3500,11.0428466796875,3.5758819580078125,2.8153915405273438,6.624481201171875,0.26676177978515625,0.197601318359375,2.8143463134765625,0.25722503662109375,0.265960693359375,0.39934539794921875,0.30486297607421875,0.2955780029296875,6.141487121582031,0.29987335205078125,0.3243865966796875,0.3399200439453125,0.3735809326171875,0.37537384033203125,0.29308319091796875,0.308807373046875,0,59518.72491455078,42834.01885986328,0,34088599552,2147483648,8550019072,0
200,1787753203609,3500,3500,3500,3500,3500,3500,3500,3500,3500,3500,3500,3500,3500,3500,3500,3500,3500,3500,3500,3500,13.174034118652344,0.8997116088867188,0.2643585205078125,2.8394546508789063,0.5126190185546875,0.412628173828125,0.38654327392578125,0.40163421630859375,0.41677093505859375,0.4962310791015625,0.49268341064453125,0.4731903076171875,6.9430694580078125,2.8386077880859375,0.3060302734375,0.28844451904296875,2.8810806274414063,2.8734893798828125,2.8485031127929688,0.27140045166015625,0,59526.924560546875,42840.08526611328,0,34088599552,2147483648,8555565056,0
199,1787753203809,3500,3500,3500,3500,3500,3500,3500,3500,3500,3500,3500,3500,3500,3500,3500,3500,3500,3500,3500,3500,14.0020751953125,1.08062744140625,0.37541961669921875,0.37537384033203125,3.1525344848632813,0.30698394775390625,0.38629913330078125,0.361602783203125,0.774688720703125,2.9822769165039063,0.37097930908203125,0.415130615234375,7.459419250488281,0.34220123291015625,1.2200469970703125,0.3167572021484375,0.3489837646484375,0.36968231201171875,0.35980987548828125,0.3486328125,0,59533.95947265625,42844.99841308594,0,34088599552,2147483648,8557109248,0
200,1787753204009,3500,3500,3500,3500,3500,3500,3500,3500,3500,3500,3500,3500,3500,3500,3500,3500,3500,3500,3500,3500,11.839241027832031,0.8909912109375,0.28603363037109375,0.2722930908203125,0.5615234375,0.20441436767578125,0.29288482666015625,2.7866287231445313,2.8511505126953125,0.2463531494140625,2.79522705078125,0.20441436767578125,9.804656982421875,0.2465972900390625,0.41957855224609375,0.36385345458984375,0.28478240966796875,0.28598785400390625,0.2697906494140625,0.31577301025390625,0,59541.735595703125,42850.63537597656,0,34088599552,2147483648,8557871104,0
200,1787753204210,3500,3500,3500,3500,3500,3500,3500,3500,3500,3500,3500,3500,3500,3500,3500,3500,3500,3500,3500,3500,22.03772735595703,0.866302490234375,0.285308837890625,0.316436767578125,9.492340087890625,2.761749267578125,0.2502899169921875,0.2584228515625,3.8572921752929688,0.2924957275390625,0.22893524169921875,2.750274658203125,29.292137145996094,0.24893951416015625,10.653831481933594,0.294891357421875,2.978515625,0.29389190673828125,0.31329345703125,2.8080978393554688,0,59550.216552734375,42856.92980957031,0,34088599552,2147483648,8566169600,0
200,1787753204410,3500,3500,3500,3500,3500,3500,3500,3500,3500,3500,3500,3500,3500,3500,3500,3500,3500,3500,3500,3500,11.765731811523438,2.7600173950195313,2.8279876708984375,0.314178466796875,0.3401031494140625,0.4166107177734375,2.92987060546875,0.343994140625,0.3121337890625,0.24686431884765625,0.250457763671875,0.34644317626953125,70.7977294921875,0.18243408203125,4.6447601318359375,2.7513275146484375,1.8325576782226563,0.29610443115234375,0.29845428466796875,0.2874603271484375,0,59559.05438232422,42863.62481689453,0,34088599552,2147483648,8573313024,0
200,1787753204610,3500,3500,3500,3500,3500,3500,3500,3500,3500,3500,3500,3500,3500,3500,3500,3500,3500,3500,3500,3500,17.464752197265625,0.76666259765625,0.30364227294921875,0.3509368896484375,0.49639129638671875,0.29935455322265625,0.2650299072265625,0.26837158203125,2.6510772705078125,0.35312652587890625,0.2201385498046875,0.367095947265625,18.46068572998047,2.8077163696289063,1.7488784790039063,0.29656219482421875,2.83819580078125,2.838043212890625,2.8515167236328125,0.28977203369140625,0,59568.17364501953,42870.8369140625,0,34088599552,2147483648,8575074304,0
200,1787753204810,3500,3500,3500,3500,3500,3500,3500,3500,3500,3500,3500,3500,3500,3500,3500,3500,3500,3500,3500,3500,14.55194091796875,0.5446929931640625,0.3122711181640625,2.8136978149414063,3.1830520629882813,0.25958251953125,0.23656463623046875,0.260986328125,0.219635009765625,2.8118972778320313,0.27227020263671875,0.3113250732421875,24.20421600341797,0.23880767822265625,3.2545623779296875,0.24790191650390625,1.6302261352539063,0.27246856689453125,0.28929901123046875,0.27756500244140625,0,59576.51092529297,42876.868225097656,0,34088599552,2147483648,8577146880,0
200,1787753205011,3500,3500,3500,3500,3500,3500,3500,3500,3500,3500,3500,3500,3500,3500,3500,3500,3500,3500,3500,3500,17.10218048095703,0.432373046875,0.302886962890625,0.33510589599609375,0.81756591796875,0.23683929443359375,0.31201171875,2.8947982788085938,2.8339920043945313,0.30916595458984375,2.8246688842773438,0.26332855224609375,27.322837829589844,0.290313720703125,0.28203582763671875,0.3074188232421875,0.3339080810546875,0.28801727294921875,0.3070220947265625,0.31600189208984375,0,59584.06378173828,42882.314453125,0,34088599552,2147483648,8578629632,0
200,1787753205211,3500,3500,3500,3500,3500,3500,3500,3500,3500,3500,3500,3500,3500,3500,3500,3500,3500,3500,3500,3500,14.878425598144531,0.48584747314453125,0.4223785400390625,0.26992034912109375,8.637435913085938,8.162467956542969,7.434669494628906,8.385597229003906,15.575767517089844,8.138648986816406,7.863288879394531,9.099761962890625,22.199234008789063,0.26861572265625,6.056068420410156,0.2480926513671875,0.5108184814453125,0.2883453369140625,0.35101318359375,2.8156204223632813,0,59590.44268798828,42886.71826171875,0,34088599552,2147483648,8582737920,0
200,1787753205412,3500,3500,3500,3500,3500,3500,3500,3500,3500,3500,3500,3500,3500,3500,3500,3500,3500,3500,3500,3500,19.73382568359375,2.790618896484375,3.0586090087890625,0.3630218505859375,14.347740173339844,5.6234893798828125,12.347221374511719,7.622474670410156,3.0355606079101563,0.6995468139648438,0.487884521484375,0.6011734008789063,24.00286865234375,0.2995147705078125,7.723838806152344,2.817108154296875,2.6538314819335938,0.31957244873046875,0.5109329223632813,0.3163299560546875,0,59600.01202392578,42893.68103027344,0,34088599552,2147483648,8588046336,0
201,1787753205612,3500,3500,3500,3500,3500,3500,3500,3500,3500,3500,3500,3500,3500,3500,3500,3500,3500,3500,3500,3500,18.071693420410156,0.487335205078125,0.27744293212890625,0.3172607421875,0.3118133544921875,0.27489471435546875,0.2729949951171875,0.276092529296875,0.717315673828125,0.34883880615234375,0.32010650634765625,0.26175689697265625,22.412391662597656,2.7571792602539063,1.0774383544921875,0.25970458984375,0.30316925048828125,2.8152847290039063,2.84796142578125,0.29712677001953125,0,59607.19842529297,42898.7021484375,0,34088599552,2147483648,8588554240,0
200,1787753205813,3500,3500,3500,3500,3500,3500,3500,3500,3500,3500,3500,3500,3500,3500,3500,3500,3500,3500,3500,3500,19.335792541503906,0,0,2.458831787109375,2.5541229248046875,0,0,0,0,2.4203033447265625,0,0,30.913467407226563,0,5.917999267578125,0,2.6599960327148438,0,0,0,0,59615.46350097656,42904.761779785156,0,34088599552,2147483648,8591912960,0
200,1787753206013,3500,3500,3500,3500,3500,3500,3500,3500,3500,3500,3500,3500,3500,3500,3500,3500,3500,3500,3500,3500,19.530624389648438,0.7405929565429688,0.6757583618164063,0.6647796630859375,0.6316375732421875,0.748992919921875,0.6617431640625,3.140899658203125,3.2623214721679688,0.688079833984375,3.1929168701171875,0.6597061157226563,27.545700073242188,0.5954208374023438,4.323234558105469,0.6515579223632813,0.6718292236328125,0.6927490234375,0.64117431640625,0.6922988891601563,0,59623.758728027344,42910.87585449219,0,34088599552,2147483648,8600145920,0
200,1787753206214,3500,3500,3500,3500,3500,3500,3500,3500,3500,3500,3500,3500,3500,3500,3500,3500,3500,3500,3500,3500,15.610206604003906,0.5630645751953125,0.31107330322265625,0.3087310791015625,0.5685577392578125,0.7254409790039063,0.48432159423828125,0.5003890991210938,0.37235260009765625,0.2365264892578125,0.26731109619140625,2.893524169921875,26.35919952392578,0.25079345703125,3.1808395385742188,0.311126708984375,0.5627670288085938,0.37699127197265625,0.3144683837890625,2.1879425048828125,0,59631.37469482422,42916.321228027344,0,34088599552,2147483648,8600846336,0
200,1787753206414,3500,3500,3500,3500,3500,3500,3500,3500,3500,3500,3500,3500,3500,3500,3500,3500,3500,3500,3500,3500,15.738677978515625,2.8931350708007813,2.7784805297851563,0.25115203857421875,0.42542266845703125,3.0199508666992188,2.98114013671875,0.370941162109375,0.29510498046875,0.225006103515625,0.17102813720703125,0.31147003173828125,20.971946716308594,0.19232940673828125,2.648162841796875,2.8446884155273438,0.234588623046875,0.2899169921875,0.2492523193359375,0.8942489624023438,0,59638.673095703125,42921.448669433594,0,34088599552,2147483648,8601690112,0
200,1787753206615,3500,3500,3500,3500,3500,3500,3500,3500,3500,3500,3500,3500,3500,3500,3500,3500,3500,3500,3500,3500,15.057502746582031,0.4034271240234375,0.32863616943359375,0.36710357666015625,0.5351409912109375,0.5057601928710938,0.5126419067382813,0.4611053466796875,0.41959381103515625,0.34984588623046875,0.38706207275390625,0.33672332763671875,28.145912170410156,0.3105316162109375,1.7141952514648438,0.3980865478515625,0.42104339599609375,2.9697341918945313,2.8803253173828125,0.32375335693359375,0,59646.78826904297,42927.40075683594,0,34088599552,2147483648,8602185728,0
200,1787753206815,3500,3500,3500,3500,3500,3500,3500,3500,3500,3500,3500,3500,3500,3500,3500,3500,3500,3500,3500,3500,16.425819396972656,0.5062713623046875,0.31390380859375,2.836334228515625,5.259613037109375,0.41106414794921875,0.43877410888671875,0.4110107421875,0.2616729736328125,2.8450775146484375,0.25069427490234375,0.3326263427734375,25.056808471679688,2.7831649780273438,3.9996185302734375,0.26971435546875,2.8999481201171875,0.38944244384765625,0.322784423828125,0.30371856689453125,0,59655.546875,42933.97998046875,0,34088599552,2147483648,8601628672,0
200,1787753207015,3500,3500,3500,3500,3500,3500,3500,3500,3500,3500,3500,3500,3500,3500,3500,3500,3500,3500,3500,3500,21.545982360839844,0.525482177734375,0.193389892578125,0.22885894775390625,2.4828109741210938,0.25875091552734375,0.22422027587890625,2.849334716796875,2.742462158203125,0.1612091064453125,2.715118408203125,0.19223785400390625,23.2786865234375,0.16649627685546875,1.6583175659179688,0.18775177001953125,0.5084686279296875,0.255706787109375,0.20401763916015625,0.22217559814453125,0,59662.921813964844,42939.186462402344,0,34088599552,2147483648,8602202112,0
200,1787753207216,3500,3500,3500,3500,3500,3500,3500,3500,3500,3500,3500,3500,3500,3500,3500,3500,3500,3500,3500,3500,20.42486572265625,0.5902175903320313,0.3948974609375,0.39409637451171875,0.39484405517578125,0.3620147705078125,0.36875152587890625,0.4084625244140625,0.5218658447265625,0.5276565551757813,0.428070068359375,3.0329208374023438,24.37560272216797,0.3572235107421875,5.3130340576171875,0.39818572998046875,0.39987945556640625,0.4064178466796875,0.42303466796875,0.40726470947265625,0,59669.506103515625,42943.57940673828,0,34088599552,2147483648,8602636288,0
200,1787753207416,3500,3500,3500,3500,3500,3500,3500,3500,3500,3500,3500,3500,3500,3500,3500,3500,3500,3500,3500,3500,11.842903137207031,3.0341567993164063,2.9195709228515625,0.4423370361328125,6.5073089599609375,2.9346847534179688,2.9157791137695313,0.3774871826171875,2.9311904907226563,0.46099853515625,0.4387969970703125,0.43799591064453125,26.09813690185547,0.35742950439453125,4.201934814453125,2.9263076782226563,3.3820648193359375,0.446624755859375,0.44034576416015625,2.9199676513671875,0,59678.054443359375,42949.968017578125,0,34088599552,2147483648,8602542080,0
200,1787753207617,3500,3500,3500,3500,3500,3500,3500,3500,3500,3500,3500,3500,3500,3500,3500,3500,3500,3500,3500,3500,12.141014099121094,0.35280609130859375,0.29943084716796875,0.3382415771484375,3.12603759765625,0.25298309326171875,0.30132293701171875,0.272735595703125,0.34741973876953125,0.3097076416015625,0.2078857421875,0.23722076416015625,35.698509216308594,0.2562713623046875,0.8980865478515625,0.34108734130859375,0.3602447509765625,0.9901275634765625,2.7974700927734375,0.314544677734375,0,59685.95056152344,42955.709228515625,0,34088599552,2147483648,8603176960,0
200,1787753207817,3500,3500,3500,3500,3500,3500,3500,3500,3500,3500,3500,3500,3500,3500,3500,3500,3500,3500,3500,3500,20.584739685058594,0.6984939575195313,0.31020355224609375,2.8005599975585938,4.289405822753906,0.27272796630859375,0.2382049560546875,0.287200927734375,0.29323577880859375,2.7839431762695313,0.31763458251953125,0.271331787109375,20.0987548828125,2.7745132446289063,2.1540069580078125,0.32886505126953125,2.995452880859375,2.3113784790039063,0.32277679443359375,0.310455322265625,0,59693.76611328125,42961.356018066406,0,34088599552,2147483648,8603193344,0
200,1787753208017,3500,3500,3500,3500,3500,3500,3500,3500,3500,3500,3500,3500,3500,3500,3500,3500,3500,3500,3500,3500,13.951446533203125,0.4937744140625,0.26583099365234375,0.260833740234375,0.302764892578125,0.33086395263671875,0.27471160888671875,2.8031234741210938,0.27716064453125,0.1722412109375,2.742584228515625,0.25405120849609375,27.76697540283203,0.2010955810546875,2.6106643676757813,0.22100830078125,0.25279998779296875,0.24266815185546875,0.24361419677734375,0.2508087158203125,0,59702.24353027344,42967.65979003906,0,34088599552,2147483648,8602902528,0
200,1787753208218,3500,3500,3500,3500,3500,3500,3500,3500,3500,3500,3500,3500,3500,3500,3500,3500,3500,3500,3500,3500,20.051406860351563,0.961456298828125,0.35849761962890625,0.363037109375,0.342132568359375,0.3454742431640625,0.3630828857421875,0.27703857421875,2.8674163818359375,0.42583465576171875,0.29729461669921875,2.8565902709960938,12.735992431640625,0.35205841064453125,1.15130615234375,0.34223175048828125,0.35221099853515625,0.3819427490234375,0.36887359619140625,0.43212127685546875,0,59709.36328125,42972.626037597656,0,34088599552,2147483648,8602992640,0
200,1787753208418,3500,3500,3500,3500,3500,3500,3500,3500,3500,3500,3500,3500,3500,3500,3500,3500,3500,3500,3500,3500,14.247314453125,2.8319931030273438,3.2448272705078125,0.33167266845703125,8.397560119628906,2.8335418701171875,2.7578659057617188,0.30548858642578125,0.350982666015625,0.34210205078125,0.27550506591796875,0.2475738525390625,29.77837371826172,0.28014373779296875,9.123062133789063,2.8147354125976563,4.439292907714844,0.30638885498046875,1.2236480712890625,2.9705734252929688,0,59717.42614746094,42978.60369873047,0,34088599552,2147483648,8602583040,0
200,1787753208619,3500,3500,3500,3500,3500,3500,3500,3500,3500,3500,3500,3500,3500,3500,3500,3500,3500,3500,3500,3500,23.639404296875,1.0204391479492188,0.3742218017578125,0.401214599609375,2.5662689208984375,0.315704345703125,0.20369720458984375,0.259674072265625,0.2714996337890625,0.32437896728515625,0.24510955810546875,0.4395751953125,26.82360076904297,0.26291656494140625,0.3788604736328125,0.36449432373046875,0.3418426513671875,0.375518798828125,2.8609161376953125,0.26731109619140625,0,59726.8544921875,42986.076171875,0,34088599552,2147483648,8602472448,0
200,1787753208819,3500,3500,3500,3500,3500,3500,3500,3500,3500,3500,3500,3500,3500,3500,3500,3500,3500,3500,3500,3500,20.221435546875,0.27083587646484375,0.3104095458984375,2.8233413696289063,3.0464630126953125,0.3167572021484375,0.3285980224609375,0.4069061279296875,0.415802001953125,3.035369873046875,0.475860595703125,0.5607147216796875,100,2.678131103515625,6.7675628662109375,0.238555908203125,2.8476791381835938,2.828338623046875,0.31845855712890625,0.3025665283203125,0,59736.90899658203,42993.78723144531,0,34088599552,2147483648,8602472448,0
200,1787753209019,3500,3500,3500,3500,3500,3500,3500,3500,3500,3500,3500,3500,3500,3500,3500,3500,3500,3500,3500,3500,28.23285675048828,0.2856292724609375,0.34848785400390625,0.3072662353515625,0.4409637451171875,0.31661224365234375,0.319061279296875,2.8846588134765625,0.432373046875,0.49182891845703125,0.49382781982421875,0.540740966796875,90.14213562011719,0.14728546142578125,12.904052734375,0.264801025390625,0.5244522094726563,0.31681060791015625,0.29802703857421875,0.31036376953125,0,59744.78240966797,42999.82537841797,0,34088599552,2147483648,8602669056,0
200,1787753209220,3500,3500,3500,3500,3500,3500,3500,3500,3500,3500,3500,3500,3500,3500,3500,3500,3500,3500,3500,3500,32.63996887207031,0.25321197509765625,0.31296539306640625,0.3224945068359375,0.9606552124023438,0.21894073486328125,0.27121734619140625,0.3174591064453125,2.7496795654296875,0.27176666259765625,2.8869552612304688,2.7917327880859375,86.58842468261719,0.1465606689453125,13.660942077636719,0.2004852294921875,0.31327056884765625,0.298004150390625,0.28697967529296875,0.3367156982421875,0,59755.080505371094,43007.526306152344,0,34088599552,2147483648,8602189824,0
200,1787753209420,3500,3500,3500,3500,3500,3500,3500,3500,3500,3500,3500,3500,3500,3500,3500,3500,3500,3500,3500,3500,16.474960327148438,2.901641845703125,2.8212890625,0.29549407958984375,0.28260040283203125,2.8166427612304688,2.7925491333007813,0.1734619140625,0.3164825439453125,0.25836944580078125,0.30859375,0.24432373046875,97.33953094482422,0.12183380126953125,6.019981384277344,2.7645187377929688,0.28580474853515625,0.27400970458984375,0.2962493896484375,2.8499221801757813,0,59763.77062988281,43014.07702636719,0,34088599552,2147483648,8601780224,0
200,1787753209620,3500,3500,3500,3500,3500,3500,3500,3500,3500,3500,3500,3500,3500,3500,3500,3500,3500,3500,3500,3500,16.23267364501953,0.34488677978515625,0.28369903564453125,0.2951202392578125,2.4554824829101563,0.3059844970703125,0.28045654296875,0.28289794921875,0.3059844970703125,0.24784088134765625,0.2888336181640625,0.32683563232421875,90.64173126220703,0.130706787109375,11.560028076171875,0.278961181640625,0.280609130859375,0.30175018310546875,2.8237533569335938,0.290679931640625,0,59773.77410888672,43021.92401123047,0,34088599552,2147483648,8601161728,0
199,1787753209821,3500,3500,3500,3500,3500,3500,3500,3500,3500,3500,3500,3500,3500,3500,3500,3500,3500,3500,3500,3500,16.53675079345703,0.24219512939453125,0.263946533203125,2.7596359252929688,4.661003112792969,0.2422943115234375,0.15990447998046875,0.22583770751953125,0.21950531005859375,2.7954940795898438,0.23770904541015625,0.1687774658203125,79.3469467163086,2.6518020629882813,26.712875366210938,0.150177001953125,2.73095703125,2.7722015380859375,0.24738311767578125,0.2227935791015625,0,59783.496520996094,43029.48937988281,0,34088599552,2147483648,8601288704,0
200,1787753210021,3500,3500,3500,3500,3500,3500,3500,3500,3500,3500,3500,3500,3500,3500,3500,3500,3500,3500,3500,3500,40.84962844848633,0.28783416748046875,0.36830902099609375,0.3868408203125,0.3389892578125,0.309814453125,0.3131103515625,2.8625640869140625,0.35427093505859375,0.3314971923828125,0.33528900146484375,0.376800537109375,95.32345581054688,0.18343353271484375,2.5447540283203125,0.30297088623046875,0.39963531494140625,0.42720794677734375,0.30926513671875,0.3800506591796875,0,59793.24670410156,43037.08740234375,0,34088599552,2147483648,8600600576,0
200,1787753210221,3500,3500,3500,3500,3500,3500,3500,3500,3500,3500,3500,3500,3500,3500,3500,3500,3500,3500,3500,3500,18.172271728515625,0.27832794189453125,0.3040771484375,0.29294586181640625,0.5070114135742188,0.34394073486328125,0.38121795654296875,0.24674224853515625,2.817718505859375,0.31545257568359375,2.7780532836914063,2.79815673828125,82.73491668701172,0.1638641357421875,21.775978088378906,0.25298309326171875,0.5028152465820313,0.5159912109375,0.3120574951171875,0.28371429443359375,0,59803.914978027344,43045.59313964844,0,34088599552,2147483648,8600924160,0
200,1787753210422,3500,3500,3500,3500,3500,3500,3500,3500,3500,3500,3500,3500,3500,3500,3500,3500,3500,3500,3500,3500,21.712448120117188,2.8169937133789063,2.8037643432617188,0.29087066650390625,0.4424896240234375,3.01812744140625,0.5142593383789063,0.43704986572265625,0.23632049560546875,0.26032257080078125,0.30728912353515625,0.3101806640625,53.264522552490234,0.2191009521484375,55.68344497680664,2.7268600463867188,8.925704956054688,0.43115997314453125,0.368621826171875,2.8051605224609375,0,59814.76739501953,43054.28741455078,0,34088599552,2147483648,8600145920,0
199,1787753210622,3500,3500,3500,3500,3500,3500,3500,3500,3500,3500,3500,3500,3500,3500,3500,3500,3500,3500,3500,3500,18.255783081054688,0.27745819091796875,0.38600921630859375,0.2962493896484375,0.3515777587890625,0.29540252685546875,2.8547210693359375,0.297454833984375,0.27796173095703125,0.29724884033203125,0.39929962158203125,0.34902191162109375,73.07875061035156,0.16556549072265625,4.542228698730469,0.2859039306640625,29.520401000976563,0.276611328125,3.0146408081054688,0.26806640625,0,59825.048767089844,43062.42370605469,0,34088599552,2147483648,8600518656,0
200,1787753210822,3500,3500,3500,3500,3500,3500,3500,3500,3500,3500,3500,3500,3500,3500,3500,3500,3500,3500,3500,3500,8.329177856445313,0.2640228271484375,0.28531646728515625,2.83929443359375,3.1217575073242188,0.2542724609375,0.31390380859375,0.28771209716796875,0.33989715576171875,2.9505081176757813,0.45476531982421875,0.4502105712890625,36.81586456298828,2.7379226684570313,76.16056060791016,0.1538543701171875,2.9438629150390625,2.8122024536132813,0.3227996826171875,0.3003082275390625,0,59833.580017089844,43068.80194091797,0,34088599552,2147483648,8600518656,0
200,1787753211022,3500,3500,3500,3500,3500,3500,3500,3500,3500,3500,3500,3500,3500,3500,3500,3500,3500,3500,3500,3500,5.5479888916015625,0.25446319580078125,0.3009796142578125,0.2826385498046875,0.27434539794921875,0.2021484375,0.29598236083984375,2.7999267578125,0.47429656982421875,0.4148406982421875,0.396209716796875,0.415740966796875,48.870487213134766,0.20989227294921875,93.45404815673828,0.13195037841796875,4.6309661865234375,0.31461334228515625,0.39650726318359375,0.3428955078125,0,59844.40313720703,43077.47821044922,0,34088599552,2147483648,8600219648,0
200,1787753211222,3500,3500,3500,3500,3500,3500,3500,3500,3500,3500,3500,3500,3500,3500,3500,3500,3500,3500,3500,3500,27.972808837890625,0.2920074462890625,20.76056671142578,0.26763153076171875,9.787605285644531,2.7309799194335938,0.33795166015625,0.264434814453125,17.80804443359375,0.29909515380859375,2.9022293090820313,0.32216644287109375,68.51573181152344,0.19167327880859375,35.79108428955078,0.23702239990234375,73.3330078125,0.19676971435546875,24.820877075195313,0.29489898681640625,0,59856.03356933594,43086.84686279297,0,34088599552,2147483648,8619364352,0
200,1787753211423,3500,3500,3500,3500,3500,3500,3500,3500,3500,3500,3500,3500,3500,3500,3500,3500,3500,3500,3500,3500,35.12501525878906,2.8250961303710938,77.92549133300781,0.2099456787109375,3.1641616821289063,3.8553237915039063,15.570510864257813,1.2805862426757813,2.0285186767578125,1.434051513671875,0.747039794921875,2.813568115234375,49.197509765625,0.2328948974609375,93.96414184570313,2.7070999145507813,53.27824401855469,0.24002838134765625,75.97750091552734,2.709991455078125,0,59870.00439453125,43098.57830810547,0,34088599552,2147483648,8636235776,0
200,1787753211623,3500,3500,3500,3500,3500,3500,3500,3500,3500,3500,3500,3500,3500,3500,3500,3500,3500,3500,3500,3500,38.91879653930664,0.3263397216796875,20.656478881835938,0.34490203857421875,20.2347412109375,7.474678039550781,3.0878982543945313,0.39908599853515625,27.453872680664063,0.30389404296875,0.311920166015625,0.28607940673828125,84.047119140625,0.21169281005859375,40.62529373168945,0.23229217529296875,59.710227966308594,0.22356414794921875,56.48013687133789,0.2588348388671875,0,59884.810302734375,43111.128479003906,0,34088599552,2147483648,8633597952,0
200,1787753211823,3500,3500,3500,3500,3500,3500,3500,3500,3500,3500,3500,3500,3500,3500,3500,3500,3500,3500,3500,3500,20.32147979736328,0.33934783935546875,23.20038604736328,2.801513671875,3.0071334838867188,0.31407928466796875,0.29370880126953125,0.2967529296875,0.31153106689453125,2.7986679077148438,0.32266998291015625,0.311737060546875,81.4972915649414,2.676177978515625,6.050025939941406,0.3267669677734375,3.502227783203125,2.85888671875,1.7022247314453125,0.34264373779296875,0,59896.407165527344,43120.60705566406,0,34088599552,2147483648,8610553856,0
200,1787753212024,3500,3500,3500,3500,3500,3500,3500,3500,3500,3500,3500,3500,3500,3500,3500,3500,3500,3500,3500,3500,28.154319763183594,0.25861358642578125,0.32486724853515625,0.27692413330078125,0.42049407958984375,0.26629638671875,0.29718017578125,2.786285400390625,0.46469879150390625,0.46245574951171875,0.3585357666015625,0.35474395751953125,50.10493850708008,0.21176910400390625,36.09652328491211,0.2312774658203125,26.487396240234375,0.2764739990234375,0.536834716796875,0.3646240234375,0,59905.459411621094,43127.467834472656,0,34088599552,2147483648,8610308096,0
200,1787753212224,3500,3500,3500,3500,3500,3500,3500,3500,3500,3500,3500,3500,3500,3500,3500,3500,3500,3500,3500,3500,6.579597473144531,0.2392730712890625,0.29034423828125,0.3260345458984375,0.35738372802734375,0.24291229248046875,0.3256378173828125,0.25644683837890625,2.9972076416015625,0.48293304443359375,2.9799423217773438,0.39243316650390625,23.469993591308594,0.22544097900390625,42.896331787109375,0.19179534912109375,0.46031951904296875,0.38549041748046875,54.89446258544922,0.22264862060546875,0,59915.3828125,43135.2421875,0,34088599552,2147483648,8607535104,0
199,1787753212424,3500,3500,3500,3500,3500,3500,3500,3500,3500,3500,3500,3500,3500,3500,3500,3500,3500,3500,3500,3500,17.87621307373047,2.7963943481445313,0.2704620361328125,0.327545166015625,14.229774475097656,2.8885955810546875,0.22730255126953125,0.26651763916015625,0.4503631591796875,0.37934112548828125,0.47399139404296875,2.9266586303710938,78.17887878417969,0.159881591796875,30.03380584716797,2.7161865234375,0.41205596923828125,0.321258544921875,0.3194580078125,2.8533859252929688,0,59925.667541503906,43143.35974121094,0,34088599552,2147483648,8607780864,0
200,1787753212624,3500,3500,3500,3500,3500,3500,3500,3500,3500,3500,3500,3500,3500,3500,3500,3500,3500,3500,3500,3500,11.812820434570313,0.27562713623046875,2.8247146606445313,0.294921875,42.890228271484375,0.20894622802734375,2.7698287963867188,0.2421875,0.36235809326171875,0.3488616943359375,0.27777862548828125,0.25783538818359375,80.6270980834961,0.1744537353515625,1.7464981079101563,0.29192352294921875,25.50970458984375,0.277679443359375,0.40219879150390625,0.40399169921875,0,59937.03924560547,43152.583984375,0,34088599552,2147483648,8605347840,0
200,1787753212825,3500,3500,3500,3500,3500,3500,3500,3500,3500,3500,3500,3500,3500,3500,3500,3500,3500,3500,3500,3500,22.096466064453125,0.276580810546875,0.371856689453125,2.8368606567382813,3.860992431640625,0.30449676513671875,0.3343505859375,0.3460845947265625,0.3299102783203125,0.8771743774414063,0.317474365234375,0.265045166015625,65.10663604736328,2.6881561279296875,10.159271240234375,0.2509613037109375,55.06435775756836,2.73944091796875,4.9794921875,0.313232421875,0,59948.64392089844,43161.978759765625,0,34088599552,2147483648,8614129664,0
200,1787753213025,3500,3500,3500,3500,3500,3500,3500,3500,3500,3500,3500,3500,3500,3500,3500,3500,3500,3500,3500,3500,37.3731575012207,0.25527191162109375,0.34152984619140625,0.3657684326171875,0.33843231201171875,0.34333038330078125,0.282806396484375,2.8934097290039063,0.350372314453125,2.1442337036132813,0.27166748046875,0.2855072021484375,72.94200897216797,0.15357208251953125,49.00542068481445,0.19300079345703125,17.455612182617188,0.28635406494140625,0.3160400390625,0.34917449951171875,0,59957.453552246094,43168.639221191406,0,34088599552,2147483648,8604352512,0
200,1787753213225,3500,3500,3500,3500,3500,3500,3500,3500,3500,3500,3500,3500,3500,3500,3500,3500,3500,3500,3500,3500,14.483222961425781,0,0,0,0,0,0,0,0.9622039794921875,0,0.8866500854492188,0,38.78426742553711,0,85.9317398071289,0,0,0,0,0,0,59967.11651611328,43176.062438964844,0,34088599552,2147483648,8605151232,0
200,1787753213425,3500,3500,3500,3500,3500,3500,3500,3500,3500,3500,3500,3500,3500,3500,3500,3500,3500,3500,3500,3500,5.7742767333984375,3.5284881591796875,1.0053939819335938,0.9568099975585938,1.2450180053710938,3.4952316284179688,0.9771804809570313,0.9326705932617188,0.9710235595703125,0.9265060424804688,0.9674530029296875,3.5421905517578125,52.131446838378906,0.871246337890625,44.248287200927734,3.4752731323242188,61.35894012451172,0.8728256225585938,0.99383544921875,3.5413284301757813,0,59976.43127441406,43183.28009033203,0,34088599552,2147483648,8603865088,0
200,1787753213626,3500,3500,3500,3500,3500,3500,3500,3500,3500,3500,3500,3500,3500,3500,3500,3500,3500,3500,3500,3500,31.605430603027344,0.3114471435546875,2.8402023315429688,0.3442535400390625,0.43178558349609375,0.36637115478515625,2.8243255615234375,0.34195709228515625,0.34415435791015625,0.32697296142578125,0.2937164306640625,0.353240966796875,79.01570129394531,0.24013519287109375,27.21459197998047,0.25676727294921875,7.92169189453125,0.33187103271484375,0.53240966796875,0.34764862060546875,0,59986.451721191406,43191.12060546875,0,34088599552,2147483648,8603389952,0
200,1787753213826,3500,3500,3500,3500,3500,3500,3500,3500,3500,3500,3500,3500,3500,3500,3500,3500,3500,3500,3500,3500,11.819877624511719,0.220794677734375,0.27983856201171875,2.8447189331054688,6.232940673828125,0.3766021728515625,0.3574676513671875,0.33963775634765625,0.5241165161132813,0.3596649169921875,0.2554168701171875,0.2136993408203125,35.076942443847656,2.7114410400390625,90.5962905883789,0.1156463623046875,3.0039215087890625,2.807952880859375,2.7988662719726563,0.29657745361328125,0,59995.60437011719,43198.121643066406,0,34088599552,2147483648,8603430912,0
200,1787753214026,3500,3500,3500,3500,3500,3500,3500,3500,3500,3500,3500,3500,3500,3500,3500,3500,3500,3500,3500,3500,29.227493286132813,0.262603759765625,0.32576751708984375,0.29747772216796875,0.30281829833984375,0.28176116943359375,0.26165008544921875,0.34647369384765625,0.3409881591796875,2.7836761474609375,0.31629180908203125,0.3221282958984375,71.29261779785156,0.164459228515625,36.08573913574219,0.2182464599609375,1.1044387817382813,0.28121185302734375,0.32317352294921875,0.2811126708984375,0,60003.99365234375,43204.825744628906,0,34088599552,2147483648,8601657344,0
200,1787753214227,3500,3500,3500,3500,3500,3500,3500,3500,3500,3500,3500,3500,3500,3500,3500,3500,3500,3500,3500,3500,27.69805145263672,0.321075439453125,24.843429565429688,0.3095550537109375,17.342864990234375,0.994110107421875,1.7259140014648438,3.1206283569335938,4.40887451171875,1.3602371215820313,2.9470138549804688,0.28246307373046875,32.38435363769531,0.29608154296875,11.137779235839844,0.29468536376953125,26.222122192382813,0.301422119140625,23.176979064941406,0.28839874267578125,0,60014.60632324219,43212.80163574219,0,34088599552,2147483648,8582496256,0
200,1787753214427,3500,3500,3500,3500,3500,3500,3500,3500,3500,3500,3500,3500,3500,3500,3500,3500,3500,3500,3500,3500,16.932907104492188,2.7673797607421875,0.2867889404296875,0.29042816162109375,0.4855804443359375,2.7860488891601563,0.25604248046875,0.25714111328125,0.2855377197265625,0.2417144775390625,0.221405029296875,2.8085556030273438,27.620223999023438,0.20897674560546875,26.802841186523438,2.7706298828125,36.61537551879883,0.20847320556640625,0.33744049072265625,2.8092575073242188,0,60025.01623535156,43221.655822753906,0,34088599552,2147483648,8581611520,0
200,1787753214627,3500,3500,3500,3500,3500,3500,3500,3500,3500,3500,3500,3500,3500,3500,3500,3500,3500,3500,3500,3500,1.5577011108398438,0.23406219482421875,2.8339920043945313,0.3387451171875,0.4076995849609375,0.3251190185546875,2.847320556640625,0.31035614013671875,0.32532501220703125,0.320831298828125,0.31539154052734375,0.2748260498046875,2.8698196411132813,0.23895263671875,11.577926635742188,0.34233856201171875,88.73426818847656,0.178375244140625,0.38120269775390625,0.3170928955078125,0,60034.471435546875,43228.38702392578,0,34088599552,2147483648,8581435392,0
200,1787753214828,3500,3500,3500,3500,3500,3500,3500,3500,3500,3500,3500,3500,3500,3500,3500,3500,3500,3500,3500,3500,4.083740234375,0.30030059814453125,0.258453369140625,2.8232955932617188,4.235160827636719,0.3293304443359375,0.256805419921875,0.20653533935546875,0.2588043212890625,0.2796478271484375,0.2808990478515625,0.25945281982421875,3.26788330078125,2.750823974609375,20.32733917236328,0.25521087646484375,49.28331756591797,2.7639923095703125,36.23453140258789,0.24648284912109375,0,60043.86279296875,43235.654541015625,0,34088599552,2147483648,8581427200,0
200,1787753215028,3500,3500,3500,3500,3500,3500,3500,3500,3500,3500,3500,3500,3500,3500,3500,3500,3500,3500,3500,3500,13.628326416015625,0.243255615234375,0.2823944091796875,0.2880859375,0.351898193359375,0.21019744873046875,0.28029632568359375,0.2370147705078125,0.25872802734375,2.7826766967773438,0.31380462646484375,0.2535858154296875,30.77606964111328,0.18558502197265625,38.38090515136719,0.22837066650390625,6.790046691894531,0.27510833740234375,21.82476043701172,0.2531890869140625,0,60053.98400878906,43243.622985839844,0,34088599552,2147483648,8581107712,0
199,1787753215228,3500,3500,3500,3500,3500,3500,3500,3500,3500,3500,3500,3500,3500,3500,3500,3500,3500,3500,3500,3500,11.461196899414063,0.2354888916015625,0.28269195556640625,0.33504486083984375,1.7558059692382813,0.30002593994140625,0.2834930419921875,2.7891693115234375,2.8516159057617188,0.28414154052734375,2.747802734375,0.2781982421875,7.956077575683594,0.235137939453125,36.30480194091797,0.21190643310546875,54.35062789916992,0.23443603515625,0.30217742919921875,0.298980712890625,0,60063.89385986328,43251.41552734375,0,34088599552,2147483648,8581201920,0
200,1787753215428,3500,3500,3500,3500,3500,3500,3500,3500,3500,3500,3500,3500,3500,3500,3500,3500,3500,3500,3500,3500,3.7735519409179688,0.30750274658203125,0.29925537109375,0.30145263671875,0.427581787109375,2.8151016235351563,0.30480194091796875,0.339996337890625,0.3220977783203125,0.27010345458984375,0.3284454345703125,2.8220062255859375,18.69098663330078,0.25446319580078125,34.37689971923828,2.7498626708984375,53.12472915649414,0.21341705322265625,0.290252685546875,2.885589599609375,0,60071.927673339844,43257.32604980469,0,34088599552,2147483648,8581201920,0
200,1787753215629,3500,3500,3500,3500,3500,3500,3500,3500,3500,3500,3500,3500,3500,3500,3500,3500,3500,3500,3500,3500,2.248199462890625,2.73590087890625,2.794464111328125,0.2984619140625,0.2387542724609375,0.27248382568359375,2.7360458374023438,0.18958282470703125,0.24759674072265625,0.25579071044921875,0.24799346923828125,0.263885498046875,28.373504638671875,0.2324066162109375,1.5358963012695313,0.19428253173828125,75.41864013671875,0.11742401123046875,0.2609405517578125,0.2324066162109375,0,60080.10906982422,43263.367614746094,0,34088599552,2147483648,8581103616,0
200,1787753215829,3500,3500,3500,3500,3500,3500,3500,3500,3500,3500,3500,3500,3500,3500,3500,3500,3500,3500,3500,3500,6.30352783203125,0.2773590087890625,0.38700103759765625,2.8638992309570313,2.9936141967773438,0.31380462646484375,0.28020477294921875,0.27051544189453125,0.35210418701171875,0.3155059814453125,0.336822509765625,0.31450653076171875,16.121429443359375,2.7806625366210938,71.77619934082031,0.17639923095703125,19.941024780273438,2.8146133422851563,2.8736343383789063,0.2892913818359375,0,60089.031677246094,43270.16778564453,0,34088599552,2147483648,8581046272,0
200,1787753216029,3500,3500,3500,3500,3500,3500,3500,3500,3500,3500,3500,3500,3500,3500,3500,3500,3500,3500,3500,3500,17.290794372558594,0.23195648193359375,0.26941680908203125,0.31961822509765625,0.24254608154296875,0.31702423095703125,0.266876220703125,0.24748992919921875,0.2992401123046875,2.7710723876953125,0.275665283203125,0.238800048828125,14.119033813476563,0.23415374755859375,61.83383560180664,0.17496490478515625,14.078628540039063,0.29779052734375,0.25528717041015625,0.297393798828125,0,60100.24768066406,43279.26007080078,0,34088599552,2147483648,8580227072,0
200,1787753216230,3500,3500,3500,3500,3500,3500,3500,3500,3500,3500,3500,3500,3500,3500,3500,3500,3500,3500,3500,3500,11.545890808105469,0.2487335205078125,0.26978302001953125,0.30803680419921875,0.321502685546875,0.3680877685546875,0.36359405517578125,2.8313217163085938,2.7776031494140625,0.3283843994140625,2.7465286254882813,0.263397216796875,11.845741271972656,0.20858001708984375,69.49507904052734,0.16144561767578125,16.0498046875,0.26404571533203125,0.33437347412109375,0.32529449462890625,0,60109.92199707031,43286.80725097656,0,34088599552,2147483648,8580272128,0
200,1787753216430,3500,3500,3500,3500,3500,3500,3500,3500,3500,3500,3500,3500,3500,3500,3500,3500,3500,3500,3500,3500,13.314125061035156,0.25585174560546875,0.28049468994140625,0.31043243408203125,0.4126129150390625,2.8453216552734375,0.2853851318359375,0.35169219970703125,0.31302642822265625,0.24871063232421875,0.28528594970703125,2.828460693359375,17.49871826171875,0.251007080078125,51.35750198364258,2.7306671142578125,35.74736785888672,0.2566986083984375,0.34854888916015625,2.851806640625,0,60119.1005859375,43293.83123779297,0,34088599552,2147483648,8580599808,0
200,1787753216630,3500,3500,3500,3500,3500,3500,3500,3500,3500,3500,3500,3500,3500,3500,3500,3500,3500,3500,3500,3500,10.224853515625,2.8228759765625,2.8360061645507813,0.337799072265625,0.3304595947265625,0.33609771728515625,2.799468994140625,0.339996337890625,0.34523773193359375,0.35781097412109375,0.2523345947265625,0.2916259765625,92.31608581542969,0.18015289306640625,0.6060562133789063,0.31768035888671875,0.3730926513671875,0.4069366455078125,0.352020263671875,0.3019561767578125,0,60128.197204589844,43300.80242919922,0,34088599552,2147483648,8580554752,0
200,1787753216831,3500,3500,3500,3500,3500,3500,3500,3500,3500,3500,3500,3500,3500,3500,3500,3500,3500,3500,3500,3500,5.391654968261719,0.2483062744140625,0.255401611328125,2.7849273681640625,0.7749404907226563,0.254852294921875,0.26303863525390625,0.246063232421875,0.23842620849609375,0.2563018798828125,0.24765777587890625,0.29694366455078125,12.036788940429688,2.7419891357421875,90.6544189453125,0.1270294189453125,2.8466415405273438,2.8602294921875,2.8141860961914063,0.2796630859375,0,60136.16198730469,43306.63250732422,0,34088599552,2147483648,8580554752,0
200,1787753217031,3500,3500,3500,3500,3500,3500,3500,3500,3500,3500,3500,3500,3500,3500,3500,3500,3500,3500,3500,3500,3.0147323608398438,0.236846923828125,0.3220977783203125,0.3007965087890625,2.8624343872070313,0.22911834716796875,0.28847503662109375,0.32404327392578125,0.25894927978515625,2.8553543090820313,0.29192352294921875,0.271514892578125,10.739242553710938,0.18402099609375,60.61660385131836,0.19709014892578125,31.85308074951172,0.25875091552734375,0.29940032958984375,0.299652099609375,0,60145.2138671875,43313.55993652344,0,34088599552,2147483648,8580456448,0
200,1787753217232,3500,3500,3500,3500,3500,3500,3500,3500,3500,3500,3500,3500,3500,3500,3500,3500,3500,3500,3500,3500,7.039756774902344,0.19663238525390625,0.25897979736328125,0.22426605224609375,0.8053817749023438,0.24456787109375,0.21518707275390625,2.7632598876953125,2.765899658203125,0.23264312744140625,2.7540817260742188,0.2095489501953125,69.43965148925781,0.134033203125,33.5343017578125,0.2498016357421875,4.042808532714844,0.2664642333984375,0.3328094482421875,0.27375030517578125,0,60154.468994140625,43320.66943359375,0,34088599552,2147483648,8580513792,0
200,1787753217432,3500,3500,3500,3500,3500,3500,3500,3500,3500,3500,3500,3500,3500,3500,3500,3500,3500,3500,3500,3500,10.191505432128906,0.346343994140625,0.3201751708984375,0.31982421875,0.2964935302734375,2.848480224609375,0.27211761474609375,0.2701263427734375,0.2130279541015625,0.3231658935546875,0.312530517578125,2.907470703125,48.298095703125,0.200347900390625,50.0789680480957,2.7665634155273438,0.3455963134765625,0.3178253173828125,0.31488037109375,2.7994842529296875,0,60164.31164550781,43328.389404296875,0,34088599552,2147483648,8580075520,0
200,1787753217632,3500,3500,3500,3500,3500,3500,3500,3500,3500,3500,3500,3500,3500,3500,3500,3500,3500,3500,3500,3500,9.233230590820313,2.845001220703125,2.8969039916992188,0.35413360595703125,0.37220001220703125,0.30692291259765625,2.8330230712890625,0.3131103515625,0.31201171875,0.346649169921875,0.33661651611328125,0.3313751220703125,16.522872924804688,0.2386474609375,77.93370819091797,0.1997222900390625,0.33716583251953125,0.33626556396484375,0.35538482666015625,0.3400115966796875,0,60174.047607421875,43336.00714111328,0,34088599552,2147483648,8580046848,0
199,1787753217833,3500,3500,3500,3500,3500,3500,3500,3500,3500,3500,3500,3500,3500,3500,3500,3500,3500,3500,3500,3500,4.8492279052734375,0,1.3013534545898438,1.5655441284179688,0.6641998291015625,0,0,0,0,0,0,0,12.670768737792969,1.4691162109375,45.14094161987305,0,53.39299011230469,1.4331283569335938,3.9335556030273438,0,0,60182.80889892578,43343.587463378906,0,34088599552,2147483648,8579997696,0
200,1787753218033,3500,3500,3500,3500,3500,3500,3500,3500,3500,3500,3500,3500,3500,3500,3500,3500,3500,3500,3500,3500,21.93535614013672,0.5209426879882813,8.995452880859375,0.569793701171875,3.3948516845703125,0.7274627685546875,0.7793960571289063,0.7550201416015625,0.64166259765625,3.1978683471679688,0.5529403686523438,0.640045166015625,49.083003997802734,0.4626007080078125,16.433273315429688,0.5841827392578125,1.9919586181640625,0.6726531982421875,15.665786743164063,0.6029510498046875,0,60191.85430908203,43349.533935546875,0,34088599552,2147483648,8579788800,0
200,1787753218233,3500,3500,3500,3500,3500,3500,3500,3500,3500,3500,3500,3500,3500,3500,3500,3500,3500,3500,3500,3500,23.561294555664063,0.24571990966796875,0.34360504150390625,0.3366546630859375,0.6653213500976563,0.4582672119140625,0.489593505859375,2.95306396484375,2.9462203979492188,0.4460296630859375,2.9077911376953125,0.45142364501953125,25.37352752685547,0.314971923828125,39.72853469848633,0.25261688232421875,21.285491943359375,0.287841796875,0.35149383544921875,0.34999847412109375,0,60201.279357910156,43356.833923339844,0,34088599552,2147483648,8579784704,0
200,1787753218433,3500,3500,3500,3500,3500,3500,3500,3500,3500,3500,3500,3500,3500,3500,3500,3500,3500,3500,3500,3500,1.4808578491210938,0.23848724365234375,0.29640960693359375,0.271026611328125,1.9587326049804688,2.7850418090820313,0.25498199462890625,0.30600738525390625,0.474578857421875,0.29915618896484375,0.30675506591796875,2.9155349731445313,3.867340087890625,0.22589111328125,3.3578262329101563,2.8791046142578125,100,0.11499786376953125,0.28171539306640625,2.8561630249023438,0,60209.255798339844,43362.689880371094,0,34088599552,2147483648,8579825664,0
200,1787753218633,3500,3500,3500,3500,3500,3500,3500,3500,3500,3500,3500,3500,3500,3500,3500,3500,3500,3500,3500,3500,7.5636444091796875,2.8161392211914063,2.813140869140625,0.28704071044921875,0.33977508544921875,0.3041534423828125,2.7864532470703125,0.29137420654296875,0.350006103515625,0.35823822021484375,0.4073333740234375,0.3302459716796875,8.896697998046875,0.2916259765625,4.9063720703125,0.35698699951171875,93.71721649169922,0.15113067626953125,0.298309326171875,0.30145263671875,0,60218.427490234375,43369.70330810547,0,34088599552,2147483648,8579764224,0
200,1787753218834,3500,3500,3500,3500,3500,3500,3500,3500,3500,3500,3500,3500,3500,3500,3500,3500,3500,3500,3500,3500,7.9832000732421875,0.287628173828125,0.297119140625,1.6866836547851563,0.4096221923828125,0.30036163330078125,0.2561187744140625,0.2687530517578125,0.31389617919921875,0.32802581787109375,0.3068084716796875,0.2656097412109375,19.621902465820313,2.7381362915039063,44.44812774658203,0.23490142822265625,48.93037414550781,2.7614059448242188,2.8534393310546875,0.26331329345703125,0,60227.78283691406,43376.93444824219,0,34088599552,2147483648,8582459392,0
200,1787753219034,3500,3500,3500,3500,3500,3500,3500,3500,3500,3500,3500,3500,3500,3500,3500,3500,3500,3500,3500,3500,11.955413818359375,0.263397216796875,0.2646942138671875,1.3870620727539063,3.0028152465820313,0.4486846923828125,0.33481597900390625,0.3265228271484375,0.2884674072265625,2.7597427368164063,0.26039886474609375,0.22728729248046875,26.585525512695313,0.21875,73.57284545898438,0.126953125,8.184234619140625,0.23493194580078125,0.25321197509765625,0.266845703125,0,60236.54718017578,43383.57727050781,0,34088599552,2147483648,8582991872,0
200,1787753219234,3500,3500,3500,3500,3500,3500,3500,3500,3500,3500,3500,3500,3500,3500,3500,3500,3500,3500,3500,3500,2.4080734252929688,0.27317047119140625,0.3294525146484375,0.29679107666015625,0.96832275390625,0.491455078125,0.46903228759765625,2.8915863037109375,2.7938079833984375,0.31946563720703125,2.82476806640625,0.30397796630859375,37.45753860473633,0.24115753173828125,45.49721908569336,0.2290191650390625,22.07532501220703,0.2840576171875,0.33449554443359375,0.30342864990234375,0,60245.903381347656,43390.8076171875,0,34088599552,2147483648,8583057408,0
200,1787753219434,3500,3500,3500,3500,3500,3500,3500,3500,3500,3500,3500,3500,3500,3500,3500,3500,3500,3500,3500,3500,14.596786499023438,0.25800323486328125,7.212196350097656,0.31070709228515625,0.5657196044921875,2.9853363037109375,0.4850921630859375,0.3593597412109375,0.441436767578125,0.26309967041015625,0.300018310546875,2.791015625,45.88397979736328,0.2091522216796875,7.953849792480469,0.24826812744140625,47.883445739746094,0.237823486328125,2.0361785888671875,2.7850265502929688,0,60255.17492675781,43397.927001953125,0,34088599552,2147483648,8583315456,0
200,1787753219634,3500,3500,3500,3500,3500,3500,3500,3500,3500,3500,3500,3500,3500,3500,3500,3500,3500,3500,3500,3500,11.143943786621094,2.785736083984375,2.8462982177734375,0.2920684814453125,0.4435272216796875,0.33908843994140625,2.9582290649414063,0.289520263671875,0.2846221923828125,0.27233123779296875,0.29437255859375,0.30950927734375,92.07467651367188,0.1444091796875,1.1719818115234375,2.8569412231445313,0.30960845947265625,0.30780792236328125,0.3864593505859375,0.335845947265625,0,60265.897216796875,43406.52166748047,0,34088599552,2147483648,8583180288,0
200,1787753219835,3500,3500,3500,3500,3500,3500,3500,3500,3500,3500,3500,3500,3500,3500,3500,3500,3500,3500,3500,3500,33.657135009765625,0.22258758544921875,0.38037872314453125,0.3203277587890625,5.7852630615234375,1.095611572265625,0.39081573486328125,0.28453826904296875,0.5177078247070313,0.33809661865234375,0.24610137939453125,0.3174285888671875,33.46186065673828,2.7712783813476563,62.17680740356445,0.1902923583984375,12.774711608886719,2.7966384887695313,11.870384216308594,0.28313446044921875,0,60275.516052246094,43413.975830078125,0,34088599552,2147483648,8585601024,0
200,1787753220035,3500,3500,3500,3500,3500,3500,3500,3500,3500,3500,3500,3500,3500,3500,3500,3500,3500,3500,3500,3500,7.731895446777344,0.21254730224609375,0.3000335693359375,2.8040542602539063,6.497627258300781,0.36580657958984375,2.1121139526367188,0.3134613037109375,1.5896987915039063,2.7937240600585938,0.30477142333984375,0.2444915771484375,30.351715087890625,0.2047119140625,5.6507720947265625,0.34420013427734375,64.76541137695313,0.160797119140625,6.5439910888671875,0.26819610595703125,0,60283.82946777344,43420.15100097656,0,34088599552,2147483648,8587108352,0
200,1787753220236,3500,3500,3500,3500,3500,3500,3500,3500,3500,3500,3500,3500,3500,3500,3500,3500,3500,3500,3500,3500,32.859458923339844,0.0202484130859375,0.060943603515625,0.08632659912109375,0.06298828125,0.07170867919921875,0.0712127685546875,2.5773544311523438,2.6105194091796875,0.03136444091796875,2.5615463256835938,0.0176544189453125,42.34752655029297,0,36.721649169921875,0.038299560546875,4.817939758300781,0.11405181884765625,0.2178802490234375,0.14916229248046875,0,60293.42840576172,43427.73913574219,0,34088599552,2147483648,8587177984,0
200,1787753220436,3500,3500,3500,3500,3500,3500,3500,3500,3500,3500,3500,3500,3500,3500,3500,3500,3500,3500,3500,3500,9.953872680664063,0.5126266479492188,0.58087158203125,0.5622177124023438,0.549346923828125,0.5459518432617188,0.5604705810546875,0.5401153564453125,0.5703506469726563,0.5169677734375,0.494873046875,3.0971298217773438,27.653350830078125,0.545501708984375,11.292709350585938,0.64971923828125,67.98110961914063,0.43475341796875,0.6803970336914063,3.182830810546875,0,60301.58624267578,43434.01721191406,0,34088599552,2147483648,8587960320,0
200,1787753220637,3500,3500,3500,3500,3500,3500,3500,3500,3500,3500,3500,3500,3500,3500,3500,3500,3500,3500,3500,3500,1.663330078125,2.8245010375976563,2.8194656372070313,0.334442138671875,0.24701690673828125,2.8139266967773438,2.8083953857421875,0.28881072998046875,0.357635498046875,0.32781219482421875,0.2880096435546875,0.2671661376953125,10.326095581054688,0.254150390625,92.32544708251953,2.6669540405273438,0.2784881591796875,0.3270111083984375,0.43677520751953125,0.40999603271484375,0,60311.64453125,43441.55047607422,0,34088599552,2147483648,8587952128,0
200,1787753220837,3500,3500,3500,3500,3500,3500,3500,3500,3500,3500,3500,3500,3500,3500,3500,3500,3500,3500,3500,3500,8.395637512207031,0.22673797607421875,0.279205322265625,0.24332427978515625,4.24468994140625,0.3149871826171875,0.26966094970703125,0.21714019775390625,0.22503662109375,0.231781005859375,0.2663116455078125,0.26421356201171875,15.586280822753906,2.7238693237304688,12.234481811523438,0.2344818115234375,78.9822769165039,2.6681442260742188,12.092903137207031,0.317535400390625,0,60321.879821777344,43449.6396484375,0,34088599552,2147483648,8587526144,0
199,1787753221037,3500,3500,3500,3500,3500,3500,3500,3500,3500,3500,3500,3500,3500,3500,3500,3500,3500,3500,3500,3500,6.30975341796875,0.2322235107421875,0.35359954833984375,2.8205184936523438,2.925872802734375,0.35619354248046875,0.29550933837890625,0.29541015625,0.2869720458984375,2.8504638671875,0.340972900390625,0.2971038818359375,5.218208312988281,0.20946502685546875,24.031394958496094,0.25772857666015625,76.88127899169922,0.141387939453125,0.37725830078125,0.28812408447265625,0,60330.401611328125,43456.03497314453,0,34088599552,2147483648,8585412608,0
200,1787753221237,3500,3500,3500,3500,3500,3500,3500,3500,3500,3500,3500,3500,3500,3500,3500,3500,3500,3500,3500,3500,14.042884826660156,0.25467681884765625,0.32263946533203125,0.30899810791015625,0.8866653442382813,0.2673187255859375,0.29195404052734375,2.8449478149414063,2.9369049072265625,0.369171142578125,3.00341796875,0.3746185302734375,24.365447998046875,0.2179412841796875,25.268753051757813,0.22019195556640625,44.45290756225586,0.2616729736328125,0.30754852294921875,0.32159423828125,0,60338.73974609375,43462.24426269531,0,34088599552,2147483648,8585469952,0
199,1787753221438,3500,3500,3500,3500,3500,3500,3500,3500,3500,3500,3500,3500,3500,3500,3500,3500,3500,3500,3500,3500,6.4415283203125,0.2346954345703125,0.27082061767578125,0.28839111328125,0.25345611572265625,0.2419281005859375,0.26678466796875,0.2134857177734375,0.30495452880859375,0.18114471435546875,0.22266387939453125,2.7055892944335938,34.13299560546875,0.15345001220703125,59.581974029541016,0.114776611328125,8.139923095703125,0.23004913330078125,0.2312469482421875,0.4245758056640625,0,60347.96649169922,43469.360107421875,0,34088599552,2147483648,8583847936,0
200,1787753221638,3500,3500,3500,3500,3500,3500,3500,3500,3500,3500,3500,3500,3500,3500,3500,3500,3500,3500,3500,3500,25.445343017578125,2.8041152954101563,2.8979949951171875,0.32181549072265625,1.5074081420898438,2.8018646240234375,2.8840103149414063,0.35819244384765625,3.2033767700195313,0.3394012451171875,0.339202880859375,0.28289794921875,20.650070190429688,0.281097412109375,10.820648193359375,2.8657684326171875,68.76701354980469,0.23438262939453125,0.3523406982421875,2.6811065673828125,0,60357.591735839844,43476.83337402344,0,34088599552,2147483648,8584044544,0
200,1787753221838,3500,3500,3500,3500,3500,3500,3500,3500,3500,3500,3500,3500,3500,3500,3500,3500,3500,3500,3500,3500,3.7631912231445313,0.26605987548828125,0.400482177734375,0.38253021240234375,0.5570602416992188,0.250244140625,0.29169464111328125,0.3028717041015625,0.6383132934570313,0.35504150390625,0.31264495849609375,0.32741546630859375,11.839996337890625,0.21767425537109375,1.1509780883789063,0.381683349609375,91.54769897460938,2.6656341552734375,2.9083480834960938,0.345367431640625,0,60366.83380126953,43483.951599121094,0,34088599552,2147483648,8584114176,0
200,1787753222039,3500,3500,3500,3500,3500,3500,3500,3500,3500,3500,3500,3500,3500,3500,3500,3500,3500,3500,3500,3500,6.959381103515625,0.20146942138671875,0.3516998291015625,2.88323974609375,2.7647933959960938,0.318267822265625,0.298309326171875,0.26488494873046875,0.3531494140625,2.86383056640625,0.4004974365234375,0.4915008544921875,88.48379516601563,2.6441497802734375,0.8962860107421875,0.250213623046875,14.559799194335938,0.27725982666015625,0.510406494140625,0.5086135864257813,0,60377.34326171875,43492.32794189453,0,34088599552,2147483648,8584060928,0
200,1787753222239,3500,3500,3500,3500,3500,3500,3500,3500,3500,3500,3500,3500,3500,3500,3500,3500,3500,3500,3500,3500,4.917579650878906,0.20717620849609375,0.25208282470703125,0.23282623291015625,0.35736846923828125,0.3066253662109375,0.30218505859375,2.8382415771484375,2.2664566040039063,0.29095458984375,2.9454193115234375,0.409759521484375,7.830818176269531,0.14984130859375,1.4771728515625,0.2212982177734375,97.2166976928711,0.08562469482421875,0.4675445556640625,0.47198486328125,0,60385.14440917969,43497.98693847656,0,34088599552,2147483648,8584032256,0
200,1787753222440,3500,3500,3500,3500,3500,3500,3500,3500,3500,3500,3500,3500,3500,3500,3500,3500,3500,3500,3500,3500,11.873489379882813,0.243011474609375,0.37127685546875,0.33641815185546875,0.5204315185546875,0.2853546142578125,0.24959564208984375,0.2494964599609375,0.942626953125,0.412567138671875,0.40863037109375,2.905029296875,5.834938049316406,0.27672576904296875,12.615242004394531,0.272735595703125,16.656936645507813,0.26709747314453125,62.885658264160156,0.22625732421875,0,60392.46697998047,43503.196533203125,0,34088599552,2147483648,8583921664,0
200,1787753222640,3500,3500,3500,3500,3500,3500,3500,3500,3500,3500,3500,3500,3500,3500,3500,3500,3500,3500,3500,3500,7.633308410644531,2.91876220703125,2.88031005859375,0.3915557861328125,1.2207107543945313,2.84820556640625,2.884857177734375,0.35869598388671875,0.32314300537109375,0.336273193359375,0.3867645263671875,0.3686370849609375,29.419540405273438,0.2528839111328125,3.1167144775390625,2.8550949096679688,78.30680084228516,0.23345184326171875,0.46765899658203125,2.9947662353515625,0,60402.099548339844,43510.692932128906,0,34088599552,2147483648,8583458816,0
200,1787753222840,3500,3500,3500,3500,3500,3500,3500,3500,3500,3500,3500,3500,3500,3500,3500,3500,3500,3500,3500,3500,10.533248901367188,0.2745819091796875,0.32041168212890625,0.27822113037109375,0.8683700561523438,0.17962646484375,0.3078765869140625,0.2369842529296875,0.2951507568359375,0.2459716796875,0.2112274169921875,0.28960418701171875,46.51105880737305,0.16909027099609375,26.662246704101563,0.27797698974609375,21.56908416748047,0.25780487060546875,2.9211349487304688,0.3783721923828125,0,60410.400634765625,43516.86248779297,0,34088599552,2147483648,8583426048,0
200,1787753223040,3500,3500,3500,3500,3500,3500,3500,3500,3500,3500,3500,3500,3500,3500,3500,3500,3500,3500,3500,3500,7.328765869140625,0.23690032958984375,0.3030242919921875,2.811859130859375,3.2351608276367188,0.42884063720703125,0.48998260498046875,0.41146087646484375,0.6358718872070313,3.1137924194335938,0.345733642578125,0.3671112060546875,17.488571166992188,2.7540206909179688,25.478927612304688,0.2211151123046875,20.94409942626953,2.812957763671875,44.29713439941406,0.19744110107421875,0,60419.4677734375,43523.79022216797,0,34088599552,2147483648,8583323648,0
200,1787753223240,3500,3500,3500,3500,3500,3500,3500,3500,3500,3500,3500,3500,3500,3500,3500,3500,3500,3500,3500,3500,9.307296752929688,0.2575225830078125,0.30028533935546875,0.32961273193359375,5.7629241943359375,0.270660400390625,0.24658203125,2.8520355224609375,0.30487823486328125,0.37886810302734375,2.8977508544921875,0.34375,50.52313995361328,0.21385955810546875,56.619117736816406,0.22805023193359375,2.0302581787109375,0.2726593017578125,0.43671417236328125,0.29758453369140625,0,60427.881591796875,43530.075622558594,0,34088599552,2147483648,8583528448,0
200,1787753223441,3500,3500,3500,3500,3500,3500,3500,3500,3500,3500,3500,3500,3500,3500,3500,3500,3500,3500,3500,3500,4.739006042480469,0.31011199951171875,0.3218536376953125,0.3260040283203125,0.37700653076171875,0.3867950439453125,0.27574920654296875,0.34328460693359375,2.8654708862304688,0.2922821044921875,0.36261749267578125,2.7876968383789063,48.3208122253418,0.2174530029296875,55.31525421142578,0.2439727783203125,0.9715118408203125,0.3387908935546875,0.31751251220703125,0.33154296875,0,60436.83117675781,43536.906188964844,0,34088599552,2147483648,8583434240,0
200,1787753223641,3500,3500,3500,3500,3500,3500,3500,3500,3500,3500,3500,3500,3500,3500,3500,3500,3500,3500,3500,3500,40.00705337524414,2.7273101806640625,2.7967605590820313,0.3068084716796875,0.404632568359375,2.802001953125,2.835479736328125,0.26738739013671875,0.300018310546875,0.258544921875,0.37560272216796875,0.21478271484375,20.827980041503906,0.2078399658203125,18.014732360839844,2.8162460327148438,46.90454864501953,0.20708465576171875,0.32964324951171875,2.8000564575195313,0,60446.13995361328,43544.06591796875,0,34088599552,2147483648,8583401472,0
200,1787753223841,3500,3500,3500,3500,3500,3500,3500,3500,3500,3500,3500,3500,3500,3500,3500,3500,3500,3500,3500,3500,8.997764587402344,0.25714111328125,0.28160858154296875,0.2765655517578125,0.39487457275390625,0.33335113525390625,0.275421142578125,0.24425506591796875,0.2653350830078125,0.3070831298828125,0.27477264404296875,0.22612762451171875,40.630332946777344,0.17229461669921875,60.99471664428711,0.165802001953125,0.32910919189453125,0.295745849609375,2.8170700073242188,0.28615570068359375,0,60454.65771484375,43550.442321777344,0,34088599552,2147483648,8583393280,0
199,1787753224041,3500,3500,3500,3500,3500,3500,3500,3500,3500,3500,3500,3500,3500,3500,3500,3500,3500,3500,3500,3500,5.216896057128906,0.23801422119140625,0.2740478515625,2.8332443237304688,2.7936172485351563,0.2936859130859375,0.31302642822265625,0.28983306884765625,0.256256103515625,2.7852706909179688,0.32941436767578125,0.26905059814453125,22.81218719482422,2.7230072021484375,32.36582946777344,0.2417144775390625,2.8156051635742188,2.8023605346679688,47.72053909301758,0.21343231201171875,0,60463.40759277344,43557.05828857422,0,34088599552,2147483648,8583393280,0
200,1787753224241,3500,3500,3500,3500,3500,3500,3500,3500,3500,3500,3500,3500,3500,3500,3500,3500,3500,3500,3500,3500,12.148246765136719,0.2555999755859375,0.3286590576171875,0.28533172607421875,0.5125503540039063,0.2710418701171875,0.25205230712890625,2.8601913452148438,0.3148193359375,0.29253387451171875,0.29673004150390625,0.23026275634765625,51.288326263427734,0.1701507568359375,30.592491149902344,0.25275421142578125,15.83990478515625,0.3028717041015625,0.3348541259765625,0.2979278564453125,0,60471.469787597656,43563.010986328125,0,34088599552,2147483648,8584146944,0
200,1787753224442,3500,3500,3500,3500,3500,3500,3500,3500,3500,3500,3500,3500,3500,3500,3500,3500,3500,3500,3500,3500,11.434883117675781,0.20001220703125,0.2637786865234375,0.2939605712890625,1.0126953125,0.3408050537109375,0.2268524169921875,0.24700927734375,2.8225479125976563,0.1981201171875,2.7455673217773438,2.8647079467773438,22.17059326171875,0.1923828125,86.36441040039063,0.13370513916015625,3.1314773559570313,0.37473297119140625,2.4111480712890625,0.25873565673828125,0,60482.0009765625,43571.38073730469,0,34088599552,2147483648,8584409088,0
200,1787753224642,3500,3500,3500,3500,3500,3500,3500,3500,3500,3500,3500,3500,3500,3500,3500,3500,3500,3500,3500,3500,9.396743774414063,2.8255538940429688,64.64392852783203,0.2483673095703125,0.706390380859375,2.981903076171875,2.909576416015625,0.45427703857421875,0.34027862548828125,0.33168792724609375,0.3237457275390625,0.31170654296875,2.7954330444335938,0.25006866455078125,33.630836486816406,2.7968826293945313,0.67681884765625,0.3381805419921875,0.47625732421875,2.8281021118164063,0,60491.55419921875,43578.81359863281,0,34088599552,2147483648,8584404992,0
200,1787753224842,3500,3500,3500,3500,3500,3500,3500,3500,3500,3500,3500,3500,3500,3500,3500,3500,3500,3500,3500,3500,2.6399154663085938,0.23934173583984375,0.289947509765625,0.2870025634765625,0.5820388793945313,0.49440765380859375,0.4495391845703125,0.46675872802734375,0.25736236572265625,0.32837677001953125,0.23105621337890625,0.27378082275390625,3.005615234375,0.23859405517578125,90.70882415771484,0.12032318115234375,9.767166137695313,0.26828765869140625,2.827606201171875,0.25791168212890625,0,60501.70910644531,43586.85363769531,0,34088599552,2147483648,8584404992,0
200,1787753225043,3500,3500,3500,3500,3500,3500,3500,3500,3500,3500,3500,3500,3500,3500,3500,3500,3500,3500,3500,3500,4.7564544677734375,0.27240753173828125,0.32491302490234375,2.8422317504882813,2.9250335693359375,0.40366363525390625,0.38375091552734375,0.41649627685546875,0.268310546875,2.8330459594726563,0.2850799560546875,0.2946624755859375,12.505119323730469,2.7864837646484375,21.369598388671875,0.2445526123046875,41.9405517578125,2.7967147827148438,30.970497131347656,0.263671875,0,60508.987243652344,43591.997009277344,0,34088599552,2147483648,8584175616,0
200,1787753225243,3500,3500,3500,3500,3500,3500,3500,3500,3500,3500,3500,3500,3500,3500,3500,3500,3500,3500,3500,3500,9.777778625488281,0.28940582275390625,0.28615570068359375,0.30283355712890625,0.3619384765625,0.2628936767578125,0.32244873046875,2.814544677734375,0.3084716796875,0.282958984375,0.25395965576171875,0.260650634765625,25.785171508789063,0.20069122314453125,5.0341644287109375,0.26299285888671875,71.4532470703125,0.20253753662109375,0.28481292724609375,0.31905364990234375,0,60517.767578125,43598.64813232422,0,34088599552,2147483648,8584269824,0
200,1787753225443,3500,3500,3500,3500,3500,3500,3500,3500,3500,3500,3500,3500,3500,3500,3500,3500,3500,3500,3500,3500,9.444114685058594,0.20052337646484375,0.27370452880859375,0.296417236328125,0.45745086669921875,0.40399169921875,0.3889617919921875,0.46848297119140625,2.79278564453125,0.26137542724609375,2.8094100952148438,2.7791595458984375,39.93178176879883,0.19503021240234375,39.35227966308594,0.1767578125,15.554977416992188,0.2493438720703125,0.29471588134765625,0.24959564208984375,0,60526.752685546875,43605.50964355469,0,34088599552,2147483648,8584216576,0
199,1787753225644,3500,3500,3500,3500,3500,3500,3500,3500,3500,3500,3500,3500,3500,3500,3500,3500,3500,3500,3500,3500,10.025588989257813,2.8419723510742188,2.8414230346679688,0.40770721435546875,0.34325408935546875,2.8655166625976563,0.36286163330078125,0.36614990234375,0.310333251953125,0.42496490478515625,0.4752960205078125,0.38031768798828125,17.035659790039063,0.2606964111328125,19.70293426513672,2.8260574340820313,62.08811569213867,0.250518798828125,0.3404083251953125,2.8262100219726563,0,60536.4931640625,43613.126953125,0,34088599552,2147483648,8584179712,0
200,1787753225844,3500,3500,3500,3500,3500,3500,3500,3500,3500,3500,3500,3500,3500,3500,3500,3500,3500,3500,3500,3500,3.5901336669921875,0.25926971435546875,0.30635833740234375,0.3494415283203125,0.4641571044921875,0.24262237548828125,2.8690643310546875,0.25981903076171875,0.45066070556640625,0.48819732666015625,0.5157394409179688,0.41336822509765625,4.922523498535156,0.260772705078125,0.5423812866210938,0.3938751220703125,98.38570404052734,0.142303466796875,2.8969039916992188,0.34979248046875,0,60545.24237060547,43619.759765625,0,34088599552,2147483648,8584118272,0
200,1787753226044,3500,3500,3500,3500,3500,3500,3500,3500,3500,3500,3500,3500,3500,3500,3500,3500,3500,3500,3500,3500,6.3717193603515625,0.23766326904296875,0.2467041015625,2.824493408203125,2.7937164306640625,0.19000244140625,0.3047637939453125,0.27503204345703125,0.3660125732421875,2.9706268310546875,0.47397613525390625,0.356170654296875,64.24569702148438,2.7107315063476563,10.101753234863281,0.24131011962890625,33.45220947265625,2.7678375244140625,0.26918792724609375,0.296417236328125,0,60554.43151855469,43626.80163574219,0,34088599552,2147483648,8584069120,0
200,1787753226244,3500,3500,3500,3500,3500,3500,3500,3500,3500,3500,3500,3500,3500,3500,3500,3500,3500,3500,3500,3500,2.5980453491210938,0.29442596435546875,0.3898773193359375,0.46258544921875,0.3286590576171875,0.300079345703125,0.31536865234375,2.7699966430664063,0.384429931640625,0.37323760986328125,0.49411773681640625,0.39801788330078125,12.296737670898438,0.24785614013671875,89.11609649658203,0.14990997314453125,4.6976318359375,0.30672454833984375,0.284332275390625,0.3266143798828125,0,60565.08679199219,43635.341552734375,0,34088599552,2147483648,8584183808,0
200,1787753226444,3500,3500,3500,3500,3500,3500,3500,3500,3500,3500,3500,3500,3500,3500,3500,3500,3500,3500,3500,3500,2.8512649536132813,0.26557159423828125,0.387115478515625,0.42657470703125,0.3351593017578125,0.268218994140625,0.28240203857421875,0.23824310302734375,2.9006729125976563,0.39231109619140625,2.9578704833984375,0.7720794677734375,16.411094665527344,0.2644195556640625,86.36393737792969,0.16165924072265625,0.37017822265625,0.3621826171875,0.32981109619140625,0.29259490966796875,0,60574.36297607422,43642.845947265625,0,34088599552,2147483648,8584159232,0
200,1787753226645,3500,3500,3500,3500,3500,3500,3500,3500,3500,3500,3500,3500,3500,3500,3500,3500,3500,3500,3500,3500,11.750923156738281,2.7476882934570313,2.8733367919921875,0.3601226806640625,0.2403106689453125,2.8219146728515625,0.2645263671875,0.2783050537109375,0.32088470458984375,0.25933074951171875,0.28389739990234375,2.3873672485351563,69.63448333740234,0.1654815673828125,26.498130798339844,2.7740936279296875,0.4099884033203125,0.39227294921875,0.28978729248046875,2.8217697143554688,0,60583.06365966797,43649.401611328125,0,34088599552,2147483648,8579547136,0
200,1787753226845,3500,3500,3500,3500,3500,3500,3500,3500,3500,3500,3500,3500,3500,3500,3500,3500,3500,3500,3500,3500,3.5237884521484375,0.23569488525390625,0.3218231201171875,0.36655426025390625,0.4162750244140625,0.2603607177734375,2.7857894897460938,0.3310089111328125,0.28652191162109375,0.2643585205078125,0.24962615966796875,0.2482757568359375,65.447021484375,0.1646575927734375,38.56863784790039,0.23984527587890625,0.40294647216796875,0.353424072265625,2.819244384765625,0.24707794189453125,0,60591.938720703125,43655.89971923828,0,34088599552,2147483648,8579252224,0
200,1787753227045,3500,3500,3500,3500,3500,3500,3500,3500,3500,3500,3500,3500,3500,3500,3500,3500,3500,3500,3500,3500,6.1432647705078125,0.2867279052734375,0.39666748046875,2.9887847900390625,2.8832855224609375,0.21149444580078125,0.24466705322265625,0.27793121337890625,0.2686920166015625,2.8326339721679688,0.27738189697265625,0.18192291259765625,63.03083419799805,2.707305908203125,25.038551330566406,0.22603607177734375,15.73406982421875,2.837677001953125,0.2780303955078125,0.3223419189453125,0,60600.91711425781,43662.77624511719,0,34088599552,2147483648,8579260416,0
200,1787753227245,3500,3500,3500,3500,3500,3500,3500,3500,3500,3500,3500,3500,3500,3500,3500,3500,3500,3500,3500,3500,6.317039489746094,0.30887603759765625,0.40970611572265625,0.42917633056640625,0.6589889526367188,0.288665771484375,0.2666473388671875,2.8070144653320313,0.35345458984375,0.4377593994140625,0.39034271240234375,0.352508544921875,44.34112548828125,0.23095703125,46.361515045166016,0.24029541015625,10.649375915527344,0.33298492431640625,0.31017303466796875,0.3799591064453125,0,60608.66766357422,43668.31231689453,0,34088599552,2147483648,8579166208,0
200,1787753227446,3500,3500,3500,3500,3500,3500,3500,3500,3500,3500,3500,3500,3500,3500,3500,3500,3500,3500,3500,3500,12.323158264160156,0,0.0021514892578125,0.01503753662109375,2.9927444458007813,0,0,0,2.4766616821289063,0,2.4486312866210938,0,39.048377990722656,0,49.76064682006836,0,20.98131561279297,0,0,0.00099945068359375,0,60618.64367675781,43676.10009765625,0,34088599552,2147483648,8577536000,0
199,1787753227647,3500,3500,3500,3500,3500,3500,3500,3500,3500,3500,3500,3500,3500,3500,3500,3500,3500,3500,3500,3500,25.39141082763672,3.4600372314453125,2.6592636108398438,1.0696563720703125,0.9532928466796875,3.500762939453125,0.9775543212890625,0.92742919921875,1.0083389282226563,1.0041580200195313,1.0124130249023438,3.5102615356445313,61.70417404174805,0.8994827270507813,20.52526092529297,3.4831619262695313,1.1413116455078125,1.1126708984375,1.0817337036132813,3.60882568359375,0,60626.34338378906,43681.67724609375,0,34088599552,2147483648,8576868352,0
200,1787753227847,3500,3500,3500,3500,3500,3500,3500,3500,3500,3500,3500,3500,3500,3500,3500,3500,3500,3500,3500,3500,1.4888229370117188,0.269622802734375,1.173858642578125,0.40268707275390625,0.31281280517578125,0.28237152099609375,2.8563766479492188,0.29831695556640625,0.29276275634765625,0.273773193359375,0.38149261474609375,0.3056640625,3.13409423828125,0.3254547119140625,98.03601837158203,0.15430450439453125,2.3272781372070313,0.358795166015625,0.372039794921875,0.339202880859375,0,60634.802307128906,43688.02685546875,0,34088599552,2147483648,8576831488,0
200,1787753228047,3500,3500,3500,3500,3500,3500,3500,3500,3500,3500,3500,3500,3500,3500,3500,3500,3500,3500,3500,3500,6.621055603027344,0.2160186767578125,0.326202392578125,2.8693618774414063,2.8545913696289063,0.23966217041015625,0.2749786376953125,0.26709747314453125,0.2529754638671875,2.8056182861328125,0.23412322998046875,0.23911285400390625,19.761703491210938,2.7090530395507813,20.959815979003906,0.20439910888671875,33.77411651611328,2.728851318359375,33.384521484375,0.238067626953125,0,60645.171630859375,43696.261291503906,0,34088599552,2147483648,8576827392,0
200,1787753228247,3500,3500,3500,3500,3500,3500,3500,3500,3500,3500,3500,3500,3500,3500,3500,3500,3500,3500,3500,3500,6.268928527832031,0.29717254638671875,0.39609527587890625,0.4091339111328125,0.26224517822265625,0.26863861083984375,0.26184844970703125,2.8420944213867188,0.21993255615234375,0.27788543701171875,0.33599090576171875,0.3171539306640625,23.80431365966797,0.25910186767578125,78.77767944335938,0.17501068115234375,0.33658599853515625,0.29137420654296875,0.279632568359375,0.31235504150390625,0,60653.36505126953,43702.32092285156,0,34088599552,2147483648,8576643072,0
199,1787753228448,3500,3500,3500,3500,3500,3500,3500,3500,3500,3500,3500,3500,3500,3500,3500,3500,3500,3500,3500,3500,22.785888671875,0.21791839599609375,0.40460968017578125,0.45149993896484375,0.49883270263671875,0.2636566162109375,0.2631072998046875,0.22978973388671875,2.8436126708984375,0.28690338134765625,2.8203659057617188,0.29433441162109375,57.951171875,0.18041229248046875,26.428604125976563,0.2406158447265625,0.31108856201171875,0.31493377685546875,0.300567626953125,0.307647705078125,0,60663.25866699219,43710.09698486328,0,34088599552,2147483648,8576491520,0
200,1787753228648,3500,3500,3500,3500,3500,3500,3500,3500,3500,3500,3500,3500,3500,3500,3500,3500,3500,3500,3500,3500,8.789718627929688,2.748443603515625,0.312164306640625,0.363006591796875,0.30916595458984375,2.758544921875,0.28636932373046875,0.24152374267578125,0.2529754638671875,0.21332550048828125,0.21582794189453125,2.8651275634765625,59.921268463134766,0.1535797119140625,37.36953353881836,2.7656402587890625,0.30106353759765625,0.28566741943359375,0.2933197021484375,2.8149871826171875,0,60672.916015625,43717.627685546875,0,34088599552,2147483648,8576434176,0
200,1787753228848,3500,3500,3500,3500,3500,3500,3500,3500,3500,3500,3500,3500,3500,3500,3500,3500,3500,3500,3500,3500,2.4871063232421875,0.251129150390625,2.783294677734375,0.29479217529296875,0.25152587890625,0.2203826904296875,2.8058547973632813,0.2591094970703125,0.29314422607421875,0.293243408203125,0.23874664306640625,0.2517242431640625,22.61809539794922,0.18395233154296875,80.94796752929688,0.1399383544921875,0.5686798095703125,0.27637481689453125,0.28656005859375,0.25920867919921875,0,60682.038635253906,43724.61700439453,0,34088599552,2147483648,8576024576,0
199,1787753229050,3500,3500,3500,3500,3500,3500,3500,3500,3500,3500,3500,3500,3500,3500,3500,3500,3500,3500,3500,3500,5.646209716796875,0,0,2.1954727172851563,2.5989456176757813,0,0,0,0.30492401123046875,2.178985595703125,0,0,21.344650268554688,2.0586166381835938,79.86571502685547,0,5.068672180175781,2.1505661010742188,2.1811370849609375,0,0,60691.46765136719,43731.90234375,0,34088599552,2147483648,8575602688,0
200,1787753229249,3500,3500,3500,3500,3500,3500,3500,3500,3500,3500,3500,3500,3500,3500,3500,3500,3500,3500,3500,3500,11.093162536621094,0.9359970092773438,0.9181900024414063,0.9487686157226563,1.4416351318359375,0.9425811767578125,0.916595458984375,3.455535888671875,0.9617385864257813,0.9219818115234375,0.9263687133789063,0.8834228515625,29.44146728515625,0.9050750732421875,60.32875061035156,0.7929458618164063,6.4416046142578125,0.971160888671875,0.9207839965820313,0.9289169311523438,0,60701.22351074219,43739.551696777344,0,34088599552,2147483648,8575455232,0
200,1787753229449,3500,3500,3500,3500,3500,3500,3500,3500,3500,3500,3500,3500,3500,3500,3500,3500,3500,3500,3500,3500,25.87737274169922,0.2339019775390625,0.33948516845703125,0.313751220703125,0.3258209228515625,0.29265594482421875,0.36297607421875,0.29749298095703125,2.7914276123046875,0.25704193115234375,2.8123779296875,0.33928680419921875,29.577682495117188,0.27150726318359375,51.4697265625,0.22607421875,0.44147491455078125,0.42327117919921875,0.306671142578125,0.3380889892578125,0,60709.58740234375,43745.77960205078,0,34088599552,2147483648,8575455232,0
199,1787753229650,3500,3500,3500,3500,3500,3500,3500,3500,3500,3500,3500,3500,3500,3500,3500,3500,3500,3500,3500,3500,4.1873931884765625,2.7917938232421875,0.31453704833984375,0.27451324462890625,0.311737060546875,2.7942962646484375,0.3428192138671875,0.25042724609375,0.3064422607421875,0.25337982177734375,0.2924041748046875,2.848907470703125,37.00613021850586,0.21425628662109375,38.081546783447266,2.804534912109375,30.93726348876953,0.2627716064453125,0.31158447265625,2.7943954467773438,0,60718.38269042969,43752.44158935547,0,34088599552,2147483648,8575066112,0
200,1787753229850,3500,3500,3500,3500,3500,3500,3500,3500,3500,3500,3500,3500,3500,3500,3500,3500,3500,3500,3500,3500,8.889175415039063,0.2341766357421875,2.8402328491210938,0.31114959716796875,0.3052978515625,0.27436065673828125,2.8235855102539063,0.2659149169921875,0.318695068359375,0.27910614013671875,0.29885101318359375,0.3353424072265625,18.210556030273438,0.223175048828125,54.16053009033203,0.2075347900390625,23.593017578125,0.28580474853515625,0.31459808349609375,0.29735565185546875,0,60727.185791015625,43759.12030029297,0,34088599552,2147483648,8575016960,0
200,1787753230050,3500,3500,3500,3500,3500,3500,3500,3500,3500,3500,3500,3500,3500,3500,3500,3500,3500,3500,3500,3500,4.81280517578125,0.2178955078125,0.27458953857421875,2.790435791015625,2.8892898559570313,0.25286102294921875,0.2960205078125,0.2011566162109375,0.45056915283203125,0.44472503662109375,0.377288818359375,0.4437255859375,26.53394317626953,2.7281417846679688,77.26102447509766,0.1387176513671875,2.8274993896484375,2.8385848999023438,2.8100128173828125,0.27988433837890625,0,60737.60626220703,43767.43127441406,0,34088599552,2147483648,8575008768,0
200,1787753230250,3500,3500,3500,3500,3500,3500,3500,3500,3500,3500,3500,3500,3500,3500,3500,3500,3500,3500,3500,3500,7.216224670410156,0.1741485595703125,0.22837066650390625,0.2243804931640625,0.2837371826171875,0.3622589111328125,0.3039398193359375,2.669647216796875,0.2346038818359375,2.6974334716796875,0.1836700439453125,0.282745361328125,23.205856323242188,0.21839141845703125,54.74055480957031,0.13568115234375,23.648330688476563,0.17868804931640625,0.22796630859375,0.2025299072265625,0,60746.375915527344,43774.04577636719,0,34088599552,2147483648,8573861888,0
200,1787753230451,3500,3500,3500,3500,3500,3500,3500,3500,3500,3500,3500,3500,3500,3500,3500,3500,3500,3500,3500,3500,3.0311279296875,0.35216522216796875,0.40274810791015625,0.35990142822265625,0.4165802001953125,0.4061431884765625,0.39905548095703125,0.43131256103515625,2.9352951049804688,0.26961517333984375,2.8476028442382813,0.34522247314453125,71.95794677734375,0.22771453857421875,1.8873519897460938,0.32599639892578125,31.703048706054688,0.3078155517578125,0.43260955810546875,0.38831329345703125,0,60754.18487548828,43779.746826171875,0,34088599552,2147483648,8573857792,0
200,1787753230651,3500,3500,3500,3500,3500,3500,3500,3500,3500,3500,3500,3500,3500,3500,3500,3500,3500,3500,3500,3500,9.456459045410156,2.7488174438476563,0.458709716796875,0.3064727783203125,0.30792236328125,2.9013519287109375,0.3474273681640625,0.29213714599609375,0.34273529052734375,0.30023193359375,0.25157928466796875,2.8048095703125,36.32926940917969,0.22411346435546875,70.83953094482422,2.7022628784179688,2.2250213623046875,0.30052947998046875,1.7071304321289063,2.8312759399414063,0,60762.360412597656,43785.77130126953,0,34088599552,2147483648,8572358656,0
200,1787753230851,3500,3500,3500,3500,3500,3500,3500,3500,3500,3500,3500,3500,3500,3500,3500,3500,3500,3500,3500,3500,1.64483642578125,0.28440093994140625,2.9242935180664063,0.3976593017578125,0.27606964111328125,0.3083038330078125,2.8294448852539063,0.29438018798828125,0.326416015625,0.29233551025390625,0.236053466796875,0.3164825439453125,3.8446578979492188,0.24847412109375,99.1402587890625,0.134368896484375,0.315185546875,0.30266571044921875,0.41378021240234375,0.41358184814453125,0,60771.268615722656,43792.563537597656,0,34088599552,2147483648,8572235776,0
200,1787753231052,3500,3500,3500,3500,3500,3500,3500,3500,3500,3500,3500,3500,3500,3500,3500,3500,3500,3500,3500,3500,13.424362182617188,0.193511962890625,0.35732269287109375,2.8588638305664063,3.3213043212890625,0.2369842529296875,0.243072509765625,0.2751617431640625,1.1122894287109375,0.2981719970703125,0.33415985107421875,0.27831268310546875,44.73147964477539,2.7344818115234375,45.501373291015625,0.19744873046875,11.97601318359375,2.803466796875,3.335479736328125,0.37109375,0,60782.002014160156,43801.12530517578,0,34088599552,2147483648,8567103488,0
200,1787753231252,3500,3500,3500,3500,3500,3500,3500,3500,3500,3500,3500,3500,3500,3500,3500,3500,3500,3500,3500,3500,3.4378204345703125,1.5371551513671875,0.41382598876953125,0.3294677734375,0.29168701171875,0.2979888916015625,0.24901580810546875,0.2996826171875,0.3808441162109375,2.8913650512695313,0.31153106689453125,0.30702972412109375,0.5639419555664063,0.29428863525390625,0.34226226806640625,0.363250732421875,0.38024139404296875,0.3029327392578125,0.40512847900390625,0.4337158203125,0,60788.219482421875,43805.22692871094,0,34088599552,2147483648,8566534144,0
200,1787753231452,3500,3500,3500,3500,3500,3500,3500,3500,3500,3500,3500,3500,3500,3500,3500,3500,3500,3500,3500,3500,5.540252685546875,1.4164047241210938,0.38836669921875,0.39215850830078125,0.681671142578125,0.25665283203125,0.30078887939453125,2.7494735717773438,2.7819442749023438,0.26462554931640625,2.8853836059570313,0.3115081787109375,3.4448165893554688,0.3843231201171875,0.2856292724609375,0.28517913818359375,0.28781890869140625,0.29210662841796875,0.38941192626953125,0.38397979736328125,0,60794.98681640625,43809.87902832031,0,34088599552,2147483648,8566534144,0
200,1787753231653,3500,3500,3500,3500,3500,3500,3500,3500,3500,3500,3500,3500,3500,3500,3500,3500,3500,3500,3500,3500,5.087287902832031,1.4683837890625,0.34558868408203125,0.35242462158203125,0.24968719482421875,2.7637176513671875,0.268096923828125,0.22509002685546875,0.24983978271484375,0.28206634521484375,0.328826904296875,2.7869186401367188,1.0440521240234375,0.4441375732421875,2.7554855346679688,2.7687530517578125,0.2290802001953125,0.24375152587890625,0.36814117431640625,2.8746871948242188,0,60802.40612792969,43815.176330566406,0,34088599552,2147483648,8566251520,0
200,1787753231853,3500,3500,3500,3500,3500,3500,3500,3500,3500,3500,3500,3500,3500,3500,3500,3500,3500,3500,3500,3500,3.102294921875,3.7867507934570313,2.9040374755859375,0.369354248046875,0.27701568603515625,0.30322265625,2.8740386962890625,0.36890411376953125,0.340606689453125,0.338409423828125,0.2548065185546875,0.350189208984375,0.9817886352539063,0.4118804931640625,0.350738525390625,0.3404541015625,0.35662841796875,0.39221954345703125,0.44947052001953125,0.4459228515625,0,60809.50732421875,43820.16760253906,0,34088599552,2147483648,8566034432,0
200,1787753232053,3500,3500,3500,3500,3500,3500,3500,3500,3500,3500,3500,3500,3500,3500,3500,3500,3500,3500,3500,3500,6.709632873535156,1.20941162109375,0.27642059326171875,2.7595443725585938,3.092376708984375,0.251007080078125,0.27677154541015625,0.18985748291015625,0.17487335205078125,0.18316650390625,0.27587127685546875,0.2901458740234375,2.9535446166992188,2.7648849487304688,0.37811279296875,0.271728515625,2.8056182861328125,2.7797622680664063,2.91156005859375,0.329833984375,0,60816.08654785156,43824.62829589844,0,34088599552,2147483648,8565837824,0
200,1787753232254,3500,3500,3500,3500,3500,3500,3500,3500,3500,3500,3500,3500,3500,3500,3500,3500,3500,3500,3500,3500,2.9645767211914063,1.4138946533203125,0.28786468505859375,0.31951141357421875,0.2213592529296875,0.239532470703125,0.35825347900390625,0.25131988525390625,0.258209228515625,2.7533493041992188,0.31452178955078125,0.30443572998046875,0.7540969848632813,0.297698974609375,0.545318603515625,0.2444305419921875,0.29754638671875,0.32745361328125,0.35240936279296875,0.3607025146484375,0,60823.44677734375,43829.9072265625,0,34088599552,2147483648,8565858304,0
200,1787753232454,3500,3500,3500,3500,3500,3500,3500,3500,3500,3500,3500,3500,3500,3500,3500,3500,3500,3500,3500,3500,3.5576171875,1.03216552734375,0.28688812255859375,0.30290985107421875,0.3927001953125,0.256591796875,0.37738037109375,2.7864837646484375,2.7158126831054688,0.2516021728515625,2.8038558959960938,0.29796600341796875,5.420845031738281,0.262481689453125,0.38246917724609375,0.36479949951171875,0.3657989501953125,0.38651275634765625,0.328765869140625,0.31249237060546875,0,60830.96856689453,43835.648986816406,0,34088599552,2147483648,8565768192,0
0,1787753232654,3500,3500,3500,3500,3500,3500,3500,3500,3500,3500,3500,3500,3500,3500,3500,3500,3500,3500,3500,3500,9.523735046386719,1.0140914916992188,0.28191375732421875,0.271728515625,0.8015594482421875,2.9785842895507813,0.4275054931640625,0.3617706298828125,0.34764862060546875,0.27053070068359375,0.22521209716796875,2.7699432373046875,19.963584899902344,0.27182769775390625,6.1416473388671875,2.8174667358398438,0.3694610595703125,0.37580108642578125,0.3700103759765625,2.8904342651367188,0,60837.266540527344,43839.65850830078,0,34088599552,2147483648,7743606784,0
