Delta,Time,CPU_FREQUENCY_0,CPU_FREQUENCY_1,CPU_FREQUENCY_10,CPU_FREQUENCY_11,CPU_FREQUENCY_12,CPU_FREQUENCY_13,CPU_FREQUENCY_14,CPU_FREQUENCY_15,CPU_FREQUENCY_16,CPU_FREQUENCY_17,CPU_FREQUENCY_18,CPU_FREQUENCY_19,CPU_FREQUENCY_2,CPU_FREQUENCY_3,CPU_FREQUENCY_4,CPU_FREQUENCY_5,CPU_FREQUENCY_6,CPU_FREQUENCY_7,CPU_FREQUENCY_8,CPU_FREQUENCY_9,CPU_USAGE_0,CPU_USAGE_1,CPU_USAGE_10,CPU_USAGE_11,CPU_USAGE_12,CPU_USAGE_13,CPU_USAGE_14,CPU_USAGE_15,CPU_USAGE_16,CPU_USAGE_17,CPU_USAGE_18,CPU_USAGE_19,CPU_USAGE_2,CPU_USAGE_3,CPU_USAGE_4,CPU_USAGE_5,CPU_USAGE_6,CPU_USAGE_7,CPU_USAGE_8,CPU_USAGE_9,DRAM_ENERGY (J),PACKAGE_ENERGY (J),PP0_ENERGY (J),PP1_ENERGY (J),TOTAL_MEMORY,TOTAL_SWAP,USED_MEMORY,USED_SWAP
0,1787751503816,3500,3500,3500,3500,3500,3500,3500,3500,3500,3500,3500,3500,3500,3500,3500,3500,3500,3500,3500,3500,0,0,0,0,0,0,0,0,74.43572998046875,0,0,0,0,99.9489517211914,6.814949035644531,0,0,0,0,0,0,242983.7045288086,244456.21166992188,0,34088599552,2147483648,7707119616,0
199,1787751503817,3500,3500,3500,3500,3500,3500,3500,3500,3500,3500,3500,3500,3500,3500,3500,3500,3500,3500,3500,3500,50.17729568481445,50.456974029541016,50.042449951171875,50.12236022949219,50.03246307373047,50.03246307373047,50.03246307373047,50.03745651245117,50.03246307373047,50.03246307373047,50.03246307373047,51.11122131347656,50.072418212890625,100,100,50.247215270996094,50.44698715209961,50.12236022949219,50.042449951171875,50.042449951171875,0,242983.71746826172,244456.21166992188,0,34088599552,2147483648,7707152384,0
200,1787751504017,3500,3500,3500,3500,3500,3500,3500,3500,3500,3500,3500,3500,3500,3500,3500,3500,3500,3500,3500,3500,0.152069091796875,0.14580535888671875,0.4048919677734375,0,0.05596923828125,0.01613616943359375,0.01633453369140625,2.4527130126953125,0.21439361572265625,0,2.373046875,3.5366287231445313,2.3116226196289063,50.095924377441406,48.09645462036133,0,44.39989471435547,0,14.460006713867188,0,0,242994.65466308594,244464.9262084961,0,34088599552,2147483648,7756427264,0
200,1787751504218,3500,3500,3500,3500,3500,3500,3500,3500,3500,3500,3500,3500,3500,3500,3500,3500,3500,3500,3500,3500,0.9760055541992188,0.5556106567382813,2.2365036010742188,0.5520706176757813,0.6380767822265625,0.7341537475585938,0.7424240112304688,0.6081619262695313,0.47748565673828125,0.5550613403320313,0.5139312744140625,3.090606689453125,0.46616363525390625,58.67879867553711,69.8041763305664,0.45455169677734375,57.11861038208008,0.45111083984375,61.9893798828125,0.46092987060546875,0,243007.32989501953,244475.38305664063,0,34088599552,2147483648,7808307200,0
200,1787751504418,3500,3500,3500,3500,3500,3500,3500,3500,3500,3500,3500,3500,3500,3500,3500,3500,3500,3500,3500,3500,3.4800949096679688,2.9852676391601563,63.29855728149414,0.38037872314453125,1.0228042602539063,2.9933929443359375,0.4808197021484375,0.4398956298828125,0.5051956176757813,0.43795013427734375,0.404205322265625,1.153656005859375,0.39373779296875,47.46997833251953,54.949180603027344,2.9104537963867188,51.407772064208984,0.41657257080078125,57.91356658935547,2.904266357421875,0,243021.2803955078,244487.13067626953,0,34088599552,2147483648,7836741632,0
200,1787751504619,3500,3500,3500,3500,3500,3500,3500,3500,3500,3500,3500,3500,3500,3500,3500,3500,3500,3500,3500,3500,21.17981719970703,0.22045135498046875,54.68046569824219,0.1314697265625,0.3849334716796875,0.28807830810546875,2.7130126953125,0.18184661865234375,0.1760101318359375,0.16010284423828125,0.12847900390625,1.794464111328125,0.1260833740234375,50.26660919189453,53.786651611328125,0.16119384765625,51.21094512939453,2.6173019409179688,56.140663146972656,0.10424041748046875,0,243036.60803222656,244500.21087646484,0,34088599552,2147483648,7873769472,0
200,1787751504819,3500,3500,3500,3500,3500,3500,3500,3500,3500,3500,3500,3500,3500,3500,3500,3500,3500,3500,3500,3500,56.43678283691406,0.4439849853515625,67.25590515136719,2.99853515625,38.8913688659668,1.2112274169921875,0.5582733154296875,0.3834228515625,14.703422546386719,2.9071884155273438,0.40118408203125,31.501495361328125,0.3946990966796875,66.86604309082031,67.72308349609375,0.39579010009765625,71.47383880615234,0.39978790283203125,72.33781433105469,0.4169464111328125,0,243055.6128540039,244516.833984375,0,34088599552,2147483648,7977246720,0
200,1787751505019,3500,3500,3500,3500,3500,3500,3500,3500,3500,3500,3500,3500,3500,3500,3500,3500,3500,3500,3500,3500,9.660263061523438,0.8875656127929688,29.740386962890625,0.30466461181640625,4.06158447265625,0.2225799560546875,0.32067108154296875,2.8186874389648438,2.9194259643554688,0.27379608154296875,2.819091796875,3.166046142578125,2.7620315551757813,40.92527770996094,23.444007873535156,0.22118377685546875,35.54328918457031,0.2582855224609375,16.797279357910156,0.2791290283203125,0,243066.88360595703,244525.96221923828,0,34088599552,2147483648,7971643392,0
199,1787751505220,3500,3500,3500,3500,3500,3500,3500,3500,3500,3500,3500,3500,3500,3500,3500,3500,3500,3500,3500,3500,1.55499267578125,0.6431427001953125,4.005668640136719,0.33014678955078125,0.38460540771484375,0.35782623291015625,0.5090866088867188,0.347900390625,0.315338134765625,0.2762908935546875,0.31992340087890625,4.2679443359375,0.28311920166015625,22.699905395507813,29.45598602294922,0.298828125,41.08464431762695,0.2229766845703125,15.386016845703125,0.31453704833984375,0,243077.4771118164,244534.39251708984,0,34088599552,2147483648,7971975168,0
200,1787751505420,3500,3500,3500,3500,3500,3500,3500,3500,3500,3500,3500,3500,3500,3500,3500,3500,3500,3500,3500,3500,0.6124343872070313,3.163818359375,24.43010711669922,0.31451416015625,0.40740966796875,2.9681396484375,0.46630096435546875,0.32346343994140625,0.21392822265625,0.317413330078125,0.29337310791015625,0.287872314453125,0.19593048095703125,9.256935119628906,35.039756774902344,2.7107162475585938,37.707427978515625,0.18022918701171875,8.074913024902344,2.8103561401367188,0,243083.81982421875,244538.60272216797,0,34088599552,2147483648,7972167680,0
200,1787751505620,3500,3500,3500,3500,3500,3500,3500,3500,3500,3500,3500,3500,3500,3500,3500,3500,3500,3500,3500,3500,13.18804931640625,0.27240753173828125,12.534156799316406,0.31201171875,1.514312744140625,0.6926956176757813,3.0398025512695313,0.35784149169921875,0.7878036499023438,0.3389892578125,0.31964111328125,4.1370697021484375,0.2728118896484375,33.74613952636719,15.562385559082031,0.2268218994140625,38.607276916503906,1.8718109130859375,34.79298400878906,0.224884033203125,0,243093.8822631836,244546.48767089844,0,34088599552,2147483648,7975100416,0
200,1787751505821,3500,3500,3500,3500,3500,3500,3500,3500,3500,3500,3500,3500,3500,3500,3500,3500,3500,3500,3500,3500,4.3301239013671875,0.47284698486328125,5.78521728515625,2.6229248046875,2.697052001953125,0.21630859375,0.16274261474609375,0.1201324462890625,0.1402435302734375,2.6738052368164063,0.053070068359375,0.6075668334960938,0,20.01959228515625,24.905860900878906,0.03838348388671875,51.12044143676758,0.855987548828125,19.546348571777344,0.06168365478515625,0,243104.0142211914,244554.44268798828,0,34088599552,2147483648,7975690240,0
200,1787751506022,3500,3500,3500,3500,3500,3500,3500,3500,3500,3500,3500,3500,3500,3500,3500,3500,3500,3500,3500,3500,1.7278518676757813,1.266143798828125,2.4712448120117188,0.5496368408203125,0.5688400268554688,0.526641845703125,0.5379180908203125,2.9469680786132813,3.9927291870117188,0.5157699584960938,3.0872573852539063,1.7595748901367188,3.0062637329101563,10.966239929199219,22.348960876464844,0.4706878662109375,81.64451599121094,0.37448883056640625,3.8087997436523438,0.48410797119140625,0,243113.88079833984,244562.18225097656,0,34088599552,2147483648,7977918464,0
200,1787751506222,3500,3500,3500,3500,3500,3500,3500,3500,3500,3500,3500,3500,3500,3500,3500,3500,3500,3500,3500,3500,14.377525329589844,0.37128448486328125,25.619125366210938,0.35182952880859375,0.7322921752929688,0.280914306640625,0.322662353515625,0.27837371826171875,0.39327239990234375,0.34580230712890625,0.35053253173828125,6.0147247314453125,0.27752685546875,18.072494506835938,42.19811248779297,0.2769775390625,29.717788696289063,0.25608062744140625,35.994483947753906,0.23663330078125,0,243125.20471191406,244571.32055664063,0,34088599552,2147483648,7981780992,0
200,1787751506423,3500,3500,3500,3500,3500,3500,3500,3500,3500,3500,3500,3500,3500,3500,3500,3500,3500,3500,3500,3500,26.068359375,1.3046875,6.9121856689453125,0.3149871826171875,0.313690185546875,2.7937469482421875,0.2376861572265625,0.3016204833984375,0.32176971435546875,0.27194976806640625,0.2987823486328125,1.3105239868164063,0.2451171875,18.420570373535156,12.468910217285156,2.7610855102539063,52.32787322998047,0.18212890625,18.534423828125,2.77294921875,0,243136.8448486328,244580.79125976563,0,34088599552,2147483648,7982391296,0
200,1787751506624,3500,3500,3500,3500,3500,3500,3500,3500,3500,3500,3500,3500,3500,3500,3500,3500,3500,3500,3500,3500,1.3357162475585938,1.8585281372070313,31.43170166015625,0.2554931640625,0.19415283203125,0.24866485595703125,2.7188644409179688,0.185028076171875,0.254150390625,0.17699432373046875,0.217987060546875,0.40515899658203125,0.16397857666015625,23.21306610107422,43.94994354248047,0.15859222412109375,26.410552978515625,0.167266845703125,24.969451904296875,0.2017822265625,0,243148.51239013672,244590.2474975586,0,34088599552,2147483648,7989207040,0
200,1787751506824,3500,3500,3500,3500,3500,3500,3500,3500,3500,3500,3500,3500,3500,3500,3500,3500,3500,3500,3500,3500,5.2599029541015625,0.8011474609375,3.2397003173828125,2.9847412109375,3.4711990356445313,0.4762420654296875,0.4342498779296875,0.438385009765625,0.666290283203125,2.9541549682617188,0.48097991943359375,1.596466064453125,0.395538330078125,22.383460998535156,13.670639038085938,0.3784027099609375,29.325408935546875,2.9197311401367188,57.4811897277832,0.3494110107421875,0,243157.4775390625,244597.07635498047,0,34088599552,2147483648,7989334016,0
200,1787751507024,3500,3500,3500,3500,3500,3500,3500,3500,3500,3500,3500,3500,3500,3500,3500,3500,3500,3500,3500,3500,0.6376876831054688,0.40883636474609375,40.18036651611328,0.3375396728515625,0.33199310302734375,0.4755859375,0.34444427490234375,2.92437744140625,3.0183258056640625,0.40323638916015625,2.9227294921875,0.43643951416015625,2.6910324096679688,11.718215942382813,15.599067687988281,0.20389556884765625,37.20793914794922,0.25374603271484375,16.560646057128906,0.27079010009765625,0,243169.62396240234,244607.08764648438,0,34088599552,2147483648,7989522432,0
200,1787751507225,3500,3500,3500,3500,3500,3500,3500,3500,3500,3500,3500,3500,3500,3500,3500,3500,3500,3500,3500,3500,0.9861984252929688,0.8539352416992188,1.0833511352539063,0.33489990234375,0.39459991455078125,0.519134521484375,0.47629547119140625,0.51708984375,0.45679473876953125,0.47374725341796875,0.41953277587890625,3.206573486328125,0.2070770263671875,6.5428619384765625,27.296356201171875,0.2403411865234375,42.87211990356445,0.2434844970703125,39.530391693115234,0.2320098876953125,0,243180.42907714844,244615.751953125,0,34088599552,2147483648,7989784576,0
200,1787751507425,3500,3500,3500,3500,3500,3500,3500,3500,3500,3500,3500,3500,3500,3500,3500,3500,3500,3500,3500,3500,0.5790863037109375,0.7870559692382813,12.140113830566406,0.31415557861328125,0.4485626220703125,3.0057373046875,0.3846282958984375,0.4180908203125,0.3902587890625,0.41265869140625,0.37415313720703125,0.800323486328125,0.33345794677734375,7.9103240966796875,8.403526306152344,2.810333251953125,24.109169006347656,0.2548065185546875,59.126319885253906,2.7235031127929688,0,243190.14031982422,244623.32989501953,0,34088599552,2147483648,7989768192,0
200,1787751507626,3500,3500,3500,3500,3500,3500,3500,3500,3500,3500,3500,3500,3500,3500,3500,3500,3500,3500,3500,3500,4.9571533203125,2.984100341796875,6.255615234375,0.3420867919921875,0.4933013916015625,0.43100738525390625,2.9325790405273438,0.365325927734375,0.25785064697265625,0.32781982421875,0.23371124267578125,0.45774078369140625,0.16089630126953125,37.735591888427734,8.285179138183594,0.26593017578125,68.8202133178711,0.18807220458984375,7.287353515625,0.25475311279296875,0,243200.92987060547,244631.97064208984,0,34088599552,2147483648,7990571008,0
200,1787751507826,3500,3500,3500,3500,3500,3500,3500,3500,3500,3500,3500,3500,3500,3500,3500,3500,3500,3500,3500,3500,3.9720230102539063,0.6656112670898438,0.5389633178710938,2.868011474609375,2.8314971923828125,0.271453857421875,0.25818634033203125,0.278533935546875,0.3434295654296875,2.9505615234375,0.36907196044921875,0.4637908935546875,0.2167816162109375,15.331779479980469,57.66808319091797,0.17627716064453125,37.49610137939453,2.7414627075195313,11.313064575195313,0.291107177734375,0,243211.17694091797,244640.08868408203,0,34088599552,2147483648,7990886400,0
200,1787751508027,3500,3500,3500,3500,3500,3500,3500,3500,3500,3500,3500,3500,3500,3500,3500,3500,3500,3500,3500,3500,0.5717697143554688,0.7182464599609375,0.27648162841796875,0.2631683349609375,0.21659088134765625,0.1955413818359375,0.24073028564453125,2.7635040283203125,2.7833023071289063,0.264862060546875,2.7591171264648438,0.37328338623046875,2.7716827392578125,5.1153717041015625,4.70782470703125,0.32381439208984375,28.320877075195313,0.19489288330078125,74.19267272949219,0.11684417724609375,0,243220.38751220703,244647.14935302734,0,34088599552,2147483648,7991021568,0
200,1787751508227,3500,3500,3500,3500,3500,3500,3500,3500,3500,3500,3500,3500,3500,3500,3500,3500,3500,3500,3500,3500,0.5931854248046875,1.0319747924804688,21.520347595214844,0.283355712890625,0.32199859619140625,0.32164764404296875,0.24311065673828125,0.276519775390625,0.2835540771484375,0.306488037109375,0.2915802001953125,0.29073333740234375,0.267791748046875,19.110206604003906,8.025413513183594,0.2885894775390625,27.963394165039063,0.316864013671875,50.392189025878906,0.2121429443359375,0,243228.38287353516,244653.01068115234,0,34088599552,2147483648,7993884672,0
200,1787751508428,3500,3500,3500,3500,3500,3500,3500,3500,3500,3500,3500,3500,3500,3500,3500,3500,3500,3500,3500,3500,0.6242752075195313,0.6539993286132813,22.608444213867188,0.29465484619140625,1.1350326538085938,2.891387939453125,0.25286102294921875,0.2459259033203125,0.3086700439453125,0.35076141357421875,0.35964202880859375,3.9664230346679688,0.28482818603515625,15.424407958984375,29.400726318359375,2.749847412109375,52.1690673828125,0.2728118896484375,10.78887939453125,2.878875732421875,0,243238.7996826172,244661.26135253906,0,34088599552,2147483648,7995400192,0
200,1787751508628,3500,3500,3500,3500,3500,3500,3500,3500,3500,3500,3500,3500,3500,3500,3500,3500,3500,3500,3500,3500,0.7642135620117188,3.3248367309570313,2.9500808715820313,0.19734954833984375,0.16558074951171875,0.2044830322265625,2.72564697265625,0.209869384765625,0.1268768310546875,0.22447967529296875,0.254058837890625,0.7106475830078125,0.11486053466796875,12.849769592285156,61.47976303100586,0.08563232421875,32.89971160888672,0.1699676513671875,3.6648712158203125,0.2691650390625,0,243248.85278320313,244669.1893310547,0,34088599552,2147483648,7995445248,0
200,1787751508829,3500,3500,3500,3500,3500,3500,3500,3500,3500,3500,3500,3500,3500,3500,3500,3500,3500,3500,3500,3500,3.882720947265625,0.97052001953125,2.6883468627929688,2.9861068725585938,3.075927734375,0.5352401733398438,0.65972900390625,0.50579833984375,0.44278717041015625,0.439453125,0.48003387451171875,0.491973876953125,0.42533111572265625,9.262657165527344,32.55924987792969,0.4003143310546875,28.736557006835938,2.9324951171875,40.44510269165039,0.43900299072265625,0,243259.46142578125,244677.65118408203,0,34088599552,2147483648,7995428864,0
200,1787751509029,3500,3500,3500,3500,3500,3500,3500,3500,3500,3500,3500,3500,3500,3500,3500,3500,3500,3500,3500,3500,4.129127502441406,0.6111221313476563,15.177055358886719,0.199310302734375,1.6270065307617188,0.47385406494140625,0.370025634765625,2.8375015258789063,3.9857101440429688,2.7886123657226563,2.70977783203125,1.8819046020507813,2.7214279174804688,19.750343322753906,43.637813568115234,0.16506195068359375,55.29426193237305,0.17031097412109375,14.212905883789063,0.239898681640625,0,243269.35516357422,244685.3812866211,0,34088599552,2147483648,7998001152,0
200,1787751509230,3500,3500,3500,3500,3500,3500,3500,3500,3500,3500,3500,3500,3500,3500,3500,3500,3500,3500,3500,3500,0.6557540893554688,1.1215057373046875,0.306610107421875,0.3116912841796875,0.6542129516601563,0.26451873779296875,0.31603240966796875,0.27294158935546875,0.3635101318359375,0.4720306396484375,0.34819793701171875,0.7545547485351563,0.23828125,5.371177673339844,8.862808227539063,0.2729949951171875,93.59214782714844,0.15345001220703125,0.5604019165039063,0.32012176513671875,0,243278.26947021484,244692.24237060547,0,34088599552,2147483648,7967703040,0
200,1787751509430,3500,3500,3500,3500,3500,3500,3500,3500,3500,3500,3500,3500,3500,3500,3500,3500,3500,3500,3500,3500,0.520782470703125,1.0704879760742188,0.2388916015625,0.26662445068359375,0.34088897705078125,2.7805633544921875,0.2584991455078125,0.2789459228515625,0.2841796875,0.2966461181640625,0.26348114013671875,3.4976959228515625,0.17675018310546875,9.879234313964844,17.213516235351563,2.6993637084960938,82.00875854492188,0.11002349853515625,8.647956848144531,2.829833984375,0,243287.1021118164,244699.1805419922,0,34088599552,2147483648,7969660928,0
200,1787751509631,3500,3500,3500,3500,3500,3500,3500,3500,3500,3500,3500,3500,3500,3500,3500,3500,3500,3500,3500,3500,4.836830139160156,3.3844070434570313,9.954788208007813,0.339874267578125,0.431793212890625,0.3370819091796875,2.8922271728515625,0.3162384033203125,0.5489883422851563,0.41577911376953125,0.4437103271484375,1.4844894409179688,0.3208770751953125,22.51274871826172,64.82939910888672,0.23090362548828125,35.51127624511719,0.28167724609375,11.306373596191406,0.31040191650390625,0,243298.53594970703,244708.10174560547,0,34088599552,2147483648,7975702528,0
200,1787751509831,3500,3500,3500,3500,3500,3500,3500,3500,3500,3500,3500,3500,3500,3500,3500,3500,3500,3500,3500,3500,3.7025527954101563,0.8497467041015625,35.886207580566406,2.8178634643554688,2.9305419921875,0.47547149658203125,0.40557861328125,0.447265625,0.44516754150390625,0.451202392578125,0.3767242431640625,0.6113128662109375,0.2538604736328125,12.83441162109375,57.236820220947266,0.19060516357421875,9.9691162109375,2.8148727416992188,2.8438262939453125,0.31561279296875,0,243308.19854736328,244715.6382446289,0,34088599552,2147483648,7977074688,0
200,1787751510032,3500,3500,3500,3500,3500,3500,3500,3500,3500,3500,3500,3500,3500,3500,3500,3500,3500,3500,3500,3500,0.56878662109375,1.563385009765625,0.284271240234375,0.3237152099609375,0.32057952880859375,0.3965301513671875,0.36870574951171875,2.8336257934570313,2.8360137939453125,2.8654937744140625,2.9053421020507813,0.5820541381835938,2.7597122192382813,6.7366485595703125,90.08566284179688,0.1365509033203125,10.154426574707031,0.33100128173828125,0.2870635986328125,0.3141937255859375,0,243317.1014404297,244722.4248046875,0,34088599552,2147483648,7977725952,0
200,1787751510232,3500,3500,3500,3500,3500,3500,3500,3500,3500,3500,3500,3500,3500,3500,3500,3500,3500,3500,3500,3500,0.48856353759765625,1.3787002563476563,0.2772979736328125,0.2841796875,0.386322021484375,0.38158416748046875,0.38367462158203125,0.41998291015625,0.24273681640625,0.31325531005859375,0.29534912109375,0.197296142578125,0.2791900634765625,3.3509979248046875,22.772628784179688,0.22119140625,79.81346130371094,0.1391448974609375,0.9658966064453125,0.3735504150390625,0,243326.42498779297,244729.6030883789,0,34088599552,2147483648,7978430464,0
200,1787751510433,3500,3500,3500,3500,3500,3500,3500,3500,3500,3500,3500,3500,3500,3500,3500,3500,3500,3500,3500,3500,1.2079849243164063,1.0144424438476563,9.642608642578125,0.39591217041015625,7.075531005859375,2.8613128662109375,0.33197784423828125,0.34210205078125,0.256927490234375,0.32769012451171875,0.25348663330078125,4.294456481933594,0.222015380859375,30.493133544921875,26.037399291992188,0.258575439453125,66.60226440429688,0.1968841552734375,9.788978576660156,2.8321380615234375,0,243337.88818359375,244738.88342285156,0,34088599552,2147483648,7983640576,0
200,1787751510633,3500,3500,3500,3500,3500,3500,3500,3500,3500,3500,3500,3500,3500,3500,3500,3500,3500,3500,3500,3500,1.5936660766601563,3.1717758178710938,5.605743408203125,0.33342742919921875,1.6167068481445313,0.30126190185546875,2.7846450805664063,0.25543212890625,0.41136932373046875,0.32010650634765625,0.2873992919921875,16.347557067871094,0.25109100341796875,24.45568084716797,58.09665298461914,2.7087936401367188,25.124526977539063,0.306243896484375,13.474693298339844,0.30828857421875,0,243347.90856933594,244746.76043701172,0,34088599552,2147483648,7984357376,0
200,1787751510834,3500,3500,3500,3500,3500,3500,3500,3500,3500,3500,3500,3500,3500,3500,3500,3500,3500,3500,3500,3500,3.7559890747070313,0.645751953125,0.3712921142578125,2.8144378662109375,2.8406143188476563,0.29540252685546875,0.3748321533203125,0.3165435791015625,0.2353668212890625,0.3003387451171875,0.20180511474609375,0.3104095458984375,0.1948699951171875,7.1123504638671875,17.03106689453125,0.21746063232421875,70.53553009033203,2.6584548950195313,19.53673553466797,0.27664947509765625,0,243356.75360107422,244753.4609375,0,34088599552,2147483648,7984492544,0
200,1787751511034,3500,3500,3500,3500,3500,3500,3500,3500,3500,3500,3500,3500,3500,3500,3500,3500,3500,3500,3500,3500,4.94305419921875,0.47417449951171875,6.389411926269531,0.30156707763671875,0.37737274169921875,0.31748199462890625,0.45003509521484375,2.8748626708984375,2.8383026123046875,2.8640365600585938,2.7980117797851563,0.52728271484375,2.7490386962890625,23.213226318359375,38.1025390625,0.246063232421875,47.69327163696289,0.2001800537109375,21.872840881347656,0.285064697265625,0,243367.6040649414,244762.14715576172,0,34088599552,2147483648,7985102848,0
200,1787751511235,3500,3500,3500,3500,3500,3500,3500,3500,3500,3500,3500,3500,3500,3500,3500,3500,3500,3500,3500,3500,0.6803741455078125,0.47983551025390625,1.9860610961914063,0.330657958984375,0.5213241577148438,0.30233001708984375,0.29520416259765625,0.301483154296875,0.32402801513671875,0.35823822021484375,0.26847076416015625,0.5120010375976563,0.27031707763671875,25.480804443359375,43.93410110473633,0.2552490234375,32.29969024658203,0.2710113525390625,14.938621520996094,0.25809478759765625,0,243377.52520751953,244769.90155029297,0,34088599552,2147483648,7985438720,0
200,1787751511435,3500,3500,3500,3500,3500,3500,3500,3500,3500,3500,3500,3500,3500,3500,3500,3500,3500,3500,3500,3500,0.5677871704101563,0.8573455810546875,0.3105010986328125,0.3083038330078125,0.24182891845703125,2.8712158203125,0.27025604248046875,0.26671600341796875,0.31638336181640625,0.2820281982421875,0.26781463623046875,2.841796875,0.29384613037109375,2.9486236572265625,19.03302764892578,0.2374420166015625,40.4208984375,0.2014312744140625,49.828514099121094,2.7449951171875,0,243385.90551757813,244776.16918945313,0,34088599552,2147483648,7985504256,0
200,1787751511636,3500,3500,3500,3500,3500,3500,3500,3500,3500,3500,3500,3500,3500,3500,3500,3500,3500,3500,3500,3500,2.2578887939453125,3.5302047729492188,3.1998748779296875,0.3892822265625,0.2729339599609375,0.2805633544921875,2.7541351318359375,0.30230712890625,0.32733917236328125,0.3006591796875,0.2965240478515625,0.3028106689453125,0.28749847412109375,10.621238708496094,35.708595275878906,2.8209152221679688,40.156349182128906,0.246856689453125,23.991378784179688,0.26580047607421875,0,243395.01153564453,244783.12884521484,0,34088599552,2147483648,7986733056,0
200,1787751511836,3500,3500,3500,3500,3500,3500,3500,3500,3500,3500,3500,3500,3500,3500,3500,3500,3500,3500,3500,3500,3.58636474609375,0.7177734375,2.3570175170898438,2.8971023559570313,2.7818984985351563,0.22177886962890625,0.27056884765625,0.2022552490234375,0.365753173828125,0.49509429931640625,0.33469390869140625,0.46727752685546875,0.18552398681640625,19.534698486328125,27.781959533691406,0.19765472412109375,44.37760543823242,2.6966018676757813,47.102420806884766,0.19915771484375,0,243406.51293945313,244792.47436523438,0,34088599552,2147483648,7987392512,0
200,1787751512037,3500,3500,3500,3500,3500,3500,3500,3500,3500,3500,3500,3500,3500,3500,3500,3500,3500,3500,3500,3500,0.93353271484375,0.8416671752929688,4.7458038330078125,0.3217315673828125,0.33774566650390625,0.3172454833984375,0.35355377197265625,2.835357666015625,2.9427337646484375,3.0097579956054688,2.8929595947265625,0.44716644287109375,2.7928619384765625,22.64537811279297,34.09815979003906,0.2778472900390625,55.88251876831055,0.279693603515625,15.400016784667969,0.27500152587890625,0,243416.46252441406,244800.25512695313,0,34088599552,2147483648,7988461568,0
199,1787751512237,3500,3500,3500,3500,3500,3500,3500,3500,3500,3500,3500,3500,3500,3500,3500,3500,3500,3500,3500,3500,0.47763824462890625,1.1637039184570313,0.32886505126953125,0.3207855224609375,0.31256103515625,0.23455810546875,0.270263671875,0.2640838623046875,0.48915863037109375,0.40936279296875,0.5014801025390625,0.40826416015625,0.22607421875,7.8004150390625,7.552040100097656,0.26772308349609375,70.5428237915039,0.189971923828125,20.776931762695313,0.27924346923828125,0,243426.28491210938,244807.93420410156,0,34088599552,2147483648,7988457472,0
200,1787751512437,3500,3500,3500,3500,3500,3500,3500,3500,3500,3500,3500,3500,3500,3500,3500,3500,3500,3500,3500,3500,0.6139755249023438,1.1357574462890625,0.30756378173828125,0.2860107421875,0.4332427978515625,2.8154983520507813,0.22911834716796875,0.268218994140625,0.3275604248046875,0.36275482177734375,0.359954833984375,3.0705642700195313,0.23632049560546875,2.6699142456054688,25.909912109375,0.23816680908203125,51.50591278076172,0.21047210693359375,30.17302703857422,2.783599853515625,0,243435.41119384766,244814.94708251953,0,34088599552,2147483648,7988457472,0
200,1787751512638,3500,3500,3500,3500,3500,3500,3500,3500,3500,3500,3500,3500,3500,3500,3500,3500,3500,3500,3500,3500,1.0522994995117188,3.35284423828125,3.5536270141601563,0.26671600341796875,0.235748291015625,0.25933074951171875,2.832977294921875,0.23639678955078125,0.29344940185546875,0.28302001953125,0.29499053955078125,0.24372100830078125,0.2158966064453125,8.372703552246094,41.93440628051758,2.7125396728515625,14.428359985351563,0.26396942138671875,56.2968864440918,0.18123626708984375,0,243444.15307617188,244821.53790283203,0,34088599552,2147483648,7988580352,0
200,1787751512838,3500,3500,3500,3500,3500,3500,3500,3500,3500,3500,3500,3500,3500,3500,3500,3500,3500,3500,3500,3500,4.1107025146484375,0.6298446655273438,24.213668823242188,2.7718887329101563,2.766693115234375,0.2745361328125,0.31894683837890625,0.169036865234375,0.242767333984375,0.28467559814453125,0.33153533935546875,0.43603515625,0.2345733642578125,25.97997283935547,9.358421325683594,0.2520599365234375,60.238651275634766,2.7265853881835938,4.2906341552734375,0.2446136474609375,0,243453.9041748047,244829.16107177734,0,34088599552,2147483648,7988645888,0
200,1787751513038,3500,3500,3500,3500,3500,3500,3500,3500,3500,3500,3500,3500,3500,3500,3500,3500,3500,3500,3500,3500,0.6200180053710938,0.6570205688476563,0.3287811279296875,0.31676483154296875,0.35691070556640625,0.23712921142578125,0.28495025634765625,2.7125625610351563,2.8902969360351563,2.8887481689453125,2.854888916015625,0.4345550537109375,0.25577545166015625,11.025337219238281,26.636154174804688,0.2515869140625,70.26728820800781,0.212738037109375,0.3589019775390625,0.31362152099609375,0,243463.8292236328,244837.3175048828,0,34088599552,2147483648,7988830208,0
200,1787751513239,3500,3500,3500,3500,3500,3500,3500,3500,3500,3500,3500,3500,3500,3500,3500,3500,3500,3500,3500,3500,0.5205535888671875,1.46820068359375,0.30675506591796875,0.3291473388671875,0.35552978515625,0.36211395263671875,0.3843536376953125,0.37009429931640625,0.33199310302734375,0.3107452392578125,0.3321380615234375,0.39203643798828125,2.7476425170898438,22.376846313476563,57.1313362121582,0.1977386474609375,26.528160095214844,0.26656341552734375,0.305908203125,0.324310302734375,0,243473.91345214844,244844.87335205078,0,34088599552,2147483648,7988899840,0
200,1787751513439,3500,3500,3500,3500,3500,3500,3500,3500,3500,3500,3500,3500,3500,3500,3500,3500,3500,3500,3500,3500,1.2502593994140625,0.7371139526367188,23.19690704345703,0.23473358154296875,0.3873291015625,3.0031509399414063,0.47031402587890625,0.43949127197265625,0.4148101806640625,0.4503173828125,0.31601715087890625,2.9999618530273438,0.211944580078125,18.48180389404297,34.754112243652344,0.2199249267578125,59.55799102783203,0.2100982666015625,13.135307312011719,2.7830810546875,0,243482.0469970703,244850.8133544922,0,34088599552,2147483648,8006598656,0
200,1787751513640,3500,3500,3500,3500,3500,3500,3500,3500,3500,3500,3500,3500,3500,3500,3500,3500,3500,3500,3500,3500,0.5409698486328125,3.033599853515625,2.9484710693359375,0.2583160400390625,0.324493408203125,0.37940216064453125,2.9265289306640625,0.38543701171875,0.45709228515625,0.38463592529296875,0.330230712890625,0.5323486328125,0.25931549072265625,11.672019958496094,33.22473907470703,2.6940994262695313,67.50883483886719,0.17398834228515625,0.36638641357421875,0.314971923828125,0,243491.7622680664,244858.39123535156,0,34088599552,2147483648,8006586368,0
200,1787751513840,3500,3500,3500,3500,3500,3500,3500,3500,3500,3500,3500,3500,3500,3500,3500,3500,3500,3500,3500,3500,3.4844131469726563,1.0466384887695313,0.33817291259765625,2.8855819702148438,2.863739013671875,0.3004608154296875,0.35283660888671875,0.28240966796875,0.3131866455078125,0.2920379638671875,0.3392181396484375,0.36635589599609375,0.32166290283203125,4.6826324462890625,41.082191467285156,0.24689483642578125,54.89451217651367,2.7562026977539063,14.331504821777344,0.3648529052734375,0,243503.001953125,244867.50817871094,0,34088599552,2147483648,8006586368,0
200,1787751514041,3500,3500,3500,3500,3500,3500,3500,3500,3500,3500,3500,3500,3500,3500,3500,3500,3500,3500,3500,3500,4.304313659667969,1.1637039184570313,4.500457763671875,0.2946929931640625,0.3571319580078125,0.309356689453125,0.2880096435546875,2.7970962524414063,2.8135528564453125,2.8015365600585938,2.7596969604492188,0.4212188720703125,0.24267578125,8.267959594726563,52.16597366333008,0.23160552978515625,42.33982467651367,0.22452545166015625,15.996658325195313,0.290802001953125,0,243511.98046875,244874.32843017578,0,34088599552,2147483648,8006524928,0
200,1787751514241,3500,3500,3500,3500,3500,3500,3500,3500,3500,3500,3500,3500,3500,3500,3500,3500,3500,3500,3500,3500,1.2396621704101563,0.6989822387695313,9.128890991210938,0.2733612060546875,0.37804412841796875,0.363433837890625,0.44956207275390625,0.42636871337890625,0.28702545166015625,0.2637786865234375,0.289215087890625,0.4693603515625,2.7195205688476563,20.387252807617188,52.207115173339844,0.15929412841796875,45.891849517822266,0.22927093505859375,24.67475128173828,0.2408905029296875,0,243522.63745117188,244882.82263183594,0,34088599552,2147483648,8005013504,0
200,1787751514442,3500,3500,3500,3500,3500,3500,3500,3500,3500,3500,3500,3500,3500,3500,3500,3500,3500,3500,3500,3500,0.56158447265625,1.034942626953125,0.34639739990234375,0.3026580810546875,0.2451629638671875,2.8300018310546875,0.28041839599609375,0.2786712646484375,0.23284149169921875,0.26480865478515625,0.301116943359375,3.0088348388671875,0.23099517822265625,10.4210205078125,9.885269165039063,0.20940399169921875,71.3587417602539,0.14093017578125,17.399932861328125,2.7768936157226563,0,243531.81549072266,244889.8345336914,0,34088599552,2147483648,8005013504,0
200,1787751514642,3500,3500,3500,3500,3500,3500,3500,3500,3500,3500,3500,3500,3500,3500,3500,3500,3500,3500,3500,3500,0.6353302001953125,3.3289871215820313,2.8754806518554688,0.3267364501953125,0.30055999755859375,0.2841033935546875,2.8443603515625,0.32643890380859375,0.28330230712890625,0.3238983154296875,0.36917877197265625,0.33123016357421875,0.23842620849609375,13.16400146484375,7.15032958984375,2.812347412109375,30.865310668945313,0.3134765625,64.52332305908203,0.25891876220703125,0,243541.17755126953,244897.0665283203,0,34088599552,2147483648,8005009408,0
200,1787751514843,3500,3500,3500,3500,3500,3500,3500,3500,3500,3500,3500,3500,3500,3500,3500,3500,3500,3500,3500,3500,3.5156631469726563,1.1495819091796875,0.35175323486328125,2.7902069091796875,2.8366928100585938,0.2375946044921875,0.2433319091796875,0.248565673828125,0.235504150390625,0.34447479248046875,0.2632293701171875,0.3571929931640625,0.23021697998046875,10.01495361328125,51.47076416015625,0.18343353271484375,42.59815979003906,2.7622299194335938,13.910202026367188,0.3737030029296875,0,243552.01080322266,244905.76373291016,0,34088599552,2147483648,8005271552,0
200,1787751515043,3500,3500,3500,3500,3500,3500,3500,3500,3500,3500,3500,3500,3500,3500,3500,3500,3500,3500,3500,3500,5.1043701171875,0.7758026123046875,20.21697998046875,0.30486297607421875,0.3103485107421875,0.26187896728515625,0.27025604248046875,2.7713165283203125,4.4434661865234375,2.859893798828125,1.420745849609375,2.2821807861328125,0.2432708740234375,25.51055908203125,33.21074676513672,0.19709014892578125,47.684608459472656,0.22531890869140625,13.166671752929688,0.315338134765625,0,243561.10052490234,244912.658203125,0,34088599552,2147483648,8007467008,0
200,1787751515244,3500,3500,3500,3500,3500,3500,3500,3500,3500,3500,3500,3500,3500,3500,3500,3500,3500,3500,3500,3500,0.6278533935546875,0.9712982177734375,0.562225341796875,0.32155609130859375,0.3428497314453125,0.27861785888671875,0.2636566162109375,0.298370361328125,0.46472930908203125,0.4077301025390625,1.75006103515625,2.1705093383789063,2.7259979248046875,33.19920349121094,18.53986358642578,0.22745513916015625,54.81065368652344,0.21967315673828125,1.4977188110351563,0.2924346923828125,0,243570.93237304688,244920.36163330078,0,34088599552,2147483648,8007471104,0
200,1787751515445,3500,3500,3500,3500,3500,3500,3500,3500,3500,3500,3500,3500,3500,3500,3500,3500,3500,3500,3500,3500,0.57598876953125,1.4616317749023438,0.3776397705078125,0.33759307861328125,0.3202362060546875,2.8147964477539063,0.25754547119140625,0.2381439208984375,0.22408294677734375,0.28742218017578125,0.28896331787109375,3.0265045166015625,0.303924560546875,10.529434204101563,36.069461822509766,0.18004608154296875,59.72856903076172,0.1935577392578125,0.31534576416015625,2.8072128295898438,0,243579.82104492188,244927.11376953125,0,34088599552,2147483648,8007462912,0
200,1787751515645,3500,3500,3500,3500,3500,3500,3500,3500,3500,3500,3500,3500,3500,3500,3500,3500,3500,3500,3500,3500,2.5072097778320313,3.4290390014648438,13.587135314941406,0.33324432373046875,0.397430419921875,0.4036102294921875,2.97406005859375,0.34162139892578125,0.41583251953125,0.252105712890625,0.2344512939453125,0.5377655029296875,0.17958831787109375,9.551254272460938,15.795761108398438,2.7052001953125,56.12568664550781,0.16786956787109375,25.06031036376953,0.214599609375,0,243587.74926757813,244932.8872680664,0,34088599552,2147483648,8007397376,0
200,1787751515845,3500,3500,3500,3500,3500,3500,3500,3500,3500,3500,3500,3500,3500,3500,3500,3500,3500,3500,3500,3500,3.72845458984375,0.40534210205078125,19.17644500732422,2.9053802490234375,0.26342010498046875,0.32361602783203125,0.3790130615234375,0.282501220703125,0.392852783203125,0.33734893798828125,0.28879547119140625,0.41303253173828125,0.212310791015625,24.018470764160156,48.258140563964844,0.25707244873046875,31.459091186523438,2.760711669921875,27.72394561767578,0.27820587158203125,0,243596.87268066406,244939.8623046875,0,34088599552,2147483648,8009883648,0
199,1787751516046,3500,3500,3500,3500,3500,3500,3500,3500,3500,3500,3500,3500,3500,3500,3500,3500,3500,3500,3500,3500,0.5485610961914063,0.9480514526367188,0.3495635986328125,0.3688201904296875,2.86639404296875,0.29889678955078125,0.29096221923828125,2.8738250732421875,2.869537353515625,2.9416046142578125,0.34128570556640625,0.5515518188476563,0.2940521240234375,15.978469848632813,38.612491607666016,0.24268341064453125,46.74610900878906,0.24857330322265625,9.435874938964844,0.33664703369140625,0,243605.626953125,244946.7827758789,0,34088599552,2147483648,8010076160,0
200,1787751516246,3500,3500,3500,3500,3500,3500,3500,3500,3500,3500,3500,3500,3500,3500,3500,3500,3500,3500,3500,3500,0.5920181274414063,1.20098876953125,0.30941009521484375,0.2975616455078125,0.283660888671875,0.3289031982421875,0.21791839599609375,0.26366424560546875,0.266265869140625,0.29656219482421875,2.7594375610351563,0.5050811767578125,2.7552337646484375,7.504302978515625,3.0578460693359375,0.24536895751953125,78.8038558959961,0.17952728271484375,17.06684112548828,0.26926422119140625,0,243613.9901123047,244952.94177246094,0,34088599552,2147483648,8010141696,0
200,1787751516446,3500,3500,3500,3500,3500,3500,3500,3500,3500,3500,3500,3500,3500,3500,3500,3500,3500,3500,3500,3500,1.1236495971679688,0.6602783203125,18.504249572753906,0.24637603759765625,0.251861572265625,2.7271347045898438,0.25115966796875,0.28333282470703125,0.2587432861328125,0.3322601318359375,0.22777557373046875,2.9317169189453125,0.21465301513671875,10.917427062988281,19.922958374023438,0.18189239501953125,42.543025970458984,0.1950531005859375,33.742530822753906,2.1183319091796875,0,243623.0216064453,244959.64093017578,0,34088599552,2147483648,8010596352,0
200,1787751516647,3500,3500,3500,3500,3500,3500,3500,3500,3500,3500,3500,3500,3500,3500,3500,3500,3500,3500,3500,3500,0.548858642578125,3.5465545654296875,2.804901123046875,0.2811126708984375,0.5042800903320313,0.40294647216796875,2.8728179931640625,0.33712005615234375,0.48477935791015625,0.43306732177734375,0.3987579345703125,0.41785430908203125,0.18825531005859375,20.925018310546875,9.371688842773438,2.7725830078125,78.4899673461914,0.134796142578125,0.4521636962890625,0.896697998046875,0,243631.68713378906,244966.12255859375,0,34088599552,2147483648,8010596352,0
199,1787751516847,3500,3500,3500,3500,3500,3500,3500,3500,3500,3500,3500,3500,3500,3500,3500,3500,3500,3500,3500,3500,3.46337890625,1.1199874877929688,0.34731292724609375,0.363677978515625,0.56231689453125,0.4828643798828125,0.534515380859375,0.41643524169921875,0.4305572509765625,0.34441375732421875,0.355194091796875,0.48974609375,0.29390716552734375,10.281524658203125,9.972145080566406,0.28357696533203125,53.81260681152344,2.7912139892578125,39.628963470458984,0.27285003662109375,0,243640.1805419922,244972.50701904297,0,34088599552,2147483648,8010592256,0
199,1787751517047,3500,3500,3500,3500,3500,3500,3500,3500,3500,3500,3500,3500,3500,3500,3500,3500,3500,3500,3500,3500,0.591705322265625,0.42726898193359375,34.87500762939453,2.7487106323242188,2.8465499877929688,0.29888153076171875,0.33917999267578125,2.757904052734375,2.78985595703125,2.7932052612304688,0.27652740478515625,0.2964324951171875,0.2037353515625,12.602264404296875,3.863128662109375,0.24488067626953125,7.196144104003906,0.24248504638671875,56.78327560424805,0.21433258056640625,0,243650.94091796875,244981.13037109375,0,34088599552,2147483648,8011100160,0
200,1787751517247,3500,3500,3500,3500,3500,3500,3500,3500,3500,3500,3500,3500,3500,3500,3500,3500,3500,3500,3500,3500,0.6376800537109375,0.5809860229492188,41.71528244018555,0.2147216796875,0.28256988525390625,0.23917388916015625,0.26412200927734375,0.29001617431640625,0.19542694091796875,0.3031158447265625,2.7643280029296875,0.8184585571289063,2.736480712890625,11.14471435546875,27.44268035888672,0.20067596435546875,49.842044830322266,0.20247650146484375,5.498115539550781,0.2528228759765625,0,243660.12322998047,244988.14453125,0,34088599552,2147483648,8012029952,0
200,1787751517448,3500,3500,3500,3500,3500,3500,3500,3500,3500,3500,3500,3500,3500,3500,3500,3500,3500,3500,3500,3500,0.5503768920898438,0.74407958984375,24.68267822265625,0.30167388916015625,0.23274993896484375,2.7976760864257813,0.24686431884765625,0.25453948974609375,0.28650665283203125,0.256439208984375,0.2030792236328125,3.0612945556640625,0.3129425048828125,3.9621200561523438,29.861907958984375,0.2536468505859375,41.8078727722168,0.2222747802734375,10.150047302246094,0.282318115234375,0,243669.36193847656,244995.23724365234,0,34088599552,2147483648,8012161024,0
200,1787751517648,3500,3500,3500,3500,3500,3500,3500,3500,3500,3500,3500,3500,3500,3500,3500,3500,3500,3500,3500,3500,0.6534347534179688,3.3197174072265625,28.175514221191406,0.332427978515625,0.32878875732421875,0.29965972900390625,2.8487625122070313,0.38832855224609375,0.3525238037109375,0.42238616943359375,0.34180450439453125,0.305450439453125,0.27487945556640625,5.199028015136719,5.454658508300781,2.7780914306640625,65.0244140625,0.21982574462890625,9.035888671875,2.8245697021484375,0,243679.33331298828,245003.08825683594,0,34088599552,2147483648,8012226560,0
200,1787751517848,3500,3500,3500,3500,3500,3500,3500,3500,3500,3500,3500,3500,3500,3500,3500,3500,3500,3500,3500,3500,3.4397125244140625,1.48760986328125,0.294677734375,0.330535888671875,0.2281951904296875,0.31121063232421875,0.3308868408203125,0.2682037353515625,0.4925079345703125,0.39481353759765625,0.426483154296875,0.36135101318359375,0.2197113037109375,10.715499877929688,2.4054489135742188,0.27234649658203125,58.36236572265625,2.7334365844726563,40.054481506347656,0.2578125,0,243688.6773071289,245010.31060791016,0,34088599552,2147483648,8012226560,0
200,1787751518049,3500,3500,3500,3500,3500,3500,3500,3500,3500,3500,3500,3500,3500,3500,3500,3500,3500,3500,3500,3500,0.7360076904296875,1.0100021362304688,27.347801208496094,2.8246383666992188,2.8104782104492188,0.22866058349609375,0.2634735107421875,2.7114334106445313,2.8774032592773438,2.8270797729492188,0.28167724609375,0.31484222412109375,0.1743011474609375,10.8321533203125,17.94422149658203,0.20966339111328125,71.08761596679688,0.11864471435546875,10.995735168457031,0.3019256591796875,0,243700.7319946289,245020.1807861328,0,34088599552,2147483648,8014237696,0
200,1787751518250,3500,3500,3500,3500,3500,3500,3500,3500,3500,3500,3500,3500,3500,3500,3500,3500,3500,3500,3500,3500,0.5900039672851563,1.2753143310546875,0.3225555419921875,0.3097381591796875,0.30515289306640625,0.2548828125,0.2662506103515625,0.2842559814453125,0.3214111328125,0.22835540771484375,2.7896957397460938,0.3413543701171875,2.7145462036132813,7.824676513671875,3.3682327270507813,0.29347991943359375,34.28168487548828,0.2409210205078125,61.590667724609375,0.2136383056640625,0,243710.50720214844,245027.8272705078,0,34088599552,2147483648,8014237696,0
199,1787751518450,3500,3500,3500,3500,3500,3500,3500,3500,3500,3500,3500,3500,3500,3500,3500,3500,3500,3500,3500,3500,0.561492919921875,1.0719680786132813,0.3512420654296875,0.35138702392578125,0.36829376220703125,2.8576431274414063,0.30809783935546875,0.2586822509765625,0.39781951904296875,0.3295440673828125,0.2917938232421875,2.9535446166992188,0.27199554443359375,3.3137054443359375,6.0556488037109375,0.2819671630859375,93.9214096069336,0.1772918701171875,5.144561767578125,0.34694671630859375,0,243719.80841064453,245034.99041748047,0,34088599552,2147483648,8014221312,0
200,1787751518650,3500,3500,3500,3500,3500,3500,3500,3500,3500,3500,3500,3500,3500,3500,3500,3500,3500,3500,3500,3500,0.6096343994140625,2.9271926879882813,2.8070602416992188,0.2803192138671875,0.37735748291015625,0.31496429443359375,2.9604949951171875,0.3248138427734375,0.2937164306640625,0.265625,0.2124786376953125,0.2974700927734375,0.21602630615234375,14.641273498535156,41.810001373291016,2.7052688598632813,59.37477493286133,0.19792938232421875,2.6193771362304688,2.783660888671875,0,243730.07763671875,245043.10961914063,0,34088599552,2147483648,8014417920,0
199,1787751518850,3500,3500,3500,3500,3500,3500,3500,3500,3500,3500,3500,3500,3500,3500,3500,3500,3500,3500,3500,3500,0.866546630859375,1.0575103759765625,0.3167572021484375,0.32334136962890625,0.36785125732421875,0.3208465576171875,0.3795318603515625,0.3389129638671875,0.30877685546875,0.328033447265625,0.3034820556640625,0.316162109375,0.28931427001953125,5.0433807373046875,39.610328674316406,0.2310333251953125,60.021514892578125,2.723480224609375,7.1188201904296875,0.277984619140625,0,243740.4741821289,245051.36920166016,0,34088599552,2147483648,8014483456,0
200,1787751519050,3500,3500,3500,3500,3500,3500,3500,3500,3500,3500,3500,3500,3500,3500,3500,3500,3500,3500,3500,3500,3.0583114624023438,1.4522705078125,0.2951507568359375,2.84564208984375,2.936126708984375,0.42768096923828125,0.47637176513671875,0.3723907470703125,2.9527740478515625,2.8760910034179688,0.42633056640625,0.3112030029296875,0.3282470703125,3.4698944091796875,17.41260528564453,0.31204986572265625,88.6564712524414,0.14922332763671875,0.3108978271484375,0.29759979248046875,0,243750.40393066406,245059.18646240234,0,34088599552,2147483648,8014684160,0
200,1787751519251,3500,3500,3500,3500,3500,3500,3500,3500,3500,3500,3500,3500,3500,3500,3500,3500,3500,3500,3500,3500,0.565948486328125,1.130401611328125,0.2633209228515625,0.27021026611328125,0.44136810302734375,0.4502410888671875,0.45308685302734375,2.9869308471679688,0.3090057373046875,0.22826385498046875,2.758270263671875,0.26172637939453125,2.723358154296875,11.273818969726563,4.522941589355469,0.19908905029296875,46.058292388916016,0.2085113525390625,46.000091552734375,0.2088623046875,0,243759.26330566406,245065.90209960938,0,34088599552,2147483648,8009056256,0
200,1787751519452,3500,3500,3500,3500,3500,3500,3500,3500,3500,3500,3500,3500,3500,3500,3500,3500,3500,3500,3500,3500,0.5435943603515625,1.13531494140625,35.87841033935547,0.2519989013671875,0.6295242309570313,2.9735260009765625,0.5014572143554688,0.4443511962890625,0.28571319580078125,0.299774169921875,0.29184722900390625,2.9406051635742188,0.22795867919921875,6.918037414550781,24.892578125,0.2337493896484375,48.986915588378906,0.20915985107421875,0.688323974609375,0.386199951171875,0,243768.58166503906,245073.08361816406,0,34088599552,2147483648,8009281536,0
200,1787751519652,3500,3500,3500,3500,3500,3500,3500,3500,3500,3500,3500,3500,3500,3500,3500,3500,3500,3500,3500,3500,2.5700149536132813,3.723358154296875,2.8587722778320313,0.3075714111328125,0.31630706787109375,0.34255218505859375,2.8573760986328125,0.29843902587890625,0.287567138671875,0.3541259765625,0.31231689453125,0.2678070068359375,0.27628326416015625,25.00952911376953,5.735115051269531,2.88232421875,77.99639129638672,0.18093109130859375,0.42163848876953125,2.913665771484375,0,243777.78076171875,245080.14764404297,0,34088599552,2147483648,8009232384,0
200,1787751519852,3500,3500,3500,3500,3500,3500,3500,3500,3500,3500,3500,3500,3500,3500,3500,3500,3500,3500,3500,3500,0.61187744140625,1.7231063842773438,23.793441772460938,0.34527587890625,0.27294158935546875,0.29540252685546875,0.2429351806640625,0.26490020751953125,0.23145294189453125,0.31777191162109375,0.23604583740234375,0.27388763427734375,0.23738861083984375,4.443000793457031,32.292137145996094,0.22396087646484375,45.72988510131836,2.7409210205078125,2.9057693481445313,0.3018951416015625,0,243785.3770751953,245085.6176147461,0,34088599552,2147483648,8009187328,0
200,1787751520053,3500,3500,3500,3500,3500,3500,3500,3500,3500,3500,3500,3500,3500,3500,3500,3500,3500,3500,3500,3500,3.0457382202148438,1.383392333984375,0.33982086181640625,2.8282394409179688,2.8528823852539063,0.27092742919921875,0.2563629150390625,0.2728729248046875,0.295623779296875,2.8777236938476563,0.3085479736328125,0.38631439208984375,0.2381591796875,10.979820251464844,30.843292236328125,0.20847320556640625,65.5787353515625,0.2033843994140625,0.39095306396484375,0.3150787353515625,0,243793.83758544922,245092.08575439453,0,34088599552,2147483648,8009244672,0
200,1787751520253,3500,3500,3500,3500,3500,3500,3500,3500,3500,3500,3500,3500,3500,3500,3500,3500,3500,3500,3500,3500,0.46030426025390625,0.814483642578125,8.001251220703125,0.33721160888671875,0.2907562255859375,0.212066650390625,0.31620025634765625,2.8059463500976563,2.838531494140625,0.31540679931640625,2.8833389282226563,1.131378173828125,2.7880859375,17.35448455810547,65.61751556396484,0.157928466796875,42.16164016723633,0.2436981201171875,9.217857360839844,0.297943115234375,0,243804.51208496094,245101.00115966797,0,34088599552,2147483648,8014278656,0
200,1787751520453,3500,3500,3500,3500,3500,3500,3500,3500,3500,3500,3500,3500,3500,3500,3500,3500,3500,3500,3500,3500,0.4860687255859375,1.2608795166015625,0.38074493408203125,0.3961639404296875,0.4705047607421875,2.7862548828125,0.25969696044921875,0.25311279296875,0.2832489013671875,0.2284698486328125,0.20157623291015625,3.060272216796875,0.21953582763671875,2.6412582397460938,8.105690002441406,0.2351531982421875,93.70293426513672,0.14105224609375,0.34821319580078125,0.3157806396484375,0,243815.57092285156,245109.3765258789,0,34088599552,2147483648,8014266368,0
200,1787751520654,3500,3500,3500,3500,3500,3500,3500,3500,3500,3500,3500,3500,3500,3500,3500,3500,3500,3500,3500,3500,0.7362518310546875,3.6822433471679688,2.9781570434570313,0.4568023681640625,0.4811248779296875,0.48032379150390625,0.7702102661132813,0.3636016845703125,0.5460586547851563,0.4096527099609375,0.48506927490234375,0.42708587646484375,0.30167388916015625,5.169776916503906,33.01902770996094,2.7937088012695313,69.36422729492188,0.26990509033203125,0.6558380126953125,2.8631820678710938,0,243823.45837402344,245115.1469116211,0,34088599552,2147483648,8014245888,0
200,1787751520854,3500,3500,3500,3500,3500,3500,3500,3500,3500,3500,3500,3500,3500,3500,3500,3500,3500,3500,3500,3500,1.36285400390625,1.1829757690429688,5.753959655761719,0.31036376953125,0.49219512939453125,0.41814422607421875,2.4721832275390625,0.40576934814453125,0.4001312255859375,0.3390045166015625,0.31256103515625,2.0040435791015625,0.1845703125,17.37664794921875,52.0557861328125,0.1261444091796875,53.850460052490234,2.6868972778320313,17.880111694335938,0.29459381103515625,0,243831.89459228516,245121.42706298828,0,34088599552,2147483648,8015552512,0
200,1787751521054,3500,3500,3500,3500,3500,3500,3500,3500,3500,3500,3500,3500,3500,3500,3500,3500,3500,3500,3500,3500,3.1505050659179688,1.7182159423828125,0.45194244384765625,2.9369659423828125,2.908660888671875,0.39733123779296875,0.37207794189453125,0.42064666748046875,0.492919921875,3.030059814453125,0.38829803466796875,0.5463333129882813,0.28601837158203125,3.9417800903320313,54.171791076660156,0.2573699951171875,49.89028549194336,0.2466888427734375,0.4456024169921875,0.344573974609375,0,243841.63970947266,245129.04516601563,0,34088599552,2147483648,8015532032,0
200,1787751521255,3500,3500,3500,3500,3500,3500,3500,3500,3500,3500,3500,3500,3500,3500,3500,3500,3500,3500,3500,3500,0.541168212890625,1.3693618774414063,0.27532958984375,0.35748291015625,0.39269256591796875,0.29680633544921875,0.31987762451171875,2.8243179321289063,2.8471450805664063,0.37152099609375,2.889892578125,0.9095916748046875,2.7620391845703125,7.469520568847656,30.611831665039063,0.27268218994140625,64.89988708496094,0.20116424560546875,0.46256256103515625,0.395294189453125,0,243850.30145263672,245135.57916259766,0,34088599552,2147483648,8015532032,0
200,1787751521455,3500,3500,3500,3500,3500,3500,3500,3500,3500,3500,3500,3500,3500,3500,3500,3500,3500,3500,3500,3500,0.5355911254882813,1.7818832397460938,0.2517547607421875,0.27923583984375,0.6969680786132813,0.34033966064453125,0.44365692138671875,0.44181060791015625,0.230621337890625,0.220977783203125,0.30411529541015625,3.7202529907226563,0.2094879150390625,9.832771301269531,23.209686279296875,0.184356689453125,70.19087219238281,0.14179229736328125,0.4810791015625,0.472686767578125,0,243858.95599365234,245142.1131591797,0,34088599552,2147483648,8015532032,0
201,1787751521655,3500,3500,3500,3500,3500,3500,3500,3500,3500,3500,3500,3500,3500,3500,3500,3500,3500,3500,3500,3500,0.6554794311523438,3.4743194580078125,26.2642822265625,0.24520111083984375,0.467681884765625,2.9350509643554688,0.49688720703125,0.424652099609375,0.4015960693359375,0.362457275390625,0.2990570068359375,0.37928009033203125,0.2009735107421875,14.592674255371094,58.49729919433594,2.6846084594726563,10.712471008300781,0.26181793212890625,16.27307891845703,2.8589248657226563,0,243868.9839477539,245150.00744628906,0,34088599552,2147483648,8015728640,0
199,1787751521856,3500,3500,3500,3500,3500,3500,3500,3500,3500,3500,3500,3500,3500,3500,3500,3500,3500,3500,3500,3500,0,1.0025482177734375,0,0,0,0,2.4410552978515625,0,0.00799560546875,0.01589202880859375,0,0.01679229736328125,0,11.595314025878906,92.39598846435547,0,0.15111541748046875,2.317626953125,2.3357620239257813,0,0,243878.40118408203,245157.28057861328,0,34088599552,2147483648,8015728640,0
200,1787751522056,3500,3500,3500,3500,3500,3500,3500,3500,3500,3500,3500,3500,3500,3500,3500,3500,3500,3500,3500,3500,3.5548171997070313,2.105316162109375,0.7734832763671875,3.2940216064453125,3.4747467041015625,0.9302902221679688,0.8836898803710938,0.9557571411132813,0.9340744018554688,3.485137939453125,0.871063232421875,0.9723663330078125,0.6976470947265625,12.225936889648438,69.52201080322266,0.6693496704101563,25.903411865234375,0.7530975341796875,0.7781600952148438,0.7827835083007813,0,243888.02838134766,245164.80206298828,0,34088599552,2147483648,8015728640,0
200,1787751522257,3500,3500,3500,3500,3500,3500,3500,3500,3500,3500,3500,3500,3500,3500,3500,3500,3500,3500,3500,3500,0.49916839599609375,1.67572021484375,0.37641143798828125,0.34331512451171875,0.4854888916015625,0.4543914794921875,0.48303985595703125,3.01617431640625,2.8569183349609375,0.3388214111328125,2.8501815795898438,0.32788848876953125,2.8109970092773438,1.5526657104492188,1.80596923828125,0.3245391845703125,100,0.15351104736328125,0.35089874267578125,0.33782196044921875,0,243896.6860961914,245171.33587646484,0,34088599552,2147483648,8015724544,0
200,1787751522457,3500,3500,3500,3500,3500,3500,3500,3500,3500,3500,3500,3500,3500,3500,3500,3500,3500,3500,3500,3500,0.5053939819335938,1.37744140625,44.08612823486328,0.18170928955078125,0.418609619140625,0.2690887451171875,0.3127593994140625,0.31256103515625,0.22542572021484375,0.2415924072265625,0.13623809814453125,2.73162841796875,0.15830230712890625,8.958030700683594,40.12238693237305,0.1458740234375,22.512550354003906,0.2677459716796875,9.064178466796875,0.2220306396484375,0,243905.33294677734,245177.81494140625,0,34088599552,2147483648,8017833984,0
200,1787751522657,3500,3500,3500,3500,3500,3500,3500,3500,3500,3500,3500,3500,3500,3500,3500,3500,3500,3500,3500,3500,0.6408309936523438,3.6413497924804688,2.85821533203125,0.36495208740234375,0.350372314453125,2.8472747802734375,0.39595794677734375,0.27732086181640625,0.2978973388671875,0.3699951171875,0.366851806640625,0.5167999267578125,0.28960418701171875,6.1863861083984375,40.704341888427734,2.7710800170898438,24.504173278808594,0.32635498046875,37.47548294067383,2.8281021118164063,0,243913.91094970703,245184.2601928711,0,34088599552,2147483648,8017956864,0
200,1787751522858,3500,3500,3500,3500,3500,3500,3500,3500,3500,3500,3500,3500,3500,3500,3500,3500,3500,3500,3500,3500,0.5826873779296875,1.6857757568359375,0.277130126953125,0.32097625732421875,0.287109375,0.36736297607421875,2.849609375,0.29224395751953125,0.40651702880859375,0.42412567138671875,0.4766998291015625,0.4783935546875,0.228546142578125,1.9605560302734375,39.86550521850586,0.1645050048828125,51.78772735595703,2.7535400390625,12.595245361328125,0.33588409423828125,0,243922.73309326172,245190.9536743164,0,34088599552,2147483648,8017952768,0
200,1787751523058,3500,3500,3500,3500,3500,3500,3500,3500,3500,3500,3500,3500,3500,3500,3500,3500,3500,3500,3500,3500,3.2509689331054688,1.625762939453125,0.24604034423828125,2.7688217163085938,2.7421722412109375,0.248931884765625,0.25238037109375,0.23586273193359375,0.34445953369140625,2.9481353759765625,0.3807373046875,0.30802154541015625,0.1915435791015625,10.552619934082031,36.812808990478516,0.1580047607421875,67.96475219726563,0.155609130859375,3.1112823486328125,0.2373046875,0,243932.02655029297,245198.10961914063,0,34088599552,2147483648,8017973248,0
200,1787751523259,3500,3500,3500,3500,3500,3500,3500,3500,3500,3500,3500,3500,3500,3500,3500,3500,3500,3500,3500,3500,0.6468353271484375,1.482818603515625,0.33466339111328125,0.31561279296875,0.44382476806640625,0.29901123046875,0.338104248046875,2.7855148315429688,2.8397216796875,0.34972381591796875,2.894378662109375,0.6653900146484375,2.83782958984375,7.4714508056640625,1.4422760009765625,0.25467681884765625,40.055301666259766,0.24221038818359375,55.587890625,0.2385711669921875,0,243943.05200195313,245207.00616455078,0,34088599552,2147483648,8017973248,0
200,1787751523459,3500,3500,3500,3500,3500,3500,3500,3500,3500,3500,3500,3500,3500,3500,3500,3500,3500,3500,3500,3500,0.5145950317382813,0.5948410034179688,0.28049468994140625,0.28913116455078125,0.2956695556640625,0.23305511474609375,0.2882843017578125,0.247833251953125,0.31769561767578125,0.19255828857421875,0.22371673583984375,2.8021316528320313,0.36463165283203125,0.5213851928710938,3.3473358154296875,0.3009185791015625,62.753353118896484,0.17627716064453125,38.73575210571289,0.2371978759765625,0,243951.2706298828,245213.09240722656,0,34088599552,2147483648,8017973248,0
200,1787751523660,3500,3500,3500,3500,3500,3500,3500,3500,3500,3500,3500,3500,3500,3500,3500,3500,3500,3500,3500,3500,2.2100372314453125,2.8111343383789063,0.357635498046875,0.3199462890625,0.40595245361328125,2.8117828369140625,0.30313873291015625,0.2279052734375,0.28559112548828125,0.28409576416015625,0.24151611328125,0.22277069091796875,0.37743377685546875,0.36960601806640625,22.53491973876953,2.6893310546875,85.42692565917969,0.11193084716796875,2.1054840087890625,2.7540969848632813,0,243961.0009765625,245220.7017211914,0,34088599552,2147483648,8018100224,0
200,1787751523860,3500,3500,3500,3500,3500,3500,3500,3500,3500,3500,3500,3500,3500,3500,3500,3500,3500,3500,3500,3500,2.757965087890625,0.35178375244140625,7.71148681640625,0.37689208984375,1.7430953979492188,0.406036376953125,2.8871917724609375,0.326629638671875,3.47900390625,0.37279510498046875,0.29233551025390625,0.27207183837890625,2.8488540649414063,0.381683349609375,17.205101013183594,0.2636871337890625,88.04410552978516,0.19431304931640625,15.610488891601563,0.29673004150390625,0,243971.12432861328,245228.6514892578,0,34088599552,2147483648,8018268160,0
200,1787751524060,3500,3500,3500,3500,3500,3500,3500,3500,3500,3500,3500,3500,3500,3500,3500,3500,3500,3500,3500,3500,3.1690216064453125,0.27759552001953125,0.28403472900390625,2.8501663208007813,2.8647842407226563,0.31841278076171875,0.279541015625,0.30049896240234375,0.31586456298828125,0.251953125,0.306488037109375,0.26647186279296875,0.2868804931640625,2.824371337890625,20.610733032226563,0.24796295166015625,72.87265014648438,2.7012863159179688,13.605384826660156,0.3346710205078125,0,243979.0171508789,245234.4183959961,0,34088599552,2147483648,8018268160,0
200,1787751524261,3500,3500,3500,3500,3500,3500,3500,3500,3500,3500,3500,3500,3500,3500,3500,3500,3500,3500,3500,3500,0.5210037231445313,0.3133087158203125,0.3031768798828125,0.28815460205078125,0.373260498046875,0.3219451904296875,0.39452362060546875,2.8440170288085938,2.7097930908203125,2.8238525390625,2.793853759765625,0.263397216796875,2.8082275390625,0.28725433349609375,2.9967041015625,0.26993560791015625,97.20305633544922,0.13037872314453125,3.79718017578125,0.35683441162109375,0,243987.61737060547,245241.17602539063,0,34088599552,2147483648,8013766656,0
199,1787751524461,3500,3500,3500,3500,3500,3500,3500,3500,3500,3500,3500,3500,3500,3500,3500,3500,3500,3500,3500,3500,0.557342529296875,0.3076324462890625,0.28771209716796875,0.31726837158203125,0.4123382568359375,0.3391876220703125,0.473907470703125,0.31777191162109375,0.2889556884765625,0.33025360107421875,0.2812652587890625,2.7873153686523438,0.27817535400390625,0.32970428466796875,4.61553955078125,0.23917388916015625,100,0.13721466064453125,0.4233245849609375,0.32975006103515625,0,243997.7501220703,245248.97467041016,0,34088599552,2147483648,8013758464,0
200,1787751524661,3500,3500,3500,3500,3500,3500,3500,3500,3500,3500,3500,3500,3500,3500,3500,3500,3500,3500,3500,3500,0.693115234375,2.163116455078125,27.13689422607422,0.2524261474609375,0.5524368286132813,2.9809799194335938,0.47942352294921875,0.45428466796875,0.39571380615234375,0.219696044921875,0.21734619140625,0.2651214599609375,0.2750701904296875,0.26776885986328125,13.002891540527344,2.780975341796875,41.752464294433594,0.16371917724609375,33.62904357910156,2.7720260620117188,0,244006.5650024414,245255.63153076172,0,34088599552,2147483648,8013897728,0
200,1787751524862,3500,3500,3500,3500,3500,3500,3500,3500,3500,3500,3500,3500,3500,3500,3500,3500,3500,3500,3500,3500,0.6040802001953125,0.90142822265625,3.0636367797851563,0.31600189208984375,0.47415924072265625,0.39739990234375,2.90264892578125,0.3851776123046875,0.31186676025390625,0.23131561279296875,0.2350616455078125,0.30303955078125,0.3073272705078125,0.30887603759765625,2.5540695190429688,0.20897674560546875,100,0.12708282470703125,3.09954833984375,0.34343719482421875,0,244015.17016601563,245262.0792236328,0,34088599552,2147483648,8013897728,0
199,1787751525062,3500,3500,3500,3500,3500,3500,3500,3500,3500,3500,3500,3500,3500,3500,3500,3500,3500,3500,3500,3500,3.152740478515625,0.295562744140625,7.935722351074219,2.8100509643554688,2.9918670654296875,0.3585968017578125,0.34757232666015625,0.36078643798828125,0.3964385986328125,0.3633270263671875,0.38457489013671875,0.406463623046875,0.2818450927734375,2.8551788330078125,18.09002685546875,0.1981201171875,57.30792236328125,2.6977005004882813,24.38458251953125,0.26464080810546875,0,244023.19274902344,245267.95721435547,0,34088599552,2147483648,8013897728,0
200,1787751525262,3500,3500,3500,3500,3500,3500,3500,3500,3500,3500,3500,3500,3500,3500,3500,3500,3500,3500,3500,3500,7.703887939453125,0.24847412109375,5.592735290527344,0.24692535400390625,2.060516357421875,0.24657440185546875,0.26921844482421875,2.7467575073242188,2.814239501953125,2.8211822509765625,2.7898941040039063,0.20708465576171875,10.42724609375,0.32164764404296875,7.2471771240234375,0.226531982421875,90.93338012695313,0.12245941162109375,3.6670761108398438,0.2399749755859375,0,244033.70288085938,245276.31872558594,0,34088599552,2147483648,8013967360,0
200,1787751525462,3500,3500,3500,3500,3500,3500,3500,3500,3500,3500,3500,3500,3500,3500,3500,3500,3500,3500,3500,3500,0.5228958129882813,0.2926788330078125,0.3882904052734375,0.27325439453125,0.31279754638671875,0.28139495849609375,0.218231201171875,0.2925262451171875,0.26377105712890625,0.264068603515625,0.21977996826171875,0.31629180908203125,16.235809326171875,0.25048828125,2.0948715209960938,0.211395263671875,84.38954162597656,0.13695526123046875,0.4121551513671875,0.3132476806640625,0,244042.18579101563,245282.6792602539,0,34088599552,2147483648,8013946880,0
200,1787751525663,3500,3500,3500,3500,3500,3500,3500,3500,3500,3500,3500,3500,3500,3500,3500,3500,3500,3500,3500,3500,0.6384048461914063,0.36930084228515625,0.43405914306640625,0.3873291015625,0.6083526611328125,2.840301513671875,0.28961944580078125,0.326812744140625,0.3610687255859375,0.3524322509765625,0.3269195556640625,2.8382492065429688,0.31783294677734375,0.36560821533203125,12.968666076660156,2.83355712890625,95.44269561767578,0.1661529541015625,0.6334609985351563,2.8606643676757813,0,244052.42279052734,245290.78100585938,0,34088599552,2147483648,8014073856,0
200,1787751525863,3500,3500,3500,3500,3500,3500,3500,3500,3500,3500,3500,3500,3500,3500,3500,3500,3500,3500,3500,3500,0.5234146118164063,2.8047256469726563,32.11846923828125,0.29758453369140625,0.29169464111328125,0.23432159423828125,2.849212646484375,0.2863006591796875,0.2393646240234375,0.22254180908203125,0.32694244384765625,0.2980804443359375,0.2768096923828125,0.30816650390625,14.565773010253906,0.19232940673828125,51.651790618896484,0.1668701171875,10.706871032714844,0.27811431884765625,0,244062.7328491211,245298.96783447266,0,34088599552,2147483648,8014073856,0
200,1787751526063,3500,3500,3500,3500,3500,3500,3500,3500,3500,3500,3500,3500,3500,3500,3500,3500,3500,3500,3500,3500,3.2577667236328125,0.28249359130859375,10.025970458984375,2.7910003662109375,2.8309478759765625,0.24609375,0.30202484130859375,0.21103668212890625,0.21877288818359375,0.2296600341796875,0.20374298095703125,0.26412200927734375,0.26601409912109375,2.7897491455078125,10.454185485839844,0.18247222900390625,63.89194869995117,2.6514739990234375,38.36936569213867,0.2314605712890625,0,244072.95935058594,245307.04315185547,0,34088599552,2147483648,8016498688,0
200,1787751526264,3500,3500,3500,3500,3500,3500,3500,3500,3500,3500,3500,3500,3500,3500,3500,3500,3500,3500,3500,3500,0.666351318359375,0.3170013427734375,0.32773590087890625,0.34131622314453125,0.3411102294921875,0.2905426025390625,0.41469573974609375,2.8050918579101563,2.7704925537109375,2.8701400756835938,2.8947982788085938,0.30237579345703125,2.8608016967773438,0.33712005615234375,2.9848556518554688,0.26618194580078125,100,0.16419219970703125,0.5697555541992188,0.31340789794921875,0,244082.78088378906,245314.73211669922,0,34088599552,2147483648,8016490496,0
200,1787751526464,3500,3500,3500,3500,3500,3500,3500,3500,3500,3500,3500,3500,3500,3500,3500,3500,3500,3500,3500,3500,0.5423660278320313,0.2846832275390625,0.26970672607421875,0.307952880859375,0.39702606201171875,0.28128814697265625,0.22028350830078125,0.282989501953125,0.250885009765625,0.24120330810546875,0.27370452880859375,0.2847900390625,0.28713226318359375,0.3076019287109375,1.942230224609375,0.2220306396484375,100,0.11078643798828125,0.38878631591796875,0.4102020263671875,0,244092.69830322266,245322.53240966797,0,34088599552,2147483648,8016486400,0
200,1787751526664,3500,3500,3500,3500,3500,3500,3500,3500,3500,3500,3500,3500,3500,3500,3500,3500,3500,3500,3500,3500,0.6107254028320313,0.30810546875,54.68037796020508,0.20819854736328125,1.695526123046875,2.752166748046875,0.27490997314453125,0.1943206787109375,0.28099822998046875,0.28973388671875,0.239959716796875,2.807586669921875,0.2946319580078125,0.29218292236328125,5.346351623535156,2.7550125122070313,47.36174774169922,0.1904296875,0.79486083984375,2.82666015625,0,244102.5762939453,245330.2894897461,0,34088599552,2147483648,8016609280,0
200,1787751526864,3500,3500,3500,3500,3500,3500,3500,3500,3500,3500,3500,3500,3500,3500,3500,3500,3500,3500,3500,3500,6.2020263671875,2.8008270263671875,7.24603271484375,0.307525634765625,2.2158889770507813,0.287750244140625,2.7825546264648438,0.26873016357421875,0.5389556884765625,0.382171630859375,0.42481231689453125,0.2986907958984375,29.606521606445313,0.25464630126953125,16.022994995117188,0.21520233154296875,68.99256896972656,0.18589019775390625,9.136772155761719,0.252899169921875,0,244111.36865234375,245336.92639160156,0,34088599552,2147483648,8017268736,0
199,1787751527065,3500,3500,3500,3500,3500,3500,3500,3500,3500,3500,3500,3500,3500,3500,3500,3500,3500,3500,3500,3500,3.1645126342773438,0.29852294921875,0.309356689453125,2.852813720703125,2.8450241088867188,0.27435302734375,0.26436614990234375,0.23450469970703125,0.383514404296875,0.42580413818359375,0.4936676025390625,0.3956451416015625,0.38111114501953125,2.8935623168945313,12.147010803222656,0.27435302734375,55.00157165527344,2.7202301025390625,40.38750457763672,0.25342559814453125,0,244121.95428466797,245345.38024902344,0,34088599552,2147483648,8017268736,0
200,1787751527265,3500,3500,3500,3500,3500,3500,3500,3500,3500,3500,3500,3500,3500,3500,3500,3500,3500,3500,3500,3500,0.5204696655273438,0.346160888671875,0.32732391357421875,0.3258209228515625,0.8311004638671875,0.264556884765625,0.37554931640625,2.8215179443359375,2.8464584350585938,2.8741378784179688,2.9009246826171875,0.34896087646484375,2.8801345825195313,0.2754974365234375,10.472618103027344,0.25830841064453125,92.27848815917969,0.16031646728515625,0.3355712890625,0.3229217529296875,0,244130.6357421875,245351.9486694336,0,34088599552,2147483648,8017268736,0
200,1787751527465,3500,3500,3500,3500,3500,3500,3500,3500,3500,3500,3500,3500,3500,3500,3500,3500,3500,3500,3500,3500,2.14031982421875,0.23284149169921875,2.6938247680664063,0.177001953125,0.5020065307617188,0.14127349853515625,0.18782806396484375,0.14426422119140625,1.9561309814453125,0.11711883544921875,0.194366455078125,0.17645263671875,5.530220031738281,0.191619873046875,17.40301513671875,0.09326934814453125,80.45691680908203,0.04785919189453125,16.968124389648438,0.19351959228515625,0,244139.27532958984,245358.42938232422,0,34088599552,2147483648,8017264640,0
200,1787751527665,3500,3500,3500,3500,3500,3500,3500,3500,3500,3500,3500,3500,3500,3500,3500,3500,3500,3500,3500,3500,9.100822448730469,0.3529510498046875,0.5426254272460938,0.38934326171875,0.9400634765625,2.8942413330078125,0.36238861083984375,0.3571929931640625,0.39373779296875,0.414215087890625,0.37481689453125,2.9299850463867188,17.39129638671875,0.434783935546875,12.285346984863281,2.8848495483398438,63.17326354980469,0.2300262451171875,22.62676239013672,2.823486328125,0,244150.01641845703,245367.03393554688,0,34088599552,2147483648,8025784320,0
199,1787751527866,3500,3500,3500,3500,3500,3500,3500,3500,3500,3500,3500,3500,3500,3500,3500,3500,3500,3500,3500,3500,0.6399993896484375,2.8698806762695313,2.850830078125,0.39156341552734375,0.31536102294921875,0.3336639404296875,2.9070358276367188,0.2878875732421875,0.3478240966796875,0.31341552734375,0.3628387451171875,0.27686309814453125,0.377899169921875,0.3613433837890625,2.6184005737304688,0.2750701904296875,100,0.16062164306640625,3.2520675659179688,0.36168670654296875,0,244159.40979003906,245374.30114746094,0,34088599552,2147483648,8025767936,0
200,1787751528066,3500,3500,3500,3500,3500,3500,3500,3500,3500,3500,3500,3500,3500,3500,3500,3500,3500,3500,3500,3500,3.04852294921875,0.2683258056640625,0.2866668701171875,2.8025970458984375,2.9396591186523438,0.3964385986328125,0.37609100341796875,0.35034942626953125,0.35195159912109375,0.29781341552734375,0.20664215087890625,0.3123626708984375,0.25792694091796875,2.8293380737304688,11.080924987792969,0.2159881591796875,74.01319885253906,2.681732177734375,23.00525665283203,0.25572967529296875,0,244167.92376708984,245380.7119140625,0,34088599552,2147483648,8025767936,0
200,1787751528266,3500,3500,3500,3500,3500,3500,3500,3500,3500,3500,3500,3500,3500,3500,3500,3500,3500,3500,3500,3500,1.4085769653320313,0.2708587646484375,12.784469604492188,0.26336669921875,0.9330368041992188,0.35976409912109375,0.31391143798828125,2.8624496459960938,2.7712478637695313,2.829986572265625,2.8240966796875,0.2088775634765625,2.8154525756835938,0.28794097900390625,17.593910217285156,0.247283935546875,81.49297332763672,0.13640594482421875,21.468421936035156,0.266510009765625,0,244178.8895263672,245389.50830078125,0,34088599552,2147483648,8029372416,0
200,1787751528466,3500,3500,3500,3500,3500,3500,3500,3500,3500,3500,3500,3500,3500,3500,3500,3500,3500,3500,3500,3500,0.6352691650390625,0.38730621337890625,0.39405059814453125,0.34703826904296875,0.38825225830078125,0.4873809814453125,0.3939971923828125,0.3988494873046875,0.3105621337890625,0.34108734130859375,0.248260498046875,0.24036407470703125,0.32285308837890625,0.2970733642578125,4.8367767333984375,0.25290679931640625,68.71687316894531,0.19864654541015625,31.712844848632813,0.2698974609375,0,244189.51879882813,245398.0294189453,0,34088599552,2147483648,8029372416,0
200,1787751528667,3500,3500,3500,3500,3500,3500,3500,3500,3500,3500,3500,3500,3500,3500,3500,3500,3500,3500,3500,3500,0.7200393676757813,0.38147735595703125,0.4060821533203125,0.416412353515625,1.3293838500976563,2.8986129760742188,0.2948455810546875,0.327728271484375,0.3105621337890625,0.205413818359375,0.29424285888671875,2.7444610595703125,0.291900634765625,0.29169464111328125,12.014869689941406,2.7069320678710938,39.463134765625,0.22113037109375,55.76923370361328,2.7233963012695313,0,244198.8071899414,245405.1792602539,0,34088599552,2147483648,8029503488,0
200,1787751528867,3500,3500,3500,3500,3500,3500,3500,3500,3500,3500,3500,3500,3500,3500,3500,3500,3500,3500,3500,3500,0.509796142578125,2.853485107421875,2.9210205078125,0.408599853515625,0.3123931884765625,0.4338226318359375,2.958282470703125,0.3910675048828125,0.2813720703125,0.33791351318359375,0.22083282470703125,0.31778717041015625,0.2982025146484375,0.3060455322265625,2.98236083984375,0.21204376220703125,94.3939208984375,0.1352691650390625,8.8216552734375,0.2403106689453125,0,244208.40795898438,245412.65478515625,0,34088599552,2147483648,8029503488,0
200,1787751529067,3500,3500,3500,3500,3500,3500,3500,3500,3500,3500,3500,3500,3500,3500,3500,3500,3500,3500,3500,3500,3.0798568725585938,0.24388885498046875,1.0393218994140625,2.8301773071289063,2.99090576171875,0.45201873779296875,0.47486114501953125,0.40576934814453125,0.25811004638671875,0.2735748291015625,0.3421173095703125,0.21346282958984375,0.33099365234375,2.91363525390625,12.808250427246094,0.20053863525390625,61.08696365356445,2.6923904418945313,39.011260986328125,0.21710205078125,0,244218.3350830078,245420.45043945313,0,34088599552,2147483648,8029503488,0
200,1787751529268,3500,3500,3500,3500,3500,3500,3500,3500,3500,3500,3500,3500,3500,3500,3500,3500,3500,3500,3500,3500,0.5064163208007813,0.29450225830078125,0.32881927490234375,0.2820892333984375,0.8236160278320313,0.3751983642578125,0.32936859130859375,2.8335800170898438,2.7076950073242188,2.8819580078125,2.7534332275390625,0.3402862548828125,2.9021530151367188,0.39300537109375,2.6157760620117188,0.2936553955078125,100,0.123291015625,0.421234130859375,0.3751983642578125,0,244227.8441772461,245427.82788085938,0,34088599552,2147483648,8029478912,0
199,1787751529468,3500,3500,3500,3500,3500,3500,3500,3500,3500,3500,3500,3500,3500,3500,3500,3500,3500,3500,3500,3500,0.557281494140625,0.28392791748046875,0.47022247314453125,0.30689239501953125,0.29106903076171875,0.31143951416015625,0.27724456787109375,0.302703857421875,0.27504730224609375,0.2698516845703125,0.24823760986328125,0.306793212890625,0.39405059814453125,0.412872314453125,3.1300888061523438,0.29550933837890625,87.43347930908203,0.140167236328125,12.9271240234375,0.31548309326171875,0,244236.74188232422,245434.61053466797,0,34088599552,2147483648,8022364160,0
200,1787751529668,3500,3500,3500,3500,3500,3500,3500,3500,3500,3500,3500,3500,3500,3500,3500,3500,3500,3500,3500,3500,0.495269775390625,0.236358642578125,0.24475860595703125,0.251556396484375,0.4918670654296875,2.612579345703125,0.17308807373046875,0.13594818115234375,0.16129302978515625,0.12360382080078125,0.12060546875,2.6853561401367188,0.28194427490234375,0.3119354248046875,7.923713684082031,0.143096923828125,79.00189208984375,0,22.193115234375,2.7117462158203125,0,244247.23071289063,245443.46173095703,0,34088599552,2147483648,8022110208,0
200,1787751529869,3500,3500,3500,3500,3500,3500,3500,3500,3500,3500,3500,3500,3500,3500,3500,3500,3500,3500,3500,3500,0.6678466796875,2.9783401489257813,3.1497573852539063,0.5352096557617188,0.41309356689453125,0.3926849365234375,2.9451522827148438,0.379608154296875,0.41588592529296875,0.41194915771484375,0.38629913330078125,0.36623382568359375,0.5199356079101563,0.536102294921875,10.837509155273438,2.9062347412109375,78.75498962402344,0.2711181640625,22.363632202148438,0.37581634521484375,0,244258.05291748047,245451.98040771484,0,34088599552,2147483648,8022069248,0
200,1787751530069,3500,3500,3500,3500,3500,3500,3500,3500,3500,3500,3500,3500,3500,3500,3500,3500,3500,3500,3500,3500,3.0534515380859375,0.35888671875,0.39101409912109375,2.982757568359375,2.7767257690429688,0.235321044921875,0.3718109130859375,0.26415252685546875,0.26415252685546875,0.26709747314453125,0.300323486328125,0.24080657958984375,0.3388824462890625,2.8656234741210938,3.0952072143554688,0.2785186767578125,76.7318344116211,2.6829376220703125,27.006866455078125,0.27138519287109375,0,244267.48205566406,245459.49188232422,0,34088599552,2147483648,8022061056,0
199,1787751530269,3500,3500,3500,3500,3500,3500,3500,3500,3500,3500,3500,3500,3500,3500,3500,3500,3500,3500,3500,3500,0.6773300170898438,0.4220428466796875,0.3355712890625,0.334320068359375,0.30284881591796875,0.2776641845703125,0.33657073974609375,2.8103408813476563,2.854400634765625,2.8181304931640625,2.8306732177734375,0.2278594970703125,0.32492828369140625,0.3178863525390625,3.1717376708984375,0.25528717041015625,100,0.15117645263671875,0.37018585205078125,0.31473541259765625,0,244276.91857910156,245466.54400634766,0,34088599552,2147483648,8021839872,0
200,1787751530469,3500,3500,3500,3500,3500,3500,3500,3500,3500,3500,3500,3500,3500,3500,3500,3500,3500,3500,3500,3500,11.611732482910156,0.24582672119140625,11.399650573730469,0.2170867919921875,0.3018646240234375,0.17530059814453125,0.2506256103515625,0.189697265625,0.264373779296875,0.19939422607421875,0.25897216796875,0.19379425048828125,22.233016967773438,0.26537322998046875,22.12664794921875,0.19109344482421875,81.13684844970703,0.12151336669921875,9.604522705078125,0.2206878662109375,0,244289.00158691406,245476.1801147461,0,34088599552,2147483648,8036302848,0
200,1787751530670,3500,3500,3500,3500,3500,3500,3500,3500,3500,3500,3500,3500,3500,3500,3500,3500,3500,3500,3500,3500,13.065223693847656,0.31415557861328125,9.335533142089844,0.35556793212890625,5.169036865234375,3.071044921875,0.30512237548828125,0.2575225830078125,2.8322372436523438,0.29145050048828125,0.3303680419921875,2.8773956298828125,0.470184326171875,0.31031036376953125,16.236068725585938,0.2423553466796875,80.0428237915039,0.17823028564453125,33.642181396484375,2.7534942626953125,0,244299.4346923828,245484.41247558594,0,34088599552,2147483648,8044572672,0
200,1787751530870,3500,3500,3500,3500,3500,3500,3500,3500,3500,3500,3500,3500,3500,3500,3500,3500,3500,3500,3500,3500,40.6889762878418,2.8388595581054688,60.781959533691406,0.29944610595703125,1.702239990234375,0.7513046264648438,2.8811264038085938,0.2263031005859375,0.850067138671875,0.30239105224609375,0.3316650390625,0.29749298095703125,46.188751220703125,0.31113433837890625,53.769134521484375,2.7463912963867188,50.73484420776367,0.24953460693359375,71.65966033935547,0.2215576171875,0,244315.29656982422,245498.09057617188,0,34088599552,2147483648,8057569280,0
200,1787751531070,3500,3500,3500,3500,3500,3500,3500,3500,3500,3500,3500,3500,3500,3500,3500,3500,3500,3500,3500,3500,13.243217468261719,0.34940338134765625,78.37325286865234,2.7448501586914063,3.3937454223632813,0.3544464111328125,0.2667236328125,0.30223846435546875,0.400054931640625,0.32167816162109375,0.35874176025390625,0.3161773681640625,3.5524139404296875,2.83502197265625,44.01659393310547,0.26866912841796875,64.32786560058594,2.7480010986328125,83.21495819091797,0.17819976806640625,0,244327.19927978516,245507.81286621094,0,34088599552,2147483648,8068489216,0
200,1787751531270,3500,3500,3500,3500,3500,3500,3500,3500,3500,3500,3500,3500,3500,3500,3500,3500,3500,3500,3500,3500,34.74711608886719,0.2219390869140625,37.13310623168945,0.294464111328125,23.134292602539063,3.8655166625976563,0.281036376953125,2.78369140625,3.5991058349609375,2.87274169921875,2.8458404541015625,0.337493896484375,8.607048034667969,0.28878021240234375,20.39073944091797,0.3163299560546875,65.21359252929688,0.21434783935546875,27.52215576171875,0.26107025146484375,0,244340.02087402344,245518.4490966797,0,34088599552,2147483648,8036200448,0
200,1787751531471,3500,3500,3500,3500,3500,3500,3500,3500,3500,3500,3500,3500,3500,3500,3500,3500,3500,3500,3500,3500,0.5202484130859375,0.3642120361328125,0.4335479736328125,0.3929901123046875,0.2877349853515625,0.28264617919921875,0.3018035888671875,0.2204437255859375,0.47650146484375,0.34295654296875,0.29581451416015625,0.4129486083984375,2.8660354614257813,0.33487701416015625,10.674415588378906,0.26963043212890625,76.81685638427734,0.13349151611328125,15.752243041992188,0.25017547607421875,0,244348.9771118164,245525.28173828125,0,34088599552,2147483648,8035815424,0
200,1787751531671,3500,3500,3500,3500,3500,3500,3500,3500,3500,3500,3500,3500,3500,3500,3500,3500,3500,3500,3500,3500,2.3781280517578125,0.324371337890625,0.6286087036132813,0.42095184326171875,1.2383270263671875,2.9197540283203125,0.2748565673828125,0.24452972412109375,0.4918060302734375,0.42725372314453125,0.37303924560546875,3.0078887939453125,0.33416748046875,0.3172760009765625,7.05035400390625,0.2941436767578125,100,0.15229034423828125,0.8197708129882813,2.8070297241210938,0,244358.5850830078,245532.7576904297,0,34088599552,2147483648,8033845248,0
200,1787751531871,3500,3500,3500,3500,3500,3500,3500,3500,3500,3500,3500,3500,3500,3500,3500,3500,3500,3500,3500,3500,0.648162841796875,2.8297576904296875,2.9757308959960938,0.3561248779296875,0.2479248046875,0.26404571533203125,2.9011688232421875,0.31494903564453125,0.5282440185546875,0.42803192138671875,0.383270263671875,0.5126724243164063,0.30017852783203125,0.3075103759765625,10.130592346191406,2.7538986206054688,92.9245834350586,0.1533050537109375,0.94525146484375,0.29723358154296875,0,244369.09790039063,245541.15020751953,0,34088599552,2147483648,8033181696,0
200,1787751532072,3500,3500,3500,3500,3500,3500,3500,3500,3500,3500,3500,3500,3500,3500,3500,3500,3500,3500,3500,3500,3.2401046752929688,0.26857757568359375,21.065574645996094,2.785614013671875,2.8426055908203125,0.3234710693359375,0.24135589599609375,0.2376556396484375,0.46337890625,0.39734649658203125,0.34604644775390625,0.47491455078125,0.26947784423828125,2.7973556518554688,11.229629516601563,0.20723724365234375,67.8162841796875,2.67657470703125,20.781265258789063,0.2635345458984375,0,244378.81115722656,245548.71520996094,0,34088599552,2147483648,8028672000,0
200,1787751532272,3500,3500,3500,3500,3500,3500,3500,3500,3500,3500,3500,3500,3500,3500,3500,3500,3500,3500,3500,3500,0.5932159423828125,0.36077880859375,0.29244232177734375,0.3420257568359375,0.24680328369140625,0.27982330322265625,0.3105010986328125,2.7495040893554688,2.8972396850585938,2.89544677734375,0.38910675048828125,0.4184417724609375,0.27867889404296875,0.30765533447265625,2.540802001953125,0.23712921142578125,100,0.1363677978515625,0.3278045654296875,0.32376861572265625,0,244387.60528564453,245555.38311767578,0,34088599552,2147483648,8027783168,0
200,1787751532472,3500,3500,3500,3500,3500,3500,3500,3500,3500,3500,3500,3500,3500,3500,3500,3500,3500,3500,3500,3500,0.5389785766601563,0.28192138671875,0.37305450439453125,0.27538299560546875,0.1893463134765625,0.29400634765625,0.24532318115234375,0.22624969482421875,0.31982421875,0.271087646484375,2.7699127197265625,0.23249053955078125,2.82952880859375,0.23818206787109375,3.0198745727539063,0.24077606201171875,73.11376190185547,0.15534210205078125,28.482261657714844,0.22495269775390625,0,244396.63415527344,245562.28479003906,0,34088599552,2147483648,8027291648,0
200,1787751532673,3500,3500,3500,3500,3500,3500,3500,3500,3500,3500,3500,3500,3500,3500,3500,3500,3500,3500,3500,3500,0.5569534301757813,0.33852386474609375,0.45732879638671875,0.3349761962890625,0.7115097045898438,2.8211593627929688,0.2615203857421875,0.2650146484375,0.36779022216796875,0.3572540283203125,0.3363800048828125,2.9606399536132813,0.41307830810546875,0.40479278564453125,12.565895080566406,0.2582244873046875,84.52420806884766,0.1595001220703125,17.413665771484375,2.7808151245117188,0,244405.6531982422,245569.1678466797,0,34088599552,2147483648,8027455488,0
200,1787751532873,3500,3500,3500,3500,3500,3500,3500,3500,3500,3500,3500,3500,3500,3500,3500,3500,3500,3500,3500,3500,0.5573348999023438,2.8201065063476563,2.8236007690429688,0.26165008544921875,0.513916015625,0.26050567626953125,2.7725982666015625,0.22162628173828125,0.2197265625,0.30646514892578125,0.32637786865234375,0.305816650390625,0.375732421875,0.37298583984375,7.0960845947265625,2.7736968994140625,99.54048156738281,0.11977386474609375,0.7859954833984375,0.26624298095703125,0,244415.33984375,245576.70654296875,0,34088599552,2147483648,8027455488,0
200,1787751533073,3500,3500,3500,3500,3500,3500,3500,3500,3500,3500,3500,3500,3500,3500,3500,3500,3500,3500,3500,3500,3.0539474487304688,0.33451080322265625,0.31398773193359375,2.8870697021484375,2.9461212158203125,0.3101959228515625,0.2932281494140625,0.24275970458984375,0.308197021484375,0.33895111083984375,0.34169769287109375,0.47528076171875,0.37548828125,2.8792266845703125,5.9069671630859375,0.25968170166015625,74.04505157470703,2.7185440063476563,29.85717010498047,0.25843048095703125,0,244424.1596069336,245583.4110107422,0,34088599552,2147483648,8027451392,0
200,1787751533274,3500,3500,3500,3500,3500,3500,3500,3500,3500,3500,3500,3500,3500,3500,3500,3500,3500,3500,3500,3500,0.6740493774414063,0.3857879638671875,8.172904968261719,0.24489593505859375,0.42885589599609375,0.4421844482421875,0.32100677490234375,2.84173583984375,2.8206710815429688,2.8818588256835938,0.31531524658203125,0.43399810791015625,0.38019561767578125,0.36412811279296875,12.645668029785156,0.238555908203125,34.604278564453125,0.1806182861328125,51.47067642211914,0.227874755859375,0,244431.97399902344,245589.08813476563,0,34088599552,2147483648,8027451392,0
203,1787751533474,3500,3500,3500,3500,3500,3500,3500,3500,3500,3500,3500,3500,3500,3500,3500,3500,3500,3500,3500,3500,3.2900848388671875,0.300567626953125,21.204086303710938,0.23531341552734375,0.8753662109375,0.33434295654296875,0.348358154296875,0.32122039794921875,0.26081085205078125,0.26988983154296875,2.797454833984375,0.23217010498046875,16.96550750732422,0.25806427001953125,18.13091278076172,0.17789459228515625,52.28606414794922,0.16197967529296875,20.647354125976563,0.25617218017578125,0,244441.1492919922,245596.11151123047,0,34088599552,2147483648,8027439104,0
200,1787751533678,3500,3500,3500,3500,3500,3500,3500,3500,3500,3500,3500,3500,3500,3500,3500,3500,3500,3500,3500,3500,0,0,28.979713439941406,0,0,2.1847991943359375,0,0,0,0,0,2.1496963500976563,0,0,13.395011901855469,0,64.7970199584961,0,0,2.1094436645507813,0,244450.79876708984,245603.57653808594,0,34088599552,2147483648,8027566080,0
200,1787751533878,3500,3500,3500,3500,3500,3500,3500,3500,3500,3500,3500,3500,3500,3500,3500,3500,3500,3500,3500,3500,1.297943115234375,3.4929885864257813,3.4977493286132813,0.9919967651367188,0.9735488891601563,1.0693893432617188,3.420257568359375,0.9868392944335938,0.9366378784179688,0.979248046875,1.059417724609375,0.9696273803710938,1.0224075317382813,0.97900390625,3.4870834350585938,3.4628219604492188,100,0.823974609375,1.3376312255859375,0.9643707275390625,0,244459.95361328125,245610.6322631836,0,34088599552,2147483648,8027557888,0
200,1787751534078,3500,3500,3500,3500,3500,3500,3500,3500,3500,3500,3500,3500,3500,3500,3500,3500,3500,3500,3500,3500,3.1187286376953125,0.3251800537109375,18.073867797851563,2.8142547607421875,0.8699951171875,0.34384918212890625,0.22576904296875,0.29848480224609375,0.255218505859375,0.29428863525390625,0.26529693603515625,0.30736541748046875,0.3540802001953125,2.8714447021484375,10.49810791015625,0.361114501953125,47.06964111328125,2.74493408203125,34.464637756347656,0.20645904541015625,0,244468.7426147461,245617.2900390625,0,34088599552,2147483648,8027553792,0
199,1787751534279,3500,3500,3500,3500,3500,3500,3500,3500,3500,3500,3500,3500,3500,3500,3500,3500,3500,3500,3500,3500,0.7692794799804688,0.36408233642578125,16.39183807373047,0.24337005615234375,2.1019973754882813,0.28897857666015625,0.3014068603515625,2.7820587158203125,2.7951812744140625,2.7533111572265625,0.260284423828125,0.25484466552734375,0.25814056396484375,0.26721954345703125,20.702972412109375,0.18488311767578125,45.247310638427734,0.17910003662109375,37.101192474365234,0.2458648681640625,0,244478.4418334961,245624.8341064453,0,34088599552,2147483648,8027500544,0
200,1787751534479,3500,3500,3500,3500,3500,3500,3500,3500,3500,3500,3500,3500,3500,3500,3500,3500,3500,3500,3500,3500,0.5902252197265625,0.35263824462890625,0.37662506103515625,0.34664154052734375,0.32674407958984375,0.34833526611328125,0.25482940673828125,0.36443328857421875,0.318603515625,0.335296630859375,2.8792572021484375,0.28151702880859375,2.8693618774414063,0.37192535400390625,18.52074432373047,0.2730255126953125,76.38204193115234,0.181915283203125,10.240913391113281,0.3050079345703125,0,244487.90594482422,245632.16430664063,0,34088599552,2147483648,8019611648,0
199,1787751534679,3500,3500,3500,3500,3500,3500,3500,3500,3500,3500,3500,3500,3500,3500,3500,3500,3500,3500,3500,3500,0.693145751953125,0.3520660400390625,0.2817230224609375,0.298309326171875,0.37400054931640625,2.8361740112304688,0.23206329345703125,0.28277587890625,0.29401397705078125,0.2733306884765625,0.3025054931640625,2.8072433471679688,0.315399169921875,0.28487396240234375,3.4899978637695313,0.23321533203125,100,0.12030029296875,0.7916107177734375,2.7759246826171875,0,244497.46392822266,245639.615234375,0,34088599552,2147483648,8019587072,0
200,1787751534879,3500,3500,3500,3500,3500,3500,3500,3500,3500,3500,3500,3500,3500,3500,3500,3500,3500,3500,3500,3500,0.657379150390625,2.8680572509765625,2.8524551391601563,0.2813262939453125,0.342559814453125,0.24053955078125,2.8220138549804688,0.25858306884765625,0.2418365478515625,0.2918243408203125,0.30802154541015625,0.3009185791015625,0.28612518310546875,0.2965240478515625,14.154823303222656,2.7372894287109375,33.17912292480469,0.24753570556640625,59.71812438964844,0.190948486328125,0,244506.73736572266,245646.76544189453,0,34088599552,2147483648,8019193856,0
199,1787751535079,3500,3500,3500,3500,3500,3500,3500,3500,3500,3500,3500,3500,3500,3500,3500,3500,3500,3500,3500,3500,3.1569442749023438,0.32364654541015625,14.0455322265625,0.24880218505859375,0.30536651611328125,0.2513427734375,0.16925811767578125,0.1881866455078125,0.20481109619140625,0.23706817626953125,0.214599609375,0.26427459716796875,0.24460601806640625,2.8021469116210938,8.915672302246094,0.16666412353515625,67.95851135253906,2.6659393310546875,25.060791015625,0.2562408447265625,0,244515.37622070313,245653.26690673828,0,34088599552,2147483648,8019197952,0
200,1787751535279,3500,3500,3500,3500,3500,3500,3500,3500,3500,3500,3500,3500,3500,3500,3500,3500,3500,3500,3500,3500,0.6972198486328125,0.34246063232421875,0.36325836181640625,2.8314285278320313,2.9267349243164063,0.30013275146484375,0.30272674560546875,2.7455062866210938,3.0042572021484375,2.7674484252929688,0.3463134765625,0.29328155517578125,0.34746551513671875,0.3247222900390625,3.61016845703125,0.29378509521484375,100,0.15668487548828125,0.3688507080078125,0.338714599609375,0,244524.91766357422,245660.69012451172,0,34088599552,2147483648,8019193856,0
200,1787751535480,3500,3500,3500,3500,3500,3500,3500,3500,3500,3500,3500,3500,3500,3500,3500,3500,3500,3500,3500,3500,0.5323562622070313,0.344390869140625,0.37512969970703125,0.34918212890625,0.237060546875,0.3043212890625,0.31156158447265625,0.2821197509765625,0.3853607177734375,0.4768218994140625,3.033416748046875,0.41728973388671875,2.7772903442382813,0.3105621337890625,3.3068008422851563,0.25711822509765625,100,0.12279510498046875,0.2967376708984375,0.3109588623046875,0,244535.03741455078,245668.69067382813,0,34088599552,2147483648,8018685952,0
199,1787751535680,3500,3500,3500,3500,3500,3500,3500,3500,3500,3500,3500,3500,3500,3500,3500,3500,3500,3500,3500,3500,2.1667098999023438,0.2792816162109375,1.0673065185546875,0.35221099853515625,0.79022216796875,2.8035888671875,0.33648681640625,0.32186126708984375,0.39124298095703125,0.3684844970703125,0.34012603759765625,2.853851318359375,0.26525115966796875,0.25457000732421875,9.376144409179688,0.21893310546875,99.98761749267578,0.0969390869140625,6.924812316894531,0.24199676513671875,0,244545.51013183594,245677.01641845703,0,34088599552,2147483648,8018972672,0
200,1787751535880,3500,3500,3500,3500,3500,3500,3500,3500,3500,3500,3500,3500,3500,3500,3500,3500,3500,3500,3500,3500,0.6415176391601563,2.8549041748046875,3.4940261840820313,0.31278228759765625,0.3496246337890625,0.42359161376953125,2.8715972900390625,0.429595947265625,0.314483642578125,0.30098724365234375,0.26940155029296875,0.27069854736328125,0.2963409423828125,0.34372711181640625,18.16925811767578,2.7608871459960938,45.42409896850586,0.22406768798828125,49.922454833984375,2.7336044311523438,0,244553.4522705078,245682.85107421875,0,34088599552,2147483648,8019693568,0
199,1787751536081,3500,3500,3500,3500,3500,3500,3500,3500,3500,3500,3500,3500,3500,3500,3500,3500,3500,3500,3500,3500,0.74737548828125,0.25856781005859375,8.143463134765625,0.30898284912109375,0.271728515625,0.2123870849609375,0.2532806396484375,0.2858428955078125,0.21588134765625,0.28015899658203125,0.20969390869140625,0.27581787109375,0.299560546875,2.8736495971679688,16.80994415283203,0.2303924560546875,74.03606414794922,2.6766738891601563,12.062751770019531,0.2704315185546875,0,244563.26538085938,245690.52813720703,0,34088599552,2147483648,8019685376,0
199,1787751536281,3500,3500,3500,3500,3500,3500,3500,3500,3500,3500,3500,3500,3500,3500,3500,3500,3500,3500,3500,3500,2.955291748046875,0.35866546630859375,23.995315551757813,2.9114608764648438,2.90740966796875,0.4031982421875,0.35811614990234375,0.35126495361328125,2.8605270385742188,2.9326019287109375,0.24871063232421875,0.29608917236328125,0.4566802978515625,0.44393157958984375,2.5492935180664063,0.30513763427734375,32.3125,0.2646484375,45.099361419677734,0.26999664306640625,0,244572.61279296875,245697.74615478516,0,34088599552,2147483648,8019685376,0
200,1787751536481,3500,3500,3500,3500,3500,3500,3500,3500,3500,3500,3500,3500,3500,3500,3500,3500,3500,3500,3500,3500,4.168342590332031,0.29126739501953125,33.23188018798828,0.282012939453125,0.35746002197265625,0.23882293701171875,0.30341339111328125,2.7359161376953125,0.30701446533203125,0.2313232421875,2.7239227294921875,0.26251983642578125,5.955078125,0.26851654052734375,17.174270629882813,0.17247772216796875,76.93408966064453,0.16538238525390625,25.20549774169922,0.22397613525390625,0,244583.04510498047,245706.0308227539,0,34088599552,2147483648,8026226688,0
200,1787751536681,3500,3500,3500,3500,3500,3500,3500,3500,3500,3500,3500,3500,3500,3500,3500,3500,3500,3500,3500,3500,1.8288955688476563,0.326873779296875,49.897117614746094,0.24816131591796875,0.5315399169921875,2.8393402099609375,0.24701690673828125,0.2840728759765625,0.35913848876953125,0.3027496337890625,0.267791748046875,2.8301010131835938,9.379425048828125,0.310791015625,15.618553161621094,0.31418609619140625,36.71186828613281,0.24211883544921875,5.443946838378906,0.399993896484375,0,244592.14611816406,245712.99139404297,0,34088599552,2147483648,8026337280,0
200,1787751536881,3500,3500,3500,3500,3500,3500,3500,3500,3500,3500,3500,3500,3500,3500,3500,3500,3500,3500,3500,3500,0.6610946655273438,2.85089111328125,21.791366577148438,0.32181549072265625,0.35205841064453125,0.31522369384765625,2.80517578125,0.3276519775390625,0.35889434814453125,0.324859619140625,0.30265045166015625,0.29036712646484375,0.34047698974609375,0.36688232421875,11.993629455566406,2.8104095458984375,44.209983825683594,0.25213623046875,31.409080505371094,2.8009262084960938,0,244599.72857666016,245718.4525756836,0,34088599552,2147483648,8026333184,0
200,1787751537082,3500,3500,3500,3500,3500,3500,3500,3500,3500,3500,3500,3500,3500,3500,3500,3500,3500,3500,3500,3500,0.50439453125,0.2510223388671875,0.35878753662109375,0.2624053955078125,0.29674530029296875,0.215484619140625,0.290557861328125,0.24208831787109375,0.26360321044921875,0.30867767333984375,0.24263763427734375,0.2226715087890625,0.25437164306640625,2.80029296875,3.3264007568359375,0.2093963623046875,70.12421417236328,2.6676254272460938,36.096527099609375,0.21523284912109375,0,244608.4096069336,245724.99127197266,0,34088599552,2147483648,8026312704,0
200,1787751537282,3500,3500,3500,3500,3500,3500,3500,3500,3500,3500,3500,3500,3500,3500,3500,3500,3500,3500,3500,3500,3.1207427978515625,0.297882080078125,0.329742431640625,2.8139724731445313,2.9779739379882813,0.46732330322265625,0.37598419189453125,0.32564544677734375,2.4008865356445313,2.8236083984375,0.2817535400390625,0.24320220947265625,0.3195037841796875,0.31006622314453125,7.453742980957031,0.21193695068359375,43.774017333984375,0.1860198974609375,55.28070068359375,0.2160797119140625,0,244617.0743408203,245731.5439453125,0,34088599552,2147483648,8026374144,0
200,1787751537483,3500,3500,3500,3500,3500,3500,3500,3500,3500,3500,3500,3500,3500,3500,3500,3500,3500,3500,3500,3500,0.5335922241210938,0.28165435791015625,31.122421264648438,0.32110595703125,0.347930908203125,0.4553985595703125,0.34648895263671875,2.852935791015625,0.637420654296875,0.28813934326171875,2.7788772583007813,0.2978668212890625,2.7931442260742188,0.2697906494140625,9.443275451660156,0.21588134765625,55.13966369628906,0.18062591552734375,16.62994384765625,0.25951385498046875,0,244626.24096679688,245738.57348632813,0,34088599552,2147483648,8026615808,0
200,1787751537683,3500,3500,3500,3500,3500,3500,3500,3500,3500,3500,3500,3500,3500,3500,3500,3500,3500,3500,3500,3500,0.62152099609375,0.34893798828125,0.43505859375,0.5072250366210938,0.5466690063476563,3.0529098510742188,0.4179534912109375,0.39366912841796875,0.33208465576171875,0.3004150390625,0.3063507080078125,2.9089889526367188,0.39501953125,0.34345245361328125,3.827239990234375,0.29293060302734375,99.99681091308594,0.1734466552734375,0.6195297241210938,0.3390655517578125,0,244634.73419189453,245744.94091796875,0,34088599552,2147483648,8026742784,0
200,1787751537883,3500,3500,3500,3500,3500,3500,3500,3500,3500,3500,3500,3500,3500,3500,3500,3500,3500,3500,3500,3500,0.6235733032226563,2.8292083740234375,2.8070831298828125,0.28244781494140625,0.3790283203125,0.39166259765625,2.8794937133789063,0.33243560791015625,0.29213714599609375,0.273406982421875,0.2567291259765625,0.25922393798828125,0.40918731689453125,0.3856201171875,14.61785888671875,2.7953033447265625,67.49423217773438,0.1533050537109375,24.262435913085938,2.7485122680664063,0,244643.90393066406,245752.00384521484,0,34088599552,2147483648,8026742784,0
199,1787751538084,3500,3500,3500,3500,3500,3500,3500,3500,3500,3500,3500,3500,3500,3500,3500,3500,3500,3500,3500,3500,0.6043167114257813,0.3001861572265625,25.59746551513672,0.2778778076171875,0.25876617431640625,0.304229736328125,0.270843505859375,0.287811279296875,0.2601165771484375,0.250579833984375,0.26979827880859375,0.24369049072265625,0.3781890869140625,2.9049072265625,8.111663818359375,0.20661163330078125,70.34657287597656,2.6969985961914063,12.262641906738281,0.2774810791015625,0,244652.28369140625,245758.22686767578,0,34088599552,2147483648,8028712960,0
199,1787751538284,3500,3500,3500,3500,3500,3500,3500,3500,3500,3500,3500,3500,3500,3500,3500,3500,3500,3500,3500,3500,3.0479202270507813,0.29494476318359375,30.23816680908203,2.7628707885742188,2.8325958251953125,0.26140594482421875,0.27829742431640625,0.24451446533203125,0.23871612548828125,2.8653793334960938,0.34722900390625,0.28420257568359375,0.39395904541015625,0.40960693359375,7.0679931640625,0.24401092529296875,55.315513610839844,0.20412445068359375,18.46204376220703,0.3367767333984375,0,244662.50634765625,245766.3240966797,0,34088599552,2147483648,8028712960,0
200,1787751538484,3500,3500,3500,3500,3500,3500,3500,3500,3500,3500,3500,3500,3500,3500,3500,3500,3500,3500,3500,3500,0.5792160034179688,0.28845977783203125,0.325653076171875,0.29586029052734375,0.94036865234375,0.2276153564453125,0.255615234375,2.7620086669921875,2.806854248046875,0.310455322265625,2.831451416015625,0.202423095703125,2.9109420776367188,0.37294769287109375,3.8849029541015625,0.2317657470703125,100,0.1246337890625,1.11444091796875,0.30055999755859375,0,244673.04748535156,245774.74139404297,0,34088599552,2147483648,8028712960,0
200,1787751538684,3500,3500,3500,3500,3500,3500,3500,3500,3500,3500,3500,3500,3500,3500,3500,3500,3500,3500,3500,3500,0.5420150756835938,0.30492401123046875,0.36327362060546875,0.3476104736328125,0.5373764038085938,2.8457870483398438,0.37180328369140625,0.3645172119140625,0.38287353515625,0.292755126953125,0.25719451904296875,2.8166656494140625,0.3397369384765625,0.3349456787109375,12.978294372558594,0.18029022216796875,68.76821899414063,0.16278839111328125,23.351280212402344,0.27504730224609375,0,244682.33135986328,245781.89630126953,0,34088599552,2147483648,8028844032,0
200,1787751538885,3500,3500,3500,3500,3500,3500,3500,3500,3500,3500,3500,3500,3500,3500,3500,3500,3500,3500,3500,3500,0.50335693359375,2.7909622192382813,7.785697937011719,0.31055450439453125,0.391693115234375,0.40013885498046875,2.8550338745117188,0.38440704345703125,0.30345916748046875,0.294769287109375,0.2053375244140625,0.263763427734375,0.26995086669921875,0.2401885986328125,22.491897583007813,2.746368408203125,61.424068450927734,0.15560150146484375,27.136627197265625,2.7302932739257813,0,244690.767578125,245788.1812133789,0,34088599552,2147483648,8029233152,0
200,1787751539085,3500,3500,3500,3500,3500,3500,3500,3500,3500,3500,3500,3500,3500,3500,3500,3500,3500,3500,3500,3500,0.7224349975585938,0.40045928955078125,59.34095001220703,0.26732635498046875,0.30493927001953125,0.32512664794921875,0.30199432373046875,0.315185546875,0.312835693359375,0.3474578857421875,0.32767486572265625,0.2687225341796875,0.34046173095703125,2.8397903442382813,4.467658996582031,0.268218994140625,18.37096405029297,2.8276519775390625,26.57000732421875,0.28701019287109375,0,244699.12109375,245794.4171142578,0,34088599552,2147483648,8029233152,0
200,1787751539285,3500,3500,3500,3500,3500,3500,3500,3500,3500,3500,3500,3500,3500,3500,3500,3500,3500,3500,3500,3500,3.0877151489257813,0.36048126220703125,0.394012451171875,2.9250564575195313,2.8471221923828125,0.34680938720703125,0.32425689697265625,0.25305938720703125,0.3348388671875,2.7633514404296875,0.27252197265625,0.32311248779296875,0.30464935302734375,0.29801177978515625,2.1445236206054688,0.2598419189453125,64.17208862304688,0.19329071044921875,39.35014724731445,0.26264190673828125,0,244708.11297607422,245801.29626464844,0,34088599552,2147483648,8029233152,0
200,1787751539486,3500,3500,3500,3500,3500,3500,3500,3500,3500,3500,3500,3500,3500,3500,3500,3500,3500,3500,3500,3500,0.6705551147460938,0.20598602294921875,1.8517837524414063,0.30977630615234375,0.8065338134765625,0.20009613037109375,0.28353118896484375,2.7108535766601563,2.7235794067382813,0.200897216796875,2.7189407348632813,0.175994873046875,2.7372055053710938,0.21407318115234375,12.63397216796875,0.15134429931640625,46.88947296142578,0.16207122802734375,50.32362365722656,0.1261444091796875,0,244717.75732421875,245809.3296508789,0,34088599552,2147483648,8024993792,0
200,1787751539686,3500,3500,3500,3500,3500,3500,3500,3500,3500,3500,3500,3500,3500,3500,3500,3500,3500,3500,3500,3500,2.2679595947265625,0.3878173828125,70.55642700195313,0.256072998046875,0.6374053955078125,0.46399688720703125,0.5394287109375,0.528350830078125,0.279815673828125,0.31233978271484375,0.3090972900390625,2.9061126708984375,0.37175750732421875,0.3377838134765625,3.7939987182617188,0.2966766357421875,32.03010559082031,0.31817626953125,0.7069473266601563,0.3463134765625,0,244727.82189941406,245817.22631835938,0,34088599552,2147483648,8025108480,0
200,1787751539886,3500,3500,3500,3500,3500,3500,3500,3500,3500,3500,3500,3500,3500,3500,3500,3500,3500,3500,3500,3500,0.5397720336914063,2.8814315795898438,2.8280868530273438,0.3141937255859375,0.37783050537109375,3.0139083862304688,0.4704437255859375,0.47733306884765625,0.28437042236328125,0.27927398681640625,0.28801727294921875,0.252655029296875,0.2992095947265625,0.31868743896484375,5.170097351074219,2.8099517822265625,95.35638427734375,0.1429595947265625,5.2147064208984375,2.8157958984375,0,244736.33673095703,245823.2547607422,0,34088599552,2147483648,8025108480,0
199,1787751540087,3500,3500,3500,3500,3500,3500,3500,3500,3500,3500,3500,3500,3500,3500,3500,3500,3500,3500,3500,3500,8.453361511230469,0.2962188720703125,0.40447998046875,0.276123046875,2.2974395751953125,6.519111633300781,2.9721145629882813,0.398101806640625,4.21044921875,0.30524444580078125,0.2887420654296875,0.3360137939453125,0.31452178955078125,2.8144760131835938,16.16797637939453,0.2482452392578125,77.6041488647461,2.6906585693359375,5.99688720703125,0.267242431640625,0,244744.6417236328,245829.3165283203,0,34088599552,2147483648,8026464256,0
200,1787751540287,3500,3500,3500,3500,3500,3500,3500,3500,3500,3500,3500,3500,3500,3500,3500,3500,3500,3500,3500,3500,10.401023864746094,0.312255859375,3.4204864501953125,2.805084228515625,2.7446975708007813,0.23052978515625,0.25891876220703125,0.32665252685546875,0.2598724365234375,2.8667144775390625,0.28086090087890625,0.25586700439453125,0.3218536376953125,0.26021575927734375,27.81702423095703,0.1846923828125,34.38739013671875,0.19658660888671875,40.20378494262695,0.203033447265625,0,244754.00311279297,245836.53857421875,0,34088599552,2147483648,8026525696,0
199,1787751540487,3500,3500,3500,3500,3500,3500,3500,3500,3500,3500,3500,3500,3500,3500,3500,3500,3500,3500,3500,3500,0.5613327026367188,0.3287811279296875,0.2964019775390625,0.3143157958984375,0.24044036865234375,0.29326629638671875,0.33277130126953125,2.7600860595703125,2.9347763061523438,0.354522705078125,2.9149703979492188,0.37667083740234375,2.8836441040039063,0.291168212890625,3.3936996459960938,0.31476593017578125,100,0.131439208984375,0.36728668212890625,0.3660888671875,0,244763.21002197266,245843.62969970703,0,34088599552,2147483648,8026509312,0
200,1787751540687,3500,3500,3500,3500,3500,3500,3500,3500,3500,3500,3500,3500,3500,3500,3500,3500,3500,3500,3500,3500,0.5670852661132813,0.30396270751953125,0.34560394287109375,0.30826568603515625,1.850921630859375,0.27352142333984375,0.28496551513671875,0.33400726318359375,0.6530609130859375,0.45916748046875,0.49385833740234375,3.0334854125976563,0.40948486328125,0.3990325927734375,23.380935668945313,0.23018646240234375,56.18048858642578,0.179351806640625,23.718292236328125,0.311309814453125,0,244771.20318603516,245849.5029296875,0,34088599552,2147483648,8026640384,0
200,1787751540888,3500,3500,3500,3500,3500,3500,3500,3500,3500,3500,3500,3500,3500,3500,3500,3500,3500,3500,3500,3500,0.5633468627929688,2.8209457397460938,2.9090347290039063,0.383026123046875,0.26377105712890625,2.8504562377929688,0.3244476318359375,0.29303741455078125,0.35126495361328125,0.37084197998046875,0.396209716796875,0.5063705444335938,0.38397216796875,0.38132476806640625,11.7471923828125,2.790679931640625,62.98612594604492,0.141571044921875,31.485496520996094,2.7516250610351563,0,244778.689453125,245854.87396240234,0,34088599552,2147483648,8026640384,0
200,1787751541088,3500,3500,3500,3500,3500,3500,3500,3500,3500,3500,3500,3500,3500,3500,3500,3500,3500,3500,3500,3500,0.801055908203125,0.2867889404296875,7.9572296142578125,0.32753753662109375,0.5096817016601563,0.286041259765625,2.9123001098632813,0.320648193359375,0.33277130126953125,0.3243408203125,0.35746002197265625,0.48000335693359375,0.34803009033203125,0.48055267333984375,29.18047332763672,0.20458984375,49.10535430908203,2.700775146484375,26.46343994140625,0.21511077880859375,0,244789.20178222656,245863.24462890625,0,34088599552,2147483648,8026464256,0
199,1787751541289,3500,3500,3500,3500,3500,3500,3500,3500,3500,3500,3500,3500,3500,3500,3500,3500,3500,3500,3500,3500,3.02178955078125,0.2147216796875,0.5686721801757813,2.7530288696289063,2.8776702880859375,0.2809906005859375,0.2754974365234375,0.24578857421875,0.32947540283203125,2.8244857788085938,0.40708160400390625,0.39319610595703125,0.3143463134765625,2.6614990234375,2.8216934204101563,0.155853271484375,73.01495361328125,0.08124542236328125,30.905685424804688,0.17047882080078125,0,244797.21954345703,245869.12341308594,0,34088599552,2147483648,8026419200,0
200,1787751541489,3500,3500,3500,3500,3500,3500,3500,3500,3500,3500,3500,3500,3500,3500,3500,3500,3500,3500,3500,3500,0.6485061645507813,0.39566802978515625,0.5360946655273438,0.4737701416015625,0.8392791748046875,0.36989593505859375,0.36325836181640625,2.918243408203125,3.103759765625,0.5181655883789063,3.1256332397460938,0.5602645874023438,3.01531982421875,0.4968414306640625,11.060806274414063,0.34223175048828125,85.61260223388672,0.2367095947265625,8.227615356445313,0.38578033447265625,0,244805.48303222656,245875.27697753906,0,34088599552,2147483648,8026255360,0
200,1787751541689,3500,3500,3500,3500,3500,3500,3500,3500,3500,3500,3500,3500,3500,3500,3500,3500,3500,3500,3500,3500,0.5165252685546875,0.26572418212890625,0.537445068359375,0.35414886474609375,0.38475799560546875,0.22902679443359375,0.25759124755859375,0.27635955810546875,0.5415420532226563,0.39339447021484375,0.41980743408203125,2.9958419799804688,0.28125762939453125,0.27616119384765625,19.846229553222656,0.2384185791015625,90.86992645263672,0.098907470703125,2.896728515625,0.25634002685546875,0,244816.29107666016,245883.9482421875,0,34088599552,2147483648,8026386432,0
199,1787751541889,3500,3500,3500,3500,3500,3500,3500,3500,3500,3500,3500,3500,3500,3500,3500,3500,3500,3500,3500,3500,10.728096008300781,2.8823318481445313,4.9326171875,0.3261566162109375,0.29933929443359375,2.7996826171875,0.28710174560546875,0.29274749755859375,0.3290557861328125,0.3089752197265625,0.32281494140625,0.3206634521484375,0.34128570556640625,0.29339599609375,9.958221435546875,2.7713623046875,90.30635833740234,0.16300201416015625,3.2032928466796875,2.8266983032226563,0,244824.00177001953,245889.52697753906,0,34088599552,2147483648,8026386432,0
200,1787751542089,3500,3500,3500,3500,3500,3500,3500,3500,3500,3500,3500,3500,3500,3500,3500,3500,3500,3500,3500,3500,0.5833892822265625,0.31108856201171875,2.0871047973632813,0.36186981201171875,0.3188323974609375,0.2424163818359375,2.8142471313476563,0.34417724609375,0.339324951171875,0.279296875,0.3160858154296875,0.379364013671875,0.312042236328125,0.29564666748046875,4.1927490234375,0.26940155029296875,91.33889770507813,2.6816940307617188,11.055595397949219,0.25395965576171875,0,244832.62396240234,245896.0263671875,0,34088599552,2147483648,8026374144,0
200,1787751542290,3500,3500,3500,3500,3500,3500,3500,3500,3500,3500,3500,3500,3500,3500,3500,3500,3500,3500,3500,3500,3.554656982421875,0.29742431640625,1.73681640625,2.8705062866210938,2.8695526123046875,0.220001220703125,0.27416229248046875,0.27326202392578125,0.20726776123046875,2.8327178955078125,0.23876953125,0.2733612060546875,0.7611846923828125,2.8097000122070313,3.8291168212890625,0.28499603271484375,72.0859375,0.17028045654296875,32.32215118408203,0.2885894775390625,0,244841.76635742188,245903.04296875,0,34088599552,2147483648,8024064000,0
200,1787751542490,3500,3500,3500,3500,3500,3500,3500,3500,3500,3500,3500,3500,3500,3500,3500,3500,3500,3500,3500,3500,6.413482666015625,0.27378082275390625,50.69196319580078,0.23812103271484375,0.28580474853515625,0.26605224609375,0.27822113037109375,2.7997360229492188,2.8336029052734375,0.34844970703125,2.8822784423828125,0.248046875,2.8630294799804688,0.26779937744140625,10.858757019042969,0.30286407470703125,44.925655364990234,0.1857452392578125,12.010902404785156,0.28725433349609375,0,244851.70251464844,245910.83966064453,0,34088599552,2147483648,8024715264,0
199,1787751542690,3500,3500,3500,3500,3500,3500,3500,3500,3500,3500,3500,3500,3500,3500,3500,3500,3500,3500,3500,3500,0.5763626098632813,0.3271026611328125,0.3256072998046875,0.34613037109375,0.48334503173828125,0.2799224853515625,0.35427093505859375,0.22963714599609375,0.33983612060546875,0.3120269775390625,0.2852630615234375,2.852813720703125,0.3466796875,0.31616973876953125,4.870269775390625,0.2618408203125,100,0.143951416015625,0.46691131591796875,0.315521240234375,0,244861.33172607422,245918.353515625,0,34088599552,2147483648,8024846336,0
200,1787751542890,3500,3500,3500,3500,3500,3500,3500,3500,3500,3500,3500,3500,3500,3500,3500,3500,3500,3500,3500,3500,0.6026153564453125,2.8018569946289063,7.110816955566406,0.2869110107421875,2.1340560913085938,2.80810546875,0.2515716552734375,0.28896331787109375,0.25252532958984375,0.32089996337890625,0.2985076904296875,0.22713470458984375,0.3892364501953125,0.3639373779296875,10.759819030761719,2.776214599609375,78.14122009277344,0.15525054931640625,14.656547546386719,2.7946624755859375,0,244870.45977783203,245925.32421875,0,34088599552,2147483648,8024911872,0
200,1787751543091,3500,3500,3500,3500,3500,3500,3500,3500,3500,3500,3500,3500,3500,3500,3500,3500,3500,3500,3500,3500,0.5718612670898438,0.29714202880859375,11.191741943359375,0.2746734619140625,2.6360397338867188,0.36721038818359375,2.8929367065429688,0.8607711791992188,6.399085998535156,0.32790374755859375,0.2408599853515625,0.29579925537109375,0.38219451904296875,0.38423919677734375,12.328231811523438,0.1959686279296875,76.9153060913086,1.2853622436523438,11.206123352050781,0.23181915283203125,0,244879.82635498047,245932.57391357422,0,34088599552,2147483648,8025587712,0
200,1787751543291,3500,3500,3500,3500,3500,3500,3500,3500,3500,3500,3500,3500,3500,3500,3500,3500,3500,3500,3500,3500,3.3526458740234375,0.3052825927734375,1.9892349243164063,2.7830047607421875,2.7722625732421875,0.24117279052734375,0.28554534912109375,0.276153564453125,0.30988311767578125,0.23352813720703125,0.3070831298828125,0.2578582763671875,0.35001373291015625,2.8577651977539063,5.3984527587890625,0.2258758544921875,56.86186599731445,1.5728073120117188,49.84947967529297,0.18125152587890625,0,244890.54388427734,245941.1719970703,0,34088599552,2147483648,8025591808,0
200,1787751543491,3500,3500,3500,3500,3500,3500,3500,3500,3500,3500,3500,3500,3500,3500,3500,3500,3500,3500,3500,3500,0.5452194213867188,0.3146820068359375,0.30609130859375,0.32137298583984375,0.837432861328125,0.32257080078125,0.2892608642578125,2.80804443359375,2.8163375854492188,2.7980117797851563,2.8396072387695313,0.31447601318359375,2.8616256713867188,0.28951263427734375,10.277061462402344,0.3441925048828125,34.370994567871094,0.2181549072265625,61.99336624145508,0.2124176025390625,0,244899.87341308594,245948.3748779297,0,34088599552,2147483648,8026501120,0
200,1787751543691,3500,3500,3500,3500,3500,3500,3500,3500,3500,3500,3500,3500,3500,3500,3500,3500,3500,3500,3500,3500,2.2448577880859375,0.31478118896484375,15.714492797851563,0.34454345703125,0.5403671264648438,0.27667236328125,0.25789642333984375,0.3013916015625,0.3029937744140625,0.23447418212890625,0.30309295654296875,2.8064956665039063,0.31513214111328125,0.31502532958984375,7.047050476074219,0.27252960205078125,59.95615005493164,0.2005157470703125,23.516212463378906,0.24071502685546875,0,244909.58074951172,245955.96942138672,0,34088599552,2147483648,8026570752,0
200,1787751543891,3500,3500,3500,3500,3500,3500,3500,3500,3500,3500,3500,3500,3500,3500,3500,3500,3500,3500,3500,3500,0.4981842041015625,2.835601806640625,0.491241455078125,0.3932952880859375,0.5067825317382813,2.7727890014648438,0.3015899658203125,0.26100921630859375,0.24282073974609375,0.26555633544921875,0.22953033447265625,0.27585601806640625,0.2601165771484375,0.294647216796875,12.647926330566406,2.7336044311523438,70.79051208496094,0.142578125,26.00043487548828,2.7477035522460938,0,244918.75903320313,245963.0185546875,0,34088599552,2147483648,8026091520,0
200,1787751544092,3500,3500,3500,3500,3500,3500,3500,3500,3500,3500,3500,3500,3500,3500,3500,3500,3500,3500,3500,3500,0.6590118408203125,0.39156341552734375,3.29022216796875,0.4378814697265625,0.2332611083984375,0.27149200439453125,2.8160629272460938,0.25716400146484375,0.2179412841796875,0.31166839599609375,0.3219451904296875,0.265350341796875,0.29624176025390625,0.29839324951171875,11.36126708984375,0.244140625,24.21862030029297,0.22667694091796875,73.71920776367188,0.1808624267578125,0,244928.26959228516,245970.3984375,0,34088599552,2147483648,8026198016,0
199,1787751544292,3500,3500,3500,3500,3500,3500,3500,3500,3500,3500,3500,3500,3500,3500,3500,3500,3500,3500,3500,3500,3.0831451416015625,0.36185455322265625,0.3720245361328125,2.8838424682617188,2.823089599609375,0.2613983154296875,0.28539276123046875,0.285491943359375,0.31098175048828125,0.3560638427734375,0.31531524658203125,0.36598968505859375,0.2936248779296875,2.8283767700195313,5.305625915527344,0.23456573486328125,68.48030090332031,2.6876296997070313,34.110069274902344,0.29282379150390625,0,244938.67694091797,245978.67895507813,0,34088599552,2147483648,8026103808,0
200,1787751544492,3500,3500,3500,3500,3500,3500,3500,3500,3500,3500,3500,3500,3500,3500,3500,3500,3500,3500,3500,3500,0.51898193359375,0.3080902099609375,23.312171936035156,0.25331878662109375,0.39464569091796875,0.2198333740234375,0.26985931396484375,2.8147506713867188,2.8624725341796875,2.8147964477539063,2.721343994140625,0.2701568603515625,2.8161468505859375,0.28240203857421875,4.253257751464844,0.17105865478515625,70.35449981689453,0.14697265625,9.430137634277344,0.2906494140625,0,244947.80432128906,245985.6932373047,0,34088599552,2147483648,8023486464,0
200,1787751544693,3500,3500,3500,3500,3500,3500,3500,3500,3500,3500,3500,3500,3500,3500,3500,3500,3500,3500,3500,3500,1.9215927124023438,0.29708099365234375,4.172904968261719,0.36341094970703125,0.439666748046875,0.19358062744140625,0.27547454833984375,0.2296600341796875,0.2080535888671875,0.2860565185546875,0.24053955078125,2.1427230834960938,0.42024993896484375,0.31729888916015625,12.004150390625,0.21563720703125,71.95333862304688,0.170623779296875,38.09762954711914,0.20685577392578125,0,244956.64910888672,245992.3846435547,0,34088599552,2147483648,8025522176,0
200,1787751544893,3500,3500,3500,3500,3500,3500,3500,3500,3500,3500,3500,3500,3500,3500,3500,3500,3500,3500,3500,3500,0.5902023315429688,1.9549560546875,0.4300689697265625,0.367950439453125,0.3868255615234375,2.8819503784179688,0.3198699951171875,0.33853912353515625,0.49633026123046875,0.49597930908203125,0.4691162109375,0.972930908203125,0.328155517578125,0.33444976806640625,12.942947387695313,2.7630157470703125,21.37628936767578,0.31707000732421875,72.19290924072266,2.7142257690429688,0,244965.63018798828,245999.25701904297,0,34088599552,2147483648,8025522176,0
200,1787751545093,3500,3500,3500,3500,3500,3500,3500,3500,3500,3500,3500,3500,3500,3500,3500,3500,3500,3500,3500,3500,0.6957550048828125,1.21978759765625,3.1904067993164063,0.270721435546875,0.463653564453125,0.3820343017578125,2.8832168579101563,0.46390533447265625,0.4623565673828125,0.48964691162109375,0.33608245849609375,0.33962249755859375,0.281494140625,0.28887939453125,15.891075134277344,0.2079010009765625,31.17090606689453,0.1906890869140625,60.76498794555664,0.15436553955078125,0,244974.18939208984,246005.69329833984,0,34088599552,2147483648,8025522176,0
199,1787751545294,3500,3500,3500,3500,3500,3500,3500,3500,3500,3500,3500,3500,3500,3500,3500,3500,3500,3500,3500,3500,3.1718978881835938,0.33147430419921875,0.32892608642578125,2.8374786376953125,4.154090881347656,0.356353759765625,0.3524017333984375,0.39306640625,0.5074539184570313,0.49886322021484375,0.3808746337890625,0.391571044921875,0.3602447509765625,2.9220428466796875,11.269432067871094,0.293365478515625,64.31417846679688,2.6961135864257813,31.437767028808594,0.23397064208984375,0,244984.23950195313,246013.6416015625,0,34088599552,2147483648,8025522176,0
200,1787751545494,3500,3500,3500,3500,3500,3500,3500,3500,3500,3500,3500,3500,3500,3500,3500,3500,3500,3500,3500,3500,0.8132476806640625,0.29427337646484375,0.7807083129882813,0.34400177001953125,0.6448211669921875,0.29412078857421875,0.2606353759765625,2.7626953125,2.794281005859375,2.8231658935546875,2.7848358154296875,0.27832794189453125,2.8647003173828125,0.3448028564453125,4.4740447998046875,0.25299072265625,98.2653579711914,0.1304931640625,4.1802215576171875,0.2737274169921875,0,244994.0640258789,246021.70544433594,0,34088599552,2147483648,8025522176,0
199,1787751545694,3500,3500,3500,3500,3500,3500,3500,3500,3500,3500,3500,3500,3500,3500,3500,3500,3500,3500,3500,3500,0.53912353515625,0.3257904052734375,0.4210205078125,0.4587249755859375,1.6830825805664063,0.26895904541015625,0.28179931640625,0.2970733642578125,0.30097198486328125,0.32569122314453125,0.2751007080078125,0.3226470947265625,0.29398345947265625,0.30591583251953125,16.447723388671875,0.25907135009765625,29.119247436523438,0.25337982177734375,58.7445068359375,0.21073150634765625,0,245000.81634521484,246026.005859375,0,34088599552,2147483648,8025645056,0
200,1787751545894,3500,3500,3500,3500,3500,3500,3500,3500,3500,3500,3500,3500,3500,3500,3500,3500,3500,3500,3500,3500,0.60552978515625,0.283172607421875,0.3038177490234375,0.294219970703125,0.30626678466796875,2.8221054077148438,0.25234222412109375,0.26308441162109375,0.26982879638671875,0.29161834716796875,0.2682342529296875,2.8148117065429688,0.29416656494140625,0.30117034912109375,11.542861938476563,2.7671279907226563,32.883094787597656,0.19366455078125,61.51932144165039,2.7295989990234375,0,245010.4896850586,246033.6420288086,0,34088599552,2147483648,8025645056,0
200,1787751546094,3500,3500,3500,3500,3500,3500,3500,3500,3500,3500,3500,3500,3500,3500,3500,3500,3500,3500,3500,3500,0.49691009521484375,2.77923583984375,25.991439819335938,0.2220001220703125,0.20188140869140625,0.27141571044921875,2.860107421875,0.24745941162109375,0.29233551025390625,0.2264404296875,0.2823028564453125,0.2995758056640625,0.2841949462890625,0.3405609130859375,3.757080078125,0.22369384765625,53.02506637573242,0.16513824462890625,28.090797424316406,0.2341766357421875,0,245018.26007080078,246039.1870727539,0,34088599552,2147483648,8025645056,0
199,1787751546294,3500,3500,3500,3500,3500,3500,3500,3500,3500,3500,3500,3500,3500,3500,3500,3500,3500,3500,3500,3500,3.0788726806640625,0.30710601806640625,31.678909301757813,2.8235855102539063,2.7758712768554688,0.272125244140625,0.3074493408203125,0.30260467529296875,0.2615814208984375,0.28292083740234375,0.30989837646484375,0.2495880126953125,0.33453369140625,2.8412246704101563,7.061866760253906,0.23744964599609375,69.05146789550781,2.7128067016601563,0.6422348022460938,0.39734649658203125,0,245027.2840576172,246046.4829711914,0,34088599552,2147483648,8025645056,0
199,1787751546495,3500,3500,3500,3500,3500,3500,3500,3500,3500,3500,3500,3500,3500,3500,3500,3500,3500,3500,3500,3500,0.6280517578125,0.3353424072265625,0.337890625,0.35448455810546875,0.31310272216796875,0.36737823486328125,0.44638824462890625,2.9399185180664063,2.9245758056640625,2.8317642211914063,2.856903076171875,0.28621673583984375,2.8166732788085938,0.3426361083984375,3.1926498413085938,0.25208282470703125,92.49103546142578,0.157073974609375,8.121627807617188,0.33399200439453125,0,245037.75457763672,246054.89672851563,0,34088599552,2147483648,8025645056,0
199,1787751546695,3500,3500,3500,3500,3500,3500,3500,3500,3500,3500,3500,3500,3500,3500,3500,3500,3500,3500,3500,3500,0.5878448486328125,0.28912353515625,0.6442794799804688,0.263427734375,0.454681396484375,0.404541015625,0.48487091064453125,0.4559783935546875,0.44658660888671875,0.39629364013671875,0.45708465576171875,0.40494537353515625,0.277130126953125,0.310821533203125,12.540290832519531,0.16130828857421875,66.60337829589844,0.1450653076171875,25.034637451171875,0.27088165283203125,0,245046.4994506836,246061.04595947266,0,34088599552,2147483648,8025776128,0
200,1787751546895,3500,3500,3500,3500,3500,3500,3500,3500,3500,3500,3500,3500,3500,3500,3500,3500,3500,3500,3500,3500,3.009796142578125,0.33652496337890625,14.119621276855469,0.25994110107421875,0.9070510864257813,2.9076690673828125,0.39046478271484375,0.4018096923828125,0.386962890625,0.2809906005859375,0.2954864501953125,2.8323822021484375,3.4678421020507813,0.24184417724609375,10.320152282714844,2.7238082885742188,90.16249084472656,0.109527587890625,7.125999450683594,2.8539276123046875,0,245056.3890991211,246068.79272460938,0,34088599552,2147483648,8025780224,0
200,1787751547095,3500,3500,3500,3500,3500,3500,3500,3500,3500,3500,3500,3500,3500,3500,3500,3500,3500,3500,3500,3500,0.5851669311523438,2.8327865600585938,15.212188720703125,0.3186187744140625,0.5019912719726563,0.39286041259765625,2.9384765625,0.48766326904296875,0.3007965087890625,0.36554718017578125,0.30544281005859375,0.25067138671875,0.30194854736328125,0.32476043701171875,16.386924743652344,0.2748870849609375,76.32355499267578,0.19141387939453125,3.9853973388671875,0.3746337890625,0,245066.71813964844,246076.9969482422,0,34088599552,2147483648,8025772032,0
200,1787751547295,3500,3500,3500,3500,3500,3500,3500,3500,3500,3500,3500,3500,3500,3500,3500,3500,3500,3500,3500,3500,6.709014892578125,0.34759521484375,11.5867919921875,2.8486099243164063,2.9319076538085938,0.36360931396484375,0.34030914306640625,0.4302825927734375,0.3566741943359375,0.30268096923828125,0.27098846435546875,0.24553680419921875,0.3697509765625,2.7997055053710938,5.120269775390625,0.22512054443359375,50.40279006958008,2.6976470947265625,41.5820198059082,0.31894683837890625,0,245075.05743408203,246083.21362304688,0,34088599552,2147483648,8025972736,0
200,1787751547496,3500,3500,3500,3500,3500,3500,3500,3500,3500,3500,3500,3500,3500,3500,3500,3500,3500,3500,3500,3500,0.5533981323242188,0.34432220458984375,0.5039901733398438,0.53961181640625,0.526275634765625,0.30770111083984375,0.28586578369140625,2.809814453125,3.232025146484375,2.8223037719726563,2.956298828125,0.33013153076171875,2.8441390991210938,0.27123260498046875,5.9569549560546875,0.3076019287109375,100,0.13623809814453125,3.4070281982421875,0.3331756591796875,0,245083.51330566406,246089.5382080078,0,34088599552,2147483648,8025972736,0
200,1787751547696,3500,3500,3500,3500,3500,3500,3500,3500,3500,3500,3500,3500,3500,3500,3500,3500,3500,3500,3500,3500,2.2409210205078125,0.34664154052734375,0.5468902587890625,0.577484130859375,0.3316650390625,0.2802581787109375,0.306365966796875,0.2908935546875,0.28180694580078125,0.254852294921875,0.3839263916015625,0.308258056640625,0.32328033447265625,0.34664154052734375,18.63567352294922,0.26543426513671875,54.375404357910156,0.17095184326171875,31.278053283691406,0.2866973876953125,0,245091.29150390625,246095.17736816406,0,34088599552,2147483648,8026103808,0
200,1787751547896,3500,3500,3500,3500,3500,3500,3500,3500,3500,3500,3500,3500,3500,3500,3500,3500,3500,3500,3500,3500,0.5891571044921875,0.26847076416015625,0.38303375244140625,0.39936065673828125,0.42966461181640625,2.7849807739257813,0.306854248046875,0.26502227783203125,0.2748565673828125,0.27081298828125,0.249298095703125,2.8122406005859375,0.2836456298828125,0.28778839111328125,8.958328247070313,2.7454452514648438,100,0.12090301513671875,0.5679855346679688,2.8050994873046875,0,245101.1990966797,246102.97229003906,0,34088599552,2147483648,8026038272,0
200,1787751548096,3500,3500,3500,3500,3500,3500,3500,3500,3500,3500,3500,3500,3500,3500,3500,3500,3500,3500,3500,3500,0.5558547973632813,2.7883529663085938,3.502716064453125,0.26883697509765625,0.2774810791015625,0.24881744384765625,2.7947921752929688,0.2617034912109375,0.20539093017578125,0.26384735107421875,0.30553436279296875,0.27428436279296875,0.27832794189453125,0.28731536865234375,9.338829040527344,0.2350921630859375,74.23868560791016,0.15301513671875,29.458534240722656,0.2837677001953125,0,245110.9444580078,246110.5782470703,0,34088599552,2147483648,8026628096,0
200,1787751548297,3500,3500,3500,3500,3500,3500,3500,3500,3500,3500,3500,3500,3500,3500,3500,3500,3500,3500,3500,3500,3.1026458740234375,0.613128662109375,5.673011779785156,2.8582229614257813,2.9667816162109375,0.2835235595703125,0.4203338623046875,0.30109405517578125,0.28347015380859375,0.3430938720703125,0.23503875732421875,0.3033905029296875,0.33709716796875,2.8168792724609375,7.5819091796875,0.2887115478515625,19.017356872558594,2.7460250854492188,3.335784912109375,0.3559722900390625,0,245119.0258178711,246116.5281982422,0,34088599552,2147483648,8026611712,0
200,1787751548497,3500,3500,3500,3500,3500,3500,3500,3500,3500,3500,3500,3500,3500,3500,3500,3500,3500,3500,3500,3500,0.5528640747070313,0.8091659545898438,1.496551513671875,0.2495574951171875,0.32248687744140625,0.27008819580078125,0.31809234619140625,2.9062957763671875,2.7567367553710938,2.749847412109375,2.8310623168945313,0.26773834228515625,2.7904052734375,0.263092041015625,20.63426971435547,0.18302154541015625,14.518325805664063,0.239166259765625,8.68560791015625,0.34981536865234375,0,245128.35321044922,246123.6957397461,0,34088599552,2147483648,8027717632,0
200,1787751548697,3500,3500,3500,3500,3500,3500,3500,3500,3500,3500,3500,3500,3500,3500,3500,3500,3500,3500,3500,3500,0.6525802612304688,1.1866607666015625,2.5136489868164063,0.3278656005859375,0.462493896484375,0.5181961059570313,0.40879058837890625,0.5103530883789063,0.2766571044921875,0.28874969482421875,0.30718231201171875,0.26761627197265625,0.2808074951171875,0.30188751220703125,12.741241455078125,0.23409271240234375,6.5567626953125,0.30648040771484375,1.5426025390625,0.3330078125,0,245135.2998046875,246128.52056884766,0,34088599552,2147483648,8027852800,0
200,1787751548897,3500,3500,3500,3500,3500,3500,3500,3500,3500,3500,3500,3500,3500,3500,3500,3500,3500,3500,3500,3500,0.5623931884765625,0.8125686645507813,0.47367095947265625,0.431610107421875,1.2103118896484375,3.0164871215820313,0.37421417236328125,0.45074462890625,0.9117279052734375,0.3376922607421875,0.34888458251953125,2.8546295166015625,0.30347442626953125,0.3170166015625,12.920822143554688,2.7760009765625,7.948799133300781,0.2657623291015625,2.1881790161132813,2.8378448486328125,0,245142.33233642578,246133.42346191406,0,34088599552,2147483648,8027852800,0
200,1787751549098,3500,3500,3500,3500,3500,3500,3500,3500,3500,3500,3500,3500,3500,3500,3500,3500,3500,3500,3500,3500,0.612030029296875,3.56646728515625,2.8190689086914063,0.25846099853515625,0.283538818359375,0.2718963623046875,2.780303955078125,0.33293914794921875,0.42305755615234375,0.48919677734375,0.3410797119140625,0.47216033935546875,0.26654815673828125,0.2666473388671875,17.592727661132813,0.16304779052734375,8.356796264648438,0.21759796142578125,3.0546951293945313,0.2295379638671875,0,245149.90216064453,246138.85711669922,0,34088599552,2147483648,8027848704,0
200,1787751549298,3500,3500,3500,3500,3500,3500,3500,3500,3500,3500,3500,3500,3500,3500,3500,3500,3500,3500,3500,3500,3.1609268188476563,0.7924270629882813,0.36367034912109375,2.84112548828125,2.9636154174804688,0.2542572021484375,0.2516632080078125,0.3876800537109375,0.40240478515625,0.537017822265625,0.3923187255859375,0.43933868408203125,0.32134246826171875,2.8720779418945313,16.544532775878906,0.2479705810546875,9.62567138671875,2.924835205078125,0.37395477294921875,0.336517333984375,0,245156.5701904297,246143.3953857422,0,34088599552,2147483648,8028053504,0
200,1787751549498,3500,3500,3500,3500,3500,3500,3500,3500,3500,3500,3500,3500,3500,3500,3500,3500,3500,3500,3500,3500,0.6196060180664063,0.607666015625,0.390594482421875,0.410125732421875,0.815399169921875,0.31557464599609375,0.32695770263671875,2.8858413696289063,2.856170654296875,2.9260482788085938,2.8625640869140625,0.35158538818359375,0.3056793212890625,0.29224395751953125,10.063514709472656,0.22591400146484375,7.0460052490234375,0.26317596435546875,2.0369796752929688,0.28580474853515625,0,245164.26623535156,246148.96643066406,0,34088599552,2147483648,8027881472,0
200,1787751549698,3500,3500,3500,3500,3500,3500,3500,3500,3500,3500,3500,3500,3500,3500,3500,3500,3500,3500,3500,3500,0.711334228515625,0.947235107421875,0.41042327880859375,0.4241485595703125,0.464813232421875,0.500885009765625,0.514556884765625,0.5002365112304688,0.43238067626953125,0.4729461669921875,0.3233642578125,0.36338043212890625,2.824188232421875,0.306549072265625,12.9146728515625,0.2309112548828125,7.869804382324219,0.2320556640625,0.35384368896484375,0.30814361572265625,0,245171.42193603516,246153.99145507813,0,34088599552,2147483648,8027996160,0
200,1787751549899,3500,3500,3500,3500,3500,3500,3500,3500,3500,3500,3500,3500,3500,3500,3500,3500,3500,3500,3500,3500,0.6860122680664063,0.9113388061523438,2.1455230712890625,0.3931884765625,0.931365966796875,2.8706817626953125,0.3834991455078125,0.356689453125,0.3800048828125,0.3345184326171875,0.36013031005859375,2.904083251953125,0.2637176513671875,0.2637176513671875,22.468994140625,0.1748504638671875,10.400070190429688,0.20770263671875,7.089027404785156,2.7818603515625,0,245178.31463623047,246158.73614501953,0,34088599552,2147483648,8026759168,0
200,1787751550099,3500,3500,3500,3500,3500,3500,3500,3500,3500,3500,3500,3500,3500,3500,3500,3500,3500,3500,3500,3500,0.6575241088867188,3.0474472045898438,2.9907684326171875,0.478363037109375,0.40126800537109375,0.36771392822265625,2.9356918334960938,0.36975860595703125,0.44036102294921875,0.4158477783203125,0.5218048095703125,0.5229568481445313,0.34478759765625,0.327362060546875,12.813148498535156,2.7928848266601563,8.080001831054688,0.243377685546875,3.3685684204101563,0.24277496337890625,0,245186.2294921875,246164.51708984375,0,34088599552,2147483648,8026763264,0
200,1787751550299,3500,3500,3500,3500,3500,3500,3500,3500,3500,3500,3500,3500,3500,3500,3500,3500,3500,3500,3500,3500,3.082366943359375,0.76800537109375,0.3902435302734375,2.9463653564453125,2.8478546142578125,0.26981353759765625,0.35494232177734375,0.3172454833984375,0.37546539306640625,0.38205718994140625,0.498992919921875,0.4920501708984375,0.278350830078125,2.83282470703125,13.468505859375,0.226226806640625,9.609840393066406,2.8045654296875,2.538787841796875,0.2889862060546875,0,245193.7142944336,246169.8921508789,0,34088599552,2147483648,8026763264,0
200,1787751550500,3500,3500,3500,3500,3500,3500,3500,3500,3500,3500,3500,3500,3500,3500,3500,3500,3500,3500,3500,3500,0.6293792724609375,0.6731414794921875,0.4114227294921875,0.4364166259765625,0.28472900390625,0.35004425048828125,0.28063201904296875,2.7576370239257813,2.859527587890625,2.8732986450195313,2.9367218017578125,0.40174102783203125,0.32030487060546875,0.30074310302734375,11.850685119628906,0.21656036376953125,9.042999267578125,0.24021148681640625,1.963134765625,0.3679046630859375,0,245201.2035522461,246175.2412109375,0,34088599552,2147483648,8026824704,0
200,1787751550700,3500,3500,3500,3500,3500,3500,3500,3500,3500,3500,3500,3500,3500,3500,3500,3500,3500,3500,3500,3500,0.5271453857421875,0.8118133544921875,0.34662628173828125,0.366790771484375,0.219818115234375,0.276580810546875,0.2056884765625,0.238739013671875,0.3957977294921875,0.466888427734375,0.32300567626953125,0.454010009765625,2.7779769897460938,0.2600555419921875,13.318412780761719,0.1944580078125,6.7542877197265625,0.24123382568359375,0.27532958984375,0.269439697265625,0,245207.90911865234,246179.826171875,0,34088599552,2147483648,8026955776,0
200,1787751550900,3500,3500,3500,3500,3500,3500,3500,3500,3500,3500,3500,3500,3500,3500,3500,3500,3500,3500,3500,3500,0.74114990234375,0.4780731201171875,0.48551177978515625,0.41951751708984375,0.5109710693359375,2.8306198120117188,0.31044769287109375,0.332611083984375,0.38372802734375,0.385528564453125,0.281097412109375,2.9407424926757813,0.3214263916015625,0.34688568115234375,14.6585693359375,0.2756500244140625,12.902313232421875,0.2154541015625,3.3231735229492188,2.8506851196289063,0,245215.52801513672,246185.3067626953,0,34088599552,2147483648,8027217920,0
200,1787751551101,3500,3500,3500,3500,3500,3500,3500,3500,3500,3500,3500,3500,3500,3500,3500,3500,3500,3500,3500,3500,0.7831573486328125,2.87274169921875,2.947113037109375,0.421600341796875,0.350830078125,0.39984130859375,2.9638290405273438,0.29587554931640625,0.32672119140625,0.22570037841796875,0.28299713134765625,0.2666778564453125,0.30141448974609375,0.3149871826171875,7.738594055175781,2.719268798828125,11.880279541015625,0.2525482177734375,3.7020721435546875,0.27725982666015625,0,245222.98022460938,246190.73303222656,0,34088599552,2147483648,8027271168,0
200,1787751551301,3500,3500,3500,3500,3500,3500,3500,3500,3500,3500,3500,3500,3500,3500,3500,3500,3500,3500,3500,3500,3.04339599609375,0.45378875732421875,0.34497833251953125,2.89276123046875,2.7891998291015625,0.22072601318359375,0.29381561279296875,0.28707122802734375,0.3627166748046875,0.3260955810546875,0.26434326171875,0.3412322998046875,0.2807769775390625,2.7975921630859375,22.34569549560547,0.21253204345703125,66.60987854003906,2.6751861572265625,18.3939208984375,0.2621917724609375,0,245230.9896850586,246196.93524169922,0,34088599552,2147483648,8027271168,0
200,1787751551501,3500,3500,3500,3500,3500,3500,3500,3500,3500,3500,3500,3500,3500,3500,3500,3500,3500,3500,3500,3500,0.5401687622070313,0.3277740478515625,0.28267669677734375,0.28357696533203125,0.7200393676757813,0.18755340576171875,0.29290008544921875,2.7714080810546875,2.97198486328125,2.9863510131835938,0.5295944213867188,0.34662628173828125,0.30826568603515625,0.2667694091796875,2.8861846923828125,0.2080535888671875,100,0.117919921875,0.27923583984375,0.293304443359375,0,245239.29333496094,246203.09954833984,0,34088599552,2147483648,8027271168,0
199,1787751551702,3500,3500,3500,3500,3500,3500,3500,3500,3500,3500,3500,3500,3500,3500,3500,3500,3500,3500,3500,3500,2.2428131103515625,0.35477447509765625,0.40472412109375,0.40013885498046875,0.29703521728515625,0.33506011962890625,0.3394012451171875,0.26973724365234375,0.48572540283203125,0.43502044677734375,2.8671722412109375,0.4183502197265625,2.839630126953125,0.30092620849609375,19.515525817871094,0.228759765625,72.13477325439453,0.194580078125,13.549873352050781,0.2556610107421875,0,245247.91424560547,246209.22357177734,0,34088599552,2147483648,8027402240,0
199,1787751551902,3500,3500,3500,3500,3500,3500,3500,3500,3500,3500,3500,3500,3500,3500,3500,3500,3500,3500,3500,3500,0.6037673950195313,0.29825592041015625,0.4451904296875,0.43219757080078125,0.5140533447265625,2.7845840454101563,0.263275146484375,0.27426910400390625,0.46402740478515625,0.45323944091796875,0.467681884765625,2.9274139404296875,0.28461456298828125,0.29080963134765625,11.378227233886719,0.238037109375,73.650146484375,0.165374755859375,5.662971496582031,2.8336639404296875,0,245257.24591064453,246216.43975830078,0,34088599552,2147483648,8029040640,0
200,1787751552102,3500,3500,3500,3500,3500,3500,3500,3500,3500,3500,3500,3500,3500,3500,3500,3500,3500,3500,3500,3500,1.5613021850585938,2.9068145751953125,5.583831787109375,0.3878631591796875,0.34673309326171875,0.435089111328125,2.9725341796875,0.36322784423828125,0.49526214599609375,0.49541473388671875,0.355377197265625,0.3688201904296875,2.9003143310546875,0.2812652587890625,18.99603271484375,2.7826690673828125,17.451263427734375,0.28931427001953125,11.953643798828125,0.282867431640625,0,245266.29357910156,246223.3286743164,0,34088599552,2147483648,8029634560,0
200,1787751552302,3500,3500,3500,3500,3500,3500,3500,3500,3500,3500,3500,3500,3500,3500,3500,3500,3500,3500,3500,3500,3.2217788696289063,0.8939971923828125,0.33614349365234375,2.913818359375,2.8146438598632813,0.26316070556640625,0.22235107421875,0.31110382080078125,0.5069656372070313,0.45782470703125,0.37705230712890625,0.3849334716796875,0.2678985595703125,2.8327484130859375,12.187484741210938,0.21307373046875,8.889472961425781,2.8018722534179688,5.139129638671875,0.28017425537109375,0,245273.55670166016,246228.46484375,0,34088599552,2147483648,8029634560,0
200,1787751552503,3500,3500,3500,3500,3500,3500,3500,3500,3500,3500,3500,3500,3500,3500,3500,3500,3500,3500,3500,3500,0.6658554077148438,0.7779693603515625,0.26990509033203125,0.29946136474609375,0.30115509033203125,0.43059539794921875,0.44492340087890625,2.9278411865234375,2.968780517578125,2.8704376220703125,0.33829498291015625,0.33020782470703125,0.3157806396484375,0.256378173828125,16.102218627929688,0.22518157958984375,6.261573791503906,0.24764251708984375,2.0477371215820313,0.345733642578125,0,245281.3016357422,246234.07794189453,0,34088599552,2147483648,8029683712,0
200,1787751552703,3500,3500,3500,3500,3500,3500,3500,3500,3500,3500,3500,3500,3500,3500,3500,3500,3500,3500,3500,3500,0.5703964233398438,1.39556884765625,0.30707550048828125,0.3045806884765625,0.235595703125,0.27805328369140625,0.36922454833984375,0.25527191162109375,0.27550506591796875,0.3255157470703125,2.8409423828125,0.294891357421875,2.8669204711914063,0.2957916259765625,21.074012756347656,0.24208831787109375,3.1845932006835938,0.36397552490234375,1.3644485473632813,0.33910369873046875,0,245288.57293701172,246239.2015991211,0,34088599552,2147483648,8029814784,0
200,1787751552903,3500,3500,3500,3500,3500,3500,3500,3500,3500,3500,3500,3500,3500,3500,3500,3500,3500,3500,3500,3500,0.7383956909179688,0.5384445190429688,1.7311553955078125,0.23754119873046875,1.5588607788085938,2.779937744140625,0.23215484619140625,0.20429229736328125,0.17743682861328125,0.24193572998046875,0.211181640625,2.7617645263671875,0.28102874755859375,0.2537689208984375,16.716148376464844,0.175537109375,14.807464599609375,0.24318695068359375,7.9734039306640625,2.7891693115234375,0,245296.57934570313,246245.07165527344,0,34088599552,2147483648,8030011392,0
200,1787751553103,3500,3500,3500,3500,3500,3500,3500,3500,3500,3500,3500,3500,3500,3500,3500,3500,3500,3500,3500,3500,0.6891326904296875,3.3046646118164063,3.0685653686523438,0.3653106689453125,0.28427886962890625,0.3441925048828125,2.930267333984375,0.32486724853515625,0.34014892578125,0.3728485107421875,0.3831329345703125,0.281829833984375,0.39995574951171875,0.351531982421875,17.365264892578125,2.7895736694335938,10.428672790527344,0.3344573974609375,1.9925003051757813,0.3469390869140625,0,245303.80700683594,246250.16436767578,0,34088599552,2147483648,8030011392,0
200,1787751553304,3500,3500,3500,3500,3500,3500,3500,3500,3500,3500,3500,3500,3500,3500,3500,3500,3500,3500,3500,3500,3.1124649047851563,0.6329345703125,0.6339340209960938,2.8332290649414063,0.327117919921875,0.233306884765625,0.27923583984375,0.33295440673828125,0.3124542236328125,0.2688140869140625,0.29454803466796875,0.35205078125,0.32073211669921875,2.7983169555664063,16.132240295410156,0.22063446044921875,11.351669311523438,2.8304901123046875,6.678382873535156,0.2677154541015625,0,245312.38037109375,246256.5982055664,0,34088599552,2147483648,8030208000,0
200,1787751553504,3500,3500,3500,3500,3500,3500,3500,3500,3500,3500,3500,3500,3500,3500,3500,3500,3500,3500,3500,3500,0.9370193481445313,0.21540069580078125,0.27611541748046875,0.287506103515625,2.7311553955078125,3.1032028198242188,0.298095703125,2.83673095703125,2.922271728515625,2.8640670776367188,0.3791961669921875,0.3570556640625,0.33062744140625,0.28780364990234375,0.26427459716796875,15.64093017578125,12.381980895996094,0.2753143310546875,2.5601730346679688,0.301300048828125,0,245319.6805419922,246261.74517822266,0,34088599552,2147483648,8030404608,0
200,1787751553704,3500,3500,3500,3500,3500,3500,3500,3500,3500,3500,3500,3500,3500,3500,3500,3500,3500,3500,3500,3500,1.192047119140625,0.179443359375,0.27745819091796875,0.29824066162109375,0.3078765869140625,0.741943359375,0.224151611328125,0.2188568115234375,0.2794036865234375,0.2368927001953125,2.849639892578125,0.2183074951171875,2.8400497436523438,0.2761077880859375,0.21346282958984375,15.658859252929688,7.384796142578125,0.30318450927734375,0.793853759765625,0.3063812255859375,0,245328.45965576172,246268.39080810547,0,34088599552,2147483648,8030535680,0
200,1787751553905,3500,3500,3500,3500,3500,3500,3500,3500,3500,3500,3500,3500,3500,3500,3500,3500,3500,3500,3500,3500,1.1470260620117188,0.19287872314453125,0.28127288818359375,0.310791015625,0.3758697509765625,3.7853317260742188,0.36822509765625,0.33646392822265625,0.4168701171875,0.3948974609375,0.33636474609375,2.8754348754882813,0.2919158935546875,0.29276275634765625,0.289215087890625,21.30657196044922,18.32286834716797,0.26938629150390625,0.40013885498046875,0.33905792236328125,0,245336.18591308594,246273.98388671875,0,34088599552,2147483648,8033009664,0
200,1787751554105,3500,3500,3500,3500,3500,3500,3500,3500,3500,3500,3500,3500,3500,3500,3500,3500,3500,3500,3500,3500,1.75543212890625,2.7789230346679688,6.615547180175781,0.29595184326171875,0.4909515380859375,0.5082778930664063,3.0582504272460938,0.48715972900390625,0.5081253051757813,0.380767822265625,0.49285125732421875,0.42160797119140625,0.32520294189453125,0.2925567626953125,2.761505126953125,16.047805786132813,13.184608459472656,0.24912261962890625,10.49609375,2.8797760009765625,0,245344.97583007813,246280.62231445313,0,34088599552,2147483648,8033013760,0
199,1787751554305,3500,3500,3500,3500,3500,3500,3500,3500,3500,3500,3500,3500,3500,3500,3500,3500,3500,3500,3500,3500,3.5030059814453125,0.18357086181640625,0.2234954833984375,0.26227569580078125,0.37317657470703125,0.47319793701171875,0.4463958740234375,0.40606689453125,0.44440460205078125,0.298065185546875,0.28823089599609375,0.31858062744140625,0.2348785400390625,2.7476654052734375,0.19589996337890625,9.806686401367188,15.708587646484375,2.7171707153320313,35.38938903808594,0.21820831298828125,0,245353.13690185547,246286.6547241211,0,34088599552,2147483648,8033013760,0
199,1787751554505,3500,3500,3500,3500,3500,3500,3500,3500,3500,3500,3500,3500,3500,3500,3500,3500,3500,3500,3500,3500,0.784210205078125,0.30941009521484375,0.336029052734375,2.8960037231445313,2.858489990234375,0.36215972900390625,0.34172821044921875,2.873626708984375,2.9881210327148438,2.9192352294921875,0.41091156005859375,0.40801239013671875,0.3719940185546875,0.3524627685546875,0.29212188720703125,4.9745330810546875,83.27120208740234,0.18292999267578125,15.484428405761719,0.33208465576171875,0,245362.81323242188,246294.2276611328,0,34088599552,2147483648,8033013760,0
200,1787751554705,3500,3500,3500,3500,3500,3500,3500,3500,3500,3500,3500,3500,3500,3500,3500,3500,3500,3500,3500,3500,0.8050155639648438,0.31340789794921875,0.339202880859375,0.317108154296875,0.25177764892578125,0.35774993896484375,0.358795166015625,0.25357818603515625,0.26082611083984375,0.31450653076171875,2.831634521484375,0.22663116455078125,2.924407958984375,0.3991851806640625,0.22588348388671875,17.210792541503906,77.50688171386719,0.16645050048828125,14.221504211425781,0.2727203369140625,0,245372.29229736328,246301.58862304688,0,34088599552,2147483648,8032391168,0
200,1787751554906,3500,3500,3500,3500,3500,3500,3500,3500,3500,3500,3500,3500,3500,3500,3500,3500,3500,3500,3500,3500,0.7271957397460938,0.27593231201171875,0.3072509765625,0.29016876220703125,0.30710601806640625,3.0594863891601563,0.24506378173828125,0.23616790771484375,0.9340438842773438,0.26624298095703125,0.2442626953125,2.8093338012695313,0.3828277587890625,0.38632965087890625,0.22243499755859375,14.081878662109375,91.49742889404297,0.12827301025390625,0.737884521484375,0.2575531005859375,0,245380.27471923828,246307.44989013672,0,34088599552,2147483648,8032382976,0
199,1787751555106,3500,3500,3500,3500,3500,3500,3500,3500,3500,3500,3500,3500,3500,3500,3500,3500,3500,3500,3500,3500,0.6851959228515625,2.75665283203125,2.8657608032226563,0.3526611328125,0.27974700927734375,0.20679473876953125,2.7408218383789063,0.21892547607421875,0.22492218017578125,0.2292633056640625,0.2112884521484375,0.232757568359375,0.34951019287109375,0.34416961669921875,2.6936264038085938,15.013259887695313,92.65234375,0.09607696533203125,1.4335556030273438,2.7450637817382813,0,245390.47442626953,246315.53552246094,0,34088599552,2147483648,8032370688,0
200,1787751555306,3500,3500,3500,3500,3500,3500,3500,3500,3500,3500,3500,3500,3500,3500,3500,3500,3500,3500,3500,3500,3.2901611328125,0.3175048828125,0.4187469482421875,0.420440673828125,0.30040740966796875,1.3127288818359375,0.319854736328125,0.2979583740234375,0.45458984375,0.41304779052734375,0.32245635986328125,0.35610198974609375,0.37654876708984375,2.9046173095703125,0.3468017578125,12.927284240722656,75.956787109375,2.7058944702148438,21.638229370117188,0.28961181640625,0,245400.03704833984,246322.97802734375,0,34088599552,2147483648,8032370688,0
199,1787751555506,3500,3500,3500,3500,3500,3500,3500,3500,3500,3500,3500,3500,3500,3500,3500,3500,3500,3500,3500,3500,0.7806396484375,0.3224945068359375,0.4124755859375,2.9226226806640625,2.8493118286132813,0.25896453857421875,0.2752838134765625,2.6310195922851563,2.9970321655273438,2.8758087158203125,0.3407135009765625,0.3429107666015625,0.30707550048828125,0.32958221435546875,0.256866455078125,18.843727111816406,84.32383728027344,0.15795135498046875,2.0423202514648438,0.3253936767578125,0,245407.94287109375,246328.7689819336,0,34088599552,2147483648,8032387072,0
200,1787751555706,3500,3500,3500,3500,3500,3500,3500,3500,3500,3500,3500,3500,3500,3500,3500,3500,3500,3500,3500,3500,2.4324188232421875,0.2839202880859375,0.39359283447265625,0.396087646484375,0.26932525634765625,0.26422882080078125,0.33930206298828125,0.4034881591796875,0.32170867919921875,0.26123046875,2.8669967651367188,0.19559478759765625,2.8480987548828125,0.34580230712890625,0.22238922119140625,16.767250061035156,92.33274841308594,0.1190643310546875,0.6184234619140625,0.2558746337890625,0,245417.36291503906,246336.0654296875,0,34088599552,2147483648,8032518144,0
200,1787751555906,3500,3500,3500,3500,3500,3500,3500,3500,3500,3500,3500,3500,3500,3500,3500,3500,3500,3500,3500,3500,0.808319091796875,0.21673583984375,0.342498779296875,0.3036651611328125,0.28816986083984375,3.103118896484375,0.15735626220703125,0.29266357421875,0.15450286865234375,0.2259368896484375,0.2437286376953125,2.816497802734375,0.34729766845703125,0.3824920654296875,0.20184326171875,16.225326538085938,84.40579223632813,0.11761474609375,8.190467834472656,0.27297210693359375,0,245425.32525634766,246341.91162109375,0,34088599552,2147483648,8032714752,0
200,1787751556107,3500,3500,3500,3500,3500,3500,3500,3500,3500,3500,3500,3500,3500,3500,3500,3500,3500,3500,3500,3500,0.765594482421875,2.884765625,2.9567031860351563,0.38179779052734375,0.49454498291015625,0.449798583984375,3.061767578125,0.5105133056640625,0.29444122314453125,0.3141021728515625,0.29638671875,0.33141326904296875,0.410736083984375,0.41378021240234375,2.7729644775390625,7.754150390625,100,0.16986846923828125,1.0049591064453125,2.8680038452148438,0,245433.8275756836,246348.2855834961,0,34088599552,2147483648,8032722944,0
200,1787751556307,3500,3500,3500,3500,3500,3500,3500,3500,3500,3500,3500,3500,3500,3500,3500,3500,3500,3500,3500,3500,0.8360137939453125,0.24253082275390625,0.3988037109375,0.39301300048828125,0.2452239990234375,0.29451751708984375,0.27374267578125,0.26689910888671875,0.281982421875,0.31644439697265625,0.240234375,0.2676544189453125,0.27089691162109375,2.7982254028320313,0.30620574951171875,9.474372863769531,93.98097229003906,2.6611785888671875,8.244644165039063,0.33632659912109375,0,245443.68383789063,246356.01947021484,0,34088599552,2147483648,8032632832,0
200,1787751556508,3500,3500,3500,3500,3500,3500,3500,3500,3500,3500,3500,3500,3500,3500,3500,3500,3500,3500,3500,3500,3.1086196899414063,0.32596588134765625,2.1568145751953125,2.958953857421875,2.8430557250976563,0.24217987060546875,0.2614288330078125,0.2835693359375,2.8101348876953125,2.7868499755859375,0.27603912353515625,0.3403778076171875,0.32601165771484375,0.29648590087890625,0.24536895751953125,7.9332427978515625,83.39361572265625,0.15814208984375,10.700035095214844,0.27709197998046875,0,245452.17059326172,246362.3794555664,0,34088599552,2147483648,8032604160,0
199,1787751556708,3500,3500,3500,3500,3500,3500,3500,3500,3500,3500,3500,3500,3500,3500,3500,3500,3500,3500,3500,3500,0.8173751831054688,0.265380859375,0.308441162109375,0.33246612548828125,0.45848846435546875,0.42032623291015625,0.45513916015625,2.9657516479492188,0.25194549560546875,0.3080902099609375,2.7423782348632813,0.2339630126953125,2.8124542236328125,0.2677764892578125,0.2422027587890625,4.801788330078125,100,0.12007904052734375,0.31693267822265625,0.3017425537109375,0,245461.34826660156,246369.44219970703,0,34088599552,2147483648,8032641024,0
200,1787751556908,3500,3500,3500,3500,3500,3500,3500,3500,3500,3500,3500,3500,3500,3500,3500,3500,3500,3500,3500,3500,0.6819000244140625,0.2209014892578125,0.5274810791015625,0.3265228271484375,0.44915008544921875,2.6345596313476563,0.4936370849609375,0.44394683837890625,1.5113601684570313,0.1836090087890625,0.2469482421875,2.8346633911132813,0.3628692626953125,0.348175048828125,0.2321014404296875,14.091278076171875,91.26791381835938,0.124969482421875,0.5349273681640625,0.26949310302734375,0,245470.64233398438,246376.60443115234,0,34088599552,2147483648,8032768000,0
200,1787751557108,3500,3500,3500,3500,3500,3500,3500,3500,3500,3500,3500,3500,3500,3500,3500,3500,3500,3500,3500,3500,0.7139511108398438,2.8271942138671875,2.842864990234375,0.36730194091796875,0.46408843994140625,0.7970046997070313,2.9865646362304688,0.46807861328125,0.28185272216796875,0.25031280517578125,0.3183441162109375,0.23209381103515625,0.3944549560546875,0.3918609619140625,2.7218780517578125,13.00274658203125,80.07484436035156,0.140350341796875,19.054428100585938,2.802337646484375,0,245480.48181152344,246384.3099975586,0,34088599552,2147483648,8032776192,0
200,1787751557308,3500,3500,3500,3500,3500,3500,3500,3500,3500,3500,3500,3500,3500,3500,3500,3500,3500,3500,3500,3500,0.8533248901367188,0.289764404296875,0.43610382080078125,0.47051239013671875,0.43614959716796875,0.40468597412109375,0.5312881469726563,0.4177703857421875,0.3511505126953125,0.34889984130859375,0.255157470703125,0.3108978271484375,0.4349517822265625,2.9425277709960938,0.28063201904296875,8.701339721679688,94.90123748779297,2.7031021118164063,2.9324951171875,0.35623931884765625,0,245490.90991210938,246392.63311767578,0,34088599552,2147483648,8032768000,0
200,1787751557509,3500,3500,3500,3500,3500,3500,3500,3500,3500,3500,3500,3500,3500,3500,3500,3500,3500,3500,3500,3500,3.2680892944335938,0.2981414794921875,39.41426467895508,2.7508773803710938,2.801544189453125,0.2814178466796875,0.29019927978515625,0.357086181640625,0.32808685302734375,2.9772415161132813,0.36412811279296875,0.3423614501953125,0.27378082275390625,0.26958465576171875,0.292999267578125,3.3100204467773438,63.690006256103516,0.12343597412109375,0.35474395751953125,0.27153778076171875,0,245499.45111083984,246399.046875,0,34088599552,2147483648,8032759808,0
200,1787751557709,3500,3500,3500,3500,3500,3500,3500,3500,3500,3500,3500,3500,3500,3500,3500,3500,3500,3500,3500,3500,0.7309722900390625,0.26385498046875,0.26325225830078125,0.24139404296875,0.27538299560546875,0.2568206787109375,0.24973297119140625,2.7685928344726563,2.7981414794921875,0.2465362548828125,2.791900634765625,0.2472381591796875,2.785858154296875,0.24688720703125,0.2214813232421875,14.324211120605469,58.228153228759766,0.14508056640625,35.30131530761719,0.202667236328125,0,245508.77697753906,246406.24578857422,0,34088599552,2147483648,8032661504,0
199,1787751557910,3500,3500,3500,3500,3500,3500,3500,3500,3500,3500,3500,3500,3500,3500,3500,3500,3500,3500,3500,3500,0.7208251953125,0.273590087890625,0.31430816650390625,0.28631591796875,0.30767059326171875,0.44524383544921875,0.255828857421875,0.3319244384765625,0.42812347412109375,0.3731842041015625,0.3090667724609375,2.8653945922851563,0.279876708984375,0.31655120849609375,0.23805999755859375,10.796394348144531,51.912742614746094,0.1876678466796875,42.78294372558594,0.22748565673828125,0,245519.3080444336,246414.65258789063,0,34088599552,2147483648,8032661504,0
200,1787751558110,3500,3500,3500,3500,3500,3500,3500,3500,3500,3500,3500,3500,3500,3500,3500,3500,3500,3500,3500,3500,0.724578857421875,2.8195114135742188,6.249053955078125,0.327056884765625,0.32080841064453125,2.8617935180664063,2.39434814453125,0.22425079345703125,0.24239349365234375,0.24893951416015625,0.262481689453125,0.39862823486328125,0.3021697998046875,0.29437255859375,2.7624359130859375,12.106727600097656,58.454410552978516,0.192962646484375,34.40303039550781,2.7471923828125,0,245528.54095458984,246422.27545166016,0,34088599552,2147483648,8032788480,0
200,1787751558310,3500,3500,3500,3500,3500,3500,3500,3500,3500,3500,3500,3500,3500,3500,3500,3500,3500,3500,3500,3500,0.8445663452148438,0.2084197998046875,0.30800628662109375,0.26245880126953125,0.2294464111328125,0.2716522216796875,0.5853042602539063,0.2473297119140625,0.261260986328125,0.22789764404296875,0.23189544677734375,0.27020263671875,0.2325439453125,2.7942123413085938,0.20926666259765625,9.785781860351563,91.86998748779297,2.6308441162109375,4.857276916503906,0.23828887939453125,0,245538.15704345703,246429.4716796875,0,34088599552,2147483648,8032788480,0
200,1787751558510,3500,3500,3500,3500,3500,3500,3500,3500,3500,3500,3500,3500,3500,3500,3500,3500,3500,3500,3500,3500,3.3022537231445313,0.27391815185546875,12.8212890625,2.7887496948242188,2.8333282470703125,0.30167388916015625,0.3084564208984375,0.2605438232421875,0.40229034423828125,2.90460205078125,0.30796051025390625,0.31864166259765625,0.30211639404296875,0.3111572265625,0.2472686767578125,6.866340637207031,67.42025756835938,0.171844482421875,26.065879821777344,0.29413604736328125,0,245548.53131103516,246437.63696289063,0,34088599552,2147483648,8032788480,0
200,1787751558711,3500,3500,3500,3500,3500,3500,3500,3500,3500,3500,3500,3500,3500,3500,3500,3500,3500,3500,3500,3500,0.83233642578125,0.3556976318359375,0.34900665283203125,0.32401275634765625,0.33898162841796875,0.35040283203125,0.323211669921875,2.7807464599609375,2.9006423950195313,0.3797454833984375,2.9208984375,0.418212890625,2.8568344116210938,0.3294525146484375,0.28668975830078125,9.090904235839844,62.6425895690918,0.2068634033203125,33.65636444091797,0.29083251953125,0,245558.18041992188,246445.51092529297,0,34088599552,2147483648,8032702464,0
200,1787751558911,3500,3500,3500,3500,3500,3500,3500,3500,3500,3500,3500,3500,3500,3500,3500,3500,3500,3500,3500,3500,0.7457046508789063,0.233734130859375,0.3401336669921875,0.30132293701171875,0.27109527587890625,0.409210205078125,0.28591156005859375,0.1979217529296875,0.19921875,0.25788116455078125,0.28072357177734375,2.7735137939453125,0.2628631591796875,0.26934814453125,0.21523284912109375,3.7206878662109375,45.19245910644531,0.1572723388671875,55.61280059814453,0.17243194580078125,0,245567.1137084961,246451.83489990234,0,34088599552,2147483648,8032702464,0
200,1787751559111,3500,3500,3500,3500,3500,3500,3500,3500,3500,3500,3500,3500,3500,3500,3500,3500,3500,3500,3500,3500,0.6852798461914063,2.7659149169921875,3.0251083374023438,0.3467559814453125,0.24267578125,2.8484344482421875,0.28997802734375,0.1873016357421875,0.28633880615234375,0.278106689453125,0.2654266357421875,0.22846221923828125,0.279052734375,0.3031005859375,2.77923583984375,11.047592163085938,77.82962799072266,0.16045379638671875,25.596969604492188,2.757232666015625,0,245576.62579345703,246459.1846923828,0,34088599552,2147483648,8032968704,0
199,1787751559312,3500,3500,3500,3500,3500,3500,3500,3500,3500,3500,3500,3500,3500,3500,3500,3500,3500,3500,3500,3500,0.7058334350585938,0.23358154296875,0.3978271484375,0.28682708740234375,0.27154541015625,0.29776763916015625,2.83587646484375,0.34886932373046875,0.184173583984375,0.2861328125,0.27278900146484375,0.25270843505859375,0.256561279296875,2.8059539794921875,0.2202911376953125,18.011245727539063,66.95144653320313,2.6861648559570313,21.655105590820313,0.2729949951171875,0,245585.3466796875,246465.77111816406,0,34088599552,2147483648,8032968704,0
200,1787751559512,3500,3500,3500,3500,3500,3500,3500,3500,3500,3500,3500,3500,3500,3500,3500,3500,3500,3500,3500,3500,3.2614288330078125,0.2650299072265625,62.971229553222656,2.7491607666015625,2.8330841064453125,0.3068695068359375,0.3600616455078125,0.36020660400390625,0.35655975341796875,2.8646316528320313,0.22629547119140625,0.398345947265625,0.3905029296875,0.42084503173828125,0.2789764404296875,8.581138610839844,21.3184814453125,0.24478912353515625,13.74273681640625,0.26703643798828125,0,245594.29638671875,246472.60766601563,0,34088599552,2147483648,8032956416,0
200,1787751559712,3500,3500,3500,3500,3500,3500,3500,3500,3500,3500,3500,3500,3500,3500,3500,3500,3500,3500,3500,3500,2.433563232421875,0.21319580078125,15.542655944824219,0.21628570556640625,0.23485565185546875,0.6526565551757813,0.15689849853515625,2.697265625,2.7334976196289063,0.2239227294921875,2.7057952880859375,0.215087890625,2.8296585083007813,0.32403564453125,0.174072265625,4.342628479003906,39.9501838684082,0.11208343505859375,45.626827239990234,0.19248199462890625,0,245604.55541992188,246480.75286865234,0,34088599552,2147483648,8032890880,0
200,1787751559913,3500,3500,3500,3500,3500,3500,3500,3500,3500,3500,3500,3500,3500,3500,3500,3500,3500,3500,3500,3500,0.8023910522460938,0.3781280517578125,0.3524932861328125,0.384613037109375,0.39733123779296875,0.5913543701171875,0.31862640380859375,0.3460540771484375,0.3343353271484375,0.37119293212890625,0.3406219482421875,2.8091964721679688,0.4730987548828125,0.4627685546875,0.33498382568359375,13.443267822265625,84.52009582519531,0.2296905517578125,14.730133056640625,0.342864990234375,0,245615.32647705078,246489.3839111328,0,34088599552,2147483648,8032960512,0
200,1787751560113,3500,3500,3500,3500,3500,3500,3500,3500,3500,3500,3500,3500,3500,3500,3500,3500,3500,3500,3500,3500,0.901123046875,2.86871337890625,2.8302154541015625,0.349212646484375,0.23520660400390625,2.8003005981445313,0.3962554931640625,0.31435394287109375,0.26117706298828125,0.25982666015625,0.22107696533203125,0.2799530029296875,0.3715362548828125,0.35695648193359375,2.7424774169921875,8.228172302246094,80.12147521972656,0.1296844482421875,21.370460510253906,2.7442245483398438,0,245625.9110107422,246497.83221435547,0,34088599552,2147483648,8033419264,0
200,1787751560313,3500,3500,3500,3500,3500,3500,3500,3500,3500,3500,3500,3500,3500,3500,3500,3500,3500,3500,3500,3500,0.8430023193359375,0.27913665771484375,0.39475250244140625,0.43387603759765625,0.3950042724609375,0.45069122314453125,3.0045928955078125,0.4775848388671875,0.32883453369140625,0.24974822998046875,0.2705078125,0.2806854248046875,0.40323638916015625,0.4000396728515625,0.24311065673828125,15.752525329589844,45.58091354370117,2.7365341186523438,44.424095153808594,0.20304107666015625,0,245635.0576171875,246504.86865234375,0,34088599552,2147483648,8033419264,0
200,1787751560514,3500,3500,3500,3500,3500,3500,3500,3500,3500,3500,3500,3500,3500,3500,3500,3500,3500,3500,3500,3500,3.2935638427734375,0.31963348388671875,15.198150634765625,2.8317184448242188,2.8530807495117188,0.37646484375,0.43270111083984375,0.45914459228515625,0.231170654296875,2.7975387573242188,0.26529693603515625,0.31539154052734375,0.36773681640625,2.8290252685546875,0.24324798583984375,13.019172668457031,79.20846557617188,0.1561279296875,1.8333969116210938,0.27707672119140625,0,245645.57397460938,246513.26824951172,0,34088599552,2147483648,8033419264,0
200,1787751560714,3500,3500,3500,3500,3500,3500,3500,3500,3500,3500,3500,3500,3500,3500,3500,3500,3500,3500,3500,3500,32.465576171875,0.24108123779296875,23.660438537597656,0.25836944580078125,0.28125,8.827873229980469,0.466522216796875,2.9151077270507813,4.8495025634765625,0.24822998046875,2.7770538330078125,0.2466278076171875,19.99205780029297,0.27855682373046875,0.19686126708984375,37.766963958740234,60.19096755981445,0.16628265380859375,53.28265380859375,0.2017059326171875,0,245658.75787353516,246524.1919555664,0,34088599552,2147483648,8062431232,0
200,1787751560914,3500,3500,3500,3500,3500,3500,3500,3500,3500,3500,3500,3500,3500,3500,3500,3500,3500,3500,3500,3500,17.08039093017578,0.3805084228515625,64.16357421875,0.25865936279296875,0.2785186767578125,1.9338150024414063,3.2043685913085938,0.304962158203125,0.9989700317382813,0.37751007080078125,0.27068328857421875,2.82281494140625,14.862312316894531,0.37152862548828125,0.3193817138671875,42.38702392578125,100,0.15338134765625,75.68075561523438,0.267242431640625,0,245674.16143798828,246537.41967773438,0,34088599552,2147483648,8075530240,0
200,1787751561114,3500,3500,3500,3500,3500,3500,3500,3500,3500,3500,3500,3500,3500,3500,3500,3500,3500,3500,3500,3500,11.706596374511719,2.8348770141601563,69.77487182617188,0.282623291015625,0.46237945556640625,3.3792877197265625,0.4834136962890625,0.47661590576171875,0.35466766357421875,0.47037506103515625,0.45433807373046875,0.3384246826171875,3.7673263549804688,0.319793701171875,2.77667236328125,22.226348876953125,99.32414245605469,0.14823150634765625,77.1846694946289,2.7850112915039063,0,245688.49713134766,246549.58740234375,0,34088599552,2147483648,8088580096,0
200,1787751561315,3500,3500,3500,3500,3500,3500,3500,3500,3500,3500,3500,3500,3500,3500,3500,3500,3500,3500,3500,3500,10.051223754882813,0.3038482666015625,41.586265563964844,0.26157379150390625,0.33052825927734375,0.49267578125,2.7913436889648438,0.30120086669921875,0.264923095703125,0.32053375244140625,0.30664825439453125,0.29195404052734375,0.41857147216796875,0.2681732177734375,0.22664642333984375,18.442596435546875,49.47287368774414,0.2030181884765625,44.53445816040039,0.22130584716796875,0,245699.25592041016,246558.17315673828,0,34088599552,2147483648,8052637696,0
200,1787751561515,3500,3500,3500,3500,3500,3500,3500,3500,3500,3500,3500,3500,3500,3500,3500,3500,3500,3500,3500,3500,3.2038803100585938,0.3051910400390625,0.42653656005859375,2.9228515625,2.84857177734375,0.259613037109375,0.29375457763671875,0.2825775146484375,0.2706451416015625,0.32755279541015625,0.26689910888671875,0.2620086669921875,0.2931060791015625,2.836944580078125,0.25617218017578125,22.02857208251953,75.13568115234375,2.7007217407226563,9.297111511230469,0.2917633056640625,0,245708.28094482422,246565.06018066406,0,34088599552,2147483648,8052432896,0
200,1787751561715,3500,3500,3500,3500,3500,3500,3500,3500,3500,3500,3500,3500,3500,3500,3500,3500,3500,3500,3500,3500,1.152740478515625,0.290191650390625,0.7524566650390625,0.4027252197265625,0.4021759033203125,0.9427108764648438,0.40097808837890625,2.8811264038085938,2.796661376953125,2.74017333984375,2.771240234375,0.30008697509765625,2.8272781372070313,0.2805023193359375,0.233306884765625,7.268562316894531,98.08236694335938,0.13365936279296875,1.1266632080078125,0.28589630126953125,0,245716.69427490234,246571.34002685547,0,34088599552,2147483648,8051810304,0
200,1787751561915,3500,3500,3500,3500,3500,3500,3500,3500,3500,3500,3500,3500,3500,3500,3500,3500,3500,3500,3500,3500,0.6126785278320313,0.30017852783203125,0.39498138427734375,0.41558837890625,0.34992218017578125,1.6914825439453125,0.48419189453125,0.4434814453125,0.32033538818359375,0.2503814697265625,0.21874237060546875,0.33465576171875,0.31204986572265625,0.2908935546875,0.26859283447265625,3.5631866455078125,100,0.1208953857421875,0.35416412353515625,0.29303741455078125,0,245725.6821899414,246578.19720458984,0,34088599552,2147483648,8051613696,0
200,1787751562116,3500,3500,3500,3500,3500,3500,3500,3500,3500,3500,3500,3500,3500,3500,3500,3500,3500,3500,3500,3500,1.0784683227539063,0.2680816650390625,4.443016052246094,0.3108673095703125,0.3156585693359375,2.8264389038085938,0.31351470947265625,0.35285186767578125,0.31665802001953125,0.27312469482421875,0.2606964111328125,2.7489089965820313,0.25589752197265625,0.3076171875,2.766937255859375,18.907058715820313,77.24744415283203,0.1658935546875,17.254531860351563,2.80792236328125,0,245735.38647460938,246585.74725341797,0,34088599552,2147483648,8051609600,0
200,1787751562316,3500,3500,3500,3500,3500,3500,3500,3500,3500,3500,3500,3500,3500,3500,3500,3500,3500,3500,3500,3500,0.9117279052734375,2.8232955932617188,2.8693466186523438,0.3497772216796875,0.25737762451171875,0.27899932861328125,2.861358642578125,0.2876434326171875,0.28629302978515625,0.27326202392578125,0.31311798095703125,0.30572509765625,0.321258544921875,0.2920379638671875,0.3016815185546875,4.31695556640625,60.185760498046875,0.20218658447265625,41.65228271484375,0.24843597412109375,0,245743.9097290039,246592.15014648438,0,34088599552,2147483648,8051609600,0
200,1787751562516,3500,3500,3500,3500,3500,3500,3500,3500,3500,3500,3500,3500,3500,3500,3500,3500,3500,3500,3500,3500,3.2870025634765625,0.2670440673828125,30.849441528320313,2.783111572265625,2.847412109375,0.29779815673828125,0.335845947265625,0.31023406982421875,0.30753326416015625,0.2673492431640625,0.27098846435546875,0.2649993896484375,0.31282806396484375,2.8485565185546875,0.332550048828125,8.452568054199219,35.454307556152344,2.76678466796875,31.490272521972656,0.269195556640625,0,245752.7847290039,246598.90167236328,0,34088599552,2147483648,8051585024,0
200,1787751562717,3500,3500,3500,3500,3500,3500,3500,3500,3500,3500,3500,3500,3500,3500,3500,3500,3500,3500,3500,3500,0.81573486328125,0.22670745849609375,0.29354095458984375,0.238372802734375,0.26092529296875,0.2685546875,0.30631256103515625,2.723846435546875,2.738311767578125,2.7791671752929688,2.7475433349609375,0.26361846923828125,2.7806625366210938,0.24790191650390625,0.2413177490234375,4.5740966796875,69.24887084960938,0.12320709228515625,31.510848999023438,0.2103424072265625,0,245761.8998413086,246605.88262939453,0,34088599552,2147483648,8051421184,0
200,1787751562917,3500,3500,3500,3500,3500,3500,3500,3500,3500,3500,3500,3500,3500,3500,3500,3500,3500,3500,3500,3500,0.7143936157226563,0.29239654541015625,0.32068634033203125,0.2746429443359375,0.305267333984375,0.41719818115234375,0.25339508056640625,0.2453155517578125,0.243865966796875,0.238525390625,0.256683349609375,0.21558380126953125,0.2674102783203125,0.2777862548828125,0.2416229248046875,11.7913818359375,80.59184265136719,0.14365386962890625,20.525733947753906,0.250701904296875,0,245770.18487548828,246612.01391601563,0,34088599552,2147483648,8051683328,0
200,1787751563118,3500,3500,3500,3500,3500,3500,3500,3500,3500,3500,3500,3500,3500,3500,3500,3500,3500,3500,3500,3500,0.7195816040039063,0.25879669189453125,0.39154052734375,0.37787628173828125,0.34828948974609375,2.8037490844726563,0.2647857666015625,0.38610076904296875,0.260498046875,0.28488922119140625,0.2755584716796875,2.8660049438476563,0.299407958984375,0.27600860595703125,2.80609130859375,8.031318664550781,100,0.11109161376953125,1.1787643432617188,2.9032669067382813,0,245779.39447021484,246619.08917236328,0,34088599552,2147483648,8051806208,0
200,1787751563318,3500,3500,3500,3500,3500,3500,3500,3500,3500,3500,3500,3500,3500,3500,3500,3500,3500,3500,3500,3500,0.862579345703125,2.7900161743164063,2.9485549926757813,0.38796234130859375,0.39240264892578125,0.34391021728515625,2.8175506591796875,0.37110137939453125,0.35723114013671875,0.3821258544921875,0.40985870361328125,0.51177978515625,0.35114288330078125,0.32745361328125,0.32535552978515625,3.35931396484375,69.69004821777344,0.2226409912109375,33.62367248535156,0.26300048828125,0,245787.79608154297,246625.38439941406,0,34088599552,2147483648,8051789824,0
200,1787751563518,3500,3500,3500,3500,3500,3500,3500,3500,3500,3500,3500,3500,3500,3500,3500,3500,3500,3500,3500,3500,7.2774810791015625,0.30490875244140625,5.6251220703125,2.829620361328125,2.8031463623046875,0.2704925537109375,0.21804046630859375,0.20800018310546875,0.37409210205078125,0.43268585205078125,0.36229705810546875,0.43932342529296875,0.27728271484375,2.8145370483398438,0.19361114501953125,20.645538330078125,67.59925079345703,2.66937255859375,33.86328887939453,0.22678375244140625,0,245797.3599243164,246632.78436279297,0,34088599552,2147483648,8053366784,0
200,1787751563719,3500,3500,3500,3500,3500,3500,3500,3500,3500,3500,3500,3500,3500,3500,3500,3500,3500,3500,3500,3500,2.4469680786132813,0.313751220703125,0.30487060546875,0.3041229248046875,0.281585693359375,0.5567855834960938,0.30098724365234375,2.7640609741210938,2.86126708984375,2.820770263671875,2.8626632690429688,0.282928466796875,2.8772201538085938,0.3356475830078125,0.2141571044921875,5.215568542480469,81.98108673095703,0.15296173095703125,18.94939422607422,0.26941680908203125,0,245806.97033691406,246640.39526367188,0,34088599552,2147483648,8053366784,0
200,1787751563919,3500,3500,3500,3500,3500,3500,3500,3500,3500,3500,3500,3500,3500,3500,3500,3500,3500,3500,3500,3500,0.7410812377929688,0.31194305419921875,0.317535400390625,0.3444366455078125,0.3453826904296875,0.43297576904296875,0.29632568359375,0.2941741943359375,0.3610076904296875,0.4272918701171875,0.497711181640625,0.5113906860351563,0.33644866943359375,0.3306121826171875,0.255645751953125,6.700767517089844,97.48857116699219,0.159912109375,0.41176605224609375,0.39519500732421875,0,245815.30627441406,246646.58203125,0,34088599552,2147483648,8053366784,0
200,1787751564120,3500,3500,3500,3500,3500,3500,3500,3500,3500,3500,3500,3500,3500,3500,3500,3500,3500,3500,3500,3500,0.7394332885742188,0.3335418701171875,0.29970550537109375,0.294219970703125,0.34491729736328125,2.8581314086914063,0.31302642822265625,0.2809906005859375,0.33563232421875,0.35654449462890625,0.45938873291015625,3.006988525390625,0.279693603515625,0.301055908203125,2.7697601318359375,9.472877502441406,82.26864624023438,0.14481353759765625,16.291656494140625,2.7477569580078125,0,245824.46130371094,246653.52020263672,0,34088599552,2147483648,8053497856,0
200,1787751564320,3500,3500,3500,3500,3500,3500,3500,3500,3500,3500,3500,3500,3500,3500,3500,3500,3500,3500,3500,3500,0.7402572631835938,2.7790908813476563,34.10125732421875,0.23377227783203125,0.331024169921875,0.31008148193359375,2.8367996215820313,0.3710784912109375,0.33282470703125,0.34688568115234375,0.40927886962890625,0.45412445068359375,0.29317474365234375,0.28319549560546875,0.262847900390625,18.48059844970703,53.87493896484375,0.1690826416015625,19.1427001953125,0.2451934814453125,0,245832.7117919922,246659.5834350586,0,34088599552,2147483648,8054677504,0
200,1787751564520,3500,3500,3500,3500,3500,3500,3500,3500,3500,3500,3500,3500,3500,3500,3500,3500,3500,3500,3500,3500,3.2691879272460938,0.23439788818359375,0.33646392822265625,2.8599166870117188,2.7819671630859375,0.27449798583984375,0.26790618896484375,0.24283599853515625,0.33392333984375,0.3764190673828125,0.34230804443359375,0.49126434326171875,0.29137420654296875,2.8077850341796875,0.243438720703125,4.649810791015625,79.63327026367188,2.6818008422851563,22.46881866455078,0.26531219482421875,0,245842.93731689453,246667.69891357422,0,34088599552,2147483648,8054673408,0
199,1787751564721,3500,3500,3500,3500,3500,3500,3500,3500,3500,3500,3500,3500,3500,3500,3500,3500,3500,3500,3500,3500,0.7344284057617188,0.2836456298828125,0.3704833984375,0.35814666748046875,0.2779998779296875,0.2499847412109375,0.3391265869140625,2.8481674194335938,2.851165771484375,2.9011001586914063,2.823394775390625,0.408935546875,2.855255126953125,0.30301666259765625,0.27280426025390625,3.9863815307617188,84.2671890258789,0.1602020263671875,16.95367431640625,0.28524017333984375,0,245851.89727783203,246674.5340576172,0,34088599552,2147483648,8047579136,0
200,1787751564921,3500,3500,3500,3500,3500,3500,3500,3500,3500,3500,3500,3500,3500,3500,3500,3500,3500,3500,3500,3500,0.7727813720703125,0.26259613037109375,0.31983184814453125,0.3170318603515625,0.30243682861328125,0.40566253662109375,0.25269317626953125,0.31658172607421875,0.2913360595703125,0.2682952880859375,0.2871856689453125,0.2732391357421875,0.40476226806640625,0.40111541748046875,0.23690032958984375,11.386337280273438,93.27235412597656,0.14202117919921875,0.35257720947265625,0.30553436279296875,0,245859.8724975586,246680.376953125,0,34088599552,2147483648,8047579136,0
200,1787751565121,3500,3500,3500,3500,3500,3500,3500,3500,3500,3500,3500,3500,3500,3500,3500,3500,3500,3500,3500,3500,0.7831649780273438,0.278076171875,46.634849548339844,0.1925048828125,0.24198150634765625,2.8065948486328125,0.189361572265625,0.13320159912109375,0.26859283447265625,0.17742919921875,0.16809844970703125,2.7608184814453125,0.341583251953125,0.3367919921875,2.7072982788085938,27.827239990234375,48.986385345458984,0.177032470703125,3.7609024047851563,2.7218780517578125,0,245869.7388305664,246688.09716796875,0,34088599552,2147483648,8048959488,0
200,1787751565322,3500,3500,3500,3500,3500,3500,3500,3500,3500,3500,3500,3500,3500,3500,3500,3500,3500,3500,3500,3500,0.845977783203125,2.8866653442382813,3.0060348510742188,0.465667724609375,0.47574615478515625,0.367889404296875,2.8721084594726563,0.4288177490234375,0.394866943359375,0.41605377197265625,0.341064453125,0.35143280029296875,0.383148193359375,0.40338897705078125,0.34978485107421875,6.7565765380859375,92.5250473022461,0.2043914794921875,11.262496948242188,0.39740753173828125,0,245879.27685546875,246695.5086669922,0,34088599552,2147483648,8048959488,0
200,1787751565522,3500,3500,3500,3500,3500,3500,3500,3500,3500,3500,3500,3500,3500,3500,3500,3500,3500,3500,3500,3500,3.2401275634765625,0.23503875732421875,0.34642791748046875,2.87640380859375,2.9823989868164063,0.38256072998046875,0.4810638427734375,0.4406890869140625,0.319244384765625,0.25272369384765625,0.257720947265625,0.2445831298828125,0.2867584228515625,2.7857437133789063,0.2882080078125,8.135345458984375,90.48817443847656,2.6430130004882813,8.023300170898438,0.3468780517578125,0,245889.8539428711,246703.9633178711,0,34088599552,2147483648,8048955392,0
200,1787751565722,3500,3500,3500,3500,3500,3500,3500,3500,3500,3500,3500,3500,3500,3500,3500,3500,3500,3500,3500,3500,0.9342193603515625,0.22408294677734375,2.2990875244140625,0.34111785888671875,0.3967132568359375,0.5770797729492188,0.43848419189453125,2.950775146484375,2.8141250610351563,2.7644195556640625,2.7220993041992188,0.23645782470703125,2.801849365234375,0.263214111328125,0.2798309326171875,7.844245910644531,98.86924743652344,0.1091461181640625,4.84051513671875,0.24839019775390625,0,245898.47369384766,246710.43048095703,0,34088599552,2147483648,8050065408,0
202,1787751565922,3500,3500,3500,3500,3500,3500,3500,3500,3500,3500,3500,3500,3500,3500,3500,3500,3500,3500,3500,3500,0.8105392456054688,0.2578582763671875,0.3890380859375,0.37070465087890625,0.379547119140625,0.7494430541992188,0.487945556640625,0.48044586181640625,0.25720977783203125,0.32729339599609375,0.24701690673828125,0.2974700927734375,0.33298492431640625,0.31764984130859375,0.250213623046875,11.342208862304688,94.05023193359375,0.15425872802734375,0.437286376953125,0.30231475830078125,0,245908.32440185547,246718.15887451172,0,34088599552,2147483648,8050327552,0
200,1787751566124,3500,3500,3500,3500,3500,3500,3500,3500,3500,3500,3500,3500,3500,3500,3500,3500,3500,3500,3500,3500,0.5439529418945313,0.096160888671875,0.0858001708984375,0.1446075439453125,0.04889678955078125,2.6222686767578125,0.0917510986328125,0.10155487060546875,0.14887237548828125,0.069061279296875,0.1311798095703125,2.6065139770507813,0.169677734375,0.13866424560546875,2.5810470581054688,8.833480834960938,78.4294662475586,0,20.02790069580078,2.5815963745117188,0,245918.2691040039,246725.95446777344,0,34088599552,2147483648,8050438144,0
199,1787751566325,3500,3500,3500,3500,3500,3500,3500,3500,3500,3500,3500,3500,3500,3500,3500,3500,3500,3500,3500,3500,0.9769134521484375,3.0210113525390625,2.9689788818359375,0.5452728271484375,0.5118331909179688,0.43727874755859375,3.0438308715820313,0.46279144287109375,0.6650314331054688,0.5680999755859375,0.6486892700195313,0.5850448608398438,0.5588302612304688,0.5362014770507813,0.394866943359375,4.274620056152344,93.18445587158203,0.3206024169921875,10.693962097167969,0.45212554931640625,0,245927.48504638672,246733.04107666016,0,34088599552,2147483648,8050438144,0
200,1787751566525,3500,3500,3500,3500,3500,3500,3500,3500,3500,3500,3500,3500,3500,3500,3500,3500,3500,3500,3500,3500,8.00787353515625,0.308349609375,8.909385681152344,2.8726959228515625,2.7847747802734375,0.2410736083984375,0.22827911376953125,0.3081512451171875,0.48654937744140625,0.393524169921875,0.49314117431640625,0.42281341552734375,24.010276794433594,2.853302001953125,0.19793701171875,13.688331604003906,76.40609741210938,2.6896514892578125,26.769500732421875,0.24747467041015625,0,245936.62286376953,246740.0135498047,0,34088599552,2147483648,8054382592,0
200,1787751566725,3500,3500,3500,3500,3500,3500,3500,3500,3500,3500,3500,3500,3500,3500,3500,3500,3500,3500,3500,3500,0.79937744140625,0.28693389892578125,0.3177490234375,0.299224853515625,0.30626678466796875,0.4268341064453125,0.29792022705078125,2.86480712890625,2.9619064331054688,2.9411773681640625,2.9466171264648438,0.3985595703125,0.4005584716796875,0.383331298828125,0.30042266845703125,9.689727783203125,63.396915435791016,0.16732025146484375,31.993087768554688,0.20647430419921875,0,245946.82647705078,246748.09283447266,0,34088599552,2147483648,8055066624,0
200,1787751566925,3500,3500,3500,3500,3500,3500,3500,3500,3500,3500,3500,3500,3500,3500,3500,3500,3500,3500,3500,3500,0.8065414428710938,0.326202392578125,0.31147003173828125,0.28430938720703125,0.30712890625,0.629638671875,0.36020660400390625,0.390167236328125,0.5478973388671875,0.358612060546875,0.3435821533203125,0.39111328125,2.924041748046875,0.381378173828125,0.2701263427734375,11.408767700195313,70.05319213867188,0.19393157958984375,23.671005249023438,0.29459381103515625,0,245955.75811767578,246754.91918945313,0,34088599552,2147483648,8055062528,0
200,1787751567126,3500,3500,3500,3500,3500,3500,3500,3500,3500,3500,3500,3500,3500,3500,3500,3500,3500,3500,3500,3500,0.9332504272460938,0.276336669921875,0.3841705322265625,0.37818145751953125,0.376434326171875,2.8229446411132813,0.37783050537109375,0.2898101806640625,0.366302490234375,0.31340789794921875,0.305877685546875,2.8252944946289063,0.427978515625,0.42563629150390625,2.8528823852539063,5.89483642578125,73.91201782226563,0.18587493896484375,25.634254455566406,2.871551513671875,0,245965.88275146484,246762.9083251953,0,34088599552,2147483648,8055271424,0
200,1787751567326,3500,3500,3500,3500,3500,3500,3500,3500,3500,3500,3500,3500,3500,3500,3500,3500,3500,3500,3500,3500,1.1550521850585938,2.842132568359375,9.330787658691406,0.19219207763671875,0.16077423095703125,0.20093536376953125,2.7062301635742188,0.216217041015625,0.27899932861328125,0.20682525634765625,0.17555999755859375,0.1756134033203125,0.3189544677734375,0.304718017578125,0.20128631591796875,8.220535278320313,78.27122497558594,0.095001220703125,23.682968139648438,0.2182159423828125,0,245976.50146484375,246771.39038085938,0,34088599552,2147483648,8055324672,0
200,1787751567526,3500,3500,3500,3500,3500,3500,3500,3500,3500,3500,3500,3500,3500,3500,3500,3500,3500,3500,3500,3500,3.22088623046875,0.36135101318359375,0.3518218994140625,2.8579330444335938,2.7995223999023438,0.3373565673828125,0.30722808837890625,0.31441497802734375,0.29345703125,0.245574951171875,0.383697509765625,0.3703765869140625,0.37317657470703125,2.9410400390625,0.321197509765625,4.802764892578125,64.65492248535156,2.7308349609375,41.240325927734375,0.26163482666015625,0,245985.97637939453,246778.74462890625,0,34088599552,2147483648,8055296000,0
200,1787751567727,3500,3500,3500,3500,3500,3500,3500,3500,3500,3500,3500,3500,3500,3500,3500,3500,3500,3500,3500,3500,2.4766082763671875,0.29027557373046875,15.827995300292969,0.30750274658203125,0.18950653076171875,0.5801544189453125,0.3709716796875,2.8471832275390625,2.8808364868164063,2.750152587890625,2.8848342895507813,0.31998443603515625,0.30230712890625,0.28627777099609375,0.30206298828125,4.350044250488281,68.57595825195313,0.1508026123046875,17.255508422851563,0.2804412841796875,0,245995.01403808594,246785.66302490234,0,34088599552,2147483648,8055336960,0
199,1787751567927,3500,3500,3500,3500,3500,3500,3500,3500,3500,3500,3500,3500,3500,3500,3500,3500,3500,3500,3500,3500,0.9646759033203125,0.29473876953125,5.3081512451171875,0.27346038818359375,0.3260498046875,0.7162399291992188,0.2826995849609375,0.2814483642578125,0.32151031494140625,0.22026824951171875,0.249786376953125,0.26581573486328125,2.7986221313476563,0.27146148681640625,0.2353973388671875,15.343116760253906,86.26826477050781,0.13446044921875,5.183830261230469,0.2553253173828125,0,246004.6619873047,246793.36950683594,0,34088599552,2147483648,8055455744,0
199,1787751568127,3500,3500,3500,3500,3500,3500,3500,3500,3500,3500,3500,3500,3500,3500,3500,3500,3500,3500,3500,3500,0.7796096801757813,0.2516021728515625,3.21527099609375,0.33783721923828125,0.29654693603515625,2.9775619506835938,0.34233856201171875,0.29434967041015625,0.2798004150390625,0.25030517578125,0.308441162109375,2.8228912353515625,0.339691162109375,0.28675079345703125,2.8381881713867188,7.738258361816406,23.98479461669922,0.21871185302734375,71.1111831665039,2.705810546875,0,246012.53588867188,246799.20892333984,0,34088599552,2147483648,8055726080,0
200,1787751568327,3500,3500,3500,3500,3500,3500,3500,3500,3500,3500,3500,3500,3500,3500,3500,3500,3500,3500,3500,3500,0.8469772338867188,2.8159866333007813,2.8847579956054688,0.32122802734375,0.2740936279296875,0.27774810791015625,2.8069381713867188,0.36501312255859375,0.24090576171875,0.2743988037109375,0.277496337890625,0.3560638427734375,0.376007080078125,0.31627655029296875,0.277496337890625,14.97802734375,19.289047241210938,0.2635040283203125,72.25559997558594,0.18817901611328125,0,246022.23974609375,246806.5557861328,0,34088599552,2147483648,8055861248,0
200,1787751568527,3500,3500,3500,3500,3500,3500,3500,3500,3500,3500,3500,3500,3500,3500,3500,3500,3500,3500,3500,3500,3.1743240356445313,0.28108978271484375,0.3098602294921875,2.8272552490234375,2.7862014770507813,1.2260055541992188,0.2617645263671875,0.3204498291015625,0.301666259765625,0.30077362060546875,0.218658447265625,0.26920318603515625,0.2904815673828125,2.8053817749023438,0.23858642578125,9.171356201171875,78.55508422851563,2.6838150024414063,23.936386108398438,0.23229217529296875,0,246031.25732421875,246813.54412841797,0,34088599552,2147483648,8055816192,0
199,1787751568728,3500,3500,3500,3500,3500,3500,3500,3500,3500,3500,3500,3500,3500,3500,3500,3500,3500,3500,3500,3500,0.7051925659179688,0.26444244384765625,42.56876754760742,0.20059967041015625,0.24459075927734375,0.19805908203125,0.27825927734375,2.801177978515625,2.8437271118164063,2.72412109375,1.433929443359375,0.20224761962890625,0.312469482421875,0.28863525390625,0.24588775634765625,16.79705047607422,52.4898796081543,0.1947174072265625,11.934303283691406,0.29337310791015625,0,246040.03680419922,246820.3505859375,0,34088599552,2147483648,8056397824,0
200,1787751568928,3500,3500,3500,3500,3500,3500,3500,3500,3500,3500,3500,3500,3500,3500,3500,3500,3500,3500,3500,3500,0.72821044921875,0.28392791748046875,0.3467559814453125,0.32201385498046875,0.28572845458984375,0.726409912109375,0.30207061767578125,0.293426513671875,0.46417999267578125,0.4608306884765625,1.7563934326171875,0.4055938720703125,2.9285354614257813,0.3833465576171875,0.25748443603515625,4.189201354980469,99.63964080810547,0.14385986328125,1.0652236938476563,0.30551910400390625,0,246050.39129638672,246828.2568359375,0,34088599552,2147483648,8056643584,0
200,1787751569128,3500,3500,3500,3500,3500,3500,3500,3500,3500,3500,3500,3500,3500,3500,3500,3500,3500,3500,3500,3500,0.8252487182617188,0.3828125,0.6352920532226563,0.29587554931640625,0.34326171875,3.0082626342773438,0.3870086669921875,0.2930755615234375,0.41771697998046875,0.455718994140625,0.33766937255859375,3.01220703125,0.38271331787109375,0.38196563720703125,2.8011245727539063,5.914207458496094,62.63351058959961,0.173828125,36.45684814453125,2.7833023071289063,0,246060.47552490234,246836.2088623047,0,34088599552,2147483648,8057053184,0
200,1787751569328,3500,3500,3500,3500,3500,3500,3500,3500,3500,3500,3500,3500,3500,3500,3500,3500,3500,3500,3500,3500,0.7650909423828125,2.7466812133789063,25.831703186035156,0.229888916015625,0.37024688720703125,0.6859817504882813,2.9680404663085938,0.3699951171875,0.3585662841796875,0.39764404296875,0.3191375732421875,0.43792724609375,0.36515045166015625,0.37308502197265625,0.2810516357421875,9.502204895019531,74.8628158569336,0.11959075927734375,0.9151763916015625,0.255645751953125,0,246069.21850585938,246842.8355102539,0,34088599552,2147483648,8057110528,0
200,1787751569529,3500,3500,3500,3500,3500,3500,3500,3500,3500,3500,3500,3500,3500,3500,3500,3500,3500,3500,3500,3500,3.1844100952148438,0.31036376953125,62.296180725097656,2.7772140502929688,2.8729019165039063,0.37595367431640625,0.2982330322265625,0.3038787841796875,0.40081024169921875,0.51611328125,0.3981170654296875,0.5197067260742188,0.428009033203125,2.9205169677734375,0.32828521728515625,18.062416076660156,37.566654205322266,2.823883056640625,3.9421539306640625,0.3085174560546875,0,246079.8125,246851.298828125,0,34088599552,2147483648,8057561088,0
200,1787751569729,3500,3500,3500,3500,3500,3500,3500,3500,3500,3500,3500,3500,3500,3500,3500,3500,3500,3500,3500,3500,0.847686767578125,0.287078857421875,0.5637130737304688,0.382904052734375,0.26699066162109375,0.9097366333007813,0.46369171142578125,2.8482284545898438,3.0795440673828125,2.9210205078125,0.37465667724609375,0.39488983154296875,0.38719940185546875,0.3798065185546875,0.25150299072265625,3.616729736328125,92.34747314453125,0.1302490234375,8.97784423828125,0.23846435546875,0,246088.11303710938,246857.47973632813,0,34088599552,2147483648,8052371456,0
200,1787751569929,3500,3500,3500,3500,3500,3500,3500,3500,3500,3500,3500,3500,3500,3500,3500,3500,3500,3500,3500,3500,0.6444244384765625,0.2947235107421875,1.2910995483398438,0.28070068359375,0.40094757080078125,0.519195556640625,0.41506195068359375,0.37863922119140625,0.25885009765625,0.18071746826171875,2.8145980834960938,0.27675628662109375,2.942626953125,0.4151153564453125,0.20685577392578125,11.222976684570313,92.18989562988281,0.0972442626953125,0.36142730712890625,0.25176239013671875,0,246097.07751464844,246864.3223876953,0,34088599552,2147483648,8051982336,0
200,1787751570130,3500,3500,3500,3500,3500,3500,3500,3500,3500,3500,3500,3500,3500,3500,3500,3500,3500,3500,3500,3500,10.250770568847656,0.29108428955078125,9.61273193359375,0.258056640625,0.3579254150390625,3.3943557739257813,0.3787841796875,0.40113067626953125,0.2495269775390625,0.310638427734375,0.30230712890625,2.779022216796875,10.449363708496094,0.41674041748046875,0.95306396484375,11.066444396972656,62.41767120361328,0.14995574951171875,29.525772094726563,2.7563705444335938,0,246106.67346191406,246871.73754882813,0,34088599552,2147483648,8051380224,0
200,1787751570330,3500,3500,3500,3500,3500,3500,3500,3500,3500,3500,3500,3500,3500,3500,3500,3500,3500,3500,3500,3500,0.9165878295898438,2.8558578491210938,2.9319686889648438,0.37525177001953125,0.35540771484375,0.4085235595703125,2.852020263671875,0.344085693359375,0.31410980224609375,0.36707305908203125,0.3808441162109375,0.361785888671875,0.4700164794921875,0.466522216796875,2.1522293090820313,5.705482482910156,76.93190002441406,0.2249298095703125,24.332664489746094,0.3097686767578125,0,246114.9927368164,246877.9447631836,0,34088599552,2147483648,8051335168,0
200,1787751570531,3500,3500,3500,3500,3500,3500,3500,3500,3500,3500,3500,3500,3500,3500,3500,3500,3500,3500,3500,3500,3.167510986328125,0.30915069580078125,0.27828216552734375,2.8380661010742188,0.2566375732421875,1.58953857421875,0.269256591796875,0.28720855712890625,22.72332000732422,0.23255157470703125,0.2361907958984375,0.240478515625,0.39667510986328125,2.9194564819335938,0.26302337646484375,3.29608154296875,80.68197631835938,2.6712493896484375,24.84095001220703,0.22402191162109375,0,246123.46545410156,246884.28607177734,0,34088599552,2147483648,8051142656,0
200,1787751570731,3500,3500,3500,3500,3500,3500,3500,3500,3500,3500,3500,3500,3500,3500,3500,3500,3500,3500,3500,3500,0.813873291015625,0.2789459228515625,7.9283294677734375,0.26641845703125,2.7906494140625,0.30016326904296875,0.46294403076171875,2.81671142578125,2.780364990234375,2.8227996826171875,0.27664947509765625,0.20696258544921875,0.3414459228515625,0.349578857421875,0.2039642333984375,12.012771606445313,63.254844665527344,0.19997406005859375,22.857894897460938,0.23142242431640625,0,246133.04724121094,246891.74810791016,0,34088599552,2147483648,8050999296,0
199,1787751570931,3500,3500,3500,3500,3500,3500,3500,3500,3500,3500,3500,3500,3500,3500,3500,3500,3500,3500,3500,3500,0.9828033447265625,0.30977630615234375,24.57427215576172,0.24078369140625,0.23743438720703125,0.6151123046875,0.26674652099609375,0.3011932373046875,0.41921234130859375,0.194549560546875,2.7558975219726563,0.2931060791015625,2.772918701171875,0.2854156494140625,0.26569366455078125,12.504081726074219,65.53240966796875,0.161956787109375,76.33743286132813,0.21077728271484375,0,246145.00469970703,246901.50653076172,0,34088599552,2147483648,8072179712,0
200,1787751571131,3500,3500,3500,3500,3500,3500,3500,3500,3500,3500,3500,3500,3500,3500,3500,3500,3500,3500,3500,3500,0.8405609130859375,0.3384246826171875,0.30274200439453125,0.36560821533203125,0.2875518798828125,3.157196044921875,0.3439178466796875,0.2714080810546875,0.35086822509765625,0.3193359375,0.30638885498046875,2.8403091430664063,0.30718994140625,0.35016632080078125,0.32907867431640625,5.897407531738281,99.9777603149414,0.1640625,2.637969970703125,2.8698959350585938,0,246154.90502929688,246909.27447509766,0,34088599552,2147483648,8072359936,0
200,1787751571332,3500,3500,3500,3500,3500,3500,3500,3500,3500,3500,3500,3500,3500,3500,3500,3500,3500,3500,3500,3500,0.6334304809570313,2.8101654052734375,2.7890625,0.34076690673828125,0.257781982421875,0.42185211181640625,2.8150100708007813,0.35039520263671875,0.22464752197265625,0.25080108642578125,0.30423736572265625,0.3214569091796875,0.28472900390625,0.299102783203125,2.7219924926757813,9.835342407226563,84.4542007446289,0.12804412841796875,12.749496459960938,0.2585296630859375,0,246164.1527709961,246916.40814208984,0,34088599552,2147483648,8072359936,0
200,1787751571532,3500,3500,3500,3500,3500,3500,3500,3500,3500,3500,3500,3500,3500,3500,3500,3500,3500,3500,3500,3500,3.31683349609375,0.33203887939453125,0.6346054077148438,1.435577392578125,0.34136962890625,0.34386444091796875,0.29882049560546875,0.260406494140625,0.27417755126953125,0.27367401123046875,0.2570648193359375,0.29552459716796875,0.30670166015625,2.8722991943359375,0.21535491943359375,7.454093933105469,90.96880340576172,2.6741485595703125,13.412498474121094,0.24399566650390625,0,246174.0067138672,246924.11431884766,0,34088599552,2147483648,8072368128,0
199,1787751571733,3500,3500,3500,3500,3500,3500,3500,3500,3500,3500,3500,3500,3500,3500,3500,3500,3500,3500,3500,3500,2.4381332397460938,0.2673187255859375,24.983901977539063,1.6812286376953125,2.9839096069335938,0.444580078125,0.36126708984375,2.9459457397460938,2.8004531860351563,2.813140869140625,0.27635955810546875,0.3055267333984375,0.38519287109375,0.4038238525390625,0.2466888427734375,15.893974304199219,42.670738220214844,0.20677947998046875,25.951583862304688,0.26267242431640625,0,246183.8642578125,246931.8465576172,0,34088599552,2147483648,8072437760,0
200,1787751571933,3500,3500,3500,3500,3500,3500,3500,3500,3500,3500,3500,3500,3500,3500,3500,3500,3500,3500,3500,3500,0.6417694091796875,0.33075714111328125,0.287322998046875,0.310516357421875,0.28192138671875,0.34055328369140625,0.2721710205078125,0.3150634765625,0.2664794921875,0.292816162109375,2.8222122192382813,0.309417724609375,2.8325653076171875,0.30661773681640625,0.30231475830078125,13.344940185546875,43.32595443725586,0.2605743408203125,47.44186019897461,0.2340850830078125,0,246192.80529785156,246938.6615600586,0,34088599552,2147483648,8072437760,0
200,1787751572133,3500,3500,3500,3500,3500,3500,3500,3500,3500,3500,3500,3500,3500,3500,3500,3500,3500,3500,3500,3500,0.93701171875,0.3040008544921875,0.3183746337890625,0.2930145263671875,0.2879180908203125,2.9775009155273438,0.330413818359375,0.29570770263671875,0.2065277099609375,0.296356201171875,0.29640960693359375,2.79449462890625,0.31018829345703125,0.29041290283203125,0.2544097900390625,6.101959228515625,100,0.13457489013671875,0.6681137084960938,0.33895111083984375,0,246201.57330322266,246945.30242919922,0,34088599552,2147483648,8072568832,0
200,1787751572333,3500,3500,3500,3500,3500,3500,3500,3500,3500,3500,3500,3500,3500,3500,3500,3500,3500,3500,3500,3500,7.3670196533203125,2.8296127319335938,15.945259094238281,0.3095703125,0.2537078857421875,0.28540802001953125,2.877685546875,0.33078765869140625,0.29184722900390625,0.19219970703125,0.22365570068359375,0.315460205078125,17.07440948486328,0.30103302001953125,2.7838287353515625,34.39888000488281,81.87451934814453,0.14777374267578125,34.06355285644531,2.7050018310546875,0,246211.74395751953,246953.29663085938,0,34088599552,2147483648,8075649024,0
200,1787751572534,3500,3500,3500,3500,3500,3500,3500,3500,3500,3500,3500,3500,3500,3500,3500,3500,3500,3500,3500,3500,3.1464614868164063,0.29972076416015625,0.3345794677734375,0.3113861083984375,0.22784423828125,0.33777618408203125,0.35448455810546875,0.2632598876953125,0.3925933837890625,0.40276336669921875,0.3599700927734375,0.3492431640625,0.37119293212890625,2.9490432739257813,0.25188446044921875,17.4019775390625,88.41266632080078,2.6756591796875,26.670082092285156,0.34326171875,0,246222.4375,246961.86248779297,0,34088599552,2147483648,8075706368,0
200,1787751572734,3500,3500,3500,3500,3500,3500,3500,3500,3500,3500,3500,3500,3500,3500,3500,3500,3500,3500,3500,3500,0.9086074829101563,0.33081817626953125,0.28699493408203125,2.8089141845703125,2.7256622314453125,0.33556365966796875,0.27407073974609375,2.1366500854492188,2.8474960327148438,2.9515151977539063,0.343048095703125,0.46158599853515625,0.381378173828125,0.39086151123046875,0.236785888671875,4.840599060058594,95.59264373779297,0.118743896484375,4.670997619628906,0.32598114013671875,0,246231.1134033203,246968.4083251953,0,34088599552,2147483648,8075575296,0
200,1787751572934,3500,3500,3500,3500,3500,3500,3500,3500,3500,3500,3500,3500,3500,3500,3500,3500,3500,3500,3500,3500,0.8281097412109375,0.3633270263671875,0.3025054931640625,0.28606414794921875,0.22014617919921875,0.28256988525390625,0.31674957275390625,0.9167709350585938,0.35883331298828125,0.445037841796875,2.9749526977539063,0.46668243408203125,2.8441085815429688,0.3077545166015625,0.300262451171875,2.6252670288085938,45.93993377685547,0.15967559814453125,55.413177490234375,0.1768646240234375,0,246240.78607177734,246975.9698486328,0,34088599552,2147483648,8075575296,0
200,1787751573134,3500,3500,3500,3500,3500,3500,3500,3500,3500,3500,3500,3500,3500,3500,3500,3500,3500,3500,3500,3500,15.802505493164063,0.28879547119140625,33.83174133300781,0.22916412353515625,0.407470703125,2.9407119750976563,0.45737457275390625,0.41790008544921875,0.38321685791015625,0.446197509765625,0.51336669921875,3.0172195434570313,15.627838134765625,0.29558563232421875,0.2390899658203125,36.79426574707031,70.77388000488281,0.1929779052734375,65.59999084472656,0.2111968994140625,0,246253.1996459961,246986.1593017578,0,34088599552,2147483648,8082280448,0
199,1787751573335,3500,3500,3500,3500,3500,3500,3500,3500,3500,3500,3500,3500,3500,3500,3500,3500,3500,3500,3500,3500,0.6265869140625,2.7787857055664063,13.550926208496094,0.2977447509765625,0.26766204833984375,0.32199859619140625,2.765167236328125,0.247100830078125,0.354736328125,0.44699859619140625,0.47843170166015625,0.47214508056640625,0.25897979736328125,0.29170989990234375,2.7593231201171875,9.365631103515625,72.28024291992188,0.14710235595703125,33.88545227050781,2.7401123046875,0,246263.28125,246994.28314208984,0,34088599552,2147483648,8077127680,0
200,1787751573535,3500,3500,3500,3500,3500,3500,3500,3500,3500,3500,3500,3500,3500,3500,3500,3500,3500,3500,3500,3500,0.715362548828125,0.3366851806640625,0.34363555908203125,0.353179931640625,0.30999755859375,0.40191650390625,0.388519287109375,0.316497802734375,0.384368896484375,0.44644927978515625,0.501434326171875,0.5248794555664063,0.34598541259765625,2.8481521606445313,0.31629180908203125,5.519866943359375,97.55625915527344,2.7021026611328125,8.090118408203125,0.31169891357421875,0,246272.04760742188,247000.95306396484,0,34088599552,2147483648,8076959744,0
200,1787751573735,3500,3500,3500,3500,3500,3500,3500,3500,3500,3500,3500,3500,3500,3500,3500,3500,3500,3500,3500,3500,3.3736801147460938,0.2765960693359375,0.6784210205078125,2.8306198120117188,2.833709716796875,0.34105682373046875,0.26023101806640625,0.30084228515625,2.8948745727539063,2.8975753784179688,0.43430328369140625,0.437042236328125,0.499359130859375,0.314361572265625,0.28108978271484375,13.84600830078125,89.11896514892578,0.1558074951171875,5.766105651855469,0.279541015625,0,246281.73028564453,247008.7049560547,0,34088599552,2147483648,8076914688,0
200,1787751573936,3500,3500,3500,3500,3500,3500,3500,3500,3500,3500,3500,3500,3500,3500,3500,3500,3500,3500,3500,3500,1.4015426635742188,0.33823394775390625,8.089607238769531,0.3055572509765625,0.2159271240234375,0.8568191528320313,0.3552703857421875,2.8170700073242188,0.27738189697265625,0.29616546630859375,2.8030853271484375,0.3452301025390625,2.9365768432617188,0.346923828125,0.2498016357421875,7.170082092285156,75.95150756835938,0.176361083984375,21.175209045410156,0.2803802490234375,0,246291.7664794922,247016.46026611328,0,34088599552,2147483648,8076447744,0
200,1787751574136,3500,3500,3500,3500,3500,3500,3500,3500,3500,3500,3500,3500,3500,3500,3500,3500,3500,3500,3500,3500,0.9001007080078125,0.2395477294921875,0.3444366455078125,0.2982025146484375,0.33391571044921875,2.9413909912109375,0.23775482177734375,0.30518341064453125,0.28424072265625,0.2640380859375,0.27391815185546875,2.763885498046875,0.410675048828125,0.39127349853515625,0.2855377197265625,8.995887756347656,86.19095611572266,0.12873077392578125,12.991584777832031,0.293914794921875,0,246302.95819091797,247025.2520751953,0,34088599552,2147483648,8076558336,0
200,1787751574336,3500,3500,3500,3500,3500,3500,3500,3500,3500,3500,3500,3500,3500,3500,3500,3500,3500,3500,3500,3500,0.6004486083984375,2.8631820678710938,2.9682998657226563,0.43207550048828125,0.29882049560546875,0.8475570678710938,2.927734375,0.3819580078125,0.35942840576171875,0.26519775390625,0.23297119140625,0.29167938232421875,0.41143798828125,0.41028594970703125,2.7900848388671875,5.353797912597656,74.70780944824219,0.15268707275390625,26.52520751953125,2.7925872802734375,0,246312.45703125,247032.64892578125,0,34088599552,2147483648,8076509184,0
200,1787751574536,3500,3500,3500,3500,3500,3500,3500,3500,3500,3500,3500,3500,3500,3500,3500,3500,3500,3500,3500,3500,0.8380279541015625,0.24480438232421875,19.514015197753906,0.27835845947265625,0.265777587890625,0.41399383544921875,0.34297943115234375,0.28800201416015625,0.31676483154296875,0.246002197265625,0.2268218994140625,0.2389068603515625,0.42423248291015625,2.8953704833984375,0.2471466064453125,13.961433410644531,82.52824401855469,2.6753387451171875,7.025482177734375,0.211090087890625,0,246323.3143310547,247041.34259033203,0,34088599552,2147483648,8072654848,0
200,1787751574737,3500,3500,3500,3500,3500,3500,3500,3500,3500,3500,3500,3500,3500,3500,3500,3500,3500,3500,3500,3500,3.3484344482421875,0.2991485595703125,29.564453125,2.8412399291992188,2.7885055541992188,0.30258941650390625,0.3939361572265625,0.291015625,1.644256591796875,2.8526153564453125,0.28722381591796875,0.30632781982421875,0.40007781982421875,0.38336181640625,0.303436279296875,3.4943161010742188,71.80226135253906,0.18544769287109375,1.4022369384765625,0.29814910888671875,0,246333.88677978516,247049.7957763672,0,34088599552,2147483648,8050233344,0
200,1787751574937,3500,3500,3500,3500,3500,3500,3500,3500,3500,3500,3500,3500,3500,3500,3500,3500,3500,3500,3500,3500,0.718414306640625,0.228240966796875,0.43543243408203125,0.3345794677734375,0.312225341796875,0.365966796875,0.37125396728515625,2.879791259765625,1.3917694091796875,0.16426849365234375,2.7874221801757813,0.22894287109375,2.7760009765625,0.278045654296875,0.2653656005859375,3.6522979736328125,100,0.0799407958984375,0.8420639038085938,0.2480010986328125,0,246343.19464111328,247056.99969482422,0,34088599552,2147483648,8049922048,0
200,1787751575138,3500,3500,3500,3500,3500,3500,3500,3500,3500,3500,3500,3500,3500,3500,3500,3500,3500,3500,3500,3500,0.8659133911132813,0.32308197021484375,0.44962310791015625,0.5044097900390625,0.422576904296875,0.5603408813476563,0.3769683837890625,0.48490142822265625,0.32488250732421875,0.3299713134765625,0.39438629150390625,2.810546875,0.38585662841796875,0.35042572021484375,0.35985565185546875,13.422080993652344,86.209228515625,0.20751953125,6.5754241943359375,0.37392425537109375,0,246352.81884765625,247064.4926147461,0,34088599552,2147483648,8050049024,0
200,1787751575338,3500,3500,3500,3500,3500,3500,3500,3500,3500,3500,3500,3500,3500,3500,3500,3500,3500,3500,3500,3500,5.292732238769531,2.829986572265625,27.764808654785156,0.26654052734375,0.27837371826171875,2.802276611328125,2.74456787109375,0.36484527587890625,0.28961181640625,0.2338409423828125,0.2828216552734375,0.298095703125,0.8031234741210938,0.27507781982421875,2.761138916015625,34.59374237060547,76.391357421875,0.17693328857421875,20.20983123779297,2.7587890625,0,246362.43255615234,247071.9359741211,0,34088599552,2147483648,8056537088,0
200,1787751575538,3500,3500,3500,3500,3500,3500,3500,3500,3500,3500,3500,3500,3500,3500,3500,3500,3500,3500,3500,3500,0.6616134643554688,0.30475616455078125,0.415191650390625,0.45182037353515625,0.2799072265625,0.27202606201171875,0.33535003662109375,0.3044586181640625,0.2887420654296875,0.314239501953125,0.3387908935546875,0.3485260009765625,0.32696533203125,2.8248748779296875,0.264190673828125,5.151557922363281,98.59272766113281,2.6707229614257813,3.1090164184570313,0.339141845703125,0,246371.0067138672,247078.3896484375,0,34088599552,2147483648,8056373248,0
200,1787751575739,3500,3500,3500,3500,3500,3500,3500,3500,3500,3500,3500,3500,3500,3500,3500,3500,3500,3500,3500,3500,4.90814208984375,0.24845123291015625,52.92936706542969,2.7306976318359375,2.8331680297851563,0.23827362060546875,0.27365875244140625,0.23797607421875,0.26816558837890625,2.7743682861328125,0.27111053466796875,0.28897857666015625,0.26757049560546875,0.28234100341796875,0.2282867431640625,7.2802886962890625,46.31344223022461,0.20672607421875,1.9434661865234375,0.27715301513671875,0,246380.5747680664,247085.8296508789,0,34088599552,2147483648,8056352768,0
200,1787751575939,3500,3500,3500,3500,3500,3500,3500,3500,3500,3500,3500,3500,3500,3500,3500,3500,3500,3500,3500,3500,0.630126953125,0.16628265380859375,0.17307281494140625,0.1627349853515625,0.1744232177734375,0.15219879150390625,0.20892333984375,2.6192703247070313,2.6884307861328125,0.16408538818359375,2.6893844604492188,0.1310272216796875,2.6839370727539063,0.16832733154296875,0.112701416015625,4.052398681640625,99.98182678222656,0,1.0167160034179688,0.11614990234375,0,246388.90606689453,247092.0394897461,0,34088599552,2147483648,8056168448,0
200,1787751576139,3500,3500,3500,3500,3500,3500,3500,3500,3500,3500,3500,3500,3500,3500,3500,3500,3500,3500,3500,3500,29.7415771484375,0.42226409912109375,25.63726043701172,0.4681396484375,0.4819793701171875,0.7187042236328125,0.468292236328125,0.40442657470703125,0.32207489013671875,0.40917205810546875,0.47988128662109375,3.0026321411132813,2.5338897705078125,0.43241119384765625,0.35990142822265625,40.51484298706055,61.918853759765625,0.33856201171875,42.2705192565918,0.37229156494140625,0,246400.33630371094,247101.2840576172,0,34088599552,2147483648,8069697536,0
200,1787751576339,3500,3500,3500,3500,3500,3500,3500,3500,3500,3500,3500,3500,3500,3500,3500,3500,3500,3500,3500,3500,0.7678604125976563,2.7899093627929688,2.937286376953125,0.40657806396484375,0.26094818115234375,2.77532958984375,0.28072357177734375,0.331512451171875,0.36138153076171875,0.38665008544921875,0.5055160522460938,0.4259033203125,0.2914581298828125,0.31128692626953125,2.7838211059570313,5.898200988769531,100,0.1364898681640625,0.6995391845703125,2.851593017578125,0,246409.8477783203,247108.68493652344,0,34088599552,2147483648,8069693440,0
200,1787751576539,3500,3500,3500,3500,3500,3500,3500,3500,3500,3500,3500,3500,3500,3500,3500,3500,3500,3500,3500,3500,0.7029647827148438,0.267547607421875,0.38530731201171875,0.39260101318359375,0.2936248779296875,0.24161529541015625,2.849090576171875,0.2388153076171875,0.33943939208984375,0.379058837890625,0.45964813232421875,0.3964996337890625,0.2626495361328125,2.8215103149414063,0.2076416015625,8.656631469726563,92.38343048095703,2.6464385986328125,5.197303771972656,0.27619171142578125,0,246419.63671875,247116.36065673828,0,34088599552,2147483648,8069537792,0
200,1787751576740,3500,3500,3500,3500,3500,3500,3500,3500,3500,3500,3500,3500,3500,3500,3500,3500,3500,3500,3500,3500,7.82196044921875,0.22763824462890625,73.37555694580078,2.6900100708007813,2.7624282836914063,2.3772201538085938,0.218048095703125,0.2169036865234375,0.35549163818359375,2.9240875244140625,0.47605133056640625,0.338409423828125,23.97998809814453,0.23423004150390625,0.2467193603515625,8.787750244140625,14.492340087890625,0.2022705078125,8.278984069824219,0.26714324951171875,0,246430.50317382813,247125.06732177734,0,34088599552,2147483648,8070103040,0
200,1787751576940,3500,3500,3500,3500,3500,3500,3500,3500,3500,3500,3500,3500,3500,3500,3500,3500,3500,3500,3500,3500,0.6109466552734375,0.2913360595703125,0.2953338623046875,0.31536865234375,0.4342041015625,0.4362030029296875,0.3394012451171875,2.945404052734375,2.8610076904296875,0.42485809326171875,2.9762420654296875,0.4300994873046875,2.8228302001953125,0.2666473388671875,0.28638458251953125,8.805343627929688,67.41741943359375,0.1410675048828125,29.06580352783203,0.2720947265625,0,246439.89642333984,247132.3413696289,0,34088599552,2147483648,8070049792,0
200,1787751577140,3500,3500,3500,3500,3500,3500,3500,3500,3500,3500,3500,3500,3500,3500,3500,3500,3500,3500,3500,3500,0.815460205078125,0.32202911376953125,0.9805679321289063,0.3018035888671875,0.5032730102539063,0.6840133666992188,0.399688720703125,0.4657135009765625,0.36103057861328125,0.46356201171875,0.48024749755859375,3.046142578125,0.31324005126953125,0.32897186279296875,0.30739593505859375,5.146415710449219,99.533935546875,0.14288330078125,0.870147705078125,0.37157440185546875,0,246448.06896972656,247138.3953857422,0,34088599552,2147483648,8070176768,0
200,1787751577340,3500,3500,3500,3500,3500,3500,3500,3500,3500,3500,3500,3500,3500,3500,3500,3500,3500,3500,3500,3500,0.7946090698242188,2.76336669921875,2.9001007080078125,0.36114501953125,0.4435577392578125,3.0399932861328125,0.45340728759765625,0.4125213623046875,0.29962158203125,0.4504547119140625,0.37088775634765625,0.47864532470703125,0.2537384033203125,0.30312347412109375,2.785400390625,7.8159942626953125,100,0.102508544921875,1.3603134155273438,2.77850341796875,0,246456.1563720703,247144.36346435547,0,34088599552,2147483648,8070152192,0
200,1787751577541,3500,3500,3500,3500,3500,3500,3500,3500,3500,3500,3500,3500,3500,3500,3500,3500,3500,3500,3500,3500,8.274528503417969,0.2647552490234375,6.340019226074219,0.3289794921875,0.26894378662109375,0.29145050048828125,2.9019851684570313,0.33312225341796875,0.35778045654296875,0.42420196533203125,0.36346435546875,0.4722137451171875,0.5532073974609375,0.9622421264648438,0.2360076904296875,25.15845489501953,88.88257598876953,2.6776123046875,22.250877380371094,0.22377777099609375,0,246463.92474365234,247149.9716796875,0,34088599552,2147483648,8079130624,0
199,1787751577741,3500,3500,3500,3500,3500,3500,3500,3500,3500,3500,3500,3500,3500,3500,3500,3500,3500,3500,3500,3500,3.288177490234375,0.29500579833984375,0.306182861328125,2.8330459594726563,2.7753829956054688,0.28308868408203125,0.30887603759765625,0.3658447265625,0.3450927734375,2.9950180053710938,0.41437530517578125,0.49249267578125,0.32039642333984375,2.2409896850585938,0.3669891357421875,3.02239990234375,80.23336029052734,0.18640899658203125,22.988624572753906,0.28582763671875,0,246473.97436523438,247157.90087890625,0,34088599552,2147483648,8079130624,0
200,1787751577941,3500,3500,3500,3500,3500,3500,3500,3500,3500,3500,3500,3500,3500,3500,3500,3500,3500,3500,3500,3500,0.5889205932617188,0.2984619140625,17.778785705566406,0.26236724853515625,0.36548614501953125,0.8876266479492188,0.43561553955078125,2.9557418823242188,3.0940017700195313,0.31584930419921875,2.8309326171875,0.278167724609375,2.936248779296875,0.4335174560546875,0.2811126708984375,9.47723388671875,60.32405090332031,0.16884613037109375,17.13043212890625,0.261322021484375,0,246482.91424560547,247164.72265625,0,34088599552,2147483648,8079085568,0
200,1787751578141,3500,3500,3500,3500,3500,3500,3500,3500,3500,3500,3500,3500,3500,3500,3500,3500,3500,3500,3500,3500,0.8367538452148438,0.29006195068359375,0.29975128173828125,0.27591705322265625,0.45384979248046875,0.485931396484375,0.45360565185546875,0.45560455322265625,0.93963623046875,0.2960052490234375,0.19911956787109375,2.7769775390625,0.39598846435546875,0.40273284912109375,0.21860504150390625,5.0341033935546875,99.99639892578125,0.09978485107421875,0.7615509033203125,0.2708740234375,0,246491.5795288086,247171.27606201172,0,34088599552,2147483648,8079216640,0
200,1787751578342,3500,3500,3500,3500,3500,3500,3500,3500,3500,3500,3500,3500,3500,3500,3500,3500,3500,3500,3500,3500,1.9664382934570313,2.8447113037109375,40.26422882080078,0.24858856201171875,0.47608184814453125,3.0033111572265625,0.38463592529296875,0.5056686401367188,0.36518096923828125,0.28216552734375,0.2952880859375,0.29937744140625,0.41686248779296875,0.4195556640625,2.7500762939453125,24.085243225097656,38.980857849121094,0.199554443359375,23.230056762695313,2.7886428833007813,0,246502.50775146484,247180.0581665039,0,34088599552,2147483648,8079319040,0
200,1787751578542,3500,3500,3500,3500,3500,3500,3500,3500,3500,3500,3500,3500,3500,3500,3500,3500,3500,3500,3500,3500,0.720428466796875,0.25988006591796875,0.3075103759765625,0.2977752685546875,0.38370513916015625,0.51971435546875,2.9253387451171875,0.39748382568359375,0.26187896728515625,0.28849029541015625,0.26132965087890625,0.25183868408203125,0.39104461669921875,0.40811920166015625,0.2150421142578125,8.07012939453125,89.61666107177734,2.6340560913085938,10.57037353515625,0.2663726806640625,0,246513.15991210938,247188.57147216797,0,34088599552,2147483648,8079249408,0
200,1787751578742,3500,3500,3500,3500,3500,3500,3500,3500,3500,3500,3500,3500,3500,3500,3500,3500,3500,3500,3500,3500,3.4055252075195313,0.2922210693359375,78.79588317871094,2.6898269653320313,2.8160858154296875,0.31986236572265625,0.25411224365234375,0.26702880859375,0.26503753662109375,0.9041061401367188,0.25560760498046875,0.2966156005859375,0.399627685546875,2.9266815185546875,0.2660369873046875,2.4986724853515625,25.364593505859375,0.25820159912109375,0.774261474609375,0.335723876953125,0,246520.8583984375,247194.15643310547,0,34088599552,2147483648,8079183872,0
200,1787751578943,3500,3500,3500,3500,3500,3500,3500,3500,3500,3500,3500,3500,3500,3500,3500,3500,3500,3500,3500,3500,1.4355239868164063,0.32933807373046875,54.97233581542969,0.243560791015625,0.2548370361328125,0.29845428466796875,0.26860809326171875,2.792999267578125,2.8087234497070313,2.1835708618164063,2.7487945556640625,0.2036895751953125,3.5050735473632813,0.38343048095703125,0.2384185791015625,14.986419677734375,23.5552978515625,0.22115325927734375,23.922760009765625,0.22484588623046875,0,246531.2681274414,247202.7120361328,0,34088599552,2147483648,8079212544,0
199,1787751579143,3500,3500,3500,3500,3500,3500,3500,3500,3500,3500,3500,3500,3500,3500,3500,3500,3500,3500,3500,3500,0.9485626220703125,0.39073944091796875,42.59105682373047,0.303253173828125,0.3040008544921875,0.4886932373046875,0.29706573486328125,0.376220703125,0.7395782470703125,0.28973388671875,0.3621063232421875,2.779388427734375,0.415924072265625,0.42958831787109375,0.2841949462890625,8.109291076660156,54.080955505371094,0.2106781005859375,1.6546707153320313,0.30968475341796875,0,246540.85150146484,247209.88287353516,0,34088599552,2147483648,8079323136,0
200,1787751579343,3500,3500,3500,3500,3500,3500,3500,3500,3500,3500,3500,3500,3500,3500,3500,3500,3500,3500,3500,3500,0.714141845703125,2.8533554077148438,0.428253173828125,0.4007568359375,0.29443359375,2.85540771484375,0.2639923095703125,0.25139617919921875,0.32187652587890625,0.22370147705078125,0.31223297119140625,0.25189208984375,0.3922576904296875,0.403106689453125,2.7678756713867188,12.177650451660156,70.92066955566406,0.14306640625,23.69879150390625,2.750579833984375,0,246549.36114501953,247216.8670654297,0,34088599552,2147483648,8079220736,0
200,1787751579543,3500,3500,3500,3500,3500,3500,3500,3500,3500,3500,3500,3500,3500,3500,3500,3500,3500,3500,3500,3500,0.8828506469726563,0.34386444091796875,2.8982315063476563,0.3614044189453125,0.3206329345703125,0.21805572509765625,2.8381729125976563,0.28580474853515625,0.2314453125,0.2611236572265625,0.30269622802734375,0.36310577392578125,0.38918304443359375,0.41027069091796875,0.27236175537109375,9.046905517578125,94.54220581054688,0.1503448486328125,2.9054794311523438,0.293304443359375,0,246557.70635986328,247222.65466308594,0,34088599552,2147483648,8079093760,0
200,1787751579744,3500,3500,3500,3500,3500,3500,3500,3500,3500,3500,3500,3500,3500,3500,3500,3500,3500,3500,3500,3500,6.603569030761719,0.21739959716796875,15.903068542480469,2.8290557861328125,2.720733642578125,0.501312255859375,0.2483367919921875,0.2462921142578125,0.5381851196289063,0.2688446044921875,0.2503814697265625,0.2305755615234375,3.2576217651367188,2.8732147216796875,0.1806793212890625,21.066909790039063,57.66744613647461,2.6655960083007813,30.035293579101563,0.21475982666015625,0,246569.88836669922,247232.54119873047,0,34088599552,2147483648,8079077376,0
200,1787751579944,3500,3500,3500,3500,3500,3500,3500,3500,3500,3500,3500,3500,3500,3500,3500,3500,3500,3500,3500,3500,0.6366500854492188,0.3082275390625,0.35620880126953125,0.31870269775390625,0.31615447998046875,0.63226318359375,0.3097686767578125,2.7742156982421875,3.1311264038085938,2.8237533569335938,2.7744674682617188,0.28223419189453125,2.930450439453125,0.415924072265625,0.25998687744140625,5.230079650878906,77.02076721191406,0.21215057373046875,23.80059814453125,0.23424530029296875,0,246578.71392822266,247239.2333984375,0,34088599552,2147483648,8056913920,0
200,1787751580145,3500,3500,3500,3500,3500,3500,3500,3500,3500,3500,3500,3500,3500,3500,3500,3500,3500,3500,3500,3500,0.8367767333984375,0.25551605224609375,8.281959533691406,0.3008575439453125,0.1982421875,0.5673980712890625,0.2863922119140625,0.30005645751953125,0.26683807373046875,0.25107574462890625,0.2911834716796875,0.284942626953125,0.38706207275390625,0.39429473876953125,0.232666015625,6.5238494873046875,55.44208908081055,0.22702789306640625,36.781490325927734,0.24005126953125,0,246588.70794677734,247247.1068725586,0,34088599552,2147483648,8056647680,0
200,1787751580345,3500,3500,3500,3500,3500,3500,3500,3500,3500,3500,3500,3500,3500,3500,3500,3500,3500,3500,3500,3500,0.8020782470703125,0.2689056396484375,3.31500244140625,0.2332000732421875,0.41949462890625,3.1003875732421875,0.41210174560546875,0.3999176025390625,0.5786209106445313,0.33808135986328125,0.3952178955078125,2.9239273071289063,0.386077880859375,0.3752899169921875,2.7588043212890625,8.59967041015625,87.63805389404297,0.11437225341796875,8.943801879882813,2.9098434448242188,0,246597.7266845703,247254.00024414063,0,34088599552,2147483648,8056647680,0
200,1787751580545,3500,3500,3500,3500,3500,3500,3500,3500,3500,3500,3500,3500,3500,3500,3500,3500,3500,3500,3500,3500,0.91552734375,2.8387680053710938,4.327568054199219,0.34645843505859375,0.449676513671875,0.370574951171875,2.9748458862304688,0.4643096923828125,0.3694305419921875,0.34955596923828125,0.35434722900390625,0.36792755126953125,0.3573455810546875,0.344207763671875,0.3513031005859375,21.323776245117188,52.14470672607422,0.2546234130859375,36.760284423828125,0.28533172607421875,0,246607.16528320313,247261.31524658203,0,34088599552,2147483648,8056557568,0
200,1787751580745,3500,3500,3500,3500,3500,3500,3500,3500,3500,3500,3500,3500,3500,3500,3500,3500,3500,3500,3500,3500,3.180023193359375,0.3290252685546875,15.916107177734375,2.8431625366210938,3.0233840942382813,0.39655303955078125,0.41228485107421875,0.44140625,0.28127288818359375,0.28751373291015625,0.3353118896484375,0.31148529052734375,0.33246612548828125,2.8286285400390625,0.28546142578125,5.423088073730469,58.49119567871094,2.69830322265625,27.148345947265625,0.252593994140625,0,246617.1519165039,247269.19171142578,0,34088599552,2147483648,8056557568,0
200,1787751580946,3500,3500,3500,3500,3500,3500,3500,3500,3500,3500,3500,3500,3500,3500,3500,3500,3500,3500,3500,3500,0.7217559814453125,0.331268310546875,0.30063629150390625,0.28791046142578125,0.46002960205078125,0.47200775146484375,0.37207794189453125,2.9012298583984375,2.7907791137695313,2.7808456420898438,2.7667312622070313,0.29340362548828125,2.82110595703125,0.26306915283203125,0.2596282958984375,14.047073364257813,55.85087966918945,0.17516326904296875,34.97077941894531,0.22609710693359375,0,246627.43914794922,247277.35302734375,0,34088599552,2147483648,8056373248,0
200,1787751581146,3500,3500,3500,3500,3500,3500,3500,3500,3500,3500,3500,3500,3500,3500,3500,3500,3500,3500,3500,3500,0.8243865966796875,0.3234710693359375,0.33435821533203125,0.30609893798828125,0.37250518798828125,0.6518936157226563,0.42502593994140625,0.344696044921875,0.3997650146484375,0.23116302490234375,0.22027587890625,0.234954833984375,0.25722503662109375,0.2602691650390625,0.2145843505859375,13.20758056640625,37.0592041015625,0.14763641357421875,63.06611251831055,0.149383544921875,0,246636.7300415039,247284.5029296875,0,34088599552,2147483648,8056119296,0
200,1787751581347,3500,3500,3500,3500,3500,3500,3500,3500,3500,3500,3500,3500,3500,3500,3500,3500,3500,3500,3500,3500,0.5867385864257813,0.2743988037109375,0.36126708984375,0.345489501953125,0.38677978515625,3.2153778076171875,0.4638214111328125,0.46591949462890625,0.2894744873046875,0.27928924560546875,0.24459075927734375,2.738128662109375,0.2714996337890625,0.28643035888671875,2.717010498046875,13.286399841308594,92.93961334228516,0.12107086181640625,0.5706634521484375,2.7890548706054688,0,246645.66192626953,247291.31805419922,0,34088599552,2147483648,8056045568,0
199,1787751581547,3500,3500,3500,3500,3500,3500,3500,3500,3500,3500,3500,3500,3500,3500,3500,3500,3500,3500,3500,3500,0.6610336303710938,2.86114501953125,2.941680908203125,0.39920806884765625,0.44756317138671875,0.49817657470703125,2.967010498046875,0.4909820556640625,0.27466583251953125,0.331512451171875,0.4398193359375,0.39141082763671875,0.300140380859375,0.31697845458984375,0.27616119384765625,4.292724609375,91.53265380859375,0.1535186767578125,10.443748474121094,0.300445556640625,0,246654.80114746094,247298.34771728516,0,34088599552,2147483648,8056016896,0
200,1787751581747,3500,3500,3500,3500,3500,3500,3500,3500,3500,3500,3500,3500,3500,3500,3500,3500,3500,3500,3500,3500,3.3728256225585938,0.3111572265625,0.40981292724609375,2.987091064453125,3.0431365966796875,0.6244125366210938,0.471405029296875,0.5182113647460938,0.433990478515625,0.5226593017578125,0.5402450561523438,0.4819488525390625,0.43898773193359375,2.9935379028320313,0.30051422119140625,3.5507583618164063,74.51631927490234,2.7196884155273438,28.379409790039063,0.2635040283203125,0,246663.57196044922,247305.0199584961,0,34088599552,2147483648,8055939072,0
200,1787751581947,3500,3500,3500,3500,3500,3500,3500,3500,3500,3500,3500,3500,3500,3500,3500,3500,3500,3500,3500,3500,0.5883255004882813,0.2963104248046875,0.328338623046875,0.31177520751953125,0.3257904052734375,0.34494781494140625,0.3098297119140625,2.9189453125,2.7939910888671875,2.8009719848632813,2.8608856201171875,0.30384063720703125,2.9739227294921875,0.45409393310546875,0.228515625,16.977684020996094,63.28551483154297,0.1497039794921875,32.210784912109375,0.17000579833984375,0,246673.1444091797,247312.4506225586,0,34088599552,2147483648,8055889920,0
200,1787751582148,3500,3500,3500,3500,3500,3500,3500,3500,3500,3500,3500,3500,3500,3500,3500,3500,3500,3500,3500,3500,0.8488082885742188,0.31320953369140625,0.3333587646484375,0.283935546875,0.29296112060546875,0.41809844970703125,0.3191986083984375,0.3368988037109375,0.2537078857421875,0.36353302001953125,0.35625457763671875,0.27341461181640625,0.39081573486328125,0.39839935302734375,0.2523651123046875,5.932655334472656,94.72125244140625,0.13141632080078125,5.525581359863281,0.26233673095703125,0,246682.1557006836,247319.33013916016,0,34088599552,2147483648,8055627776,0
200,1787751582348,3500,3500,3500,3500,3500,3500,3500,3500,3500,3500,3500,3500,3500,3500,3500,3500,3500,3500,3500,3500,0.62841796875,0.27834320068359375,25.341453552246094,0.264068603515625,0.26586151123046875,2.7984085083007813,0.3120880126953125,0.2611236572265625,0.31793212890625,0.30574798583984375,0.29436492919921875,2.7741012573242188,0.3808746337890625,0.39255523681640625,2.7359619140625,12.530204772949219,68.54771423339844,0.17421722412109375,0.43503570556640625,2.83544921875,0,246692.2035522461,247327.25848388672,0,34088599552,2147483648,8055627776,0
199,1787751582549,3500,3500,3500,3500,3500,3500,3500,3500,3500,3500,3500,3500,3500,3500,3500,3500,3500,3500,3500,3500,0.7395477294921875,2.80133056640625,8.914619445800781,0.28710174560546875,0.27028656005859375,0.23465728759765625,2.79559326171875,0.24273681640625,0.308013916015625,0.28191375732421875,0.39589691162109375,0.3116607666015625,0.30078125,0.3009796142578125,0.26808929443359375,7.446258544921875,87.864501953125,0.12890625,9.130455017089844,0.23744964599609375,0,246702.19494628906,247335.12091064453,0,34088599552,2147483648,8055414784,0
200,1787751582749,3500,3500,3500,3500,3500,3500,3500,3500,3500,3500,3500,3500,3500,3500,3500,3500,3500,3500,3500,3500,3.3730392456054688,0.32523345947265625,17.18524932861328,2.8233718872070313,2.8099746704101563,0.35552215576171875,0.33048248291015625,0.3823089599609375,0.4113922119140625,0.47055816650390625,0.5459213256835938,0.43157958984375,0.3192901611328125,2.8970794677734375,0.29254913330078125,18.346908569335938,55.38114929199219,2.7730484008789063,15.935874938964844,0.3296356201171875,0,246709.51489257813,247340.3363647461,0,34088599552,2147483648,8055263232,0
200,1787751582949,3500,3500,3500,3500,3500,3500,3500,3500,3500,3500,3500,3500,3500,3500,3500,3500,3500,3500,3500,3500,0.6236953735351563,0.2669677734375,0.27976226806640625,0.296356201171875,0.24652862548828125,0.2558746337890625,0.2640228271484375,2.78485107421875,2.8134384155273438,2.8080902099609375,2.8206329345703125,0.32219696044921875,2.8143386840820313,0.27376556396484375,0.2535247802734375,4.078826904296875,90.60725402832031,0.13213348388671875,9.944282531738281,0.2967529296875,0,246718.49005126953,247347.19317626953,0,34088599552,2147483648,8055046144,0
199,1787751583149,3500,3500,3500,3500,3500,3500,3500,3500,3500,3500,3500,3500,3500,3500,3500,3500,3500,3500,3500,3500,0.8574905395507813,0.223724365234375,0.29404449462890625,0.27379608154296875,0.2904052734375,0.8531036376953125,0.550933837890625,0.36042022705078125,0.45218658447265625,0.29499053955078125,0.35109710693359375,0.3205718994140625,0.27140045166015625,0.31658172607421875,0.21804046630859375,5.581764221191406,80.13629150390625,0.135650634765625,20.42890167236328,0.238037109375,0,246728.49200439453,247355.0662841797,0,34088599552,2147483648,8055050240,0
199,1787751583349,3500,3500,3500,3500,3500,3500,3500,3500,3500,3500,3500,3500,3500,3500,3500,3500,3500,3500,3500,3500,1.0011444091796875,0.333984375,32.30546569824219,0.25415802001953125,0.2948455810546875,2.8224563598632813,0.3185882568359375,0.27440643310546875,0.4902801513671875,0.36602020263671875,0.37726593017578125,2.9980926513671875,0.30799102783203125,0.28914642333984375,2.7573776245117188,15.072036743164063,57.89924240112305,0.17608642578125,20.81731414794922,2.8770370483398438,0,246737.66174316406,247362.09814453125,0,34088599552,2147483648,8055054336,0
200,1787751583549,3500,3500,3500,3500,3500,3500,3500,3500,3500,3500,3500,3500,3500,3500,3500,3500,3500,3500,3500,3500,15.046607971191406,2.835174560546875,47.93071746826172,0.2568359375,0.24564361572265625,0.2810821533203125,2.818634033203125,0.30461883544921875,0.4052734375,0.37068939208984375,0.34839630126953125,0.48574066162109375,0.28572845458984375,0.30551910400390625,0.27448272705078125,0.323760986328125,5.0814056396484375,0.28173065185546875,43.52391815185547,0.1900177001953125,0,246747.68829345703,247370.00323486328,0,34088599552,2147483648,8054501376,0
200,1787751583750,3500,3500,3500,3500,3500,3500,3500,3500,3500,3500,3500,3500,3500,3500,3500,3500,3500,3500,3500,3500,12.547378540039063,0.28168487548828125,47.77333450317383,2.7420883178710938,2.7516860961914063,0.2650909423828125,0.21422576904296875,0.3158111572265625,0.35039520263671875,0.4284515380859375,0.3544921875,0.490509033203125,8.182090759277344,2.8527755737304688,0.27133941650390625,0.308868408203125,6.373504638671875,2.8496780395507813,38.34672164916992,0.17889404296875,0,246755.8721923828,247376.07330322266,0,34088599552,2147483648,8054853632,0
200,1787751583950,3500,3500,3500,3500,3500,3500,3500,3500,3500,3500,3500,3500,3500,3500,3500,3500,3500,3500,3500,3500,0.6383285522460938,0.29686737060546875,38.166866302490234,0.2578277587890625,0.32857513427734375,0.225921630859375,0.6752777099609375,2.79571533203125,2.8819351196289063,2.8943710327148438,2.8610687255859375,0.3273773193359375,0.28713226318359375,0.295623779296875,0.29876708984375,0.29766845703125,26.515846252441406,0.19002532958984375,39.84544372558594,0.17369842529296875,0,246764.2127685547,247382.28741455078,0,34088599552,2147483648,8054599680,0
200,1787751584150,3500,3500,3500,3500,3500,3500,3500,3500,3500,3500,3500,3500,3500,3500,3500,3500,3500,3500,3500,3500,9.15576171875,0.29108428955078125,66.16273498535156,0.16989898681640625,0.4046783447265625,0.33351898193359375,0.48915863037109375,0.40402984619140625,0.281951904296875,0.20709991455078125,0.26230621337890625,0.299407958984375,2.8172607421875,0.2611083984375,0.28963470458984375,0.30020904541015625,14.726951599121094,0.23258209228515625,20.44300079345703,0.2447509765625,0,246773.45068359375,247389.40270996094,0,34088599552,2147483648,8054554624,0
200,1787751584351,3500,3500,3500,3500,3500,3500,3500,3500,3500,3500,3500,3500,3500,3500,3500,3500,3500,3500,3500,3500,13.217025756835938,0.26541900634765625,23.628379821777344,0.31854248046875,0.34160614013671875,2.8636856079101563,0.4068145751953125,0.336669921875,0.27111053466796875,0.34635162353515625,0.34705352783203125,2.7982864379882813,0.34006500244140625,0.31884002685546875,2.9674911499023438,0.4655303955078125,42.59151077270508,0.24704742431640625,24.89386749267578,2.7552413940429688,0,246782.2615966797,247396.08856201172,0,34088599552,2147483648,8054509568,0
200,1787751584551,3500,3500,3500,3500,3500,3500,3500,3500,3500,3500,3500,3500,3500,3500,3500,3500,3500,3500,3500,3500,23.70586395263672,2.8373641967773438,61.53490447998047,0.193634033203125,0.450714111328125,0.37747955322265625,3.0218048095703125,0.4432220458984375,0.2271575927734375,0.28076171875,0.25982666015625,0.3896636962890625,0.272216796875,0.315826416015625,0.4931793212890625,3.0120620727539063,10.548751831054688,0.22086334228515625,13.809104919433594,0.203125,0,246791.71063232422,247403.43212890625,0,34088599552,2147483648,8054226944,0
200,1787751584751,3500,3500,3500,3500,3500,3500,3500,3500,3500,3500,3500,3500,3500,3500,3500,3500,3500,3500,3500,3500,32.961448669433594,0.273101806640625,66.8311767578125,2.6971969604492188,2.9723434448242188,0.2749481201171875,0.7671432495117188,0.28168487548828125,0.39532470703125,0.4476776123046875,0.49474334716796875,0.46874237060546875,15.2777099609375,2.8015594482421875,13.432846069335938,0.434051513671875,30.669158935546875,2.745513916015625,37.473716735839844,0.19509124755859375,0,246804.43084716797,247413.95642089844,0,34088599552,2147483648,8069857280,0
200,1787751584951,3500,3500,3500,3500,3500,3500,3500,3500,3500,3500,3500,3500,3500,3500,3500,3500,3500,3500,3500,3500,8.988861083984375,0.302886962890625,57.28627395629883,0.214324951171875,0.29914093017578125,0.26279449462890625,0.41845703125,2.861358642578125,2.9378433227539063,2.9407882690429688,2.9221649169921875,0.402435302734375,0.41765594482421875,0.300689697265625,17.369903564453125,0.2971954345703125,13.309585571289063,0.268890380859375,30.328277587890625,0.24312591552734375,0,246813.4122314453,247420.8510131836,0,34088599552,2147483648,8050847744,0
200,1787751585152,3500,3500,3500,3500,3500,3500,3500,3500,3500,3500,3500,3500,3500,3500,3500,3500,3500,3500,3500,3500,0.6141281127929688,0.31183624267578125,67.80931091308594,0.213165283203125,0.33929443359375,0.27093505859375,0.4224395751953125,0.220306396484375,0.519805908203125,0.26235198974609375,0.29740142822265625,0.36116790771484375,2.8039627075195313,0.304595947265625,0.28082275390625,0.324920654296875,21.818519592285156,0.27358245849609375,16.645408630371094,0.257110595703125,0,246820.92266845703,247426.2103881836,0,34088599552,2147483648,8050966528,0
200,1787751585352,3500,3500,3500,3500,3500,3500,3500,3500,3500,3500,3500,3500,3500,3500,3500,3500,3500,3500,3500,3500,8.167610168457031,0.30171966552734375,61.393741607666016,0.2366790771484375,0.32302093505859375,2.8250045776367188,0.33454132080078125,0.31618499755859375,0.438140869140625,0.42352294921875,0.37039947509765625,2.8739852905273438,0.33249664306640625,0.2844085693359375,2.8219146728515625,0.32396697998046875,11.206443786621094,0.2560272216796875,24.266250610351563,2.7275924682617188,0,246830.04119873047,247433.22583007813,0,34088599552,2147483648,8050966528,0
199,1787751585553,3500,3500,3500,3500,3500,3500,3500,3500,3500,3500,3500,3500,3500,3500,3500,3500,3500,3500,3500,3500,13.794296264648438,2.6729965209960938,33.60887908935547,0.12284088134765625,0.13819122314453125,0.15468597412109375,2.6475982666015625,0.08404541015625,0.347320556640625,0.31622314453125,0.1988372802734375,0.196533203125,0.139190673828125,0.1180419921875,0.1327362060546875,2.7072906494140625,11.059906005859375,0.08614349365234375,52.12636184692383,0.0184478759765625,0,246837.3651123047,247438.42211914063,0,34088599552,2147483648,8050814976,0
200,1787751585753,3500,3500,3500,3500,3500,3500,3500,3500,3500,3500,3500,3500,3500,3500,3500,3500,3500,3500,3500,3500,19.717086791992188,0.4313812255859375,74.97261810302734,2.8013458251953125,3.1141738891601563,0.5774078369140625,0.5839004516601563,0.48416900634765625,0.6175613403320313,0.609466552734375,0.473480224609375,0.488861083984375,0.48491668701171875,2.951416015625,0.5143814086914063,0.5353622436523438,5.349098205566406,2.9138641357421875,12.144210815429688,0.3162689208984375,0,246847.6336669922,247446.58270263672,0,34088599552,2147483648,8050810880,0
200,1787751585953,3500,3500,3500,3500,3500,3500,3500,3500,3500,3500,3500,3500,3500,3500,3500,3500,3500,3500,3500,3500,4.736946105957031,0.33233642578125,47.513099670410156,0.22663116455078125,0.3329315185546875,0.3143768310546875,0.572784423828125,2.8915939331054688,2.9245147705078125,2.898773193359375,2.8391647338867188,0.32410430908203125,0.45121002197265625,0.414947509765625,0.40486907958984375,0.41290283203125,33.71531677246094,0.262298583984375,18.834381103515625,0.28374481201171875,0,246856.52947998047,247453.37567138672,0,34088599552,2147483648,8050794496,0
200,1787751586153,3500,3500,3500,3500,3500,3500,3500,3500,3500,3500,3500,3500,3500,3500,3500,3500,3500,3500,3500,3500,9.295326232910156,0.22249603271484375,54.852882385253906,0.1716156005859375,0.2137603759765625,0.2391204833984375,0.6123123168945313,0.23867034912109375,0.55059814453125,0.22209930419921875,0.25730133056640625,0.1927337646484375,2.8790130615234375,0.34722137451171875,0.2783203125,0.23921966552734375,14.938957214355469,0.215057373046875,32.221351623535156,0.19608306884765625,0,246864.18823242188,247459.20928955078,0,34088599552,2147483648,8050786304,0
200,1787751586353,3500,3500,3500,3500,3500,3500,3500,3500,3500,3500,3500,3500,3500,3500,3500,3500,3500,3500,3500,3500,0.6702117919921875,0.353485107421875,30.558944702148438,0.2438507080078125,0.35463714599609375,2.961639404296875,0.44458770751953125,0.407928466796875,0.396240234375,0.341949462890625,0.3370513916015625,2.803802490234375,15.927253723144531,0.34699249267578125,2.8381195068359375,0.29569244384765625,19.712295532226563,0.23390960693359375,40.48215103149414,2.767242431640625,0,246873.63372802734,247466.40496826172,0,34088599552,2147483648,8050786304,0
200,1787751586554,3500,3500,3500,3500,3500,3500,3500,3500,3500,3500,3500,3500,3500,3500,3500,3500,3500,3500,3500,3500,8.515983581542969,2.8581390380859375,36.109886169433594,0.28717803955078125,0.34362030029296875,0.32410430908203125,2.8709640502929688,0.36193084716796875,0.3771514892578125,0.5143280029296875,0.3448638916015625,0.35320281982421875,0.4135284423828125,0.403900146484375,0.3095855712890625,2.8165740966796875,3.0355377197265625,0.2556915283203125,59.91912841796875,0.17180633544921875,0,246882.57891845703,247473.0366821289,0,34088599552,2147483648,8050749440,0
200,1787751586754,3500,3500,3500,3500,3500,3500,3500,3500,3500,3500,3500,3500,3500,3500,3500,3500,3500,3500,3500,3500,11.943077087402344,0.329132080078125,50.74477767944336,2.7454986572265625,2.9278564453125,0.4930267333984375,0.40908050537109375,0.47640228271484375,0.33975982666015625,0.48149871826171875,0.34694671630859375,0.36096954345703125,8.304405212402344,2.9098358154296875,0.35089111328125,0.3213958740234375,12.617660522460938,2.7913589477539063,28.825477600097656,0.2079620361328125,0,246891.4877319336,247479.83868408203,0,34088599552,2147483648,8050712576,0
200,1787751586954,3500,3500,3500,3500,3500,3500,3500,3500,3500,3500,3500,3500,3500,3500,3500,3500,3500,3500,3500,3500,24.307632446289063,0.246307373046875,61.885833740234375,0.1650390625,0.32787322998046875,0.39430999755859375,0.42742919921875,2.9279022216796875,2.8164596557617188,2.7454833984375,0.2909088134765625,0.27093505859375,0.37548065185546875,0.38097381591796875,0.37872314453125,0.37952423095703125,5.342308044433594,0.22267913818359375,20.739364624023438,0.20804595947265625,0,246901.4345703125,247487.6650390625,0,34088599552,2147483648,8049131520,0
200,1787751587155,3500,3500,3500,3500,3500,3500,3500,3500,3500,3500,3500,3500,3500,3500,3500,3500,3500,3500,3500,3500,15.015007019042969,0.2791900634765625,56.68510818481445,0.20468902587890625,0.195648193359375,0.31854248046875,0.55413818359375,0.24134063720703125,0.36798095703125,0.2758941650390625,2.9078826904296875,0.4277496337890625,2.8993453979492188,0.354400634765625,0.2701568603515625,0.2951202392578125,10.259834289550781,0.214874267578125,25.597938537597656,0.1985931396484375,0,246910.14697265625,247494.24475097656,0,34088599552,2147483648,8049041408,0
200,1787751587355,3500,3500,3500,3500,3500,3500,3500,3500,3500,3500,3500,3500,3500,3500,3500,3500,3500,3500,3500,3500,9.786979675292969,0.28179931640625,43.925228118896484,0.2704315185546875,0.26349639892578125,2.736602783203125,0.27616119384765625,0.33797454833984375,0.47161102294921875,0.36236572265625,0.40007781982421875,2.933502197265625,0.4016265869140625,0.40386962890625,2.8224563598632813,0.30135345458984375,34.96320343017578,0.26114654541015625,17.23963165283203,2.7483291625976563,0,246918.75732421875,247500.7466430664,0,34088599552,2147483648,8049025024,0
200,1787751587555,3500,3500,3500,3500,3500,3500,3500,3500,3500,3500,3500,3500,3500,3500,3500,3500,3500,3500,3500,3500,8.552749633789063,2.8578109741210938,26.16338348388672,0.2864532470703125,0.2089385986328125,0.3073883056640625,2.8653564453125,0.25592041015625,0.5099868774414063,0.42462921142578125,0.4401702880859375,0.4316253662109375,0.376800537109375,0.38594818115234375,0.31034088134765625,2.8044891357421875,8.10662841796875,0.24462127685546875,64.66648864746094,0.174407958984375,0,246927.40545654297,247507.27465820313,0,34088599552,2147483648,8048775168,0
200,1787751587755,3500,3500,3500,3500,3500,3500,3500,3500,3500,3500,3500,3500,3500,3500,3500,3500,3500,3500,3500,3500,32.61272430419922,0.21707916259765625,38.634124755859375,2.698516845703125,2.7821502685546875,0.178009033203125,0.824615478515625,0.2140350341796875,0.424224853515625,0.34513092041015625,0.30941009521484375,0.3607177734375,23.718040466308594,2.747528076171875,15.955482482910156,0.22582244873046875,35.17289733886719,2.72674560546875,63.127464294433594,0.14403533935546875,0,246939.76501464844,247517.43481445313,0,34088599552,2147483648,8075808768,0
200,1787751587956,3500,3500,3500,3500,3500,3500,3500,3500,3500,3500,3500,3500,3500,3500,3500,3500,3500,3500,3500,3500,7.218109130859375,0.3309173583984375,64.89491271972656,0.225372314453125,0.4050140380859375,0.33376312255859375,1.0145721435546875,2.9227523803710938,3.0177154541015625,2.9148635864257813,0.37685394287109375,0.37860107421875,8.26214599609375,0.34235382080078125,0.32033538818359375,0.36876678466796875,8.983848571777344,0.2982635498046875,34.361419677734375,0.24344635009765625,0,246948.78289794922,247524.3544921875,0,34088599552,2147483648,8072835072,0
199,1787751588156,3500,3500,3500,3500,3500,3500,3500,3500,3500,3500,3500,3500,3500,3500,3500,3500,3500,3500,3500,3500,13.692337036132813,0.30078887939453125,65.00498962402344,0.21260833740234375,0.2938079833984375,0.3188934326171875,0.38472747802734375,0.2841796875,0.4045257568359375,0.247222900390625,2.7780685424804688,0.2684173583984375,2.8420028686523438,0.2993927001953125,0.3008880615234375,0.33629608154296875,17.499053955078125,0.2661285400390625,11.371162414550781,0.22164154052734375,0,246959.02392578125,247532.46319580078,0,34088599552,2147483648,8072773632,0
200,1787751588356,3500,3500,3500,3500,3500,3500,3500,3500,3500,3500,3500,3500,3500,3500,3500,3500,3500,3500,3500,3500,8.465118408203125,0.31415557861328125,46.72963333129883,0.22304534912109375,0.38182830810546875,2.8939895629882813,0.35028839111328125,0.31470489501953125,0.26457977294921875,0.39076995849609375,0.245635986328125,2.7385101318359375,0.2982177734375,0.2902679443359375,0.28597259521484375,0.2922210693359375,24.653884887695313,0.24208831787109375,24.979232788085938,2.7225189208984375,0,246968.20349121094,247539.51879882813,0,34088599552,2147483648,8072736768,0
200,1787751588557,3500,3500,3500,3500,3500,3500,3500,3500,3500,3500,3500,3500,3500,3500,3500,3500,3500,3500,3500,3500,10.758041381835938,2.8121795654296875,42.184112548828125,0.251922607421875,0.24503326416015625,0.29277801513671875,5.636924743652344,0.2343597412109375,0.2913818359375,0.2407989501953125,0.30464935302734375,0.3032989501953125,0.36231231689453125,0.29541778564453125,2.8229522705078125,2.7552566528320313,7.568328857421875,0.22762298583984375,54.68060302734375,0.1626739501953125,0,246977.85906982422,247547.03942871094,0,34088599552,2147483648,8072790016,0
200,1787751588757,3500,3500,3500,3500,3500,3500,3500,3500,3500,3500,3500,3500,3500,3500,3500,3500,3500,3500,3500,3500,3.13616943359375,0.3236541748046875,92.66170501708984,2.7121353149414063,0.35791015625,0.34210205078125,0.30200958251953125,0.27901458740234375,0.28675079345703125,0.323699951171875,0.35686492919921875,0.31447601318359375,0.369781494140625,2.9038314819335938,0.32344818115234375,0.35332489013671875,5.855537414550781,2.8822402954101563,11.098777770996094,0.25981903076171875,0,246986.94268798828,247554.00604248047,0,34088599552,2147483648,8072790016,0
199,1787751588958,3500,3500,3500,3500,3500,3500,3500,3500,3500,3500,3500,3500,3500,3500,3500,3500,3500,3500,3500,3500,8.929801940917969,0.30959320068359375,28.27947235107422,0.28328704833984375,2.8122177124023438,0.20087432861328125,0.3322601318359375,2.8656768798828125,2.728057861328125,2.768585205078125,0.31798553466796875,0.37543487548828125,0.32376861572265625,0.327117919921875,0.40154266357421875,0.35257720947265625,25.56244659423828,0.2804412841796875,41.61933135986328,0.198028564453125,0,246997.06903076172,247562.0128173828,0,34088599552,2147483648,8072790016,0
200,1787751589158,3500,3500,3500,3500,3500,3500,3500,3500,3500,3500,3500,3500,3500,3500,3500,3500,3500,3500,3500,3500,20.42137908935547,0.24001312255859375,46.0087890625,0.135650634765625,0.207275390625,0.177337646484375,0.48722076416015625,0.191131591796875,0.3607177734375,0.14679718017578125,2.7966079711914063,0.2370147705078125,3.1652679443359375,0.22191619873046875,0.33327484130859375,0.337677001953125,29.805679321289063,0.194976806640625,26.993080139160156,0.16753387451171875,0,247008.25744628906,247571.0361328125,0,34088599552,2147483648,8072921088,0
200,1787751589358,3500,3500,3500,3500,3500,3500,3500,3500,3500,3500,3500,3500,3500,3500,3500,3500,3500,3500,3500,3500,8.395858764648438,0.3389434814453125,40.4183349609375,0.2483062744140625,0.31987762451171875,2.8207626342773438,0.283843994140625,0.2940216064453125,0.25559234619140625,0.23468017578125,0.34583282470703125,2.8649368286132813,0.298919677734375,0.33585357666015625,0.42319488525390625,0.40073394775390625,4.076667785644531,0.3433380126953125,52.818843841552734,1.580230712890625,0,247015.68103027344,247576.3471069336,0,34088599552,2147483648,8072912896,0
200,1787751589558,3500,3500,3500,3500,3500,3500,3500,3500,3500,3500,3500,3500,3500,3500,3500,3500,3500,3500,3500,3500,1.89892578125,2.894500732421875,33.06121826171875,0.34203338623046875,0.3504638671875,0.32208251953125,2.9143524169921875,0.34352874755859375,0.30657196044921875,0.3504638671875,0.335845947265625,0.359344482421875,0.34747314453125,0.3671722412109375,2.916900634765625,2.9291229248046875,26.065185546875,0.2651214599609375,46.67527389526367,1.3158111572265625,0,247024.08447265625,247582.63842773438,0,34088599552,2147483648,8072912896,0
200,1787751589759,3500,3500,3500,3500,3500,3500,3500,3500,3500,3500,3500,3500,3500,3500,3500,3500,3500,3500,3500,3500,9.98736572265625,0.28961944580078125,62.918087005615234,0.18138885498046875,0.2138214111328125,0.23992156982421875,0.30713653564453125,0.2526397705078125,0.2813873291015625,0.356781005859375,0.27599334716796875,0.3338775634765625,0.30224609375,2.7999343872070313,0.37644195556640625,0.379486083984375,27.800033569335938,2.7648544311523438,12.595283508300781,0.29595947265625,0,247032.37664794922,247588.79907226563,0,34088599552,2147483648,8072916992,0
200,1787751589959,3500,3500,3500,3500,3500,3500,3500,3500,3500,3500,3500,3500,3500,3500,3500,3500,3500,3500,3500,3500,28.49333953857422,0.12897491455078125,48.83368682861328,2.5699691772460938,2.59136962890625,0.07004547119140625,3.22979736328125,2.5850830078125,3.2930068969726563,2.8001174926757813,0.205657958984375,0.18814849853515625,18.60358428955078,0.075439453125,14.092849731445313,0.09998321533203125,25.935447692871094,0.0534820556640625,64.03509521484375,0.0223541259765625,0,247041.4256591797,247595.63006591797,0,34088599552,2147483648,8083779584,0
200,1787751590160,3500,3500,3500,3500,3500,3500,3500,3500,3500,3500,3500,3500,3500,3500,3500,3500,3500,3500,3500,3500,19.50018310546875,0.4524688720703125,14.26611328125,0.45311737060546875,0.48119354248046875,0.46952056884765625,2.1581573486328125,0.7704849243164063,2.5941696166992188,0.55419921875,3.069976806640625,0.5462188720703125,30.671043395996094,0.44249725341796875,16.9322509765625,0.4998931884765625,29.137901306152344,0.41915130615234375,25.761024475097656,0.45665740966796875,0,247051.66638183594,247603.7303466797,0,34088599552,2147483648,8082739200,0
199,1787751590360,3500,3500,3500,3500,3500,3500,3500,3500,3500,3500,3500,3500,3500,3500,3500,3500,3500,3500,3500,3500,0.9584426879882813,0.34883880615234375,1.0515518188476563,0.30417633056640625,0.31635284423828125,2.8899459838867188,0.317352294921875,0.235870361328125,0.442047119140625,0.474029541015625,0.4813690185546875,3.02911376953125,0.315704345703125,0.2940521240234375,0.2992401123046875,0.3016357421875,10.311485290527344,0.24210357666015625,4.26513671875,0.27199554443359375,0,247059.2172241211,247609.13836669922,0,34088599552,2147483648,8082673664,0
200,1787751590560,3500,3500,3500,3500,3500,3500,3500,3500,3500,3500,3500,3500,3500,3500,3500,3500,3500,3500,3500,3500,0.772430419921875,2.8216629028320313,4.2472381591796875,0.2986907958984375,0.33861541748046875,0.22138214111328125,2.8633880615234375,0.2845916748046875,0.48198699951171875,0.39043426513671875,0.41077423095703125,0.484283447265625,0.328125,0.2854461669921875,2.8257598876953125,2.7922286987304688,12.268218994140625,0.24761199951171875,4.791542053222656,2.7080764770507813,0,247067.0850830078,247614.88012695313,0,34088599552,2147483648,8082468864,0
200,1787751590761,3500,3500,3500,3500,3500,3500,3500,3500,3500,3500,3500,3500,3500,3500,3500,3500,3500,3500,3500,3500,12.969642639160156,0.32305908203125,33.081642150878906,0.29366302490234375,0.2927703857421875,0.26436614990234375,4.689018249511719,0.288726806640625,6.388923645019531,0.3106842041015625,0.40731048583984375,0.422332763671875,3.7791213989257813,2.8517074584960938,5.431617736816406,0.27459716796875,41.50251388549805,2.7567291259765625,59.62643051147461,0.221343994140625,0,247078.30487060547,247623.8565673828,0,34088599552,2147483648,8095903744,0
200,1787751590961,3500,3500,3500,3500,3500,3500,3500,3500,3500,3500,3500,3500,3500,3500,3500,3500,3500,3500,3500,3500,33.91523742675781,0.33081817626953125,75.34071350097656,2.7759475708007813,2.8090057373046875,0.296417236328125,5.3754119873046875,1.7304229736328125,4.16058349609375,3.0941848754882813,0.3426971435546875,0.284637451171875,16.163528442382813,0.309295654296875,9.831161499023438,0.32462310791015625,50.30413055419922,0.25118255615234375,72.26570129394531,0.23226165771484375,0,247090.92974853516,247634.2451171875,0,34088599552,2147483648,8117043200,0
200,1787751591161,3500,3500,3500,3500,3500,3500,3500,3500,3500,3500,3500,3500,3500,3500,3500,3500,3500,3500,3500,3500,19.468666076660156,0.27118682861328125,59.84230422973633,0.28417205810546875,0.3680419921875,0.3214874267578125,1.5735626220703125,2.8379364013671875,0.525238037109375,0.50775146484375,3.0167083740234375,0.4210357666015625,11.696098327636719,0.2921142578125,9.24383544921875,0.28632354736328125,39.636253356933594,0.25365447998046875,54.25699996948242,0.20894622802734375,0,247102.2544555664,247643.34887695313,0,34088599552,2147483648,8127598592,0
200,1787751591361,3500,3500,3500,3500,3500,3500,3500,3500,3500,3500,3500,3500,3500,3500,3500,3500,3500,3500,3500,3500,7.077613830566406,0.2899932861328125,2.8382949829101563,0.29103851318359375,0.3085174560546875,1.92059326171875,0.3303375244140625,0.308563232421875,0.5454330444335938,0.4413299560546875,0.5117263793945313,2.9320144653320313,0.3400726318359375,0.32573699951171875,0.379364013671875,0.3914947509765625,15.599494934082031,0.24570465087890625,15.625808715820313,0.22967529296875,0,247109.3402709961,247648.30242919922,0,34088599552,2147483648,8089882624,0
200,1787751591562,3500,3500,3500,3500,3500,3500,3500,3500,3500,3500,3500,3500,3500,3500,3500,3500,3500,3500,3500,3500,0.8557052612304688,2.8009796142578125,3.5213470458984375,0.30330657958984375,0.24935150146484375,1.1491165161132813,2.8269577026367188,0.2647857666015625,0.48905181884765625,0.3704986572265625,0.49465179443359375,0.42035675048828125,0.30570220947265625,0.278472900390625,2.900848388671875,2.8923568725585938,12.045082092285156,0.1938934326171875,8.890937805175781,2.712799072265625,0,247117.61834716797,247654.431640625,0,34088599552,2147483648,8089587712,0
200,1787751591762,3500,3500,3500,3500,3500,3500,3500,3500,3500,3500,3500,3500,3500,3500,3500,3500,3500,3500,3500,3500,2.6657791137695313,0.27002716064453125,1.765380859375,0.33306884765625,0.3296661376953125,0.32497406005859375,0.2401580810546875,0.281768798828125,0.5203781127929688,0.39440155029296875,0.416534423828125,0.39659881591796875,0.3049468994140625,2.8262176513671875,0.3725738525390625,0.34101104736328125,14.379585266113281,2.7959442138671875,9.605323791503906,0.28516387939453125,0,247124.46130371094,247659.13897705078,0,34088599552,2147483648,8089133056,0
200,1787751591962,3500,3500,3500,3500,3500,3500,3500,3500,3500,3500,3500,3500,3500,3500,3500,3500,3500,3500,3500,3500,9.183807373046875,0.3165283203125,6.417793273925781,2.76666259765625,2.84820556640625,0.3349456787109375,0.3483123779296875,0.363983154296875,0.425262451171875,2.8419189453125,0.2984619140625,0.32032012939453125,0.45101165771484375,0.25310516357421875,0.3015594482421875,0.2552490234375,17.999740600585938,0.1524505615234375,12.448043823242188,0.1963653564453125,0,247134.01098632813,247666.5283203125,0,34088599552,2147483648,8088903680,0
199,1787751592163,3500,3500,3500,3500,3500,3500,3500,3500,3500,3500,3500,3500,3500,3500,3500,3500,3500,3500,3500,3500,1.10980224609375,0.328857421875,1.4959564208984375,0.405120849609375,0.40726470947265625,0.48827362060546875,1.0571441650390625,3.0730667114257813,2.8975830078125,0.28818511962890625,2.828857421875,0.3279571533203125,2.844085693359375,0.33390045166015625,0.32541656494140625,0.3409881591796875,16.36974334716797,0.29058074951171875,11.051864624023438,0.29451751708984375,0,247141.46380615234,247671.83813476563,0,34088599552,2147483648,8086839296,0
200,1787751592363,3500,3500,3500,3500,3500,3500,3500,3500,3500,3500,3500,3500,3500,3500,3500,3500,3500,3500,3500,3500,0.9574432373046875,0.2561187744140625,0.606781005859375,0.30411529541015625,0.47769927978515625,0.44879913330078125,0.733917236328125,0.4654998779296875,0.26396942138671875,0.258819580078125,0.2752227783203125,2.8021469116210938,0.33516693115234375,0.2877655029296875,0.28946685791015625,0.2783660888671875,12.515235900878906,0.22972869873046875,5.926551818847656,0.328216552734375,0,247149.5316772461,247678.0167236328,0,34088599552,2147483648,8086786048,0
200,1787751592563,3500,3500,3500,3500,3500,3500,3500,3500,3500,3500,3500,3500,3500,3500,3500,3500,3500,3500,3500,3500,0.94207763671875,3.0090713500976563,3.2381362915039063,0.46337127685546875,0.4826507568359375,2.9197463989257813,2.4026260375976563,0.47486114501953125,0.500885009765625,0.43239593505859375,0.36804962158203125,0.43109893798828125,0.44478607177734375,0.45807647705078125,2.9424285888671875,2.9954376220703125,8.977569580078125,0.40471649169921875,21.403594970703125,2.9521713256835938,0,247156.71130371094,247683.29052734375,0,34088599552,2147483648,8086695936,0
200,1787751592763,3500,3500,3500,3500,3500,3500,3500,3500,3500,3500,3500,3500,3500,3500,3500,3500,3500,3500,3500,3500,9.088630676269531,0.326263427734375,45.27638626098633,0.2416229248046875,0.26590728759765625,0.2428741455078125,0.9494171142578125,0.29648590087890625,0.29443359375,0.29448699951171875,0.31417083740234375,0.32836151123046875,0.3102264404296875,2.8337020874023438,0.3113250732421875,0.29903411865234375,23.007423400878906,2.8298568725585938,32.393043518066406,0.22309112548828125,0,247166.26501464844,247690.2530517578,0,34088599552,2147483648,8086695936,0
200,1787751592963,3500,3500,3500,3500,3500,3500,3500,3500,3500,3500,3500,3500,3500,3500,3500,3500,3500,3500,3500,3500,17.56456756591797,0.28789520263671875,47.01556396484375,2.7719268798828125,2.7866134643554688,0.2719573974609375,0.28409576416015625,0.27825164794921875,0.3139190673828125,2.829620361328125,0.2880401611328125,0.34554290771484375,0.3491363525390625,0.31087493896484375,0.2902374267578125,0.32440948486328125,13.072776794433594,0.25472259521484375,31.71343231201172,0.2170562744140625,0,247175.61810302734,247697.48278808594,0,34088599552,2147483648,8086626304,0
200,1787751593163,3500,3500,3500,3500,3500,3500,3500,3500,3500,3500,3500,3500,3500,3500,3500,3500,3500,3500,3500,3500,12.260261535644531,0.24069976806640625,35.77996063232422,0.1536102294921875,0.3060760498046875,0.30377960205078125,0.328582763671875,2.760223388671875,2.82879638671875,0.2157440185546875,2.7466964721679688,0.25547027587890625,3.0783767700195313,0.31560516357421875,0.25128173828125,0.26909637451171875,13.103828430175781,0.219940185546875,46.68865966796875,0.1474761962890625,0,247183.69036865234,247703.42498779297,0,34088599552,2147483648,8086401024,0
200,1787751593364,3500,3500,3500,3500,3500,3500,3500,3500,3500,3500,3500,3500,3500,3500,3500,3500,3500,3500,3500,3500,14.592124938964844,0.2801971435546875,47.16307067871094,0.2252349853515625,0.44498443603515625,0.406829833984375,0.5482254028320313,0.4164581298828125,1.66546630859375,0.2553558349609375,0.301544189453125,2.7291488647460938,0.27276611328125,0.28363800048828125,0.2785491943359375,0.2751617431640625,24.508682250976563,0.20433807373046875,18.516021728515625,0.20827484130859375,0,247192.5977783203,247710.2222290039,0,34088599552,2147483648,8086401024,0
200,1787751593564,3500,3500,3500,3500,3500,3500,3500,3500,3500,3500,3500,3500,3500,3500,3500,3500,3500,3500,3500,3500,36.3685188293457,2.851898193359375,13.304000854492188,0.3291778564453125,0.34918212890625,2.8774871826171875,3.1949462890625,0.33890533447265625,0.32518768310546875,0.35820770263671875,0.296905517578125,0.29810333251953125,0.3710784912109375,0.33526611328125,2.8405303955078125,2.8236160278320313,15.688995361328125,0.27365875244140625,43.30073547363281,2.7435531616210938,0,247201.94372558594,247717.45025634766,0,34088599552,2147483648,8086437888,0
200,1787751593765,3500,3500,3500,3500,3500,3500,3500,3500,3500,3500,3500,3500,3500,3500,3500,3500,3500,3500,3500,3500,0.5627517700195313,0.30718994140625,61.8575325012207,0.19249725341796875,0.4444122314453125,0.41300201416015625,2.9823532104492188,0.40860748291015625,0.3269195556640625,0.3001556396484375,0.26140594482421875,0.26450347900390625,0.27957916259765625,2.8442840576171875,0.2912139892578125,0.3472900390625,30.09302520751953,2.7558517456054688,15.98968505859375,0.24861907958984375,0,247210.68194580078,247724.0648803711,0,34088599552,2147483648,8086102016,0
200,1787751593965,3500,3500,3500,3500,3500,3500,3500,3500,3500,3500,3500,3500,3500,3500,3500,3500,3500,3500,3500,3500,18.51604461669922,0.26119232177734375,54.505924224853516,2.715728759765625,2.8144302368164063,0.27664947509765625,0.34123992919921875,0.25136566162109375,0.29988861083984375,2.7743759155273438,0.28572845458984375,0.20832061767578125,0.30342864990234375,0.27655029296875,0.28258514404296875,0.30727386474609375,8.303985595703125,0.27944183349609375,27.70354461669922,0.172760009765625,0,247220.50616455078,247731.77618408203,0,34088599552,2147483648,8086102016,0
200,1787751594165,3500,3500,3500,3500,3500,3500,3500,3500,3500,3500,3500,3500,3500,3500,3500,3500,3500,3500,3500,3500,7.559356689453125,0.28459930419921875,30.41216278076172,0.28484344482421875,0.36864471435546875,0.23685455322265625,0.7143096923828125,2.873931884765625,2.7607192993164063,0.3191070556640625,2.8410720825195313,0.26337432861328125,2.883514404296875,0.32988739013671875,0.3266448974609375,0.2916412353515625,31.20537567138672,0.21268463134765625,39.71770095825195,0.18511962890625,0,247229.13543701172,247738.2667236328,0,34088599552,2147483648,8085970944,0
200,1787751594366,3500,3500,3500,3500,3500,3500,3500,3500,3500,3500,3500,3500,3500,3500,3500,3500,3500,3500,3500,3500,3.8978424072265625,0.318023681640625,67.41136169433594,0.18303680419921875,0.2996063232421875,0.302398681640625,0.48578643798828125,0.687042236328125,0.30858612060546875,0.333587646484375,0.316925048828125,2.8108901977539063,0.278350830078125,0.308441162109375,0.284088134765625,0.29676055908203125,19.852432250976563,0.2641754150390625,15.824348449707031,0.1973114013671875,0,247238.51629638672,247745.53564453125,0,34088599552,2147483648,8085954560,0
200,1787751594566,3500,3500,3500,3500,3500,3500,3500,3500,3500,3500,3500,3500,3500,3500,3500,3500,3500,3500,3500,3500,15.108604431152344,2.7797164916992188,59.50849914550781,0.2143096923828125,0.231292724609375,2.8496246337890625,0.28531646728515625,0.18061065673828125,0.2813720703125,0.219207763671875,0.275482177734375,0.2548065185546875,0.273834228515625,0.328155517578125,2.8052291870117188,2.7874069213867188,18.408714294433594,0.230987548828125,17.775421142578125,2.740570068359375,0,247246.87426757813,247751.7520751953,0,34088599552,2147483648,8086192128,0
200,1787751594766,3500,3500,3500,3500,3500,3500,3500,3500,3500,3500,3500,3500,3500,3500,3500,3500,3500,3500,3500,3500,20.575973510742188,0.320831298828125,38.93191146850586,0.29566192626953125,0.31343841552734375,0.3480987548828125,2.8248443603515625,0.30100250244140625,0.40218353271484375,0.46566009521484375,0.33226776123046875,0.45572662353515625,0.40802764892578125,0.3728179931640625,0.33901214599609375,0.3303680419921875,25.942039489746094,2.7993698120117188,21.83172607421875,0.28342437744140625,0,247256.03924560547,247758.80731201172,0,34088599552,2147483648,8086188032,0
200,1787751594967,3500,3500,3500,3500,3500,3500,3500,3500,3500,3500,3500,3500,3500,3500,3500,3500,3500,3500,3500,3500,18.34783172607422,0.2939910888671875,45.619659423828125,2.7893295288085938,2.7846298217773438,0.3040771484375,0.2927398681640625,0.2498321533203125,0.356781005859375,2.9969940185546875,0.3545379638671875,0.44061279296875,0.30218505859375,2.7795867919921875,0.27850341796875,0.30448150634765625,12.633354187011719,0.3206634521484375,34.11955261230469,0.2037200927734375,0,247266.23956298828,247766.88104248047,0,34088599552,2147483648,8057495552,0
200,1787751595167,3500,3500,3500,3500,3500,3500,3500,3500,3500,3500,3500,3500,3500,3500,3500,3500,3500,3500,3500,3500,9.566207885742188,0.18755340576171875,57.379478454589844,0.113983154296875,0.28749847412109375,0.31197357177734375,0.25937652587890625,2.8572006225585938,2.7821807861328125,0.2458953857421875,2.7294845581054688,0.21772003173828125,2.8105010986328125,0.2649688720703125,0.23809814453125,0.25058746337890625,4.213127136230469,0.2150726318359375,35.40594482421875,0.16727447509765625,0,247275.53576660156,247774.06072998047,0,34088599552,2147483648,8057262080,0
200,1787751595367,3500,3500,3500,3500,3500,3500,3500,3500,3500,3500,3500,3500,3500,3500,3500,3500,3500,3500,3500,3500,5.716407775878906,0.33628082275390625,37.03514099121094,0.24169921875,0.38129425048828125,0.45415496826171875,0.6474533081054688,0.433197021484375,0.31890869140625,0.286865234375,0.28597259521484375,2.8222732543945313,0.39951324462890625,0.39342498779296875,0.283477783203125,0.2962493896484375,19.400009155273438,0.22792816162109375,24.39391326904297,0.2506866455078125,0,247283.69360351563,247780.04754638672,0,34088599552,2147483648,8057921536,0
200,1787751595568,3500,3500,3500,3500,3500,3500,3500,3500,3500,3500,3500,3500,3500,3500,3500,3500,3500,3500,3500,3500,0.6964645385742188,2.83978271484375,57.30467987060547,0.20796966552734375,0.2592620849609375,2.837982177734375,0.27802276611328125,0.3209381103515625,0.27877044677734375,0.33361053466796875,0.322784423828125,0.27278900146484375,0.41619110107421875,0.4066619873046875,2.80780029296875,2.80780029296875,19.12128448486328,0.24309539794921875,31.58667755126953,2.7987136840820313,0,247293.97332763672,247788.19647216797,0,34088599552,2147483648,8057974784,0
200,1787751595768,3500,3500,3500,3500,3500,3500,3500,3500,3500,3500,3500,3500,3500,3500,3500,3500,3500,3500,3500,3500,7.931434631347656,0.280181884765625,64.8586196899414,0.22360992431640625,0.24416351318359375,0.2494049072265625,2.8469009399414063,0.31391143798828125,0.2794342041015625,0.338653564453125,0.288116455078125,0.31430816650390625,0.397674560546875,0.39069366455078125,0.31041717529296875,0.2638702392578125,10.477241516113281,2.3933944702148438,26.262924194335938,0.2174224853515625,0,247301.71588134766,247793.8193359375,0,34088599552,2147483648,8057901056,0
200,1787751595968,3500,3500,3500,3500,3500,3500,3500,3500,3500,3500,3500,3500,3500,3500,3500,3500,3500,3500,3500,3500,3.0893783569335938,0.31465911865234375,54.69773483276367,2.7453994750976563,2.8014297485351563,0.26506805419921875,0.2995758056640625,0.27785491943359375,0.4075927734375,1.8876113891601563,0.3771820068359375,0.4833984375,0.390869140625,2.8996124267578125,0.40070343017578125,0.40325164794921875,12.806747436523438,0.652740478515625,38.67776870727539,0.24609375,0,247311.39080810547,247801.38348388672,0,34088599552,2147483648,8057888768,0
199,1787751596169,3500,3500,3500,3500,3500,3500,3500,3500,3500,3500,3500,3500,3500,3500,3500,3500,3500,3500,3500,3500,9.927696228027344,0.1874237060546875,20.416221618652344,0.1136322021484375,0.2026519775390625,0.234161376953125,0.783905029296875,2.7319564819335938,2.769805908203125,1.3077392578125,2.746337890625,0.21807861328125,3.544525146484375,0.24678802490234375,0.362274169921875,0.3375091552734375,25.320106506347656,0.178985595703125,22.05158233642578,0.17295074462890625,0,247319.91455078125,247807.76483154297,0,34088599552,2147483648,8056995840,0
200,1787751596369,3500,3500,3500,3500,3500,3500,3500,3500,3500,3500,3500,3500,3500,3500,3500,3500,3500,3500,3500,3500,1.083160400390625,0.3634033203125,1.7698593139648438,0.40814971923828125,0.42203521728515625,0.3546600341796875,0.572723388671875,0.3677978515625,0.4356231689453125,0.37938690185546875,0.32788848876953125,2.8740005493164063,0.37548828125,0.38912200927734375,0.4750823974609375,0.49620819091796875,15.391014099121094,0.3056640625,1.7544784545898438,0.36460113525390625,0,247326.6382446289,247812.35919189453,0,34088599552,2147483648,8057057280,0
200,1787751596569,3500,3500,3500,3500,3500,3500,3500,3500,3500,3500,3500,3500,3500,3500,3500,3500,3500,3500,3500,3500,5.892021179199219,2.7853622436523438,8.661506652832031,0.2283172607421875,0.2556304931640625,2.851226806640625,0.638946533203125,0.2094879150390625,0.2845458984375,0.3180999755859375,0.29273223876953125,0.217926025390625,5.056221008300781,0.2933807373046875,3.3581466674804688,2.9084091186523438,15.003616333007813,0.2848968505859375,12.850860595703125,2.7391738891601563,0,247334.97924804688,247818.55474853516,0,34088599552,2147483648,8057581568,0
199,1787751596769,3500,3500,3500,3500,3500,3500,3500,3500,3500,3500,3500,3500,3500,3500,3500,3500,3500,3500,3500,3500,1.0481643676757813,0.2942657470703125,2.9361572265625,0.2927703857421875,0.2167205810546875,0.2774505615234375,2.752166748046875,0.25948333740234375,0.26757049560546875,0.25154876708984375,0.2615814208984375,0.2351837158203125,0.34351348876953125,0.30863189697265625,0.5134811401367188,0.49616241455078125,17.163330078125,0.21222686767578125,9.547737121582031,0.2578887939453125,0,247342.67431640625,247824.54205322266,0,34088599552,2147483648,8057708544,0
200,1787751596969,3500,3500,3500,3500,3500,3500,3500,3500,3500,3500,3500,3500,3500,3500,3500,3500,3500,3500,3500,3500,3.3331146240234375,0.37686920166015625,2.7883758544921875,2.8902587890625,2.9237518310546875,0.32468414306640625,0.35092926025390625,0.32617950439453125,0.357177734375,0.37137603759765625,0.3593292236328125,0.30748748779296875,0.3792724609375,2.8954086303710938,0.5822830200195313,0.6049728393554688,14.601608276367188,2.8768081665039063,3.6472015380859375,0.26184844970703125,0,247349.75427246094,247829.0737915039,0,34088599552,2147483648,8057708544,0
200,1787751597170,3500,3500,3500,3500,3500,3500,3500,3500,3500,3500,3500,3500,3500,3500,3500,3500,3500,3500,3500,3500,1.1129531860351563,0.23758697509765625,3.7824249267578125,0.23389434814453125,0.2876739501953125,0.2476806640625,0.30010986328125,2.6630859375,2.7643051147460938,2.7025299072265625,2.7633514404296875,0.1542510986328125,2.8691177368164063,0.2510223388671875,0.33306884765625,0.35738372802734375,52.49203109741211,0.140716552734375,10.273880004882813,0.16718292236328125,0,247357.9666748047,247835.1475830078,0,34088599552,2147483648,8078417920,0
200,1787751597370,3500,3500,3500,3500,3500,3500,3500,3500,3500,3500,3500,3500,3500,3500,3500,3500,3500,3500,3500,3500,0.8349990844726563,0.2539215087890625,2.0824737548828125,0.33625030517578125,0.42017364501953125,0.376861572265625,1.0297698974609375,0.29119110107421875,0.5618972778320313,0.3557281494140625,0.39888763427734375,0.36217498779296875,0.36547088623046875,0.366668701171875,0.428466796875,0.4279632568359375,21.78813934326172,0.276947021484375,33.366371154785156,0.2427825927734375,0,247365.45568847656,247840.81420898438,0,34088599552,2147483648,8084353024,0
200,1787751597570,3500,3500,3500,3500,3500,3500,3500,3500,3500,3500,3500,3500,3500,3500,3500,3500,3500,3500,3500,3500,3.1240463256835938,0.3533477783203125,7.952056884765625,0.32776641845703125,0.2956390380859375,2.9024276733398438,0.30422210693359375,0.305816650390625,0.33270263671875,0.306610107421875,0.31354522705078125,2.8810806274414063,0.3542022705078125,0.3414764404296875,2.9599380493164063,2.8906097412109375,18.88056182861328,0.27533721923828125,13.506011962890625,2.791046142578125,0,247374.65167236328,247847.6961669922,0,34088599552,2147483648,8084451328,0
200,1787751597771,3500,3500,3500,3500,3500,3500,3500,3500,3500,3500,3500,3500,3500,3500,3500,3500,3500,3500,3500,3500,1.3377227783203125,2.8214645385742188,3.8777008056640625,0.40566253662109375,0.29581451416015625,0.31514739990234375,2.827056884765625,0.27913665771484375,0.37549591064453125,0.37039947509765625,0.27188873291015625,0.27753448486328125,0.3173980712890625,0.33303070068359375,0.4188995361328125,0.423248291015625,15.072532653808594,0.27109527587890625,9.364875793457031,0.28667449951171875,0,247381.80712890625,247852.58758544922,0,34088599552,2147483648,8084451328,0
200,1787751597971,3500,3500,3500,3500,3500,3500,3500,3500,3500,3500,3500,3500,3500,3500,3500,3500,3500,3500,3500,3500,3.3117141723632813,0.30517578125,4.485084533691406,2.835662841796875,2.7503509521484375,0.2233123779296875,0.2988433837890625,0.28801727294921875,0.30094146728515625,0.2644195556640625,0.26840972900390625,0.3099212646484375,0.27245330810546875,2.800140380859375,0.4104461669921875,0.38350677490234375,9.955253601074219,2.7529983520507813,8.283576965332031,0.20958709716796875,0,247390.1934814453,247858.78399658203,0,34088599552,2147483648,8084869120,0
200,1787751598171,3500,3500,3500,3500,3500,3500,3500,3500,3500,3500,3500,3500,3500,3500,3500,3500,3500,3500,3500,3500,0.81170654296875,0.3643341064453125,9.519813537597656,0.32418060302734375,0.26366424560546875,0.23435211181640625,3.3681182861328125,2.7883682250976563,10.845062255859375,2.804443359375,2.8005523681640625,0.3155975341796875,2.81707763671875,0.26700592041015625,0.334320068359375,0.3268280029296875,20.49090576171875,0.2226104736328125,16.866470336914063,0.21787261962890625,0,247398.40075683594,247864.81762695313,0,34088599552,2147483648,8103870464,0
200,1787751598371,3500,3500,3500,3500,3500,3500,3500,3500,3500,3500,3500,3500,3500,3500,3500,3500,3500,3500,3500,3500,0.9204330444335938,0.34206390380859375,21.266212463378906,0.3337249755859375,0.21407318115234375,0.19474029541015625,64.19845581054688,0.21552276611328125,0.28546142578125,0.28575897216796875,0.309295654296875,0.29345703125,0.28096771240234375,0.316986083984375,0.32108306884765625,0.32098388671875,16.218673706054688,0.22066497802734375,15.652946472167969,0.2493438720703125,0,247407.0922241211,247871.36596679688,0,34088599552,2147483648,8107954176,0
200,1787751598572,3500,3500,3500,3500,3500,3500,3500,3500,3500,3500,3500,3500,3500,3500,3500,3500,3500,3500,3500,3500,3.7917404174804688,0.30164337158203125,12.286575317382813,0.3502349853515625,0.267333984375,2.7744522094726563,59.009727478027344,0.287109375,0.30478668212890625,0.3161773681640625,0.36376953125,2.8728790283203125,0.3241119384765625,0.35597991943359375,2.8859634399414063,2.8738784790039063,19.743309020996094,0.25714111328125,14.939224243164063,2.8195953369140625,0,247415.33227539063,247877.38110351563,0,34088599552,2147483648,8110698496,0
200,1787751598772,3500,3500,3500,3500,3500,3500,3500,3500,3500,3500,3500,3500,3500,3500,3500,3500,3500,3500,3500,3500,1.4573440551757813,2.8695526123046875,34.95470428466797,0.295074462890625,0.2877349853515625,0.24518585205078125,2.7999420166015625,0.3533477783203125,0.42006683349609375,0.42131805419921875,0.3232421875,0.45342254638671875,0.2932281494140625,0.2985687255859375,0.39550018310546875,0.3454132080078125,32.734031677246094,0.21073150634765625,19.49785614013672,0.200592041015625,0,247424.76495361328,247884.62713623047,0,34088599552,2147483648,8112074752,0
200,1787751598972,3500,3500,3500,3500,3500,3500,3500,3500,3500,3500,3500,3500,3500,3500,3500,3500,3500,3500,3500,3500,10.915847778320313,0.323699951171875,37.805694580078125,2.76849365234375,2.793914794921875,0.32639312744140625,0.29168701171875,0.2674102783203125,0.4891204833984375,0.483123779296875,0.4326324462890625,0.5031051635742188,0.327545166015625,2.8231353759765625,0.32164764404296875,0.305816650390625,44.658199310302734,2.7809829711914063,60.4559440612793,0.16167449951171875,0,247435.86303710938,247893.5521850586,0,34088599552,2147483648,8113283072,0
200,1787751599173,3500,3500,3500,3500,3500,3500,3500,3500,3500,3500,3500,3500,3500,3500,3500,3500,3500,3500,3500,3500,3.5087509155273438,0.3331756591796875,35.37322235107422,0.1729736328125,0.2532958984375,0.26911163330078125,0.288421630859375,2.8042373657226563,2.89923095703125,2.8974380493164063,2.8418045043945313,0.297149658203125,2.83831787109375,0.28348541259765625,0.31111907958984375,0.28348541259765625,48.24726867675781,0.23099517822265625,63.376651763916016,0.15586090087890625,0,247447.97235107422,247903.48175048828,0,34088599552,2147483648,8115253248,0
200,1787751599373,3500,3500,3500,3500,3500,3500,3500,3500,3500,3500,3500,3500,3500,3500,3500,3500,3500,3500,3500,3500,0.5732192993164063,0.338623046875,33.24340057373047,0.2490081787109375,0.25543975830078125,0.26790618896484375,7.081184387207031,0.30860137939453125,0.27703857421875,0.29778289794921875,0.29727935791015625,0.268707275390625,0.28441619873046875,0.3051605224609375,0.32176971435546875,0.3216705322265625,43.42897415161133,0.26581573486328125,72.56322479248047,0.16562652587890625,0,247458.94384765625,247912.24822998047,0,34088599552,2147483648,8116637696,0
200,1787751599573,3500,3500,3500,3500,3500,3500,3500,3500,3500,3500,3500,3500,3500,3500,3500,3500,3500,3500,3500,3500,4.740394592285156,0.3042755126953125,65.74092102050781,0.20404815673828125,0.3070220947265625,2.8544387817382813,0.5944137573242188,0.35044097900390625,0.30197906494140625,0.26689910888671875,0.2756500244140625,2.8473434448242188,0.28363800048828125,0.33330535888671875,2.8538894653320313,2.845794677734375,40.74968719482422,0.26700592041015625,45.78526306152344,2.758758544921875,0,247470.08404541016,247921.23779296875,0,34088599552,2147483648,8118644736,0
202,1787751599774,3500,3500,3500,3500,3500,3500,3500,3500,3500,3500,3500,3500,3500,3500,3500,3500,3500,3500,3500,3500,11.991569519042969,2.8528060913085938,34.78729248046875,0.22899627685546875,0.3395538330078125,0.24681854248046875,3.18353271484375,0.24312591552734375,0.42765045166015625,0.3246307373046875,0.3562774658203125,0.36241912841796875,0.326629638671875,0.30157470703125,0.3023681640625,0.3375091552734375,61.51982116699219,0.21646881103515625,60.12665939331055,0.206390380859375,0,247480.5776977539,247929.5450439453,0,34088599552,2147483648,8121438208,0
200,1787751599976,3500,3500,3500,3500,3500,3500,3500,3500,3500,3500,3500,3500,3500,3500,3500,3500,3500,3500,3500,3500,3.2056427001953125,0.395965576171875,40.43767547607422,2.8619461059570313,2.8348770141601563,0.32695770263671875,0.6936264038085938,0.364105224609375,0.386871337890625,0.3883056640625,0.306854248046875,0.3570404052734375,0.3843536376953125,2.8688583374023438,0.39946746826171875,0.36005401611328125,46.69059753417969,2.850433349609375,63.799373626708984,0.28092193603515625,0,247490.18328857422,247936.9379272461,0,34088599552,2147483648,8121794560,0
200,1787751600176,3500,3500,3500,3500,3500,3500,3500,3500,3500,3500,3500,3500,3500,3500,3500,3500,3500,3500,3500,3500,14.708999633789063,0.17474365234375,67.41905212402344,0.10162353515625,0.222503662109375,0.208099365234375,12.809974670410156,7.539543151855469,4.3584442138671875,8.535995483398438,2.6935272216796875,0.24921417236328125,27.156578063964844,0.17469024658203125,0.97894287109375,0.175140380859375,20.41668701171875,0.12873077392578125,24.62158966064453,0.16814422607421875,0,247500.41369628906,247944.95220947266,0,34088599552,2147483648,8097333248,0
200,1787751600376,3500,3500,3500,3500,3500,3500,3500,3500,3500,3500,3500,3500,3500,3500,3500,3500,3500,3500,3500,3500,16.12158203125,0.363250732421875,63.07331466674805,0.2190704345703125,0.32955169677734375,0.30529022216796875,0.4509735107421875,0.31368255615234375,0.3650054931640625,0.33270263671875,0.277435302734375,0.35851287841796875,0.32161712646484375,0.35831451416015625,0.4480743408203125,0.39959716796875,59.47317123413086,0.25826263427734375,21.044937133789063,0.25217437744140625,0,247510.47229003906,247952.83038330078,0,34088599552,2147483648,8097841152,0
200,1787751600576,3500,3500,3500,3500,3500,3500,3500,3500,3500,3500,3500,3500,3500,3500,3500,3500,3500,3500,3500,3500,14.158119201660156,0.34375762939453125,48.68427658081055,0.231536865234375,0.28165435791015625,2.79937744140625,0.38178253173828125,0.233734130859375,0.29404449462890625,0.26471710205078125,0.34130859375,2.8888168334960938,0.332916259765625,0.318328857421875,2.9104461669921875,2.9121932983398438,46.47578430175781,0.2193450927734375,37.562217712402344,2.7050399780273438,0,247520.0341796875,247960.21166992188,0,34088599552,2147483648,8098185216,0
200,1787751600777,3500,3500,3500,3500,3500,3500,3500,3500,3500,3500,3500,3500,3500,3500,3500,3500,3500,3500,3500,3500,0.7093429565429688,2.820892333984375,25.4661865234375,0.22452545166015625,0.3213958740234375,0.30316162109375,2.8496246337890625,0.2681427001953125,0.2833251953125,0.32399749755859375,0.260345458984375,0.25859832763671875,7.985908508300781,0.2763824462890625,0.2810821533203125,0.2788848876953125,50.072593688964844,0.23126983642578125,74.64747619628906,0.15142822265625,0,247530.2885131836,247968.2896118164,0,34088599552,2147483648,8097648640,0
200,1787751600977,3500,3500,3500,3500,3500,3500,3500,3500,3500,3500,3500,3500,3500,3500,3500,3500,3500,3500,3500,3500,4.94500732421875,0.316497802734375,94.19088745117188,2.70269775390625,3.009765625,0.491180419921875,0.4281158447265625,0.4850921630859375,0.3981781005859375,0.3750762939453125,0.34543609619140625,0.3035736083984375,0.5445709228515625,2.8278427124023438,0.30681610107421875,0.31035614013671875,46.06684875488281,2.7540435791015625,18.661087036132813,0.22039031982421875,0,247542.29656982422,247978.10778808594,0,34088599552,2147483648,8099053568,0
200,1787751601177,3500,3500,3500,3500,3500,3500,3500,3500,3500,3500,3500,3500,3500,3500,3500,3500,3500,3500,3500,3500,33.39080047607422,0.2524871826171875,66.72998046875,0.232818603515625,0.4499053955078125,0.4515533447265625,0.38359832763671875,2.9412689208984375,2.9000778198242188,2.8859481811523438,2.8511962890625,0.27021026611328125,15.725967407226563,0.33971405029296875,0.30710601806640625,0.2752532958984375,29.404434204101563,0.22322845458984375,25.333045959472656,0.17120361328125,0,247553.4701538086,247987.10668945313,0,34088599552,2147483648,8098713600,0
200,1787751601378,3500,3500,3500,3500,3500,3500,3500,3500,3500,3500,3500,3500,3500,3500,3500,3500,3500,3500,3500,3500,18.80218505859375,0.31720733642578125,58.914276123046875,0.1990814208984375,0.250732421875,0.2588653564453125,1.079833984375,0.8062973022460938,0.5335540771484375,0.20566558837890625,0.3095703125,0.2994384765625,11.078941345214844,0.2551727294921875,0.3657684326171875,0.2699432373046875,65.47598266601563,0.199676513671875,22.925697326660156,0.2568206787109375,0,247565.18322753906,247996.61846923828,0,34088599552,2147483648,8097030144,0
201,1787751601578,3500,3500,3500,3500,3500,3500,3500,3500,3500,3500,3500,3500,3500,3500,3500,3500,3500,3500,3500,3500,34.51385498046875,0.27370452880859375,68.50006866455078,0.20693206787109375,0.30272674560546875,2.89410400390625,9.875625610351563,0.3346405029296875,6.192619323730469,0.3340911865234375,0.2843475341796875,2.8176803588867188,9.193458557128906,0.32355499267578125,3.3079605102539063,0.33963775634765625,44.99742889404297,0.24753570556640625,41.58198547363281,2.7887649536132813,0,247577.22235107422,248006.99084472656,0,34088599552,2147483648,8096817152,0
200,1787751601779,3500,3500,3500,3500,3500,3500,3500,3500,3500,3500,3500,3500,3500,3500,3500,3500,3500,3500,3500,3500,47.767311096191406,2.3034515380859375,57.116737365722656,0,0,0,2.4095916748046875,0,0,0,0,0,1.60577392578125,0,0,2.4385299682617188,33.162025451660156,0,22.88153839111328,0,0,247588.4354248047,248015.47705078125,0,34088599552,2147483648,8097656832,0
199,1787751601979,3500,3500,3500,3500,3500,3500,3500,3500,3500,3500,3500,3500,3500,3500,3500,3500,3500,3500,3500,3500,24.73857879638672,0.8107757568359375,40.80790710449219,3.2454986572265625,3.2430191040039063,0.8083419799804688,0.8010406494140625,0.738922119140625,0.7523880004882813,0.802032470703125,0.7853317260742188,0.8103790283203125,0.8382568359375,3.3307266235351563,0.83184814453125,0.7992019653320313,56.92544174194336,3.2338714599609375,51.407470703125,0.70184326171875,0,247597.763671875,248022.65490722656,0,34088599552,2147483648,8100478976,0
200,1787751602180,3500,3500,3500,3500,3500,3500,3500,3500,3500,3500,3500,3500,3500,3500,3500,3500,3500,3500,3500,3500,25.841285705566406,0.3011932373046875,57.51174545288086,0.16119384765625,0.21936798095703125,0.2622528076171875,0.8232574462890625,2.8792266845703125,3.1566238403320313,2.797454833984375,2.7862548828125,0.24251556396484375,0.36421966552734375,0.36167144775390625,0.28509521484375,0.29384613037109375,56.45622253417969,0.17138671875,44.88719940185547,0.18833160400390625,0,247608.41845703125,248031.1185913086,0,34088599552,2147483648,8100601856,0
199,1787751602380,3500,3500,3500,3500,3500,3500,3500,3500,3500,3500,3500,3500,3500,3500,3500,3500,3500,3500,3500,3500,14.726318359375,0.25847625732421875,72.53341674804688,0.16521453857421875,0.2719573974609375,0.23486328125,0.3758087158203125,0.1966705322265625,0.43148040771484375,0.4194488525390625,0.40891265869140625,0.35828399658203125,13.377098083496094,0.32244110107421875,0.36397552490234375,0.23810577392578125,60.635799407958984,0.16162109375,32.73998260498047,0.19901275634765625,0,247618.86938476563,248039.36492919922,0,34088599552,2147483648,8122523648,0
200,1787751602580,3500,3500,3500,3500,3500,3500,3500,3500,3500,3500,3500,3500,3500,3500,3500,3500,3500,3500,3500,3500,11.065826416015625,0.36342620849609375,63.81434631347656,0.25444793701171875,0.3160552978515625,2.8376617431640625,0.38106536865234375,0.33399200439453125,0.45941925048828125,0.5098876953125,0.5336227416992188,2.9736785888671875,27.09076690673828,0.32465362548828125,2.8868331909179688,0.33669281005859375,37.470619201660156,0.2656402587890625,36.00486373901367,2.7762985229492188,0,247630.73419189453,248049.03094482422,0,34088599552,2147483648,8103108608,0
199,1787751602780,3500,3500,3500,3500,3500,3500,3500,3500,3500,3500,3500,3500,3500,3500,3500,3500,3500,3500,3500,3500,1.8198013305664063,2.8896484375,39.58161926269531,0.22641754150390625,0.31154632568359375,0.2532806396484375,2.805023193359375,0.30985260009765625,0.42303466796875,0.5095596313476563,0.530029296875,0.4395599365234375,19.52911376953125,0.2793426513671875,0.39871978759765625,2.9032821655273438,57.87802505493164,0.23386383056640625,56.173702239990234,0.2130889892578125,0,247640.87829589844,248057.0054321289,0,34088599552,2147483648,8102047744,0
200,1787751602980,3500,3500,3500,3500,3500,3500,3500,3500,3500,3500,3500,3500,3500,3500,3500,3500,3500,3500,3500,3500,18.44493865966797,0.30835723876953125,26.542037963867188,2.7386932373046875,2.8375320434570313,0.276824951171875,0.32639312744140625,0.28127288818359375,0.51617431640625,0.5266189575195313,0.554901123046875,0.531768798828125,11.324134826660156,2.8146438598632813,0.8149948120117188,0.38706207275390625,64.23226928710938,2.7291946411132813,65.23658752441406,0.1820831298828125,0,247651.5028076172,248065.44940185547,0,34088599552,2147483648,8101310464,0
200,1787751603181,3500,3500,3500,3500,3500,3500,3500,3500,3500,3500,3500,3500,3500,3500,3500,3500,3500,3500,3500,3500,15.119338989257813,0.28195953369140625,66.34098052978516,0.2012786865234375,0.16350555419921875,0.249481201171875,0.315277099609375,2.8106689453125,2.81121826171875,2.9325637817382813,0.95782470703125,0.38921356201171875,0.4871826171875,0.3028411865234375,0.5444793701171875,0.41219329833984375,60.190895080566406,0.198974609375,50.54787826538086,0.17879486083984375,0,247665.31439208984,248077.02142333984,0,34088599552,2147483648,8102334464,0
200,1787751603381,3500,3500,3500,3500,3500,3500,3500,3500,3500,3500,3500,3500,3500,3500,3500,3500,3500,3500,3500,3500,8.840232849121094,0.2498321533203125,51.00056838989258,0.084442138671875,0.15595245361328125,0.13072967529296875,2.8952407836914063,0.1667327880859375,0.14031982421875,0.11569976806640625,2.1461029052734375,0.10451507568359375,5.492767333984375,0.18206787109375,0.39544677734375,0.4081268310546875,34.96294403076172,0.1254425048828125,59.98297119140625,0.04529571533203125,0,247676.37127685547,248085.8980102539,0,34088599552,2147483648,8101138432,0
200,1787751603581,3500,3500,3500,3500,3500,3500,3500,3500,3500,3500,3500,3500,3500,3500,3500,3500,3500,3500,3500,3500,9.264907836914063,0.44617462158203125,73.37576293945313,0.27944183349609375,0.4293670654296875,2.9222030639648438,0.7462615966796875,0.3784942626953125,0.3903656005859375,0.38307952880859375,0.4026336669921875,2.9240036010742188,0.44193267822265625,0.41634368896484375,3.1340713500976563,0.5898056030273438,30.707260131835938,0.342681884765625,22.25848388671875,2.865203857421875,0,247686.1294555664,248093.49224853516,0,34088599552,2147483648,8102723584,0
200,1787751603782,3500,3500,3500,3500,3500,3500,3500,3500,3500,3500,3500,3500,3500,3500,3500,3500,3500,3500,3500,3500,20.70276641845703,2.8778839111328125,45.860660552978516,0.23081207275390625,0.38770294189453125,0.36176300048828125,3.0009002685546875,0.405364990234375,0.36420440673828125,0.332733154296875,0.2986602783203125,0.30873870849609375,0.59716796875,0.32275390625,0.44905853271484375,2.8457107543945313,43.22456359863281,0.2710723876953125,27.923690795898438,0.23096466064453125,0,247696.2484741211,248101.4291381836,0,34088599552,2147483648,8103518208,0
200,1787751603982,3500,3500,3500,3500,3500,3500,3500,3500,3500,3500,3500,3500,3500,3500,3500,3500,3500,3500,3500,3500,15.365798950195313,0.30124664306640625,35.311614990234375,2.7505340576171875,2.8907089233398438,0.40224456787109375,0.38043975830078125,0.42530059814453125,0.48662567138671875,0.39894866943359375,0.4289398193359375,0.5366744995117188,8.088935852050781,2.7951507568359375,0.293060302734375,0.32744598388671875,51.93250274658203,2.7628097534179688,34.43273162841797,0.2243499755859375,0,247705.88677978516,248108.89666748047,0,34088599552,2147483648,8102289408,0
200,1787751604182,3500,3500,3500,3500,3500,3500,3500,3500,3500,3500,3500,3500,3500,3500,3500,3500,3500,3500,3500,3500,13.898208618164063,0.30608367919921875,58.42528533935547,0.2166900634765625,0.2673797607421875,0.296295166015625,0.28446197509765625,2.7844619750976563,3.02667236328125,2.9409255981445313,0.31377410888671875,0.39642333984375,0.4974517822265625,0.2826080322265625,0.48671722412109375,0.2749176025390625,19.467689514160156,0.23456573486328125,26.74756622314453,0.221588134765625,0,247716.1967163086,248117.06176757813,0,34088599552,2147483648,8085303296,0
200,1787751604383,3500,3500,3500,3500,3500,3500,3500,3500,3500,3500,3500,3500,3500,3500,3500,3500,3500,3500,3500,3500,0.622833251953125,0.3036956787109375,27.21668243408203,0.239776611328125,0.26116943359375,0.281402587890625,1.482391357421875,0.26096343994140625,0.38115692138671875,0.25586700439453125,2.825103759765625,0.245574951171875,3.032745361328125,0.5406265258789063,0.34142303466796875,0.26656341552734375,30.890953063964844,0.20079803466796875,47.32649230957031,0.188751220703125,0,247725.7045288086,248124.44610595703,0,34088599552,2147483648,8084934656,0
200,1787751604583,3500,3500,3500,3500,3500,3500,3500,3500,3500,3500,3500,3500,3500,3500,3500,3500,3500,3500,3500,3500,8.69342041015625,0.25768280029296875,59.9917106628418,0.17534637451171875,0.2300567626953125,2.7917327880859375,0.2778778076171875,0.2308502197265625,0.28057098388671875,0.348846435546875,0.39951324462890625,2.8323745727539063,0.49217987060546875,0.49611663818359375,0.5120773315429688,0.38181304931640625,9.635231018066406,0.25543975830078125,29.09136962890625,2.766845703125,0,247736.01971435547,248132.61364746094,0,34088599552,2147483648,8084897792,0
200,1787751604783,3500,3500,3500,3500,3500,3500,3500,3500,3500,3500,3500,3500,3500,3500,3500,3500,3500,3500,3500,3500,1.0455093383789063,2.9355850219726563,37.40725326538086,0.28711700439453125,0.3186187744140625,0.28331756591796875,2.8007431030273438,0.31536865234375,0.40508270263671875,0.48461151123046875,0.5293960571289063,0.5108261108398438,0.4494171142578125,0.44287872314453125,2.7260513305664063,2.9205093383789063,4.573844909667969,0.2596588134765625,67.09030151367188,0.21477508544921875,0,247743.82580566406,248138.3003540039,0,34088599552,2147483648,8085098496,0
200,1787751604984,3500,3500,3500,3500,3500,3500,3500,3500,3500,3500,3500,3500,3500,3500,3500,3500,3500,3500,3500,3500,10.671012878417969,0.31756591796875,79.49449920654297,2.6987838745117188,0.27942657470703125,0.33693695068359375,0.31911468505859375,0.27892303466796875,0.3823699951171875,0.44551849365234375,0.5091705322265625,0.49379730224609375,0.37537384033203125,2.9197921752929688,0.3173675537109375,0.30612945556640625,12.527824401855469,2.778961181640625,8.93341064453125,0.31107330322265625,0,247752.54327392578,248144.89373779297,0,34088599552,2147483648,8085098496,0
200,1787751605184,3500,3500,3500,3500,3500,3500,3500,3500,3500,3500,3500,3500,3500,3500,3500,3500,3500,3500,3500,3500,12.962577819824219,0.29367828369140625,35.297889709472656,0.22284698486328125,2.7599945068359375,0.2930755615234375,0.19481658935546875,2.7777481079101563,2.8144607543945313,2.88214111328125,0.37567138671875,0.3827056884765625,7.9528350830078125,0.3611602783203125,0.3856964111328125,0.36993408203125,12.234626770019531,0.222503662109375,38.68024444580078,0.19072723388671875,0,247762.31243896484,248152.54901123047,0,34088599552,2147483648,8085098496,0
200,1787751605384,3500,3500,3500,3500,3500,3500,3500,3500,3500,3500,3500,3500,3500,3500,3500,3500,3500,3500,3500,3500,18.4052734375,0.33718109130859375,39.310516357421875,0.1963958740234375,0.27093505859375,0.20119476318359375,0.516204833984375,0.23958587646484375,0.18137359619140625,0.279022216796875,2.7885208129882813,0.2387847900390625,21.44855499267578,0.252960205078125,1.6407852172851563,0.37682342529296875,24.8780517578125,0.2202606201171875,30.294342041015625,0.1880645751953125,0,247771.48828125,248159.5662841797,0,34088599552,2147483648,8085458944,0
200,1787751605585,3500,3500,3500,3500,3500,3500,3500,3500,3500,3500,3500,3500,3500,3500,3500,3500,3500,3500,3500,3500,1.6542816162109375,0.3959503173828125,62.986637115478516,0.2339630126953125,0.36385345458984375,2.8052978515625,0.327362060546875,0.291473388671875,0.3023529052734375,0.35776519775390625,0.2804412841796875,2.8165817260742188,5.891632080078125,0.38916015625,0.5041732788085938,0.5052719116210938,11.190383911132813,0.2842864990234375,24.516616821289063,1.1498641967773438,0,247780.41845703125,248166.35571289063,0,34088599552,2147483648,8085123072,0
200,1787751605785,3500,3500,3500,3500,3500,3500,3500,3500,3500,3500,3500,3500,3500,3500,3500,3500,3500,3500,3500,3500,27.985511779785156,2.7948074340820313,57.92375183105469,0.2070465087890625,0.29299163818359375,0.19835662841796875,2.763946533203125,0.26442718505859375,0.22672271728515625,0.23876190185546875,0.33069610595703125,0.2743682861328125,0.287353515625,0.298187255859375,2.7887115478515625,2.8140792846679688,14.773506164550781,0.2489013671875,7.131187438964844,1.8740768432617188,0,247789.87396240234,248173.70782470703,0,34088599552,2147483648,8085028864,0
199,1787751605985,3500,3500,3500,3500,3500,3500,3500,3500,3500,3500,3500,3500,3500,3500,3500,3500,3500,3500,3500,3500,10.743255615234375,0.36241912841796875,46.89165496826172,0.28191375732421875,0.313934326171875,0.2973785400390625,0.28879547119140625,0.33553314208984375,0.4286041259765625,0.42327117919921875,0.4970855712890625,0.46781158447265625,0.34021759033203125,2.8646163940429688,0.34670257568359375,0.33942413330078125,12.725570678710938,2.7850570678710938,41.25505065917969,0.256622314453125,0,247799.24450683594,248180.95782470703,0,34088599552,2147483648,8085020672,0
200,1787751606186,3500,3500,3500,3500,3500,3500,3500,3500,3500,3500,3500,3500,3500,3500,3500,3500,3500,3500,3500,3500,14.645988464355469,0.22075653076171875,40.45522689819336,2.6925582885742188,2.7557449340820313,0.2644500732421875,0.20520782470703125,2.7302017211914063,2.9452056884765625,2.9378585815429688,0.39666748046875,0.41546630859375,15.6851806640625,0.2076568603515625,0.3039398193359375,0.26279449462890625,27.073280334472656,0.17676544189453125,16.260414123535156,0.2264556884765625,0,247808.08428955078,248187.66119384766,0,34088599552,2147483648,8085286912,0
199,1787751606386,3500,3500,3500,3500,3500,3500,3500,3500,3500,3500,3500,3500,3500,3500,3500,3500,3500,3500,3500,3500,0.7849349975585938,0.3999481201171875,91.3191909790039,0.14208221435546875,0.27703094482421875,0.268646240234375,0.353790283203125,0.30572509765625,0.5338973999023438,0.4830474853515625,2.9351577758789063,0.48279571533203125,2.8459243774414063,0.311065673828125,0.41437530517578125,0.4352874755859375,11.062652587890625,0.21689605712890625,3.242431640625,0.2861175537109375,0,247816.36529541016,248193.82025146484,0,34088599552,2147483648,8085286912,0
200,1787751606586,3500,3500,3500,3500,3500,3500,3500,3500,3500,3500,3500,3500,3500,3500,3500,3500,3500,3500,3500,3500,12.231529235839844,0.28026580810546875,80.58438873291016,0.18027496337890625,0.31261444091796875,2.8227081298828125,0.27011871337890625,0.2565155029296875,0.3360595703125,0.4412994384765625,0.34720611572265625,2.943695068359375,0.30736541748046875,0.306915283203125,0.31681060791015625,0.3109588623046875,10.994972229003906,0.2908172607421875,1.3860321044921875,0.2962646484375,0,247824.2269897461,248199.57110595703,0,34088599552,2147483648,8085417984,0
200,1787751606786,3500,3500,3500,3500,3500,3500,3500,3500,3500,3500,3500,3500,3500,3500,3500,3500,3500,3500,3500,3500,8.172866821289063,2.8417129516601563,39.66493606567383,0.26880645751953125,0.329742431640625,0.31905364990234375,2.7553024291992188,0.24193572998046875,0.287384033203125,0.279998779296875,0.23938751220703125,0.286041259765625,0.3082122802734375,0.30277252197265625,2.8369140625,2.8057022094726563,10.554473876953125,0.21631622314453125,49.23942565917969,2.7105026245117188,0,247833.7728881836,248206.99877929688,0,34088599552,2147483648,8085417984,0
200,1787751606987,3500,3500,3500,3500,3500,3500,3500,3500,3500,3500,3500,3500,3500,3500,3500,3500,3500,3500,3500,3500,23.48815155029297,0.22121429443359375,35.66644287109375,0.20793914794921875,0.22750091552734375,0.20050048828125,0.2491607666015625,0.24591064453125,0.21862030029296875,0.18134307861328125,0.2584381103515625,0.2256011962890625,0.46932220458984375,2.7532119750976563,0.26203155517578125,0.24112701416015625,16.29126739501953,2.7223739624023438,38.145442962646484,0.12595367431640625,0,247842.9234008789,248214.28747558594,0,34088599552,2147483648,8085467136,0
199,1787751607187,3500,3500,3500,3500,3500,3500,3500,3500,3500,3500,3500,3500,3500,3500,3500,3500,3500,3500,3500,3500,10.007682800292969,0.31035614013671875,51.01774597167969,2.7263717651367188,2.9894485473632813,0.33249664306640625,0.39244842529296875,0.5000228881835938,2.9024734497070313,2.9471588134765625,0.3308563232421875,0.43598175048828125,0.33294677734375,0.31703948974609375,0.30945587158203125,0.33713531494140625,5.767486572265625,0.2939453125,40.57088851928711,0.2201385498046875,0,247852.06896972656,248221.07299804688,0,34088599552,2147483648,8085467136,0
200,1787751607387,3500,3500,3500,3500,3500,3500,3500,3500,3500,3500,3500,3500,3500,3500,3500,3500,3500,3500,3500,3500,0.7049636840820313,0.398193359375,78.78740692138672,0.23558807373046875,0.49242401123046875,0.387298583984375,0.6054916381835938,2.7357406616210938,0.39239501953125,0.3648529052734375,2.9332351684570313,0.3347625732421875,2.9114913940429688,0.358154296875,0.40909576416015625,0.35595703125,4.060943603515625,0.34246063232421875,23.144744873046875,0.35280609130859375,0,247860.20477294922,248227.35595703125,0,34088599552,2147483648,8085467136,0
200,1787751607587,3500,3500,3500,3500,3500,3500,3500,3500,3500,3500,3500,3500,3500,3500,3500,3500,3500,3500,3500,3500,4.960212707519531,0.32845306396484375,72.4576644897461,0.215972900390625,0.311279296875,2.8330917358398438,0.26709747314453125,0.2855682373046875,0.33294677734375,0.25506591796875,0.311676025390625,2.7954025268554688,0.336090087890625,0.30957794189453125,0.332244873046875,0.32300567626953125,12.507637023925781,0.26804351806640625,19.768051147460938,0.25041961669921875,0,247867.4721069336,248232.36126708984,0,34088599552,2147483648,8085602304,0
200,1787751607788,3500,3500,3500,3500,3500,3500,3500,3500,3500,3500,3500,3500,3500,3500,3500,3500,3500,3500,3500,3500,10.133529663085938,2.8671798706054688,15.436904907226563,0.29161834716796875,0.361358642578125,0.484954833984375,2.8608932495117188,0.33864593505859375,0.346282958984375,0.33953857421875,0.338043212890625,0.29087066650390625,0.4066314697265625,0.39165496826171875,2.8317947387695313,2.85125732421875,10.232666015625,0.32506561279296875,73.92963409423828,2.7210235595703125,0,247877.41424560547,248240.03076171875,0,34088599552,2147483648,8085606400,0
200,1787751607988,3500,3500,3500,3500,3500,3500,3500,3500,3500,3500,3500,3500,3500,3500,3500,3500,3500,3500,3500,3500,17.080520629882813,0.31574249267578125,43.24618148803711,0.22681427001953125,0.433441162109375,0.47722625732421875,0.41693115234375,0.41278839111328125,0.41573333740234375,0.311553955078125,0.39363861083984375,0.373992919921875,0.3793792724609375,2.8878402709960938,0.27095794677734375,0.30312347412109375,7.810455322265625,2.81976318359375,41.551429748535156,0.1597900390625,0,247887.2020263672,248247.70153808594,0,34088599552,2147483648,8085606400,0
200,1787751608189,3500,3500,3500,3500,3500,3500,3500,3500,3500,3500,3500,3500,3500,3500,3500,3500,3500,3500,3500,3500,11.093223571777344,0.23001861572265625,66.98314666748047,2.7111587524414063,2.7957839965820313,0.27620697021484375,0.340362548828125,0.2900848388671875,2.8223495483398438,2.9010391235351563,0.30945587158203125,0.353240966796875,0.38430023193359375,0.276153564453125,0.26911163330078125,0.2495880126953125,14.586311340332031,0.27410888671875,16.215972900390625,0.21004486083984375,0,247896.80474853516,248255.1903076172,0,34088599552,2147483648,8085606400,0
200,1787751608389,3500,3500,3500,3500,3500,3500,3500,3500,3500,3500,3500,3500,3500,3500,3500,3500,3500,3500,3500,3500,2.8775634765625,0.318328857421875,48.60185623168945,0.2433929443359375,0.28108978271484375,0.23784637451171875,0.5427017211914063,2.8087692260742188,1.759063720703125,0.34479522705078125,2.8095169067382813,0.3509368896484375,2.8515090942382813,0.3507843017578125,0.3529815673828125,0.32482147216796875,18.837486267089844,0.2461395263671875,38.17074966430664,0.2296600341796875,0,247906.02154541016,248262.26245117188,0,34088599552,2147483648,8085794816,0
200,1787751608589,3500,3500,3500,3500,3500,3500,3500,3500,3500,3500,3500,3500,3500,3500,3500,3500,3500,3500,3500,3500,14.091392517089844,0.33037567138671875,47.530914306640625,0.24297332763671875,0.31945037841796875,1.1057357788085938,0.26651763916015625,0.29595184326171875,0.31606292724609375,0.23668670654296875,0.31391143798828125,2.8148040771484375,0.3226470947265625,0.309722900390625,0.384307861328125,0.373382568359375,12.770675659179688,0.26377105712890625,31.811424255371094,0.213836669921875,0,247913.98223876953,248268.09899902344,0,34088599552,2147483648,8085925888,0
200,1787751608790,3500,3500,3500,3500,3500,3500,3500,3500,3500,3500,3500,3500,3500,3500,3500,3500,3500,3500,3500,3500,8.247894287109375,2.87115478515625,39.01420974731445,0.2020721435546875,0.2391815185546875,1.9564895629882813,2.74969482421875,0.27379608154296875,0.26092529296875,0.30527496337890625,0.15827178955078125,0.27265167236328125,0.27678680419921875,0.2805328369140625,2.8301544189453125,2.7942886352539063,10.484756469726563,0.22711181640625,50.833587646484375,2.7141799926757813,0,247923.74200439453,248275.73114013672,0,34088599552,2147483648,8085925888,0
200,1787751608990,3500,3500,3500,3500,3500,3500,3500,3500,3500,3500,3500,3500,3500,3500,3500,3500,3500,3500,3500,3500,9.328857421875,0.2450408935546875,58.29093933105469,0.18106842041015625,0.2389984130859375,0.21282958984375,0.27005767822265625,0.23395538330078125,0.2663116455078125,0.24753570556640625,0.1945037841796875,0.31725311279296875,0.3307342529296875,2.805572509765625,0.36853790283203125,0.374481201171875,20.225997924804688,2.7799530029296875,31.216766357421875,0.18781280517578125,0,247934.8438720703,248284.70501708984,0,34088599552,2147483648,8085925888,0
199,1787751609190,3500,3500,3500,3500,3500,3500,3500,3500,3500,3500,3500,3500,3500,3500,3500,3500,3500,3500,3500,3500,23.435646057128906,0.2917633056640625,36.686561584472656,2.7678298950195313,2.8378448486328125,0.26732635498046875,0.27982330322265625,0.23648834228515625,0.2557830810546875,2.7493896484375,0.3236541748046875,0.28852081298828125,0.37712860107421875,0.27841949462890625,0.4072113037109375,0.38482666015625,40.635498046875,0.19416046142578125,12.694221496582031,0.24948883056640625,0,247945.59661865234,248293.33026123047,0,34088599552,2147483648,8085929984,0
200,1787751609390,3500,3500,3500,3500,3500,3500,3500,3500,3500,3500,3500,3500,3500,3500,3500,3500,3500,3500,3500,3500,0.70269775390625,0.351776123046875,29.66130828857422,0.28556060791015625,0.29395294189453125,0.31789398193359375,0.6182937622070313,2.857666015625,2.865966796875,0.29434967041015625,2.80804443359375,0.2980499267578125,2.8530731201171875,0.3301849365234375,0.430084228515625,0.42218780517578125,3.3134384155273438,0.30684661865234375,72.72340393066406,0.20404815673828125,0,247954.40234375,248300.02655029297,0,34088599552,2147483648,8085991424,0
200,1787751609590,3500,3500,3500,3500,3500,3500,3500,3500,3500,3500,3500,3500,3500,3500,3500,3500,3500,3500,3500,3500,8.343086242675781,0.265625,31.224891662597656,0.261474609375,0.18442535400390625,0.21797943115234375,0.32450103759765625,0.2493438720703125,0.21903228759765625,0.27980804443359375,0.25762939453125,2.7984542846679688,0.26442718505859375,0.27066802978515625,0.2717132568359375,0.272216796875,33.43677520751953,0.18717193603515625,31.617408752441406,0.18372344970703125,0,247963.84088134766,248307.33856201172,0,34088599552,2147483648,8086122496,0
200,1787751609791,3500,3500,3500,3500,3500,3500,3500,3500,3500,3500,3500,3500,3500,3500,3500,3500,3500,3500,3500,3500,1.3149261474609375,2.83135986328125,19.49475860595703,0.2381591796875,0.267486572265625,2.8169937133789063,0.36419677734375,0.2684326171875,0.1963653564453125,0.31162261962890625,0.32763671875,0.24553680419921875,0.2901763916015625,0.2556610107421875,2.8394393920898438,2.7659683227539063,29.11707305908203,0.23696136474609375,62.167606353759766,2.6722030639648438,0,247974.4649658203,248315.83013916016,0,34088599552,2147483648,8086671360,0
200,1787751609991,3500,3500,3500,3500,3500,3500,3500,3500,3500,3500,3500,3500,3500,3500,3500,3500,3500,3500,3500,3500,0.7059402465820313,0.29523468017578125,45.95322799682617,0.27060699462890625,0.36309051513671875,0.4650115966796875,2.7132339477539063,0.480255126953125,0.31652069091796875,0.28214263916015625,0.29119110107421875,0.287841796875,0.4078521728515625,2.9145431518554688,0.410003662109375,0.39111328125,11.270637512207031,2.830047607421875,49.75582504272461,0.2095489501953125,0,247983.99932861328,248323.2528076172,0,34088599552,2147483648,8086642688,0
200,1787751610192,3500,3500,3500,3500,3500,3500,3500,3500,3500,3500,3500,3500,3500,3500,3500,3500,3500,3500,3500,3500,8.649314880371094,0.32372283935546875,54.732662200927734,2.7182464599609375,2.8829193115234375,0.45803070068359375,0.6498870849609375,0.38995361328125,0.26876068115234375,2.8580856323242188,0.2471160888671875,0.3015289306640625,0.3819732666015625,0.391998291015625,0.3626708984375,0.3556365966796875,13.791603088378906,0.2524566650390625,34.03742980957031,0.2060699462890625,0,247992.84033203125,248329.98388671875,0,34088599552,2147483648,8087060480,0
200,1787751610392,3500,3500,3500,3500,3500,3500,3500,3500,3500,3500,3500,3500,3500,3500,3500,3500,3500,3500,3500,3500,0.6847991943359375,0.32732391357421875,54.48058319091797,0.18999481201171875,0.25189208984375,0.3269195556640625,0.3987579345703125,2.8515548706054688,2.8440170288085938,0.24365997314453125,2.8140640258789063,0.2812957763671875,2.9132080078125,0.38982391357421875,0.40619659423828125,0.39471435546875,5.270011901855469,0.25418853759765625,46.302757263183594,0.20008087158203125,0,248001.7052001953,248336.71795654297,0,34088599552,2147483648,8087298048,0
199,1787751610592,3500,3500,3500,3500,3500,3500,3500,3500,3500,3500,3500,3500,3500,3500,3500,3500,3500,3500,3500,3500,8.861099243164063,0.24559783935546875,58.965694427490234,0.164764404296875,0.25298309326171875,0.190673828125,0.2362060546875,0.2880859375,0.253631591796875,0.280242919921875,0.2424468994140625,2.8399429321289063,0.36362457275390625,0.3574371337890625,0.362030029296875,0.3635711669921875,16.049560546875,0.22542572021484375,26.267196655273438,0.17519378662109375,0,248010.8292236328,248343.71740722656,0,34088599552,2147483648,8092557312,0
199,1787751610792,3500,3500,3500,3500,3500,3500,3500,3500,3500,3500,3500,3500,3500,3500,3500,3500,3500,3500,3500,3500,11.925483703613281,2.8353118896484375,56.851436614990234,0.2625732421875,0.2944488525390625,2.8544464111328125,0.31113433837890625,0.3277740478515625,0.3437652587890625,0.288604736328125,0.2660675048828125,0.40557098388671875,0.3765411376953125,0.3812408447265625,2.94073486328125,2.9361419677734375,20.97698974609375,0.257476806640625,17.56047821044922,2.80712890625,0,248020.12170410156,248350.8862915039,0,34088599552,2147483648,8092626944,0
200,1787751610992,3500,3500,3500,3500,3500,3500,3500,3500,3500,3500,3500,3500,3500,3500,3500,3500,3500,3500,3500,3500,8.624275207519531,0.2817230224609375,34.57818603515625,0.26263427734375,0.267578125,0.339263916015625,2.8899917602539063,0.29051971435546875,0.4637298583984375,0.39319610595703125,0.3488616943359375,0.487518310546875,0.31166839599609375,2.8342514038085938,0.37529754638671875,0.407196044921875,20.051162719726563,2.7683181762695313,43.23695755004883,0.19594573974609375,0,248029.29553222656,248357.9385986328,0,34088599552,2147483648,8092749824,0
200,1787751611193,3500,3500,3500,3500,3500,3500,3500,3500,3500,3500,3500,3500,3500,3500,3500,3500,3500,3500,3500,3500,11.452659606933594,0.26018524169921875,58.819976806640625,2.6953582763671875,2.78692626953125,0.2076873779296875,0.25594329833984375,0.2589874267578125,0.41033935546875,2.8574905395507813,0.323760986328125,0.4542999267578125,0.30834197998046875,0.26132965087890625,0.24755859375,0.303497314453125,14.914901733398438,0.2086334228515625,26.708641052246094,0.1984100341796875,0,248039.2035522461,248365.72064208984,0,34088599552,2147483648,8093708288,0
200,1787751611393,3500,3500,3500,3500,3500,3500,3500,3500,3500,3500,3500,3500,3500,3500,3500,3500,3500,3500,3500,3500,6.270362854003906,0.2769927978515625,53.73563766479492,0.16280364990234375,0.23681640625,0.2764892578125,0.37743377685546875,2.7228927612304688,2.9057846069335938,0.25470733642578125,2.7643661499023438,0.2185211181640625,2.7645187377929688,0.2721405029296875,0.255157470703125,0.2442626953125,6.61346435546875,0.2240753173828125,44.671875,0.13027191162109375,0,248050.69219970703,248375.07678222656,0,34088599552,2147483648,8100270080,0
200,1787751611593,3500,3500,3500,3500,3500,3500,3500,3500,3500,3500,3500,3500,3500,3500,3500,3500,3500,3500,3500,3500,0.6362838745117188,0.4152069091796875,74.56573486328125,0.26279449462890625,0.40666961669921875,0.4954986572265625,0.49370574951171875,0.4313201904296875,0.38227081298828125,0.38436126708984375,0.35182952880859375,2.8402099609375,0.39614105224609375,0.38436126708984375,0.3749847412109375,0.381072998046875,21.965065002441406,0.307861328125,7.679039001464844,0.29154205322265625,0,248058.87884521484,248381.15185546875,0,34088599552,2147483648,8100368384,0
200,1787751611793,3500,3500,3500,3500,3500,3500,3500,3500,3500,3500,3500,3500,3500,3500,3500,3500,3500,3500,3500,3500,17.773483276367188,2.8493118286132813,58.624996185302734,0.21446990966796875,0.41965484619140625,2.9923553466796875,0.48308563232421875,0.4340362548828125,0.31366729736328125,0.29009246826171875,0.237548828125,0.22960662841796875,0.2841949462890625,0.31826019287109375,2.797515869140625,2.835174560546875,11.323219299316406,0.24029541015625,22.430763244628906,2.74322509765625,0,248066.89013671875,248387.05139160156,0,34088599552,2147483648,8100368384,0
200,1787751611994,3500,3500,3500,3500,3500,3500,3500,3500,3500,3500,3500,3500,3500,3500,3500,3500,3500,3500,3500,3500,14.522438049316406,0.255401611328125,26.00275421142578,0.2904205322265625,0.43820953369140625,0.45793914794921875,3.007598876953125,0.4060821533203125,0.27278900146484375,0.2149810791015625,0.325592041015625,0.24565887451171875,3.4174270629882813,0.25365447998046875,0.5991287231445313,0.27079010009765625,8.579689025878906,2.7411041259765625,72.85354614257813,0.16132354736328125,0,248077.17736816406,248395.193359375,0,34088599552,2147483648,8102600704,0
200,1787751612194,3500,3500,3500,3500,3500,3500,3500,3500,3500,3500,3500,3500,3500,3500,3500,3500,3500,3500,3500,3500,4.452728271484375,0.2976837158203125,49.266178131103516,2.7884750366210938,2.927947998046875,0.421783447265625,0.44091033935546875,0.34847259521484375,0.48246002197265625,2.8951873779296875,0.44510650634765625,0.34882354736328125,0.31806182861328125,2.817138671875,0.3169097900390625,0.2939910888671875,33.734519958496094,0.2394561767578125,23.590049743652344,0.23001861572265625,0,248086.88848876953,248402.78778076172,0,34088599552,2147483648,8102600704,0
200,1787751612394,3500,3500,3500,3500,3500,3500,3500,3500,3500,3500,3500,3500,3500,3500,3500,3500,3500,3500,3500,3500,8.525421142578125,0.34915924072265625,36.55314636230469,0.22109222412109375,0.2584228515625,0.3315887451171875,1.064300537109375,2.8030624389648438,2.9423065185546875,0.37551116943359375,2.8770294189453125,0.320159912109375,2.809051513671875,0.2915191650390625,0.28702545166015625,0.27909088134765625,12.254386901855469,0.18416595458984375,48.67951965332031,0.184112548828125,0,248095.76922607422,248409.5531616211,0,34088599552,2147483648,8102576128,0
200,1787751612595,3500,3500,3500,3500,3500,3500,3500,3500,3500,3500,3500,3500,3500,3500,3500,3500,3500,3500,3500,3500,8.624824523925781,0.305419921875,44.53765869140625,0.2415008544921875,0.285614013671875,0.27388763427734375,0.2948455810546875,0.27094268798828125,0.30756378173828125,0.33431243896484375,0.32138824462890625,2.8392486572265625,0.31789398193359375,0.326873779296875,0.34928131103515625,0.31325531005859375,2.9865951538085938,0.2836151123046875,48.2298469543457,0.20891571044921875,0,248104.95068359375,248416.6265258789,0,34088599552,2147483648,8102576128,0
200,1787751612795,3500,3500,3500,3500,3500,3500,3500,3500,3500,3500,3500,3500,3500,3500,3500,3500,3500,3500,3500,3500,6.599967956542969,2.8058929443359375,54.054710388183594,0.15894317626953125,0.269561767578125,2.7778167724609375,0.31220245361328125,0.1805419921875,0.240234375,0.30516815185546875,0.2461700439453125,0.250762939453125,23.586204528808594,0.2082672119140625,2.8099822998046875,2.7779159545898438,15.382072448730469,0.24677276611328125,15.152664184570313,2.75701904296875,0,248114.47979736328,248424.00653076172,0,34088599552,2147483648,8103612416,0
200,1787751612996,3500,3500,3500,3500,3500,3500,3500,3500,3500,3500,3500,3500,3500,3500,3500,3500,3500,3500,3500,3500,0.667999267578125,0.3363189697265625,35.70088195800781,0.314666748046875,0.33322906494140625,0.3453521728515625,2.8368682861328125,0.2241973876953125,0.277740478515625,0.2670135498046875,0.31221771240234375,0.315216064453125,0.33472442626953125,0.31685638427734375,0.4168548583984375,0.39105987548828125,10.603668212890625,0.275146484375,62.20744705200195,0.2073822021484375,0,248123.82061767578,248431.2177734375,0,34088599552,2147483648,8103612416,0
200,1787751613196,3500,3500,3500,3500,3500,3500,3500,3500,3500,3500,3500,3500,3500,3500,3500,3500,3500,3500,3500,3500,16.80994415283203,0.25095367431640625,28.44098663330078,2.7319107055664063,2.7903976440429688,0.35479736328125,0.254150390625,0.25080108642578125,0.187713623046875,0.20969390869140625,0.35125732421875,0.2572479248046875,0.2693328857421875,2.86602783203125,0.3484039306640625,0.36054229736328125,22.241195678710938,2.7554855346679688,43.311038970947266,0.172332763671875,0,248134.44989013672,248439.88958740234,0,34088599552,2147483648,8103612416,0
200,1787751613396,3500,3500,3500,3500,3500,3500,3500,3500,3500,3500,3500,3500,3500,3500,3500,3500,3500,3500,3500,3500,12.851142883300781,0.8479843139648438,40.506744384765625,0.14215850830078125,0.21743011474609375,0.22406768798828125,0.25055694580078125,3.031341552734375,2.9151687622070313,2.87591552734375,2.8574600219726563,0.266815185546875,2.819000244140625,0.29285430908203125,0.31854248046875,0.29419708251953125,1.7602157592773438,5.0607147216796875,49.217933654785156,0.1236572265625,0,248143.41772460938,248446.9627685547,0,34088599552,2147483648,8103591936,0
199,1787751613596,3500,3500,3500,3500,3500,3500,3500,3500,3500,3500,3500,3500,3500,3500,3500,3500,3500,3500,3500,3500,0.56817626953125,1.4574050903320313,66.72097778320313,0.27109527587890625,0.462799072265625,0.57781982421875,0.42193603515625,0.6350250244140625,0.438873291015625,0.5672760009765625,0.5693206787109375,1.8981781005859375,0.3674774169921875,0.35408782958984375,0.49402618408203125,0.49147796630859375,0.2593536376953125,35.22271728515625,4.757232666015625,0.2787933349609375,0,248152.7562866211,248453.91009521484,0,34088599552,2147483648,8104198144,0
200,1787751613796,3500,3500,3500,3500,3500,3500,3500,3500,3500,3500,3500,3500,3500,3500,3500,3500,3500,3500,3500,3500,15.994239807128906,1.407470703125,19.75507354736328,0.29244232177734375,0.2983856201171875,2.839385986328125,0.339324951171875,0.4073944091796875,0.32907867431640625,0.27124786376953125,0.24970245361328125,1.4215621948242188,0.4443817138671875,0.3177337646484375,2.9767837524414063,2.9884796142578125,0.2127685546875,21.402053833007813,47.87554931640625,2.72857666015625,0,248161.89837646484,248461.15942382813,0,34088599552,2147483648,8104513536,0
200,1787751613997,3500,3500,3500,3500,3500,3500,3500,3500,3500,3500,3500,3500,3500,3500,3500,3500,3500,3500,3500,3500,8.608253479003906,3.3569183349609375,59.90449142456055,0.179779052734375,0.26006317138671875,0.24645233154296875,2.7614822387695313,0.25702667236328125,0.28604888916015625,0.2576751708984375,0.27622222900390625,0.24739837646484375,0.3977508544921875,0.27826690673828125,0.38722991943359375,0.3793487548828125,0.21588134765625,36.21771240234375,3.8899688720703125,0.1974334716796875,0,248172.2098388672,248468.97467041016,0,34088599552,2147483648,8104583168,0
200,1787751614197,3500,3500,3500,3500,3500,3500,3500,3500,3500,3500,3500,3500,3500,3500,3500,3500,3500,3500,3500,3500,30.886611938476563,1.2401885986328125,39.83647155761719,2.7933120727539063,2.7578887939453125,0.32649993896484375,0.26373291015625,0.26937103271484375,0.45632171630859375,0.47737884521484375,0.47318267822265625,0.4174041748046875,0.97271728515625,2.8048324584960938,0.38272857666015625,0.39714813232421875,2.73553466796875,23.47730255126953,18.44579315185547,0.1891937255859375,0,248181.87731933594,248476.52270507813,0,34088599552,2147483648,8104792064,0
200,1787751614398,3500,3500,3500,3500,3500,3500,3500,3500,3500,3500,3500,3500,3500,3500,3500,3500,3500,3500,3500,3500,11.195266723632813,1.1035537719726563,43.895774841308594,0.2570648193359375,0.3260040283203125,0.23268890380859375,0.30986785888671875,2.8959274291992188,2.8618621826171875,2.8589630126953125,2.8268890380859375,0.29943084716796875,2.8514175415039063,0.3104705810546875,0.40143585205078125,0.43135833740234375,0.24407958984375,11.574874877929688,40.032718658447266,0.22998809814453125,0,248190.75067138672,248483.25518798828,0,34088599552,2147483648,8104779776,0
200,1787751614598,3500,3500,3500,3500,3500,3500,3500,3500,3500,3500,3500,3500,3500,3500,3500,3500,3500,3500,3500,3500,16.03106689453125,1.661407470703125,58.388309478759766,0.16986083984375,0.45870208740234375,0.35985565185546875,0.36240386962890625,0.45090484619140625,0.34825897216796875,0.244171142578125,0.28334808349609375,0.2895965576171875,0.3143310546875,0.2950897216796875,0.3787994384765625,0.40478515625,0.255859375,4.456398010253906,24.2003173828125,0.261810302734375,0,248200.27337646484,248490.66052246094,0,34088599552,2147483648,8104910848,0
200,1787751614798,3500,3500,3500,3500,3500,3500,3500,3500,3500,3500,3500,3500,3500,3500,3500,3500,3500,3500,3500,3500,5.260963439941406,1.5172805786132813,53.40145492553711,0.2171478271484375,0.4563140869140625,2.9743499755859375,0.38545989990234375,0.4566650390625,0.27411651611328125,0.254547119140625,0.2198944091796875,2.8130722045898438,0.26827239990234375,0.3068695068359375,2.8622589111328125,2.8973617553710938,0.192779541015625,20.747955322265625,24.370254516601563,2.703826904296875,0,248208.98181152344,248497.24835205078,0,34088599552,2147483648,8104910848,0
200,1787751614998,3500,3500,3500,3500,3500,3500,3500,3500,3500,3500,3500,3500,3500,3500,3500,3500,3500,3500,3500,3500,4.6515655517578125,3.71856689453125,71.92131805419922,0.1613311767578125,0.3141632080078125,0.33225250244140625,2.8416213989257813,0.29418182373046875,0.27104949951171875,0.2585601806640625,0.23317718505859375,0.27614593505859375,0.7110214233398438,0.259552001953125,0.30367279052734375,0.3205108642578125,0.174072265625,17.08580780029297,29.770263671875,0.1836090087890625,0,248218.40509033203,248504.52227783203,0,34088599552,2147483648,8105308160,0
200,1787751615199,3500,3500,3500,3500,3500,3500,3500,3500,3500,3500,3500,3500,3500,3500,3500,3500,3500,3500,3500,3500,10.67364501953125,1.7023086547851563,90.0744857788086,2.6886215209960938,2.7556381225585938,0.26752471923828125,0.35315704345703125,0.35101318359375,0.30181121826171875,0.30185699462890625,0.25260162353515625,0.28887939453125,0.33135223388671875,2.8003997802734375,0.40430450439453125,0.425567626953125,2.7698593139648438,6.8753509521484375,2.2753829956054688,0.2325897216796875,0,248229.044921875,248513.03741455078,0,34088599552,2147483648,8105291776,0
200,1787751615399,3500,3500,3500,3500,3500,3500,3500,3500,3500,3500,3500,3500,3500,3500,3500,3500,3500,3500,3500,3500,29.44170379638672,0.8912277221679688,33.35078430175781,0.17728424072265625,0.27873992919921875,0.380645751953125,0.35587310791015625,3.0224990844726563,2.8125457763671875,2.732025146484375,2.755096435546875,0.2101593017578125,2.8154449462890625,0.233184814453125,0.31845855712890625,0.28887939453125,0.2134552001953125,25.456588745117188,17.605804443359375,0.1735382080078125,0,248236.4380493164,248518.3126220703,0,34088599552,2147483648,8105287680,0
199,1787751615599,3500,3500,3500,3500,3500,3500,3500,3500,3500,3500,3500,3500,3500,3500,3500,3500,3500,3500,3500,3500,12.786972045898438,1.476654052734375,32.31334686279297,0.26215362548828125,0.48822784423828125,0.499053955078125,0.5128326416015625,0.64971923828125,0.27762603759765625,0.29019927978515625,0.29813385009765625,0.28725433349609375,0.6692352294921875,0.535186767578125,0.317596435546875,0.30327606201171875,0.2498779296875,23.073318481445313,40.38832473754883,0.20476531982421875,0,248244.86547851563,248524.6055908203,0,34088599552,2147483648,8105947136,0
200,1787751615799,3500,3500,3500,3500,3500,3500,3500,3500,3500,3500,3500,3500,3500,3500,3500,3500,3500,3500,3500,3500,2.6099319458007813,1.5326461791992188,71.0419921875,0.20479583740234375,0.35691070556640625,2.9608001708984375,0.41173553466796875,0.40718841552734375,0.26766204833984375,0.3577117919921875,0.2971954345703125,2.8853912353515625,0.529022216796875,0.52777099609375,2.8397674560546875,2.821075439453125,0.238525390625,10.147590637207031,23.2813720703125,2.7877426147460938,0,248254.4923095703,248532.11987304688,0,34088599552,2147483648,8106147840,0
200,1787751615999,3500,3500,3500,3500,3500,3500,3500,3500,3500,3500,3500,3500,3500,3500,3500,3500,3500,3500,3500,3500,0.5356979370117188,4.118446350097656,27.29631805419922,0.26392364501953125,0.34527587890625,0.331634521484375,2.847381591796875,0.30970001220703125,0.326385498046875,0.24913787841796875,0.25433349609375,0.29865264892578125,0.3050994873046875,0.30210113525390625,0.297454833984375,0.30804443359375,0.23899078369140625,9.326873779296875,70.7611083984375,0.1529998779296875,0,248263.7459716797,248539.27264404297,0,34088599552,2147483648,8106147840,0
200,1787751616200,3500,3500,3500,3500,3500,3500,3500,3500,3500,3500,3500,3500,3500,3500,3500,3500,3500,3500,3500,3500,16.586593627929688,1.7261199951171875,73.10655212402344,2.7000350952148438,2.7545623779296875,0.23838043212890625,0.28981781005859375,0.26282501220703125,0.29610443115234375,0.2468109130859375,0.23877716064453125,0.30648040771484375,0.26631927490234375,2.7870941162109375,0.277587890625,0.2638702392578125,2.7406387329101563,5.2091827392578125,14.790283203125,0.18309783935546875,0,248273.53588867188,248546.92822265625,0,34088599552,2147483648,8106278912,0
200,1787751616400,3500,3500,3500,3500,3500,3500,3500,3500,3500,3500,3500,3500,3500,3500,3500,3500,3500,3500,3500,3500,17.386634826660156,0.8556671142578125,29.492050170898438,0.27170562744140625,0.2179107666015625,0.30831146240234375,0.22750091552734375,2.8102264404296875,2.798492431640625,2.7946929931640625,2.7355117797851563,0.26091766357421875,34.48823547363281,0.24892425537109375,0.27834320068359375,0.280792236328125,0.21051788330078125,8.598297119140625,25.5289306640625,0.23075103759765625,0,248284.17791748047,248555.4425048828,0,34088599552,2147483648,8108519424,0
200,1787751616601,3500,3500,3500,3500,3500,3500,3500,3500,3500,3500,3500,3500,3500,3500,3500,3500,3500,3500,3500,3500,0.6909103393554688,1.8055419921875,47.725677490234375,0.19762420654296875,0.25537109375,0.28045654296875,0.26648712158203125,0.34398651123046875,0.30030059814453125,0.24310302734375,0.25347900390625,0.25960540771484375,0.3444366455078125,0.3517608642578125,0.277862548828125,0.3011474609375,0.193084716796875,46.962059020996094,9.433540344238281,0.20804595947265625,0,248293.09143066406,248562.23986816406,0,34088599552,2147483648,8109371392,0
200,1787751616801,3500,3500,3500,3500,3500,3500,3500,3500,3500,3500,3500,3500,3500,3500,3500,3500,3500,3500,3500,3500,8.371658325195313,1.6221084594726563,54.577247619628906,0.27681732177734375,0.34063720703125,2.89276123046875,0.31815338134765625,0.2649993896484375,0.37982177734375,0.2985076904296875,0.3082275390625,2.8052139282226563,0.354644775390625,0.332855224609375,2.8613510131835938,2.8469924926757813,0.25852203369140625,34.39575958251953,6.371971130371094,2.7936477661132813,0,248301.65563964844,248568.68505859375,0,34088599552,2147483648,8109326336,0
200,1787751617001,3500,3500,3500,3500,3500,3500,3500,3500,3500,3500,3500,3500,3500,3500,3500,3500,3500,3500,3500,3500,8.160591125488281,4.1309814453125,53.60246658325195,0.233245849609375,0.2901763916015625,0.2971649169921875,2.805755615234375,0.25516510009765625,0.330718994140625,0.25131988525390625,0.279388427734375,0.257568359375,0.2948150634765625,0.3105926513671875,0.303009033203125,0.30879974365234375,0.2345428466796875,24.569656372070313,21.422752380371094,0.2044830322265625,0,248311.94018554688,248576.86199951172,0,34088599552,2147483648,8109326336,0
200,1787751617202,3500,3500,3500,3500,3500,3500,3500,3500,3500,3500,3500,3500,3500,3500,3500,3500,3500,3500,3500,3500,3.9959182739257813,1.5326919555664063,58.0750617980957,2.6738739013671875,2.6613311767578125,0.22408294677734375,0.26773834228515625,0.2712860107421875,0.20059967041015625,0.18096923828125,0.23961639404296875,0.2606964111328125,0.4148406982421875,2.768829345703125,0.34531402587890625,0.298553466796875,2.68975830078125,25.904037475585938,25.218360900878906,0.16843414306640625,0,248320.91845703125,248583.7055053711,0,34088599552,2147483648,8111652864,0
199,1787751617402,3500,3500,3500,3500,3500,3500,3500,3500,3500,3500,3500,3500,3500,3500,3500,3500,3500,3500,3500,3500,0.48487091064453125,1.12200927734375,55.4389762878418,0.2201080322265625,0.27867889404296875,0.25408935546875,0.26116943359375,3.2925872802734375,2.746551513671875,2.7415618896484375,2.9017562866210938,0.28551483154296875,2.1796646118164063,0.28771209716796875,0.3146514892578125,0.29215240478515625,0.2559814453125,7.6456298828125,41.41685485839844,0.20499420166015625,0,248328.50744628906,248589.15625,0,34088599552,2147483648,8111734784,0
200,1787751617602,3500,3500,3500,3500,3500,3500,3500,3500,3500,3500,3500,3500,3500,3500,3500,3500,3500,3500,3500,3500,0.6075973510742188,1.480316162109375,55.55708312988281,0.20909881591796875,0.361572265625,0.29175567626953125,0.34807586669921875,0.3136444091796875,0.37711334228515625,0.276611328125,0.32988739013671875,0.32588958740234375,0.998504638671875,0.37216949462890625,0.33403778076171875,0.32073974609375,0.2827606201171875,3.1123123168945313,45.501094818115234,0.20684814453125,0,248338.55438232422,248597.09838867188,0,34088599552,2147483648,8112394240,0
200,1787751617803,3500,3500,3500,3500,3500,3500,3500,3500,3500,3500,3500,3500,3500,3500,3500,3500,3500,3500,3500,3500,7.778480529785156,1.4127044677734375,62.89732360839844,0.2056884765625,0.4040374755859375,2.8777542114257813,0.291961669921875,0.3708038330078125,0.2247467041015625,0.2094268798828125,0.24695587158203125,2.733245849609375,0.2425079345703125,0.2605743408203125,2.745269775390625,1.1546249389648438,0.173004150390625,16.960494995117188,31.797958374023438,2.6894302368164063,0,248345.32202148438,248602.6190185547,0,34088599552,2147483648,8116830208,0
200,1787751618003,3500,3500,3500,3500,3500,3500,3500,3500,3500,3500,3500,3500,3500,3500,3500,3500,3500,3500,3500,3500,9.762832641601563,3.759185791015625,63.646751403808594,0.16353607177734375,0.37717437744140625,0.358856201171875,2.8028335571289063,0.4094085693359375,0.29303741455078125,0.290191650390625,0.2730712890625,0.2501678466796875,0.3339080810546875,0.28260040283203125,0.27552032470703125,1.8948898315429688,0.24123382568359375,18.061050415039063,21.426246643066406,0.1951751708984375,0,248355.1753540039,248609.80834960938,0,34088599552,2147483648,8116813824,0
200,1787751618203,3500,3500,3500,3500,3500,3500,3500,3500,3500,3500,3500,3500,3500,3500,3500,3500,3500,3500,3500,3500,3.0869140625,1.5061721801757813,63.098575592041016,2.756622314453125,2.8274002075195313,0.318023681640625,0.31707763671875,0.4384765625,0.31179046630859375,0.28769683837890625,0.32256317138671875,0.32186126708984375,0.3797760009765625,2.890594482421875,0.32769775390625,0.33199310302734375,2.8091964721679688,5.218559265136719,38.114959716796875,0.2708892822265625,0,248363.81176757813,248616.04077148438,0,34088599552,2147483648,8117301248,0
200,1787751618404,3500,3500,3500,3500,3500,3500,3500,3500,3500,3500,3500,3500,3500,3500,3500,3500,3500,3500,3500,3500,0.714202880859375,1.192413330078125,60.4089469909668,0.22437286376953125,0.26705169677734375,0.346832275390625,0.2915802001953125,2.8681259155273438,2.8213043212890625,2.7681045532226563,2.85076904296875,0.3539581298828125,0.40027618408203125,0.37076568603515625,0.32080078125,0.31252288818359375,0.24526214599609375,25.26923370361328,18.279342651367188,0.27433013916015625,0,248372.20178222656,248622.22747802734,0,34088599552,2147483648,8117415936,0
199,1787751618604,3500,3500,3500,3500,3500,3500,3500,3500,3500,3500,3500,3500,3500,3500,3500,3500,3500,3500,3500,3500,4.979209899902344,0.934173583984375,39.377845764160156,0.23911285400390625,0.3892974853515625,0.34815216064453125,0.36812591552734375,4.0534820556640625,1.1277923583984375,0.4532012939453125,0.3575439453125,0.4491119384765625,2.9145050048828125,0.38405609130859375,0.31565093994140625,0.27256011962890625,0.252288818359375,14.062530517578125,50.08320617675781,0.17490386962890625,0,248380.7940673828,248628.68743896484,0,34088599552,2147483648,8121786368,0
200,1787751618804,3500,3500,3500,3500,3500,3500,3500,3500,3500,3500,3500,3500,3500,3500,3500,3500,3500,3500,3500,3500,8.511833190917969,1.615020751953125,58.27055358886719,0.23548126220703125,0.339447021484375,2.8738479614257813,0.47286224365234375,0.47176361083984375,0.3515472412109375,0.38653564453125,0.334503173828125,2.8310089111328125,0.39623260498046875,0.39178466796875,2.8649520874023438,0.3040618896484375,0.205291748046875,25.53759002685547,12.344345092773438,2.77423095703125,0,248391.00958251953,248636.78973388672,0,34088599552,2147483648,8121851904,0
200,1787751619005,3500,3500,3500,3500,3500,3500,3500,3500,3500,3500,3500,3500,3500,3500,3500,3500,3500,3500,3500,3500,3.0269775390625,4.059867858886719,84.44889068603516,0.0189666748046875,0.19452667236328125,0.19142913818359375,2.7313690185546875,0.28363037109375,0.17725372314453125,0.184295654296875,0.1081695556640625,0.09114837646484375,0.26511383056640625,0.256378173828125,0.2440948486328125,2.7772903442382813,0.13802337646484375,2.3391189575195313,18.632247924804688,0.13213348388671875,0,248400.1553955078,248643.80755615234,0,34088599552,2147483648,8121851904,0
200,1787751619205,3500,3500,3500,3500,3500,3500,3500,3500,3500,3500,3500,3500,3500,3500,3500,3500,3500,3500,3500,3500,3.5202865600585938,1.4914932250976563,74.40940856933594,2.83892822265625,3.1207427978515625,0.5071258544921875,0.5252151489257813,0.55029296875,0.41757965087890625,0.45960235595703125,0.4019927978515625,0.4680023193359375,0.520416259765625,3.0364456176757813,0.475494384765625,0.49562835693359375,2.8929901123046875,5.741607666015625,25.788917541503906,0.374359130859375,0,248409.0737915039,248650.6385498047,0,34088599552,2147483648,8121831424,0
200,1787751619405,3500,3500,3500,3500,3500,3500,3500,3500,3500,3500,3500,3500,3500,3500,3500,3500,3500,3500,3500,3500,10.3529052734375,1.3111114501953125,32.13203430175781,0.26120758056640625,0.2370452880859375,0.2696380615234375,0.28881072998046875,2.8291778564453125,2.7965850830078125,2.827728271484375,2.8633193969726563,0.2769775390625,8.541290283203125,0.30248260498046875,0.26529693603515625,0.289459228515625,0.20600128173828125,20.0970458984375,37.3275260925293,0.19795989990234375,0,248418.75927734375,248658.17462158203,0,34088599552,2147483648,8123686912,0
200,1787751619605,3500,3500,3500,3500,3500,3500,3500,3500,3500,3500,3500,3500,3500,3500,3500,3500,3500,3500,3500,3500,27.960411071777344,1.0590362548828125,24.417572021484375,0.22322845458984375,0.27274322509765625,0.22103118896484375,0.2967071533203125,0.47530364990234375,0.31098175048828125,0.33199310302734375,0.2653045654296875,0.2590179443359375,2.84515380859375,0.31612396240234375,0.30764007568359375,0.28527069091796875,0.2384490966796875,18.507781982421875,34.628143310546875,0.1850433349609375,0,248428.55670166016,248665.85455322266,0,34088599552,2147483648,8123879424,0
200,1787751619806,3500,3500,3500,3500,3500,3500,3500,3500,3500,3500,3500,3500,3500,3500,3500,3500,3500,3500,3500,3500,10.157936096191406,1.515106201171875,54.64412307739258,0.183502197265625,0.26953125,2.8369293212890625,0.320587158203125,0.2145233154296875,0.2447967529296875,0.26403045654296875,0.30629730224609375,2.7902145385742188,0.261932373046875,0.296905517578125,2.8506698608398438,0.27982330322265625,0.29021453857421875,11.843505859375,29.492462158203125,2.7270660400390625,0,248436.953125,248672.13848876953,0,34088599552,2147483648,8123879424,0
200,1787751620006,3500,3500,3500,3500,3500,3500,3500,3500,3500,3500,3500,3500,3500,3500,3500,3500,3500,3500,3500,3500,6.77783203125,3.7055740356445313,33.912757873535156,0.22229766845703125,0.25566864013671875,0.22304534912109375,2.7613601684570313,0.2844085693359375,0.2838592529296875,0.29158782958984375,0.32266998291015625,0.2942352294921875,0.30156707763671875,0.2879486083984375,0.328857421875,2.8526535034179688,0.2222442626953125,20.613815307617188,51.95418167114258,0.15395355224609375,0,248446.72888183594,248679.7739868164,0,34088599552,2147483648,8125804544,0
200,1787751620206,3500,3500,3500,3500,3500,3500,3500,3500,3500,3500,3500,3500,3500,3500,3500,3500,3500,3500,3500,3500,16.503524780273438,1.3880386352539063,68.79296875,2.70623779296875,2.95672607421875,0.40119171142578125,0.44472503662109375,0.4602508544921875,0.2147979736328125,0.27759552001953125,0.30420684814453125,0.27719879150390625,0.5691680908203125,2.8155059814453125,0.28234100341796875,0.3041534423828125,2.7589492797851563,16.229820251464844,10.915641784667969,0.21509552001953125,0,248456.37469482422,248687.31481933594,0,34088599552,2147483648,8125804544,0
200,1787751620407,3500,3500,3500,3500,3500,3500,3500,3500,3500,3500,3500,3500,3500,3500,3500,3500,3500,3500,3500,3500,8.748481750488281,1.1025924682617188,43.1583137512207,0.289031982421875,0.47409820556640625,0.3555755615234375,0.46142578125,2.8848037719726563,2.9351348876953125,2.8806610107421875,1.7703857421875,0.2953643798828125,8.201652526855469,0.29790496826171875,0.2959136962890625,0.3656005859375,0.21520233154296875,24.782638549804688,19.85418701171875,0.21819305419921875,0,248465.56182861328,248694.37677001953,0,34088599552,2147483648,8125788160,0
200,1787751620607,3500,3500,3500,3500,3500,3500,3500,3500,3500,3500,3500,3500,3500,3500,3500,3500,3500,3500,3500,3500,8.232276916503906,1.31646728515625,50.45868682861328,0.193084716796875,0.45806121826171875,0.358428955078125,0.34630584716796875,0.521026611328125,0.292572021484375,0.23868560791015625,1.3605194091796875,0.2602386474609375,10.617942810058594,0.3331298828125,0.28453826904296875,0.2834930419921875,0.22112274169921875,3.5142364501953125,35.471351623535156,0.20705413818359375,0,248473.4249267578,248700.13116455078,0,34088599552,2147483648,8126148608,0
200,1787751620807,3500,3500,3500,3500,3500,3500,3500,3500,3500,3500,3500,3500,3500,3500,3500,3500,3500,3500,3500,3500,34.98326873779297,0.5310287475585938,81.54338836669922,0.17153167724609375,0.6377410888671875,2.7779693603515625,0.28094482421875,8.55029296875,2.2533416748046875,0.29986572265625,0.35150146484375,2.8015899658203125,32.78191375732422,0.3036651611328125,13.805320739746094,0.32468414306640625,0.22666168212890625,48.71902847290039,63.01277542114258,2.7312774658203125,0,248484.50036621094,248708.92150878906,0,34088599552,2147483648,8160120832,0
200,1787751621008,3500,3500,3500,3500,3500,3500,3500,3500,3500,3500,3500,3500,3500,3500,3500,3500,3500,3500,3500,3500,28.658058166503906,2.8398361206054688,69.32443237304688,0.25164031982421875,0.243194580078125,0.27777099609375,2.9138870239257813,0.6436386108398438,0.6219024658203125,0.27112579345703125,0.29291534423828125,0.3692169189453125,27.180152893066406,0.366119384765625,23.449195861816406,2.9307708740234375,0.24004364013671875,75.545654296875,92.9290771484375,0.19692230224609375,0,248503.2875366211,248725.5991821289,0,34088599552,2147483648,8169013248,0
200,1787751621208,3500,3500,3500,3500,3500,3500,3500,3500,3500,3500,3500,3500,3500,3500,3500,3500,3500,3500,3500,3500,30.043128967285156,0.367401123046875,72.18032836914063,2.7192611694335938,2.859100341796875,0.45073699951171875,0.45648193359375,2.4495773315429688,0.5224761962890625,0.369903564453125,0.291717529296875,0.31829071044921875,24.774368286132813,2.8111419677734375,4.032157897949219,0.42780303955078125,2.7881088256835938,43.78327560424805,77.65812683105469,0.1929931640625,0,248516.64782714844,248736.76245117188,0,34088599552,2147483648,8140259328,0
200,1787751621408,3500,3500,3500,3500,3500,3500,3500,3500,3500,3500,3500,3500,3500,3500,3500,3500,3500,3500,3500,3500,9.070610046386719,1.5439376831054688,55.00059127807617,0.1884918212890625,0.40746307373046875,0.4204864501953125,0.40032958984375,3.3748550415039063,2.757049560546875,2.790130615234375,0.20545196533203125,0.26517486572265625,0.31586456298828125,0.3128662109375,0.358673095703125,0.356475830078125,0.2274017333984375,3.2763214111328125,37.40513610839844,0.14713287353515625,0,248526.46087646484,248744.43927001953,0,34088599552,2147483648,8139714560,0
200,1787751621608,3500,3500,3500,3500,3500,3500,3500,3500,3500,3500,3500,3500,3500,3500,3500,3500,3500,3500,3500,3500,13.654373168945313,0.9038467407226563,61.80690002441406,0.17906951904296875,0.5219802856445313,0.5106887817382813,0.45299530029296875,0.7260208129882813,0.2323150634765625,0.35713958740234375,2.8731689453125,0.2379608154296875,9.824661254882813,0.24425506591796875,0.35768890380859375,0.36388397216796875,0.2848663330078125,13.211418151855469,30.3660888671875,0.1908111572265625,0,248534.61450195313,248750.42901611328,0,34088599552,2147483648,8140050432,0
200,1787751621809,3500,3500,3500,3500,3500,3500,3500,3500,3500,3500,3500,3500,3500,3500,3500,3500,3500,3500,3500,3500,30.945526123046875,1.62823486328125,61.411930084228516,0.23329925537109375,0.5193557739257813,3.0514297485351563,0.4867095947265625,0.47467803955078125,0.32883453369140625,0.32588958740234375,0.34854888916015625,2.8491744995117188,0.35428619384765625,0.343109130859375,0.332122802734375,0.342559814453125,0.3067169189453125,3.25592041015625,9.69140625,2.7511978149414063,0,248544.92315673828,248758.61779785156,0,34088599552,2147483648,8139382784,0
200,1787751622009,3500,3500,3500,3500,3500,3500,3500,3500,3500,3500,3500,3500,3500,3500,3500,3500,3500,3500,3500,3500,8.653419494628906,4.06036376953125,42.12503433227539,0.223907470703125,0.45246124267578125,0.39936065673828125,2.9024581909179688,0.4324798583984375,0.28680419921875,0.280609130859375,0.24184417724609375,0.27631378173828125,0.2906036376953125,0.2724151611328125,2.8266754150390625,2.7850570678710938,0.2769622802734375,17.094772338867188,38.13785934448242,0.18279266357421875,0,248554.9896850586,248766.5731201172,0,34088599552,2147483648,8139145216,0
199,1787751622209,3500,3500,3500,3500,3500,3500,3500,3500,3500,3500,3500,3500,3500,3500,3500,3500,3500,3500,3500,3500,3.7879714965820313,1.6893692016601563,69.16221618652344,2.6712188720703125,0.45453643798828125,0.47077178955078125,0.39939117431640625,0.46242523193359375,0.21103668212890625,0.2673797607421875,0.2266693115234375,0.2316131591796875,0.26882171630859375,2.7789535522460938,0.31702423095703125,0.25249481201171875,2.6846542358398438,7.901214599609375,35.73912048339844,0.16153717041015625,0,248564.55096435547,248773.98657226563,0,34088599552,2147483648,8138248192,0
200,1787751622409,3500,3500,3500,3500,3500,3500,3500,3500,3500,3500,3500,3500,3500,3500,3500,3500,3500,3500,3500,3500,5.220924377441406,1.5593185424804688,55.640769958496094,0.2489013671875,2.9586257934570313,0.45497894287109375,0.45012664794921875,2.9451828002929688,2.8040695190429688,2.8557357788085938,0.34024810791015625,0.2810821533203125,0.3450469970703125,0.308868408203125,0.41060638427734375,0.3841705322265625,0.29337310791015625,17.326820373535156,25.50762176513672,0.31696319580078125,0,248574.53924560547,248781.8681640625,0,34088599552,2147483648,8138248192,0
200,1787751622609,3500,3500,3500,3500,3500,3500,3500,3500,3500,3500,3500,3500,3500,3500,3500,3500,3500,3500,3500,3500,0.6276321411132813,1.6804275512695313,48.02009582519531,0.22834014892578125,0.32186126708984375,0.27150726318359375,0.275848388671875,0.36841583251953125,0.27924346923828125,0.2801971435546875,2.8821334838867188,0.2203521728515625,2.812347412109375,0.29563140869140625,0.30951690673828125,0.3150634765625,0.254119873046875,17.951614379882813,39.02130889892578,0.20941162109375,0,248582.3770751953,248787.58953857422,0,34088599552,2147483648,8138268672,0
200,1787751622810,3500,3500,3500,3500,3500,3500,3500,3500,3500,3500,3500,3500,3500,3500,3500,3500,3500,3500,3500,3500,21.875770568847656,1.6250228881835938,46.583412170410156,0.19564056396484375,0.233856201171875,2.8077239990234375,0.271728515625,0.2080078125,0.25341796875,0.2812042236328125,0.26633453369140625,2.7892608642578125,0.30939483642578125,0.2639923095703125,0.28519439697265625,0.2669830322265625,0.2061614990234375,4.1365203857421875,31.488182067871094,0.3000640869140625,0,248590.9464111328,248794.02612304688,0,34088599552,2147483648,8138244096,0
200,1787751623010,3500,3500,3500,3500,3500,3500,3500,3500,3500,3500,3500,3500,3500,3500,3500,3500,3500,3500,3500,3500,18.497772216796875,3.6300125122070313,62.107425689697266,0.16762542724609375,0.20055389404296875,0.248046875,2.7057342529296875,0.26709747314453125,0.2351226806640625,0.25966644287109375,0.24739837646484375,0.2190093994140625,0.264404296875,0.27782440185546875,2.9347686767578125,2.9587173461914063,0.16937255859375,16.387550354003906,11.326995849609375,2.6304550170898438,0,248599.37786865234,248800.3302001953,0,34088599552,2147483648,8138219520,0
200,1787751623211,3500,3500,3500,3500,3500,3500,3500,3500,3500,3500,3500,3500,3500,3500,3500,3500,3500,3500,3500,3500,12.358909606933594,1.8638763427734375,67.7002182006836,0.2286224365234375,0.4003753662109375,0.33237457275390625,0.33052825927734375,0.39827728271484375,0.44366455078125,0.3267822265625,0.2895355224609375,0.3624267578125,8.207565307617188,2.8411712646484375,0.48155975341796875,0.478759765625,2.8140106201171875,14.156974792480469,10.383544921875,0.2904815673828125,0,248608.13751220703,248806.96661376953,0,34088599552,2147483648,8138219520,0
200,1787751623411,3500,3500,3500,3500,3500,3500,3500,3500,3500,3500,3500,3500,3500,3500,3500,3500,3500,3500,3500,3500,8.450759887695313,1.7509231567382813,82.50641632080078,2.690582275390625,2.913177490234375,0.35843658447265625,0.36248016357421875,2.8936004638671875,2.8432083129882813,2.8138885498046875,0.29311370849609375,0.27373504638671875,0.324920654296875,0.2916107177734375,0.2828216552734375,0.32862091064453125,0.30155181884765625,9.533355712890625,3.007965087890625,0.25385284423828125,0,248617.75762939453,248814.52056884766,0,34088599552,2147483648,8138203136,0
200,1787751623611,3500,3500,3500,3500,3500,3500,3500,3500,3500,3500,3500,3500,3500,3500,3500,3500,3500,3500,3500,3500,3.3775863647460938,1.5691146850585938,70.91577911376953,0.18166351318359375,0.24090576171875,0.22568511962890625,0.26012420654296875,0.32225799560546875,0.36757659912109375,0.27344512939453125,2.7957077026367188,0.38803863525390625,2.7928085327148438,0.25687408447265625,0.24983978271484375,0.2852783203125,0.23177337646484375,24.337753295898438,9.101600646972656,0.252288818359375,0,248625.64361572266,248820.49005126953,0,34088599552,2147483648,8138268672,0
199,1787751623812,3500,3500,3500,3500,3500,3500,3500,3500,3500,3500,3500,3500,3500,3500,3500,3500,3500,3500,3500,3500,2.1946563720703125,1.3616409301757813,29.904098510742188,0.26561737060546875,0.28012847900390625,2.8297805786132813,0.2564849853515625,0.20815277099609375,0.4626922607421875,0.38822174072265625,0.3662261962890625,2.9964828491210938,0.368621826171875,0.3343505859375,0.30905914306640625,0.28916168212890625,0.276092529296875,23.036170959472656,54.438785552978516,0.21124267578125,0,248634.6156616211,248827.0375366211,0,34088599552,2147483648,8138272768,0
200,1787751624012,3500,3500,3500,3500,3500,3500,3500,3500,3500,3500,3500,3500,3500,3500,3500,3500,3500,3500,3500,3500,7.074859619140625,3.758880615234375,63.06828308105469,0.149444580078125,0.23816680908203125,0.22946929931640625,2.832855224609375,0.240264892578125,0.472930908203125,0.34337615966796875,0.34637451171875,0.491729736328125,0.35677337646484375,0.362823486328125,2.8483505249023438,2.8283538818359375,0.19922637939453125,11.650802612304688,25.092880249023438,2.744384765625,0,248643.68096923828,248833.98944091797,0,34088599552,2147483648,8138272768,0
199,1787751624212,3500,3500,3500,3500,3500,3500,3500,3500,3500,3500,3500,3500,3500,3500,3500,3500,3500,3500,3500,3500,16.392532348632813,1.6854705810546875,43.125152587890625,0.287078857421875,0.32175445556640625,0.3495330810546875,0.34214019775390625,0.32779693603515625,0.5433883666992188,0.400146484375,0.38330841064453125,0.4484100341796875,0.32645416259765625,2.8757095336914063,0.4342193603515625,0.43027496337890625,2.7836837768554688,18.72106170654297,30.824806213378906,0.2440643310546875,0,248652.63677978516,248840.83978271484,0,34088599552,2147483648,8138272768,0
200,1787751624412,3500,3500,3500,3500,3500,3500,3500,3500,3500,3500,3500,3500,3500,3500,3500,3500,3500,3500,3500,3500,3.5786285400390625,1.3273239135742188,40.28603744506836,2.7558135986328125,2.8834762573242188,0.27227020263671875,0.25927734375,0.225433349609375,2.9668045043945313,2.8962783813476563,0.3129119873046875,0.38098907470703125,0.30156707763671875,0.277069091796875,0.389190673828125,0.3846435546875,0.18904876708984375,26.605430603027344,39.2321891784668,0.20484161376953125,0,248661.51196289063,248847.5791015625,0,34088599552,2147483648,8138272768,0
200,1787751624612,3500,3500,3500,3500,3500,3500,3500,3500,3500,3500,3500,3500,3500,3500,3500,3500,3500,3500,3500,3500,19.7325439453125,1.6390762329101563,64.19798278808594,0.185028076171875,0.249481201171875,0.35826873779296875,0.24204254150390625,3.3591766357421875,0.393218994140625,0.34284210205078125,2.85687255859375,0.312835693359375,2.796112060546875,0.32476806640625,0.30245208740234375,0.33255767822265625,0.23909759521484375,12.516029357910156,8.113990783691406,0.22072601318359375,0,248671.71697998047,248855.66662597656,0,34088599552,2147483648,8138403840,0
200,1787751624813,3500,3500,3500,3500,3500,3500,3500,3500,3500,3500,3500,3500,3500,3500,3500,3500,3500,3500,3500,3500,3.7349777221679688,1.630950927734375,27.720733642578125,0.2825469970703125,0.33454132080078125,2.8196258544921875,0.3285064697265625,0.26563262939453125,0.379058837890625,0.25400543212890625,0.31473541259765625,2.8608932495117188,0.35445404052734375,0.33504486083984375,0.294219970703125,0.32137298583984375,0.3227691650390625,19.16180419921875,53.48005676269531,0.190673828125,0,248679.62042236328,248861.43627929688,0,34088599552,2147483648,8138391552,0
200,1787751625013,3500,3500,3500,3500,3500,3500,3500,3500,3500,3500,3500,3500,3500,3500,3500,3500,3500,3500,3500,3500,8.495399475097656,4.13494873046875,71.29914855957031,0.17870330810546875,0.26795196533203125,0.28740692138671875,2.7451400756835938,0.18997955322265625,0.27957916259765625,0.277130126953125,0.249542236328125,0.24330902099609375,0.2713470458984375,0.277679443359375,2.7737808227539063,2.7740325927734375,0.23976898193359375,18.059974670410156,9.294723510742188,2.7405548095703125,0,248688.02349853516,248867.71813964844,0,34088599552,2147483648,8138391552,0
199,1787751625214,3500,3500,3500,3500,3500,3500,3500,3500,3500,3500,3500,3500,3500,3500,3500,3500,3500,3500,3500,3500,5.778678894042969,1.3004074096679688,36.86790466308594,0.18598175048828125,0.2734832763671875,0.33115386962890625,0.2775726318359375,0.26874542236328125,0.24839019775390625,0.25811767578125,0.22159576416015625,0.23023223876953125,0.334442138671875,2.8549423217773438,0.3716583251953125,0.26345062255859375,1.1226577758789063,38.73114013671875,42.195003509521484,0.15450286865234375,0,248697.0337524414,248874.57879638672,0,34088599552,2147483648,8138395648,0
200,1787751625414,3500,3500,3500,3500,3500,3500,3500,3500,3500,3500,3500,3500,3500,3500,3500,3500,3500,3500,3500,3500,13.742546081542969,0.989044189453125,60.411651611328125,2.7650299072265625,2.8283538818359375,0.30016326904296875,0.3133087158203125,0.86614990234375,0.41110992431640625,2.8774795532226563,0.32025146484375,0.28037261962890625,0.480133056640625,0.4284515380859375,0.33229827880859375,0.31705474853515625,1.8412551879882813,7.051666259765625,25.675979614257813,0.2575836181640625,0,248705.57940673828,248881.00952148438,0,34088599552,2147483648,8138395648,0
200,1787751625614,3500,3500,3500,3500,3500,3500,3500,3500,3500,3500,3500,3500,3500,3500,3500,3500,3500,3500,3500,3500,9.408355712890625,1.3097686767578125,30.364364624023438,0.26837158203125,0.3119964599609375,0.2655792236328125,0.335052490234375,3.9518203735351563,2.8200836181640625,0.3722381591796875,2.8878097534179688,0.37892913818359375,2.9103240966796875,0.38851165771484375,0.3140411376953125,0.281402587890625,0.2501068115234375,26.475936889648438,38.66449737548828,0.21506500244140625,0,248715.57012939453,248888.8671875,0,34088599552,2147483648,8138514432,0
199,1787751625814,3500,3500,3500,3500,3500,3500,3500,3500,3500,3500,3500,3500,3500,3500,3500,3500,3500,3500,3500,3500,27.359710693359375,1.4711761474609375,49.60573196411133,0.1950225830078125,0.2799530029296875,0.17910003662109375,0.24095916748046875,0.256439208984375,0.2404632568359375,0.18498992919921875,0.27785491943359375,2.7601547241210938,0.37581634521484375,0.37896728515625,0.2654266357421875,0.2733154296875,0.2920379638671875,3.6213912963867188,24.905624389648438,0.1746063232421875,0,248723.95739746094,248895.1244506836,0,34088599552,2147483648,8138506240,0
200,1787751626014,3500,3500,3500,3500,3500,3500,3500,3500,3500,3500,3500,3500,3500,3500,3500,3500,3500,3500,3500,3500,4.0692596435546875,3.8846817016601563,13.239143371582031,0.34581756591796875,0.31793212890625,2.8075408935546875,2.5235443115234375,0.34001922607421875,0.280242919921875,0.3239288330078125,0.27794647216796875,0.2211151123046875,8.122482299804688,0.381805419921875,2.8416748046875,2.81298828125,0.22721099853515625,25.963333129882813,56.36374282836914,2.7297210693359375,0,248733.37384033203,248902.4301147461,0,34088599552,2147483648,8138498048,0
200,1787751626215,3500,3500,3500,3500,3500,3500,3500,3500,3500,3500,3500,3500,3500,3500,3500,3500,3500,3500,3500,3500,28.840904235839844,1.3387374877929688,25.179840087890625,0.2783966064453125,0.388580322265625,0.39531707763671875,0.8696670532226563,0.4958648681640625,0.28912353515625,0.3295440673828125,0.44112396240234375,0.37041473388671875,8.285659790039063,2.9092636108398438,0.312530517578125,0.31536865234375,0.22904205322265625,19.430679321289063,27.854965209960938,0.25893402099609375,0,248743.90142822266,248910.8253173828,0,34088599552,2147483648,8138498048,0
200,1787751626415,3500,3500,3500,3500,3500,3500,3500,3500,3500,3500,3500,3500,3500,3500,3500,3500,3500,3500,3500,3500,11.314910888671875,1.4848709106445313,55.23826217651367,2.7836380004882813,2.9709396362304688,0.41649627685546875,0.5142440795898438,0.5008621215820313,0.36377716064453125,2.8900222778320313,0.4742584228515625,0.474853515625,0.328887939453125,0.278564453125,0.3245391845703125,0.300079345703125,2.7630691528320313,16.730377197265625,23.019912719726563,0.24286651611328125,0,248753.4747314453,248918.2866821289,0,34088599552,2147483648,8138489856,0
200,1787751626615,3500,3500,3500,3500,3500,3500,3500,3500,3500,3500,3500,3500,3500,3500,3500,3500,3500,3500,3500,3500,0.7149505615234375,1.1244354248046875,67.18173217773438,0.17502593994140625,0.35065460205078125,0.387359619140625,0.434356689453125,3.2159957885742188,2.8199462890625,0.3138580322265625,2.8017730712890625,0.3265380859375,2.8459625244140625,0.25333404541015625,0.32459259033203125,0.31325531005859375,0.23764801025390625,15.972381591796875,22.820106506347656,0.2547760009765625,0,248763.6356201172,248926.32104492188,0,34088599552,2147483648,8138592256,0
200,1787751626816,3500,3500,3500,3500,3500,3500,3500,3500,3500,3500,3500,3500,3500,3500,3500,3500,3500,3500,3500,3500,1.5865020751953125,1.7983932495117188,30.22875213623047,0.30782318115234375,0.2659759521484375,0.23076629638671875,0.28110504150390625,0.33838653564453125,0.260833740234375,0.29099273681640625,0.2956390380859375,2.796722412109375,0.42792510986328125,0.37683868408203125,0.36565399169921875,0.36750030517578125,0.2052459716796875,32.58167266845703,39.5183219909668,0.21303558349609375,0,248771.9496459961,248932.51055908203,0,34088599552,2147483648,8138592256,0
200,1787751627016,3500,3500,3500,3500,3500,3500,3500,3500,3500,3500,3500,3500,3500,3500,3500,3500,3500,3500,3500,3500,17.952713012695313,3.8373870849609375,62.80855178833008,0.16614532470703125,0.301239013671875,2.8189773559570313,0.27104949951171875,0.2092132568359375,0.2971954345703125,0.29320526123046875,0.2565765380859375,0.23287200927734375,0.27957916259765625,0.29705047607421875,2.8584976196289063,2.8264083862304688,0.18331146240234375,20.161224365234375,6.2327423095703125,2.7473068237304688,0,248780.78704833984,248939.21795654297,0,34088599552,2147483648,8138592256,0
200,1787751627216,3500,3500,3500,3500,3500,3500,3500,3500,3500,3500,3500,3500,3500,3500,3500,3500,3500,3500,3500,3500,8.499061584472656,1.6610031127929688,65.09422302246094,0.1720733642578125,0.2459716796875,0.29973602294921875,2.90155029296875,0.35509490966796875,0.2858428955078125,0.28559112548828125,0.29723358154296875,0.2108001708984375,8.040237426757813,2.5396652221679688,0.302734375,0.31787109375,0.24791717529296875,15.800186157226563,11.254219055175781,0.23657989501953125,0,248790.48748779297,248946.79010009766,0,34088599552,2147483648,8138592256,0
200,1787751627417,3500,3500,3500,3500,3500,3500,3500,3500,3500,3500,3500,3500,3500,3500,3500,3500,3500,3500,3500,3500,3.1267318725585938,1.4654541015625,14.207603454589844,2.8102264404296875,2.84625244140625,0.3842010498046875,0.411834716796875,0.7509384155273438,0.444915771484375,2.8285903930664063,0.31415557861328125,0.26012420654296875,0.3570098876953125,0.5462875366210938,0.3245849609375,0.34194183349609375,2.784088134765625,19.030677795410156,72.83208465576172,0.19033050537109375,0,248799.62200927734,248953.80407714844,0,34088599552,2147483648,8138776576,0
200,1787751627617,3500,3500,3500,3500,3500,3500,3500,3500,3500,3500,3500,3500,3500,3500,3500,3500,3500,3500,3500,3500,7.247993469238281,1.041015625,61.3622932434082,0.18671417236328125,0.28865814208984375,0.257354736328125,0.21092987060546875,2.9193496704101563,2.8732147216796875,0.24178314208984375,2.83721923828125,0.21772003173828125,2.8045730590820313,0.31252288818359375,0.2865142822265625,0.29150390625,0.2301483154296875,2.2190628051757813,34.91014099121094,0.201690673828125,0,248809.4549560547,248961.50714111328,0,34088599552,2147483648,8138907648,0
200,1787751627817,3500,3500,3500,3500,3500,3500,3500,3500,3500,3500,3500,3500,3500,3500,3500,3500,3500,3500,3500,3500,17.146759033203125,1.7321243286132813,42.56035232543945,0.22338104248046875,0.304168701171875,0.270111083984375,0.2471466064453125,0.28833770751953125,0.24445343017578125,0.30666351318359375,0.23511505126953125,2.8256149291992188,0.29383087158203125,0.328582763671875,0.31050872802734375,0.3157958984375,0.2425537109375,7.888580322265625,36.281124114990234,0.1829376220703125,0,248818.3090209961,248968.23223876953,0,34088599552,2147483648,8138907648,0
200,1787751628018,3500,3500,3500,3500,3500,3500,3500,3500,3500,3500,3500,3500,3500,3500,3500,3500,3500,3500,3500,3500,36.74445343017578,3.232757568359375,20.767478942871094,0.175048828125,0.26778411865234375,2.798553466796875,0.2578125,3.6284027099609375,0.439697265625,0.232421875,0.25811004638671875,0.3015594482421875,8.27642822265625,0.2433929443359375,2.9351882934570313,2.810821533203125,0.164825439453125,30.262222290039063,70.25784301757813,2.6518402099609375,0,248827.1967163086,248974.95989990234,0,34088599552,2147483648,8140873728,0
200,1787751628218,3500,3500,3500,3500,3500,3500,3500,3500,3500,3500,3500,3500,3500,3500,3500,3500,3500,3500,3500,3500,9.823822021484375,0.8581161499023438,43.88444900512695,0.216766357421875,0.273162841796875,0.2450408935546875,2.7688217163085938,0.46355438232421875,0.3241729736328125,0.24239349365234375,0.32447052001953125,0.27690887451171875,26.807449340820313,0.23619842529296875,0.3643341064453125,0.324371337890625,0.20432281494140625,28.368911743164063,47.96454620361328,0.2198638916015625,0,248835.94458007813,248981.57873535156,0,34088599552,2147483648,8141209600,0
200,1787751628418,3500,3500,3500,3500,3500,3500,3500,3500,3500,3500,3500,3500,3500,3500,3500,3500,3500,3500,3500,3500,11.330604553222656,1.6460113525390625,35.40997314453125,2.7509994506835938,2.847015380859375,0.27313995361328125,0.23892974853515625,0.2824249267578125,0.29570770263671875,2.7539443969726563,0.27478790283203125,0.2811279296875,0.28746795654296875,2.7986831665039063,0.3883819580078125,0.37125396728515625,2.7063064575195313,9.523002624511719,49.86408233642578,0.1951446533203125,0,248846.13409423828,248989.64947509766,0,34088599552,2147483648,8141209600,0
200,1787751628618,3500,3500,3500,3500,3500,3500,3500,3500,3500,3500,3500,3500,3500,3500,3500,3500,3500,3500,3500,3500,8.733802795410156,0.8266525268554688,58.32826232910156,0.1861572265625,0.2661895751953125,0.29178619384765625,0.28499603271484375,3.31988525390625,2.8250808715820313,0.244384765625,2.7939529418945313,0.37994384765625,2.8206405639648438,0.29512786865234375,0.3747100830078125,0.37186431884765625,0.2355499267578125,12.733909606933594,28.201736450195313,0.2089080810546875,0,248855.42608642578,248996.80181884766,0,34088599552,2147483648,8141893632,0
200,1787751628819,3500,3500,3500,3500,3500,3500,3500,3500,3500,3500,3500,3500,3500,3500,3500,3500,3500,3500,3500,3500,0.9495849609375,1.76690673828125,37.43474197387695,0.18379974365234375,0.30922698974609375,0.23783111572265625,0.291717529296875,0.28223419189453125,0.2416229248046875,0.22321319580078125,0.286376953125,2.8182144165039063,0.27205657958984375,0.31327056884765625,0.29445648193359375,0.28942108154296875,0.2199249267578125,15.827705383300781,51.61019515991211,0.190338134765625,0,248866.01300048828,249005.2607421875,0,34088599552,2147483648,8142364672,0
200,1787751629019,3500,3500,3500,3500,3500,3500,3500,3500,3500,3500,3500,3500,3500,3500,3500,3500,3500,3500,3500,3500,15.965187072753906,3.9262542724609375,65.59223937988281,0.22798919677734375,0.2825927734375,2.8617172241210938,0.33090972900390625,0.48973846435546875,0.308868408203125,0.2498321533203125,0.30896759033203125,0.3173980712890625,0.316802978515625,0.3529052734375,2.8219757080078125,2.8114547729492188,0.2934112548828125,5.419944763183594,19.38794708251953,2.75689697265625,0,248874.36395263672,249011.48828125,0,34088599552,2147483648,8142139392,0
200,1787751629220,3500,3500,3500,3500,3500,3500,3500,3500,3500,3500,3500,3500,3500,3500,3500,3500,3500,3500,3500,3500,4.577323913574219,1.244873046875,61.80710983276367,0.1854705810546875,0.2799224853515625,0.255035400390625,2.8229751586914063,0.234588623046875,0.26641082763671875,0.3358306884765625,0.27439117431640625,0.25713348388671875,0.38869476318359375,0.41622161865234375,0.3069000244140625,0.28984832763671875,0.24227142333984375,25.634178161621094,16.849876403808594,0.2410736083984375,0,248883.36102294922,249018.61596679688,0,34088599552,2147483648,8142118912,0
200,1787751629420,3500,3500,3500,3500,3500,3500,3500,3500,3500,3500,3500,3500,3500,3500,3500,3500,3500,3500,3500,3500,3.1173477172851563,1.3902511596679688,44.58810043334961,2.71221923828125,2.850738525390625,0.191192626953125,0.225311279296875,0.4746551513671875,0.30626678466796875,0.228302001953125,0.24192047119140625,0.261871337890625,0.2900543212890625,2.7932281494140625,0.26366424560546875,0.27368927001953125,2.734222412109375,7.9174957275390625,57.3140754699707,0.15163421630859375,0,248891.54223632813,249024.46490478516,0,34088599552,2147483648,8142520320,0
200,1787751629621,3500,3500,3500,3500,3500,3500,3500,3500,3500,3500,3500,3500,3500,3500,3500,3500,3500,3500,3500,3500,16.610244750976563,1.1359329223632813,72.8896484375,0.20124053955078125,0.51568603515625,0.39568328857421875,0.38349151611328125,3.062286376953125,2.8103866577148438,3.3603973388671875,2.7717208862304688,0.293365478515625,2.830078125,0.25959014892578125,0.28107452392578125,0.28826904296875,0.3221435546875,2.3850326538085938,13.405120849609375,0.200836181640625,0,248902.07092285156,249032.81372070313,0,34088599552,2147483648,8142897152,0
200,1787751629821,3500,3500,3500,3500,3500,3500,3500,3500,3500,3500,3500,3500,3500,3500,3500,3500,3500,3500,3500,3500,6.274253845214844,1.6052017211914063,32.377967834472656,0.27762603759765625,0.510955810546875,0.437286376953125,0.49689483642578125,0.6444320678710938,0.24555206298828125,0.322265625,0.3554840087890625,0.92559814453125,0.33164215087890625,0.31827545166015625,0.31398773193359375,0.33827972412109375,0.23902130126953125,40.10833740234375,24.730308532714844,0.23403167724609375,0,248911.14483642578,249039.7739868164,0,34088599552,2147483648,8142884864,0
200,1787751630021,3500,3500,3500,3500,3500,3500,3500,3500,3500,3500,3500,3500,3500,3500,3500,3500,3500,3500,3500,3500,9.459129333496094,1.0339202880859375,69.7330322265625,0.1327362060546875,0.31298828125,2.85943603515625,0.36089324951171875,0.5131912231445313,0.3674774169921875,0.17026519775390625,0.2856903076171875,2.1288681030273438,0.32581329345703125,0.25909423828125,2.7819900512695313,2.7525482177734375,0.33873748779296875,11.243270874023438,17.61815643310547,2.6801910400390625,0,248919.11688232422,249045.6241455078,0,34088599552,2147483648,8140828672,0
200,1787751630222,3500,3500,3500,3500,3500,3500,3500,3500,3500,3500,3500,3500,3500,3500,3500,3500,3500,3500,3500,3500,12.955703735351563,3.4145736694335938,40.77897262573242,0.21414947509765625,0.3225250244140625,0.312347412109375,2.8444595336914063,0.3173370361328125,0.304412841796875,0.30291748046875,0.3014678955078125,0.29388427734375,2.5896453857421875,0.31209564208984375,0.3158416748046875,0.305511474609375,0.24314117431640625,16.527496337890625,58.88832092285156,0.20656585693359375,0,248928.8740234375,249053.21807861328,0,34088599552,2147483648,8139325440,0
199,1787751630422,3500,3500,3500,3500,3500,3500,3500,3500,3500,3500,3500,3500,3500,3500,3500,3500,3500,3500,3500,3500,3.10333251953125,1.6326446533203125,54.98148727416992,2.7856597900390625,2.8935775756835938,0.31119537353515625,0.35379791259765625,0.2947235107421875,0.369720458984375,0.328155517578125,0.3335418701171875,0.30290985107421875,0.36507415771484375,2.9184722900390625,0.3618316650390625,0.35250091552734375,2.8009262084960938,4.4991302490234375,45.9394645690918,0.24847412109375,0,248937.44232177734,249059.66632080078,0,34088599552,2147483648,8139292672,0
199,1787751630622,3500,3500,3500,3500,3500,3500,3500,3500,3500,3500,3500,3500,3500,3500,3500,3500,3500,3500,3500,3500,0.5327224731445313,1.1672744750976563,31.67467498779297,0.2120513916015625,16.072731018066406,0.24478912353515625,0.19350433349609375,10.614326477050781,4.096427917480469,2.8978652954101563,2.8342742919921875,0.35411834716796875,2.7888412475585938,0.31792449951171875,0.3098297119140625,0.2654876708984375,0.2252960205078125,19.333656311035156,54.067359924316406,0.1851043701171875,0,248946.54956054688,249066.6456298828,0,34088599552,2147483648,8139702272,0
200,1787751630822,3500,3500,3500,3500,3500,3500,3500,3500,3500,3500,3500,3500,3500,3500,3500,3500,3500,3500,3500,3500,12.069732666015625,1.5856704711914063,54.12954330444336,0.19649505615234375,0.2807464599609375,0.2972869873046875,0.3463592529296875,0.562286376953125,0.3212738037109375,0.27679443359375,0.29703521728515625,0.29833221435546875,0.2927398681640625,0.3165283203125,0.39572906494140625,0.39617919921875,0.23232269287109375,13.715675354003906,23.490272521972656,0.19324493408203125,0,248955.85968017578,249073.84002685547,0,34088599552,2147483648,8139694080,0
200,1787751631023,3500,3500,3500,3500,3500,3500,3500,3500,3500,3500,3500,3500,3500,3500,3500,3500,3500,3500,3500,3500,16.187034606933594,0.8974151611328125,10.30047607421875,0.3250885009765625,0.370758056640625,2.7349166870117188,0.20951080322265625,0.38774871826171875,0.301055908203125,0.23834228515625,0.3085479736328125,2.7359619140625,3.3816452026367188,0.2659759521484375,2.8932647705078125,2.8822174072265625,0.19586944580078125,27.596893310546875,51.179603576660156,2.6758041381835938,0,248963.3067626953,249079.15295410156,0,34088599552,2147483648,8139816960,0
200,1787751631223,3500,3500,3500,3500,3500,3500,3500,3500,3500,3500,3500,3500,3500,3500,3500,3500,3500,3500,3500,3500,8.536773681640625,3.8461532592773438,70.66441345214844,0.20447540283203125,0.307891845703125,0.320068359375,2.9006729125976563,0.28462982177734375,0.2896728515625,0.2600250244140625,0.32735443115234375,0.30718994140625,5.094329833984375,0.3226165771484375,0.414642333984375,0.414642333984375,0.26611328125,2.1218414306640625,23.26263427734375,0.25618743896484375,0,248971.95123291016,249085.67126464844,0,34088599552,2147483648,8139816960,0
200,1787751631423,3500,3500,3500,3500,3500,3500,3500,3500,3500,3500,3500,3500,3500,3500,3500,3500,3500,3500,3500,3500,3.5593948364257813,1.6462249755859375,45.127464294433594,2.8109130859375,2.964813232421875,0.39527130126953125,0.5283432006835938,0.37558746337890625,0.29451751708984375,0.2118988037109375,0.3079071044921875,0.26419830322265625,0.34881591796875,2.8998260498046875,0.3889312744140625,0.405364990234375,2.7735443115234375,19.373008728027344,40.15082550048828,0.2057037353515625,0,248980.12005615234,249091.72369384766,0,34088599552,2147483648,8139816960,0
200,1787751631624,3500,3500,3500,3500,3500,3500,3500,3500,3500,3500,3500,3500,3500,3500,3500,3500,3500,3500,3500,3500,11.082954406738281,0.4232025146484375,51.1112060546875,0,0,0,0,2.883575439453125,2.1392974853515625,2.2009048461914063,2.2059478759765625,0,2.5593490600585938,0,0,0,0,20.369102478027344,30.593589782714844,0,0,248990.93328857422,249100.36041259766,0,34088599552,2147483648,8141049856,0
200,1787751631824,3500,3500,3500,3500,3500,3500,3500,3500,3500,3500,3500,3500,3500,3500,3500,3500,3500,3500,3500,3500,2.5848007202148438,1.3107833862304688,2.3396530151367188,0.28919219970703125,0.23671722412109375,0.23656463623046875,0.33449554443359375,0.352203369140625,0.29742431640625,0.233917236328125,0.2553253173828125,0.3255157470703125,0.3092041015625,0.333099365234375,0.23651123046875,0.27093505859375,0.23192596435546875,13.715766906738281,1.5938949584960938,0.287200927734375,0,248998.7569580078,249106.07641601563,0,34088599552,2147483648,8141877248,0
200,1787751632024,3500,3500,3500,3500,3500,3500,3500,3500,3500,3500,3500,3500,3500,3500,3500,3500,3500,3500,3500,3500,3.141693115234375,2.3692855834960938,2.8785934448242188,0.9426727294921875,1.0081863403320313,3.6005706787109375,1.0501251220703125,1.1079940795898438,0.9185562133789063,0.9227981567382813,0.8975830078125,3.5156326293945313,0.9572982788085938,0.987762451171875,3.4520187377929688,3.4654541015625,0.885498046875,14.453147888183594,6.70989990234375,3.5583724975585938,0,249005.73541259766,249110.92126464844,0,34088599552,2147483648,8143663104,0
200,1787751632225,3500,3500,3500,3500,3500,3500,3500,3500,3500,3500,3500,3500,3500,3500,3500,3500,3500,3500,3500,3500,0.6044082641601563,3.8060379028320313,3.3265914916992188,0.2547607421875,0.297515869140625,0.32909393310546875,2.7971115112304688,0.3505401611328125,0.47341156005859375,0.3136749267578125,0.3235015869140625,0.3110809326171875,0.32001495361328125,0.33667755126953125,0.26354217529296875,0.27117919921875,0.173248291015625,12.024864196777344,4.512908935546875,0.265838623046875,0,249013.00903320313,249116.08630371094,0,34088599552,2147483648,8144470016,0
200,1787751632425,3500,3500,3500,3500,3500,3500,3500,3500,3500,3500,3500,3500,3500,3500,3500,3500,3500,3500,3500,3500,8.365699768066406,1.1714096069335938,5.803260803222656,2.8166122436523438,2.9102935791015625,0.4375457763671875,0.3269805908203125,0.39534759521484375,0.5280303955078125,0.449127197265625,0.407135009765625,0.42285919189453125,2.65826416015625,2.8193588256835938,0.65167236328125,0.25872039794921875,2.7551422119140625,16.238723754882813,10.611984252929688,0.27689361572265625,0,249020.23071289063,249121.16528320313,0,34088599552,2147483648,8145932288,0
200,1787751632625,3500,3500,3500,3500,3500,3500,3500,3500,3500,3500,3500,3500,3500,3500,3500,3500,3500,3500,3500,3500,0.6812591552734375,1.6022720336914063,0.5925674438476563,0.43720245361328125,0.3344879150390625,0.434356689453125,0.3551025390625,2.962738037109375,2.8595733642578125,2.9718170166015625,2.8286285400390625,0.321014404296875,2.8457489013671875,0.32280731201171875,0.43755340576171875,0.44049835205078125,0.26840972900390625,10.943359375,8.664169311523438,0.2804412841796875,0,249027.1558227539,249125.95434570313,0,34088599552,2147483648,8147628032,0
200,1787751632826,3500,3500,3500,3500,3500,3500,3500,3500,3500,3500,3500,3500,3500,3500,3500,3500,3500,3500,3500,3500,0.6095733642578125,1.53240966796875,0.1914215087890625,0.13846588134765625,0.17169189453125,0.09770965576171875,0.10665130615234375,0.13222503662109375,0.19406890869140625,0.31670379638671875,0.24951171875,0.21120452880859375,0.1574554443359375,0.14031982421875,0.238922119140625,0.24237060546875,0.07598114013671875,12.645896911621094,3.4630889892578125,0.1157379150390625,0,249034.0385131836,249130.70928955078,0,34088599552,2147483648,8147963904,0
200,1787751633026,3500,3500,3500,3500,3500,3500,3500,3500,3500,3500,3500,3500,3500,3500,3500,3500,3500,3500,3500,3500,0.9060516357421875,1.5796127319335938,2.9741973876953125,0.435791015625,0.41153717041015625,2.9553680419921875,0.378021240234375,0.43659210205078125,0.4351959228515625,0.48191070556640625,0.4142303466796875,2.9704132080078125,0.43121337890625,0.4538726806640625,3.0733108520507813,3.0425262451171875,0.36347198486328125,13.332557678222656,8.3223876953125,2.9916305541992188,0,249041.8939819336,249136.4302368164,0,34088599552,2147483648,8148869120,0
199,1787751633227,3500,3500,3500,3500,3500,3500,3500,3500,3500,3500,3500,3500,3500,3500,3500,3500,3500,3500,3500,3500,0.5865554809570313,3.9961624145507813,3.4396209716796875,0.29015350341796875,0.23836517333984375,0.300994873046875,2.8290481567382813,0.32891082763671875,0.46230316162109375,0.39168548583984375,0.49381256103515625,0.35802459716796875,0.29095458984375,0.2991485595703125,0.30454254150390625,0.29065704345703125,0.29205322265625,11.094703674316406,10.094039916992188,0.25904083251953125,0,249048.78790283203,249141.50762939453,0,34088599552,2147483648,8149831680,0
200,1787751633427,3500,3500,3500,3500,3500,3500,3500,3500,3500,3500,3500,3500,3500,3500,3500,3500,3500,3500,3500,3500,3.0751419067382813,1.0473556518554688,3.00347900390625,2.7921295166015625,2.8223648071289063,0.27252197265625,0.3284912109375,0.28961181640625,0.5331954956054688,0.42479705810546875,0.47382354736328125,0.4208984375,0.28206634521484375,2.776336669921875,0.28551483154296875,0.2841644287109375,2.769989013671875,13.437980651855469,9.711296081542969,0.3426361083984375,0,249055.93884277344,249146.2543334961,0,34088599552,2147483648,8150904832,0
200,1787751633627,3500,3500,3500,3500,3500,3500,3500,3500,3500,3500,3500,3500,3500,3500,3500,3500,3500,3500,3500,3500,5.931907653808594,1.222686767578125,6.210807800292969,0.31574249267578125,0.289886474609375,0.30690765380859375,0.280548095703125,2.959991455078125,6.112617492675781,2.8868560791015625,2.8646926879882813,0.3395538330078125,5.183662414550781,0.2884368896484375,0.34055328369140625,0.32143402099609375,0.2093658447265625,12.992652893066406,13.982559204101563,0.2489013671875,0,249062.78747558594,249150.91528320313,0,34088599552,2147483648,8151740416,0
200,1787751633827,3500,3500,3500,3500,3500,3500,3500,3500,3500,3500,3500,3500,3500,3500,3500,3500,3500,3500,3500,3500,0.5507354736328125,1.6062088012695313,0.6105804443359375,0.25382232666015625,0.24192047119140625,0.2463226318359375,0.2249755859375,0.18798065185546875,0.18622589111328125,0.26902008056640625,0.27136993408203125,0.209228515625,0.24266815185546875,0.25836944580078125,0.31591033935546875,0.30216217041015625,0.181732177734375,13.622291564941406,2.4743576049804688,0.2085723876953125,0,249070.63671875,249156.6498413086,0,34088599552,2147483648,8152276992,0
199,1787751634027,3500,3500,3500,3500,3500,3500,3500,3500,3500,3500,3500,3500,3500,3500,3500,3500,3500,3500,3500,3500,0.6167068481445313,1.6885299682617188,0.6180038452148438,0.29279327392578125,0.2306060791015625,2.7533645629882813,0.26227569580078125,0.32601165771484375,0.2550811767578125,0.19654083251953125,0.31856536865234375,2.8305892944335938,0.29024505615234375,0.29354095458984375,2.8460693359375,0.4373931884765625,0.19959259033203125,11.638565063476563,6.668022155761719,2.740478515625,0,249078.66284179688,249162.54541015625,0,34088599552,2147483648,8152612864,0
199,1787751634227,3500,3500,3500,3500,3500,3500,3500,3500,3500,3500,3500,3500,3500,3500,3500,3500,3500,3500,3500,3500,0.6509323120117188,3.8749008178710938,4.13580322265625,0.47344970703125,0.400970458984375,0.412353515625,2.981658935546875,0.411407470703125,0.3744964599609375,0.3384246826171875,0.30585479736328125,0.4161529541015625,0.37844085693359375,0.37993621826171875,0.41895294189453125,2.6943817138671875,0.29891204833984375,12.402069091796875,44.44544982910156,0.3062591552734375,0,249087.37799072266,249169.13317871094,0,34088599552,2147483648,8153489408,0
200,1787751634428,3500,3500,3500,3500,3500,3500,3500,3500,3500,3500,3500,3500,3500,3500,3500,3500,3500,3500,3500,3500,3.0752029418945313,1.534454345703125,0.34052276611328125,2.8498687744140625,2.8590087890625,0.2555694580078125,0.30619049072265625,0.40793609619140625,0.3311309814453125,0.352264404296875,0.27570343017578125,0.3160858154296875,0.304840087890625,2.8170318603515625,0.3355255126953125,0.30124664306640625,2.8410186767578125,22.06641387939453,82.94203186035156,0.16301727294921875,0,249098.1697998047,249177.81762695313,0,34088599552,2147483648,8153821184,0
200,1787751634628,3500,3500,3500,3500,3500,3500,3500,3500,3500,3500,3500,3500,3500,3500,3500,3500,3500,3500,3500,3500,0.568084716796875,1.5530471801757813,0.33480072021484375,0.29248809814453125,0.227294921875,0.28884124755859375,0.29633331298828125,3.1386184692382813,2.828948974609375,2.8490829467773438,2.848480224609375,0.22974395751953125,0.30857086181640625,0.28559112548828125,0.39754486083984375,0.39794158935546875,0.20291900634765625,42.16880416870117,62.988895416259766,0.19397735595703125,0,249106.5408935547,249184.04705810547,0,34088599552,2147483648,8154128384,0
199,1787751634828,3500,3500,3500,3500,3500,3500,3500,3500,3500,3500,3500,3500,3500,3500,3500,3500,3500,3500,3500,3500,0.49243927001953125,1.384796142578125,0.90667724609375,0.33148956298828125,0.37056732177734375,0.2396087646484375,0.33058929443359375,0.3774566650390625,0.3299407958984375,0.3690185546875,0.33962249755859375,0.3035888671875,2.8539352416992188,0.324005126953125,0.437042236328125,0.4337005615234375,0.23162078857421875,47.477027893066406,54.64211654663086,0.2023773193359375,0,249115.83526611328,249191.24633789063,0,34088599552,2147483648,8154124288,0
200,1787751635028,3500,3500,3500,3500,3500,3500,3500,3500,3500,3500,3500,3500,3500,3500,3500,3500,3500,3500,3500,3500,0.48474884033203125,1.7270050048828125,0.3807525634765625,0.36481475830078125,0.22313690185546875,2.8170394897460938,0.2772064208984375,0.32892608642578125,0.31473541259765625,0.230377197265625,0.26461029052734375,2.7871551513671875,0.25931549072265625,0.3258819580078125,2.9109420776367188,0.3885955810546875,0.23282623291015625,11.369659423828125,92.43067169189453,2.6744155883789063,0,249125.82208251953,249199.11975097656,0,34088599552,2147483648,8154120192,0
200,1787751635228,3500,3500,3500,3500,3500,3500,3500,3500,3500,3500,3500,3500,3500,3500,3500,3500,3500,3500,3500,3500,0.60546875,3.7515716552734375,42.484100341796875,0.23382568359375,0.29831695556640625,0.34881591796875,2.86456298828125,0.359405517578125,0.30121612548828125,0.29961395263671875,0.2374725341796875,0.27423858642578125,0.28078460693359375,0.31290435791015625,0.30071258544921875,2.8151626586914063,0.254058837890625,10.45556640625,55.042510986328125,0.166290283203125,0,249134.556640625,249205.73699951172,0,34088599552,2147483648,8154587136,0
200,1787751635429,3500,3500,3500,3500,3500,3500,3500,3500,3500,3500,3500,3500,3500,3500,3500,3500,3500,3500,3500,3500,3.20782470703125,1.0645370483398438,82.22526550292969,2.6999893188476563,2.8087310791015625,0.34529876708984375,0.31470489501953125,0.418609619140625,0.41451263427734375,0.2791748046875,0.284210205078125,0.371795654296875,0.32488250732421875,2.8264999389648438,0.3064727783203125,0.2764739990234375,2.7666091918945313,21.82086944580078,3.16021728515625,0.24169158935546875,0,249144.78448486328,249213.83532714844,0,34088599552,2147483648,8154656768,0
200,1787751635629,3500,3500,3500,3500,3500,3500,3500,3500,3500,3500,3500,3500,3500,3500,3500,3500,3500,3500,3500,3500,0.571197509765625,1.2898101806640625,77.59039306640625,0.14227294921875,0.38362884521484375,0.45845794677734375,0.456512451171875,2.91650390625,2.7694320678710938,2.8526992797851563,2.771484375,0.2374114990234375,0.273773193359375,0.28076171875,0.2759246826171875,0.28046417236328125,0.23087310791015625,24.386947631835938,1.7413787841796875,0.2861480712890625,0,249153.16442871094,249220.1166381836,0,34088599552,2147483648,8154619904,0
200,1787751635829,3500,3500,3500,3500,3500,3500,3500,3500,3500,3500,3500,3500,3500,3500,3500,3500,3500,3500,3500,3500,16.12413787841797,1.5796966552734375,38.780181884765625,0.2170562744140625,0.38709259033203125,0.46604156494140625,0.34302520751953125,0.37129974365234375,0.262176513671875,0.29590606689453125,0.28610992431640625,0.21895599365234375,2.782501220703125,0.27571868896484375,0.25972747802734375,0.27011871337890625,0.209014892578125,27.02458953857422,23.19493865966797,0.23099517822265625,0,249161.08599853516,249225.92083740234,0,34088599552,2147483648,8154959872,0
199,1787751636030,3500,3500,3500,3500,3500,3500,3500,3500,3500,3500,3500,3500,3500,3500,3500,3500,3500,3500,3500,3500,10.824554443359375,1.3486251831054688,46.08576965332031,0.252166748046875,0.4356842041015625,2.9237442016601563,0.359344482421875,0.3611907958984375,0.32257080078125,0.23093414306640625,0.29228973388671875,2.7788009643554688,0.3120269775390625,0.3372039794921875,2.8002853393554688,0.29389190673828125,0.26580810546875,15.781089782714844,34.887779235839844,2.7410736083984375,0,249171.30041503906,249234.00714111328,0,34088599552,2147483648,8154959872,0
200,1787751636230,3500,3500,3500,3500,3500,3500,3500,3500,3500,3500,3500,3500,3500,3500,3500,3500,3500,3500,3500,3500,12.1986083984375,3.5405120849609375,65.62828063964844,0.21993255615234375,0.28520965576171875,0.343292236328125,2.8440780639648438,0.27251434326171875,0.4938507080078125,0.38922882080078125,0.5167388916015625,0.390380859375,0.40622711181640625,0.4237213134765625,0.3387451171875,2.8168869018554688,0.27101898193359375,11.164779663085938,18.168434143066406,0.2381744384765625,0,249182.34930419922,249242.9486694336,0,34088599552,2147483648,8155160576,0
200,1787751636430,3500,3500,3500,3500,3500,3500,3500,3500,3500,3500,3500,3500,3500,3500,3500,3500,3500,3500,3500,3500,10.858383178710938,1.139495849609375,75.11672973632813,2.6994552612304688,2.6840972900390625,0.2145233154296875,0.25811767578125,0.26694488525390625,0.439117431640625,0.37223052978515625,0.43408203125,0.33941650390625,0.39777374267578125,2.8682403564453125,2.71417236328125,0.2789154052734375,2.7318801879882813,12.66668701171875,11.382392883300781,0.16843414306640625,0,249190.58001708984,249249.0478515625,0,34088599552,2147483648,8155639808,0
200,1787751636631,3500,3500,3500,3500,3500,3500,3500,3500,3500,3500,3500,3500,3500,3500,3500,3500,3500,3500,3500,3500,8.277542114257813,1.2429428100585938,77.05911254882813,0.17247772216796875,0.29441070556640625,0.25684356689453125,0.3653564453125,2.8009033203125,2.9661941528320313,2.8949050903320313,0.4959716796875,0.38455963134765625,0.39933013916015625,0.4226837158203125,0.2834320068359375,0.2949066162109375,0.2319488525390625,17.067466735839844,1.6898269653320313,0.29865264892578125,0,249199.28466796875,249255.6602783203,0,34088599552,2147483648,8155631616,0
200,1787751636831,3500,3500,3500,3500,3500,3500,3500,3500,3500,3500,3500,3500,3500,3500,3500,3500,3500,3500,3500,3500,9.376487731933594,1.643585205078125,76.8729248046875,0.2139739990234375,0.41846466064453125,0.29279327392578125,0.30017852783203125,0.4915008544921875,0.454986572265625,0.45563507080078125,2.7515106201171875,0.4699554443359375,2.993377685546875,0.4544830322265625,0.37731170654296875,0.326171875,0.2774810791015625,17.250831604003906,0.8502044677734375,0.31789398193359375,0,249207.2802734375,249261.52801513672,0,34088599552,2147483648,8155623424,0
200,1787751637031,3500,3500,3500,3500,3500,3500,3500,3500,3500,3500,3500,3500,3500,3500,3500,3500,3500,3500,3500,3500,9.416778564453125,1.6417007446289063,55.50083923339844,0.19011688232421875,0.30921173095703125,2.79156494140625,0.27429962158203125,0.2791900634765625,0.44525909423828125,0.390106201171875,0.3619232177734375,2.9716567993164063,0.3086090087890625,0.2835235595703125,2.8066787719726563,0.2769927978515625,0.20761871337890625,17.234451293945313,30.418701171875,2.7488250732421875,0,249217.2763671875,249269.40814208984,0,34088599552,2147483648,8156000256,0
200,1787751637232,3500,3500,3500,3500,3500,3500,3500,3500,3500,3500,3500,3500,3500,3500,3500,3500,3500,3500,3500,3500,30.47797393798828,3.4847640991210938,22.15302276611328,0.29266357421875,0.308990478515625,0.25714874267578125,2.8354110717773438,0.2740325927734375,0.37416839599609375,0.43894195556640625,0.40233612060546875,0.49312591552734375,8.147010803222656,0.3248748779296875,0.40912628173828125,2.911224365234375,0.2454681396484375,25.6610107421875,31.173370361328125,0.25659942626953125,0,249227.56469726563,249277.55322265625,0,34088599552,2147483648,8156725248,0
200,1787751637432,3500,3500,3500,3500,3500,3500,3500,3500,3500,3500,3500,3500,3500,3500,3500,3500,3500,3500,3500,3500,10.927619934082031,1.556427001953125,58.13734436035156,2.6911468505859375,2.7906265258789063,0.22634124755859375,0.2789764404296875,0.2899017333984375,0.3519134521484375,0.4248046875,0.355010986328125,0.5385971069335938,0.3218841552734375,2.8814239501953125,0.40065765380859375,0.411529541015625,2.7478179931640625,19.363800048828125,22.583419799804688,0.207489013671875,0,249235.54357910156,249283.42553710938,0,34088599552,2147483648,8155951104,0
200,1787751637632,3500,3500,3500,3500,3500,3500,3500,3500,3500,3500,3500,3500,3500,3500,3500,3500,3500,3500,3500,3500,13.063308715820313,1.5042800903320313,59.61396026611328,0.16576385498046875,0.33167266845703125,0.45590972900390625,0.37274932861328125,2.8897171020507813,2.8276748657226563,2.8277740478515625,0.340606689453125,0.41068267822265625,8.590644836425781,0.3540802001953125,0.29303741455078125,0.27971649169921875,0.22710418701171875,14.692169189453125,8.890472412109375,0.20130157470703125,0,249243.9800415039,249289.75244140625,0,34088599552,2147483648,8155774976,0
199,1787751637833,3500,3500,3500,3500,3500,3500,3500,3500,3500,3500,3500,3500,3500,3500,3500,3500,3500,3500,3500,3500,20.790023803710938,1.627777099609375,47.74251937866211,0.2581024169921875,0.47910308837890625,0.47320556640625,0.49493408203125,0.919342041015625,1.111175537109375,0.34795379638671875,2.8468780517578125,0.25665283203125,2.8271560668945313,0.3007049560546875,0.30425262451171875,0.31233978271484375,0.28617095947265625,3.7722702026367188,31.39349365234375,0.2183990478515625,0,249253.60089111328,249297.25982666016,0,34088599552,2147483648,8155774976,0
200,1787751638033,3500,3500,3500,3500,3500,3500,3500,3500,3500,3500,3500,3500,3500,3500,3500,3500,3500,3500,3500,3500,1.1710586547851563,1.7433624267578125,58.535343170166016,0.182220458984375,0.43077850341796875,2.9549102783203125,0.441680908203125,0.40328216552734375,0.28055572509765625,0.2328643798828125,0.25225830078125,2.7641448974609375,0.28310394287109375,0.28265380859375,0.267059326171875,0.29959869384765625,0.2483062744140625,19.023757934570313,28.211898803710938,2.7166519165039063,0,249262.9857788086,249304.50524902344,0,34088599552,2147483648,8155906048,0
200,1787751638233,3500,3500,3500,3500,3500,3500,3500,3500,3500,3500,3500,3500,3500,3500,3500,3500,3500,3500,3500,3500,11.987876892089844,3.3805618286132813,55.921104431152344,0.2082366943359375,0.28359222412109375,0.3527069091796875,2.7358169555664063,0.280548095703125,0.34122467041015625,0.34891510009765625,0.466217041015625,0.52374267578125,0.30291748046875,0.2913818359375,2.8259048461914063,2.7982406616210938,0.3620452880859375,12.796409606933594,26.526947021484375,0.19600677490234375,0,249273.6456298828,249313.06286621094,0,34088599552,2147483648,8156033024,0
199,1787751638434,3500,3500,3500,3500,3500,3500,3500,3500,3500,3500,3500,3500,3500,3500,3500,3500,3500,3500,3500,3500,18.159469604492188,0.8826217651367188,40.57284164428711,2.3878097534179688,0,0,0,0,0.03461456298828125,0.0563507080078125,0.11029815673828125,0.136322021484375,0,2.4916152954101563,0,0,2.4091415405273438,24.986862182617188,32.640281677246094,0,0,249283.21978759766,249320.4652709961,0,34088599552,2147483648,8156229632,0
200,1787751638634,3500,3500,3500,3500,3500,3500,3500,3500,3500,3500,3500,3500,3500,3500,3500,3500,3500,3500,3500,3500,5.8575897216796875,1.2853927612304688,25.726318359375,0.5320358276367188,3.1361618041992188,0.5534515380859375,0.5560455322265625,3.155731201171875,3.2296524047851563,3.1725540161132813,0.6201324462890625,0.7372817993164063,21.161102294921875,0.55828857421875,1.366851806640625,0.6055068969726563,0.529937744140625,23.237289428710938,16.716392517089844,0.5361328125,0,249291.4828491211,249326.572265625,0,34088599552,2147483648,8156778496,0
200,1787751638834,3500,3500,3500,3500,3500,3500,3500,3500,3500,3500,3500,3500,3500,3500,3500,3500,3500,3500,3500,3500,26.18828582763672,1.6008987426757813,24.142623901367188,0.31714630126953125,0.38140106201171875,0.410736083984375,0.288360595703125,0.4136810302734375,0.42575836181640625,0.292449951171875,2.871826171875,0.32233428955078125,2.8966751098632813,0.3688812255859375,0.3983154296875,0.36493682861328125,0.32193756103515625,9.695182800292969,45.249542236328125,0.25717926025390625,0,249300.20318603516,249333.16052246094,0,34088599552,2147483648,8156778496,0
199,1787751639034,3500,3500,3500,3500,3500,3500,3500,3500,3500,3500,3500,3500,3500,3500,3500,3500,3500,3500,3500,3500,2.2701568603515625,1.553863525390625,39.95023727416992,0.13521575927734375,0.2905120849609375,2.815673828125,0.33390045166015625,0.21201324462890625,0.19838714599609375,0.19403839111328125,0.17441558837890625,2.712158203125,0.2366790771484375,0.21965789794921875,0.2572021484375,0.24676513671875,0.1749114990234375,26.353134155273438,36.250152587890625,0.3259124755859375,0,249309.24786376953,249340.09838867188,0,34088599552,2147483648,8156778496,0
200,1787751639234,3500,3500,3500,3500,3500,3500,3500,3500,3500,3500,3500,3500,3500,3500,3500,3500,3500,3500,3500,3500,1.0312576293945313,4.0379486083984375,67.27496337890625,0.24092864990234375,0.3147125244140625,0.33089447021484375,2.806427001953125,0.41546630859375,0.355224609375,0.3822021484375,0.35462188720703125,0.33594512939453125,0.3367919921875,0.373809814453125,2.9442977905273438,2.9181747436523438,0.27610015869140625,19.593429565429688,20.967071533203125,2.5921707153320313,0,249318.30181884766,249347.02392578125,0,34088599552,2147483648,8157106176,0
200,1787751639435,3500,3500,3500,3500,3500,3500,3500,3500,3500,3500,3500,3500,3500,3500,3500,3500,3500,3500,3500,3500,3.91229248046875,0.9675064086914063,16.96227264404297,0.2876739501953125,0.32474517822265625,0.36826324462890625,0.23537445068359375,0.37714385986328125,0.36112213134765625,0.43827056884765625,0.3399200439453125,0.34391021728515625,0.5185089111328125,2.9315567016601563,0.43093109130859375,0.41886138916015625,2.7863006591796875,16.02715301513672,42.14188766479492,0.229888916015625,0,249327.59704589844,249354.1791381836,0,34088599552,2147483648,8164569088,0
200,1787751639635,3500,3500,3500,3500,3500,3500,3500,3500,3500,3500,3500,3500,3500,3500,3500,3500,3500,3500,3500,3500,0.6044235229492188,1.2118377685546875,5.035919189453125,2.8467788696289063,2.867645263671875,0.249420166015625,0.3572540283203125,2.985565185546875,2.891510009765625,2.9241104125976563,0.31731414794921875,0.320709228515625,0.37816619873046875,0.38930511474609375,0.39614105224609375,0.3819122314453125,0.24871826171875,12.112548828125,4.774620056152344,0.257354736328125,0,249335.470703125,249359.91571044922,0,34088599552,2147483648,8166727680,0
200,1787751639836,3500,3500,3500,3500,3500,3500,3500,3500,3500,3500,3500,3500,3500,3500,3500,3500,3500,3500,3500,3500,0.8187484741210938,1.143646240234375,1.511383056640625,0,0.9715957641601563,0,0,1.240264892578125,0.49474334716796875,0,2.3069305419921875,0,3.6235275268554688,0.08217620849609375,0.125457763671875,0.12516021728515625,0,16.682220458984375,4.24603271484375,0,0,249342.8187866211,249365.0946044922,0,34088599552,2147483648,8171720704,0
200,1787751640036,3500,3500,3500,3500,3500,3500,3500,3500,3500,3500,3500,3500,3500,3500,3500,3500,3500,3500,3500,3500,5.3889007568359375,1.785888671875,7.6235809326171875,1.0167617797851563,0.8616714477539063,3.4588775634765625,0.8798446655273438,1.2125396728515625,0.79443359375,0.9238204956054688,0.926666259765625,3.3833236694335938,2.3640213012695313,0.9402618408203125,1.3413314819335938,0.853546142578125,0.7755050659179688,16.733169555664063,13.873947143554688,0.8513107299804688,0,249349.69067382813,249369.83123779297,0,34088599552,2147483648,8176283648,0
200,1787751640236,3500,3500,3500,3500,3500,3500,3500,3500,3500,3500,3500,3500,3500,3500,3500,3500,3500,3500,3500,3500,0.72357177734375,3.6938018798828125,4.5706329345703125,0.26499176025390625,0.30242156982421875,0.272979736328125,2.8240127563476563,0.194427490234375,0.28081512451171875,0.3052215576171875,0.28929901123046875,0.2628021240234375,1.8644943237304688,0.29793548583984375,2.9857559204101563,2.7877349853515625,0.2214813232421875,10.860183715820313,7.679100036621094,2.7844390869140625,0,249356.51220703125,249374.51947021484,0,34088599552,2147483648,8178102272,0
200,1787751640437,3500,3500,3500,3500,3500,3500,3500,3500,3500,3500,3500,3500,3500,3500,3500,3500,3500,3500,3500,3500,2.810211181640625,1.3350296020507813,3.6107177734375,0.4336090087890625,0.2486114501953125,0.26009368896484375,0.36565399169921875,0.340484619140625,0.279815673828125,0.24726104736328125,0.27951812744140625,0.26743316650390625,3.0607223510742188,2.8552474975585938,0.6999969482421875,0.31377410888671875,2.7334213256835938,15.377853393554688,10.610511779785156,0.1952362060546875,0,249364.63696289063,249380.50506591797,0,34088599552,2147483648,8175005696,0
200,1787751640637,3500,3500,3500,3500,3500,3500,3500,3500,3500,3500,3500,3500,3500,3500,3500,3500,3500,3500,3500,3500,4.654266357421875,1.289642333984375,4.3134002685546875,2.9523773193359375,2.887542724609375,0.29236602783203125,0.21623992919921875,0.4564056396484375,2.85546875,2.8038177490234375,0.34676361083984375,0.4040069580078125,0.48133087158203125,0.2716827392578125,0.5094070434570313,0.31774139404296875,0.21329498291015625,20.29694366455078,7.4366607666015625,0.25060272216796875,0,249372.36157226563,249386.08557128906,0,34088599552,2147483648,8176447488,0
200,1787751640837,3500,3500,3500,3500,3500,3500,3500,3500,3500,3500,3500,3500,3500,3500,3500,3500,3500,3500,3500,3500,0.667633056640625,1.2733154296875,4.0406646728515625,0.4633026123046875,0.2659759521484375,0.3199310302734375,0.3398590087890625,2.9148712158203125,0.39496612548828125,0.34765625,2.8670120239257813,0.45186614990234375,2.8438339233398438,0.32846832275390625,0.30089569091796875,0.33026885986328125,0.26313018798828125,14.723594665527344,7.6052398681640625,0.26192474365234375,0,249380.96649169922,249392.56671142578,0,34088599552,2147483648,8177172480,0
200,1787751641037,3500,3500,3500,3500,3500,3500,3500,3500,3500,3500,3500,3500,3500,3500,3500,3500,3500,3500,3500,3500,0.5975265502929688,1.73388671875,0.46532440185546875,0.32798004150390625,0.26629638671875,1.1885147094726563,0.2254791259765625,0.2437896728515625,0.36057281494140625,0.35578155517578125,0.38767242431640625,2.9961700439453125,0.2649993896484375,0.3201446533203125,0.2463836669921875,0.2782745361328125,0.2476348876953125,13.03125,5.630462646484375,0.18685150146484375,0,249388.3895263672,249397.8558959961,0,34088599552,2147483648,8177377280,0
200,1787751641238,3500,3500,3500,3500,3500,3500,3500,3500,3500,3500,3500,3500,3500,3500,3500,3500,3500,3500,3500,3500,0.59271240234375,4.085624694824219,3.4414749145507813,0.42812347412109375,0.3921966552734375,1.9446258544921875,2.7557144165039063,0.35697174072265625,0.5019607543945313,0.414398193359375,0.46887969970703125,0.5295028686523438,0.32659149169921875,0.353179931640625,2.8575439453125,2.7968215942382813,0.2967529296875,15.2847900390625,6.388069152832031,2.8624343872070313,0,249397.0150756836,249404.34271240234,0,34088599552,2147483648,8177905664,0
199,1787751641438,3500,3500,3500,3500,3500,3500,3500,3500,3500,3500,3500,3500,3500,3500,3500,3500,3500,3500,3500,3500,2.4964523315429688,0.9001083374023438,6.71148681640625,0.287750244140625,0.2823638916015625,0.2565460205078125,0.280364990234375,0.2805633544921875,0.339630126953125,0.381622314453125,0.36559295654296875,0.4799346923828125,0.29004669189453125,2.7838592529296875,0.32330322265625,0.27861785888671875,0.33383941650390625,13.915199279785156,15.416122436523438,0.256744384765625,0,249404.177734375,249409.38214111328,0,34088599552,2147483648,8177905664,0
200,1787751641638,3500,3500,3500,3500,3500,3500,3500,3500,3500,3500,3500,3500,3500,3500,3500,3500,3500,3500,3500,3500,3.07745361328125,1.68304443359375,0.8521194458007813,2.9127655029296875,2.843841552734375,0.350067138671875,0.319122314453125,0.32102203369140625,0.41533660888671875,2.9511032104492188,0.43457794189453125,0.5497360229492188,0.32977294921875,0.3036346435546875,0.4226837158203125,0.42838287353515625,2.6708602905273438,12.510887145996094,4.817131042480469,0.33982086181640625,0,249411.26330566406,249414.34838867188,0,34088599552,2147483648,8177446912,0
200,1787751641838,3500,3500,3500,3500,3500,3500,3500,3500,3500,3500,3500,3500,3500,3500,3500,3500,3500,3500,3500,3500,0.6612014770507813,1.3171157836914063,1.954559326171875,0.3135528564453125,0.2510528564453125,0.201629638671875,0.30077362060546875,2.928863525390625,2.8525848388671875,0.29058837890625,2.7797012329101563,0.34870147705078125,2.8343124389648438,0.274566650390625,0.3820953369140625,0.38329315185546875,0.22209930419921875,12.802543640136719,7.2589111328125,0.2749176025390625,0,249418.26641845703,249419.2201538086,0,34088599552,2147483648,8177438720,0
200,1787751642039,3500,3500,3500,3500,3500,3500,3500,3500,3500,3500,3500,3500,3500,3500,3500,3500,3500,3500,3500,3500,0.5662994384765625,1.5583724975585938,2.031219482421875,0.34395599365234375,0.3427581787109375,0.40006256103515625,0.2411651611328125,0.299774169921875,0.36582183837890625,0.4714508056640625,0.3808441162109375,2.9202117919921875,0.3354644775390625,0.31589508056640625,0.39886474609375,0.404754638671875,0.29857635498046875,15.357345581054688,20.836090087890625,0.2699737548828125,0,249426.17236328125,249424.98022460938,0,34088599552,2147483648,8177438720,0
200,1787751642239,3500,3500,3500,3500,3500,3500,3500,3500,3500,3500,3500,3500,3500,3500,3500,3500,3500,3500,3500,3500,0.5261993408203125,4.139007568359375,2.8304519653320313,0.34261322021484375,0.306427001953125,2.7564239501953125,2.8253555297851563,0.2703857421875,0.389984130859375,0.519012451171875,0.5193099975585938,0.44149017333984375,0.3055267333984375,0.30747222900390625,2.8207626342773438,2.8252105712890625,0.2503204345703125,9.572090148925781,93.35508728027344,2.6656341552734375,0,249434.4725341797,249431.1776123047,0,34088599552,2147483648,8177569792,0
200,1787751642440,3500,3500,3500,3500,3500,3500,3500,3500,3500,3500,3500,3500,3500,3500,3500,3500,3500,3500,3500,3500,8.1285400390625,1.3563308715820313,64.23341369628906,0.1761474609375,0.2747955322265625,0.23081207275390625,0.3082122802734375,0.2640228271484375,0.35588836669921875,0.49797821044921875,0.4817657470703125,0.38466644287109375,0.2694091796875,2.7865676879882813,0.29644012451171875,0.29738616943359375,0.224578857421875,11.86517333984375,24.579429626464844,0.2086181640625,0,249444.15533447266,249438.74005126953,0,34088599552,2147483648,8177287168,0
200,1787751642640,3500,3500,3500,3500,3500,3500,3500,3500,3500,3500,3500,3500,3500,3500,3500,3500,3500,3500,3500,3500,3.1137237548828125,1.5784225463867188,41.877685546875,2.7760543823242188,2.878448486328125,0.311126708984375,0.287872314453125,0.7610702514648438,0.38457489013671875,3.01177978515625,0.5005416870117188,0.38716888427734375,0.32254791259765625,0.326690673828125,0.318511962890625,0.33786773681640625,2.85260009765625,2.3605422973632813,58.64994812011719,0.2459564208984375,0,249452.6541748047,249445.13732910156,0,34088599552,2147483648,8177287168,0
200,1787751642840,3500,3500,3500,3500,3500,3500,3500,3500,3500,3500,3500,3500,3500,3500,3500,3500,3500,3500,3500,3500,0.5555496215820313,1.4191055297851563,8.396209716796875,0.26056671142578125,0.3660736083984375,0.308807373046875,0.28356170654296875,3.464202880859375,2.8971328735351563,0.4012451171875,2.9160385131835938,0.37265777587890625,2.7728118896484375,0.29169464111328125,0.3001251220703125,0.275482177734375,0.26505279541015625,33.438812255859375,62.20294189453125,0.1773529052734375,0,249461.16815185547,249451.5337524414,0,34088599552,2147483648,8177287168,0
200,1787751643041,3500,3500,3500,3500,3500,3500,3500,3500,3500,3500,3500,3500,3500,3500,3500,3500,3500,3500,3500,3500,0.49724578857421875,1.5138778686523438,5.1861572265625,0.277252197265625,0.26992034912109375,0.24527740478515625,0.30204010009765625,0.3467254638671875,0.360443115234375,0.4622344970703125,0.455902099609375,2.868255615234375,0.28363037109375,0.31824493408203125,0.304534912109375,0.28662872314453125,0.21849822998046875,43.94396209716797,55.547569274902344,0.2154541015625,0,249470.51556396484,249459.1895751953,0,34088599552,2147483648,8177418240,0
200,1787751643241,3500,3500,3500,3500,3500,3500,3500,3500,3500,3500,3500,3500,3500,3500,3500,3500,3500,3500,3500,3500,0.5263137817382813,3.9411773681640625,12.095108032226563,0.27677154541015625,0.27591705322265625,2.85552978515625,0.31069183349609375,0.41899871826171875,0.2289581298828125,0.35350799560546875,0.26128387451171875,0.2812652587890625,0.31613922119140625,0.324981689453125,2.8368911743164063,2.8053207397460938,0.253936767578125,22.711585998535156,69.99666595458984,2.6868667602539063,0,249480.07720947266,249466.22528076172,0,34088599552,2147483648,8177418240,0
200,1787751643441,3500,3500,3500,3500,3500,3500,3500,3500,3500,3500,3500,3500,3500,3500,3500,3500,3500,3500,3500,3500,5.251678466796875,0.6156005859375,53.36699676513672,0.1583709716796875,0.260101318359375,0.20861053466796875,2.7983169555664063,0.35254669189453125,0.2423248291015625,0.26519775390625,0.23952484130859375,0.26709747314453125,0.28277587890625,2.7746429443359375,0.312347412109375,0.30480194091796875,0.31554412841796875,3.2800674438476563,46.1700325012207,0.13824462890625,0,249489.6258544922,249473.66290283203,0,34088599552,2147483648,8177418240,0
200,1787751643642,3500,3500,3500,3500,3500,3500,3500,3500,3500,3500,3500,3500,3500,3500,3500,3500,3500,3500,3500,3500,4.143035888671875,0.34546661376953125,79.28607177734375,2.67919921875,4.219871520996094,0.3261566162109375,0.27875518798828125,0.33977508544921875,2.154815673828125,2.8426055908203125,0.3118896484375,0.28075408935546875,0.28429412841796875,0.332244873046875,0.37065887451171875,0.351104736328125,2.822296142578125,0.33753204345703125,24.31861114501953,0.24158477783203125,0,249498.29418945313,249480.5629272461,0,34088599552,2147483648,8177487872,0
200,1787751643842,3500,3500,3500,3500,3500,3500,3500,3500,3500,3500,3500,3500,3500,3500,3500,3500,3500,3500,3500,3500,1.2440032958984375,0.33426666259765625,77.0682373046875,0.15566253662109375,0.24753570556640625,0.24832916259765625,0.312774658203125,2.7604293823242188,3.3472671508789063,0.2816009521484375,2.880279541015625,0.32793426513671875,2.8025741577148438,0.27072906494140625,0.28464508056640625,0.27710723876953125,0.2940673828125,0.28743743896484375,26.877685546875,0.20723724365234375,0,249507.58837890625,249487.73846435547,0,34088599552,2147483648,8177549312,0
200,1787751644043,3500,3500,3500,3500,3500,3500,3500,3500,3500,3500,3500,3500,3500,3500,3500,3500,3500,3500,3500,3500,4.336585998535156,0.285980224609375,76.77709197998047,0.1664276123046875,0.2782440185546875,0.230072021484375,0.30310821533203125,0.3043060302734375,0.4517669677734375,0.35477447509765625,0.45810699462890625,2.9451980590820313,0.28882598876953125,0.27739715576171875,0.28179168701171875,0.30205535888671875,0.2863311767578125,0.28893280029296875,26.393844604492188,0.19773101806640625,0,249516.3623046875,249494.03771972656,0,34088599552,2147483648,8177680384,0
200,1787751644243,3500,3500,3500,3500,3500,3500,3500,3500,3500,3500,3500,3500,3500,3500,3500,3500,3500,3500,3500,3500,7.246864318847656,2.8086090087890625,48.541481018066406,0.1989288330078125,0.24028778076171875,2.7976150512695313,0.28623199462890625,0.19808197021484375,0.266754150390625,0.30261993408203125,0.2610626220703125,0.26335906982421875,8.083694458007813,0.268707275390625,2.7737960815429688,2.760711669921875,0.2669525146484375,0.29642486572265625,43.497886657714844,2.686187744140625,0,249525.56787109375,249501.13415527344,0,34088599552,2147483648,8177647616,0
200,1787751644443,3500,3500,3500,3500,3500,3500,3500,3500,3500,3500,3500,3500,3500,3500,3500,3500,3500,3500,3500,3500,24.042098999023438,0.2746124267578125,44.73487091064453,0.2085113525390625,0.24683380126953125,0.25537872314453125,2.862060546875,0.261871337890625,0.31034088134765625,0.22025299072265625,0.29924774169921875,0.34601593017578125,8.0836181640625,0.293853759765625,0.34307098388671875,0.33367156982421875,0.29979705810546875,2.8266830444335938,30.666908264160156,0.20586395263671875,0,249535.89166259766,249509.3217163086,0,34088599552,2147483648,8177930240,0
200,1787751644643,3500,3500,3500,3500,3500,3500,3500,3500,3500,3500,3500,3500,3500,3500,3500,3500,3500,3500,3500,3500,34.684913635253906,0.2689208984375,28.758224487304688,2.7293243408203125,2.8351516723632813,0.30062103271484375,0.28289794921875,0.33056640625,0.30156707763671875,2.826812744140625,0.32602691650390625,0.356475830078125,18.836334228515625,2.7986602783203125,0.41149139404296875,0.4029541015625,2.82476806640625,0.30506134033203125,25.41608428955078,0.23392486572265625,0,249544.3028564453,249515.62396240234,0,34088599552,2147483648,8177926144,0
200,1787751644844,3500,3500,3500,3500,3500,3500,3500,3500,3500,3500,3500,3500,3500,3500,3500,3500,3500,3500,3500,3500,39.38472366333008,0.2590179443359375,43.37873458862305,0.17615509033203125,0.28188323974609375,0.2305145263671875,0.2535247802734375,2.7464828491210938,3.3919143676757813,0.31946563720703125,2.691925048828125,0.24444580078125,7.655921936035156,0.2402496337890625,0.3767242431640625,0.37612152099609375,0.29311370849609375,0.283477783203125,16.949325561523438,0.20061492919921875,0,249555.42443847656,249524.61889648438,0,34088599552,2147483648,8177913856,0
200,1787751645044,3500,3500,3500,3500,3500,3500,3500,3500,3500,3500,3500,3500,3500,3500,3500,3500,3500,3500,3500,3500,31.390090942382813,0.2033233642578125,67.65357208251953,0.1316070556640625,0.25516510009765625,0.30471038818359375,0.21616363525390625,0.18524169921875,0.28498077392578125,0.287933349609375,0.21805572509765625,2.7745208740234375,0.3498077392578125,0.2438812255859375,0.8978500366210938,0.34012603759765625,0.23638916015625,0.28238677978515625,8.442474365234375,0.165863037109375,0,249563.84790039063,249530.90087890625,0,34088599552,2147483648,8178393088,0
200,1787751645244,3500,3500,3500,3500,3500,3500,3500,3500,3500,3500,3500,3500,3500,3500,3500,3500,3500,3500,3500,3500,52.7320671081543,2.8151702880859375,37.349708557128906,0.21230316162109375,0.47769927978515625,2.9921951293945313,0.46347808837890625,0.41777801513671875,0.37616729736328125,0.3252716064453125,0.3319091796875,0.3389434814453125,0.545562744140625,0.42945098876953125,2.9591140747070313,2.9229888916015625,0.43758392333984375,0.442626953125,14.123687744140625,2.7808380126953125,0,249573.5415649414,249538.49084472656,0,34088599552,2147483648,8178380800,0
200,1787751645444,3500,3500,3500,3500,3500,3500,3500,3500,3500,3500,3500,3500,3500,3500,3500,3500,3500,3500,3500,3500,29.25835418701172,0.259185791015625,48.292579650878906,0.18238067626953125,0.37885284423828125,0.30410003662109375,2.8195266723632813,0.3690643310546875,0.30440521240234375,0.273223876953125,0.3173980712890625,0.17658233642578125,11.077926635742188,0.3548736572265625,0.38574981689453125,0.30605316162109375,0.37835693359375,0.41083526611328125,20.696945190429688,0.259033203125,0,249582.58923339844,249545.41870117188,0,34088599552,2147483648,8178380800,0
200,1787751645645,3500,3500,3500,3500,3500,3500,3500,3500,3500,3500,3500,3500,3500,3500,3500,3500,3500,3500,3500,3500,33.32136535644531,0.27111053466796875,56.605628967285156,2.7061614990234375,2.8629989624023438,0.3090667724609375,0.28739166259765625,0.3106689453125,0.29068756103515625,0.28684234619140625,0.314910888671875,0.27130889892578125,0.5183944702148438,2.92193603515625,0.29648590087890625,0.29358673095703125,2.9070510864257813,2.9104995727539063,17.612815856933594,0.22451019287109375,0,249592.1199951172,249552.83087158203,0,34088599552,2147483648,8178708480,0
199,1787751645845,3500,3500,3500,3500,3500,3500,3500,3500,3500,3500,3500,3500,3500,3500,3500,3500,3500,3500,3500,3500,28.410316467285156,0.232452392578125,41.4708251953125,0.20477294921875,0.3323211669921875,0.318603515625,0.303985595703125,2.80712890625,3.5130233764648438,2.7784423828125,2.7067108154296875,0.21454620361328125,3.4269256591796875,0.3137664794921875,0.8022689819335938,0.2583465576171875,0.3649444580078125,0.37282562255859375,71.546142578125,0.122314453125,0,249602.29138183594,249560.8583984375,0,34088599552,2147483648,8201519104,0
200,1787751646045,3500,3500,3500,3500,3500,3500,3500,3500,3500,3500,3500,3500,3500,3500,3500,3500,3500,3500,3500,3500,47.04929733276367,0.1743316650390625,32.48991394042969,0.21121978759765625,0.222015380859375,0.26200103759765625,0.2845916748046875,0.313079833984375,0.2266693115234375,0.243408203125,0.3119354248046875,0.5240020751953125,8.471748352050781,0.2508544921875,0.420440673828125,0.38031005859375,0.39165496826171875,0.409149169921875,18.063980102539063,0.20247650146484375,0,249611.05603027344,249567.50274658203,0,34088599552,2147483648,8201719808,0
200,1787751646245,3500,3500,3500,3500,3500,3500,3500,3500,3500,3500,3500,3500,3500,3500,3500,3500,3500,3500,3500,3500,23.025901794433594,0.33388519287109375,53.892242431640625,0.29877471923828125,0.35662078857421875,2.9414520263671875,0.32019805908203125,0.3584136962890625,0.37725067138671875,0.4226531982421875,0.3278961181640625,2.6729049682617188,15.749351501464844,0.35826873779296875,2.9549942016601563,2.96478271484375,0.49359130859375,0.49188995361328125,11.489677429199219,2.8387985229492188,0,249621.748046875,249576.06036376953,0,34088599552,2147483648,8201719808,0
199,1787751646446,3500,3500,3500,3500,3500,3500,3500,3500,3500,3500,3500,3500,3500,3500,3500,3500,3500,3500,3500,3500,54.84312057495117,2.63287353515625,34.41827392578125,0.117156982421875,0.16146087646484375,0.12184906005859375,2.709564208984375,0.21600341796875,0.1784820556640625,0.2097625732421875,0.1905517578125,0.1483917236328125,0.2999267578125,0.1945953369140625,0.20891571044921875,0.21240997314453125,0.30426788330078125,0.30226898193359375,21.482940673828125,0.09415435791015625,0,249629.9189453125,249582.10278320313,0,34088599552,2147483648,8202166272,0
200,1787751646646,3500,3500,3500,3500,3500,3500,3500,3500,3500,3500,3500,3500,3500,3500,3500,3500,3500,3500,3500,3500,28.640098571777344,0.33086395263671875,45.1770133972168,2.7907180786132813,2.8660736083984375,0.2855377197265625,0.37563323974609375,0.35305023193359375,0.9547119140625,0.38123321533203125,0.35344696044921875,0.325164794921875,0.42446136474609375,2.8781661987304688,0.4109649658203125,0.38962554931640625,2.97821044921875,3.002197265625,33.92399597167969,0.26639556884765625,0,249638.49725341797,249588.56481933594,0,34088599552,2147483648,8202854400,0
200,1787751646846,3500,3500,3500,3500,3500,3500,3500,3500,3500,3500,3500,3500,3500,3500,3500,3500,3500,3500,3500,3500,31.20684051513672,0.30707550048828125,48.00306701660156,0.23751068115234375,0.33602142333984375,0.25821685791015625,0.29749298095703125,2.8271865844726563,3.4469833374023438,2.8307266235351563,2.7953948974609375,0.30632781982421875,3.0378952026367188,0.31781005859375,0.4640350341796875,0.4347381591796875,0.42595672607421875,0.44147491455078125,25.208961486816406,0.26006317138671875,0,249647.2319946289,249595.18139648438,0,34088599552,2147483648,8203313152,0
200,1787751647047,3500,3500,3500,3500,3500,3500,3500,3500,3500,3500,3500,3500,3500,3500,3500,3500,3500,3500,3500,3500,37.2846565246582,0.224700927734375,40.69619369506836,0.17861175537109375,0.268646240234375,0.317779541015625,0.259368896484375,0.27178955078125,0.32201385498046875,0.45928192138671875,0.321563720703125,0.4623260498046875,7.9245452880859375,0.26689910888671875,0.37837982177734375,0.37119293212890625,0.39902496337890625,0.37712860107421875,19.44477081298828,0.2115325927734375,0,249657.5899658203,249603.41802978516,0,34088599552,2147483648,8204070912,0
200,1787751647247,3500,3500,3500,3500,3500,3500,3500,3500,3500,3500,3500,3500,3500,3500,3500,3500,3500,3500,3500,3500,40.14899444580078,0.2232513427734375,22.774993896484375,0.24341583251953125,0.290985107421875,2.7932357788085938,0.2505035400390625,0.2294921875,0.28598785400390625,0.2744140625,0.2311859130859375,2.840301513671875,8.304733276367188,0.28060150146484375,16.798324584960938,2.8098526000976563,0.31244659423828125,0.33685302734375,26.798187255859375,2.7181167602539063,0,249666.32861328125,249610.02709960938,0,34088599552,2147483648,8209076224,0
200,1787751647447,3500,3500,3500,3500,3500,3500,3500,3500,3500,3500,3500,3500,3500,3500,3500,3500,3500,3500,3500,3500,30.710250854492188,2.8218231201171875,34.07234191894531,0.25823211669921875,0.33393096923828125,0.407440185546875,2.849517822265625,0.34326171875,0.27570343017578125,0.26187896728515625,0.3788909912109375,0.29366302490234375,8.418556213378906,0.31282806396484375,0.35195159912109375,0.3147735595703125,0.31866455078125,0.3452606201171875,35.52020263671875,0.29511260986328125,0,249675.0263671875,249616.6089477539,0,34088599552,2147483648,8209076224,0
200,1787751647648,3500,3500,3500,3500,3500,3500,3500,3500,3500,3500,3500,3500,3500,3500,3500,3500,3500,3500,3500,3500,21.730422973632813,0.293914794921875,25.705406188964844,2.7860488891601563,2.8225784301757813,0.432586669921875,0.362030029296875,0.3480072021484375,0.42195892333984375,0.286529541015625,0.35968017578125,0.3170166015625,31.45361328125,2.7869491577148438,0.2964630126953125,0.29087066650390625,2.8079605102539063,2.7954330444335938,28.360122680664063,0.23053741455078125,0,249683.21704101563,249622.6753540039,0,34088599552,2147483648,8209068032,0
200,1787751647848,3500,3500,3500,3500,3500,3500,3500,3500,3500,3500,3500,3500,3500,3500,3500,3500,3500,3500,3500,3500,34.732574462890625,0.2350006103515625,22.93902587890625,0.22730255126953125,0.27222442626953125,0.31639862060546875,0.23000335693359375,2.7783966064453125,3.9510879516601563,2.82366943359375,2.8246688842773438,0.28851318359375,15.380523681640625,0.22820281982421875,0.33048248291015625,0.291412353515625,0.28202056884765625,0.2894134521484375,36.12417221069336,0.18378448486328125,0,249691.1368408203,249628.48071289063,0,34088599552,2147483648,8209563648,0
200,1787751648048,3500,3500,3500,3500,3500,3500,3500,3500,3500,3500,3500,3500,3500,3500,3500,3500,3500,3500,3500,3500,34.707603454589844,0.24031829833984375,41.08207321166992,0.2079620361328125,0.27262115478515625,0.2104034423828125,0.2371673583984375,0.2448577880859375,0.2673797607421875,0.27541351318359375,0.31475830078125,0.20955657958984375,22.67926025390625,0.2100067138671875,0.40203857421875,0.38011932373046875,0.28110504150390625,0.27172088623046875,23.883880615234375,0.19428253173828125,0,249698.8901977539,249634.0770263672,0,34088599552,2147483648,8214003712,0
200,1787751648249,3500,3500,3500,3500,3500,3500,3500,3500,3500,3500,3500,3500,3500,3500,3500,3500,3500,3500,3500,3500,24.575515747070313,0.35248565673828125,10.093231201171875,0.25876617431640625,0.31014251708984375,2.787322998046875,0.32036590576171875,0.3321380615234375,0.33856964111328125,0.3072509765625,0.3141326904296875,2.7670211791992188,36.05305480957031,0.268890380859375,2.9158554077148438,2.888427734375,0.29497528076171875,0.34705352783203125,34.10966491699219,2.7257766723632813,0,249706.79528808594,249639.85302734375,0,34088599552,2147483648,8214212608,0
200,1787751648449,3500,3500,3500,3500,3500,3500,3500,3500,3500,3500,3500,3500,3500,3500,3500,3500,3500,3500,3500,3500,21.32018280029297,2.8127899169921875,51.463985443115234,0.227874755859375,0.384368896484375,0.31453704833984375,2.910491943359375,0.37332916259765625,0.32772064208984375,0.29700469970703125,0.3277740478515625,0.33411407470703125,0.37697601318359375,0.34650421142578125,0.4295196533203125,0.42777252197265625,0.4322662353515625,0.42812347412109375,35.8966064453125,0.2319183349609375,0,249715.77270507813,249646.71313476563,0,34088599552,2147483648,8214282240,0
199,1787751648649,3500,3500,3500,3500,3500,3500,3500,3500,3500,3500,3500,3500,3500,3500,3500,3500,3500,3500,3500,3500,21.69951629638672,0.177581787109375,42.564300537109375,2.6518020629882813,2.7084884643554688,0.17394256591796875,0.23770904541015625,0.15029144287109375,0.229827880859375,0.1727447509765625,0.21575927734375,0.27154541015625,8.025810241699219,2.74017333984375,0.31105804443359375,0.31635284423828125,2.820953369140625,2.8162155151367188,40.27839660644531,0.1324310302734375,0,249724.59539794922,249653.41149902344,0,34088599552,2147483648,8216342528,0
200,1787751648850,3500,3500,3500,3500,3500,3500,3500,3500,3500,3500,3500,3500,3500,3500,3500,3500,3500,3500,3500,3500,10.202133178710938,0.34653472900390625,64.63496398925781,0.198455810546875,1.0280609130859375,0.2825164794921875,0.29566192626953125,2.8126602172851563,2.89501953125,2.8377456665039063,2.8323974609375,0.2186431884765625,3.8049850463867188,0.3021087646484375,0.4362945556640625,0.41895294189453125,0.419097900390625,0.42209625244140625,32.41758728027344,0.3137969970703125,0,249734.90551757813,249662.04260253906,0,34088599552,2147483648,8217219072,0
200,1787751649050,3500,3500,3500,3500,3500,3500,3500,3500,3500,3500,3500,3500,3500,3500,3500,3500,3500,3500,3500,3500,39.14668273925781,0.2503662109375,44.71982955932617,0.23769378662109375,0.30300140380859375,0.25470733642578125,0.34925079345703125,0.31622314453125,0.27027130126953125,0.2975616455078125,0.2570037841796875,0.3058929443359375,1.220489501953125,0.28878021240234375,0.4105224609375,0.4025421142578125,0.40887451171875,0.402587890625,20.894668579101563,0.23200225830078125,0,249744.77490234375,249669.74310302734,0,34088599552,2147483648,8217350144,0
200,1787751649250,3500,3500,3500,3500,3500,3500,3500,3500,3500,3500,3500,3500,3500,3500,3500,3500,3500,3500,3500,3500,24.760757446289063,0.30442047119140625,31.097816467285156,0.20368194580078125,0.47344207763671875,2.9251632690429688,0.48242950439453125,0.35497283935546875,0.30417633056640625,0.26032257080078125,0.29453277587890625,2.7925033569335938,31.591934204101563,0.25627899169921875,2.9546356201171875,2.9231643676757813,0.43358612060546875,0.41185760498046875,17.325180053710938,2.7951507568359375,0,249753.29028320313,249676.33154296875,0,34088599552,2147483648,8217333760,0
200,1787751649450,3500,3500,3500,3500,3500,3500,3500,3500,3500,3500,3500,3500,3500,3500,3500,3500,3500,3500,3500,3500,19.27967071533203,2.7513504028320313,42.847225189208984,0.18762969970703125,0.4119110107421875,0.35652923583984375,2.9736404418945313,0.3134307861328125,0.22737884521484375,0.22003936767578125,0.22353363037109375,0.2713775634765625,0.9062271118164063,0.2654876708984375,8.037750244140625,0.24056243896484375,8.103477478027344,0.335601806640625,33.901145935058594,0.12454986572265625,0,249763.7060546875,249684.58654785156,0,34088599552,2147483648,8218808320,0
200,1787751649651,3500,3500,3500,3500,3500,3500,3500,3500,3500,3500,3500,3500,3500,3500,3500,3500,3500,3500,3500,3500,29.982032775878906,0.28717041015625,34.456573486328125,2.7910537719726563,2.9808197021484375,0.44115447998046875,0.45623016357421875,0.4009857177734375,0.31735992431640625,0.23227691650390625,0.2880706787109375,0.38671875,8.092376708984375,2.809417724609375,0.35059356689453125,0.31630706787109375,2.8950881958007813,2.909759521484375,34.91350555419922,0.2031402587890625,0,249775.41790771484,249693.62451171875,0,34088599552,2147483648,8218779648,0
200,1787751649851,3500,3500,3500,3500,3500,3500,3500,3500,3500,3500,3500,3500,3500,3500,3500,3500,3500,3500,3500,3500,18.148574829101563,0.32062530517578125,40.38786697387695,0.18707275390625,0.3370361328125,0.298431396484375,0.2944488525390625,2.7302017211914063,2.8953781127929688,2.81134033203125,2.7832183837890625,0.32427215576171875,17.922805786132813,0.3717498779296875,0.36815643310546875,0.33933258056640625,0.27324676513671875,0.32372283935546875,30.54155731201172,0.22747039794921875,0,249784.67260742188,249700.74407958984,0,34088599552,2147483648,8218759168,0
200,1787751650052,3500,3500,3500,3500,3500,3500,3500,3500,3500,3500,3500,3500,3500,3500,3500,3500,3500,3500,3500,3500,43.02520751953125,0.1747589111328125,29.753372192382813,0.16703033447265625,0.2422943115234375,0.1180572509765625,0.21106719970703125,0.30014801025390625,0.21904754638671875,0.19989776611328125,0.2443389892578125,0.28249359130859375,25.53235626220703,0.20339202880859375,0.35695648193359375,0.3725128173828125,0.24997711181640625,0.25725555419921875,9.526069641113281,0.23735809326171875,0,249793.40936279297,249707.35791015625,0,34088599552,2147483648,8218882048,0
200,1787751650252,3500,3500,3500,3500,3500,3500,3500,3500,3500,3500,3500,3500,3500,3500,3500,3500,3500,3500,3500,3500,34.78247833251953,0.2585601806640625,33.22447967529297,0.22792816162109375,0.2805633544921875,2.8359832763671875,0.28534698486328125,0.29701995849609375,0.339874267578125,0.26349639892578125,0.3531951904296875,2.8278045654296875,8.1429443359375,0.3150787353515625,2.951873779296875,0.40407562255859375,0.2984161376953125,0.3187255859375,33.16960906982422,2.7176055908203125,0,249804.48992919922,249716.30627441406,0,34088599552,2147483648,8219406336,0
200,1787751650453,3500,3500,3500,3500,3500,3500,3500,3500,3500,3500,3500,3500,3500,3500,3500,3500,3500,3500,3500,3500,25.401268005371094,2.7859039306640625,61.39779281616211,0.2253875732421875,0.2998046875,0.2407073974609375,2.8333663940429688,0.28737640380859375,0.290771484375,0.313873291015625,0.3003997802734375,0.32006072998046875,0.41478729248046875,0.41783905029296875,0.4277191162109375,2.9423141479492188,0.33309173583984375,0.31542205810546875,21.401687622070313,0.2227935791015625,0,249813.61083984375,249723.31091308594,0,34088599552,2147483648,8219406336,0
199,1787751650653,3500,3500,3500,3500,3500,3500,3500,3500,3500,3500,3500,3500,3500,3500,3500,3500,3500,3500,3500,3500,15.524246215820313,0.25323486328125,38.12385559082031,2.7425308227539063,2.8095855712890625,0.220703125,0.2645263671875,0.2776641845703125,3.9055099487304688,0.26267242431640625,0.252685546875,0.22589874267578125,23.765533447265625,2.8344192504882813,0.39269256591796875,0.2876129150390625,2.7982940673828125,2.8435134887695313,34.92543029785156,0.1848297119140625,0,249823.73266601563,249731.27416992188,0,34088599552,2147483648,8203309056,0
200,1787751650853,3500,3500,3500,3500,3500,3500,3500,3500,3500,3500,3500,3500,3500,3500,3500,3500,3500,3500,3500,3500,27.19037628173828,0.236358642578125,50.339962005615234,0.25579833984375,4.7293548583984375,0.2595977783203125,0.1913604736328125,2.827117919921875,11.509384155273438,2.905303955078125,2.80181884765625,0.2803955078125,90.39215850830078,0.1681671142578125,54.267822265625,0.22360992431640625,30.135421752929688,0.23040771484375,80.74177551269531,0.16696929931640625,0,249836.80865478516,249742.09533691406,0,34088599552,2147483648,8233111552,0
200,1787751651053,3500,3500,3500,3500,3500,3500,3500,3500,3500,3500,3500,3500,3500,3500,3500,3500,3500,3500,3500,3500,57.35293960571289,0.31048583984375,53.08143615722656,0.29486846923828125,0.6163864135742188,0.351654052734375,0.36826324462890625,0.33293914794921875,1.5621261596679688,0.3513031005859375,0.37046051025390625,0.401092529296875,25.642135620117188,0.28229522705078125,16.496414184570313,0.32256317138671875,81.22913360595703,0.206512451171875,61.241355895996094,0.25830078125,0,249851.4786376953,249754.6014404297,0,34088599552,2147483648,8240361472,0
200,1787751651254,3500,3500,3500,3500,3500,3500,3500,3500,3500,3500,3500,3500,3500,3500,3500,3500,3500,3500,3500,3500,27.26935577392578,0.34319305419921875,86.90562438964844,0.2509765625,0.43880462646484375,2.9864883422851563,0.3711700439453125,0.37531280517578125,0.6025924682617188,0.39446258544921875,0.35286712646484375,2.9196014404296875,27.734390258789063,0.30702972412109375,19.159271240234375,0.3243408203125,23.584213256835938,0.3548126220703125,36.337493896484375,2.7787094116210938,0,249863.2938232422,249764.22583007813,0,34088599552,2147483648,8212643840,0
200,1787751651454,3500,3500,3500,3500,3500,3500,3500,3500,3500,3500,3500,3500,3500,3500,3500,3500,3500,3500,3500,3500,26.078872680664063,2.792694091796875,55.37464141845703,0.2094268798828125,0.216217041015625,0.22016143798828125,2.81500244140625,0.31127166748046875,0.299102783203125,0.313018798828125,0.32395172119140625,0.28282928466796875,0.3183135986328125,0.300994873046875,0.290863037109375,2.79119873046875,0.279388427734375,0.30269622802734375,24.24645233154297,0.21506500244140625,0,249871.66778564453,249770.4842529297,0,34088599552,2147483648,8212643840,0
200,1787751651654,3500,3500,3500,3500,3500,3500,3500,3500,3500,3500,3500,3500,3500,3500,3500,3500,3500,3500,3500,3500,30.70539093017578,0.1725921630859375,56.733154296875,2.6216964721679688,2.7535781860351563,0.24207305908203125,0.22634124755859375,0.19411468505859375,0.27329254150390625,0.28023529052734375,0.1879730224609375,0.23407745361328125,9.422538757324219,2.7185592651367188,0.2501678466796875,0.24147796630859375,2.7332916259765625,2.7555770874023438,17.5838623046875,0.1516571044921875,0,249882.56170654297,249779.2333984375,0,34088599552,2147483648,8212938752,0
200,1787751651855,3500,3500,3500,3500,3500,3500,3500,3500,3500,3500,3500,3500,3500,3500,3500,3500,3500,3500,3500,3500,13.563491821289063,0.34392547607421875,67.74518585205078,0.2021484375,0.338592529296875,0.3201446533203125,0.27782440185546875,2.8291702270507813,2.950958251953125,2.8998641967773438,2.7987136840820313,0.26116943359375,3.3358612060546875,0.35678863525390625,0.32842254638671875,0.3439788818359375,0.32508087158203125,0.36431121826171875,23.30976104736328,0.26441192626953125,0,249891.63568115234,249786.17260742188,0,34088599552,2147483648,8211238912,0
200,1787751652055,3500,3500,3500,3500,3500,3500,3500,3500,3500,3500,3500,3500,3500,3500,3500,3500,3500,3500,3500,3500,23.48192596435547,0.2835235595703125,26.22052764892578,0.2331085205078125,0.216033935546875,0.2879638671875,0.25182342529296875,0.37342071533203125,0.25766754150390625,0.2763824462890625,0.25931549072265625,0.25402069091796875,3.7093734741210938,0.3135223388671875,31.71624755859375,0.2402496337890625,0.2989959716796875,0.2829742431640625,27.11872100830078,0.178802490234375,0,249899.8731689453,249792.2781982422,0,34088599552,2147483648,8210784256,0
200,1787751652256,3500,3500,3500,3500,3500,3500,3500,3500,3500,3500,3500,3500,3500,3500,3500,3500,3500,3500,3500,3500,33.344261169433594,0.26580047607421875,53.33600997924805,0.2025604248046875,0.3520050048828125,2.7975692749023438,0.253173828125,0.21343994140625,0.31491851806640625,0.20156097412109375,0.29230499267578125,2.7626800537109375,0.29085540771484375,0.3162689208984375,2.824676513671875,0.308929443359375,0.306182861328125,0.33892822265625,17.385848999023438,2.7306289672851563,0,249908.72552490234,249798.99639892578,0,34088599552,2147483648,8209567744,0
200,1787751652456,3500,3500,3500,3500,3500,3500,3500,3500,3500,3500,3500,3500,3500,3500,3500,3500,3500,3500,3500,3500,21.948150634765625,2.7654266357421875,58.23447036743164,0.18366241455078125,0.31897735595703125,0.2156829833984375,2.8097305297851563,0.18990325927734375,0.32317352294921875,0.245147705078125,0.25858306884765625,0.28865814208984375,14.841506958007813,0.26132965087890625,0.274017333984375,2.8314590454101563,0.297149658203125,0.25394439697265625,16.790313720703125,0.23316192626953125,0,249919.33599853516,249807.46826171875,0,34088599552,2147483648,8210534400,0
200,1787751652656,3500,3500,3500,3500,3500,3500,3500,3500,3500,3500,3500,3500,3500,3500,3500,3500,3500,3500,3500,3500,22.593971252441406,0.26631927490234375,20.546951293945313,2.7460098266601563,2.8208465576171875,0.23444366455078125,0.2996368408203125,0.28265380859375,0.3629302978515625,0.3186187744140625,0.3278656005859375,0.3150787353515625,15.8253173828125,2.7888717651367188,0.30702972412109375,0.31427764892578125,2.8127975463867188,2.8193435668945313,50.27146530151367,0.16585540771484375,0,249928.74200439453,249814.75555419922,0,34088599552,2147483648,8210530304,0
200,1787751652856,3500,3500,3500,3500,3500,3500,3500,3500,3500,3500,3500,3500,3500,3500,3500,3500,3500,3500,3500,3500,46.107154846191406,0.2156219482421875,26.744789123535156,0.2308502197265625,0.23184967041015625,0.29193878173828125,0.26671600341796875,2.8372039794921875,3.9716873168945313,2.81158447265625,0.2856903076171875,0.27520751953125,0.96441650390625,0.31021881103515625,0.2626190185546875,0.38188934326171875,0.31970977783203125,0.28978729248046875,33.57311248779297,0.16947174072265625,0,249936.66290283203,249820.5415649414,0,34088599552,2147483648,8210530304,0
200,1787751653057,3500,3500,3500,3500,3500,3500,3500,3500,3500,3500,3500,3500,3500,3500,3500,3500,3500,3500,3500,3500,34.64021301269531,0.256683349609375,28.20348358154297,0.21295928955078125,0.320281982421875,0.24091339111328125,0.31688690185546875,0.2119598388671875,0.27495574951171875,0.27251434326171875,2.8038787841796875,0.2992706298828125,2.9295272827148438,0.332061767578125,0.29876708984375,0.28369140625,0.296173095703125,0.28783416748046875,42.807395935058594,0.1639862060546875,0,249946.0125732422,249827.77020263672,0,34088599552,2147483648,8210653184,0
200,1787751653257,3500,3500,3500,3500,3500,3500,3500,3500,3500,3500,3500,3500,3500,3500,3500,3500,3500,3500,3500,3500,24.89044189453125,0.32708740234375,34.984130859375,0.25136566162109375,0.31211090087890625,2.8147811889648438,0.20269775390625,0.302978515625,0.27712249755859375,0.2501678466796875,0.353240966796875,2.7334213256835938,13.1444091796875,0.3019256591796875,2.8030014038085938,0.30088043212890625,0.2877044677734375,0.32044219970703125,36.67649841308594,2.722442626953125,0,249955.27520751953,249834.88525390625,0,34088599552,2147483648,8211243008,0
200,1787751653457,3500,3500,3500,3500,3500,3500,3500,3500,3500,3500,3500,3500,3500,3500,3500,3500,3500,3500,3500,3500,38.57598114013672,2.7735366821289063,35.35053253173828,0.23247528076171875,0.37726593017578125,0.32755279541015625,2.7795791625976563,0.32115936279296875,0.3665771484375,0.32350921630859375,0.3645782470703125,0.3147125244140625,0.5277557373046875,0.42673492431640625,0.36867523193359375,2.8860549926757813,0.3297576904296875,0.35358428955078125,32.195533752441406,0.27789306640625,0,249963.84020996094,249841.33990478516,0,34088599552,2147483648,8211243008,0
200,1787751653657,3500,3500,3500,3500,3500,3500,3500,3500,3500,3500,3500,3500,3500,3500,3500,3500,3500,3500,3500,3500,39.922969818115234,0.21936798095703125,25.76129150390625,2.763275146484375,4.117103576660156,0.25384521484375,0.34808349609375,0.2166748046875,0.35756683349609375,0.3166046142578125,0.21453094482421875,0.29320526123046875,16.013259887695313,2.7744522094726563,0.32613372802734375,0.26157379150390625,2.8290863037109375,2.7935638427734375,27.941146850585938,0.20030975341796875,0,249972.95245361328,249848.3296508789,0,34088599552,2147483648,8211243008,0
200,1787751653858,3500,3500,3500,3500,3500,3500,3500,3500,3500,3500,3500,3500,3500,3500,3500,3500,3500,3500,3500,3500,46.370277404785156,0.21431732177734375,27.73485565185547,0.16706085205078125,1.68939208984375,0.2445526123046875,0.22005462646484375,2.8192062377929688,3.4563751220703125,2.7964019775390625,0.34784698486328125,0.20294189453125,17.65904998779297,0.2377166748046875,11.430419921875,0.23382568359375,1.0139541625976563,0.28502655029296875,24.35303497314453,0.17255401611328125,0,249981.42510986328,249854.62280273438,0,34088599552,2147483648,8211652608,0
200,1787751654058,3500,3500,3500,3500,3500,3500,3500,3500,3500,3500,3500,3500,3500,3500,3500,3500,3500,3500,3500,3500,17.446182250976563,0.29033660888671875,75.35498809814453,0.13301849365234375,0.248077392578125,0.32391357421875,0.22198486328125,0.2577056884765625,0.2421417236328125,0.27646636962890625,2.7334365844726563,0.34771728515625,2.97198486328125,0.37346649169921875,0.48612213134765625,0.3488616943359375,0.27536773681640625,0.2687835693359375,12.302520751953125,0.2318115234375,0,249990.1117553711,249861.19598388672,0,34088599552,2147483648,8211779584,0
200,1787751654258,3500,3500,3500,3500,3500,3500,3500,3500,3500,3500,3500,3500,3500,3500,3500,3500,3500,3500,3500,3500,32.96952819824219,0.30704498291015625,45.92525863647461,0.21441650390625,0.37445831298828125,2.78057861328125,0.2413330078125,0.3258209228515625,0.2026824951171875,0.36756134033203125,0.30060577392578125,2.8448867797851563,0.5462799072265625,0.4334259033203125,8.330787658691406,0.40576171875,0.33251190185546875,0.3258209228515625,17.527740478515625,2.797454833984375,0,249999.40869140625,249868.37506103516,0,34088599552,2147483648,8211779584,0
200,1787751654459,3500,3500,3500,3500,3500,3500,3500,3500,3500,3500,3500,3500,3500,3500,3500,3500,3500,3500,3500,3500,44.27945327758789,2.7480010986328125,20.94957733154297,0.22531890869140625,0.215179443359375,0.23984527587890625,2.7826461791992188,0.27230072021484375,0.26280975341796875,0.217926025390625,0.2872772216796875,0.3025054931640625,0.5517349243164063,0.41234588623046875,2.878509521484375,2.8657302856445313,0.37879180908203125,0.40435791015625,40.74905776977539,0.18257904052734375,0,250007.93536376953,249874.78717041016,0,34088599552,2147483648,8211775488,0
200,1787751654659,3500,3500,3500,3500,3500,3500,3500,3500,3500,3500,3500,3500,3500,3500,3500,3500,3500,3500,3500,3500,26.097702026367188,0.279815673828125,58.845462799072266,2.6937179565429688,0.26958465576171875,0.25406646728515625,0.23181915283203125,0.26828765869140625,0.31684112548828125,0.2186431884765625,0.234161376953125,0.28570556640625,8.147621154785156,2.7860260009765625,0.34967041015625,0.310302734375,2.9604644775390625,2.9569168090820313,19.813392639160156,0.19583892822265625,0,250017.3045654297,249882.02032470703,0,34088599552,2147483648,8212045824,0
200,1787751654859,3500,3500,3500,3500,3500,3500,3500,3500,3500,3500,3500,3500,3500,3500,3500,3500,3500,3500,3500,3500,31.545120239257813,0.25453948974609375,36.200111389160156,0.20906829833984375,2.8181076049804688,0.28186798095703125,0.24494171142578125,2.7576522827148438,4.3645782470703125,2.822906494140625,0.26548004150390625,0.21831512451171875,0.554901123046875,0.265228271484375,0.39754486083984375,0.3885040283203125,0.3937530517578125,0.40314483642578125,37.038082122802734,0.1907806396484375,0,250026.28454589844,249888.8871459961,0,34088599552,2147483648,8212041728,0
200,1787751655060,3500,3500,3500,3500,3500,3500,3500,3500,3500,3500,3500,3500,3500,3500,3500,3500,3500,3500,3500,3500,9.14501953125,0.3386993408203125,73.08245086669922,0.13701629638671875,0.30728912353515625,0.227447509765625,0.23877716064453125,0.2964019775390625,0.30389404296875,0.267791748046875,2.7503204345703125,0.2428741455078125,10.811737060546875,0.2769775390625,0.295806884765625,0.28751373291015625,0.37060546875,0.3762969970703125,15.443244934082031,0.22974395751953125,0,250035.0955810547,249895.56958007813,0,34088599552,2147483648,8212037632,0
200,1787751655260,3500,3500,3500,3500,3500,3500,3500,3500,3500,3500,3500,3500,3500,3500,3500,3500,3500,3500,3500,3500,36.25288391113281,0.30599212646484375,49.918983459472656,0.20554351806640625,0.31158447265625,2.8978271484375,0.322509765625,0.34307098388671875,0.327850341796875,0.32305908203125,0.272857666015625,2.8091506958007813,0.5410308837890625,0.4026031494140625,0.361785888671875,0.327850341796875,0.4278564453125,0.41837310791015625,17.5701904296875,2.797027587890625,0,250044.72967529297,249903.0946044922,0,34088599552,2147483648,8212037632,0
200,1787751655460,3500,3500,3500,3500,3500,3500,3500,3500,3500,3500,3500,3500,3500,3500,3500,3500,3500,3500,3500,3500,21.98114776611328,2.7938003540039063,46.991615295410156,0.1442413330078125,0.2377166748046875,0.30231475830078125,2.8174819946289063,0.2572021484375,1.41680908203125,0.20104217529296875,0.2440643310546875,0.28997802734375,1.70623779296875,0.3551788330078125,2.7652206420898438,2.7993011474609375,0.3408355712890625,0.35312652587890625,41.03009796142578,0.17206573486328125,0,250055.14373779297,249911.37072753906,0,34088599552,2147483648,8212054016,0
200,1787751655660,3500,3500,3500,3500,3500,3500,3500,3500,3500,3500,3500,3500,3500,3500,3500,3500,3500,3500,3500,3500,30.40013885498047,0.2818450927734375,41.26236343383789,0.17378997802734375,0.31417083740234375,0.3095703125,0.28993988037109375,0.35048675537109375,0.35123443603515625,0.223602294921875,0.21056365966796875,0.25042724609375,7.979469299316406,2.8305511474609375,0.28998565673828125,0.30682373046875,2.8013763427734375,2.8118209838867188,30.01348876953125,0.26096343994140625,0,250063.19952392578,249917.32397460938,0,34088599552,2147483648,8212180992,0
199,1787751655861,3500,3500,3500,3500,3500,3500,3500,3500,3500,3500,3500,3500,3500,3500,3500,3500,3500,3500,3500,3500,44.29035186767578,0.23757171630859375,31.52336883544922,2.7406005859375,2.921875,0.45503997802734375,0.48403167724609375,2.9954986572265625,2.9545211791992188,2.8830490112304688,0.27895355224609375,0.2138214111328125,8.246513366699219,0.2830963134765625,0.31473541259765625,0.295867919921875,0.30719757080078125,0.30959320068359375,21.972885131835938,0.22943878173828125,0,250071.048828125,249923.04174804688,0,34088599552,2147483648,8212160512,0
200,1787751656061,3500,3500,3500,3500,3500,3500,3500,3500,3500,3500,3500,3500,3500,3500,3500,3500,3500,3500,3500,3500,38.84636688232422,0.2242584228515625,43.608604431152344,0.196563720703125,0.44646453857421875,0.383087158203125,0.47319793701171875,0.34290313720703125,0.25399017333984375,0.192718505859375,2.868988037109375,0.2831268310546875,3.4855728149414063,0.2729339599609375,0.28847503662109375,0.2589874267578125,0.257843017578125,0.2961273193359375,28.597000122070313,0.19246673583984375,0,250079.66955566406,249929.5321044922,0,34088599552,2147483648,8212234240,0
199,1787751656261,3500,3500,3500,3500,3500,3500,3500,3500,3500,3500,3500,3500,3500,3500,3500,3500,3500,3500,3500,3500,32.995811462402344,0.19219207763671875,47.64535140991211,0.1689453125,0.42360687255859375,2.9604263305664063,0.4492034912109375,0.3118438720703125,0.29084014892578125,0.17014312744140625,0.14963531494140625,2.8219680786132813,0.42281341552734375,0.32207489013671875,0.3251190185546875,0.27906036376953125,0.25756072998046875,0.27736663818359375,23.1357421875,0.3953704833984375,0,250087.8330078125,249935.5867919922,0,34088599552,2147483648,8212234240,0
200,1787751656461,3500,3500,3500,3500,3500,3500,3500,3500,3500,3500,3500,3500,3500,3500,3500,3500,3500,3500,3500,3500,29.390045166015625,2.8869552612304688,50.63771057128906,0.2737579345703125,0.5364303588867188,0.5460739135742188,3.0743789672851563,0.5495681762695313,0.3358154296875,0.3898773193359375,0.3358154296875,0.37918853759765625,0.819183349609375,0.41886138916015625,2.9825363159179688,2.9733428955078125,0.389984130859375,0.41835784912109375,25.964256286621094,2.64337158203125,0,250096.18432617188,249941.8228149414,0,34088599552,2147483648,8212221952,0
200,1787751656662,3500,3500,3500,3500,3500,3500,3500,3500,3500,3500,3500,3500,3500,3500,3500,3500,3500,3500,3500,3500,40.86231994628906,0.21389007568359375,37.90876007080078,0.18375396728515625,0.23284912109375,0.28319549560546875,0.22666168212890625,0.26343536376953125,0.26897430419921875,0.3106842041015625,0.235443115234375,0.167938232421875,16.250961303710938,2.8190460205078125,0.352691650390625,0.360076904296875,2.780029296875,2.8278274536132813,11.9146728515625,0.2587432861328125,0,250106.34704589844,249950.2045288086,0,34088599552,2147483648,8212353024,0
199,1787751656862,3500,3500,3500,3500,3500,3500,3500,3500,3500,3500,3500,3500,3500,3500,3500,3500,3500,3500,3500,3500,10.915901184082031,0.27387237548828125,58.03877258300781,2.7377243041992188,2.8570404052734375,0.25385284423828125,0.35089874267578125,0.24027252197265625,3.1641082763671875,2.95184326171875,0.294342041015625,0.35449981689453125,18.319091796875,0.25589752197265625,0.29938507080078125,0.3425140380859375,0.35614013671875,0.384002685546875,25.082481384277344,0.1771240234375,0,250114.33599853516,249956.02655029297,0,34088599552,2147483648,8212549632,0
200,1787751657062,3500,3500,3500,3500,3500,3500,3500,3500,3500,3500,3500,3500,3500,3500,3500,3500,3500,3500,3500,3500,27.2833251953125,0.28574371337890625,10.197013854980469,0.2142791748046875,0.3065338134765625,0.34130859375,0.32147216796875,2.9702606201171875,0.3984832763671875,0.425567626953125,2.937530517578125,0.4329071044921875,9.616683959960938,0.2588043212890625,0.391082763671875,0.37824249267578125,0.38828277587890625,0.3801422119140625,61.97920608520508,0.15731048583984375,0,250123.17401123047,249962.49450683594,0,34088599552,2147483648,8212549632,0
200,1787751657262,3500,3500,3500,3500,3500,3500,3500,3500,3500,3500,3500,3500,3500,3500,3500,3500,3500,3500,3500,3500,35.26824951171875,0.290771484375,55.58151626586914,0.17804718017578125,0.3592987060546875,0.62884521484375,0.358795166015625,0.496246337890625,0.39066314697265625,0.383819580078125,0.37493133544921875,2.9251174926757813,0.46562957763671875,0.31864166259765625,0.405548095703125,0.41738128662109375,0.406097412109375,0.38156890869140625,13.970932006835938,0.21001434326171875,0,250132.52014160156,249970.15838623047,0,34088599552,2147483648,8212537344,0
200,1787751657463,3500,3500,3500,3500,3500,3500,3500,3500,3500,3500,3500,3500,3500,3500,3500,3500,3500,3500,3500,3500,43.33354949951172,2.7716598510742188,28.179962158203125,0.31865692138671875,0.369476318359375,2.6867904663085938,2.878143310546875,0.358795166015625,0.30352783203125,0.326446533203125,0.30597686767578125,0.31830596923828125,15.150337219238281,0.30118560791015625,2.9397506713867188,2.9243698120117188,0.3639373779296875,0.34256744384765625,20.368011474609375,2.7678604125976563,0,250142.1371459961,249977.17517089844,0,34088599552,2147483648,8212529152,0
200,1787751657663,3500,3500,3500,3500,3500,3500,3500,3500,3500,3500,3500,3500,3500,3500,3500,3500,3500,3500,3500,3500,22.315185546875,0.304718017578125,62.54130172729492,0.25553131103515625,0.24335479736328125,0.26151275634765625,0.3160400390625,0.26964569091796875,0.3478240966796875,0.301971435546875,0.3187408447265625,0.21651458740234375,1.3142623901367188,2.8274307250976563,0.45897674560546875,0.36513519287109375,0.2999267578125,2.83172607421875,35.19585418701172,0.1947174072265625,0,250151.54907226563,249984.4425048828,0,34088599552,2147483648,8213004288,0
200,1787751657864,3500,3500,3500,3500,3500,3500,3500,3500,3500,3500,3500,3500,3500,3500,3500,3500,3500,3500,3500,3500,23.07171630859375,0.308746337890625,53.38115310668945,2.6891326904296875,2.8512649536132813,0.279449462890625,0.27031707763671875,0.24292755126953125,0.31827545166015625,2.875518798828125,0.27850341796875,0.28040313720703125,0.3200225830078125,0.289581298828125,0.31313323974609375,0.2757568359375,2.816680908203125,0.3030548095703125,33.178123474121094,0.201751708984375,0,250161.7153930664,249992.4744873047,0,34088599552,2147483648,8213979136,0
200,1787751658064,3500,3500,3500,3500,3500,3500,3500,3500,3500,3500,3500,3500,3500,3500,3500,3500,3500,3500,3500,3500,14.911407470703125,0.2454376220703125,41.88408279418945,0.25012969970703125,0.2863616943359375,0.269195556640625,0.23865509033203125,2.8180618286132813,2.7921600341796875,0.2843170166015625,2.8155670166015625,0.28272247314453125,3.0299148559570313,0.33821868896484375,0.2802276611328125,0.29085540771484375,0.28646087646484375,0.2953948974609375,49.15324020385742,0.190643310546875,0,250170.5213623047,249999.16717529297,0,34088599552,2147483648,8213958656,0
200,1787751658264,3500,3500,3500,3500,3500,3500,3500,3500,3500,3500,3500,3500,3500,3500,3500,3500,3500,3500,3500,3500,27.628639221191406,0.197418212890625,54.34666442871094,0.19226837158203125,11.283889770507813,0.27681732177734375,0.28740692138671875,0.21953582763671875,4.275146484375,0.2596893310546875,0.2662811279296875,2.8444061279296875,27.581398010253906,0.29344940185546875,10.185897827148438,0.29984283447265625,0.30478668212890625,0.27771759033203125,35.76398468017578,0.20850372314453125,0,250181.1258544922,250007.5980834961,0,34088599552,2147483648,8233062400,0
200,1787751658465,3500,3500,3500,3500,3500,3500,3500,3500,3500,3500,3500,3500,3500,3500,3500,3500,3500,3500,3500,3500,50.29800796508789,2.8268966674804688,61.1934928894043,0.17020416259765625,0.25046539306640625,2.8525314331054688,1.4459457397460938,0.28125,0.29791259765625,0.27820587158203125,0.34864044189453125,0.278656005859375,11.417823791503906,0.27970123291015625,2.8289413452148438,2.8309860229492188,0.31381988525390625,0.33228302001953125,48.89107131958008,2.72418212890625,0,250193.09814453125,250017.4013671875,0,34088599552,2147483648,8237649920,0
200,1787751658665,3500,3500,3500,3500,3500,3500,3500,3500,3500,3500,3500,3500,3500,3500,3500,3500,3500,3500,3500,3500,31.034072875976563,0.25327301025390625,46.754905700683594,0.21563720703125,0.22188568115234375,0.2664642333984375,1.6370162963867188,0.27001190185546875,0.31374359130859375,0.24092864990234375,0.21224212646484375,0.3418731689453125,35.453216552734375,2.7638931274414063,0.3203887939453125,0.27530670166015625,0.26801300048828125,2.83935546875,35.731773376464844,0.20844268798828125,0,250201.6658935547,250023.78326416016,0,34088599552,2147483648,8237953024,0
200,1787751658865,3500,3500,3500,3500,3500,3500,3500,3500,3500,3500,3500,3500,3500,3500,3500,3500,3500,3500,3500,3500,27.43157958984375,0.3582305908203125,26.05193328857422,2.8325424194335938,2.8619766235351563,0.32100677490234375,0.3601837158203125,0.29660797119140625,0.3304901123046875,2.8667221069335938,0.30963134765625,0.3474578857421875,31.964820861816406,0.2696075439453125,1.4775466918945313,0.5222549438476563,33.83732604980469,0.26926422119140625,36.702999114990234,0.272705078125,0,250211.65814208984,250031.60540771484,0,34088599552,2147483648,8238346240,0
200,1787751659066,3500,3500,3500,3500,3500,3500,3500,3500,3500,3500,3500,3500,3500,3500,3500,3500,3500,3500,3500,3500,26.324417114257813,0.21604156494140625,33.97132110595703,0.189788818359375,0.24109649658203125,0.20056915283203125,0.2644500732421875,2.791259765625,2.8096771240234375,0.22442626953125,2.7063217163085938,0.22841644287109375,41.45319747924805,0.23744964599609375,39.203460693359375,0.21404266357421875,0.2369537353515625,0.269287109375,18.420745849609375,0.20281219482421875,0,250222.91619873047,250040.6502685547,0,34088599552,2147483648,8241549312,0
199,1787751659266,3500,3500,3500,3500,3500,3500,3500,3500,3500,3500,3500,3500,3500,3500,3500,3500,3500,3500,3500,3500,50.18798828125,0.28563690185546875,54.506736755371094,0.3001556396484375,0.3822174072265625,0.32415008544921875,0.36151123046875,0.300750732421875,0.34654998779296875,0.27451324462890625,0.32330322265625,2.96697998046875,1.0649337768554688,0.4228668212890625,0.31641387939453125,0.32973480224609375,0.3711395263671875,0.412445068359375,46.287376403808594,0.23426055908203125,0,250232.3612060547,250047.90838623047,0,34088599552,2147483648,8243474432,0
200,1787751659466,3500,3500,3500,3500,3500,3500,3500,3500,3500,3500,3500,3500,3500,3500,3500,3500,3500,3500,3500,3500,51.99909973144531,2.7667770385742188,54.55072021484375,0.15451812744140625,0.24674224853515625,2.7414321899414063,0.23474884033203125,0.2828369140625,0.34996795654296875,0.26064300537109375,0.2841339111328125,0.2464447021484375,0.5199356079101563,0.32932281494140625,3.7191619873046875,2.7919158935546875,0.302978515625,0.29398345947265625,52.028343200683594,2.7109909057617188,0,250243.0692138672,250056.43426513672,0,34088599552,2147483648,8245780480,0
200,1787751659666,3500,3500,3500,3500,3500,3500,3500,3500,3500,3500,3500,3500,3500,3500,3500,3500,3500,3500,3500,3500,39.11161804199219,0.277740478515625,46.28770446777344,0.2157745361328125,1.602569580078125,0.27569580078125,2.88409423828125,0.3122100830078125,0.3504791259765625,0.32558441162109375,0.25862884521484375,0.330322265625,6.229225158691406,0.34758758544921875,0.3030853271484375,0.32463836669921875,0.30413055419921875,2.8226318359375,69.02485656738281,0.20355224609375,0,250254.50939941406,250065.6939086914,0,34088599552,2147483648,8245362688,0
200,1787751659867,3500,3500,3500,3500,3500,3500,3500,3500,3500,3500,3500,3500,3500,3500,3500,3500,3500,3500,3500,3500,31.038909912109375,0.35155487060546875,47.75077819824219,2.78924560546875,2.8388595581054688,0.27715301513671875,0.324371337890625,0.33226776123046875,3.7743988037109375,2.9237442016601563,0.3638458251953125,0.302490234375,15.831985473632813,2.7824478149414063,12.405189514160156,0.2939453125,2.8270645141601563,0.3404083251953125,46.78460693359375,0.25147247314453125,0,250265.8214111328,250074.8041381836,0,34088599552,2147483648,8246300672,0
200,1787751660067,3500,3500,3500,3500,3500,3500,3500,3500,3500,3500,3500,3500,3500,3500,3500,3500,3500,3500,3500,3500,27.6455078125,0.2667083740234375,55.631893157958984,0.22393798828125,2.0312957763671875,0.2484893798828125,0.27838897705078125,2.7612991333007813,20.229568481445313,0.23860931396484375,2.8678970336914063,0.2808837890625,21.091476440429688,0.2379608154296875,28.44702911376953,0.25223541259765625,0.5302734375,0.32634735107421875,15.936248779296875,0.20671844482421875,0,250276.09881591797,250082.87841796875,0,34088599552,2147483648,8248172544,0
200,1787751660267,3500,3500,3500,3500,3500,3500,3500,3500,3500,3500,3500,3500,3500,3500,3500,3500,3500,3500,3500,3500,41.528560638427734,0.26157379150390625,59.31592559814453,0.15020751953125,0.2462005615234375,0.3730010986328125,0.402496337890625,0.30510711669921875,0.420867919921875,0.21720123291015625,0.26976776123046875,2.8737106323242188,1.4451675415039063,0.3072509765625,0.29407501220703125,0.28429412841796875,0.31174468994140625,0.2774505615234375,53.57859420776367,0.18489837646484375,0,250288.8521118164,250093.4620361328,0,34088599552,2147483648,8249675776,0
200,1787751660468,3500,3500,3500,3500,3500,3500,3500,3500,3500,3500,3500,3500,3500,3500,3500,3500,3500,3500,3500,3500,56.78731155395508,2.4510116577148438,33.146080017089844,0,0.107696533203125,2.6832427978515625,0.15595245361328125,0.078826904296875,0.8040847778320313,0.0125885009765625,0,0.03096771240234375,5.857673645019531,0,5.7844390869140625,2.5633087158203125,2.8131179809570313,0.0417633056640625,57.294677734375,2.3992156982421875,0,250299.7279663086,250102.07360839844,0,34088599552,2147483648,8259530752,0
200,1787751660668,3500,3500,3500,3500,3500,3500,3500,3500,3500,3500,3500,3500,3500,3500,3500,3500,3500,3500,3500,3500,51.84966278076172,0.6085739135742188,48.667171478271484,0.5444488525390625,0.7464065551757813,0.8182220458984375,3.2800216674804688,0.7108001708984375,15.192573547363281,0.6551666259765625,0.6249542236328125,0.5972366333007813,12.220428466796875,0.6114654541015625,1.41046142578125,0.6326904296875,9.293876647949219,0.7023086547851563,35.39704895019531,0.5752105712890625,0,250312.119140625,250112.3257446289,0,34088599552,2147483648,8252420096,0
200,1787751660868,3500,3500,3500,3500,3500,3500,3500,3500,3500,3500,3500,3500,3500,3500,3500,3500,3500,3500,3500,3500,44.09254455566406,0.27631378173828125,38.35760498046875,2.7699127197265625,2.9394760131835938,0.3636932373046875,0.37950897216796875,0.2708740234375,0.9376754760742188,0.3156890869140625,0.29721832275390625,0.23938751220703125,30.236907958984375,2.7377243041992188,0.27651214599609375,0.28179931640625,2.829193115234375,2.8095321655273438,40.768314361572266,0.16767120361328125,0,250321.62548828125,250119.64862060547,0,34088599552,2147483648,8251961344,0
200,1787751661068,3500,3500,3500,3500,3500,3500,3500,3500,3500,3500,3500,3500,3500,3500,3500,3500,3500,3500,3500,3500,20.317413330078125,0.175872802734375,56.763938903808594,0.1618499755859375,0.25102996826171875,0.20062255859375,0.27832794189453125,2.750152587890625,3.4082717895507813,2.74810791015625,2.7561874389648438,0.18814849853515625,37.80887222290039,0.186004638671875,38.93706130981445,0.23426055908203125,0.3766937255859375,0.33377838134765625,20.95806884765625,0.16509246826171875,0,250333.7423095703,250129.5615234375,0,34088599552,2147483648,8253030400,0
200,1787751661269,3500,3500,3500,3500,3500,3500,3500,3500,3500,3500,3500,3500,3500,3500,3500,3500,3500,3500,3500,3500,46.02643585205078,0.3226776123046875,88.31423950195313,0.20517730712890625,0.37152862548828125,0.34139251708984375,0.3363037109375,0.33405303955078125,0.37357330322265625,0.344085693359375,0.26808929443359375,1.465850830078125,8.941612243652344,0.3433837890625,31.82190704345703,0.34508514404296875,0.4581451416015625,0.42771148681640625,19.75214385986328,0.24843597412109375,0,250344.25427246094,250137.88342285156,0,34088599552,2147483648,8253280256,0
200,1787751661469,3500,3500,3500,3500,3500,3500,3500,3500,3500,3500,3500,3500,3500,3500,3500,3500,3500,3500,3500,3500,51.674015045166016,0.30167388916015625,36.50731658935547,0.2954864501953125,0.343170166015625,2.9333343505859375,0.424530029296875,0.35454559326171875,0.34207916259765625,0.3401336669921875,0.423828125,1.71307373046875,12.745285034179688,0.3092041015625,9.373458862304688,2.9295425415039063,0.447021484375,0.4123077392578125,73.967041015625,2.7489242553710938,0,250354.81579589844,250146.27978515625,0,34088599552,2147483648,8252542976,0
200,1787751661670,3500,3500,3500,3500,3500,3500,3500,3500,3500,3500,3500,3500,3500,3500,3500,3500,3500,3500,3500,3500,43.27225112915039,2.747222900390625,42.81132888793945,0.173553466796875,0.38162994384765625,0.4631195068359375,2.9592514038085938,0.42723846435546875,0.4817352294921875,0.35693359375,0.39785003662109375,0.40264129638671875,9.125053405761719,0.23772430419921875,0.29425811767578125,0.2765960693359375,0.261871337890625,0.30224609375,62.02375030517578,0.15837860107421875,0,250364.0362548828,250153.3070678711,0,34088599552,2147483648,8253100032,0
200,1787751661870,3500,3500,3500,3500,3500,3500,3500,3500,3500,3500,3500,3500,3500,3500,3500,3500,3500,3500,3500,3500,22.033798217773438,0.2974090576171875,39.53526306152344,2.7278518676757813,2.8698806762695313,0.35982513427734375,0.31909942626953125,0.2469329833984375,0.4791717529296875,0.37042236328125,0.35013580322265625,0.38421630859375,34.013343811035156,2.7515411376953125,30.859397888183594,0.28986358642578125,2.8015670776367188,2.8276519775390625,48.121971130371094,0.16716766357421875,0,250372.97106933594,250160.06036376953,0,34088599552,2147483648,8257748992,0
200,1787751662070,3500,3500,3500,3500,3500,3500,3500,3500,3500,3500,3500,3500,3500,3500,3500,3500,3500,3500,3500,3500,48.0717658996582,0.2724609375,32.305152893066406,0.2468414306640625,0.403472900390625,0.3985748291015625,0.3464813232421875,2.9049758911132813,2.9122695922851563,2.8889389038085938,2.884246826171875,0.3264007568359375,36.312164306640625,0.24588775634765625,0.43393707275390625,0.40482330322265625,0.3104705810546875,0.32810211181640625,77.80718994140625,0.1694183349609375,0,250384.51983642578,250169.4161376953,0,34088599552,2147483648,8258277376,0
200,1787751662270,3500,3500,3500,3500,3500,3500,3500,3500,3500,3500,3500,3500,3500,3500,3500,3500,3500,3500,3500,3500,66.64781188964844,0.2256011962890625,38.99945831298828,0.21236419677734375,0.30652618408203125,0.235687255859375,0.26226806640625,0.3203125,16.507713317871094,0.27730560302734375,0.25122833251953125,0.2807464599609375,5.4395599365234375,0.294891357421875,0.3465423583984375,0.31616973876953125,0.37471771240234375,0.4004974365234375,60.330387115478516,0.18398284912109375,0,250393.0245361328,250175.7348022461,0,34088599552,2147483648,8258314240,0
199,1787751662471,3500,3500,3500,3500,3500,3500,3500,3500,3500,3500,3500,3500,3500,3500,3500,3500,3500,3500,3500,3500,66.5026626586914,0.17638397216796875,53.16181945800781,0.18497467041015625,0.28177642822265625,2.7992935180664063,0.31268310546875,0.23274993896484375,0.6450271606445313,0.26140594482421875,0.2844696044921875,2.8163681030273438,2.9949493408203125,0.2748870849609375,2.8496170043945313,2.83428955078125,0.3123321533203125,0.2928619384765625,40.522274017333984,2.7478713989257813,0,250402.6290283203,250183.29638671875,0,34088599552,2147483648,8265740288,0
200,1787751662671,3500,3500,3500,3500,3500,3500,3500,3500,3500,3500,3500,3500,3500,3500,3500,3500,3500,3500,3500,3500,32.54723358154297,2.8120346069335938,59.48784637451172,0.186737060546875,0.28510284423828125,0.29854583740234375,2.8503189086914063,0.24666595458984375,0.39351654052734375,0.28955078125,0.26030731201171875,0.29689788818359375,47.31562042236328,0.2291717529296875,0.3482818603515625,0.30219268798828125,0.31014251708984375,0.27985382080078125,32.38568878173828,0.212127685546875,0,250413.25354003906,250191.9346923828,0,34088599552,2147483648,8259940352,0
200,1787751662871,3500,3500,3500,3500,3500,3500,3500,3500,3500,3500,3500,3500,3500,3500,3500,3500,3500,3500,3500,3500,57.4660758972168,0.297210693359375,76.385986328125,2.7410507202148438,2.8949203491210938,0.32250213623046875,0.39995574951171875,0.38454437255859375,1.1004714965820313,0.46839141845703125,0.4334716796875,0.354766845703125,28.496597290039063,2.84454345703125,0.5079879760742188,0.33447265625,2.8459854125976563,2.84454345703125,25.012046813964844,0.247039794921875,0,250424.98541259766,250201.7030029297,0,34088599552,2147483648,8257527808,0
200,1787751663071,3500,3500,3500,3500,3500,3500,3500,3500,3500,3500,3500,3500,3500,3500,3500,3500,3500,3500,3500,3500,70.42108917236328,0.1896209716796875,72.85577392578125,0.15659332275390625,0.46063232421875,0.4093170166015625,0.476776123046875,2.9897003173828125,2.8411026000976563,2.86163330078125,2.89886474609375,0.3364715576171875,13.955673217773438,0.26181793212890625,0.3472137451171875,0.3316192626953125,0.31133270263671875,0.28395843505859375,29.976089477539063,0.2203521728515625,0,250437.29473876953,250211.77075195313,0,34088599552,2147483648,8257527808,0
203,1787751663272,3500,3500,3500,3500,3500,3500,3500,3500,3500,3500,3500,3500,3500,3500,3500,3500,3500,3500,3500,3500,40.49323272705078,0.26857757568359375,51.197898864746094,0.1948699951171875,0.4111480712890625,0.349517822265625,0.3238677978515625,0.3055572509765625,0.315185546875,0.2768096923828125,0.28564453125,0.34253692626953125,1.04876708984375,0.35790252685546875,0.3378448486328125,0.31633758544921875,0.3389434814453125,0.324371337890625,43.028961181640625,0.22491455078125,0,250448.1336669922,250219.90478515625,0,34088599552,2147483648,8257429504,0
200,1787751663476,3500,3500,3500,3500,3500,3500,3500,3500,3500,3500,3500,3500,3500,3500,3500,3500,3500,3500,3500,3500,21.89374542236328,0,36.924949645996094,0,0,2.16534423828125,0,0,0,0,0,2.0694808959960938,26.857589721679688,0,2.0350570678710938,2.0577239990234375,0,0,52.45488357543945,1.9344024658203125,0,250457.46447753906,250226.98309326172,0,34088599552,2147483648,8257613824,0
200,1787751663676,3500,3500,3500,3500,3500,3500,3500,3500,3500,3500,3500,3500,3500,3500,3500,3500,3500,3500,3500,3500,24.51543426513672,3.5780792236328125,21.42218780517578,1.0021514892578125,1.171722412109375,1.224517822265625,3.7337265014648438,1.2410736083984375,1.6880416870117188,1.1802520751953125,1.1813888549804688,1.255645751953125,15.442413330078125,1.1159591674804688,15.773040771484375,1.0262374877929688,46.95642852783203,1.0136947631835938,25.63426971435547,1.0007095336914063,0,250467.6001586914,250234.96868896484,0,34088599552,2147483648,8258007040,0
200,1787751663876,3500,3500,3500,3500,3500,3500,3500,3500,3500,3500,3500,3500,3500,3500,3500,3500,3500,3500,3500,3500,27.666091918945313,0.25045013427734375,72.93803405761719,2.65576171875,2.8918228149414063,0.411773681640625,0.463287353515625,0.372955322265625,0.33293914794921875,0.2463531494140625,0.27283477783203125,0.23291778564453125,4.793426513671875,2.7482376098632813,1.1091766357421875,0.27069091796875,2.7949981689453125,2.8189849853515625,28.520767211914063,0.191650390625,0,250476.72265625,250241.9262084961,0,34088599552,2147483648,8258342912,0
200,1787751664076,3500,3500,3500,3500,3500,3500,3500,3500,3500,3500,3500,3500,3500,3500,3500,3500,3500,3500,3500,3500,31.640342712402344,0.32923126220703125,70.63459777832031,0.19671630859375,0.35070037841796875,0.3312225341796875,0.3372650146484375,2.8769760131835938,3.5813140869140625,2.8421783447265625,2.8971481323242188,0.2763519287109375,3.2728118896484375,0.33222198486328125,0.3165435791015625,0.35034942626953125,0.34360504150390625,0.3411102294921875,30.71417236328125,0.247894287109375,0,250485.73803710938,250248.7685546875,0,34088599552,2147483648,8242065408,0
199,1787751664277,3500,3500,3500,3500,3500,3500,3500,3500,3500,3500,3500,3500,3500,3500,3500,3500,3500,3500,3500,3500,21.853134155273438,0.27999114990234375,32.022499084472656,0.24193572998046875,0.33058929443359375,0.30301666259765625,0.28508758544921875,0.3001251220703125,0.28543853759765625,0.32379913330078125,0.2939300537109375,0.1986846923828125,8.269996643066406,0.27889251708984375,0.444366455078125,0.38922119140625,0.29522705078125,0.3381805419921875,47.50141143798828,0.23809051513671875,0,250494.75854492188,250255.65728759766,0,34088599552,2147483648,8241582080,0
200,1787751664477,3500,3500,3500,3500,3500,3500,3500,3500,3500,3500,3500,3500,3500,3500,3500,3500,3500,3500,3500,3500,45.69221115112305,0.2182769775390625,16.108474731445313,0.25316619873046875,0.356231689453125,2.8246917724609375,0.32889556884765625,0.259368896484375,0.27745819091796875,0.3199462890625,0.2949066162109375,2.8450851440429688,16.034194946289063,0.3487396240234375,2.9377517700195313,1.0558090209960938,0.34978485107421875,0.3632354736328125,26.887107849121094,2.7468643188476563,0,250503.88842773438,250262.64624023438,0,34088599552,2147483648,8241541120,0
199,1787751664677,3500,3500,3500,3500,3500,3500,3500,3500,3500,3500,3500,3500,3500,3500,3500,3500,3500,3500,3500,3500,17.862777709960938,2.7381439208984375,35.41448974609375,0.2066650390625,0.24272918701171875,0.19748687744140625,2.7951583862304688,0.182373046875,0.36788177490234375,0.374420166015625,0.2880706787109375,0.31246185302734375,14.012306213378906,0.3118133544921875,0.33261871337890625,2.21337890625,0.251556396484375,0.2621307373046875,41.787315368652344,0.1603240966796875,0,250511.63134765625,250268.27124023438,0,34088599552,2147483648,8241672192,0
200,1787751664877,3500,3500,3500,3500,3500,3500,3500,3500,3500,3500,3500,3500,3500,3500,3500,3500,3500,3500,3500,3500,47.02150344848633,0.26336669921875,35.54352569580078,2.7256011962890625,2.8466110229492188,0.34683990478515625,0.22502899169921875,0.37488555908203125,1.1886825561523438,0.5259857177734375,0.5044403076171875,0.5382308959960938,7.4594268798828125,2.9072952270507813,0.422515869140625,0.43041229248046875,2.8666534423828125,2.8715057373046875,16.93712615966797,0.291107177734375,0,250520.3975830078,250274.93029785156,0,34088599552,2147483648,8241643520,0
200,1787751665077,3500,3500,3500,3500,3500,3500,3500,3500,3500,3500,3500,3500,3500,3500,3500,3500,3500,3500,3500,3500,3.9188156127929688,0.25887298583984375,32.47252655029297,0.19165802001953125,0.269805908203125,0.184112548828125,0.2672119140625,2.81976318359375,2.8810348510742188,2.895965576171875,2.8511734008789063,0.363739013671875,18.489219665527344,0.228057861328125,1.799560546875,0.30865478515625,0.26985931396484375,0.25787353515625,57.842796325683594,0.14841461181640625,0,250528.6265258789,250281.01739501953,0,34088599552,2147483648,8242102272,0
200,1787751665278,3500,3500,3500,3500,3500,3500,3500,3500,3500,3500,3500,3500,3500,3500,3500,3500,3500,3500,3500,3500,40.022911071777344,0.320281982421875,47.00637435913086,0.20552825927734375,0.291107177734375,0.3135528564453125,0.3113555908203125,0.299835205078125,0.2914581298828125,0.27978515625,0.3349456787109375,0.347412109375,2.9658432006835938,0.31734466552734375,0.3123016357421875,0.321533203125,0.324371337890625,0.31649017333984375,17.45928192138672,0.2359466552734375,0,250538.85021972656,250289.1092529297,0,34088599552,2147483648,8242065408,0
199,1787751665478,3500,3500,3500,3500,3500,3500,3500,3500,3500,3500,3500,3500,3500,3500,3500,3500,3500,3500,3500,3500,31.91602325439453,0.3196258544921875,24.30786895751953,0.21234893798828125,0.23935699462890625,2.7952423095703125,0.26840972900390625,0.259918212890625,0.37018585205078125,0.276092529296875,0.310089111328125,2.8080215454101563,0.42549896240234375,0.27923583984375,2.8470077514648438,0.27834320068359375,0.36055755615234375,0.2915191650390625,47.88908004760742,2.6856689453125,0,250546.84771728516,250294.9892578125,0,34088599552,2147483648,8242053120,0
200,1787751665678,3500,3500,3500,3500,3500,3500,3500,3500,3500,3500,3500,3500,3500,3500,3500,3500,3500,3500,3500,3500,32.58551788330078,2.7885894775390625,53.49563217163086,0.19307708740234375,0.27155303955078125,0.2099761962890625,2.8077316284179688,0.3362274169921875,0.2751007080078125,0.2733001708984375,0.32003021240234375,0.29114532470703125,0.7169418334960938,0.29553985595703125,0.9302597045898438,2.8226776123046875,0.278045654296875,0.2888946533203125,24.39404296875,0.1613922119140625,0,250555.43255615234,250301.4253540039,0,34088599552,2147483648,8242372608,0
199,1787751665879,3500,3500,3500,3500,3500,3500,3500,3500,3500,3500,3500,3500,3500,3500,3500,3500,3500,3500,3500,3500,34.035560607910156,0.26810455322265625,39.15298080444336,2.7222061157226563,2.756317138671875,0.32294464111328125,0.31525421142578125,0.28488922119140625,0.2954254150390625,0.3372802734375,0.44525909423828125,0.26520538330078125,2.300018310546875,2.7954254150390625,0.33278656005859375,0.30666351318359375,2.8199005126953125,2.8834762573242188,32.433021545410156,0.21506500244140625,0,250565.19262695313,250309.0619506836,0,34088599552,2147483648,8242700288,0
200,1787751666079,3500,3500,3500,3500,3500,3500,3500,3500,3500,3500,3500,3500,3500,3500,3500,3500,3500,3500,3500,3500,9.859542846679688,0.24379730224609375,47.89111328125,0.165618896484375,0.23505401611328125,0.33467864990234375,0.2199554443359375,2.815765380859375,4.272605895996094,2.8933944702148438,2.911346435546875,0.3528289794921875,7.062278747558594,0.269195556640625,0.29244232177734375,0.27674102783203125,0.333831787109375,0.35677337646484375,42.74338912963867,0.23329925537109375,0,250575.03063964844,250316.771484375,0,34088599552,2147483648,8242700288,0
200,1787751666279,3500,3500,3500,3500,3500,3500,3500,3500,3500,3500,3500,3500,3500,3500,3500,3500,3500,3500,3500,3500,38.93503952026367,0.25738525390625,32.81233215332031,0.21305084228515625,0.46649169921875,0.45041656494140625,0.41287994384765625,0.368804931640625,0.3787841796875,0.4688873291015625,0.37609100341796875,0.486358642578125,11.015464782714844,0.25643157958984375,0.3318634033203125,0.31683349609375,0.35462188720703125,0.3767852783203125,24.857345581054688,0.24365234375,0,250582.26171875,250321.87615966797,0,34088599552,2147483648,8242634752,0
200,1787751666479,3500,3500,3500,3500,3500,3500,3500,3500,3500,3500,3500,3500,3500,3500,3500,3500,3500,3500,3500,3500,33.41663360595703,0.2273101806640625,27.55951690673828,0.1613006591796875,0.438385009765625,2.9923477172851563,0.33045196533203125,0.342041015625,0.329254150390625,0.39826202392578125,0.33080291748046875,2.9353256225585938,8.520256042480469,0.2722320556640625,2.8160476684570313,0.244354248046875,0.3640289306640625,0.36688232421875,37.41252136230469,2.7183074951171875,0,250590.43389892578,250327.93536376953,0,34088599552,2147483648,8242753536,0
200,1787751666679,3500,3500,3500,3500,3500,3500,3500,3500,3500,3500,3500,3500,3500,3500,3500,3500,3500,3500,3500,3500,41.616703033447266,2.8087921142578125,16.724853515625,0.26296234130859375,0.4662017822265625,0.47489166259765625,2.9930038452148438,0.4788818359375,0.42195892333984375,0.47084808349609375,0.5109939575195313,0.452117919921875,8.329490661621094,0.3191375732421875,0.42490386962890625,2.89202880859375,0.40383148193359375,0.41022491455078125,40.52775192260742,0.22821044921875,0,250598.75592041016,250334.1401977539,0,34088599552,2147483648,8242884608,0
200,1787751666880,3500,3500,3500,3500,3500,3500,3500,3500,3500,3500,3500,3500,3500,3500,3500,3500,3500,3500,3500,3500,49.358863830566406,0.217987060546875,14.898139953613281,2.751708984375,2.928802490234375,0.4605560302734375,0.49266815185546875,0.4716796875,0.9688873291015625,0.36161041259765625,0.48015594482421875,0.40135955810546875,0.3622589111328125,2.7891159057617188,0.4035491943359375,0.3874969482421875,2.9207229614257813,2.9074020385742188,44.18997573852539,0.2210235595703125,0,250608.09704589844,250341.85180664063,0,34088599552,2147483648,8242884608,0
200,1787751667080,3500,3500,3500,3500,3500,3500,3500,3500,3500,3500,3500,3500,3500,3500,3500,3500,3500,3500,3500,3500,37.780357360839844,0.1710205078125,26.369781494140625,0.1566314697265625,0.3049163818359375,0.2212982177734375,0.2751312255859375,2.8247909545898438,2.774169921875,2.7601699829101563,2.1348037719726563,0.26953125,9.973464965820313,0.2072601318359375,0.362091064453125,0.32770538330078125,0.36634063720703125,0.36508941650390625,34.41310119628906,0.188018798828125,0,250616.75701904297,250348.08587646484,0,34088599552,2147483648,8242864128,0
200,1787751667280,3500,3500,3500,3500,3500,3500,3500,3500,3500,3500,3500,3500,3500,3500,3500,3500,3500,3500,3500,3500,39.45290756225586,0.2093658447265625,22.777740478515625,0.20821380615234375,0.28446197509765625,0.21559906005859375,0.252227783203125,0.2302703857421875,0.2574615478515625,0.26859283447265625,0.9187393188476563,0.180328369140625,31.64337921142578,0.2165985107421875,0.34178924560546875,0.2999267578125,0.3682861328125,0.3446807861328125,28.28125762939453,0.20537567138671875,0,250627.89935302734,250356.8896484375,0,34088599552,2147483648,8242864128,0
200,1787751667481,3500,3500,3500,3500,3500,3500,3500,3500,3500,3500,3500,3500,3500,3500,3500,3500,3500,3500,3500,3500,41.50087356567383,0.325958251953125,22.319107055664063,0.3174285888671875,0.35260009765625,2.9098739624023438,0.400146484375,0.3189697265625,0.34546661376953125,0.3189697265625,0.36307525634765625,2.8822784423828125,14.785400390625,0.42041015625,2.996490478515625,0.4577789306640625,0.42050933837890625,0.4151153564453125,27.016281127929688,2.8277969360351563,0,250635.59747314453,250362.43627929688,0,34088599552,2147483648,8242851840,0
200,1787751667681,3500,3500,3500,3500,3500,3500,3500,3500,3500,3500,3500,3500,3500,3500,3500,3500,3500,3500,3500,3500,41.338043212890625,2.7466964721679688,31.89154052734375,0.211395263671875,0.44579315185546875,0.49800872802734375,3.0206832885742188,0.4730987548828125,0.29150390625,0.2899627685546875,0.25751495361328125,0.3006439208984375,0.5861053466796875,0.42513275146484375,0.3969268798828125,2.9222030639648438,0.28122711181640625,0.32465362548828125,33.3165283203125,0.23320770263671875,0,250642.93389892578,250367.6629638672,0,34088599552,2147483648,8242982912,0
200,1787751667881,3500,3500,3500,3500,3500,3500,3500,3500,3500,3500,3500,3500,3500,3500,3500,3500,3500,3500,3500,3500,55.82404327392578,0.24805450439453125,23.86798095703125,2.73370361328125,2.550384521484375,0.40386962890625,0.47119903564453125,0.43955230712890625,0.27704620361328125,0.26357269287109375,0.27779388427734375,0.26117706298828125,0.7404632568359375,2.9926910400390625,0.27919769287109375,0.275299072265625,2.8030319213867188,2.764404296875,30.062881469726563,0.19195556640625,0,250651.78546142578,250374.39630126953,0,34088599552,2147483648,8243118080,0
200,1787751668082,3500,3500,3500,3500,3500,3500,3500,3500,3500,3500,3500,3500,3500,3500,3500,3500,3500,3500,3500,3500,18.071327209472656,0.27362060546875,54.59148025512695,0.173492431640625,0.71917724609375,0.2753143310546875,0.2611846923828125,2.8239212036132813,3.8812942504882813,2.852142333984375,0.2611846923828125,0.27776336669921875,0.460540771484375,0.33708953857421875,0.27207183837890625,0.30393218994140625,0.2709197998046875,0.31237030029296875,35.445953369140625,0.18093109130859375,0,250661.6075439453,250382.0892944336,0,34088599552,2147483648,8243113984,0
200,1787751668282,3500,3500,3500,3500,3500,3500,3500,3500,3500,3500,3500,3500,3500,3500,3500,3500,3500,3500,3500,3500,24.206451416015625,0.2419891357421875,40.64385986328125,0.11652374267578125,0.20552825927734375,0.19783782958984375,0.213470458984375,0.1725616455078125,0.14684295654296875,0.24074554443359375,2.73492431640625,0.18195343017578125,2.9653244018554688,0.222412109375,0.24388885498046875,0.2081756591796875,0.22690582275390625,0.21681976318359375,39.69782257080078,0.115325927734375,0,250670.6640625,250389.0210571289,0,34088599552,2147483648,8242909184,0
200,1787751668482,3500,3500,3500,3500,3500,3500,3500,3500,3500,3500,3500,3500,3500,3500,3500,3500,3500,3500,3500,3500,42.30230712890625,0.33626556396484375,23.25688934326172,0.35678863525390625,0.3381195068359375,2.9204254150390625,0.4205474853515625,0.35588836669921875,0.3548431396484375,0.38140106201171875,0.40032958984375,2.8889694213867188,8.229881286621094,0.38834381103515625,0.4641876220703125,0.43143463134765625,0.40826416015625,0.4674835205078125,30.411659240722656,2.8297042846679688,0,250680.17260742188,250396.42028808594,0,34088599552,2147483648,8242909184,0
199,1787751668683,3500,3500,3500,3500,3500,3500,3500,3500,3500,3500,3500,3500,3500,3500,3500,3500,3500,3500,3500,3500,15.100479125976563,2.8231201171875,28.289031982421875,0.224090576171875,0.27008819580078125,0.2345733642578125,2.840179443359375,0.22634124755859375,0.2908935546875,0.2547760009765625,0.272979736328125,0.3114471435546875,31.15540313720703,0.19435882568359375,2.9376144409179688,2.862335205078125,0.37774658203125,0.379791259765625,35.425254821777344,0.191864013671875,0,250689.41479492188,250403.5185546875,0,34088599552,2147483648,8243109888,0
200,1787751668883,3500,3500,3500,3500,3500,3500,3500,3500,3500,3500,3500,3500,3500,3500,3500,3500,3500,3500,3500,3500,52.82160186767578,0.26700592041015625,14.048957824707031,2.804534912109375,0.30359649658203125,0.31264495849609375,0.32448577880859375,0.241668701171875,0.33663177490234375,0.24261474609375,0.3823699951171875,0.26265716552734375,8.454788208007813,2.8460159301757813,0.4586944580078125,0.45354461669921875,2.9164962768554688,2.9397354125976563,34.3695068359375,0.24321746826171875,0,250698.8702392578,250410.8638305664,0,34088599552,2147483648,8243109888,0
200,1787751669083,3500,3500,3500,3500,3500,3500,3500,3500,3500,3500,3500,3500,3500,3500,3500,3500,3500,3500,3500,3500,29.750885009765625,0.2383880615234375,27.247604370117188,0.20381927490234375,2.7857208251953125,0.31925201416015625,0.2366943359375,2.805419921875,3.4453201293945313,2.8313140869140625,0.2493133544921875,0.223876953125,16.582168579101563,0.2288665771484375,0.5074081420898438,0.5119476318359375,0.40375518798828125,0.3959197998046875,34.28455352783203,0.22287750244140625,0,250708.7205810547,250418.5789794922,0,34088599552,2147483648,8243113984,0
199,1787751669283,3500,3500,3500,3500,3500,3500,3500,3500,3500,3500,3500,3500,3500,3500,3500,3500,3500,3500,3500,3500,39.45697021484375,0.239288330078125,47.277774810791016,0.16786956787109375,0.26187896728515625,0.30631256103515625,0.2225494384765625,0.25023651123046875,0.2625274658203125,0.26038360595703125,2.7862701416015625,0.24878692626953125,11.057670593261719,0.31140899658203125,8.148956298828125,0.39727020263671875,0.3752288818359375,0.37432861328125,2.11077880859375,0.24028778076171875,0,250716.74029541016,250424.4765625,0,34088599552,2147483648,8242982912,0
200,1787751669483,3500,3500,3500,3500,3500,3500,3500,3500,3500,3500,3500,3500,3500,3500,3500,3500,3500,3500,3500,3500,30.98889923095703,0.35491180419921875,18.207855224609375,0.2141876220703125,0.2869415283203125,2.892486572265625,0.34680938720703125,0.36025238037109375,0.29573822021484375,0.32826995849609375,0.306884765625,2.7707061767578125,8.361480712890625,0.34746551513671875,0.4121246337890625,0.418426513671875,0.4035797119140625,0.41437530517578125,48.73155975341797,2.7447128295898438,0,250726.36889648438,250431.98767089844,0,34088599552,2147483648,8242982912,0
200,1787751669684,3500,3500,3500,3500,3500,3500,3500,3500,3500,3500,3500,3500,3500,3500,3500,3500,3500,3500,3500,3500,24.104881286621094,2.7973098754882813,40.50947570800781,0.20623016357421875,0.38686370849609375,0.4902496337890625,2.924652099609375,0.4702911376953125,0.32314300537109375,0.3483428955078125,0.32888031005859375,0.36879730224609375,7.8171539306640625,0.29949188232421875,2.9141769409179688,2.8745040893554688,0.39759063720703125,0.41161346435546875,34.896339416503906,0.2192535400390625,0,250734.54956054688,250438.0396118164,0,34088599552,2147483648,8243097600,0
200,1787751669884,3500,3500,3500,3500,3500,3500,3500,3500,3500,3500,3500,3500,3500,3500,3500,3500,3500,3500,3500,3500,42.209049224853516,0.24698638916015625,24.050018310546875,0.20711517333984375,0.42852020263671875,0.4909820556640625,0.47724151611328125,0.4763946533203125,0.26117706298828125,0.2794189453125,0.31429290771484375,0.2713775634765625,8.124588012695313,2.8038330078125,0.29180908203125,0.29955291748046875,2.8929290771484375,2.8560028076171875,34.57184600830078,0.19162750244140625,0,250744.06970214844,250445.44750976563,0,34088599552,2147483648,8243097600,0
200,1787751670084,3500,3500,3500,3500,3500,3500,3500,3500,3500,3500,3500,3500,3500,3500,3500,3500,3500,3500,3500,3500,21.83312225341797,0.1761016845703125,41.273338317871094,2.692901611328125,3.0836410522460938,0.48343658447265625,0.5331497192382813,2.6048507690429688,2.9388351440429688,2.9665908813476563,0.42603302001953125,0.3585968017578125,26.153724670410156,0.16796875,0.8421783447265625,0.27478790283203125,0.25127410888671875,0.23784637451171875,24.81249237060547,0.14859771728515625,0,250754.30200195313,250453.5341796875,0,34088599552,2147483648,8243159040,0
200,1787751670285,3500,3500,3500,3500,3500,3500,3500,3500,3500,3500,3500,3500,3500,3500,3500,3500,3500,3500,3500,3500,37.84812545776367,0.2223358154296875,25.659584045410156,0.185546875,0.29461669921875,0.22623443603515625,0.24629974365234375,0.6783981323242188,0.3405914306640625,0.19962310791015625,2.8322830200195313,0.29647064208984375,10.837791442871094,0.251190185546875,0.32337188720703125,0.2973175048828125,0.31728363037109375,0.26861572265625,33.61662292480469,0.18499755859375,0,250764.91729736328,250462.02905273438,0,34088599552,2147483648,8243154944,0
199,1787751670485,3500,3500,3500,3500,3500,3500,3500,3500,3500,3500,3500,3500,3500,3500,3500,3500,3500,3500,3500,3500,32.04650115966797,0.2868194580078125,18.9969482421875,0.2792816162109375,0.32759857177734375,2.9417266845703125,0.293609619140625,0.30294036865234375,0.39234161376953125,0.34781646728515625,0.35276031494140625,2.9730224609375,0.6527099609375,0.4163055419921875,0.36139678955078125,0.32405853271484375,0.31307220458984375,0.35784912109375,55.542720794677734,0.25861358642578125,0,250774.08587646484,250469.07153320313,0,34088599552,2147483648,8243150848,0
200,1787751670685,3500,3500,3500,3500,3500,3500,3500,3500,3500,3500,3500,3500,3500,3500,3500,3500,3500,3500,3500,3500,21.296676635742188,2.8085556030273438,35.41786193847656,0.17722320556640625,0.326507568359375,0.32295989990234375,2.8130035400390625,0.29557037353515625,0.5016860961914063,0.43451690673828125,0.4500579833984375,0.494537353515625,0.499237060546875,0.3788909912109375,2.8253936767578125,2.7862167358398438,0.31931304931640625,0.26019287109375,49.819427490234375,2.7000503540039063,0,250783.0316772461,250475.89617919922,0,34088599552,2147483648,8243277824,0
200,1787751670885,3500,3500,3500,3500,3500,3500,3500,3500,3500,3500,3500,3500,3500,3500,3500,3500,3500,3500,3500,3500,21.45049285888672,0.23427581787109375,63.452003479003906,0.11959075927734375,0.43097686767578125,0.4276275634765625,0.37575531005859375,0.43157196044921875,0.428924560546875,0.44976806640625,0.360809326171875,0.4376220703125,5.650810241699219,2.792999267578125,0.3021392822265625,0.28890228271484375,2.7930450439453125,2.759368896484375,19.901901245117188,0.1864013671875,0,250792.12243652344,250482.86395263672,0,34088599552,2147483648,8243281920,0
200,1787751671085,3500,3500,3500,3500,3500,3500,3500,3500,3500,3500,3500,3500,3500,3500,3500,3500,3500,3500,3500,3500,32.58811950683594,0.29743194580078125,26.551963806152344,2.8092727661132813,3.0722427368164063,0.4178466796875,0.46709442138671875,0.47998046875,3.6877822875976563,2.9374847412109375,0.4017181396484375,0.4044647216796875,12.4556884765625,0.27994537353515625,0.403564453125,0.37749481201171875,0.339935302734375,0.3816375732421875,38.53446578979492,0.21661376953125,0,250800.16284179688,250488.78942871094,0,34088599552,2147483648,8243273728,0
200,1787751671286,3500,3500,3500,3500,3500,3500,3500,3500,3500,3500,3500,3500,3500,3500,3500,3500,3500,3500,3500,3500,26.397178649902344,0.2377166748046875,30.186302185058594,0.20996856689453125,0.45806884765625,0.34564208984375,0.446441650390625,2.9891586303710938,0.224090576171875,0.24559783935546875,2.8020401000976563,0.27274322509765625,10.575538635253906,0.260467529296875,0.2643585205078125,0.27159881591796875,0.2720947265625,0.2739410400390625,40.42452621459961,0.17848968505859375,0,250809.56024169922,250496.04473876953,0,34088599552,2147483648,8243261440,0
199,1787751671486,3500,3500,3500,3500,3500,3500,3500,3500,3500,3500,3500,3500,3500,3500,3500,3500,3500,3500,3500,3500,44.533782958984375,0.2556915283203125,32.53474426269531,0.22820281982421875,0.46743011474609375,2.8956375122070313,0.4210968017578125,0.46872711181640625,0.2891082763671875,0.24211883544921875,0.27159881591796875,2.7345657348632813,0.45511627197265625,0.29180145263671875,0.34946441650390625,0.3244781494140625,0.29070281982421875,0.3013763427734375,27.428634643554688,0.20720672607421875,0,250817.98681640625,250502.36492919922,0,34088599552,2147483648,8243261440,0
199,1787751671686,3500,3500,3500,3500,3500,3500,3500,3500,3500,3500,3500,3500,3500,3500,3500,3500,3500,3500,3500,3500,34.67506408691406,2.7754745483398438,29.475563049316406,0.25699615478515625,0.47292327880859375,0.44803619384765625,2.9246826171875,0.44983673095703125,0.25385284423828125,0.27928924560546875,0.237213134765625,0.3261566162109375,8.109390258789063,0.30187225341796875,2.9171371459960938,2.9217376708984375,0.3086700439453125,0.293426513671875,34.830169677734375,2.720703125,0,250827.47735595703,250509.73852539063,0,34088599552,2147483648,8243392512,0
200,1787751671886,3500,3500,3500,3500,3500,3500,3500,3500,3500,3500,3500,3500,3500,3500,3500,3500,3500,3500,3500,3500,27.65497589111328,0.2020111083984375,51.09254455566406,0.2013092041015625,0.4866943359375,0.4361572265625,0.35462188720703125,0.4860992431640625,0.270294189453125,0.31708526611328125,0.298187255859375,0.22585296630859375,8.060905456542969,2.832855224609375,0.40451812744140625,0.39986419677734375,0.31838226318359375,2.79901123046875,19.063385009765625,0.22480010986328125,0,250836.1112060547,250516.2645263672,0,34088599552,2147483648,8243392512,0
199,1787751672087,3500,3500,3500,3500,3500,3500,3500,3500,3500,3500,3500,3500,3500,3500,3500,3500,3500,3500,3500,3500,38.33294677734375,0.20682525634765625,52.56669235229492,2.6907424926757813,3.1744308471679688,0.23198699951171875,0.2596893310546875,0.32952880859375,0.363128662109375,2.7429122924804688,0.24755859375,0.25260162353515625,2.8361663818359375,0.24072265625,0.3740081787109375,0.36656951904296875,2.7830963134765625,0.26183319091796875,17.799705505371094,0.1727294921875,0,250845.61151123047,250523.63006591797,0,34088599552,2147483648,8243392512,0
199,1787751672287,3500,3500,3500,3500,3500,3500,3500,3500,3500,3500,3500,3500,3500,3500,3500,3500,3500,3500,3500,3500,18.507469177246094,0.2899627685546875,49.416046142578125,0.16962432861328125,0.41236114501953125,0.44539642333984375,0.34413909912109375,2.8835601806640625,2.761871337890625,0.2761688232421875,2.8398818969726563,0.24933624267578125,3.400177001953125,0.27227020263671875,0.5212554931640625,0.30850982666015625,0.2670745849609375,0.3006591796875,38.33023452758789,0.1597747802734375,0,250856.22033691406,250532.1114501953,0,34088599552,2147483648,8243400704,0
199,1787751672487,3500,3500,3500,3500,3500,3500,3500,3500,3500,3500,3500,3500,3500,3500,3500,3500,3500,3500,3500,3500,24.147804260253906,0.314788818359375,51.32453536987305,0.20424652099609375,0.50738525390625,0.490142822265625,0.3805999755859375,0.40789031982421875,0.34557342529296875,0.305145263671875,0.28890228271484375,2.7324295043945313,15.869155883789063,0.28404998779296875,0.29474639892578125,0.3091888427734375,0.28820037841796875,0.34436798095703125,13.885185241699219,0.22498321533203125,0,250865.79119873047,250539.56298828125,0,34088599552,2147483648,8243417088,0
200,1787751672687,3500,3500,3500,3500,3500,3500,3500,3500,3500,3500,3500,3500,3500,3500,3500,3500,3500,3500,3500,3500,33.25788879394531,2.7791595458984375,35.90101623535156,0.22222900390625,0.460662841796875,2.9779434204101563,1.4859237670898438,0.4433135986328125,0.48465728759765625,0.4777069091796875,0.4853057861328125,0.3634185791015625,0.40511322021484375,0.32427215576171875,2.822509765625,2.80731201171875,0.2948760986328125,0.31412506103515625,37.0844612121582,2.7217636108398438,0,250873.5450439453,250545.2030029297,0,34088599552,2147483648,8243548160,0
200,1787751672887,3500,3500,3500,3500,3500,3500,3500,3500,3500,3500,3500,3500,3500,3500,3500,3500,3500,3500,3500,3500,48.02286148071289,0.15590667724609375,28.275604248046875,0.190155029296875,0.26998138427734375,0.24497222900390625,1.6661224365234375,0.217559814453125,0.5758056640625,0.433929443359375,0.4464569091796875,0.393341064453125,3.8012619018554688,2.75433349609375,6.110137939453125,0.23828125,2.636962890625,2.8542251586914063,30.996337890625,0.12999725341796875,0,250882.6748046875,250552.20623779297,0,34088599552,2147483648,8243548160,0
200,1787751673087,3500,3500,3500,3500,3500,3500,3500,3500,3500,3500,3500,3500,3500,3500,3500,3500,3500,3500,3500,3500,20.525421142578125,0.2647247314453125,70.45742797851563,2.7380142211914063,2.8735427856445313,0.3384857177734375,0.32061004638671875,0.3106231689453125,0.9574813842773438,3.0207138061523438,0.49140167236328125,0.40975189208984375,1.6201248168945313,0.31311798095703125,1.579620361328125,0.3395843505859375,3.9915847778320313,0.33029937744140625,19.514205932617188,0.2451019287109375,0,250891.91607666016,250559.31622314453,0,34088599552,2147483648,8243556352,0
200,1787751673288,3500,3500,3500,3500,3500,3500,3500,3500,3500,3500,3500,3500,3500,3500,3500,3500,3500,3500,3500,3500,53.0015754699707,0.2329254150390625,19.49066162109375,0.3272705078125,0.294921875,0.2937774658203125,0.32991790771484375,2.9013137817382813,2.7859954833984375,0.33740234375,2.8513946533203125,0.32976531982421875,3.149658203125,0.31319427490234375,0.297271728515625,0.345245361328125,0.31494140625,0.3408966064453125,32.472686767578125,0.25399017333984375,0,250901.58416748047,250566.85748291016,0,34088599552,2147483648,8243556352,0
200,1787751673488,3500,3500,3500,3500,3500,3500,3500,3500,3500,3500,3500,3500,3500,3500,3500,3500,3500,3500,3500,3500,39.73210906982422,0.21566009521484375,43.242835998535156,0.20166778564453125,0.30147552490234375,0.3128204345703125,0.31487274169921875,0.21581268310546875,0.2609405517578125,0.21126556396484375,0.2750396728515625,2.864288330078125,0.32037353515625,0.25914764404296875,0.2835845947265625,0.26898956298828125,0.29688262939453125,0.26119232177734375,0.7029647827148438,20.624244689941406,0,250909.5841064453,250572.74743652344,0,34088599552,2147483648,8243556352,0
200,1787751673688,3500,3500,3500,3500,3500,3500,3500,3500,3500,3500,3500,3500,3500,3500,3500,3500,3500,3500,3500,3500,19.167015075683594,2.7544631958007813,21.268539428710938,0.251617431640625,0.39078521728515625,2.903778076171875,0.3051605224609375,0.37039947509765625,0.33043670654296875,3.0329055786132813,0.26220703125,0.24916839599609375,1.9032669067382813,0.28772735595703125,2.8614120483398438,2.8182525634765625,0.2985687255859375,0.29846954345703125,0.207855224609375,53.57596969604492,0,250919.61651611328,250580.6280517578,0,34088599552,2147483648,8243822592,0
199,1787751673888,3500,3500,3500,3500,3500,3500,3500,3500,3500,3500,3500,3500,3500,3500,3500,3500,3500,3500,3500,3500,3.3244094848632813,0.27996063232421875,10.655632019042969,0.2782135009765625,0.4687042236328125,0.4958648681640625,3.00799560546875,0.40998077392578125,0.285858154296875,0.25025177001953125,0.26033782958984375,0.33538818359375,0.3808746337890625,1.4005126953125,0.58624267578125,0.38866424560546875,0.3183135986328125,2.8346328735351563,2.848114013671875,8.476097106933594,0,250926.27294921875,250585.15521240234,0,34088599552,2147483648,8243953664,0
199,1787751674088,3500,3500,3500,3500,3500,3500,3500,3500,3500,3500,3500,3500,3500,3500,3500,3500,3500,3500,3500,3500,4.363899230957031,0.20770263671875,8.626792907714844,2.8387832641601563,2.894805908203125,0.36801910400390625,0.35147857666015625,0.2327880859375,0.2296905517578125,2.8474273681640625,0.30315399169921875,0.291656494140625,0.28875732421875,1.6823883056640625,0.39540863037109375,0.38361358642578125,2.8916549682617188,0.2669677734375,0.2596282958984375,8.862281799316406,0,250934.57775878906,250591.3500366211,0,34088599552,2147483648,8245235712,0
200,1787751674289,3500,3500,3500,3500,3500,3500,3500,3500,3500,3500,3500,3500,3500,3500,3500,3500,3500,3500,3500,3500,1.2382659912109375,0.27594757080078125,5.978553771972656,0.28719329833984375,0.2785491943359375,0.26035308837890625,0.29958343505859375,2.7277984619140625,2.7935104370117188,0.2716522216796875,2.8138504028320313,0.3103790283203125,2.853424072265625,0.303436279296875,0.3912353515625,0.38658905029296875,0.27774810791015625,0.29433441162109375,0.224822998046875,9.230010986328125,0,250941.5184326172,250596.16857910156,0,34088599552,2147483648,8245485568,0
199,1787751674489,3500,3500,3500,3500,3500,3500,3500,3500,3500,3500,3500,3500,3500,3500,3500,3500,3500,3500,3500,3500,5.6170501708984375,0.24233245849609375,10.342926025390625,0.37390899658203125,0.3128662109375,0.31760406494140625,0.31231689453125,0.2221221923828125,0.31716156005859375,0.25606536865234375,0.217376708984375,2.7835464477539063,0.4091033935546875,0.37610626220703125,0.40366363525390625,0.392730712890625,0.337371826171875,0.26953887939453125,0.22925567626953125,22.794342041015625,0,250950.70880126953,250603.1947631836,0,34088599552,2147483648,8246226944,0
200,1787751674689,3500,3500,3500,3500,3500,3500,3500,3500,3500,3500,3500,3500,3500,3500,3500,3500,3500,3500,3500,3500,2.1247177124023438,2.73260498046875,9.488449096679688,0.31866455078125,0.23748779296875,2.7961349487304688,0.30281829833984375,0.2630767822265625,0.18609619140625,0.3322601318359375,0.312713623046875,0.24663543701171875,0.2829742431640625,0.2960205078125,2.8666610717773438,2.8554153442382813,0.30426788330078125,0.27292633056640625,0.2440338134765625,13.622566223144531,0,250958.36352539063,250608.73303222656,0,34088599552,2147483648,8247545856,0
200,1787751674889,3500,3500,3500,3500,3500,3500,3500,3500,3500,3500,3500,3500,3500,3500,3500,3500,3500,3500,3500,3500,1.6999893188476563,0.1570281982421875,8.926483154296875,0.23897552490234375,0.22615814208984375,0.2947998046875,2.76873779296875,0.24800872802734375,0.28057861328125,0.2902069091796875,0.2169342041015625,0.27289581298828125,0.5044479370117188,0.27179718017578125,0.298583984375,0.2705535888671875,0.253448486328125,2.7865982055664063,2.808746337890625,14.939971923828125,0,250966.26202392578,250614.67962646484,0,34088599552,2147483648,8247709696,0
200,1787751675090,3500,3500,3500,3500,3500,3500,3500,3500,3500,3500,3500,3500,3500,3500,3500,3500,3500,3500,3500,3500,4.086761474609375,0.1705169677734375,7.058097839355469,2.8199844360351563,2.9474716186523438,0.2811279296875,0.259368896484375,0.2674560546875,0.21209716796875,0.9658355712890625,0.24039459228515625,0.261810302734375,0.26276397705078125,2.7983169555664063,0.30249786376953125,0.2654571533203125,2.8426437377929688,0.2346038818359375,0.2068023681640625,13.279541015625,0,250974.96936035156,250621.06524658203,0,34088599552,2147483648,8247984128,0
200,1787751675290,3500,3500,3500,3500,3500,3500,3500,3500,3500,3500,3500,3500,3500,3500,3500,3500,3500,3500,3500,3500,2.1014556884765625,0.26177978515625,5.449134826660156,0.34130859375,0.391571044921875,0.28531646728515625,0.34604644775390625,2.8743820190429688,2.8761749267578125,3.6184768676757813,2.8539352416992188,0.34549713134765625,2.8674468994140625,0.35851287841796875,0.37082672119140625,0.35930633544921875,0.349639892578125,0.34360504150390625,0.3057098388671875,11.855934143066406,0,250982.82763671875,250626.8018798828,0,34088599552,2147483648,8248885248,0
200,1787751675491,3500,3500,3500,3500,3500,3500,3500,3500,3500,3500,3500,3500,3500,3500,3500,3500,3500,3500,3500,3500,2.7010269165039063,0.25055694580078125,6.9904937744140625,0.30219268798828125,0.27764892578125,0.24246978759765625,0.27539825439453125,0.30054473876953125,0.286529541015625,1.5529251098632813,0.297454833984375,2.8127822875976563,0.48614501953125,0.30808258056640625,0.33441925048828125,0.2976531982421875,0.29311370849609375,0.313568115234375,0.25838470458984375,14.707061767578125,0,250989.83764648438,250631.9771118164,0,34088599552,2147483648,8249683968,0
200,1787751675691,3500,3500,3500,3500,3500,3500,3500,3500,3500,3500,3500,3500,3500,3500,3500,3500,3500,3500,3500,3500,6.938987731933594,2.7378387451171875,23.963058471679688,0.24829864501953125,1.5739517211914063,2.8246612548828125,0.31565093994140625,0.2537841796875,0.309906005859375,2.2177810668945313,0.31624603271484375,0.2524871826171875,16.68939971923828,0.27196502685546875,2.8087844848632813,2.8133316040039063,0.29717254638671875,0.28189849853515625,0.23586273193359375,24.22388458251953,0,250998.9906616211,250638.72674560547,0,34088599552,2147483648,8262680576,0
200,1787751675891,3500,3500,3500,3500,3500,3500,3500,3500,3500,3500,3500,3500,3500,3500,3500,3500,3500,3500,3500,3500,35.93647003173828,0.2285614013671875,46.66447448730469,0.23580169677734375,0.6155319213867188,0.34598541259765625,2.8196487426757813,0.26430511474609375,0.35202789306640625,8.208610534667969,0.41722869873046875,0.41063690185546875,13.833473205566406,0.3659515380859375,2.4022216796875,0.32147216796875,0.4037017822265625,1.212890625,2.7836990356445313,42.64037322998047,0,251007.5220336914,250645.5252685547,0,34088599552,2147483648,8273821696,0
200,1787751676092,3500,3500,3500,3500,3500,3500,3500,3500,3500,3500,3500,3500,3500,3500,3500,3500,3500,3500,3500,3500,36.52992248535156,0.126007080078125,60.17870330810547,2.674774169921875,2.8215789794921875,0.263214111328125,0.20442962646484375,0.20858001708984375,0.1923370361328125,0.38582611083984375,0.1801910400390625,0.24301910400390625,4.093513488769531,2.769744873046875,0.42095947265625,0.27835845947265625,2.7409515380859375,1.8301010131835938,0.122711181640625,31.57573699951172,0,251018.38305664063,250653.59381103516,0,34088599552,2147483648,8282300416,0
199,1787751676292,3500,3500,3500,3500,3500,3500,3500,3500,3500,3500,3500,3500,3500,3500,3500,3500,3500,3500,3500,3500,19.463455200195313,0.2987060546875,54.42875671386719,0.27361297607421875,0.5578460693359375,0.5635833740234375,0.47966766357421875,3.03106689453125,2.9300384521484375,2.9039382934570313,2.8334426879882813,0.3917083740234375,13.348182678222656,0.32689666748046875,1.19293212890625,0.4130096435546875,0.3851165771484375,0.36925506591796875,0.31781768798828125,62.10700988769531,0,251028.61407470703,250661.69799804688,0,34088599552,2147483648,8285683712,0
200,1787751676492,3500,3500,3500,3500,3500,3500,3500,3500,3500,3500,3500,3500,3500,3500,3500,3500,3500,3500,3500,3500,25.020065307617188,0.3214569091796875,55.5128059387207,0.34063720703125,0.5440216064453125,0.6286773681640625,0.5083084106445313,0.5181503295898438,0.36126708984375,0.39008331298828125,0.35567474365234375,0.39827728271484375,16.00860595703125,0.40781402587890625,0.63592529296875,0.3932342529296875,0.412811279296875,0.46485137939453125,0.3115692138671875,62.30982208251953,0,251040.24182128906,250671.1534423828,0,34088599552,2147483648,8286838784,0
200,1787751676692,3500,3500,3500,3500,3500,3500,3500,3500,3500,3500,3500,3500,3500,3500,3500,3500,3500,3500,3500,3500,10.819976806640625,0.15882110595703125,70.24664306640625,0.0144805908203125,0.18389129638671875,2.7606735229492188,0.23992919921875,0.195831298828125,0.09659576416015625,0.3935089111328125,0.11476898193359375,2.6850051879882813,3.5933914184570313,0.12680816650390625,2.6823577880859375,2.6716232299804688,0.1824493408203125,0.16281890869140625,0.060333251953125,41.3188591003418,0,251049.70861816406,250678.49353027344,0,34088599552,2147483648,8286863360,0
200,1787751676893,3500,3500,3500,3500,3500,3500,3500,3500,3500,3500,3500,3500,3500,3500,3500,3500,3500,3500,3500,3500,3.6294708251953125,2.9391555786132813,33.37702941894531,0.35528564453125,1.0625686645507813,0.45728302001953125,2.96954345703125,0.44879913330078125,0.4378204345703125,1.0919570922851563,0.44345855712890625,0.41870880126953125,0.546600341796875,0.45917510986328125,2.2790298461914063,0.5543365478515625,9.571846008300781,0.41407012939453125,2.8492813110351563,74.63679504394531,0,251058.47943115234,250685.13940429688,0,34088599552,2147483648,8282869760,0
200,1787751677093,3500,3500,3500,3500,3500,3500,3500,3500,3500,3500,3500,3500,3500,3500,3500,3500,3500,3500,3500,3500,11.835556030273438,0.263946533203125,65.92201232910156,2.6884002685546875,2.76788330078125,0.25736236572265625,0.26210784912109375,0.26629638671875,0.25107574462890625,0.7739410400390625,0.29189300537109375,0.18915557861328125,0.3121490478515625,2.7583541870117188,0.3729705810546875,0.40740203857421875,4.7990570068359375,2.7933349609375,0.18585968017578125,30.11957550048828,0,251069.142578125,250693.66564941406,0,34088599552,2147483648,8282804224,0
200,1787751677294,3500,3500,3500,3500,3500,3500,3500,3500,3500,3500,3500,3500,3500,3500,3500,3500,3500,3500,3500,3500,1.1982192993164063,0.30452728271484375,71.408935546875,0.19289398193359375,0.302337646484375,0.23809051513671875,0.28487396240234375,2.8595962524414063,2.78851318359375,2.8044281005859375,2.763824462890625,0.2512054443359375,2.814849853515625,0.3088226318359375,0.39437103271484375,0.3983612060546875,0.30617523193359375,0.29071044921875,0.21075439453125,32.71088409423828,0,251078.67547607422,250701.08197021484,0,34088599552,2147483648,8282705920,0
200,1787751677494,3500,3500,3500,3500,3500,3500,3500,3500,3500,3500,3500,3500,3500,3500,3500,3500,3500,3500,3500,3500,0.7602462768554688,0.26751708984375,69.70832824707031,0.1947479248046875,0.250732421875,0.2808074951171875,0.28040313720703125,0.30597686767578125,0.316070556640625,0.3137664794921875,0.32135772705078125,0.2227630615234375,0.41941070556640625,0.38654327392578125,0.31806182861328125,0.31911468505859375,0.3212127685546875,0.32350921630859375,0.23964691162109375,34.809913635253906,0,251088.7290649414,250709.01055908203,0,34088599552,2147483648,8278126592,0
200,1787751677694,3500,3500,3500,3500,3500,3500,3500,3500,3500,3500,3500,3500,3500,3500,3500,3500,3500,3500,3500,3500,0.943939208984375,0.34590911865234375,86.27167510986328,0.181793212890625,0.2148590087890625,2.7830810546875,0.3702850341796875,0.3066558837890625,0.319244384765625,0.3377227783203125,0.2051239013671875,2.7501678466796875,0.397552490234375,0.39525604248046875,2.7918243408203125,2.8077545166015625,0.3068084716796875,0.2819366455078125,0.22959136962890625,22.74542236328125,0,251097.9139404297,250716.07794189453,0,34088599552,2147483648,8277360640,0
200,1787751677894,3500,3500,3500,3500,3500,3500,3500,3500,3500,3500,3500,3500,3500,3500,3500,3500,3500,3500,3500,3500,1.590972900390625,2.8002243041992188,68.09880828857422,0.12822723388671875,0.37109375,0.39041900634765625,2.8245925903320313,0.38661956787109375,0.25240325927734375,0.2431182861328125,0.2860565185546875,0.24941253662109375,0.45452880859375,0.454925537109375,0.29160308837890625,0.260894775390625,0.293548583984375,0.27147674560546875,2.7169876098632813,38.45792770385742,0,251107.443359375,250723.4873046875,0,34088599552,2147483648,8276787200,0
200,1787751678095,3500,3500,3500,3500,3500,3500,3500,3500,3500,3500,3500,3500,3500,3500,3500,3500,3500,3500,3500,3500,4.760955810546875,0.286346435546875,28.552154541015625,2.7635650634765625,2.9911422729492188,0.45006561279296875,0.34880828857421875,0.4211578369140625,0.25963592529296875,0.4145660400390625,0.23741912841796875,0.28749847412109375,0.38625335693359375,2.9095611572265625,0.2643280029296875,0.30352020263671875,2.80340576171875,2.7967681884765625,0.14479827880859375,75.52845764160156,0,251115.8804321289,250729.8042602539,0,34088599552,2147483648,8276787200,0
200,1787751678295,3500,3500,3500,3500,3500,3500,3500,3500,3500,3500,3500,3500,3500,3500,3500,3500,3500,3500,3500,3500,0.9115676879882813,0.26767730712890625,58.28834533691406,0.2173309326171875,0.42586517333984375,0.48979949951171875,0.38095855712890625,2.9264144897460938,2.7744216918945313,2.83355712890625,2.8432998657226563,0.2838592529296875,2.8534927368164063,0.3532867431640625,0.3112335205078125,0.31627655029296875,0.32067108154296875,0.3380584716796875,0.19844818115234375,44.71074676513672,0,251125.39990234375,250737.18884277344,0,34088599552,2147483648,8276787200,0
200,1787751678495,3500,3500,3500,3500,3500,3500,3500,3500,3500,3500,3500,3500,3500,3500,3500,3500,3500,3500,3500,3500,17.429664611816406,0.31340789794921875,69.35641479492188,0.14629364013671875,0.3982696533203125,0.4731903076171875,0.3527679443359375,0.35596466064453125,0.22930145263671875,0.2540283203125,0.24538421630859375,0.281494140625,0.29708099365234375,0.2808990478515625,0.30352020263671875,0.2694091796875,0.27719879150390625,0.27849578857421875,0.22670745849609375,23.391372680664063,0,251134.14031982422,250743.810546875,0,34088599552,2147483648,8276709376,0
200,1787751678695,3500,3500,3500,3500,3500,3500,3500,3500,3500,3500,3500,3500,3500,3500,3500,3500,3500,3500,3500,3500,29.645057678222656,0.24784088134765625,48.876739501953125,0.213531494140625,0.4223785400390625,3.0311813354492188,0.369415283203125,0.42826080322265625,0.283843994140625,0.315460205078125,0.3059844970703125,2.7739105224609375,0.35594940185546875,0.3011016845703125,2.8431777954101563,2.8177947998046875,0.29925537109375,0.32817840576171875,0.2375640869140625,30.019210815429688,0,251143.94989013672,250751.4835205078,0,34088599552,2147483648,8276840448,0
200,1787751678896,3500,3500,3500,3500,3500,3500,3500,3500,3500,3500,3500,3500,3500,3500,3500,3500,3500,3500,3500,3500,24.69078826904297,2.7850875854492188,19.220016479492188,0.2651824951171875,0.43685150146484375,0.47455596923828125,2.9449386596679688,0.38413238525390625,0.4303131103515625,0.46672821044921875,0.34328460693359375,0.4285736083984375,39.58768844604492,0.25620269775390625,0.28737640380859375,0.32647705078125,0.30687713623046875,0.331268310546875,2.7811508178710938,23.81195068359375,0,251152.26959228516,250757.70727539063,0,34088599552,2147483648,8276840448,0
200,1787751679096,3500,3500,3500,3500,3500,3500,3500,3500,3500,3500,3500,3500,3500,3500,3500,3500,3500,3500,3500,3500,26.2708740234375,0.2235870361328125,18.57599639892578,2.7478256225585938,2.7982864379882813,0.3580322265625,0.29868316650390625,0.2489166259765625,0.3957061767578125,1.2906951904296875,0.301177978515625,0.34375,43.83242416381836,2.7176971435546875,0.26869964599609375,0.2598114013671875,2.7812957763671875,2.7831497192382813,0.1781158447265625,20.870155334472656,0,251160.8243408203,250764.1351928711,0,34088599552,2147483648,8276840448,0
200,1787751679296,3500,3500,3500,3500,3500,3500,3500,3500,3500,3500,3500,3500,3500,3500,3500,3500,3500,3500,3500,3500,10.232467651367188,0.249176025390625,54.724117279052734,0.19081878662109375,0.2702484130859375,0.2886199951171875,0.30120086669921875,2.7731170654296875,2.7673263549804688,2.829437255859375,2.794036865234375,0.3109893798828125,6.7039642333984375,0.26390838623046875,0.30759429931640625,0.291412353515625,0.3020477294921875,0.28887176513671875,0.2240142822265625,37.233211517333984,0,251168.59063720703,250769.7763671875,0,34088599552,2147483648,8276828160,0
200,1787751679497,3500,3500,3500,3500,3500,3500,3500,3500,3500,3500,3500,3500,3500,3500,3500,3500,3500,3500,3500,3500,18.35552215576172,0.311004638671875,27.221397399902344,0.26428985595703125,0.3484954833984375,0.27037811279296875,0.32637786865234375,0.28694915771484375,0.30646514892578125,0.25969696044921875,0.31090545654296875,0.3187408447265625,38.88584518432617,0.27008056640625,0.352386474609375,0.33611297607421875,0.332366943359375,0.34883880615234375,0.30596923828125,20.430152893066406,0,251179.34912109375,250778.4072265625,0,34088599552,2147483648,8276828160,0
200,1787751679697,3500,3500,3500,3500,3500,3500,3500,3500,3500,3500,3500,3500,3500,3500,3500,3500,3500,3500,3500,3500,19.53539276123047,0.2073211669921875,27.0841064453125,0.19075775146484375,0.370330810546875,2.8436965942382813,0.36893463134765625,0.362396240234375,0.25893402099609375,0.31757354736328125,0.2979583740234375,2.72491455078125,35.455238342285156,0.2411651611328125,2.8078079223632813,2.00860595703125,0.302703857421875,0.27080535888671875,0.21974945068359375,25.653404235839844,0,251187.4110107422,250784.34716796875,0,34088599552,2147483648,8276955136,0
199,1787751679898,3500,3500,3500,3500,3500,3500,3500,3500,3500,3500,3500,3500,3500,3500,3500,3500,3500,3500,3500,3500,16.969581604003906,2.7361907958984375,56.270896911621094,0.1702880859375,0.21059417724609375,0.18276214599609375,2.7502059936523438,0.26790618896484375,0.30477142333984375,0.16265869140625,0.23992156982421875,0.20670318603515625,16.085853576660156,0.2082977294921875,0.3060150146484375,1.033721923828125,0.2212677001953125,0.26895904541015625,2.6899032592773438,19.24358367919922,0,251195.3285522461,250790.1416015625,0,34088599552,2147483648,8277090304,0
199,1787751680098,3500,3500,3500,3500,3500,3500,3500,3500,3500,3500,3500,3500,3500,3500,3500,3500,3500,3500,3500,3500,21.694114685058594,0.30678558349609375,34.01922607421875,2.766693115234375,2.8420257568359375,0.27004241943359375,0.31673431396484375,0.33553314208984375,0.37232208251953125,0.3224334716796875,0.33263397216796875,0.2391510009765625,6.989540100097656,2.8797683715820313,0.5573883056640625,0.41191864013671875,2.8211822509765625,2.8732681274414063,0.21115875244140625,49.34623336791992,0,251204.2784423828,250796.95867919922,0,34088599552,2147483648,8277090304,0
200,1787751680298,3500,3500,3500,3500,3500,3500,3500,3500,3500,3500,3500,3500,3500,3500,3500,3500,3500,3500,3500,3500,58.646785736083984,0.251708984375,24.29755401611328,0.29962921142578125,0.30437469482421875,0.34984588623046875,0.3263092041015625,2.8641586303710938,2.859954833984375,2.8631057739257813,2.8203277587890625,0.26364898681640625,8.456146240234375,0.32381439208984375,0.30907440185546875,0.3740386962890625,0.385528564453125,0.32941436767578125,0.31421661376953125,12.796707153320313,0,251212.8348388672,250803.39947509766,0,34088599552,2147483648,8277090304,0
199,1787751680498,3500,3500,3500,3500,3500,3500,3500,3500,3500,3500,3500,3500,3500,3500,3500,3500,3500,3500,3500,3500,41.808013916015625,0.210906982421875,24.116859436035156,0.196868896484375,0.25228118896484375,0.2359466552734375,0.2710723876953125,0.29975128173828125,0.21006011962890625,0.3407745361328125,0.18767547607421875,0.3147430419921875,2.9576416015625,0.36710357666015625,0.27152252197265625,0.33557891845703125,0.27166748046875,0.32663726806640625,0.2035675048828125,38.45083236694336,0,251220.63696289063,250809.08044433594,0,34088599552,2147483648,8277078016,0
200,1787751680698,3500,3500,3500,3500,3500,3500,3500,3500,3500,3500,3500,3500,3500,3500,3500,3500,3500,3500,3500,3500,41.113468170166016,0.18828582763671875,51.40277862548828,0.1399993896484375,1.1660842895507813,2.78216552734375,0.27445220947265625,0.255859375,0.32408905029296875,2.5429534912109375,0.204681396484375,2.7584762573242188,9.988067626953125,0.26245880126953125,15.819305419921875,0.31073760986328125,0.2794036865234375,0.27845001220703125,0.19287872314453125,32.427833557128906,0,251230.15435791016,250816.42498779297,0,34088599552,2147483648,8282648576,0
200,1787751680898,3500,3500,3500,3500,3500,3500,3500,3500,3500,3500,3500,3500,3500,3500,3500,3500,3500,3500,3500,3500,49.26016616821289,2.7550811767578125,56.2819709777832,0.25380706787109375,3.7330780029296875,0.28513336181640625,2.8483810424804688,0.22835540771484375,0.29286956787109375,10.384681701660156,0.6614303588867188,0.21718597412109375,68.02792358398438,0.233551025390625,53.49421310424805,2.7263870239257813,46.435935974121094,0.26947021484375,2.3404693603515625,67.74523162841797,0,251243.4653930664,250827.4677734375,0,34088599552,2147483648,8313847808,0
200,1787751681099,3500,3500,3500,3500,3500,3500,3500,3500,3500,3500,3500,3500,3500,3500,3500,3500,3500,3500,3500,3500,26.748672485351563,0.30266571044921875,74.63507080078125,2.78875732421875,2.8809738159179688,0.2839813232421875,0.4318389892578125,0.33513641357421875,0.34342193603515625,1.0007553100585938,0.379791259765625,0.335784912109375,58.50204849243164,2.7852630615234375,56.003963470458984,0.28033447265625,21.030433654785156,2.85009765625,0.609771728515625,58.52457809448242,0,251255.07904052734,250837.2362060547,0,34088599552,2147483648,8321765376,0
200,1787751681299,3500,3500,3500,3500,3500,3500,3500,3500,3500,3500,3500,3500,3500,3500,3500,3500,3500,3500,3500,3500,25.525123596191406,0.253326416015625,39.2076530456543,0.30474853515625,1.7752914428710938,0.26904296875,0.28495025634765625,2.90118408203125,2.7159347534179688,56.20305633544922,2.8313064575195313,0.23207855224609375,11.628768920898438,0.25492095947265625,66.73257446289063,0.1984100341796875,0.6303558349609375,0.305450439453125,0.24485015869140625,34.206275939941406,0,251266.13549804688,250846.26397705078,0,34088599552,2147483648,8291700736,0
200,1787751681500,3500,3500,3500,3500,3500,3500,3500,3500,3500,3500,3500,3500,3500,3500,3500,3500,3500,3500,3500,3500,10.589424133300781,0.26763153076171875,6.017753601074219,0.26348876953125,16.186782836914063,0.26922607421875,0.28697967529296875,0.26853179931640625,0.192718505859375,48.03715896606445,0.23107147216796875,0.2547149658203125,13.699302673339844,0.25521087646484375,0.72967529296875,0.293914794921875,0.37027740478515625,0.36972808837890625,0.24483489990234375,23.469528198242188,0,251275.15118408203,250852.9549560547,0,34088599552,2147483648,8292360192,0
199,1787751681700,3500,3500,3500,3500,3500,3500,3500,3500,3500,3500,3500,3500,3500,3500,3500,3500,3500,3500,3500,3500,3.364990234375,0.22576141357421875,7.06817626953125,0.29673004150390625,0.3817901611328125,2.7903060913085938,0.32245635986328125,0.3143157958984375,0.32869720458984375,0.4000701904296875,0.3459320068359375,2.8625335693359375,0.33034515380859375,0.305023193359375,2.8218231201171875,0.32540130615234375,0.4174041748046875,0.42394256591796875,0.2204132080078125,15.260643005371094,0,251283.30432128906,250858.6280517578,0,34088599552,2147483648,8292622336,0
200,1787751681900,3500,3500,3500,3500,3500,3500,3500,3500,3500,3500,3500,3500,3500,3500,3500,3500,3500,3500,3500,3500,5.876502990722656,2.8121566772460938,13.285049438476563,0.288330078125,0.28118896484375,0.27114105224609375,2.9074859619140625,0.278289794921875,0.45079803466796875,0.24274444580078125,0.29148101806640625,0.34087371826171875,3.7010498046875,0.284637451171875,1.35943603515625,2.92633056640625,0.821014404296875,0.40550994873046875,0.2261505126953125,17.0958251953125,0,251292.17211914063,250865.35791015625,0,34088599552,2147483648,8292712448,0
200,1787751682100,3500,3500,3500,3500,3500,3500,3500,3500,3500,3500,3500,3500,3500,3500,3500,3500,3500,3500,3500,3500,7.452888488769531,0.21673583984375,8.367347717285156,2.8080978393554688,2.770965576171875,0.23839569091796875,0.33097076416015625,0.25650787353515625,0.5152664184570313,0.5434112548828125,0.4447021484375,0.38741302490234375,0.7197265625,2.801910400390625,0.365203857421875,0.270233154296875,2.9245223999023438,2.9200820922851563,2.7472610473632813,11.539199829101563,0,251299.9952392578,250871.03942871094,0,34088599552,2147483648,8292716544,0
200,1787751682301,3500,3500,3500,3500,3500,3500,3500,3500,3500,3500,3500,3500,3500,3500,3500,3500,3500,3500,3500,3500,2.1115646362304688,0.15332794189453125,5.668708801269531,0.23241424560546875,0.1803436279296875,0.18299102783203125,0.2724609375,2.74725341796875,2.912017822265625,2.8622894287109375,0.5058212280273438,0.34246063232421875,0.5901031494140625,0.25788116455078125,0.26821136474609375,0.23236846923828125,0.3544921875,0.3597869873046875,0.17969512939453125,17.188514709472656,0,251307.6884765625,250876.58557128906,0,34088599552,2147483648,8291930112,0
200,1787751682501,3500,3500,3500,3500,3500,3500,3500,3500,3500,3500,3500,3500,3500,3500,3500,3500,3500,3500,3500,3500,4.2212066650390625,0.3112335205078125,4.673980712890625,0.3294677734375,0.37660980224609375,0.3406524658203125,0.32022857666015625,0.29480743408203125,0.32961273193359375,0.32286834716796875,2.648101806640625,0.31642913818359375,2.8789825439453125,0.3668212890625,0.3506927490234375,0.35543060302734375,0.5879592895507813,0.5876617431640625,0.29041290283203125,15.497306823730469,0,251315.4478149414,250882.2100830078,0,34088599552,2147483648,8291930112,0
199,1787751682701,3500,3500,3500,3500,3500,3500,3500,3500,3500,3500,3500,3500,3500,3500,3500,3500,3500,3500,3500,3500,2.3232803344726563,0.233154296875,4.684234619140625,0.297821044921875,0.2845458984375,2.84857177734375,0.2408905029296875,0.29756927490234375,0.3070526123046875,0.2553558349609375,0.196929931640625,2.853759765625,0.30365753173828125,0.29557037353515625,2.8010177612304688,0.28150177001953125,0.5404052734375,0.5142593383789063,0.24433135986328125,15.66033935546875,0,251322.2611694336,250886.91467285156,0,34088599552,2147483648,8291799040,0
200,1787751682901,3500,3500,3500,3500,3500,3500,3500,3500,3500,3500,3500,3500,3500,3500,3500,3500,3500,3500,3500,3500,1.5752792358398438,2.6924285888671875,12.665008544921875,0.2365875244140625,0.22603607177734375,0.3027191162109375,2.7760086059570313,0.23648834228515625,0.2476348876953125,0.28182220458984375,0.24593353271484375,0.31781768798828125,0.2668304443359375,0.26552581787109375,0.30701446533203125,2.8068008422851563,0.5199127197265625,0.5052642822265625,0.21804046630859375,9.070472717285156,0,251329.0648803711,250891.580078125,0,34088599552,2147483648,8291799040,0
200,1787751683101,3500,3500,3500,3500,3500,3500,3500,3500,3500,3500,3500,3500,3500,3500,3500,3500,3500,3500,3500,3500,6.2475128173828125,0.21380615234375,15.667022705078125,2.8332748413085938,2.8506088256835938,0.27297210693359375,0.24588775634765625,0.2920074462890625,0.241241455078125,0.9424285888671875,0.34377288818359375,0.37030792236328125,2.9787750244140625,2.8349685668945313,0.35671234130859375,0.31523895263671875,3.0093536376953125,3.0063095092773438,2.829376220703125,20.121322631835938,0,251337.82098388672,250898.18725585938,0,34088599552,2147483648,8291864576,0
200,1787751683302,3500,3500,3500,3500,3500,3500,3500,3500,3500,3500,3500,3500,3500,3500,3500,3500,3500,3500,3500,3500,2.90289306640625,0.22010040283203125,1.9035797119140625,0.32608795166015625,0.274139404296875,0.225494384765625,0.1990966796875,2.8009490966796875,2.8202133178710938,2.7877273559570313,0.2913055419921875,0.243408203125,0.561553955078125,0.29160308837890625,0.3934478759765625,0.38906097412109375,0.37488555908203125,0.374237060546875,0.25103759765625,13.165115356445313,0,251345.54119873047,250903.76330566406,0,34088599552,2147483648,8291835904,0
200,1787751683502,3500,3500,3500,3500,3500,3500,3500,3500,3500,3500,3500,3500,3500,3500,3500,3500,3500,3500,3500,3500,3.0151214599609375,0.21686553955078125,13.299354553222656,0.2869873046875,0.339508056640625,0.28130340576171875,0.2329254150390625,0.28873443603515625,0.26074981689453125,0.30828857421875,2.8586578369140625,0.24304962158203125,2.8436431884765625,0.275665283203125,0.40399932861328125,0.4070892333984375,0.30988311767578125,0.32379913330078125,0.24619293212890625,10.586883544921875,0,251353.4923095703,250909.59271240234,0,34088599552,2147483648,8291840000,0
200,1787751683702,3500,3500,3500,3500,3500,3500,3500,3500,3500,3500,3500,3500,3500,3500,3500,3500,3500,3500,3500,3500,2.3682708740234375,0.19451904296875,6.998847961425781,0.20496368408203125,0.2317352294921875,2.8380355834960938,0.36740875244140625,0.21265411376953125,0.23603057861328125,0.3873443603515625,0.2267913818359375,2.7686996459960938,0.27564239501953125,0.24077606201171875,0.5281143188476563,0.358123779296875,0.26116180419921875,0.26685333251953125,0.16724395751953125,15.776260375976563,0,251361.23260498047,250915.19451904297,0,34088599552,2147483648,8292167680,0
200,1787751683903,3500,3500,3500,3500,3500,3500,3500,3500,3500,3500,3500,3500,3500,3500,3500,3500,3500,3500,3500,3500,2.5149993896484375,2.8094100952148438,21.913856506347656,0.2775421142578125,0.44286346435546875,0.476593017578125,2.95281982421875,0.4830780029296875,0.276641845703125,3.0712356567382813,0.25673675537109375,0.345458984375,0.3467559814453125,0.32080841064453125,2.761505126953125,2.9542160034179688,0.39116668701171875,0.43547821044921875,0.32579803466796875,27.305335998535156,0,251369.06323242188,250920.8897705078,0,34088599552,2147483648,8292626432,0
200,1787751684103,3500,3500,3500,3500,3500,3500,3500,3500,3500,3500,3500,3500,3500,3500,3500,3500,3500,3500,3500,3500,6.131141662597656,0.2225341796875,70.74800872802734,2.6629562377929688,2.7737808227539063,0.2609100341796875,0.18656158447265625,0.2477874755859375,0.2829132080078125,0.201080322265625,0.2073211669921875,0.23606109619140625,0.48264312744140625,2.8216323852539063,0.34348297119140625,0.34607696533203125,2.830108642578125,2.807159423828125,2.7061691284179688,34.15074920654297,0,251377.3589477539,250927.07452392578,0,34088599552,2147483648,8292626432,0
200,1787751684304,3500,3500,3500,3500,3500,3500,3500,3500,3500,3500,3500,3500,3500,3500,3500,3500,3500,3500,3500,3500,0.9005203247070313,0.35907745361328125,46.80253219604492,0.24454498291015625,0.3259429931640625,0.3213043212890625,0.37050628662109375,2.811309814453125,2.8786392211914063,3.995452880859375,0.394866943359375,0.45714569091796875,0.35109710693359375,0.3786468505859375,0.3379669189453125,0.3769989013671875,0.37839508056640625,0.34490966796875,0.23830413818359375,56.743160247802734,0,251386.38885498047,250933.9892578125,0,34088599552,2147483648,8292626432,0
200,1787751684504,3500,3500,3500,3500,3500,3500,3500,3500,3500,3500,3500,3500,3500,3500,3500,3500,3500,3500,3500,3500,0.7629928588867188,0.26264190673828125,65.39791870117188,0.19506072998046875,0.31327056884765625,0.28070068359375,0.29885101318359375,0.29047393798828125,0.46797943115234375,0.45456695556640625,2.9753265380859375,0.354217529296875,2.8210067749023438,0.28040313720703125,0.29595947265625,0.30224609375,0.3050384521484375,0.28693389892578125,0.2181549072265625,38.67182540893555,0,251394.4620361328,250939.95068359375,0,34088599552,2147483648,8292753408,0
200,1787751684704,3500,3500,3500,3500,3500,3500,3500,3500,3500,3500,3500,3500,3500,3500,3500,3500,3500,3500,3500,3500,8.4229736328125,0.26763153076171875,67.2525405883789,0.15765380859375,0.26004791259765625,2.7634124755859375,0.3270416259765625,0.28710174560546875,0.41295623779296875,0.37047576904296875,0.34496307373046875,2.8418350219726563,0.33647918701171875,0.30272674560546875,0.2528076171875,0.3215484619140625,0.29808807373046875,0.29953765869140625,0.2561492919921875,31.082847595214844,0,251403.11749267578,250946.4946899414,0,34088599552,2147483648,8292868096,0
199,1787751684905,3500,3500,3500,3500,3500,3500,3500,3500,3500,3500,3500,3500,3500,3500,3500,3500,3500,3500,3500,3500,0.643096923828125,2.8178024291992188,83.57447814941406,0.15750885009765625,0.24002838134765625,0.290313720703125,2.8464431762695313,0.2449188232421875,0.28143310546875,0.21817779541015625,0.3517303466796875,0.249359130859375,0.3929443359375,0.39373779296875,2.8157119750976563,2.7748489379882813,0.2932586669921875,0.3015899658203125,0.2292022705078125,22.548126220703125,0,251412.12158203125,250953.36486816406,0,34088599552,2147483648,8293138432,0
200,1787751685105,3500,3500,3500,3500,3500,3500,3500,3500,3500,3500,3500,3500,3500,3500,3500,3500,3500,3500,3500,3500,3.8674545288085938,0.2670745849609375,63.66952896118164,2.7037124633789063,2.9844741821289063,0.31855010986328125,0.32364654541015625,0.32049560546875,0.242034912109375,0.747894287109375,0.28211212158203125,0.26772308349609375,0.3713226318359375,2.8889694213867188,0.29990386962890625,0.26442718505859375,2.8061599731445313,2.769378662109375,2.714508056640625,40.71013259887695,0,251421.63873291016,250960.7706298828,0,34088599552,2147483648,8293138432,0
200,1787751685305,3500,3500,3500,3500,3500,3500,3500,3500,3500,3500,3500,3500,3500,3500,3500,3500,3500,3500,3500,3500,1.7994155883789063,0.3089752197265625,43.12849807739258,0.19611358642578125,0.37973785400390625,0.33838653564453125,0.34363555908203125,2.8577804565429688,2.8685150146484375,2.9625015258789063,0.232818603515625,0.18811798095703125,0.4051055908203125,0.3933258056640625,0.27581787109375,0.31781005859375,0.28969573974609375,0.310821533203125,0.1775360107421875,59.9401741027832,0,251431.44482421875,250968.4633178711,0,34088599552,2147483648,8293593088,0
200,1787751685505,3500,3500,3500,3500,3500,3500,3500,3500,3500,3500,3500,3500,3500,3500,3500,3500,3500,3500,3500,3500,0.942474365234375,0.2665863037109375,57.59395217895508,0.1785736083984375,0.3421630859375,0.3312835693359375,0.32334136962890625,0.27457427978515625,0.2583465576171875,0.2523040771484375,2.879150390625,0.2919921875,2.8577346801757813,0.30377197265625,0.30487060546875,0.268829345703125,0.27936553955078125,0.30078125,0.21231842041015625,49.007625579833984,0,251441.20819091797,250976.1044921875,0,34088599552,2147483648,8293900288,0
199,1787751685706,3500,3500,3500,3500,3500,3500,3500,3500,3500,3500,3500,3500,3500,3500,3500,3500,3500,3500,3500,3500,0.8721389770507813,0.23854827880859375,77.3375244140625,0.1550445556640625,0.43624114990234375,2.9950942993164063,0.46697235107421875,0.360870361328125,0.31153106689453125,0.42861175537109375,0.27281951904296875,2.8387603759765625,0.29093170166015625,0.3113861083984375,0.39080047607421875,0.38301849365234375,0.26723480224609375,0.30689239501953125,0.23785400390625,28.300827026367188,0,251449.44067382813,250982.22589111328,0,34088599552,2147483648,8294240256,0
200,1787751685906,3500,3500,3500,3500,3500,3500,3500,3500,3500,3500,3500,3500,3500,3500,3500,3500,3500,3500,3500,3500,0.9076385498046875,2.7838897705078125,55.45747756958008,0.18267059326171875,0.25213623046875,0.32740020751953125,2.75445556640625,0.30925750732421875,0.26042938232421875,2.2622756958007813,0.29836273193359375,0.3111114501953125,0.27147674560546875,0.29576873779296875,2.7994308471679688,2.8369674682617188,0.30381011962890625,0.3046112060546875,0.17761993408203125,51.00979232788086,0,251457.66571044922,250988.32653808594,0,34088599552,2147483648,8295432192,0
200,1787751686106,3500,3500,3500,3500,3500,3500,3500,3500,3500,3500,3500,3500,3500,3500,3500,3500,3500,3500,3500,3500,3.816009521484375,0.2599334716796875,45.69226837158203,2.72943115234375,0.28153228759765625,0.24456787109375,0.3182525634765625,0.2194671630859375,0.39154052734375,0.5083389282226563,0.4678802490234375,0.3707427978515625,0.28318023681640625,2.797088623046875,0.294708251953125,0.27779388427734375,2.7953414916992188,2.804168701171875,2.7365188598632813,59.31304168701172,0,251465.50555419922,250994.04650878906,0,34088599552,2147483648,8295514112,0
199,1787751686307,3500,3500,3500,3500,3500,3500,3500,3500,3500,3500,3500,3500,3500,3500,3500,3500,3500,3500,3500,3500,2.4524459838867188,0.22882080078125,92.68572998046875,0.129486083984375,2.8343658447265625,0.24090576171875,0.28227996826171875,2.7886962890625,2.7764129638671875,3.2397994995117188,0.28243255615234375,0.260223388671875,0.258270263671875,0.32491302490234375,0.34352874755859375,0.28662872314453125,0.304595947265625,0.27230072021484375,0.23076629638671875,13.103752136230469,0,251474.34442138672,251000.74829101563,0,34088599552,2147483648,8296861696,0
200,1787751686507,3500,3500,3500,3500,3500,3500,3500,3500,3500,3500,3500,3500,3500,3500,3500,3500,3500,3500,3500,3500,23.7373046875,0.26915740966796875,33.05573272705078,0.22722625732421875,0.30153656005859375,0.24121856689453125,0.21108245849609375,0.22867584228515625,0.34186553955078125,0.26955413818359375,2.904937744140625,0.2736053466796875,2.8352737426757813,0.299835205078125,0.3753509521484375,0.34221649169921875,0.29773712158203125,0.29099273681640625,0.1588134765625,48.42095184326172,0,251483.1776123047,251007.4564819336,0,34088599552,2147483648,8296824832,0
200,1787751686707,3500,3500,3500,3500,3500,3500,3500,3500,3500,3500,3500,3500,3500,3500,3500,3500,3500,3500,3500,3500,12.668807983398438,0.252166748046875,58.08510208129883,0.1815338134765625,0.3200531005859375,2.828216552734375,0.35536956787109375,0.25791168212890625,0.453826904296875,0.39827728271484375,0.48839569091796875,2.9051437377929688,0.35262298583984375,0.3056182861328125,0.423309326171875,0.42090606689453125,0.30406951904296875,0.34613037109375,0.26634979248046875,36.09716033935547,0,251493.09979248047,251015.27935791016,0,34088599552,2147483648,8297299968,0
200,1787751686907,3500,3500,3500,3500,3500,3500,3500,3500,3500,3500,3500,3500,3500,3500,3500,3500,3500,3500,3500,3500,39.10625076293945,2.6826171875,32.65050506591797,0.18526458740234375,0.2458343505859375,0.27325439453125,2.741546630859375,0.19684600830078125,0.43933868408203125,0.33087921142578125,0.4839324951171875,0.320892333984375,23.352394104003906,0.22356414794921875,2.8695831298828125,2.8602447509765625,0.29312896728515625,0.24573516845703125,0.2329559326171875,11.805259704589844,0,251502.2421875,251022.30059814453,0,34088599552,2147483648,8297406464,0
199,1787751687108,3500,3500,3500,3500,3500,3500,3500,3500,3500,3500,3500,3500,3500,3500,3500,3500,3500,3500,3500,3500,25.925331115722656,0.2267608642578125,34.30531311035156,1.1208267211914063,0.26299285888671875,0.24402618408203125,0.2823486328125,0.3490753173828125,0.474029541015625,0.5970382690429688,0.484161376953125,0.34387969970703125,24.556137084960938,2.8297576904296875,0.66705322265625,0.40106964111328125,2.8052520751953125,2.8311538696289063,2.766082763671875,29.832046508789063,0,251511.37225341797,251029.45776367188,0,34088599552,2147483648,8303341568,0
200,1787751687308,3500,3500,3500,3500,3500,3500,3500,3500,3500,3500,3500,3500,3500,3500,3500,3500,3500,3500,3500,3500,18.989410400390625,0.2945098876953125,40.249664306640625,1.8848190307617188,2.8653564453125,0.27207183837890625,0.2990570068359375,2.7700042724609375,2.9533157348632813,3.1797103881835938,0.43199920654296875,0.3237457275390625,9.432785034179688,0.27442169189453125,0.379425048828125,0.3426361083984375,0.3077545166015625,0.28696441650390625,0.21929931640625,37.65108108520508,0,251519.56134033203,251035.7240600586,0,34088599552,2147483648,8304394240,0
200,1787751687508,3500,3500,3500,3500,3500,3500,3500,3500,3500,3500,3500,3500,3500,3500,3500,3500,3500,3500,3500,3500,53.3095817565918,0.21085357666015625,24.864784240722656,0.21075439453125,0.2399444580078125,0.322723388671875,0.30400848388671875,0.23874664306640625,0.33270263671875,0.37390899658203125,2.9097747802734375,0.38030242919921875,19.050430297851563,0.29268646240234375,0.39102935791015625,0.36762237548828125,0.28844451904296875,0.316680908203125,0.33873748779296875,10.692329406738281,0,251529.5297241211,251043.3218383789,0,34088599552,2147483648,8304254976,0
200,1787751687709,3500,3500,3500,3500,3500,3500,3500,3500,3500,3500,3500,3500,3500,3500,3500,3500,3500,3500,3500,3500,45.22880935668945,0.225555419921875,19.69110107421875,0.225555419921875,0.3185882568359375,2.8596420288085938,0.2478179931640625,0.2449188232421875,0.2850494384765625,0.2476654052734375,0.29323577880859375,2.7388992309570313,30.67046356201172,0.25885009765625,0.29498291015625,0.29453277587890625,0.275115966796875,0.30112457275390625,0.26702880859375,13.509078979492188,0,251539.76611328125,251051.32720947266,0,34088599552,2147483648,8306171904,0
200,1787751687909,3500,3500,3500,3500,3500,3500,3500,3500,3500,3500,3500,3500,3500,3500,3500,3500,3500,3500,3500,3500,38.953575134277344,2.7428970336914063,34.977439880371094,0.2208099365234375,0.307647705078125,0.27828216552734375,2.8050689697265625,0.255218505859375,0.2934112548828125,0.323272705078125,0.2574615478515625,0.2965087890625,15.657402038574219,0.29256439208984375,2.8419189453125,2.8315811157226563,0.291015625,0.3001556396484375,0.2611541748046875,20.594566345214844,0,251548.58471679688,251058.01629638672,0,34088599552,2147483648,8306167808,0
199,1787751688109,3500,3500,3500,3500,3500,3500,3500,3500,3500,3500,3500,3500,3500,3500,3500,3500,3500,3500,3500,3500,24.847366333007813,0.22916412353515625,27.164276123046875,0.18004608154296875,0.24034881591796875,0.27518463134765625,0.2767333984375,0.1639251708984375,0.189178466796875,0.2198333740234375,0.22052764892578125,0.254425048828125,23.382781982421875,2.7121429443359375,23.61578369140625,0.1983184814453125,2.7648544311523438,2.7520294189453125,2.7586669921875,12.26220703125,0,251558.36895751953,251065.66912841797,0,34088599552,2147483648,8306307072,0
200,1787751688309,3500,3500,3500,3500,3500,3500,3500,3500,3500,3500,3500,3500,3500,3500,3500,3500,3500,3500,3500,3500,25.350555419921875,0.289764404296875,63.163089752197266,2.7583465576171875,3.0326766967773438,0.5061798095703125,0.42897796630859375,2.0941238403320313,2.9661178588867188,2.9891510009765625,0.4509124755859375,0.5286636352539063,0.7533187866210938,0.31749725341796875,0.44876861572265625,0.41098785400390625,0.338134765625,0.34423065185546875,0.27532196044921875,20.083297729492188,0,251568.78393554688,251073.9793701172,0,34088599552,2147483648,8305561600,0
199,1787751688510,3500,3500,3500,3500,3500,3500,3500,3500,3500,3500,3500,3500,3500,3500,3500,3500,3500,3500,3500,3500,18.61260223388672,0.17969512939453125,30.045852661132813,0.19283294677734375,0.43752288818359375,0.42568206787109375,0.36029052734375,1.30902099609375,0.26137542724609375,0.31987762451171875,2.7891464233398438,0.231201171875,2.9215850830078125,0.25228118896484375,0.3132781982421875,0.25643157958984375,0.24798583984375,0.2341461181640625,0.12744140625,59.0937614440918,0,251578.21356201172,251081.26397705078,0,34088599552,2147483648,8305954816,0
199,1787751688710,3500,3500,3500,3500,3500,3500,3500,3500,3500,3500,3500,3500,3500,3500,3500,3500,3500,3500,3500,3500,43.16813278198242,0.2757720947265625,33.788978576660156,0.2996978759765625,0.5335159301757813,0.5569915771484375,0.4585418701171875,0.5415115356445313,0.28491973876953125,0.28491973876953125,0.31858062744140625,2.9328765869140625,0.40964508056640625,0.39980316162109375,0.36183929443359375,0.36328887939453125,0.36838531494140625,0.378021240234375,0.27822113037109375,27.15618896484375,0,251586.7266845703,251087.6688232422,0,34088599552,2147483648,8306065408,0
200,1787751688910,3500,3500,3500,3500,3500,3500,3500,3500,3500,3500,3500,3500,3500,3500,3500,3500,3500,3500,3500,3500,24.83776092529297,2.7495193481445313,48.0491828918457,0.22564697265625,0.3345947265625,2.8652191162109375,2.9165420532226563,0.41075897216796875,0.38262176513671875,0.30875396728515625,0.2850189208984375,0.26822662353515625,23.771209716796875,0.28441619873046875,2.8607711791992188,2.80804443359375,0.3017120361328125,0.29151153564453125,0.23323822021484375,14.8912353515625,0,251597.31268310547,251096.1411743164,0,34088599552,2147483648,8306135040,0
199,1787751689110,3500,3500,3500,3500,3500,3500,3500,3500,3500,3500,3500,3500,3500,3500,3500,3500,3500,3500,3500,3500,50.04063034057617,0.20467376708984375,34.059722900390625,0.2199554443359375,0.356903076171875,0.36434173583984375,0.3636932373046875,0.47582244873046875,0.2210540771484375,0.2477264404296875,0.2808380126953125,0.2689971923828125,1.105072021484375,2.9007720947265625,0.277191162109375,0.2667999267578125,2.8068771362304688,2.770263671875,2.7659683227539063,21.370750427246094,0,251605.77319335938,251102.48510742188,0,34088599552,2147483648,8306454528,0
200,1787751689310,3500,3500,3500,3500,3500,3500,3500,3500,3500,3500,3500,3500,3500,3500,3500,3500,3500,3500,3500,3500,28.82408905029297,0.27173614501953125,40.50138473510742,2.7173843383789063,2.8105087280273438,0.28693389892578125,0.31647491455078125,0.28768157958984375,2.8214111328125,3.8158798217773438,0.29468536376953125,0.2765350341796875,14.3348388671875,0.33327484130859375,2.2662811279296875,0.30702972412109375,0.28243255615234375,0.364166259765625,0.234344482421875,41.39763259887695,0,251614.53155517578,251109.09454345703,0,34088599552,2147483648,8307322880,0
200,1787751689511,3500,3500,3500,3500,3500,3500,3500,3500,3500,3500,3500,3500,3500,3500,3500,3500,3500,3500,3500,3500,24.882789611816406,0.25494384765625,46.22995376586914,0.2523956298828125,0.31085968017578125,0.28631591796875,0.318939208984375,2.8513107299804688,0.31011199951171875,0.33290863037109375,2.7823257446289063,0.25319671630859375,2.9039306640625,0.3044281005859375,0.4324188232421875,0.42893218994140625,0.41640472412109375,0.42952728271484375,0.23673248291015625,33.15753173828125,0,251623.57391357422,251116.01208496094,0,34088599552,2147483648,8307302400,0
200,1787751689711,3500,3500,3500,3500,3500,3500,3500,3500,3500,3500,3500,3500,3500,3500,3500,3500,3500,3500,3500,3500,40.1304817199707,0.17644500732421875,23.364227294921875,0.21878814697265625,0.28453826904296875,0.235809326171875,0.32757568359375,0.25348663330078125,0.27640533447265625,0.44741058349609375,0.22991943359375,2.78485107421875,22.92560577392578,0.2589263916015625,0.39183807373046875,0.38913726806640625,0.35279083251953125,0.34540557861328125,0.2275238037109375,18.067237854003906,0,251633.47198486328,251123.8003540039,0,34088599552,2147483648,8307421184,0
200,1787751689911,3500,3500,3500,3500,3500,3500,3500,3500,3500,3500,3500,3500,3500,3500,3500,3500,3500,3500,3500,3500,38.04790496826172,2.682373046875,41.86753845214844,0.1817779541015625,0.39546966552734375,2.9546890258789063,0.42407989501953125,0.35382080078125,0.41658782958984375,0.47476959228515625,0.27007293701171875,0.35416412353515625,16.770103454589844,0.31366729736328125,3.0066757202148438,2.8887176513671875,0.2731170654296875,0.26062774658203125,0.25743865966796875,15.265892028808594,0,251642.56420898438,251130.7548828125,0,34088599552,2147483648,8308318208,0
200,1787751690111,3500,3500,3500,3500,3500,3500,3500,3500,3500,3500,3500,3500,3500,3500,3500,3500,3500,3500,3500,3500,21.009788513183594,0.2645263671875,52.14292526245117,0.19348907470703125,0.4732513427734375,0.3731842041015625,3.020660400390625,0.35784912109375,0.37248992919921875,0.4568634033203125,0.47095489501953125,0.33336639404296875,1.0063018798828125,2.8874740600585938,0.349456787109375,0.39456939697265625,0.28560638427734375,2.8202285766601563,2.7405471801757813,32.059852600097656,0,251652.07647705078,251138.16259765625,0,34088599552,2147483648,8308301824,0
199,1787751690311,3500,3500,3500,3500,3500,3500,3500,3500,3500,3500,3500,3500,3500,3500,3500,3500,3500,3500,3500,3500,11.734664916992188,0.2708740234375,51.28034591674805,2.7504348754882813,2.8851699829101563,0.3336181640625,0.32112884521484375,0.345458984375,0.36199188232421875,3.1873626708984375,0.44727325439453125,0.32952117919921875,0.46680450439453125,0.2989959716796875,0.4809417724609375,0.43338775634765625,2.8346099853515625,0.31618499755859375,0.22066497802734375,45.24618148803711,0,251660.3510131836,251144.32165527344,0,34088599552,2147483648,8308822016,0
200,1787751690512,3500,3500,3500,3500,3500,3500,3500,3500,3500,3500,3500,3500,3500,3500,3500,3500,3500,3500,3500,3500,26.294357299804688,0.243133544921875,32.521461486816406,0.2059478759765625,0.30442047119140625,0.21274566650390625,0.22853851318359375,2.7963104248046875,2.8200531005859375,0.3054656982421875,2.7434234619140625,0.21234130859375,23.72198486328125,0.234588623046875,0.481475830078125,0.48612213134765625,0.27523040771484375,0.27072906494140625,0.19029998779296875,25.396697998046875,0,251671.8367919922,251153.68322753906,0,34088599552,2147483648,8308781056,0
200,1787751690712,3500,3500,3500,3500,3500,3500,3500,3500,3500,3500,3500,3500,3500,3500,3500,3500,3500,3500,3500,3500,18.0726318359375,0.255523681640625,26.202499389648438,0.20125579833984375,9.327964782714844,0.2742462158203125,0.20125579833984375,0.23355865478515625,0.25921630859375,16.167373657226563,0.29396820068359375,2.810821533203125,32.84759521484375,0.24369049072265625,0.5408096313476563,0.4920806884765625,0.28093719482421875,0.2970123291015625,0.18752288818359375,35.90870666503906,0,251680.75439453125,251160.45153808594,0,34088599552,2147483648,8309956608,0
200,1787751690912,3500,3500,3500,3500,3500,3500,3500,3500,3500,3500,3500,3500,3500,3500,3500,3500,3500,3500,3500,3500,21.8321533203125,2.76953125,37.584739685058594,0.23372650146484375,0.31056976318359375,2.7892913818359375,0.29579925537109375,0.2986907958984375,0.36077117919921875,0.44794464111328125,0.388214111328125,0.45058441162109375,6.313240051269531,0.39574432373046875,2.9691238403320313,2.947967529296875,0.34380340576171875,0.31626129150390625,0.25179290771484375,43.19206237792969,0,251690.54388427734,251168.1220703125,0,34088599552,2147483648,8310235136,0
200,1787751691113,3500,3500,3500,3500,3500,3500,3500,3500,3500,3500,3500,3500,3500,3500,3500,3500,3500,3500,3500,3500,29.64837646484375,0.23332977294921875,40.7800407409668,0.2166748046875,0.40785980224609375,0.30657958984375,2.72393798828125,0.23896026611328125,0.406463623046875,0.512481689453125,0.40970611572265625,0.5166702270507813,8.195442199707031,2.869598388671875,0.33769989013671875,0.32189178466796875,0.2993011474609375,2.84002685546875,2.7699127197265625,28.142745971679688,0,251700.68115234375,251176.13317871094,0,34088599552,2147483648,8310235136,0
200,1787751691313,3500,3500,3500,3500,3500,3500,3500,3500,3500,3500,3500,3500,3500,3500,3500,3500,3500,3500,3500,3500,17.15796661376953,0.21874237060546875,46.08041763305664,2.6842041015625,2.9792022705078125,0.3485870361328125,0.409759521484375,0.38643646240234375,0.23761749267578125,3.6108474731445313,0.3066864013671875,0.24126434326171875,0.427886962890625,0.22857666015625,0.25350189208984375,0.2521514892578125,2.7629623413085938,0.26253509521484375,0.18727874755859375,43.8571662902832,0,251708.66497802734,251182.0053100586,0,34088599552,2147483648,8310435840,0
200,1787751691513,3500,3500,3500,3500,3500,3500,3500,3500,3500,3500,3500,3500,3500,3500,3500,3500,3500,3500,3500,3500,29.28338623046875,0.25005340576171875,11.077003479003906,0.27013397216796875,0.5257797241210938,0.48381805419921875,0.5124893188476563,3.009063720703125,2.9138565063476563,0.35324859619140625,2.8760452270507813,0.373626708984375,11.300437927246094,0.27397918701171875,0.373626708984375,0.33187103271484375,0.343505859375,0.3767242431640625,0.20269775390625,59.60888671875,0,251718.89135742188,251190.10479736328,0,34088599552,2147483648,8310542336,0
200,1787751691714,3500,3500,3500,3500,3500,3500,3500,3500,3500,3500,3500,3500,3500,3500,3500,3500,3500,3500,3500,3500,30.568809509277344,0.2271728515625,41.31370162963867,0.20476531982421875,0.510589599609375,0.397552490234375,0.538482666015625,0.394256591796875,0.34295654296875,0.37569427490234375,0.43353271484375,2.9917068481445313,0.3695526123046875,0.307220458984375,0.4215545654296875,0.42165374755859375,0.4110260009765625,0.421356201171875,0.2391510009765625,32.15337371826172,0,251727.68963623047,251196.7869873047,0,34088599552,2147483648,8310673408,0
200,1787751691914,3500,3500,3500,3500,3500,3500,3500,3500,3500,3500,3500,3500,3500,3500,3500,3500,3500,3500,3500,3500,24.138397216796875,2.7666168212890625,39.149112701416016,0.21520233154296875,0.46524810791015625,2.8999176025390625,0.494140625,0.42452239990234375,0.29421234130859375,0.31986236572265625,0.331787109375,0.29261016845703125,16.618064880371094,0.2709503173828125,18.320335388183594,2.85321044921875,0.38958740234375,0.390380859375,0.23760986328125,12.806121826171875,0,251736.77801513672,251203.75817871094,0,34088599552,2147483648,8310673408,0
200,1787751692114,3500,3500,3500,3500,3500,3500,3500,3500,3500,3500,3500,3500,3500,3500,3500,3500,3500,3500,3500,3500,17.280105590820313,0.1822357177734375,29.79656982421875,0.19849395751953125,0.40607452392578125,0.37934112548828125,2.9025039672851563,0.39759063720703125,0.28218841552734375,0.43824005126953125,0.47708892822265625,0.32512664794921875,19.288421630859375,0.222137451171875,0.35430145263671875,0.35784149169921875,0.27081298828125,2.8108367919921875,2.7028045654296875,54.17416000366211,0,251746.76068115234,251211.60845947266,0,34088599552,2147483648,8312471552,0
200,1787751692315,3500,3500,3500,3500,3500,3500,3500,3500,3500,3500,3500,3500,3500,3500,3500,3500,3500,3500,3500,3500,19.47913360595703,0.309417724609375,42.46055603027344,2.6810760498046875,2.8253021240234375,0.305877685546875,0.321044921875,0.2677001953125,0.32199859619140625,3.2068405151367188,0.423309326171875,0.37364959716796875,16.08574676513672,2.75872802734375,0.4442138671875,0.37200164794921875,2.9171295166015625,0.44092559814453125,0.18225860595703125,30.755401611328125,0,251756.09155273438,251218.80450439453,0,34088599552,2147483648,8312938496,0
200,1787751692515,3500,3500,3500,3500,3500,3500,3500,3500,3500,3500,3500,3500,3500,3500,3500,3500,3500,3500,3500,3500,22.391136169433594,0.25891876220703125,62.647186279296875,0.178375244140625,0.28748321533203125,0.21417999267578125,0.35214996337890625,2.7383041381835938,2.9349517822265625,0.4553680419921875,2.958221435546875,0.44373321533203125,2.865386962890625,0.26885986328125,0.36862945556640625,0.32982635498046875,0.38605499267578125,0.363433837890625,0.22021484375,21.32709503173828,0,251766.2989501953,251226.97479248047,0,34088599552,2147483648,8312893440,0
200,1787751692715,3500,3500,3500,3500,3500,3500,3500,3500,3500,3500,3500,3500,3500,3500,3500,3500,3500,3500,3500,3500,25.2098388671875,0.34500885009765625,42.970218658447266,0.29264068603515625,0.27972412109375,0.30820465087890625,0.38636016845703125,0.34252166748046875,0.44147491455078125,0.5587921142578125,0.5451278686523438,2.9778671264648438,0.462677001953125,0.41773223876953125,0.35309600830078125,0.3734893798828125,0.38246917724609375,0.38431549072265625,0.2873992919921875,35.918487548828125,0,251775.11199951172,251233.64428710938,0,34088599552,2147483648,8313024512,0
200,1787751692916,3500,3500,3500,3500,3500,3500,3500,3500,3500,3500,3500,3500,3500,3500,3500,3500,3500,3500,3500,3500,32.494117736816406,2.097503662109375,24.156494140625,0.18885040283203125,0.21666717529296875,2.7257308959960938,0.238189697265625,0.16153717041015625,0.37845611572265625,0.43178558349609375,0.44122314453125,0.3040008544921875,6.089668273925781,0.25206756591796875,6.666412353515625,2.7205810546875,14.282432556152344,0.1803131103515625,0.141815185546875,46.48643112182617,0,251783.7205810547,251240.0408935547,0,34088599552,2147483648,8314585088,0
200,1787751693116,3500,3500,3500,3500,3500,3500,3500,3500,3500,3500,3500,3500,3500,3500,3500,3500,3500,3500,3500,3500,26.830642700195313,0.8055038452148438,45.13802719116211,0.25260162353515625,0.30438995361328125,0.2369232177734375,2.8588333129882813,0.27092742919921875,0.378204345703125,0.43593597412109375,0.5041580200195313,0.3756103515625,23.574630737304688,0.28276824951171875,0.31597900390625,0.32831573486328125,0.32302093505859375,0.47283935546875,2.7856674194335938,12.7037353515625,0,251791.7724609375,251245.9766845703,0,34088599552,2147483648,8314585088,0
200,1787751693316,3500,3500,3500,3500,3500,3500,3500,3500,3500,3500,3500,3500,3500,3500,3500,3500,3500,3500,3500,3500,4.4620208740234375,0.3452911376953125,62.97188949584961,2.76715087890625,2.8248672485351563,0.29761505126953125,0.31858062744140625,0.255279541015625,0.38957977294921875,0.695831298828125,0.4779510498046875,0.36685943603515625,15.99169921875,2.8520736694335938,0.48813629150390625,0.35468292236328125,2.8531723022460938,2.6515731811523438,0.29941558837890625,25.756301879882813,0,251800.5196533203,251252.60467529297,0,34088599552,2147483648,8314847232,0
199,1787751693516,3500,3500,3500,3500,3500,3500,3500,3500,3500,3500,3500,3500,3500,3500,3500,3500,3500,3500,3500,3500,23.830177307128906,0.26897430419921875,33.51995849609375,0.22369384765625,0.377716064453125,0.24538421630859375,0.29535675048828125,2.7665176391601563,2.9045486450195313,2.8829116821289063,2.85137939453125,0.28646087646484375,3.0939102172851563,0.28501129150390625,0.4000091552734375,0.3989105224609375,0.307098388671875,0.30385589599609375,0.21839141845703125,47.410972595214844,0,251808.20001220703,251258.16217041016,0,34088599552,2147483648,8314818560,0
200,1787751693716,3500,3500,3500,3500,3500,3500,3500,3500,3500,3500,3500,3500,3500,3500,3500,3500,3500,3500,3500,3500,44.71297073364258,0.221405029296875,52.667640686035156,0.17012786865234375,0.24364471435546875,0.2410430908203125,0.2687835693359375,0.33499908447265625,0.2691802978515625,0.2842254638671875,0.29851531982421875,0.24884033203125,0.4196624755859375,0.314361572265625,0.40756988525390625,0.404571533203125,0.3174591064453125,0.290374755859375,0.2800750732421875,13.875442504882813,0,251817.69232177734,251265.51922607422,0,34088599552,2147483648,8316989440,0
200,1787751693917,3500,3500,3500,3500,3500,3500,3500,3500,3500,3500,3500,3500,3500,3500,3500,3500,3500,3500,3500,3500,41.94526672363281,0.23249053955078125,37.078033447265625,0.2376861572265625,0.297271728515625,2.7704696655273438,0.30271148681640625,0.30181121826171875,0.32479095458984375,0.364593505859375,0.32463836669921875,2.81976318359375,0.4466552734375,0.30416107177734375,2.9328384399414063,2.908660888671875,0.30745697021484375,0.303558349609375,0.23883056640625,29.400375366210938,0,251828.65008544922,251274.34130859375,0,34088599552,2147483648,8317906944,0
200,1787751694117,3500,3500,3500,3500,3500,3500,3500,3500,3500,3500,3500,3500,3500,3500,3500,3500,3500,3500,3500,3500,40.41065216064453,2.7148971557617188,40.27814483642578,0.19891357421875,0.25962066650390625,0.25457763671875,2.7864990234375,0.2914276123046875,0.28952789306640625,0.3386077880859375,0.3059539794921875,0.26456451416015625,0.451446533203125,0.30495452880859375,0.3386077880859375,0.32457733154296875,0.2933197021484375,0.289825439453125,2.7511444091796875,27.245758056640625,0,251836.44104003906,251280.0171508789,0,34088599552,2147483648,8317902848,0
200,1787751694318,3500,3500,3500,3500,3500,3500,3500,3500,3500,3500,3500,3500,3500,3500,3500,3500,3500,3500,3500,3500,22.86591339111328,0.20207977294921875,14.097465515136719,2.7161865234375,2.7965927124023438,0.199432373046875,0.20232391357421875,0.20172882080078125,0.28443145751953125,1.5958633422851563,0.2467193603515625,0.26019287109375,5.053306579589844,2.7857208251953125,0.3845977783203125,0.26043701171875,2.8004837036132813,2.7854690551757813,0.234649658203125,69.18516540527344,0,251845.76641845703,251287.2012939453,0,34088599552,2147483648,8321323008,0
200,1787751694518,3500,3500,3500,3500,3500,3500,3500,3500,3500,3500,3500,3500,3500,3500,3500,3500,3500,3500,3500,3500,33.15406036376953,0.28493499755859375,17.669479370117188,0.3040618896484375,0.35623931884765625,0.3603363037109375,0.2583160400390625,2.8738555908203125,2.8670654296875,2.8452911376953125,2.8847885131835938,0.2927703857421875,10.81329345703125,0.30216217041015625,0.33316802978515625,0.32688140869140625,0.2993621826171875,0.34161376953125,0.2441864013671875,45.60140609741211,0,251855.65460205078,251294.95568847656,0,34088599552,2147483648,8321343488,0
199,1787751694718,3500,3500,3500,3500,3500,3500,3500,3500,3500,3500,3500,3500,3500,3500,3500,3500,3500,3500,3500,3500,16.616989135742188,0.32627105712890625,61.24437713623047,0.1265869140625,0.31818389892578125,0.43180084228515625,0.34568023681640625,0.473663330078125,0.2598114013671875,0.29224395751953125,0.2343597412109375,0.30721282958984375,8.222175598144531,0.2783203125,0.3010711669921875,0.286651611328125,0.29024505615234375,0.31549072265625,0.3251190185546875,21.061477661132813,0,251864.8013305664,251301.98828125,0,34088599552,2147483648,8321486848,0
200,1787751694918,3500,3500,3500,3500,3500,3500,3500,3500,3500,3500,3500,3500,3500,3500,3500,3500,3500,3500,3500,3500,26.709732055664063,0.2415771484375,35.62339782714844,0.2314300537109375,0.39565277099609375,2.9138336181640625,0.35861968994140625,0.40999603271484375,0.31554412841796875,0.29070281982421875,0.294952392578125,2.83917236328125,13.662338256835938,0.32538604736328125,2.829132080078125,2.8172836303710938,0.31044769287109375,0.31989288330078125,0.2490234375,31.48712921142578,0,251874.10968017578,251309.16705322266,0,34088599552,2147483648,8321486848,0
199,1787751695119,3500,3500,3500,3500,3500,3500,3500,3500,3500,3500,3500,3500,3500,3500,3500,3500,3500,3500,3500,3500,33.95954895019531,2.7399978637695313,47.010318756103516,0.17652130126953125,0.33177947998046875,0.27801513671875,2.775543212890625,0.3348236083984375,0.28375244140625,0.2881011962890625,0.2216033935546875,0.31640625,8.256942749023438,0.2939910888671875,0.34265899658203125,0.32004547119140625,0.283355712890625,0.258544921875,2.7342071533203125,22.368240356445313,0,251882.97326660156,251315.9122314453,0,34088599552,2147483648,8323923968,0
200,1787751695319,3500,3500,3500,3500,3500,3500,3500,3500,3500,3500,3500,3500,3500,3500,3500,3500,3500,3500,3500,3500,24.53430938720703,0.2685394287109375,42.22593307495117,2.7366943359375,3.1259918212890625,0.32721710205078125,0.26434326171875,0.28403472900390625,0.30023193359375,1.1324920654296875,0.2969818115234375,0.31017303466796875,0.6191024780273438,2.8322601318359375,0.40838623046875,0.393341064453125,2.8109664916992188,2.8632965087890625,0.2730865478515625,41.63471984863281,0,251892.3807373047,251323.19482421875,0,34088599552,2147483648,8324382720,0
200,1787751695519,3500,3500,3500,3500,3500,3500,3500,3500,3500,3500,3500,3500,3500,3500,3500,3500,3500,3500,3500,3500,38.9412727355957,0.21387481689453125,47.362876892089844,0.183502197265625,0.3603515625,0.3085479736328125,0.31264495849609375,2.8232192993164063,2.7847061157226563,3.7003936767578125,2.8514480590820313,0.235107421875,10.554290771484375,0.25234222412109375,0.40012359619140625,0.38358306884765625,0.3246307373046875,0.285614013671875,0.2478485107421875,11.158645629882813,0,251899.73962402344,251328.4243774414,0,34088599552,2147483648,8324534272,0
200,1787751695719,3500,3500,3500,3500,3500,3500,3500,3500,3500,3500,3500,3500,3500,3500,3500,3500,3500,3500,3500,3500,39.80613708496094,0.25240325927734375,38.65547180175781,0.2147369384765625,0.23628997802734375,0.33672332763671875,0.234344482421875,0.3304901123046875,0.2760009765625,0.23169708251953125,0.3344268798828125,0.37090301513671875,8.6033935546875,0.260589599609375,0.39330291748046875,0.393402099609375,0.29062652587890625,0.296112060546875,0.2245635986328125,18.195350646972656,0,251907.22161865234,251333.79083251953,0,34088599552,2147483648,8324513792,0
200,1787751695919,3500,3500,3500,3500,3500,3500,3500,3500,3500,3500,3500,3500,3500,3500,3500,3500,3500,3500,3500,3500,28.35717010498047,0.20320892333984375,27.979339599609375,0.15073394775390625,0.32275390625,2.830108642578125,0.3430938720703125,0.24608612060546875,0.237640380859375,0.26152801513671875,0.2024078369140625,2.7273025512695313,32.73827362060547,0.1821136474609375,6.4478607177734375,2.7841796875,0.247589111328125,0.24639129638671875,0.1732177734375,33.62956237792969,0,251914.37615966797,251338.7940673828,0,34088599552,2147483648,8326258688,0
200,1787751696120,3500,3500,3500,3500,3500,3500,3500,3500,3500,3500,3500,3500,3500,3500,3500,3500,3500,3500,3500,3500,41.52509689331055,2.7726211547851563,40.37175369262695,0.2371826171875,0.507843017578125,0.4021759033203125,3.0455780029296875,0.42258453369140625,0.336669921875,0.30777740478515625,0.3147125244140625,0.32529449462890625,8.228668212890625,0.3103790283203125,0.35013580322265625,0.335723876953125,0.33032989501953125,0.34026336669921875,2.8220138549804688,20.457733154296875,0,251922.61193847656,251344.89666748047,0,34088599552,2147483648,8326524928,0
200,1787751696320,3500,3500,3500,3500,3500,3500,3500,3500,3500,3500,3500,3500,3500,3500,3500,3500,3500,3500,3500,3500,26.755096435546875,0.2623748779296875,10.370712280273438,2.7914581298828125,3.0169754028320313,0.358978271484375,0.384552001953125,0.34539031982421875,0.272369384765625,0.956756591796875,0.27276611328125,0.3397979736328125,8.478172302246094,2.8626861572265625,0.30008697509765625,0.2993927001953125,2.8111419677734375,2.822479248046875,0.19464874267578125,61.983367919921875,0,251932.46685791016,251352.6397705078,0,34088599552,2147483648,8326918144,0
200,1787751696521,3500,3500,3500,3500,3500,3500,3500,3500,3500,3500,3500,3500,3500,3500,3500,3500,3500,3500,3500,3500,36.9305534362793,0.1940155029296875,39.413307189941406,0.1787109375,0.26851654052734375,0.28845977783203125,0.28830718994140625,2.7362060546875,2.757904052734375,2.7679214477539063,2.7341690063476563,0.2570953369140625,10.707435607910156,0.34091949462890625,0.32590484619140625,0.28830718994140625,0.27703857421875,0.2928009033203125,0.204742431640625,22.871437072753906,0,251941.84637451172,251359.86376953125,0,34088599552,2147483648,8328097792,0
200,1787751696721,3500,3500,3500,3500,3500,3500,3500,3500,3500,3500,3500,3500,3500,3500,3500,3500,3500,3500,3500,3500,33.2491455078125,0.22541046142578125,42.18069076538086,0.2236175537109375,0.40106201171875,0.24068450927734375,0.3418121337890625,0.2830657958984375,0.33417510986328125,0.34575653076171875,0.34021759033203125,0.25096893310546875,0.370513916015625,0.2858123779296875,0.4139404296875,0.40210723876953125,0.29334259033203125,0.31580352783203125,0.2142333984375,29.63306427001953,0,251952.43267822266,251368.34497070313,0,34088599552,2147483648,8328097792,0
199,1787751696921,3500,3500,3500,3500,3500,3500,3500,3500,3500,3500,3500,3500,3500,3500,3500,3500,3500,3500,3500,3500,45.715599060058594,0.25569915771484375,40.20981979370117,0.27211761474609375,0.45717620849609375,2.91461181640625,0.376708984375,0.30047607421875,0.316253662109375,0.332977294921875,0.324737548828125,2.806976318359375,8.381248474121094,0.35419464111328125,2.9595870971679688,1.0422592163085938,0.3846435546875,0.315704345703125,0.3291778564453125,12.437614440917969,0,251961.01983642578,251374.79821777344,0,34088599552,2147483648,8328081408,0
200,1787751697121,3500,3500,3500,3500,3500,3500,3500,3500,3500,3500,3500,3500,3500,3500,3500,3500,3500,3500,3500,3500,34.37749481201172,2.713531494140625,45.124671936035156,0.22187042236328125,0.36151123046875,0.31618499755859375,2.9087600708007813,0.27889251708984375,0.26605224609375,0.33477783203125,0.2403564453125,0.34146881103515625,6.542106628417969,0.27724456787109375,0.377105712890625,2.2691497802734375,0.2798919677734375,0.28958892822265625,2.786407470703125,21.814437866210938,0,251969.7866821289,251381.45642089844,0,34088599552,2147483648,8328282112,0
199,1787751697322,3500,3500,3500,3500,3500,3500,3500,3500,3500,3500,3500,3500,3500,3500,3500,3500,3500,3500,3500,3500,16.752716064453125,0.2602386474609375,54.56108093261719,2.7119522094726563,2.786468505859375,0.199798583984375,0.24466705322265625,0.25295257568359375,0.29108428955078125,0.9390411376953125,0.24941253662109375,0.2475128173828125,10.357078552246094,2.7569732666015625,0.43083953857421875,0.42978668212890625,2.7695999145507813,2.8088302612304688,0.23339080810546875,31.238784790039063,0,251980.10272216797,251389.62396240234,0,34088599552,2147483648,8329179136,0
200,1787751697522,3500,3500,3500,3500,3500,3500,3500,3500,3500,3500,3500,3500,3500,3500,3500,3500,3500,3500,3500,3500,10.484542846679688,0.2646942138671875,66.91431427001953,0.19071197509765625,0.31963348388671875,0.294586181640625,0.2887420654296875,2.8968887329101563,2.8413009643554688,2.851348876953125,2.7843170166015625,0.3018341064453125,8.127685546875,0.304534912109375,0.53173828125,0.5307388305664063,0.31583404541015625,0.3228302001953125,0.27944183349609375,18.90277099609375,0,251988.70013427734,251396.11004638672,0,34088599552,2147483648,8329170944,0
200,1787751697722,3500,3500,3500,3500,3500,3500,3500,3500,3500,3500,3500,3500,3500,3500,3500,3500,3500,3500,3500,3500,20.44427490234375,0.25482177734375,66.25801086425781,0.1604766845703125,0.4809722900390625,0.35381317138671875,0.36730194091796875,0.47258758544921875,0.2558746337890625,0.3240966796875,0.31301116943359375,0.214019775390625,3.447296142578125,0.390777587890625,0.509246826171875,0.507293701171875,0.3189544677734375,0.28614044189453125,0.25676727294921875,18.116912841796875,0,251998.3065185547,251403.60760498047,0,34088599552,2147483648,8329170944,0
200,1787751697922,3500,3500,3500,3500,3500,3500,3500,3500,3500,3500,3500,3500,3500,3500,3500,3500,3500,3500,3500,3500,32.363494873046875,0.18532562255859375,43.57024002075195,0.15937042236328125,0.39514923095703125,2.8590469360351563,0.31369781494140625,0.4149627685546875,0.2169647216796875,0.26697540283203125,0.25909423828125,2.7263336181640625,0.39270782470703125,0.3515777587890625,2.965057373046875,0.44960784912109375,0.2368316650390625,0.27690887451171875,0.1972503662109375,30.986480712890625,0,252007.33911132813,251410.5167236328,0,34088599552,2147483648,8329170944,0
199,1787751698122,3500,3500,3500,3500,3500,3500,3500,3500,3500,3500,3500,3500,3500,3500,3500,3500,3500,3500,3500,3500,21.02399444580078,2.725250244140625,44.52878189086914,0.16716766357421875,0.30600738525390625,0.39638519287109375,2.8510513305664063,0.3787994384765625,0.25075531005859375,0.30365753173828125,0.2898712158203125,0.2787322998046875,15.967674255371094,0.30565643310546875,0.3751068115234375,2.8368148803710938,0.26883697509765625,0.29381561279296875,1.853790283203125,29.39765167236328,0,252017.1905517578,251418.24688720703,0,34088599552,2147483648,8330276864,0
200,1787751698322,3500,3500,3500,3500,3500,3500,3500,3500,3500,3500,3500,3500,3500,3500,3500,3500,3500,3500,3500,3500,17.198150634765625,0.302276611328125,80.46229553222656,2.7444534301757813,2.8328323364257813,0.341217041015625,0.34311676025390625,0.313873291015625,0.30377197265625,0.5390167236328125,0.33066558837890625,0.3329620361328125,0.43569183349609375,2.8467330932617188,0.43994140625,0.4213409423828125,2.8399810791015625,2.8745193481445313,1.1549072265625,12.274795532226563,0,252027.00366210938,251425.9296875,0,34088599552,2147483648,8330465280,0
200,1787751698523,3500,3500,3500,3500,3500,3500,3500,3500,3500,3500,3500,3500,3500,3500,3500,3500,3500,3500,3500,3500,25.02851104736328,0.30374908447265625,49.2805061340332,0.19524383544921875,0.30748748779296875,0.2087249755859375,0.27133941650390625,2.8143539428710938,2.7826995849609375,2.7695693969726563,2.7549896240234375,0.32247161865234375,0.31752777099609375,0.29630279541015625,0.39801788330078125,0.3967742919921875,0.4021148681640625,0.41080474853515625,0.23429107666015625,30.748153686523438,0,252035.67950439453,251432.49212646484,0,34088599552,2147483648,8330448896,0
200,1787751698723,3500,3500,3500,3500,3500,3500,3500,3500,3500,3500,3500,3500,3500,3500,3500,3500,3500,3500,3500,3500,12.936111450195313,0.2470703125,46.087162017822266,0.1920318603515625,0.30999755859375,0.230194091796875,0.20067596435546875,0.26325225830078125,0.220001220703125,0.20381927490234375,0.31414794921875,0.27658843994140625,2.8640670776367188,0.253265380859375,0.35724639892578125,0.37018585205078125,0.2682952880859375,0.33786773681640625,0.1524810791015625,49.2211799621582,0,252045.95977783203,251440.63244628906,0,34088599552,2147483648,8330784768,0
200,1787751698923,3500,3500,3500,3500,3500,3500,3500,3500,3500,3500,3500,3500,3500,3500,3500,3500,3500,3500,3500,3500,22.83417510986328,0.27870941162109375,55.27494430541992,0.202545166015625,0.33451080322265625,2.847137451171875,0.31439971923828125,0.33441162109375,0.32083892822265625,3.067901611328125,0.27246856689453125,2.8230819702148438,15.927772521972656,0.28015899658203125,2.9276962280273438,0.42046356201171875,0.41107940673828125,0.43503570556640625,0.27336883544921875,13.279731750488281,0,252055.26275634766,251447.8133544922,0,34088599552,2147483648,8331046912,0
200,1787751699123,3500,3500,3500,3500,3500,3500,3500,3500,3500,3500,3500,3500,3500,3500,3500,3500,3500,3500,3500,3500,16.167633056640625,2.7712326049804688,14.206687927246094,0.19803619384765625,0.2892913818359375,0.2176666259765625,2.76983642578125,0.288543701171875,0.31970977783203125,0.2237091064453125,0.2485809326171875,0.2933349609375,39.28282928466797,0.20403289794921875,0.3614654541015625,2.8992462158203125,0.35976409912109375,0.363311767578125,0.20093536376953125,38.18180847167969,0,252065.25415039063,251455.6864013672,0,34088599552,2147483648,8331177984,0
199,1787751699324,3500,3500,3500,3500,3500,3500,3500,3500,3500,3500,3500,3500,3500,3500,3500,3500,3500,3500,3500,3500,29.539100646972656,0.24056243896484375,55.59461975097656,2.67572021484375,2.999664306640625,0.26659393310546875,0.2930755615234375,0.23107147216796875,0.31140899658203125,0.41562652587890625,0.19525146484375,0.28807830810546875,16.401329040527344,2.7673492431640625,0.364166259765625,0.340087890625,2.80072021484375,2.7930755615234375,2.8097152709960938,7.010490417480469,0,252074.61053466797,251462.9132080078,0,34088599552,2147483648,8331374592,0
200,1787751699524,3500,3500,3500,3500,3500,3500,3500,3500,3500,3500,3500,3500,3500,3500,3500,3500,3500,3500,3500,3500,28.088096618652344,0.23876190185546875,44.06371307373047,0.21137237548828125,0.30333709716796875,0.30698394775390625,0.34526824951171875,2.8440628051757813,2.9079437255859375,2.8333740234375,0.9095001220703125,0.34542083740234375,1.710601806640625,0.3181304931640625,0.30898284912109375,0.2874908447265625,0.30358123779296875,0.3076324462890625,0.2183685302734375,44.10904312133789,0,252084.14868164063,251470.3028564453,0,34088599552,2147483648,8332611584,0
200,1787751699724,3500,3500,3500,3500,3500,3500,3500,3500,3500,3500,3500,3500,3500,3500,3500,3500,3500,3500,3500,3500,46.78907012939453,0.19351959228515625,39.39715576171875,0.19940948486328125,0.49193572998046875,0.37682342529296875,0.5052032470703125,0.37403106689453125,0.28668975830078125,0.27811431884765625,2.1409683227539063,0.32469940185546875,11.288604736328125,0.3030548095703125,0.3099365234375,0.31671905517578125,0.354522705078125,0.382110595703125,0.239013671875,10.958915710449219,0,252092.24975585938,251476.29327392578,0,34088599552,2147483648,8332578816,0
200,1787751699925,3500,3500,3500,3500,3500,3500,3500,3500,3500,3500,3500,3500,3500,3500,3500,3500,3500,3500,3500,3500,26.814285278320313,0.20703887939453125,68.47053527832031,0.145660400390625,0.4557952880859375,2.8612899780273438,0.47022247314453125,0.3553466796875,0.27400970458984375,0.3420257568359375,0.30190277099609375,2.883148193359375,0.36492919921875,0.28513336181640625,2.8066024780273438,0.26937103271484375,0.330047607421875,0.30280303955078125,0.21811676025390625,11.18304443359375,0,252099.0196533203,251481.09313964844,0,34088599552,2147483648,8332648448,0
200,1787751700125,3500,3500,3500,3500,3500,3500,3500,3500,3500,3500,3500,3500,3500,3500,3500,3500,3500,3500,3500,3500,32.00525665283203,2.769866943359375,42.949222564697266,0.19031524658203125,0.46877288818359375,0.39177703857421875,3.010101318359375,0.39267730712890625,0.37543487548828125,0.386077880859375,0.364044189453125,0.49090576171875,0.4473876953125,0.30184173583984375,8.147109985351563,2.8281784057617188,0.3241729736328125,0.3645477294921875,0.2109527587890625,27.498153686523438,0,252107.59448242188,251487.8116455078,0,34088599552,2147483648,8332779520,0
200,1787751700325,3500,3500,3500,3500,3500,3500,3500,3500,3500,3500,3500,3500,3500,3500,3500,3500,3500,3500,3500,3500,18.338890075683594,0.2178192138671875,35.18125915527344,2.7561187744140625,3.219696044921875,0.41158294677734375,0.4875335693359375,0.385986328125,0.3461151123046875,0.46422576904296875,0.358734130859375,0.4921722412109375,4.415924072265625,2.837158203125,0.4247589111328125,0.28104400634765625,2.9978408813476563,2.9379119873046875,2.696441650390625,57.37199401855469,0,252117.95764160156,251495.82373046875,0,34088599552,2147483648,8336596992,0
200,1787751700526,3500,3500,3500,3500,3500,3500,3500,3500,3500,3500,3500,3500,3500,3500,3500,3500,3500,3500,3500,3500,40.252197265625,0.20537567138671875,47.363059997558594,0.18316650390625,0.33290863037109375,0.39557647705078125,0.43035888671875,2.9153366088867188,2.8813095092773438,2.8912887573242188,0.2592620849609375,0.324676513671875,1.2491531372070313,0.2492828369140625,0.2744293212890625,0.2711334228515625,0.29044342041015625,0.27523040771484375,0.19659423828125,16.065093994140625,0,252126.3257446289,251501.8646850586,0,34088599552,2147483648,8336859136,0
200,1787751700726,3500,3500,3500,3500,3500,3500,3500,3500,3500,3500,3500,3500,3500,3500,3500,3500,3500,3500,3500,3500,48.058860778808594,0.2093353271484375,11.870048522949219,0.27475738525390625,0.471954345703125,0.38976287841796875,0.510711669921875,0.43035888671875,0.28543853759765625,0.3023681640625,2.8394317626953125,0.26291656494140625,9.95245361328125,0.36869049072265625,0.298828125,0.333831787109375,0.35825347900390625,0.29932403564453125,0.2362060546875,39.15544128417969,0,252134.90008544922,251508.31420898438,0,34088599552,2147483648,8336822272,0
200,1787751700926,3500,3500,3500,3500,3500,3500,3500,3500,3500,3500,3500,3500,3500,3500,3500,3500,3500,3500,3500,3500,36.639892578125,0.20784759521484375,30.817092895507813,0.25305938720703125,0.32372283935546875,2.8563308715820313,0.4343109130859375,0.34069061279296875,0.26413726806640625,0.280059814453125,0.27336883544921875,2.7860641479492188,7.6433258056640625,0.3531646728515625,0.4455413818359375,0.29213714599609375,1.0609512329101563,0.28000640869140625,0.24602508544921875,37.52902603149414,0,252143.23455810547,251514.5219116211,0,34088599552,2147483648,8339185664,0
200,1787751701127,3500,3500,3500,3500,3500,3500,3500,3500,3500,3500,3500,3500,3500,3500,3500,3500,3500,3500,3500,3500,20.509078979492188,2.7011337280273438,56.96942138671875,0.1132354736328125,0.25608062744140625,0.30886077880859375,2.8415298461914063,0.2313690185546875,0.23870849609375,0.214691162109375,0.179046630859375,0.1874847412109375,9.845252990722656,0.21863555908203125,18.5428466796875,2.7079238891601563,0.19252777099609375,0.20446014404296875,0.23076629638671875,9.616630554199219,0,252153.1971435547,251522.34161376953,0,34088599552,2147483648,8341127168,0
200,1787751701327,3500,3500,3500,3500,3500,3500,3500,3500,3500,3500,3500,3500,3500,3500,3500,3500,3500,3500,3500,3500,29.11249542236328,0.3213043212890625,69.01280975341797,2.8000030517578125,3.2370681762695313,0.423248291015625,0.44469451904296875,0.388885498046875,0.39122772216796875,0.7298355102539063,0.3614044189453125,0.447540283203125,0.45965576171875,2.9608535766601563,0.4095306396484375,0.42169952392578125,2.9283828735351563,2.9445953369140625,2.89337158203125,9.893142700195313,0,252163.1251220703,251530.14935302734,0,34088599552,2147483648,8341778432,0
200,1787751701527,3500,3500,3500,3500,3500,3500,3500,3500,3500,3500,3500,3500,3500,3500,3500,3500,3500,3500,3500,3500,41.19444274902344,0.16016387939453125,30.211524963378906,0.18769073486328125,0.17729949951171875,0.2261505126953125,0.232147216796875,2.8056640625,2.7955245971679688,2.776885986328125,0.1830902099609375,0.21511077880859375,0.355987548828125,0.24788665771484375,0.25518035888671875,0.267669677734375,0.24573516845703125,0.27361297607421875,0.1972808837890625,31.95745849609375,0,252172.3480834961,251537.25512695313,0,34088599552,2147483648,8341757952,0
199,1787751701727,3500,3500,3500,3500,3500,3500,3500,3500,3500,3500,3500,3500,3500,3500,3500,3500,3500,3500,3500,3500,24.174232482910156,0.277557373046875,39.9896354675293,0.234466552734375,0.2623291015625,0.274261474609375,0.3159027099609375,0.250946044921875,0.2355194091796875,0.3102569580078125,2.8216476440429688,0.2577362060546875,25.67066192626953,0.3065185546875,0.27526092529296875,0.29857635498046875,0.28514862060546875,0.31719970703125,0.228973388671875,23.396041870117188,0,252181.5043334961,251544.26275634766,0,34088599552,2147483648,8343310336,0
200,1787751701927,3500,3500,3500,3500,3500,3500,3500,3500,3500,3500,3500,3500,3500,3500,3500,3500,3500,3500,3500,3500,43.229454040527344,0.2332000732421875,48.0297737121582,0.2382965087890625,0.2954864501953125,2.8375930786132813,0.37921905517578125,0.30658721923828125,0.30013275146484375,0.34822845458984375,0.31838226318359375,2.8337936401367188,0.4008636474609375,0.366668701171875,0.33797454833984375,0.30908203125,0.41956329345703125,0.42041015625,0.31642913818359375,15.764610290527344,0,252190.3055419922,251550.9599609375,0,34088599552,2147483648,8343310336,0
199,1787751702128,3500,3500,3500,3500,3500,3500,3500,3500,3500,3500,3500,3500,3500,3500,3500,3500,3500,3500,3500,3500,32.230979919433594,2.8016891479492188,32.32673645019531,0.2280731201171875,0.24428558349609375,0.29236602783203125,2.8476715087890625,0.24517822265625,0.33106231689453125,0.24597930908203125,0.24074554443359375,0.23740386962890625,11.922836303710938,0.28588104248046875,2.8201370239257813,2.7869720458984375,0.39191436767578125,0.39166259765625,0.2025909423828125,31.471542358398438,0,252199.39025878906,251557.92498779297,0,34088599552,2147483648,8343441408,0
200,1787751702328,3500,3500,3500,3500,3500,3500,3500,3500,3500,3500,3500,3500,3500,3500,3500,3500,3500,3500,3500,3500,34.54589080810547,0.18271636962890625,30.75164794921875,2.7425537109375,0.2858428955078125,0.2434539794921875,0.27274322509765625,0.281097412109375,0.3022918701171875,0.4449615478515625,0.3090362548828125,0.22150421142578125,13.872444152832031,2.7679519653320313,0.2901458740234375,0.28484344482421875,2.9019241333007813,2.8893280029296875,2.8018951416015625,29.23455047607422,0,252209.0626220703,251565.48010253906,0,34088599552,2147483648,8344084480,0
200,1787751702528,3500,3500,3500,3500,3500,3500,3500,3500,3500,3500,3500,3500,3500,3500,3500,3500,3500,3500,3500,3500,24.76897430419922,0.20899200439453125,35.10210418701172,0.16498565673828125,2.7639617919921875,0.26157379150390625,0.2894134521484375,2.839691162109375,2.7652053833007813,2.76416015625,0.213531494140625,0.314208984375,7.807350158691406,0.25080108642578125,41.28403091430664,0.2018585205078125,0.2879180908203125,0.32822418212890625,0.18773651123046875,23.033248901367188,0,252219.96221923828,251574.212890625,0,34088599552,2147483648,8345767936,0
201,1787751702729,3500,3500,3500,3500,3500,3500,3500,3500,3500,3500,3500,3500,3500,3500,3500,3500,3500,3500,3500,3500,26.130760192871094,0.31433868408203125,16.839523315429688,0.27794647216796875,0.42403411865234375,0.393524169921875,0.52642822265625,0.5026626586914063,0.31269073486328125,0.2620697021484375,2.825775146484375,0.36277008056640625,33.82493591308594,0.2999114990234375,5.8060760498046875,0.32862091064453125,0.381591796875,0.37115478515625,0.265411376953125,25.768394470214844,0,252230.35192871094,251582.4683227539,0,34088599552,2147483648,8345755648,0
200,1787751702930,3500,3500,3500,3500,3500,3500,3500,3500,3500,3500,3500,3500,3500,3500,3500,3500,3500,3500,3500,3500,18.03759002685547,0,40.08999252319336,0,0,1.8424911499023438,0,0,0,0,0,1.8146514892578125,6.89300537109375,0,0,0,0,0,0,37.72797393798828,0,252239.521484375,251589.50030517578,0,34088599552,2147483648,8345759744,0
200,1787751703130,3500,3500,3500,3500,3500,3500,3500,3500,3500,3500,3500,3500,3500,3500,3500,3500,3500,3500,3500,3500,22.042274475097656,2.8075180053710938,29.3658447265625,0.26581573486328125,0.5108795166015625,0.5036087036132813,3.06561279296875,0.5139312744140625,0.30640411376953125,0.3450927734375,0.30199432373046875,0.31978607177734375,0.5068206787109375,0.406890869140625,2.89471435546875,2.8578338623046875,0.40433502197265625,0.42267608642578125,0.2556915283203125,56.749671936035156,0,252247.1668701172,251595.0528564453,0,34088599552,2147483648,8345890816,0
199,1787751703331,3500,3500,3500,3500,3500,3500,3500,3500,3500,3500,3500,3500,3500,3500,3500,3500,3500,3500,3500,3500,17.364822387695313,0.23956298828125,57.032867431640625,0.14630126953125,0.40827178955078125,0.4523773193359375,0.3856658935546875,0.3978424072265625,0.284423828125,0.44654083251953125,0.22284698486328125,0.23746490478515625,8.647453308105469,2.8023452758789063,0.31884765625,0.274688720703125,2.870758056640625,2.8972091674804688,2.7569427490234375,32.11885070800781,0,252256.18951416016,251601.9249267578,0,34088599552,2147483648,8348536832,0
200,1787751703531,3500,3500,3500,3500,3500,3500,3500,3500,3500,3500,3500,3500,3500,3500,3500,3500,3500,3500,3500,3500,1.925506591796875,0.3654022216796875,100,2.6831893920898438,2.8287124633789063,0.330322265625,0.32447052001953125,2.8252639770507813,2.8282623291015625,2.8085250854492188,0.2841949462890625,0.2694549560546875,0.5090255737304688,0.3454132080078125,0.44525909423828125,0.3121795654296875,0.43346405029296875,0.4281158447265625,0.30648040771484375,0.319976806640625,0,252264.17462158203,251607.80072021484,0,34088599552,2147483648,8348516352,0
200,1787751703731,3500,3500,3500,3500,3500,3500,3500,3500,3500,3500,3500,3500,3500,3500,3500,3500,3500,3500,3500,3500,27.494644165039063,0.216552734375,26.914398193359375,0.27364349365234375,0.29022216796875,0.21385955810546875,0.24332427978515625,0.32068634033203125,0.26055908203125,0.3110504150390625,2.7800674438476563,0.26415252685546875,29.665794372558594,0.23174285888671875,23.96247100830078,0.2329864501953125,0.40924072265625,0.375823974609375,0.28627777099609375,0.3105010986328125,0,252272.90576171875,251614.42010498047,0,34088599552,2147483648,8348475392,0
199,1787751703931,3500,3500,3500,3500,3500,3500,3500,3500,3500,3500,3500,3500,3500,3500,3500,3500,3500,3500,3500,3500,31.507156372070313,0.17400360107421875,41.04400634765625,0.152435302734375,2.9377593994140625,2.7349395751953125,0.2274322509765625,0.22533416748046875,0.32019805908203125,0.22698211669921875,0.277008056640625,2.7028350830078125,33.813507080078125,0.1969757080078125,0.258636474609375,0.2772064208984375,0.25139617919921875,0.25518798828125,0.26772308349609375,0.2137451171875,0,252280.44012451172,251619.82623291016,0,34088599552,2147483648,8349069312,0
200,1787751704131,3500,3500,3500,3500,3500,3500,3500,3500,3500,3500,3500,3500,3500,3500,3500,3500,3500,3500,3500,3500,19.1348876953125,2.8628158569335938,50.605682373046875,0.23653411865234375,5.999702453613281,0.31256103515625,2.9049530029296875,0.31186676025390625,0.32691192626953125,0.3050689697265625,4.351104736328125,0.30861663818359375,48.3672981262207,0.25502777099609375,4.636322021484375,2.8977508544921875,1.9962539672851563,0.31076812744140625,0.32201385498046875,2.834869384765625,0,252289.23419189453,251626.46893310547,0,34088599552,2147483648,8353730560,0
200,1787751704332,3500,3500,3500,3500,3500,3500,3500,3500,3500,3500,3500,3500,3500,3500,3500,3500,3500,3500,3500,3500,27.91736602783203,0.24732208251953125,68.10128784179688,0.211395263671875,1.006866455078125,0.45352935791015625,0.5126113891601563,0.30401611328125,0.3656463623046875,0.22975921630859375,1.1505889892578125,0.3951416015625,81.12569427490234,2.71337890625,1.8643646240234375,0.356964111328125,16.058021545410156,2.8097000122070313,2.9865570068359375,0.28939056396484375,0,252300.09600830078,251635.1583251953,0,34088599552,2147483648,8370130944,0
200,1787751704532,3500,3500,3500,3500,3500,3500,3500,3500,3500,3500,3500,3500,3500,3500,3500,3500,3500,3500,3500,3500,31.4075927734375,0.225921630859375,48.95161056518555,2.6689529418945313,2.7998733520507813,0.2320556640625,0.19812774658203125,0.22437286376953125,2.82696533203125,2.7697906494140625,0.2100982666015625,0.24987030029296875,42.401737213134766,0.18505859375,0.748504638671875,0.2375946044921875,23.636070251464844,0.26548004150390625,0.29537200927734375,0.2577972412109375,0,252309.74005126953,251642.6293334961,0,34088599552,2147483648,8372908032,0
199,1787751704733,3500,3500,3500,3500,3500,3500,3500,3500,3500,3500,3500,3500,3500,3500,3500,3500,3500,3500,3500,3500,28.70958709716797,0.285186767578125,25.04467010498047,0.28713226318359375,0.3488922119140625,0.325927734375,0.344696044921875,2.8480987548828125,0.39797210693359375,0.31928253173828125,2.8756103515625,0.28234100341796875,73.14496612548828,0.21408843994140625,27.065826416015625,0.31574249267578125,0.599578857421875,0.3892822265625,0.33396148681640625,0.4210357666015625,0,252319.13116455078,251649.8276977539,0,34088599552,2147483648,8371347456,0
200,1787751704933,3500,3500,3500,3500,3500,3500,3500,3500,3500,3500,3500,3500,3500,3500,3500,3500,3500,3500,3500,3500,36.5101318359375,0.234283447265625,49.8004264831543,0.16007232666015625,0.314544677734375,0.26436614990234375,0.3645172119140625,0.30744171142578125,0.45667266845703125,0.36971282958984375,0.45487213134765625,3.0057830810546875,63.1253547668457,0.198699951171875,0.4840087890625,0.2946014404296875,0.35277557373046875,0.32228851318359375,0.285552978515625,0.30814361572265625,0,252326.65533447266,251655.1688232422,0,34088599552,2147483648,8374042624,0
200,1787751705133,3500,3500,3500,3500,3500,3500,3500,3500,3500,3500,3500,3500,3500,3500,3500,3500,3500,3500,3500,3500,17.755760192871094,2.7638015747070313,65.23286437988281,0.21677398681640625,0.2669219970703125,2.7761383056640625,2.7067642211914063,0.2372589111328125,0.42920684814453125,0.49109649658203125,0.47615814208984375,0.519866943359375,46.20820617675781,0.207733154296875,13.955177307128906,2.809906005859375,15.665916442871094,0.2952423095703125,0.31867218017578125,2.8063125610351563,0,252336.38903808594,251662.72088623047,0,34088599552,2147483648,8375480320,0
200,1787751705333,3500,3500,3500,3500,3500,3500,3500,3500,3500,3500,3500,3500,3500,3500,3500,3500,3500,3500,3500,3500,30.784957885742188,0.27349853515625,27.460372924804688,0.222564697265625,0.4278411865234375,0.21881866455078125,0.39508819580078125,0.24977874755859375,0.35369110107421875,0.39104461669921875,1.8889999389648438,0.5045928955078125,64.40228271484375,2.7399444580078125,32.244712829589844,0.22910308837890625,0.5832443237304688,2.9272537231445313,2.8278274536132813,0.28427886962890625,0,252344.7666015625,251668.9178466797,0,34088599552,2147483648,8376688640,0
200,1787751705533,3500,3500,3500,3500,3500,3500,3500,3500,3500,3500,3500,3500,3500,3500,3500,3500,3500,3500,3500,3500,15.791412353515625,0.2177734375,68.31048583984375,2.7222061157226563,2.9219512939453125,0.38269805908203125,0.3551788330078125,0.32605743408203125,0.4501800537109375,2.9059677124023438,0.37955474853515625,0.48409271240234375,63.15651321411133,0.2229156494140625,23.808494567871094,0.25937652587890625,2.7729568481445313,0.3969879150390625,0.29848480224609375,0.32471466064453125,0,252355.30541992188,251677.25317382813,0,34088599552,2147483648,8380424192,0
200,1787751705734,3500,3500,3500,3500,3500,3500,3500,3500,3500,3500,3500,3500,3500,3500,3500,3500,3500,3500,3500,3500,23.28070068359375,0.2513580322265625,29.4837646484375,0.25315093994140625,0.338134765625,0.27046966552734375,0.27056884765625,2.8199310302734375,2.8229293823242188,0.3692779541015625,2.7655410766601563,0.29981231689453125,34.16071319580078,0.231201171875,67.1604995727539,0.21273040771484375,0.3629913330078125,0.3735198974609375,0.3153839111328125,0.310394287109375,0,252365.5259399414,251685.3409423828,0,34088599552,2147483648,8378105856,0
200,1787751705934,3500,3500,3500,3500,3500,3500,3500,3500,3500,3500,3500,3500,3500,3500,3500,3500,3500,3500,3500,3500,42.4361572265625,0.29586029052734375,23.13050079345703,0.19976806640625,0.268402099609375,0.2606658935546875,0.28777313232421875,0.33734130859375,0.29421234130859375,0.293060302734375,0.2921142578125,2.831451416015625,80.1275405883789,0.18958282470703125,0.3830108642578125,0.34572601318359375,0.34243011474609375,0.41082000732421875,0.32386016845703125,0.31797027587890625,0,252374.29302978516,251692.0599975586,0,34088599552,2147483648,8379006976,0
200,1787751706134,3500,3500,3500,3500,3500,3500,3500,3500,3500,3500,3500,3500,3500,3500,3500,3500,3500,3500,3500,3500,35.61878967285156,2.8011703491210938,57.16355514526367,0.19210052490234375,0.32940673828125,2.8594589233398438,0.30448150634765625,0.31097412109375,0.46656036376953125,0.35872650146484375,0.3847503662109375,0.4761505126953125,63.6976203918457,0.2080841064453125,6.9406890869140625,2.7946243286132813,0.376708984375,0.29354095458984375,0.28485107421875,2.8024215698242188,0,252384.7860107422,251700.3927001953,0,34088599552,2147483648,8380620800,0
200,1787751706335,3500,3500,3500,3500,3500,3500,3500,3500,3500,3500,3500,3500,3500,3500,3500,3500,3500,3500,3500,3500,23.675933837890625,0.28490447998046875,33.07359313964844,0.2210845947265625,0.49585723876953125,0.33060455322265625,2.83087158203125,0.3099517822265625,0.3781585693359375,0.376861572265625,0.722137451171875,0.5202560424804688,71.5994644165039,2.7401046752929688,18.013702392578125,0.253570556640625,21.361038208007813,2.814453125,2.844390869140625,0.3070068359375,0,252396.94354248047,251710.11737060547,0,34088599552,2147483648,8382025728,0
200,1787751706535,3500,3500,3500,3500,3500,3500,3500,3500,3500,3500,3500,3500,3500,3500,3500,3500,3500,3500,3500,3500,38.54033279418945,0.204132080078125,9.566070556640625,2.7329635620117188,4.6457061767578125,0.3064727783203125,0.29135894775390625,0.277099609375,0.3094635009765625,2.7832870483398438,0.3332061767578125,0.291656494140625,56.18275833129883,0.22762298583984375,60.193878173828125,0.20827484130859375,2.9014892578125,0.379638671875,0.274749755859375,0.29969024658203125,0,252408.32623291016,251719.30493164063,0,34088599552,2147483648,8375828480,0
200,1787751706736,3500,3500,3500,3500,3500,3500,3500,3500,3500,3500,3500,3500,3500,3500,3500,3500,3500,3500,3500,3500,24.618759155273438,0.2392425537109375,3.5927963256835938,0.2986907958984375,0.220977783203125,0.2090911865234375,0.2581634521484375,2.8155670166015625,2.8374252319335938,0.3411712646484375,2.8375778198242188,0.3267974853515625,32.579681396484375,0.25382232666015625,100,0.1019287109375,0.2806243896484375,0.26894378662109375,0.26180267333984375,0.28382110595703125,0,252418.91870117188,251727.7075805664,0,34088599552,2147483648,8375631872,0
200,1787751706936,3500,3500,3500,3500,3500,3500,3500,3500,3500,3500,3500,3500,3500,3500,3500,3500,3500,3500,3500,3500,18.88805389404297,0.26866912841796875,4.252540588378906,0.241424560546875,0.31177520751953125,0.316864013671875,0.32883453369140625,0.34690093994140625,0.4840545654296875,0.41574859619140625,0.4296722412109375,3.0316390991210938,42.242645263671875,0.26647186279296875,100,0.148681640625,0.38591766357421875,0.329437255859375,0.3196563720703125,0.33597564697265625,0,252428.54998779297,251735.1669921875,0,34088599552,2147483648,8376467456,0
200,1787751707136,3500,3500,3500,3500,3500,3500,3500,3500,3500,3500,3500,3500,3500,3500,3500,3500,3500,3500,3500,3500,11.407005310058594,2.8031692504882813,27.293899536132813,0.23529052734375,0.27666473388671875,2.8073196411132813,0.2198028564453125,0.23464202880859375,0.37129974365234375,0.4750823974609375,0.3526153564453125,0.482879638671875,73.4176254272461,0.172637939453125,17.532997131347656,2.7987747192382813,54.45368957519531,0.22295379638671875,2.1646499633789063,2.7895278930664063,0,252440.19470214844,251744.59063720703,0,34088599552,2147483648,8377569280,0
200,1787751707336,3500,3500,3500,3500,3500,3500,3500,3500,3500,3500,3500,3500,3500,3500,3500,3500,3500,3500,3500,3500,11.580169677734375,0.2653961181640625,73.58663940429688,0.126953125,0.622344970703125,0.31696319580078125,2.8599700927734375,0.393646240234375,0.3660430908203125,0.3548583984375,0.9570846557617188,0.4981842041015625,87.02027130126953,0.8011245727539063,1.6148300170898438,0.27028656005859375,0.29709625244140625,2.8166351318359375,16.621749877929688,0.2588043212890625,0,252453.6801147461,251755.9239501953,0,34088599552,2147483648,8378765312,0
200,1787751707537,3500,3500,3500,3500,3500,3500,3500,3500,3500,3500,3500,3500,3500,3500,3500,3500,3500,3500,3500,3500,44.926822662353516,0.2546234130859375,19.35218048095703,2.7770843505859375,3.0471649169921875,0.38729095458984375,0.4354705810546875,0.4976654052734375,0.5209121704101563,3.04791259765625,0.51727294921875,0.5248489379882813,92.94709777832031,2.0427474975585938,2.386749267578125,0.3266448974609375,2.8972320556640625,0.3140716552734375,0.3430023193359375,0.35218048095703125,0,252464.01763916016,251764.083984375,0,34088599552,2147483648,8379187200,0
200,1787751707737,3500,3500,3500,3500,3500,3500,3500,3500,3500,3500,3500,3500,3500,3500,3500,3500,3500,3500,3500,3500,35.61809539794922,0.18073272705078125,56.202335357666016,0.1700439453125,0.34798431396484375,0.355072021484375,0.32581329345703125,2.9423675537109375,2.8178558349609375,0.269195556640625,2.7478103637695313,0.24463653564453125,81.34239196777344,0.14199066162109375,3.2077255249023438,0.26151275634765625,0.2599639892578125,0.283477783203125,0.28372955322265625,0.2588653564453125,0,252474.4878540039,251772.3526611328,0,34088599552,2147483648,8380411904,0
200,1787751707938,3500,3500,3500,3500,3500,3500,3500,3500,3500,3500,3500,3500,3500,3500,3500,3500,3500,3500,3500,3500,39.07262420654297,0.28505706787109375,33.55572509765625,0.23976898193359375,0.39105224609375,0.34630584716796875,0.377685546875,0.40152740478515625,0.34311676025390625,0.40715789794921875,0.5174407958984375,2.876861572265625,74.88291931152344,0.20864105224609375,53.40340805053711,0.236724853515625,0.59295654296875,0.3469085693359375,0.35459136962890625,0.3294525146484375,0,252485.89715576172,251781.55072021484,0,34088599552,2147483648,8381317120,0
200,1787751708138,3500,3500,3500,3500,3500,3500,3500,3500,3500,3500,3500,3500,3500,3500,3500,3500,3500,3500,3500,3500,13.185592651367188,2.7954864501953125,71.4227294921875,0.096649169921875,0.136810302734375,2.694244384765625,0.2019195556640625,0.14434814453125,0.18495941162109375,0.17278289794921875,0.19354248046875,0.185455322265625,71.67325592041016,0.07080078125,23.2720947265625,2.6631622314453125,2.5721054077148438,0.1859588623046875,0.2242279052734375,2.7177505493164063,0,252496.05346679688,251789.50518798828,0,34088599552,2147483648,8386576384,0
199,1787751708339,3500,3500,3500,3500,3500,3500,3500,3500,3500,3500,3500,3500,3500,3500,3500,3500,3500,3500,3500,3500,8.088188171386719,0.4016265869140625,79.95994567871094,0.26981353759765625,0.51898193359375,0.3739013671875,2.90850830078125,0.4106597900390625,0.43663787841796875,0.30517578125,2.2343215942382813,0.4634246826171875,61.12641525268555,0.3115081787109375,0.7805633544921875,0.3889617919921875,23.43602752685547,1.72955322265625,2.972442626953125,0.4248199462890625,0,252504.9725341797,251796.24047851563,0,34088599552,2147483648,8384176128,0
200,1787751708539,3500,3500,3500,3500,3500,3500,3500,3500,3500,3500,3500,3500,3500,3500,3500,3500,3500,3500,3500,3500,9.625770568847656,0.2974090576171875,97.8705062866211,2.7251052856445313,3.1389999389648438,0.27520751953125,0.37939453125,0.32100677490234375,0.34365081787109375,0.35160064697265625,2.7359542846679688,0.38959503173828125,64.20213317871094,2.8251953125,2.8417434692382813,0.32175445556640625,5.588798522949219,1.433746337890625,0.36315155029296875,0.3269500732421875,0,252516.7348022461,251805.82104492188,0,34088599552,2147483648,8381214720,0
200,1787751708739,3500,3500,3500,3500,3500,3500,3500,3500,3500,3500,3500,3500,3500,3500,3500,3500,3500,3500,3500,3500,46.46391296386719,0.280364990234375,29.210113525390625,0.2281036376953125,0.2182769775390625,0.3059234619140625,0.280517578125,2.8162002563476563,2.8495407104492188,2.83502197265625,2.8423538208007813,0.241485595703125,76.76654815673828,0.178741455078125,21.32318878173828,0.27492523193359375,0.31076812744140625,0.29180145263671875,0.3064727783203125,0.3164520263671875,0,252526.4034423828,251813.29052734375,0,34088599552,2147483648,8390471680,0
200,1787751708939,3500,3500,3500,3500,3500,3500,3500,3500,3500,3500,3500,3500,3500,3500,3500,3500,3500,3500,3500,3500,16.89147186279297,0.3437957763671875,5.871513366699219,0.2624359130859375,0.35428619384765625,0.40633392333984375,0.3329620361328125,0.36322784423828125,0.26587677001953125,0.328216552734375,0.2498931884765625,0.29199981689453125,62.8954963684082,0.21852874755859375,98.39483642578125,0.1272735595703125,0.2993927001953125,0.3134765625,0.33551025390625,0.28106689453125,0,252535.25244140625,251819.96063232422,0,34088599552,2147483648,8389345280,0
199,1787751709140,3500,3500,3500,3500,3500,3500,3500,3500,3500,3500,3500,3500,3500,3500,3500,3500,3500,3500,3500,3500,36.73948669433594,0,26.756103515625,0,0.11713409423828125,2.7116775512695313,0.12567138671875,0.08914947509765625,0.0453948974609375,0.00064849853515625,0,2.4501571655273438,68.1104507446289,0,20.372802734375,2.4790420532226563,0.008880615234375,0.000701904296875,0,2.5462417602539063,0,252545.68530273438,251828.17211914063,0,34088599552,2147483648,8380403712,0
200,1787751709340,3500,3500,3500,3500,3500,3500,3500,3500,3500,3500,3500,3500,3500,3500,3500,3500,3500,3500,3500,3500,19.79791259765625,3.0714035034179688,49.6612548828125,0.47579193115234375,0.8815765380859375,0.7794036865234375,3.281829833984375,0.6828231811523438,0.6090774536132813,0.5420074462890625,0.6769866943359375,0.9734725952148438,59.287437438964844,0.4861602783203125,14.858444213867188,0.52410888671875,1.0352020263671875,0.7012252807617188,3.0934982299804688,0.579803466796875,0,252553.99920654297,251834.33959960938,0,34088599552,2147483648,8380657664,0
201,1787751709541,3500,3500,3500,3500,3500,3500,3500,3500,3500,3500,3500,3500,3500,3500,3500,3500,3500,3500,3500,3500,28.066078186035156,0.24236297607421875,72.02262878417969,2.6948013305664063,2.813934326171875,0.2124786376953125,0.3295745849609375,0.244110107421875,0.299835205078125,0.24945068359375,0.5171051025390625,0.28417205810546875,33.30840301513672,2.7484817504882813,0.4826812744140625,0.27294921875,2.8152313232421875,2.780059814453125,0.2846221923828125,0.2914581298828125,0,252564.15704345703,251842.32012939453,0,34088599552,2147483648,8380923904,0
201,1787751709742,3500,3500,3500,3500,3500,3500,3500,3500,3500,3500,3500,3500,3500,3500,3500,3500,3500,3500,3500,3500,32.72522735595703,0,21.087936401367188,0,0,0,0,2.3855667114257813,2.3617019653320313,2.4247665405273438,2.4868850708007813,0,79.900146484375,0,0.744903564453125,0,0,0,0,0,0,252572.21350097656,251848.38153076172,0,34088599552,2147483648,8382816256,0
200,1787751709943,3500,3500,3500,3500,3500,3500,3500,3500,3500,3500,3500,3500,3500,3500,3500,3500,3500,3500,3500,3500,27.043983459472656,0.1179046630859375,15.063957214355469,0.06764984130859375,0.355255126953125,0.32424163818359375,0.36266326904296875,0.33780670166015625,0.18053436279296875,0.1105499267578125,0.2969970703125,0.21309661865234375,73.7411880493164,0.01804351806640625,15.701698303222656,0.10821533203125,0.1561279296875,0.17452239990234375,0.16696929931640625,0.20270538330078125,0,252583.02661132813,251856.8472290039,0,34088599552,2147483648,8381190144,0
199,1787751710143,3500,3500,3500,3500,3500,3500,3500,3500,3500,3500,3500,3500,3500,3500,3500,3500,3500,3500,3500,3500,23.38280487060547,0.454376220703125,26.279190063476563,0.40027618408203125,0.5449752807617188,4.853179931640625,0.5658111572265625,0.5503463745117188,0.645721435546875,0.50311279296875,10.894676208496094,3.08807373046875,77.20826721191406,0.38814544677734375,21.043533325195313,3.0002593994140625,7.48846435546875,0.5760574340820313,6.529182434082031,3.0935897827148438,0,252591.77490234375,251863.3526611328,0,34088599552,2147483648,8381898752,0
200,1787751710343,3500,3500,3500,3500,3500,3500,3500,3500,3500,3500,3500,3500,3500,3500,3500,3500,3500,3500,3500,3500,18.21027374267578,3.1979446411132813,25.326736450195313,0.6277542114257813,0.7227249145507813,0.644500732421875,3.2288360595703125,0.7234725952148438,0.8361358642578125,0.8176422119140625,2.7003021240234375,0.85748291015625,34.982147216796875,0.6545944213867188,56.37017059326172,0.6256561279296875,0.7326202392578125,0.7206268310546875,3.2779693603515625,0.7254714965820313,0,252602.58758544922,251872.0322265625,0,34088599552,2147483648,8382373888,0
200,1787751710544,3500,3500,3500,3500,3500,3500,3500,3500,3500,3500,3500,3500,3500,3500,3500,3500,3500,3500,3500,3500,32.594970703125,0.205169677734375,7.4481353759765625,2.7775192260742188,3.0838241577148438,0.395660400390625,0.31244659423828125,0.30286407470703125,0.49295806884765625,0.3824310302734375,1.7217254638671875,0.4278106689453125,46.897403717041016,2.7381362915039063,48.688167572021484,0.22803497314453125,2.8183517456054688,2.82794189453125,0.3351593017578125,0.375091552734375,0,252612.0619506836,251879.32788085938,0,34088599552,2147483648,8382246912,0
200,1787751710744,3500,3500,3500,3500,3500,3500,3500,3500,3500,3500,3500,3500,3500,3500,3500,3500,3500,3500,3500,3500,31.074180603027344,0.235748291015625,66.14616394042969,0.16912078857421875,1.5674362182617188,0.37564849853515625,0.39772796630859375,2.8892364501953125,2.840484619140625,2.878143310546875,15.900482177734375,0.268768310546875,61.50214767456055,0.1865997314453125,30.70477294921875,0.26392364501953125,30.092323303222656,0.28829193115234375,8.618804931640625,0.28564453125,0,252624.66046142578,251889.67749023438,0,34088599552,2147483648,8401879040,0
200,1787751710944,3500,3500,3500,3500,3500,3500,3500,3500,3500,3500,3500,3500,3500,3500,3500,3500,3500,3500,3500,3500,37.197818756103516,0.27933502197265625,71.86184692382813,0.22621917724609375,2.14361572265625,0.31237030029296875,0.3722381591796875,0.35204315185546875,0.432952880859375,0.31341552734375,10.231239318847656,0.359344482421875,71.78604125976563,0.234710693359375,49.12193298339844,0.25115203857421875,64.7431640625,0.23276519775390625,44.05046081542969,0.2501068115234375,0,252640.7811279297,251903.53973388672,0,34088599552,2147483648,8418357248,0
200,1787751711144,3500,3500,3500,3500,3500,3500,3500,3500,3500,3500,3500,3500,3500,3500,3500,3500,3500,3500,3500,3500,40.48970031738281,0.32376861572265625,74.4514389038086,0.2577972412109375,1.0588226318359375,2.9291152954101563,0.4617462158203125,0.43399810791015625,0.36603546142578125,0.35321044921875,3.8257064819335938,3.00640869140625,53.13214111328125,0.2880859375,57.500736236572266,2.8228683471679688,26.16899871826172,0.322265625,56.07178497314453,2.8172836303710938,0,252655.0230102539,251915.52752685547,0,34088599552,2147483648,8430157824,0
200,1787751711345,3500,3500,3500,3500,3500,3500,3500,3500,3500,3500,3500,3500,3500,3500,3500,3500,3500,3500,3500,3500,32.15234375,2.7910537719726563,16.616844177246094,0.22176361083984375,0.40102386474609375,0.32668304443359375,2.8123016357421875,0.33202362060546875,0.27724456787109375,0.33925628662109375,0.5038528442382813,0.2938079833984375,68.6511459350586,0.15995025634765625,6.75164794921875,0.25274658203125,39.87372589111328,0.2290496826171875,24.316322326660156,0.2518463134765625,0,252666.57397460938,251924.87280273438,0,34088599552,2147483648,8393453568,0
199,1787751711545,3500,3500,3500,3500,3500,3500,3500,3500,3500,3500,3500,3500,3500,3500,3500,3500,3500,3500,3500,3500,14.483116149902344,0.17690277099609375,55.93342208862305,2.6668319702148438,2.887939453125,0.3349151611328125,0.4076995849609375,0.379180908203125,0.346405029296875,0.24549102783203125,3.8853912353515625,0.37642669677734375,63.01504135131836,2.6703262329101563,3.9015274047851563,0.2389984130859375,3.5354385375976563,2.7459640502929688,0.25388336181640625,0.23160552978515625,0,252676.4232788086,251932.5263671875,0,34088599552,2147483648,8393187328,0
200,1787751711745,3500,3500,3500,3500,3500,3500,3500,3500,3500,3500,3500,3500,3500,3500,3500,3500,3500,3500,3500,3500,18.34375,0.2939605712890625,4.6432342529296875,0.3280792236328125,0.5649490356445313,0.4746856689453125,0.4972686767578125,3.0865936279296875,3.0991363525390625,3.0436859130859375,3.0304031372070313,0.5540618896484375,52.57344436645508,0.26973724365234375,58.071346282958984,0.2824249267578125,0.40045928955078125,0.3572540283203125,0.42563629150390625,0.39061737060546875,0,252686.07415771484,251940.01025390625,0,34088599552,2147483648,8393121792,0
200,1787751711946,3500,3500,3500,3500,3500,3500,3500,3500,3500,3500,3500,3500,3500,3500,3500,3500,3500,3500,3500,3500,19.057228088378906,0.26457977294921875,46.622772216796875,0.2343902587890625,0.4757232666015625,0.40552520751953125,0.3946990966796875,0.42717742919921875,0.25634765625,0.25290679931640625,0.37209320068359375,0.28398895263671875,28.82976531982422,0.291473388671875,5.227653503417969,0.2889251708984375,39.70930862426758,0.2415771484375,0.3040924072265625,0.31671905517578125,0,252695.4149169922,251947.19024658203,0,34088599552,2147483648,8393322496,0
200,1787751712146,3500,3500,3500,3500,3500,3500,3500,3500,3500,3500,3500,3500,3500,3500,3500,3500,3500,3500,3500,3500,55.54300308227539,0.23651885986328125,16.10149383544922,0.19771575927734375,0.39093017578125,2.930633544921875,0.32001495361328125,0.4032135009765625,0.2891998291015625,0.32765960693359375,0.2498016357421875,2.8457412719726563,95.99929809570313,0.12749481201171875,5.250755310058594,0.27147674560546875,0.27187347412109375,0.2870025634765625,0.29329681396484375,2.7844085693359375,0,252705.04138183594,251954.6456298828,0,34088599552,2147483648,8399437824,0
200,1787751712346,3500,3500,3500,3500,3500,3500,3500,3500,3500,3500,3500,3500,3500,3500,3500,3500,3500,3500,3500,3500,17.047683715820313,2.83148193359375,6.035987854003906,0.2757720947265625,0.400360107421875,0.324371337890625,2.8250503540039063,0.3993682861328125,0.282806396484375,0.3208770751953125,0.6194076538085938,0.2273712158203125,72.33419799804688,0.2066650390625,78.89363861083984,2.6918792724609375,0.3247222900390625,0.29952239990234375,2.83831787109375,0.2958831787109375,0,252715.98223876953,251963.4380493164,0,34088599552,2147483648,8392171520,0
200,1787751712546,3500,3500,3500,3500,3500,3500,3500,3500,3500,3500,3500,3500,3500,3500,3500,3500,3500,3500,3500,3500,9.021095275878906,0.327850341796875,2.9275588989257813,2.762908935546875,2.8098068237304688,0.27172088623046875,0.26712799072265625,0.2670745849609375,0.23781585693359375,0.30852508544921875,0.6508636474609375,0.18932342529296875,95.0804443359375,2.7304534912109375,100,0.12994384765625,2.89520263671875,2.8374176025390625,0.3106231689453125,0.29369354248046875,0,252728.56616210938,251973.85968017578,0,34088599552,2147483648,8393453568,0
200,1787751712747,3500,3500,3500,3500,3500,3500,3500,3500,3500,3500,3500,3500,3500,3500,3500,3500,3500,3500,3500,3500,16.831680297851563,0.3153533935546875,1.7738189697265625,0.27016448974609375,2.3751144409179688,0.2710113525390625,0.30556488037109375,2.7579116821289063,2.8373031616210938,2.795013427734375,2.925872802734375,0.9837493896484375,96.31166076660156,0.20261383056640625,86.84452056884766,0.15857696533203125,0.4185028076171875,0.40062713623046875,0.29402923583984375,0.30406951904296875,0,252740.31762695313,251983.4808959961,0,34088599552,2147483648,8393273344,0
200,1787751712947,3500,3500,3500,3500,3500,3500,3500,3500,3500,3500,3500,3500,3500,3500,3500,3500,3500,3500,3500,3500,78.8645248413086,0.149810791015625,2.6455841064453125,0.25009918212890625,40.33213806152344,0.213470458984375,0.209320068359375,0.23215484619140625,0.182891845703125,0.13521575927734375,60.03239059448242,1.5340652465820313,26.48925018310547,0.2559967041015625,0.5318756103515625,0.29721832275390625,0.7065658569335938,0.3731231689453125,0.2625885009765625,0.26393890380859375,0,252749.26971435547,251990.27838134766,0,34088599552,2147483648,8393621504,0
200,1787751713147,3500,3500,3500,3500,3500,3500,3500,3500,3500,3500,3500,3500,3500,3500,3500,3500,3500,3500,3500,3500,40.928462982177734,0.271392822265625,1.500457763671875,0.29644012451171875,38.60154342651367,2.7547225952148438,0.2982330322265625,0.21826171875,0.2584228515625,0.23712158203125,57.86592102050781,9.110671997070313,54.5562858581543,0.221405029296875,10.503570556640625,0.3433380126953125,0.39272308349609375,0.3614959716796875,0.33575439453125,2.8497543334960938,0,252759.15118408203,251998.01025390625,0,34088599552,2147483648,8393744384,0
202,1787751713348,3500,3500,3500,3500,3500,3500,3500,3500,3500,3500,3500,3500,3500,3500,3500,3500,3500,3500,3500,3500,10.134315490722656,2.8178939819335938,24.925491333007813,0.278106689453125,23.394393920898438,0.26352691650390625,2.8590011596679688,0.2207183837890625,0.21002960205078125,0.3796539306640625,16.57794952392578,0.7526092529296875,78.9742660522461,0.20843505859375,15.037269592285156,2.808349609375,1.6437225341796875,0.3538818359375,61.186336517333984,0.204132080078125,0,252769.16375732422,252005.84307861328,0,34088599552,2147483648,8396460032,0
200,1787751713550,3500,3500,3500,3500,3500,3500,3500,3500,3500,3500,3500,3500,3500,3500,3500,3500,3500,3500,3500,3500,22.98540496826172,0.08187103271484375,37.17867660522461,2.5913925170898438,6.5971221923828125,0.11820220947265625,0.18316650390625,0.12171173095703125,0.10475921630859375,0.0604095458984375,54.559600830078125,0.29296112060546875,63.648353576660156,2.5807113647460938,14.83343505859375,0.143218994140625,2.6192245483398438,2.6706390380859375,4.1120758056640625,0.1547393798828125,0,252779.2289428711,252013.93438720703,0,34088599552,2147483648,8394506240,0
200,1787751713751,3500,3500,3500,3500,3500,3500,3500,3500,3500,3500,3500,3500,3500,3500,3500,3500,3500,3500,3500,3500,42.07536697387695,0.39302825927734375,41.471256256103516,0.32643890380859375,3.6252212524414063,0.40906524658203125,0.38451385498046875,2.9805145263671875,3.0426712036132813,2.9741897583007813,11.05731201171875,0.43471527099609375,65.233642578125,0.31353759765625,3.4517898559570313,0.4343719482421875,1.7020111083984375,0.4649505615234375,0.8591766357421875,0.46186065673828125,0,252791.01446533203,252023.3314819336,0,34088599552,2147483648,8397328384,0
200,1787751713951,3500,3500,3500,3500,3500,3500,3500,3500,3500,3500,3500,3500,3500,3500,3500,3500,3500,3500,3500,3500,26.460533142089844,0.29566192626953125,11.6058349609375,0.263427734375,0.2577362060546875,0.331939697265625,0.29735565185546875,0.26148223876953125,0.34972381591796875,0.293914794921875,2.935211181640625,0.35791778564453125,48.963417053222656,0.2375946044921875,58.99211883544922,0.20801544189453125,0.317047119140625,0.3494720458984375,0.29441070556640625,0.32064056396484375,0,252801.76190185547,252031.94677734375,0,34088599552,2147483648,8395288576,0
200,1787751714151,3500,3500,3500,3500,3500,3500,3500,3500,3500,3500,3500,3500,3500,3500,3500,3500,3500,3500,3500,3500,25.689178466796875,0.24791717529296875,42.49091339111328,0.1886444091796875,0.17571258544921875,2.7913589477539063,0.27907562255859375,0.23069000244140625,0.33959197998046875,0.33644866943359375,0.4447021484375,2.9944839477539063,95.4324722290039,0.13232421875,32.43907928466797,0.223297119140625,0.33365631103515625,0.3668060302734375,0.30084991455078125,2.8252105712890625,0,252813.16302490234,252041.19024658203,0,34088599552,2147483648,8409559040,0
199,1787751714351,3500,3500,3500,3500,3500,3500,3500,3500,3500,3500,3500,3500,3500,3500,3500,3500,3500,3500,3500,3500,11.459861755371094,2.7975692749023438,54.305484771728516,0.2265472412109375,0.26744842529296875,0.2624664306640625,2.7686843872070313,0.33269500732421875,0.35693359375,0.35852813720703125,0.51220703125,0.37075042724609375,98.40312194824219,0.164703369140625,0.9413681030273438,2.8035049438476563,47.20405197143555,0.2934417724609375,0.4160919189453125,0.44162750244140625,0,252823.26989746094,252049.1610107422,0,34088599552,2147483648,8409399296,0
200,1787751714552,3500,3500,3500,3500,3500,3500,3500,3500,3500,3500,3500,3500,3500,3500,3500,3500,3500,3500,3500,3500,17.717132568359375,0.24169158935546875,72.22451782226563,2.6928482055664063,2.7602157592773438,0.284271240234375,0.2626800537109375,0.28946685791015625,0.38507843017578125,0.36893463134765625,1.0328903198242188,0.371185302734375,94.67427825927734,2.6892471313476563,25.664329528808594,0.26418304443359375,2.834686279296875,2.7995452880859375,2.9306869506835938,0.3915252685546875,0,252836.92010498047,252060.65594482422,0,34088599552,2147483648,8409583616,0
200,1787751714752,3500,3500,3500,3500,3500,3500,3500,3500,3500,3500,3500,3500,3500,3500,3500,3500,3500,3500,3500,3500,27.063514709472656,0.2894744873046875,28.099510192871094,0.26801300048828125,0.29726409912109375,0.30316162109375,0.2922210693359375,2.8343734741210938,2.8249359130859375,2.871612548828125,0.41245269775390625,0.32637786865234375,100,0.1763458251953125,17.77490234375,0.30475616455078125,31.118560791015625,0.272705078125,0.4184417724609375,0.4288787841796875,0,252847.87927246094,252069.4794921875,0,34088599552,2147483648,8409440256,0
200,1787751714952,3500,3500,3500,3500,3500,3500,3500,3500,3500,3500,3500,3500,3500,3500,3500,3500,3500,3500,3500,3500,6.1417999267578125,0.34389495849609375,30.253936767578125,0.2554779052734375,0.2444000244140625,0.26869964599609375,0.31061553955078125,0.23227691650390625,0.28571319580078125,0.2767791748046875,2.7340927124023438,0.23841094970703125,99.5342025756836,0.14655303955078125,71.90393829345703,0.16840362548828125,0.587890625,0.3094635009765625,0.39593505859375,0.39987945556640625,0,252859.0424194336,252078.50103759766,0,34088599552,2147483648,8409432064,0
199,1787751715152,3500,3500,3500,3500,3500,3500,3500,3500,3500,3500,3500,3500,3500,3500,3500,3500,3500,3500,3500,3500,17.50975799560547,0.2221832275390625,42.29149627685547,0.25789642333984375,0.29266357421875,2.8144454956054688,0.2249298095703125,0.24750518798828125,0.29425811767578125,0.2225341796875,24.654014587402344,2.7543563842773438,78.68731689453125,0.18647003173828125,33.31732940673828,0.22608184814453125,4.446098327636719,0.27208709716796875,4.923377990722656,2.9027099609375,0,252871.35876464844,252088.63830566406,0,34088599552,2147483648,8408645632,0
199,1787751715352,3500,3500,3500,3500,3500,3500,3500,3500,3500,3500,3500,3500,3500,3500,3500,3500,3500,3500,3500,3500,24.953475952148438,2.806427001953125,44.44905471801758,0.268402099609375,28.042449951171875,0.3755645751953125,2.8548583984375,0.26355743408203125,0.285491943359375,0.28814697265625,14.495101928710938,0.6434173583984375,54.621334075927734,0.293243408203125,0.9345550537109375,2.8538055419921875,0.3213348388671875,0.324981689453125,0.3848114013671875,0.38115692138671875,0,252882.60614013672,252097.73291015625,0,34088599552,2147483648,8402640896,0
200,1787751715553,3500,3500,3500,3500,3500,3500,3500,3500,3500,3500,3500,3500,3500,3500,3500,3500,3500,3500,3500,3500,9.062034606933594,0.269744873046875,7.815948486328125,2.8331527709960938,99.55484771728516,0.12577056884765625,0.13042449951171875,0.13047027587890625,0.2726898193359375,0.2346038818359375,1.5469741821289063,0.34307861328125,8.765251159667969,2.7887115478515625,2.251678466796875,0.2710418701171875,2.8152542114257813,2.8048553466796875,2.8358001708984375,0.24530029296875,0,252891.35382080078,252104.3026123047,0,34088599552,2147483648,8403415040,0
200,1787751715753,3500,3500,3500,3500,3500,3500,3500,3500,3500,3500,3500,3500,3500,3500,3500,3500,3500,3500,3500,3500,7.885955810546875,0.3162841796875,11.494735717773438,0.30959320068359375,5.5222320556640625,0.304595947265625,0.36114501953125,2.8115997314453125,2.9002227783203125,2.8978729248046875,0.8072738647460938,0.5569839477539063,10.410392761230469,0.37303924560546875,0.29100799560546875,0.379180908203125,0.3550567626953125,0.313140869140625,0.406463623046875,0.31873321533203125,0,252899.83685302734,252110.6278076172,0,34088599552,2147483648,8371503104,0
200,1787751715953,3500,3500,3500,3500,3500,3500,3500,3500,3500,3500,3500,3500,3500,3500,3500,3500,3500,3500,3500,3500,7.600975036621094,0.274871826171875,11.109214782714844,0.24759674072265625,0.37212371826171875,0.24864959716796875,0.30493927001953125,0.2893524169921875,0.31008148193359375,0.26892852783203125,2.90350341796875,0.29210662841796875,7.8081207275390625,0.240203857421875,0.4056396484375,0.41162872314453125,0.3717193603515625,0.3300628662109375,0.3266143798828125,0.33051300048828125,0,252907.7689819336,252116.42266845703,0,34088599552,2147483648,8369184768,0
199,1787751716153,3500,3500,3500,3500,3500,3500,3500,3500,3500,3500,3500,3500,3500,3500,3500,3500,3500,3500,3500,3500,5.475982666015625,0.2369537353515625,15.087959289550781,0.246185302734375,0.2839202880859375,2.8615875244140625,0.41220855712890625,0.31766510009765625,0.3383331298828125,0.324005126953125,0.19676971435546875,2.7973403930664063,2.5604934692382813,0.30623626708984375,2.8822021484375,0.38320159912109375,0.28876495361328125,0.29889678955078125,0.2777862548828125,2.8108673095703125,0,252914.3764038086,252120.8998413086,0,34088599552,2147483648,8368824320,0
200,1787751716353,3500,3500,3500,3500,3500,3500,3500,3500,3500,3500,3500,3500,3500,3500,3500,3500,3500,3500,3500,3500,5.944328308105469,2.7756729125976563,19.280227661132813,0.28408050537109375,0.28572845458984375,0.2531890869140625,2.8334503173828125,0.34290313720703125,0.36974334716796875,0.2458953857421875,0.23654937744140625,0.2983245849609375,0.305816650390625,0.323760986328125,0.329559326171875,2.8440933227539063,0.378387451171875,0.30712127685546875,0.29262542724609375,0.35305023193359375,0,252922.14965820313,252126.52514648438,0,34088599552,2147483648,8369135616,0
199,1787751716554,3500,3500,3500,3500,3500,3500,3500,3500,3500,3500,3500,3500,3500,3500,3500,3500,3500,3500,3500,3500,15.729141235351563,0.2269744873046875,16.006301879882813,2.7762680053710938,0.28185272216796875,0.188568115234375,0.27581787109375,0.22174072265625,0.306243896484375,0.27017974853515625,0.39579010009765625,1.5076828002929688,9.133102416992188,2.780059814453125,1.489227294921875,0.21854400634765625,3.0185089111328125,2.8872604370117188,2.8119354248046875,0.2641448974609375,0,252930.7222290039,252132.92993164063,0,34088599552,2147483648,8369135616,0
199,1787751716754,3500,3500,3500,3500,3500,3500,3500,3500,3500,3500,3500,3500,3500,3500,3500,3500,3500,3500,3500,3500,4.144866943359375,0.20790863037109375,14.404769897460938,0.2364959716796875,2.7903823852539063,0.269378662109375,0.3039093017578125,2.790435791015625,2.8286209106445313,2.8455123901367188,0.6856918334960938,0.2788238525390625,1.4588851928710938,0.375030517578125,0.32100677490234375,0.2877197265625,0.41436004638671875,0.38492584228515625,0.31121063232421875,0.2789764404296875,0,252938.71405029297,252138.7899169922,0,34088599552,2147483648,8369135616,0
199,1787751716954,3500,3500,3500,3500,3500,3500,3500,3500,3500,3500,3500,3500,3500,3500,3500,3500,3500,3500,3500,3500,4.809234619140625,0.25861358642578125,14.077484130859375,0.22997283935546875,0.3318328857421875,0.20807647705078125,0.25086212158203125,0.30974578857421875,0.31049346923828125,0.253265380859375,2.9259872436523438,0.3221893310546875,4.09478759765625,0.28759765625,0.2902984619140625,0.31229400634765625,0.40695953369140625,0.39910888671875,0.2689056396484375,0.2953948974609375,0,252945.3540649414,252143.30004882813,0,34088599552,2147483648,8369135616,0
200,1787751717154,3500,3500,3500,3500,3500,3500,3500,3500,3500,3500,3500,3500,3500,3500,3500,3500,3500,3500,3500,3500,7.444999694824219,0.22869873046875,15.223030090332031,0.24379730224609375,0.35192108154296875,2.8935775756835938,0.48919677734375,0.4673004150390625,0.4106597900390625,0.38811492919921875,0.496490478515625,2.9487686157226563,0.3188323974609375,0.28728485107421875,0.2913360595703125,0.30028533935546875,0.2958831787109375,0.2985382080078125,0.3083343505859375,2.8593826293945313,0,252951.97241210938,252147.78521728516,0,34088599552,2147483648,8369266688,0
200,1787751717354,3500,3500,3500,3500,3500,3500,3500,3500,3500,3500,3500,3500,3500,3500,3500,3500,3500,3500,3500,3500,3.7586746215820313,2.7284317016601563,18.490951538085938,0.20892333984375,0.33260345458984375,0.45877838134765625,2.9002304077148438,0.4453887939453125,0.4188995361328125,0.46567535400390625,0.8640899658203125,0.47002410888671875,1.4671783447265625,0.3009185791015625,2.8013381958007813,2.8186798095703125,0.3083648681640625,0.27948760986328125,0.30062103271484375,0.28258514404296875,0,252959.60577392578,252153.2914428711,0,34088599552,2147483648,8369315840,0
200,1787751717554,3500,3500,3500,3500,3500,3500,3500,3500,3500,3500,3500,3500,3500,3500,3500,3500,3500,3500,3500,3500,6.422401428222656,0.25035858154296875,16.495956420898438,0.24137115478515625,1.1756210327148438,0.39267730712890625,0.47149658203125,0.4068603515625,0.29302215576171875,0.2945709228515625,1.4290847778320313,0.3512115478515625,2.7102584838867188,2.8098068237304688,0.7634658813476563,0.29736328125,2.9683074951171875,2.8402786254882813,2.8209457397460938,0.30165863037109375,0,252967.5487060547,252159.09033203125,0,34088599552,2147483648,8369573888,0
200,1787751717755,3500,3500,3500,3500,3500,3500,3500,3500,3500,3500,3500,3500,3500,3500,3500,3500,3500,3500,3500,3500,15.825447082519531,0.1724700927734375,26.638404846191406,2.7282180786132813,2.9986495971679688,0.46552276611328125,0.3915252685546875,2.8900985717773438,2.7866363525390625,2.8641357421875,0.25885009765625,0.2568511962890625,0.2896575927734375,0.27817535400390625,0.28861236572265625,0.31008148193359375,0.40909576416015625,0.4056549072265625,0.3653564453125,0.38652801513671875,0,252974.06994628906,252163.48474121094,0,34088599552,2147483648,8369643520,0
200,1787751717955,3500,3500,3500,3500,3500,3500,3500,3500,3500,3500,3500,3500,3500,3500,3500,3500,3500,3500,3500,3500,26.399009704589844,0.19683074951171875,77.3853988647461,0.1797637939453125,0.2646026611328125,0.35143280029296875,0.2979888916015625,0.3188018798828125,0.33237457275390625,0.28017425537109375,2.8571548461914063,0.3004302978515625,3.0168533325195313,0.29259490966796875,0.30912017822265625,0.26285552978515625,0.40853118896484375,0.399444580078125,0.31455230712890625,0.27862548828125,0,252982.6544189453,252169.94140625,0,34088599552,2147483648,8369709056,0
200,1787751718155,3500,3500,3500,3500,3500,3500,3500,3500,3500,3500,3500,3500,3500,3500,3500,3500,3500,3500,3500,3500,26.657211303710938,0.2402191162109375,80.01927185058594,0.18515777587890625,0.30516815185546875,2.7699432373046875,0.24381256103515625,0.3001708984375,0.38763427734375,0.38294219970703125,0.414093017578125,2.90313720703125,0.29288482666015625,0.2998199462890625,0.3047637939453125,0.2914886474609375,0.3457489013671875,0.3343658447265625,0.30426788330078125,2.8526611328125,0,252991.7572631836,252176.92602539063,0,34088599552,2147483648,8369836032,0
200,1787751718356,3500,3500,3500,3500,3500,3500,3500,3500,3500,3500,3500,3500,3500,3500,3500,3500,3500,3500,3500,3500,10.833198547363281,2.7647171020507813,94.68939208984375,0.13248443603515625,0.25113677978515625,0.2794036865234375,2.783447265625,0.245941162109375,0.2045440673828125,0.313262939453125,0.5607070922851563,0.27745819091796875,0.301727294921875,0.29248809814453125,2.80267333984375,2.8061676025390625,0.297027587890625,0.30322265625,0.3009796142578125,0.2900390625,0,253001.11853027344,252184.1776123047,0,34088599552,2147483648,8369836032,0
200,1787751718556,3500,3500,3500,3500,3500,3500,3500,3500,3500,3500,3500,3500,3500,3500,3500,3500,3500,3500,3500,3500,9.245712280273438,0.24166107177734375,95.0133285522461,0.09996795654296875,0.27993011474609375,0.26154327392578125,0.22052764892578125,0.20868682861328125,0.24460601806640625,0.293365478515625,0.44384765625,0.25569915771484375,0.676666259765625,2.7607269287109375,0.28847503662109375,0.251953125,2.7555313110351563,2.7863540649414063,2.78265380859375,0.2477569580078125,0,253009.86572265625,252190.78466796875,0,34088599552,2147483648,8369901568,0
200,1787751718756,3500,3500,3500,3500,3500,3500,3500,3500,3500,3500,3500,3500,3500,3500,3500,3500,3500,3500,3500,3500,16.21190643310547,0.36693572998046875,55.50075912475586,2.8235626220703125,2.836334228515625,0.37676239013671875,0.31868743896484375,0.35121917724609375,2.8902740478515625,2.8819961547851563,0.369476318359375,0.24329376220703125,16.681922912597656,0.31414794921875,20.15997314453125,0.3348541259765625,0.3703765869140625,0.38065338134765625,0.4112396240234375,0.3579559326171875,0,253019.4373779297,252198.236328125,0,34088599552,2147483648,8370081792,0
200,1787751718956,3500,3500,3500,3500,3500,3500,3500,3500,3500,3500,3500,3500,3500,3500,3500,3500,3500,3500,3500,3500,10.327011108398438,0.348724365234375,88.69001007080078,0.1389007568359375,0.26861572265625,0.2241973876953125,0.31103515625,2.7439498901367188,0.270111083984375,0.31124114990234375,2.8562469482421875,0.2918243408203125,4.032569885253906,0.28324127197265625,5.9240570068359375,0.42453765869140625,0.38904571533203125,0.39414215087890625,0.3285064697265625,0.292572021484375,0,253028.01708984375,252204.69116210938,0,34088599552,2147483648,8370085888,0
200,1787751719157,3500,3500,3500,3500,3500,3500,3500,3500,3500,3500,3500,3500,3500,3500,3500,3500,3500,3500,3500,3500,8.020034790039063,0.27544403076171875,34.26374053955078,0.1851654052734375,0.25856781005859375,2.7734832763671875,0.2632598876953125,0.20953369140625,0.23184967041015625,0.30071258544921875,0.16847991943359375,2.7727813720703125,63.96464157104492,0.17577362060546875,0.3797149658203125,0.36977386474609375,0.3700714111328125,0.37931060791015625,0.286834716796875,1.6448822021484375,0,253037.02618408203,252211.54876708984,0,34088599552,2147483648,8370479104,0
200,1787751719357,3500,3500,3500,3500,3500,3500,3500,3500,3500,3500,3500,3500,3500,3500,3500,3500,3500,3500,3500,3500,9.781745910644531,2.7990646362304688,80.56834411621094,0.19547271728515625,0.27142333984375,0.30620574951171875,2.778350830078125,0.2500152587890625,0.28833770751953125,0.2716217041015625,0.287841796875,0.2777099609375,14.8974609375,0.26633453369140625,2.9013671875,2.8588485717773438,0.40581512451171875,0.39553070068359375,0.30805206298828125,1.3878555297851563,0,253046.59436035156,252219.02172851563,0,34088599552,2147483648,8370479104,0
200,1787751719557,3500,3500,3500,3500,3500,3500,3500,3500,3500,3500,3500,3500,3500,3500,3500,3500,3500,3500,3500,3500,16.301490783691406,0.2513885498046875,58.974884033203125,0.2144012451171875,0.291473388671875,0.22054290771484375,0.3236236572265625,0.260528564453125,0.5087738037109375,0.3661041259765625,1.0836410522460938,0.5119171142578125,31.01306915283203,2.7640151977539063,0.3130950927734375,0.32662200927734375,2.8354949951171875,2.882568359375,2.8248138427734375,0.31633758544921875,0,253054.0541381836,252224.3560180664,0,34088599552,2147483648,8370479104,0
200,1787751719758,3500,3500,3500,3500,3500,3500,3500,3500,3500,3500,3500,3500,3500,3500,3500,3500,3500,3500,3500,3500,14.652626037597656,0.2550201416015625,51.66252136230469,2.71728515625,2.7942123413085938,0.22425079345703125,0.24962615966796875,0.28974151611328125,0.37491607666015625,2.8591079711914063,0.35518646240234375,0.4286651611328125,42.27471923828125,0.20706939697265625,0.51214599609375,0.3062744140625,0.2967376708984375,0.29389190673828125,0.29029083251953125,0.28314971923828125,0,253062.326171875,252230.49194335938,0,34088599552,2147483648,8370876416,0
200,1787751719958,3500,3500,3500,3500,3500,3500,3500,3500,3500,3500,3500,3500,3500,3500,3500,3500,3500,3500,3500,3500,22.17376708984375,0.25116729736328125,60.86689758300781,0.19379425048828125,0.32262420654296875,0.30480194091796875,0.30255126953125,2.773651123046875,2.8001632690429688,0.2105255126953125,2.8173446655273438,0.34474945068359375,23.54296875,0.23169708251953125,0.41970062255859375,0.2838287353515625,0.3054962158203125,0.36801910400390625,0.314483642578125,0.295562744140625,0,253072.5369873047,252238.57635498047,0,34088599552,2147483648,8370876416,0
200,1787751720159,3500,3500,3500,3500,3500,3500,3500,3500,3500,3500,3500,3500,3500,3500,3500,3500,3500,3500,3500,3500,58.88701629638672,0,37.591041564941406,0,1.056854248046875,1.1306304931640625,0.0472412109375,0.00124359130859375,0,0.02025604248046875,4.050148010253906,3.5984115600585938,4.1945037841796875,0.03083038330078125,14.725868225097656,0.0105743408203125,1.0262298583984375,0.07482147216796875,0.43238067626953125,0.074127197265625,0,253082.20220947266,252246.07421875,0,34088599552,2147483648,8372695040,0
200,1787751720359,3500,3500,3500,3500,3500,3500,3500,3500,3500,3500,3500,3500,3500,3500,3500,3500,3500,3500,3500,3500,12.44366455078125,3.0871200561523438,70.51475524902344,0.41994476318359375,0.536865234375,1.8044586181640625,0.5773696899414063,0.5159225463867188,0.53851318359375,0.5171127319335938,0.5304489135742188,0.5518951416015625,14.650100708007813,0.5230331420898438,5.0702972412109375,3.0426406860351563,23.162582397460938,0.5377655029296875,0.5445785522460938,3.0714492797851563,0,253091.7860107422,252253.52172851563,0,34088599552,2147483648,8372965376,0
200,1787751720560,3500,3500,3500,3500,3500,3500,3500,3500,3500,3500,3500,3500,3500,3500,3500,3500,3500,3500,3500,3500,4.302665710449219,0.228363037109375,53.6868782043457,0.205352783203125,0.431121826171875,0.24622344970703125,2.8487701416015625,0.278717041015625,0.2671356201171875,0.2984771728515625,1.7449417114257813,0.2547607421875,16.430076599121094,2.8308029174804688,23.4434814453125,0.26000213623046875,8.8865966796875,2.816925048828125,2.7924270629882813,0.3135986328125,0,253100.9995727539,252261.12670898438,0,34088599552,2147483648,8373161984,0
200,1787751720760,3500,3500,3500,3500,3500,3500,3500,3500,3500,3500,3500,3500,3500,3500,3500,3500,3500,3500,3500,3500,12.729545593261719,0.2496337890625,51.83802032470703,2.7249832153320313,2.85504150390625,0.3275299072265625,0.294952392578125,0.3342742919921875,0.2567291259765625,2.8268585205078125,0.33527374267578125,0.338623046875,41.95722198486328,0.2185516357421875,0.43990325927734375,0.3859405517578125,2.8179168701171875,0.31833648681640625,0.30010223388671875,0.30559539794921875,0,253110.57989501953,252268.3818359375,0,34088599552,2147483648,8373161984,0
200,1787751720960,3500,3500,3500,3500,3500,3500,3500,3500,3500,3500,3500,3500,3500,3500,3500,3500,3500,3500,3500,3500,1.5566558837890625,0.2709808349609375,41.93917465209961,0.22341156005859375,0.42166900634765625,0.41683197021484375,0.3315277099609375,2.8139801025390625,2.7997055053710938,0.227203369140625,2.8013992309570313,0.25984954833984375,23.984848022460938,0.23284912109375,39.2414436340332,0.22341156005859375,0.3011322021484375,0.29314422607421875,0.2794189453125,0.3246917724609375,0,253119.66986083984,252275.35400390625,0,34088599552,2147483648,8373161984,0
200,1787751721160,3500,3500,3500,3500,3500,3500,3500,3500,3500,3500,3500,3500,3500,3500,3500,3500,3500,3500,3500,3500,11.90789794921875,0.2653045654296875,46.79787063598633,0.213836669921875,0.47814178466796875,0.46440887451171875,0.4019012451171875,0.36705780029296875,0.24463653564453125,0.27803802490234375,0.38083648681640625,2.851470947265625,49.95524215698242,0.2079925537109375,0.48907470703125,0.29306793212890625,0.2772369384765625,0.2987060546875,0.2877197265625,0.305450439453125,0,253129.07690429688,252282.4501953125,0,34088599552,2147483648,8373342208,0
200,1787751721361,3500,3500,3500,3500,3500,3500,3500,3500,3500,3500,3500,3500,3500,3500,3500,3500,3500,3500,3500,3500,15.410018920898438,2.7855224609375,52.334808349609375,0.212310791015625,0.4613800048828125,3.0287551879882813,0.39470672607421875,0.45264434814453125,0.26300811767578125,0.336669921875,0.2470245361328125,0.31919097900390625,46.71006393432617,0.2176055908203125,11.533561706542969,2.808197021484375,0.37882232666015625,0.39505767822265625,0.31020355224609375,2.7947158813476563,0,253138.59741210938,252289.6773071289,0,34088599552,2147483648,8373342208,0
200,1787751721561,3500,3500,3500,3500,3500,3500,3500,3500,3500,3500,3500,3500,3500,3500,3500,3500,3500,3500,3500,3500,3.3980865478515625,0.2550506591796875,85.74356079101563,0.1086883544921875,0.4355010986328125,0.4098052978515625,2.9705657958984375,0.4293670654296875,0.21967315673828125,0.20345306396484375,0.4341583251953125,0.27906036376953125,8.818229675292969,0.43984222412109375,7.788238525390625,0.2317962646484375,0.390289306640625,2.8830337524414063,2.7994461059570313,0.2557525634765625,0,253146.59210205078,252295.5477294922,0,34088599552,2147483648,8373329920,0
199,1787751721762,3500,3500,3500,3500,3500,3500,3500,3500,3500,3500,3500,3500,3500,3500,3500,3500,3500,3500,3500,3500,23.760223388671875,0.2518463134765625,15.214530944824219,2.7119903564453125,2.9710235595703125,0.34740447998046875,0.4266510009765625,0.35843658447265625,0.20169830322265625,2.807891845703125,0.22235870361328125,0.20783233642578125,8.653030395507813,2.5484619140625,61.88717269897461,0.1721038818359375,2.7775039672851563,0.28912353515625,0.26751708984375,0.25214385986328125,0,253154.47076416016,252301.2924194336,0,34088599552,2147483648,8373399552,0
199,1787751721962,3500,3500,3500,3500,3500,3500,3500,3500,3500,3500,3500,3500,3500,3500,3500,3500,3500,3500,3500,3500,19.32855987548828,0.3514556884765625,63.44797897338867,0.25572967529296875,0.5562515258789063,0.5424118041992188,0.5518035888671875,3.0041122436523438,2.8715744018554688,0.3393707275390625,2.8932952880859375,0.3349761962890625,24.136688232421875,0.32573699951171875,0.43395233154296875,0.38172149658203125,0.39369964599609375,0.38616180419921875,0.4387969970703125,0.39020538330078125,0,253161.65411376953,252306.3406982422,0,34088599552,2147483648,8373399552,0
199,1787751722162,3500,3500,3500,3500,3500,3500,3500,3500,3500,3500,3500,3500,3500,3500,3500,3500,3500,3500,3500,3500,2.8978500366210938,0.262542724609375,23.00323486328125,0.21245574951171875,0.44629669189453125,0.39720916748046875,0.4758453369140625,0.368316650390625,0.258392333984375,0.3069305419921875,0.22769927978515625,2.8111190795898438,41.302825927734375,0.24214935302734375,38.96730041503906,0.229095458984375,0.30863189697265625,0.30287933349609375,0.38631439208984375,0.3563690185546875,0,253170.4259033203,252312.99096679688,0,34088599552,2147483648,8373530624,0
200,1787751722362,3500,3500,3500,3500,3500,3500,3500,3500,3500,3500,3500,3500,3500,3500,3500,3500,3500,3500,3500,3500,6.110832214355469,2.7791061401367188,98.92214965820313,0.1194610595703125,0.3487396240234375,2.8745193481445313,0.33039093017578125,0.271209716796875,0.36048126220703125,0.25661468505859375,1.2313995361328125,0.38452911376953125,1.144683837890625,0.250518798828125,2.810546875,2.8055419921875,0.27496337890625,0.27220916748046875,0.26616668701171875,2.8131942749023438,0,253178.8724975586,252319.31469726563,0,34088599552,2147483648,8373530624,0
200,1787751722562,3500,3500,3500,3500,3500,3500,3500,3500,3500,3500,3500,3500,3500,3500,3500,3500,3500,3500,3500,3500,21.906822204589844,0.22673797607421875,84.51666259765625,0.16959381103515625,0.38814544677734375,0.3455810546875,2.825897216796875,0.31450653076171875,0.308013916015625,0.227142333984375,1.0854034423828125,0.3222503662109375,0.8732986450195313,0.288482666015625,0.28858184814453125,0.3052215576171875,0.29363250732421875,2.4181747436523438,2.84228515625,0.29547882080078125,0,253187.56927490234,252325.87548828125,0,34088599552,2147483648,8373534720,0
200,1787751722762,3500,3500,3500,3500,3500,3500,3500,3500,3500,3500,3500,3500,3500,3500,3500,3500,3500,3500,3500,3500,10.615478515625,0.2194366455078125,48.555118560791016,2.776031494140625,3.0067977905273438,0.43463134765625,0.37474822998046875,0.41901397705078125,0.30841827392578125,0.8394241333007813,0.456939697265625,0.29160308837890625,6.782142639160156,2.8148574829101563,31.405776977539063,0.22397613525390625,2.8254318237304688,0.6679916381835938,0.28052520751953125,0.280426025390625,0,253196.1436767578,252332.30920410156,0,34088599552,2147483648,8374095872,0
200,1787751722963,3500,3500,3500,3500,3500,3500,3500,3500,3500,3500,3500,3500,3500,3500,3500,3500,3500,3500,3500,3500,25.429153442382813,0.2407684326171875,18.25341033935547,0.3186798095703125,0.43082427978515625,0.46102142333984375,0.40277862548828125,2.9336700439453125,2.7754592895507813,2.2077255249023438,2.7910308837890625,0.26282501220703125,45.35081481933594,0.20263671875,11.102180480957031,0.34407806396484375,0.8341522216796875,0.2930755615234375,0.3270111083984375,0.30939483642578125,0,253206.2905883789,252340.29650878906,0,34088599552,2147483648,8374910976,0
200,1787751723163,3500,3500,3500,3500,3500,3500,3500,3500,3500,3500,3500,3500,3500,3500,3500,3500,3500,3500,3500,3500,3.2083358764648438,0.32810211181640625,27.682281494140625,0.26351165771484375,0.48041534423828125,0.4465484619140625,0.3978424072265625,0.42181396484375,0.3068695068359375,0.2435760498046875,0.34813690185546875,0.34378814697265625,47.29033279418945,0.2464752197265625,28.473709106445313,0.31621551513671875,0.36072540283203125,0.40348052978515625,0.30971527099609375,0.32135772705078125,0,253215.8734741211,252347.7596435547,0,34088599552,2147483648,8375111680,0
200,1787751723363,3500,3500,3500,3500,3500,3500,3500,3500,3500,3500,3500,3500,3500,3500,3500,3500,3500,3500,3500,3500,17.327003479003906,2.785186767578125,59.37308883666992,0.20029449462890625,0.33219146728515625,2.8549270629882813,0.2958984375,0.35350799560546875,0.28881072998046875,0.27577972412109375,0.38216400146484375,2.80670166015625,0.60577392578125,0.32769775390625,29.02008819580078,2.81439208984375,0.337432861328125,0.36029815673828125,0.294097900390625,2.8225784301757813,0,253225.65783691406,252355.42108154297,0,34088599552,2147483648,8375181312,0
200,1787751723564,3500,3500,3500,3500,3500,3500,3500,3500,3500,3500,3500,3500,3500,3500,3500,3500,3500,3500,3500,3500,14.251350402832031,0.1555633544921875,58.26415252685547,0.1000518798828125,0.1837921142578125,0.18483734130859375,2.6844329833984375,0.1587066650390625,0.188232421875,0.12224578857421875,2.5305709838867188,0.1243896484375,1.8800506591796875,0.17551422119140625,0.508026123046875,0.32817840576171875,0.19969940185546875,0.19391632080078125,2.7431411743164063,0.14174652099609375,0,253234.0665283203,252361.65759277344,0,34088599552,2147483648,8379416576,0
200,1787751723764,3500,3500,3500,3500,3500,3500,3500,3500,3500,3500,3500,3500,3500,3500,3500,3500,3500,3500,3500,3500,6.8916778564453125,0.2858428955078125,13.845115661621094,2.9019317626953125,2.8983917236328125,0.32334136962890625,0.43523406982421875,0.40627288818359375,0.42020416259765625,0.403076171875,0.36353302001953125,0.4201507568359375,2.1922378540039063,2.9225082397460938,0.48351287841796875,0.5009918212890625,2.8890533447265625,2.9214553833007813,0.43033599853515625,0.4109649658203125,0,253242.60083007813,252368.08404541016,0,34088599552,2147483648,8380952576,0
200,1787751723964,3500,3500,3500,3500,3500,3500,3500,3500,3500,3500,3500,3500,3500,3500,3500,3500,3500,3500,3500,3500,5.6930999755859375,0.1899566650390625,14.817802429199219,0.27100372314453125,0.17926788330078125,0.29921722412109375,0.2668609619140625,2.7170639038085938,2.7806320190429688,2.7555694580078125,2.8366622924804688,0.21842193603515625,2.8524398803710938,0.282135009765625,0.35713958740234375,0.36952972412109375,0.315093994140625,0.34391021728515625,0.317596435546875,0.27065277099609375,0,253250.16510009766,252373.51806640625,0,34088599552,2147483648,8382521344,0
200,1787751724165,3500,3500,3500,3500,3500,3500,3500,3500,3500,3500,3500,3500,3500,3500,3500,3500,3500,3500,3500,3500,11.045692443847656,0.267425537109375,21.634483337402344,0.2850341796875,0.27545928955078125,0.29840087890625,0.264434814453125,0.282989501953125,0.3351593017578125,0.25505828857421875,0.61669921875,0.2954559326171875,8.389068603515625,0.37386322021484375,2.240966796875,0.34268951416015625,1.3421783447265625,0.3607940673828125,1.16876220703125,0.33745574951171875,0,253257.06958007813,252378.25170898438,0,34088599552,2147483648,8382992384,0
200,1787751724365,3500,3500,3500,3500,3500,3500,3500,3500,3500,3500,3500,3500,3500,3500,3500,3500,3500,3500,3500,3500,4.901336669921875,0.2349395751953125,17.30571746826172,0.2559051513671875,0.267242431640625,2.8006591796875,0.30413055419921875,0.2615509033203125,0.299041748046875,0.24407958984375,0.266387939453125,2.8042526245117188,1.72265625,0.40422821044921875,3.257110595703125,2.79571533203125,0.30577850341796875,0.34542083740234375,0.27687835693359375,2.8252182006835938,0,253264.8575439453,252383.90356445313,0,34088599552,2147483648,8383401984,0
200,1787751724565,3500,3500,3500,3500,3500,3500,3500,3500,3500,3500,3500,3500,3500,3500,3500,3500,3500,3500,3500,3500,4.883506774902344,2.8011627197265625,16.77684783935547,0.30496978759765625,0.3153076171875,0.26129150390625,2.849090576171875,0.28964996337890625,0.3781585693359375,0.26782989501953125,0.6555252075195313,0.26363372802734375,1.3040084838867188,0.295989990234375,0.33307647705078125,0.304473876953125,0.36632537841796875,0.373016357421875,2.8500900268554688,0.300628662109375,0,253272.23236083984,252389.13507080078,0,34088599552,2147483648,8383676416,0
200,1787751724766,3500,3500,3500,3500,3500,3500,3500,3500,3500,3500,3500,3500,3500,3500,3500,3500,3500,3500,3500,3500,8.38568115234375,0.1958770751953125,16.936798095703125,2.719757080078125,2.73272705078125,0.16843414306640625,0.2286529541015625,0.23828125,0.226409912109375,0.25514984130859375,0.35063934326171875,0.23165130615234375,0.2465667724609375,2.7781295776367188,0.3137664794921875,0.271759033203125,2.77508544921875,2.7649078369140625,0.253753662109375,0.2438201904296875,0,253279.91864013672,252394.68463134766,0,34088599552,2147483648,8385544192,0
200,1787751724966,3500,3500,3500,3500,3500,3500,3500,3500,3500,3500,3500,3500,3500,3500,3500,3500,3500,3500,3500,3500,5.727745056152344,0.32151031494140625,19.476165771484375,0.30748748779296875,0.3865814208984375,0.32320404052734375,0.35140228271484375,2.8734283447265625,2.8628005981445313,2.907958984375,2.8679885864257813,0.3154754638671875,3.840850830078125,0.34571075439453125,0.40608978271484375,0.37380218505859375,0.39575958251953125,0.32744598388671875,0.370361328125,0.36063385009765625,0,253287.16650390625,252399.79248046875,0,34088599552,2147483648,8387174400,0
200,1787751725167,3500,3500,3500,3500,3500,3500,3500,3500,3500,3500,3500,3500,3500,3500,3500,3500,3500,3500,3500,3500,4.261711120605469,0.2335662841796875,19.51270294189453,0.26434326171875,0.32558441162109375,0.26728057861328125,0.23162078857421875,0.23421478271484375,0.25496673583984375,0.26573944091796875,0.39611053466796875,0.2963104248046875,0.6017990112304688,0.30069732666015625,0.6050872802734375,0.3040924072265625,0.2853851318359375,0.32723236083984375,0.32997894287109375,0.27935028076171875,0,253294.9727783203,252405.46685791016,0,34088599552,2147483648,8389513216,0
199,1787751725367,3500,3500,3500,3500,3500,3500,3500,3500,3500,3500,3500,3500,3500,3500,3500,3500,3500,3500,3500,3500,4.4725799560546875,0,14.25689697265625,0,0.025665283203125,2.5413742065429688,0.042144775390625,0.0406951904296875,0,0.0049896240234375,0,2.5337371826171875,1.0338363647460938,0,2.6348419189453125,2.5966949462890625,0,0,0,2.4999313354492188,0,253301.7294921875,252410.1675415039,0,34088599552,2147483648,8390189056,0
200,1787751725567,3500,3500,3500,3500,3500,3500,3500,3500,3500,3500,3500,3500,3500,3500,3500,3500,3500,3500,3500,3500,12.089103698730469,3.02398681640625,29.436447143554688,0.5690231323242188,0.7679901123046875,0.6838226318359375,3.2497940063476563,0.7017669677734375,0.4956512451171875,0.6040573120117188,1.798675537109375,0.6234512329101563,4.304374694824219,0.5679702758789063,0.66143798828125,0.6675796508789063,0.5839157104492188,0.5915603637695313,3.1283950805664063,0.5687713623046875,0,253309.9647216797,252416.17578125,0,34088599552,2147483648,8391593984,0
200,1787751725767,3500,3500,3500,3500,3500,3500,3500,3500,3500,3500,3500,3500,3500,3500,3500,3500,3500,3500,3500,3500,7.7271728515625,0.23925018310546875,11.840309143066406,2.7700042724609375,2.9733810424804688,0.3885650634765625,0.46596527099609375,0.37757110595703125,0.47431182861328125,0.488250732421875,0.42848968505859375,0.5052413940429688,2.3666534423828125,2.7935943603515625,0.36517333984375,0.313507080078125,2.8168258666992188,2.7994384765625,0.26898193359375,0.2841796875,0,253317.61407470703,252421.69873046875,0,34088599552,2147483648,8392130560,0
200,1787751725968,3500,3500,3500,3500,3500,3500,3500,3500,3500,3500,3500,3500,3500,3500,3500,3500,3500,3500,3500,3500,4.117431640625,0.35449981689453125,13.635307312011719,0.36821746826171875,0.5953903198242188,0.5253219604492188,0.6246185302734375,3.05487060546875,3.0179672241210938,3.0744247436523438,3.0246963500976563,0.492950439453125,4.815864562988281,0.3928070068359375,0.3840789794921875,0.387969970703125,0.38427734375,0.4052276611328125,0.422882080078125,0.37879180908203125,0,253325.15185546875,252427.32879638672,0,34088599552,2147483648,8392593408,0
200,1787751726168,3500,3500,3500,3500,3500,3500,3500,3500,3500,3500,3500,3500,3500,3500,3500,3500,3500,3500,3500,3500,5.918251037597656,0.19918060302734375,19.937225341796875,0.2193145751953125,0.3597869873046875,0.347503662109375,0.34145355224609375,0.31368255615234375,0.28800201416015625,0.27376556396484375,0.6120758056640625,0.25478363037109375,0.64544677734375,0.2939453125,0.29219818115234375,0.29294586181640625,0.3324127197265625,0.29419708251953125,0.289154052734375,0.3121337890625,0,253332.0747680664,252432.10485839844,0,34088599552,2147483648,8393064448,0
200,1787751726368,3500,3500,3500,3500,3500,3500,3500,3500,3500,3500,3500,3500,3500,3500,3500,3500,3500,3500,3500,3500,2.8359451293945313,0.265838623046875,96.49433898925781,0.14377593994140625,0.39563751220703125,2.8828582763671875,0.33470916748046875,0.380615234375,0.32098388671875,0.2423858642578125,0.29378509521484375,2.775665283203125,0.8902359008789063,0.2894439697265625,2.8077011108398438,2.7977218627929688,0.29288482666015625,0.30850982666015625,0.284454345703125,2.790435791015625,0,253341.8262939453,252439.90881347656,0,34088599552,2147483648,8393134080,0
200,1787751726569,3500,3500,3500,3500,3500,3500,3500,3500,3500,3500,3500,3500,3500,3500,3500,3500,3500,3500,3500,3500,3.254302978515625,2.7278213500976563,68.20663452148438,0.17181396484375,0.47373199462890625,0.44274139404296875,2.9503860473632813,0.466949462890625,0.27541351318359375,0.321075439453125,0.6895675659179688,0.2970733642578125,12.106719970703125,0.26019287109375,23.714004516601563,0.25290679931640625,0.2935791015625,0.30510711669921875,2.8300704956054688,0.290435791015625,0,253352.15997314453,252447.73663330078,0,34088599552,2147483648,8393199616,0
200,1787751726769,3500,3500,3500,3500,3500,3500,3500,3500,3500,3500,3500,3500,3500,3500,3500,3500,3500,3500,3500,3500,4.488319396972656,0.20470428466796875,47.639442443847656,2.7574920654296875,2.9923782348632813,0.49512481689453125,0.4442291259765625,0.48754119873046875,0.28907012939453125,0.4564056396484375,0.32903289794921875,0.32978057861328125,15.711067199707031,2.7699661254882813,39.08258819580078,0.27410125732421875,2.8133163452148438,2.841461181640625,0.33681488037109375,0.3107757568359375,0,253359.98205566406,252453.4487915039,0,34088599552,2147483648,8393199616,0
200,1787751726969,3500,3500,3500,3500,3500,3500,3500,3500,3500,3500,3500,3500,3500,3500,3500,3500,3500,3500,3500,3500,10.051429748535156,0.22327423095703125,57.72096633911133,0.13116455078125,0.3258209228515625,0.34515380859375,0.33576202392578125,2.8174514770507813,2.8390274047851563,2.8123550415039063,2.8253402709960938,0.289154052734375,31.360382080078125,0.237762451171875,5.8184661865234375,0.24979400634765625,0.2534942626953125,0.27691650390625,0.25704193115234375,0.26493072509765625,0,253369.10186767578,252460.4490966797,0,34088599552,2147483648,8393248768,0
200,1787751727170,3500,3500,3500,3500,3500,3500,3500,3500,3500,3500,3500,3500,3500,3500,3500,3500,3500,3500,3500,3500,13.534317016601563,0.288604736328125,49.22461700439453,0.19026947021484375,0.25951385498046875,0.259368896484375,0.31743621826171875,0.2936859130859375,0.2793731689453125,0.33130645751953125,0.34168243408203125,0.25213623046875,10.838829040527344,0.28745269775390625,34.481414794921875,0.2377166748046875,0.3054656982421875,0.3369903564453125,0.31110382080078125,0.301025390625,0,253379.35961914063,252468.5775756836,0,34088599552,2147483648,8393371648,0
200,1787751727370,3500,3500,3500,3500,3500,3500,3500,3500,3500,3500,3500,3500,3500,3500,3500,3500,3500,3500,3500,3500,2.0763626098632813,0.33705902099609375,100,0.13874053955078125,0.19333648681640625,2.8169097900390625,0.30527496337890625,0.31345367431640625,0.3231353759765625,0.42688751220703125,0.4791412353515625,2.9397735595703125,0.4745025634765625,0.30816650390625,2.8193511962890625,2.7940521240234375,0.35637664794921875,0.37274169921875,0.29808807373046875,2.799041748046875,0,253388.41912841797,252475.5196533203,0,34088599552,2147483648,8393371648,0
200,1787751727571,3500,3500,3500,3500,3500,3500,3500,3500,3500,3500,3500,3500,3500,3500,3500,3500,3500,3500,3500,3500,4.4941864013671875,2.6874237060546875,64.36360168457031,0.1222381591796875,0.21465301513671875,0.16188812255859375,2.7541046142578125,0.18791961669921875,0.2994384765625,0.38726806640625,1.0889816284179688,0.30228424072265625,40.025054931640625,0.17131805419921875,0.222686767578125,0.2269744873046875,0.28986358642578125,0.3258209228515625,2.7640838623046875,0.20722198486328125,0,253396.46740722656,252481.43676757813,0,34088599552,2147483648,8393359360,0
200,1787751727771,3500,3500,3500,3500,3500,3500,3500,3500,3500,3500,3500,3500,3500,3500,3500,3500,3500,3500,3500,3500,4.74627685546875,0.30129241943359375,63.72323226928711,2.7318191528320313,2.8998184204101563,0.29071044921875,0.3079833984375,0.3007965087890625,0.3693389892578125,0.3476715087890625,0.29889678955078125,0.27118682861328125,37.908451080322266,2.8088531494140625,0.3103790283203125,0.3836669921875,2.8488922119140625,2.8810958862304688,0.3028411865234375,0.3672943115234375,0,253404.36975097656,252487.21923828125,0,34088599552,2147483648,8393498624,0
200,1787751727971,3500,3500,3500,3500,3500,3500,3500,3500,3500,3500,3500,3500,3500,3500,3500,3500,3500,3500,3500,3500,22.4124755859375,0.359619140625,33.944305419921875,0.18390655517578125,0.285125732421875,0.25789642333984375,0.26789093017578125,2.8213577270507813,2.7795867919921875,2.7802886962890625,2.8722686767578125,0.30216217041015625,48.52572250366211,0.2014923095703125,0.31925201416015625,0.288726806640625,0.315704345703125,0.32654571533203125,0.2958221435546875,0.31375885009765625,0,253414.21844482422,252494.9444580078,0,34088599552,2147483648,8393555968,0
200,1787751728171,3500,3500,3500,3500,3500,3500,3500,3500,3500,3500,3500,3500,3500,3500,3500,3500,3500,3500,3500,3500,21.589073181152344,0.2214813232421875,25.023941040039063,0.240264892578125,0.2462615966796875,0.22667694091796875,0.247161865234375,0.220977783203125,0.27259063720703125,0.277740478515625,0.23447418212890625,0.27474212646484375,65.34938049316406,0.13234710693359375,0.28228759765625,0.2768402099609375,0.24896240234375,0.29007720947265625,0.2743377685546875,0.2740936279296875,0,253423.73364257813,252502.33166503906,0,34088599552,2147483648,8393830400,0
200,1787751728372,3500,3500,3500,3500,3500,3500,3500,3500,3500,3500,3500,3500,3500,3500,3500,3500,3500,3500,3500,3500,9.581825256347656,0.3149261474609375,48.31033706665039,0.24787139892578125,0.2741851806640625,2.85028076171875,0.35770416259765625,0.25311279296875,0.31986236572265625,0.2292022705078125,0.29510498046875,2.857421875,22.632347106933594,0.2758331298828125,26.119766235351563,0.28347015380859375,0.31577301025390625,0.31542205810546875,0.3360443115234375,2.8053512573242188,0,253432.73706054688,252509.20446777344,0,34088599552,2147483648,8393818112,0
200,1787751728572,3500,3500,3500,3500,3500,3500,3500,3500,3500,3500,3500,3500,3500,3500,3500,3500,3500,3500,3500,3500,3.0159835815429688,2.7770538330078125,28.19190216064453,0.22014617919921875,0.24163055419921875,0.26667022705078125,2.7962875366210938,0.17156982421875,0.300201416015625,0.22978973388671875,0.40540313720703125,0.24213409423828125,30.537010192871094,0.21199798583984375,46.60689926147461,2.7381210327148438,0.2923583984375,0.24048614501953125,2.7888946533203125,0.258026123046875,0,253442.60095214844,252516.9536743164,0,34088599552,2147483648,8394657792,0
200,1787751728772,3500,3500,3500,3500,3500,3500,3500,3500,3500,3500,3500,3500,3500,3500,3500,3500,3500,3500,3500,3500,5.082359313964844,0.24759674072265625,20.343109130859375,2.7987060546875,2.8240127563476563,0.377655029296875,0.29056549072265625,0.32575225830078125,0.30608367919921875,0.25926971435546875,0.28662109375,0.26690673828125,33.78015899658203,2.7424087524414063,49.204959869384766,0.2208404541015625,2.8100357055664063,2.7920150756835938,0.26107025146484375,0.29186248779296875,0,253451.25164794922,252523.4794921875,0,34088599552,2147483648,8395915264,0
200,1787751728973,3500,3500,3500,3500,3500,3500,3500,3500,3500,3500,3500,3500,3500,3500,3500,3500,3500,3500,3500,3500,4.203643798828125,0.26413726806640625,5.129913330078125,0.26787567138671875,0.3383026123046875,0.22283935546875,0.332611083984375,2.8556289672851563,2.8261032104492188,2.7838592529296875,1.4204788208007813,0.25061798095703125,8.933311462402344,0.240447998046875,91.08878326416016,0.16718292236328125,0.28917694091796875,0.324432373046875,0.28643035888671875,0.324188232421875,0,253461.2783203125,252531.3656616211,0,34088599552,2147483648,8397086720,0
200,1787751729173,3500,3500,3500,3500,3500,3500,3500,3500,3500,3500,3500,3500,3500,3500,3500,3500,3500,3500,3500,3500,12.845458984375,0.25501251220703125,66.104736328125,0.1650848388671875,0.2506256103515625,0.31331634521484375,0.25481414794921875,0.28508758544921875,0.3091278076171875,0.258453369140625,1.6108245849609375,0.2829437255859375,4.4405059814453125,0.26967620849609375,24.145721435546875,0.25151824951171875,0.6791534423828125,0.30065155029296875,0.323089599609375,0.35007476806640625,0,253470.46850585938,252538.44207763672,0,34088599552,2147483648,8397279232,0
200,1787751729373,3500,3500,3500,3500,3500,3500,3500,3500,3500,3500,3500,3500,3500,3500,3500,3500,3500,3500,3500,3500,2.3438186645507813,0.33283233642578125,93.1574935913086,0.14781951904296875,0.2572479248046875,2.8554763793945313,0.24222564697265625,0.363037109375,0.31610870361328125,0.3059234619140625,0.30213165283203125,2.7505416870117188,7.4415740966796875,0.305877685546875,2.9359054565429688,0.39798736572265625,0.32144927978515625,0.3145599365234375,0.36363983154296875,2.9061508178710938,0,253478.39935302734,252544.24993896484,0,34088599552,2147483648,8397348864,0
200,1787751729574,3500,3500,3500,3500,3500,3500,3500,3500,3500,3500,3500,3500,3500,3500,3500,3500,3500,3500,3500,3500,41.03352355957031,2.7290420532226563,15.992019653320313,0.2190093994140625,0.2393798828125,0.29386138916015625,2.809539794921875,0.30319976806640625,0.317230224609375,0.27922821044921875,0.31163787841796875,0.25736236572265625,53.62144088745117,0.1884002685546875,0.6148910522460938,2.8168792724609375,0.2928619384765625,0.283721923828125,0.35662841796875,0.3888397216796875,0,253487.00390625,252550.7251586914,0,34088599552,2147483648,8401068032,0
200,1787751729774,3500,3500,3500,3500,3500,3500,3500,3500,3500,3500,3500,3500,3500,3500,3500,3500,3500,3500,3500,3500,24.79840850830078,0.2424774169921875,71.29153442382813,2.6981735229492188,2.83648681640625,0.26329803466796875,0.2540130615234375,0.2726898193359375,0.242828369140625,0.3681640625,0.3414459228515625,0.2666473388671875,11.696784973144531,2.8227081298828125,0.5821304321289063,0.30169677734375,2.8777847290039063,2.8358383178710938,2.9381027221679688,0.40106964111328125,0,253497.9301147461,252559.5321044922,0,34088599552,2147483648,8401051648,0
200,1787751729974,3500,3500,3500,3500,3500,3500,3500,3500,3500,3500,3500,3500,3500,3500,3500,3500,3500,3500,3500,3500,11.401679992675781,0.2357330322265625,57.18320846557617,0.14751434326171875,0.2767333984375,0.23099517822265625,0.2853546142578125,2.7257537841796875,2.8420028686523438,2.8568649291992188,0.2953338623046875,0.23523712158203125,1.2262115478515625,0.2680511474609375,35.57588195800781,0.2293548583984375,0.2509002685546875,0.290496826171875,0.36993408203125,0.37387847900390625,0,253505.7021484375,252565.18243408203,0,34088599552,2147483648,8401088512,0
200,1787751730175,3500,3500,3500,3500,3500,3500,3500,3500,3500,3500,3500,3500,3500,3500,3500,3500,3500,3500,3500,3500,10.0068359375,0.26284027099609375,42.582950592041016,0.26853179931640625,0.20794677734375,0.25091552734375,0.345977783203125,0.27017974853515625,0.2409820556640625,0.25191497802734375,2.8258819580078125,0.26812744140625,25.2220458984375,0.21593475341796875,31.016281127929688,0.235595703125,0.3352508544921875,0.35695648193359375,0.31359100341796875,0.28105926513671875,0,253515.41174316406,252572.74578857422,0,34088599552,2147483648,8402022400,0
200,1787751730375,3500,3500,3500,3500,3500,3500,3500,3500,3500,3500,3500,3500,3500,3500,3500,3500,3500,3500,3500,3500,6.834037780761719,0.2878570556640625,98.36114501953125,0.1435546875,0.35160064697265625,2.8921661376953125,0.29095458984375,0.30083465576171875,0.26659393310546875,0.31630706787109375,0.317108154296875,2.85577392578125,0.6129074096679688,0.27283477783203125,2.8289718627929688,0.28791046142578125,0.3345794677734375,0.35434722900390625,0.29734039306640625,2.8343124389648438,0,253523.28833007813,252578.49871826172,0,34088599552,2147483648,8403767296,0
199,1787751730575,3500,3500,3500,3500,3500,3500,3500,3500,3500,3500,3500,3500,3500,3500,3500,3500,3500,3500,3500,3500,10.466888427734375,2.7708969116210938,82.009033203125,0.17461395263671875,0.484161376953125,0.4727783203125,2.9371795654296875,0.45246124267578125,0.45021820068359375,0.42740631103515625,0.45441436767578125,0.5147628784179688,15.574638366699219,0.31374359130859375,0.3741912841796875,2.8444290161132813,0.38547515869140625,0.40948486328125,0.3500823974609375,0.3019561767578125,0,253531.53125,252584.60107421875,0,34088599552,2147483648,8403955712,0
200,1787751730775,3500,3500,3500,3500,3500,3500,3500,3500,3500,3500,3500,3500,3500,3500,3500,3500,3500,3500,3500,3500,11.705741882324219,0.25151824951171875,11.271942138671875,2.7659912109375,2.9151229858398438,0.36025238037109375,0.319610595703125,0.38845062255859375,0.33385467529296875,0.3004150390625,0.24376678466796875,0.201324462890625,83.36834716796875,2.65240478515625,0.3091583251953125,0.28386688232421875,2.8863296508789063,2.9060745239257813,2.8038406372070313,0.272216796875,0,253538.6827392578,252589.65270996094,0,34088599552,2147483648,8403955712,0
200,1787751730976,3500,3500,3500,3500,3500,3500,3500,3500,3500,3500,3500,3500,3500,3500,3500,3500,3500,3500,3500,3500,17.14594268798828,0.27288055419921875,3.0678253173828125,0.22141265869140625,0.2799224853515625,0.2365875244140625,0.18511199951171875,2.7800216674804688,2.8211517333984375,2.754608154296875,0.24167633056640625,0.25640869140625,46.422908782958984,0.17752838134765625,39.45773696899414,0.25545501708984375,0.377166748046875,0.38006591796875,0.32100677490234375,0.2830657958984375,0,253547.98468017578,252596.91430664063,0,34088599552,2147483648,8404361216,0
200,1787751731176,3500,3500,3500,3500,3500,3500,3500,3500,3500,3500,3500,3500,3500,3500,3500,3500,3500,3500,3500,3500,5.0294189453125,0.3174896240234375,55.1567497253418,0.1918792724609375,0.31549072265625,0.319488525390625,0.28802490234375,0.323577880859375,0.3001556396484375,0.2818756103515625,2.8946990966796875,0.3151397705078125,5.01348876953125,0.2744903564453125,23.25220489501953,0.344757080078125,23.84423065185547,0.3451080322265625,0.4307098388671875,0.4058380126953125,0,253556.20288085938,252602.88555908203,0,34088599552,2147483648,8405401600,0
200,1787751731376,3500,3500,3500,3500,3500,3500,3500,3500,3500,3500,3500,3500,3500,3500,3500,3500,3500,3500,3500,3500,2.044586181640625,0.3302154541015625,100,0.1491241455078125,0.29166412353515625,2.7946624755859375,0.25455474853515625,0.3568878173828125,0.36757659912109375,0.3011016845703125,0.291412353515625,2.8485488891601563,0.432098388671875,0.33760833740234375,2.8554458618164063,0.302947998046875,0.42670440673828125,0.446929931640625,0.40822601318359375,2.9338531494140625,0,253564.11962890625,252608.71063232422,0,34088599552,2147483648,8405401600,0
200,1787751731577,3500,3500,3500,3500,3500,3500,3500,3500,3500,3500,3500,3500,3500,3500,3500,3500,3500,3500,3500,3500,6.832054138183594,2.8328628540039063,47.098514556884766,0.18082427978515625,0.27515411376953125,0.217254638671875,2.8075103759765625,0.20013427734375,0.26212310791015625,0.2811431884765625,0.8248062133789063,0.3045501708984375,52.36181640625,0.19908905029296875,0.38260650634765625,2.8655014038085938,0.40102386474609375,0.39199066162109375,0.38779449462890625,0.38425445556640625,0,253572.87463378906,252615.31817626953,0,34088599552,2147483648,8405602304,0
200,1787751731777,3500,3500,3500,3500,3500,3500,3500,3500,3500,3500,3500,3500,3500,3500,3500,3500,3500,3500,3500,3500,16.335723876953125,0.213958740234375,9.386604309082031,2.8414077758789063,2.7885284423828125,0.24034881591796875,0.283050537109375,0.16796875,0.27980804443359375,0.2180023193359375,0.5592193603515625,0.22857666015625,70.54814910888672,2.6834716796875,18.20624542236328,0.22368621826171875,9.006523132324219,2.7891769409179688,15.343391418457031,0.34476470947265625,0,253580.75701904297,252621.0390625,0,34088599552,2147483648,8407457792,0
199,1787751731978,3500,3500,3500,3500,3500,3500,3500,3500,3500,3500,3500,3500,3500,3500,3500,3500,3500,3500,3500,3500,16.94268798828125,0.2702178955078125,57.82680130004883,0.23006439208984375,0.35247802734375,0.27346038818359375,0.2896728515625,2.90655517578125,2.7526168823242188,2.8060379028320313,0.27286529541015625,0.3133697509765625,28.824905395507813,0.2807464599609375,0.43633270263671875,0.279998779296875,0.3756256103515625,0.29291534423828125,0.41712188720703125,0.4123382568359375,0,253590.6533203125,252628.8182373047,0,34088599552,2147483648,8407457792,0
200,1787751732178,3500,3500,3500,3500,3500,3500,3500,3500,3500,3500,3500,3500,3500,3500,3500,3500,3500,3500,3500,3500,10.364776611328125,0.25119781494140625,79.63611602783203,0.17246246337890625,0.293243408203125,0.26544952392578125,0.2874908447265625,0.36187744140625,0.23105621337890625,0.37342071533203125,2.8084259033203125,0.3242340087890625,20.106735229492188,0.25919342041015625,1.1190719604492188,0.33628082275390625,0.34297943115234375,0.2641448974609375,0.34527587890625,0.3584747314453125,0,253600.13317871094,252636.16229248047,0,34088599552,2147483648,8407572480,0
200,1787751732378,3500,3500,3500,3500,3500,3500,3500,3500,3500,3500,3500,3500,3500,3500,3500,3500,3500,3500,3500,3500,22.299575805664063,0.27165985107421875,79.89863586425781,0.15459442138671875,0.29925537109375,2.837188720703125,0.26537322998046875,0.2957611083984375,0.3714599609375,0.390716552734375,0.2694091796875,2.8484115600585938,0.6601791381835938,0.2738494873046875,2.806243896484375,0.28981781005859375,0.27484893798828125,0.29366302490234375,0.3068389892578125,2.869171142578125,0,253609.4234008789,252643.33856201172,0,34088599552,2147483648,8407556096,0
199,1787751732578,3500,3500,3500,3500,3500,3500,3500,3500,3500,3500,3500,3500,3500,3500,3500,3500,3500,3500,3500,3500,24.3184814453125,2.8040313720703125,6.8171539306640625,0.212738037109375,0.364227294921875,0.420684814453125,2.832977294921875,0.33797454833984375,0.28276824951171875,0.244232177734375,0.27577972412109375,0.2029571533203125,16.872451782226563,0.24493408203125,62.39656448364258,2.6927719116210938,0.29819488525390625,0.2835693359375,0.5138778686523438,0.5070343017578125,0,253618.65142822266,252650.43841552734,0,34088599552,2147483648,8408801280,0
200,1787751732778,3500,3500,3500,3500,3500,3500,3500,3500,3500,3500,3500,3500,3500,3500,3500,3500,3500,3500,3500,3500,13.008338928222656,0.24787139892578125,2.53424072265625,2.7838668823242188,0.30181884765625,0.2647705078125,0.27892303466796875,0.33116912841796875,0.37155914306640625,0.3278656005859375,0.5951919555664063,0.43630218505859375,75.46922302246094,2.6881790161132813,17.013534545898438,0.3524169921875,2.8159637451171875,2.8485641479492188,2.8876113891601563,0.36721038818359375,0,253629.59637451172,252659.25854492188,0,34088599552,2147483648,8409133056,0
200,1787751732979,3500,3500,3500,3500,3500,3500,3500,3500,3500,3500,3500,3500,3500,3500,3500,3500,3500,3500,3500,3500,1.858673095703125,0.26436614990234375,13.913497924804688,0.220306396484375,2.7601470947265625,0.21546173095703125,0.23412322998046875,2.7530593872070313,2.8458251953125,2.8627395629882813,0.3223419189453125,0.3784332275390625,88.26039123535156,0.133880615234375,0.27489471435546875,0.290557861328125,0.27154541015625,0.2926025390625,0.34914398193359375,0.3599700927734375,0,253638.34228515625,252665.87634277344,0,34088599552,2147483648,8409133056,0
200,1787751733179,3500,3500,3500,3500,3500,3500,3500,3500,3500,3500,3500,3500,3500,3500,3500,3500,3500,3500,3500,3500,33.48400115966797,0.26177978515625,70.56871032714844,0.1871337890625,0.31964874267578125,0.2403106689453125,0.28868865966796875,0.25952911376953125,0.2645721435546875,0.26727294921875,2.8395843505859375,0.245452880859375,4.429229736328125,0.24645233154296875,1.327423095703125,0.25174713134765625,0.2977752685546875,0.334228515625,0.346710205078125,0.35260009765625,0,253646.99829101563,252672.3905029297,0,34088599552,2147483648,8409251840,0
199,1787751733379,3500,3500,3500,3500,3500,3500,3500,3500,3500,3500,3500,3500,3500,3500,3500,3500,3500,3500,3500,3500,3.320892333984375,0.881988525390625,60.6175651550293,8.44830322265625,0.2837982177734375,2.7746200561523438,0.24086761474609375,0.2691192626953125,0.2376708984375,0.26886749267578125,0.28404998779296875,2.8557357788085938,32.85161590576172,0.2415618896484375,0.6453170776367188,0.2779083251953125,0.29183197021484375,0.27725982666015625,0.29742431640625,2.81610107421875,0,253656.28704833984,252679.54852294922,0,34088599552,2147483648,8409948160,0
200,1787751733579,3500,3500,3500,3500,3500,3500,3500,3500,3500,3500,3500,3500,3500,3500,3500,3500,3500,3500,3500,3500,1.8406448364257813,3.8225784301757813,2.82916259765625,1.4770278930664063,0.47936248779296875,0.3668670654296875,2.931060791015625,0.36517333984375,0.36402130126953125,0.35077667236328125,0.27121734619140625,0.2740631103515625,16.840438842773438,0.31304931640625,86.81391906738281,2.7306137084960938,0.33278656005859375,0.36182403564453125,0.34058380126953125,0.35512542724609375,0,253664.8631591797,252686.01220703125,0,34088599552,2147483648,8409944064,0
200,1787751733780,3500,3500,3500,3500,3500,3500,3500,3500,3500,3500,3500,3500,3500,3500,3500,3500,3500,3500,3500,3500,11.933547973632813,1.3821029663085938,0.172882080078125,45.48922348022461,0.23323822021484375,0.2732391357421875,0.2955322265625,0.31099700927734375,0.2826690673828125,0.25498199462890625,0.29558563232421875,0.7900848388671875,0.9205703735351563,2.8545379638671875,48.71052169799805,0.19806671142578125,2.8136367797851563,2.794830322265625,2.8058013916015625,0.2906494140625,0,253672.62884521484,252691.6436767578,0,34088599552,2147483648,8410259456,0
199,1787751733980,3500,3500,3500,3500,3500,3500,3500,3500,3500,3500,3500,3500,3500,3500,3500,3500,3500,3500,3500,3500,12.178764343261719,1.0179901123046875,0.17547607421875,10.902748107910156,2.8186798095703125,0.255767822265625,0.2649078369140625,2.71441650390625,2.9157562255859375,2.8050460815429688,0.2295074462890625,0.31304931640625,34.09272766113281,0.23600006103515625,54.57547378540039,0.175872802734375,0.2743988037109375,0.276397705078125,0.28128814697265625,0.2819366455078125,0,253681.54852294922,252698.42388916016,0,34088599552,2147483648,8410677248,0
200,1787751734180,3500,3500,3500,3500,3500,3500,3500,3500,3500,3500,3500,3500,3500,3500,3500,3500,3500,3500,3500,3500,19.437850952148438,1.2544021606445313,0.20725250244140625,36.18484115600586,0.2900848388671875,0.229248046875,0.24439239501953125,0.14581298828125,0.258087158203125,0.23624420166015625,2.8010406494140625,0.29073333740234375,29.88977813720703,0.26428985595703125,23.452606201171875,0.21305084228515625,0.29543304443359375,0.2461395263671875,0.25528717041015625,0.274688720703125,0,253690.66485595703,252705.40942382813,0,34088599552,2147483648,8410800128,0
200,1787751734380,3500,3500,3500,3500,3500,3500,3500,3500,3500,3500,3500,3500,3500,3500,3500,3500,3500,3500,3500,3500,3.649322509765625,1.6625137329101563,0.22904205322265625,39.567596435546875,0.4758758544921875,2.9817352294921875,0.37682342529296875,0.42675018310546875,0.41510009765625,0.4521331787109375,0.3500823974609375,2.9451522827148438,59.36990737915039,0.20160675048828125,0.310455322265625,0.322998046875,0.3101043701171875,0.3146514892578125,0.3173980712890625,2.813262939453125,0,253699.84173583984,252712.47137451172,0,34088599552,2147483648,8410800128,0
200,1787751734581,3500,3500,3500,3500,3500,3500,3500,3500,3500,3500,3500,3500,3500,3500,3500,3500,3500,3500,3500,3500,14.842315673828125,4.124137878417969,2.792510986328125,1.3071823120117188,0.37109375,0.5043869018554688,2.9274978637695313,0.3551788330078125,0.510223388671875,0.5131149291992188,0.4073638916015625,0.516357421875,86.86579132080078,0.1696624755859375,2.8414459228515625,2.8263778686523438,0.33856964111328125,0.32769775390625,0.3334808349609375,0.318115234375,0,253711.09588623047,252721.60626220703,0,34088599552,2147483648,8410800128,0
199,1787751734781,3500,3500,3500,3500,3500,3500,3500,3500,3500,3500,3500,3500,3500,3500,3500,3500,3500,3500,3500,3500,30.281326293945313,0.9328384399414063,0.13580322265625,51.648277282714844,0.357177734375,0.40940093994140625,0.41873931884765625,0.4054107666015625,0.3459930419921875,0.3962249755859375,0.30825042724609375,0.5422134399414063,28.833282470703125,2.712799072265625,14.678634643554688,0.22003173828125,5.2568511962890625,2.7647781372070313,2.8112564086914063,0.21124267578125,0,253720.05255126953,252728.41278076172,0,34088599552,2147483648,8412798976,0
200,1787751734981,3500,3500,3500,3500,3500,3500,3500,3500,3500,3500,3500,3500,3500,3500,3500,3500,3500,3500,3500,3500,4.248260498046875,1.336944580078125,0.329376220703125,12.525489807128906,2.9700851440429688,0.5277252197265625,0.407135009765625,0.5213775634765625,2.984527587890625,3.05633544921875,0.43182373046875,0.5441665649414063,1.0399551391601563,0.45175933837890625,91.20753479003906,0.1811065673828125,0.360107421875,0.35086822509765625,0.33731842041015625,0.36420440673828125,0,253728.46258544922,252734.70831298828,0,34088599552,2147483648,8412782592,0
200,1787751735182,3500,3500,3500,3500,3500,3500,3500,3500,3500,3500,3500,3500,3500,3500,3500,3500,3500,3500,3500,3500,11.494842529296875,1.519989013671875,0.164947509765625,75.58978271484375,0.28362274169921875,0.256622314453125,0.2912139892578125,2.7441253662109375,0.26276397705078125,0.27623748779296875,2.7843551635742188,0.29221343994140625,4.043975830078125,0.331085205078125,18.18347930908203,0.32190704345703125,0.24729156494140625,0.30847930908203125,0.281829833984375,0.26641082763671875,0,253735.57666015625,252740.1707763672,0,34088599552,2147483648,8412753920,0
200,1787751735382,3500,3500,3500,3500,3500,3500,3500,3500,3500,3500,3500,3500,3500,3500,3500,3500,3500,3500,3500,3500,2.5136566162109375,1.7352676391601563,0.14990997314453125,100,0.3020782470703125,2.7715225219726563,0.32525634765625,0.3053741455078125,0.35697174072265625,0.4369049072265625,0.4046783447265625,2.9627456665039063,0.5209274291992188,0.41327667236328125,0.41806793212890625,0.42465972900390625,0.35198211669921875,0.30802154541015625,0.32830047607421875,2.8141326904296875,0,253744.37335205078,252746.71166992188,0,34088599552,2147483648,8412753920,0
199,1787751735582,3500,3500,3500,3500,3500,3500,3500,3500,3500,3500,3500,3500,3500,3500,3500,3500,3500,3500,3500,3500,46.1651725769043,3.7882766723632813,2.68829345703125,35.960662841796875,0.8068923950195313,0.23549652099609375,2.7783966064453125,0.25278472900390625,0.22161102294921875,0.2605743408203125,0.34613037109375,0.27750396728515625,25.56085205078125,0.2232666015625,2.8580169677734375,2.7648162841796875,0.2333984375,0.2825469970703125,0.261474609375,0.25762939453125,0,253755.1942138672,252755.5343017578,0,34088599552,2147483648,8414593024,0
200,1787751735782,3500,3500,3500,3500,3500,3500,3500,3500,3500,3500,3500,3500,3500,3500,3500,3500,3500,3500,3500,3500,23.75171661376953,1.657562255859375,0.171966552734375,67.0390853881836,0.17311859130859375,0.26630401611328125,0.30414581298828125,0.2944488525390625,0.28859710693359375,0.27014923095703125,0.1893157958984375,0.3416900634765625,13.3267822265625,2.79486083984375,0.3892822265625,0.27774810791015625,2.8028640747070313,2.8067626953125,2.8112640380859375,0.2863006591796875,0,253766.1333618164,252764.31365966797,0,34088599552,2147483648,8415453184,0
200,1787751735982,3500,3500,3500,3500,3500,3500,3500,3500,3500,3500,3500,3500,3500,3500,3500,3500,3500,3500,3500,3500,4.30621337890625,1.33721923828125,0.1874237060546875,26.398170471191406,2.898040771484375,0.28722381591796875,0.39984893798828125,0.2865753173828125,0.28228759765625,2.7805252075195313,0.3050384521484375,0.30902862548828125,53.5064697265625,0.21022796630859375,24.51763916015625,0.3205108642578125,0.314117431640625,0.32524871826171875,0.3128204345703125,0.32360076904296875,0,253775.63452148438,252771.3485107422,0,34088599552,2147483648,8415522816,0
200,1787751736183,3500,3500,3500,3500,3500,3500,3500,3500,3500,3500,3500,3500,3500,3500,3500,3500,3500,3500,3500,3500,32.41581726074219,0.9584121704101563,0.2101287841796875,20.48790740966797,0.30515289306640625,0.3185882568359375,0.36443328857421875,2.8136215209960938,2.7480545043945313,0.26705169677734375,2.7471542358398438,0.2630615234375,12.803276062011719,0.20308685302734375,50.50941848754883,0.22560882568359375,0.41741180419921875,0.4392852783203125,0.26430511474609375,0.2686004638671875,0,253783.8526611328,252777.4031982422,0,34088599552,2147483648,8417566720,0
200,1787751736383,3500,3500,3500,3500,3500,3500,3500,3500,3500,3500,3500,3500,3500,3500,3500,3500,3500,3500,3500,3500,4.846824645996094,1.5882415771484375,0.1078643798828125,98.33035278320313,0.3884735107421875,2.9746780395507813,0.44821929931640625,0.349639892578125,0.3023223876953125,0.17649078369140625,0.30402374267578125,2.8105621337890625,0.7376708984375,0.268829345703125,0.287353515625,0.26239013671875,0.498931884765625,0.49553680419921875,0.27147674560546875,0.2779693603515625,0,253792.7608642578,252784.3494873047,0,34088599552,2147483648,8417566720,0
200,1787751736583,3500,3500,3500,3500,3500,3500,3500,3500,3500,3500,3500,3500,3500,3500,3500,3500,3500,3500,3500,3500,9.526023864746094,3.8785476684570313,2.7651596069335938,43.64195251464844,0.35941314697265625,0.261322021484375,2.64111328125,0.31398773193359375,0.43115234375,0.32297515869140625,0.30206298828125,0.3953094482421875,40.404563903808594,0.23656463623046875,13.0667724609375,2.8416366577148438,0.464447021484375,0.4731292724609375,0.32996368408203125,2.8330001831054688,0,253800.9116821289,252790.53887939453,0,34088599552,2147483648,8417734656,0
200,1787751736783,3500,3500,3500,3500,3500,3500,3500,3500,3500,3500,3500,3500,3500,3500,3500,3500,3500,3500,3500,3500,9.526344299316406,1.2085418701171875,0.2039794921875,25.063873291015625,0.3007965087890625,0.299102783203125,0.39801788330078125,0.2458953857421875,0.28900909423828125,0.2668304443359375,0.285064697265625,0.3594512939453125,32.94059753417969,2.792816162109375,37.37594223022461,0.23265838623046875,0.9055938720703125,2.8456268310546875,2.8043594360351563,0.29290771484375,0,253809.12048339844,252796.69842529297,0,34088599552,2147483648,8418586624,0
200,1787751736984,3500,3500,3500,3500,3500,3500,3500,3500,3500,3500,3500,3500,3500,3500,3500,3500,3500,3500,3500,3500,12.833854675292969,0.8276824951171875,0.09502410888671875,65.83132934570313,2.8097991943359375,0.25875091552734375,0.30698394775390625,0.26958465576171875,0.25804901123046875,2.7294082641601563,0.28192138671875,0.19488525390625,2.2399215698242188,0.19034576416015625,7.959693908691406,0.22354888916015625,25.564300537109375,0.22669219970703125,0.283416748046875,0.23038482666015625,0,253819.1219482422,252804.0991821289,0,34088599552,2147483648,8421302272,0
200,1787751737184,3500,3500,3500,3500,3500,3500,3500,3500,3500,3500,3500,3500,3500,3500,3500,3500,3500,3500,3500,3500,17.907005310058594,0.94708251953125,0.18720245361328125,85.53655242919922,0.360992431640625,0.36946868896484375,0.25696563720703125,2.8778610229492188,2.7698440551757813,0.29726409912109375,2.8184661865234375,0.3346099853515625,5.261627197265625,0.314910888671875,0.447265625,0.29955291748046875,0.33376312255859375,0.31591033935546875,0.4477081298828125,0.43694305419921875,0,253829.16583251953,252812.01879882813,0,34088599552,2147483648,8421347328,0
200,1787751737385,3500,3500,3500,3500,3500,3500,3500,3500,3500,3500,3500,3500,3500,3500,3500,3500,3500,3500,3500,3500,17.38890838623047,1.6445159912109375,0.19988250732421875,69.25884246826172,0.323944091796875,0.23567962646484375,0.29763031005859375,0.250457763671875,0.27976226806640625,0.35993194580078125,0.2769622802734375,2.7991485595703125,15.881324768066406,0.258544921875,0.28585052490234375,0.28814697265625,0.30242156982421875,0.2780609130859375,0.38100433349609375,0.3844451904296875,0,253837.17218017578,252817.89617919922,0,34088599552,2147483648,8421343232,0
200,1787751737585,3500,3500,3500,3500,3500,3500,3500,3500,3500,3500,3500,3500,3500,3500,3500,3500,3500,3500,3500,3500,24.359580993652344,3.8700027465820313,2.7179489135742188,55.33427429199219,0.31311798095703125,2.751556396484375,0.285400390625,0.33624267578125,0.41025543212890625,0.4903564453125,0.39951324462890625,0.52880859375,24.95660400390625,0.2776641845703125,2.92120361328125,2.8887939453125,0.418243408203125,0.39621734619140625,0.3944244384765625,2.9064712524414063,0,253845.23388671875,252823.83044433594,0,34088599552,2147483648,8422563840,0
199,1787751737785,3500,3500,3500,3500,3500,3500,3500,3500,3500,3500,3500,3500,3500,3500,3500,3500,3500,3500,3500,3500,28.776458740234375,1.043670654296875,0.19400787353515625,28.128395080566406,0.2832183837890625,0.268096923828125,2.7671051025390625,0.28716278076171875,0.317169189453125,0.3884124755859375,0.31342315673828125,0.6270523071289063,10.806610107421875,2.8470840454101563,39.307838439941406,0.220916748046875,0.467041015625,2.9820785522460938,2.8762359619140625,0.31102752685546875,0,253853.28186035156,252829.75427246094,0,34088599552,2147483648,8424230912,0
200,1787751737985,3500,3500,3500,3500,3500,3500,3500,3500,3500,3500,3500,3500,3500,3500,3500,3500,3500,3500,3500,3500,11.58282470703125,1.2047576904296875,0.27256011962890625,46.95435333251953,2.810211181640625,0.2092132568359375,0.3383941650390625,0.3638916015625,0.39958953857421875,3.0676193237304688,0.36943817138671875,0.54266357421875,31.25452423095703,0.303802490234375,20.133079528808594,0.30084991455078125,2.9597320556640625,0.4139862060546875,0.33589935302734375,0.37569427490234375,0,253862.29986572266,252836.6561279297,0,34088599552,2147483648,8424230912,0
200,1787751738185,3500,3500,3500,3500,3500,3500,3500,3500,3500,3500,3500,3500,3500,3500,3500,3500,3500,3500,3500,3500,3.4568939208984375,1.00262451171875,0.23537445068359375,11.088142395019531,0.24161529541015625,0.21474456787109375,0.27472686767578125,2.846160888671875,2.7945709228515625,0.2219390869140625,2.8308258056640625,0.30509185791015625,46.675498962402344,0.202362060546875,47.775508880615234,0.2255859375,0.41326904296875,0.3929901123046875,0.2654876708984375,0.3022918701171875,0,253870.67236328125,252842.89776611328,0,34088599552,2147483648,8424398848,0
199,1787751738386,3500,3500,3500,3500,3500,3500,3500,3500,3500,3500,3500,3500,3500,3500,3500,3500,3500,3500,3500,3500,16.18151092529297,1.3648757934570313,0.20813751220703125,51.64219665527344,0.30973052978515625,0.26995849609375,0.22260284423828125,0.2429656982421875,0.27375030517578125,0.21746826171875,0.28802490234375,2.7871856689453125,9.669601440429688,0.2351837158203125,27.154762268066406,0.2874755859375,16.011749267578125,0.30973052978515625,0.29456329345703125,0.27205657958984375,0,253879.86553955078,252849.9256591797,0,34088599552,2147483648,8426332160,0
199,1787751738586,3500,3500,3500,3500,3500,3500,3500,3500,3500,3500,3500,3500,3500,3500,3500,3500,3500,3500,3500,3500,17.245750427246094,3.8841018676757813,2.6884918212890625,64.51095581054688,0.33056640625,2.7966995239257813,0.26624298095703125,0.24010467529296875,0.29547882080078125,0.23105621337890625,0.28818511962890625,0.40413665771484375,21.252655029296875,0.2530975341796875,2.9902191162109375,2.9415359497070313,0.30377197265625,0.3249664306640625,0.32326507568359375,2.810791015625,0,253888.94604492188,252856.88793945313,0,34088599552,2147483648,8426528768,0
200,1787751738786,3500,3500,3500,3500,3500,3500,3500,3500,3500,3500,3500,3500,3500,3500,3500,3500,3500,3500,3500,3500,16.35334014892578,1.3573074340820313,0.19823455810546875,25.758041381835938,0.3072509765625,0.2650146484375,2.787841796875,0.31185150146484375,0.34178924560546875,0.30025482177734375,0.28485870361328125,0.8628692626953125,49.90955352783203,0.27451324462890625,12.841636657714844,0.48174285888671875,0.298553466796875,2.83367919921875,2.8185882568359375,0.3009033203125,0,253896.3627319336,252862.1713256836,0,34088599552,2147483648,8426930176,0
200,1787751738986,3500,3500,3500,3500,3500,3500,3500,3500,3500,3500,3500,3500,3500,3500,3500,3500,3500,3500,3500,3500,8.329696655273438,1.0706405639648438,0.2328338623046875,4.560981750488281,2.783966064453125,0.24465179443359375,0.27931976318359375,0.2643585205078125,0.246795654296875,2.7738418579101563,0.29563140869140625,0.18360137939453125,19.965782165527344,2.7274017333984375,78.97819519042969,0.14315032958984375,2.7764816284179688,0.26764678955078125,0.287994384765625,0.268646240234375,0,253906.49298095703,252870.18286132813,0,34088599552,2147483648,8427126784,0
200,1787751739187,3500,3500,3500,3500,3500,3500,3500,3500,3500,3500,3500,3500,3500,3500,3500,3500,3500,3500,3500,3500,12.163932800292969,0.8373031616210938,0.20552825927734375,3.581268310546875,0.2525787353515625,0.1815032958984375,0.17301177978515625,2.721038818359375,2.7539520263671875,0.2249603271484375,2.8266220092773438,0.16072845458984375,17.150650024414063,0.225860595703125,57.29909133911133,0.17730712890625,25.374046325683594,0.17916107177734375,0.238494873046875,0.2421875,0,253914.94409179688,252876.47509765625,0,34088599552,2147483648,8428388352,0
200,1787751739387,3500,3500,3500,3500,3500,3500,3500,3500,3500,3500,3500,3500,3500,3500,3500,3500,3500,3500,3500,3500,1.8024826049804688,1.6902618408203125,0.1777801513671875,71.36038970947266,0.302398681640625,0.243438720703125,0.2758636474609375,0.26741790771484375,0.33292388916015625,0.419219970703125,0.3831939697265625,1.6203079223632813,0.45989227294921875,0.3262786865234375,0.31723785400390625,0.31438446044921875,29.2725830078125,0.33692169189453125,0.30394744873046875,0.3360748291015625,0,253923.24285888672,252882.6541748047,0,34088599552,2147483648,8428388352,0
200,1787751739587,3500,3500,3500,3500,3500,3500,3500,3500,3500,3500,3500,3500,3500,3500,3500,3500,3500,3500,3500,3500,2.2060317993164063,3.9164581298828125,0.18962860107421875,79.9260482788086,0.2807464599609375,2.8415679931640625,0.39754486083984375,0.28479766845703125,0.40134429931640625,0.51104736328125,0.41687774658203125,1.8697357177734375,21.37079620361328,0.3645782470703125,2.8724365234375,2.8913726806640625,0.49680328369140625,0.42636871337890625,0.36142730712890625,2.8302764892578125,0,253932.7554321289,252890.05438232422,0,34088599552,2147483648,8428515328,0
200,1787751739787,3500,3500,3500,3500,3500,3500,3500,3500,3500,3500,3500,3500,3500,3500,3500,3500,3500,3500,3500,3500,11.019363403320313,1.6183624267578125,2.7170486450195313,2.1993179321289063,0.18715667724609375,0.215240478515625,2.75128173828125,0.32088470458984375,0.36815643310546875,0.4586639404296875,0.3329315185546875,0.5030441284179688,92.16679382324219,0.12723541259765625,0.30324554443359375,0.24112701416015625,0.28165435791015625,0.2765045166015625,2.77001953125,0.29549407958984375,0,253941.1898803711,252896.35327148438,0,34088599552,2147483648,8429191168,0
200,1787751739988,3500,3500,3500,3500,3500,3500,3500,3500,3500,3500,3500,3500,3500,3500,3500,3500,3500,3500,3500,3500,5.376823425292969,1.3604202270507813,0.23183441162109375,28.005706787109375,2.7791595458984375,0.1650848388671875,0.2671051025390625,0.2989349365234375,0.46855926513671875,0.46970367431640625,0.38404083251953125,0.397064208984375,46.00924301147461,2.8528900146484375,31.50934600830078,0.25572967529296875,2.8224105834960938,2.8152313232421875,0.3150482177734375,0.28197479248046875,0,253951.9301147461,252904.9599609375,0,34088599552,2147483648,8429674496,0
200,1787751740188,3500,3500,3500,3500,3500,3500,3500,3500,3500,3500,3500,3500,3500,3500,3500,3500,3500,3500,3500,3500,12.724967956542969,1.0565948486328125,0.2826385498046875,9.917579650878906,0.24922943115234375,0.31465911865234375,0.2679595947265625,2.7469558715820313,2.83935546875,2.8602828979492188,2.83135986328125,0.35326385498046875,45.17561340332031,0.18235015869140625,43.75386428833008,0.24193572998046875,0.28524017333984375,0.3100128173828125,0.31156158447265625,0.28723907470703125,0,253960.41766357422,252911.31689453125,0,34088599552,2147483648,8429674496,0
200,1787751740388,3500,3500,3500,3500,3500,3500,3500,3500,3500,3500,3500,3500,3500,3500,3500,3500,3500,3500,3500,3500,41.08542251586914,1.5754470825195313,0.20453643798828125,27.028663635253906,0.312225341796875,0.23929595947265625,0.29758453369140625,0.31427001953125,0.3308563232421875,0.2382965087890625,0.266571044921875,0.22960662841796875,0.5587158203125,0.3118743896484375,34.54597473144531,0.2462921142578125,0.3232574462890625,0.2755584716796875,0.30118560791015625,0.29189300537109375,0,253968.16235351563,252916.9458618164,0,34088599552,2147483648,8429666304,0
200,1787751740588,3500,3500,3500,3500,3500,3500,3500,3500,3500,3500,3500,3500,3500,3500,3500,3500,3500,3500,3500,3500,17.467247009277344,3.359832763671875,0.12270355224609375,79.4273681640625,0.28948974609375,2.771575927734375,0.20906829833984375,0.23712158203125,0.2431640625,0.19309234619140625,0.23278045654296875,2.800628662109375,9.283317565917969,0.22998046875,3.1083831787109375,2.8346710205078125,0.253143310546875,0.2554931640625,0.2869415283203125,2.7469100952148438,0,253978.41748046875,252925.04278564453,0,34088599552,2147483648,8430616576,0
200,1787751740788,3500,3500,3500,3500,3500,3500,3500,3500,3500,3500,3500,3500,3500,3500,3500,3500,3500,3500,3500,3500,22.43334197998047,1.4702682495117188,2.790496826171875,40.6689567565918,1.71722412109375,0.2723236083984375,2.81207275390625,0.3643798828125,0.28845977783203125,0.2698822021484375,0.35439300537109375,9.296455383300781,31.653274536132813,0.29430389404296875,93.93949127197266,0.16808319091796875,21.822158813476563,0.28556060791015625,9.092758178710938,0.35533905029296875,0,253990.21459960938,252934.6527709961,0,34088599552,2147483648,8457670656,0
199,1787751740989,3500,3500,3500,3500,3500,3500,3500,3500,3500,3500,3500,3500,3500,3500,3500,3500,3500,3500,3500,3500,29.025970458984375,0.33156585693359375,0.201385498046875,76.00862884521484,3.82550048828125,0.35662841796875,0.222808837890625,0.265899658203125,0.5456771850585938,0.2697906494140625,0.22679901123046875,2.3255767822265625,69.8088150024414,2.75201416015625,84.79518127441406,0.17067718505859375,44.46173858642578,2.7809295654296875,45.3685417175293,0.3032989501953125,0,254003.79528808594,252946.03582763672,0,34088599552,2147483648,8472645632,0
200,1787751741189,3500,3500,3500,3500,3500,3500,3500,3500,3500,3500,3500,3500,3500,3500,3500,3500,3500,3500,3500,3500,33.87528991699219,0.3127288818359375,0.2492523193359375,44.83470153808594,1.9317092895507813,0.3382720947265625,0.3281707763671875,2.83001708984375,2.8865966796875,2.83856201171875,2.7932281494140625,13.820114135742188,58.1428108215332,0.26294708251953125,30.293563842773438,0.28179168701171875,43.102012634277344,0.33087158203125,43.29918670654297,0.2648468017578125,0,254016.56951904297,252956.60125732422,0,34088599552,2147483648,8482877440,0
200,1787751741389,3500,3500,3500,3500,3500,3500,3500,3500,3500,3500,3500,3500,3500,3500,3500,3500,3500,3500,3500,3500,26.98895263671875,0.9105987548828125,0.2534637451171875,30.999229431152344,0.23424530029296875,0.31000518798828125,0.2529144287109375,0.2490692138671875,0.4841156005859375,0.34149169921875,0.3761749267578125,0.583526611328125,36.55512619018555,0.25206756591796875,7.195335388183594,0.31259918212890625,7.046028137207031,0.2416839599609375,26.131507873535156,0.24303436279296875,0,254027.72009277344,252965.61114501953,0,34088599552,2147483648,8443846656,0
199,1787751741590,3500,3500,3500,3500,3500,3500,3500,3500,3500,3500,3500,3500,3500,3500,3500,3500,3500,3500,3500,3500,6.1484832763671875,1.7128448486328125,0.1959991455078125,39.66051483154297,0.3582611083984375,2.8530120849609375,0.345733642578125,0.2620849609375,0.3090972900390625,0.29532623291015625,0.352325439453125,2.896484375,57.215755462646484,0.2303924560546875,2.8392868041992188,2.8709793090820313,0.31633758544921875,0.3263702392578125,0.3267669677734375,2.8946380615234375,0,254037.47882080078,252973.70819091797,0,34088599552,2147483648,8443863040,0
200,1787751741790,3500,3500,3500,3500,3500,3500,3500,3500,3500,3500,3500,3500,3500,3500,3500,3500,3500,3500,3500,3500,10.114578247070313,4.157142639160156,2.7458114624023438,34.694480895996094,0.26436614990234375,0.30524444580078125,2.792083740234375,0.30474853515625,0.2606201171875,0.28430938720703125,0.3006439208984375,1.8336715698242188,59.80051040649414,0.22368621826171875,0.346527099609375,0.3029937744140625,0.30904388427734375,0.3054962158203125,2.8193206787109375,0.3387298583984375,0,254044.92669677734,252978.98107910156,0,34088599552,2147483648,8443039744,0
200,1787751741990,3500,3500,3500,3500,3500,3500,3500,3500,3500,3500,3500,3500,3500,3500,3500,3500,3500,3500,3500,3500,12.029563903808594,1.3338088989257813,0.15782928466796875,56.516151428222656,2.7664031982421875,0.21437835693359375,0.2594146728515625,0.24649810791015625,0.3832855224609375,0.3414459228515625,0.4311065673828125,0.33501434326171875,39.542762756347656,2.7020797729492188,0.3065338134765625,0.25452423095703125,2.7774734497070313,2.7670516967773438,0.2475433349609375,0.25228118896484375,0,254054.84838867188,252986.38525390625,0,34088599552,2147483648,8442793984,0
200,1787751742191,3500,3500,3500,3500,3500,3500,3500,3500,3500,3500,3500,3500,3500,3500,3500,3500,3500,3500,3500,3500,12.573394775390625,1.2772064208984375,0.3574066162109375,2.8953628540039063,0.37441253662109375,0.3756561279296875,0.41410064697265625,2.9656143188476563,3.0043563842773438,3.0307846069335938,3.0003738403320313,0.5186614990234375,19.8511962890625,0.333770751953125,77.10201263427734,0.23809051513671875,0.398895263671875,0.34648895263671875,0.40029144287109375,0.42896270751953125,0,254063.5255126953,252992.880859375,0,34088599552,2147483648,8442634240,0
199,1787751742391,3500,3500,3500,3500,3500,3500,3500,3500,3500,3500,3500,3500,3500,3500,3500,3500,3500,3500,3500,3500,17.986587524414063,1.3425140380859375,0.186767578125,53.88682174682617,0.3737335205078125,0.4791259765625,0.4154205322265625,0.45745849609375,0.32715606689453125,0.3726348876953125,0.31691741943359375,0.366241455078125,1.439666748046875,0.34981536865234375,31.508056640625,0.26604461669921875,0.28162384033203125,0.2898101806640625,0.2784271240234375,0.3044891357421875,0,254072.6146850586,252999.83709716797,0,34088599552,2147483648,8442564608,0
200,1787751742591,3500,3500,3500,3500,3500,3500,3500,3500,3500,3500,3500,3500,3500,3500,3500,3500,3500,3500,3500,3500,16.892921447753906,1.6402587890625,0.2459564208984375,32.863502502441406,0.38458251953125,3.0304183959960938,0.3727874755859375,0.35224151611328125,0.35068511962890625,0.369537353515625,0.35693359375,2.900238037109375,52.856319427490234,0.25220489501953125,2.8668975830078125,2.8185501098632813,0.3079986572265625,0.29125213623046875,0.35303497314453125,2.8970413208007813,0,254081.14227294922,253006.25970458984,0,34088599552,2147483648,8442687488,0
200,1787751742791,3500,3500,3500,3500,3500,3500,3500,3500,3500,3500,3500,3500,3500,3500,3500,3500,3500,3500,3500,3500,4.208595275878906,3.85406494140625,2.6530685424804688,46.280479431152344,0.23104095458984375,0.23618316650390625,2.7610244750976563,0.2459716796875,0.3948211669921875,0.35857391357421875,0.45534515380859375,1.044708251953125,39.6679801940918,0.16168212890625,16.030906677246094,0.19254302978515625,0.22025299072265625,0.2518157958984375,2.86688232421875,0.33055877685546875,0,254090.26416015625,253013.25311279297,0,34088599552,2147483648,8442642432,0
200,1787751742991,3500,3500,3500,3500,3500,3500,3500,3500,3500,3500,3500,3500,3500,3500,3500,3500,3500,3500,3500,3500,5.6685028076171875,1.4717025756835938,0.27416229248046875,42.378326416015625,2.9246673583984375,0.23973846435546875,0.30049896240234375,0.3388214111328125,0.44589996337890625,0.5343399047851563,0.5583724975585938,0.49086761474609375,54.351295471191406,2.799652099609375,8.012062072753906,0.35875701904296875,2.8475189208984375,2.8972320556640625,0.40752410888671875,0.41811370849609375,0,254099.76947021484,253020.6192626953,0,34088599552,2147483648,8442642432,0
200,1787751743192,3500,3500,3500,3500,3500,3500,3500,3500,3500,3500,3500,3500,3500,3500,3500,3500,3500,3500,3500,3500,3.2282257080078125,1.1977767944335938,0.2198333740234375,65.36468505859375,0.31635284423828125,0.2982330322265625,0.247528076171875,2.8179550170898438,2.81011962890625,2.91766357421875,2.85064697265625,0.314605712890625,38.99275207519531,0.2845611572265625,0.43167877197265625,0.341949462890625,0.339202880859375,0.4140167236328125,0.3955535888671875,0.4101715087890625,0,254109.4659423828,253028.17889404297,0,34088599552,2147483648,8442642432,0
200,1787751743392,3500,3500,3500,3500,3500,3500,3500,3500,3500,3500,3500,3500,3500,3500,3500,3500,3500,3500,3500,3500,17.131439208984375,1.3981552124023438,0.15288543701171875,72.73768615722656,0.27362060546875,0.2395782470703125,0.27462005615234375,0.309661865234375,0.21242523193359375,0.274322509765625,0.31170654296875,0.3115081787109375,14.530982971191406,0.34389495849609375,0.37644195556640625,0.2890472412109375,0.38158416748046875,0.37259674072265625,0.3360137939453125,0.35103607177734375,0,254119.15002441406,253035.7547607422,0,34088599552,2147483648,8442621952,0
200,1787751743593,3500,3500,3500,3500,3500,3500,3500,3500,3500,3500,3500,3500,3500,3500,3500,3500,3500,3500,3500,3500,36.3675422668457,1.2901229858398438,0.147918701171875,42.73447799682617,0.2168121337890625,2.7684478759765625,0.2738189697265625,0.23368072509765625,0.30841827392578125,0.3408660888671875,0.3787078857421875,2.89874267578125,25.145492553710938,0.2548980712890625,4.282814025878906,2.8017425537109375,0.3815460205078125,0.38304901123046875,0.28644561767578125,2.8076324462890625,0,254128.94439697266,253043.39965820313,0,34088599552,2147483648,8442757120,0
199,1787751743793,3500,3500,3500,3500,3500,3500,3500,3500,3500,3500,3500,3500,3500,3500,3500,3500,3500,3500,3500,3500,15.9432373046875,3.947998046875,2.6900482177734375,87.38481903076172,0.3162078857421875,0.26219940185546875,2.8759307861328125,0.322052001953125,0.5193099975585938,0.45212554931640625,0.430511474609375,0.539825439453125,1.4617996215820313,0.32215118408203125,0.3763580322265625,0.34540557861328125,0.43425750732421875,0.44034576416015625,2.9160614013671875,0.30428314208984375,0,254136.91662597656,253049.25915527344,0,34088599552,2147483648,8442757120,0
200,1787751743993,3500,3500,3500,3500,3500,3500,3500,3500,3500,3500,3500,3500,3500,3500,3500,3500,3500,3500,3500,3500,15.83685302734375,1.3594589233398438,0.16307830810546875,54.299766540527344,2.7833938598632813,0.3027191162109375,0.23235321044921875,0.288177490234375,0.4912872314453125,0.5137252807617188,0.3912811279296875,0.5315170288085938,40.12284851074219,2.7825927734375,0.339202880859375,0.3014678955078125,2.913787841796875,2.9365310668945313,0.30731964111328125,0.30461883544921875,0,254146.80493164063,253057.02166748047,0,34088599552,2147483648,8442757120,0
200,1787751744193,3500,3500,3500,3500,3500,3500,3500,3500,3500,3500,3500,3500,3500,3500,3500,3500,3500,3500,3500,3500,19.847923278808594,1.2608261108398438,0.2265625,15.930030822753906,0.21712493896484375,0.261322021484375,0.22271728515625,2.7976150512695313,2.9670333862304688,2.982421875,2.9288787841796875,0.3813018798828125,36.74034118652344,0.202239990234375,36.08902359008789,0.21627044677734375,0.3085784912109375,0.25658416748046875,0.26517486572265625,0.286102294921875,0,254155.87139892578,253063.96417236328,0,34088599552,2147483648,8442757120,0
200,1787751744394,3500,3500,3500,3500,3500,3500,3500,3500,3500,3500,3500,3500,3500,3500,3500,3500,3500,3500,3500,3500,6.095664978027344,1.0410842895507813,0.17452239990234375,55.38292694091797,0.3043975830078125,0.2308807373046875,0.28165435791015625,0.213470458984375,0.4853057861328125,0.46270751953125,0.3383636474609375,0.40081024169921875,27.826683044433594,0.234222412109375,29.912734985351563,0.21631622314453125,4.567138671875,0.25601959228515625,3.1061935424804688,0.28534698486328125,0,254166.10235595703,253072.03021240234,0,34088599552,2147483648,8442757120,0
200,1787751744594,3500,3500,3500,3500,3500,3500,3500,3500,3500,3500,3500,3500,3500,3500,3500,3500,3500,3500,3500,3500,2.3354644775390625,1.7155532836914063,0.16082000732421875,76.70160675048828,0.28391265869140625,2.8064956665039063,0.3306121826171875,0.28076934814453125,0.5040054321289063,0.5040054321289063,0.39892578125,3.0316238403320313,24.71142578125,0.2852630615234375,2.8463592529296875,2.4421463012695313,0.367340087890625,0.36559295654296875,0.29294586181640625,2.8634262084960938,0,254175.19158935547,253078.9965209961,0,34088599552,2147483648,8442871808,0
200,1787751744794,3500,3500,3500,3500,3500,3500,3500,3500,3500,3500,3500,3500,3500,3500,3500,3500,3500,3500,3500,3500,5.433479309082031,4.046775817871094,2.7209625244140625,25.682662963867188,0.188507080078125,0.29863739013671875,2.825653076171875,0.27716064453125,0.396636962890625,0.37300872802734375,0.32361602783203125,0.9202880859375,72.72854614257813,0.1653289794921875,0.29294586181640625,0.672698974609375,0.41646575927734375,0.37975311279296875,2.79803466796875,0.27780914306640625,0,254184.97918701172,253086.66705322266,0,34088599552,2147483648,8442871808,0
200,1787751744995,3500,3500,3500,3500,3500,3500,3500,3500,3500,3500,3500,3500,3500,3500,3500,3500,3500,3500,3500,3500,6.066169738769531,1.6571197509765625,0.11498260498046875,66.86982727050781,2.7273406982421875,0.2810516357421875,0.20452880859375,0.234710693359375,0.30399322509765625,0.43175506591796875,0.2892303466796875,0.428955078125,37.59404373168945,2.79144287109375,0.4346923828125,0.24314117431640625,2.8640289306640625,2.8540496826171875,0.32863616943359375,0.31566619873046875,0,254193.9571533203,253093.50103759766,0,34088599552,2147483648,8442875904,0
200,1787751745195,3500,3500,3500,3500,3500,3500,3500,3500,3500,3500,3500,3500,3500,3500,3500,3500,3500,3500,3500,3500,11.291969299316406,1.2003555297851563,0.226104736328125,62.496368408203125,0.35265350341796875,0.2803192138671875,0.36513519287109375,2.8018875122070313,2.9188613891601563,2.9835052490234375,2.8937454223632813,0.41211700439453125,16.762100219726563,0.3085784912109375,16.399513244628906,0.29863739013671875,0.4466094970703125,0.44112396240234375,0.44696044921875,0.43547821044921875,0,254203.06243896484,253100.48779296875,0,34088599552,2147483648,8442875904,0
199,1787751745395,3500,3500,3500,3500,3500,3500,3500,3500,3500,3500,3500,3500,3500,3500,3500,3500,3500,3500,3500,3500,4.451316833496094,1.394927978515625,0.16092681884765625,97.44282531738281,0.534637451171875,0.4151763916015625,0.5172500610351563,0.38315582275390625,0.329498291015625,0.34588623046875,0.35492706298828125,0.278533935546875,3.63494873046875,0.29846954345703125,0.374359130859375,0.339691162109375,0.4439544677734375,0.4375152587890625,0.4373626708984375,0.4302215576171875,0,254212.7918701172,253108.10430908203,0,34088599552,2147483648,8442875904,0
200,1787751745595,3500,3500,3500,3500,3500,3500,3500,3500,3500,3500,3500,3500,3500,3500,3500,3500,3500,3500,3500,3500,4.128456115722656,1.6381378173828125,0.154693603515625,61.8986701965332,0.3759613037109375,2.8814239501953125,0.3959503173828125,0.31707763671875,0.283294677734375,0.27984619140625,0.316680908203125,2.7950515747070313,38.975502014160156,0.256500244140625,2.8771743774414063,0.2658538818359375,0.3355255126953125,0.3215789794921875,0.34136962890625,2.8570785522460938,0,254220.44903564453,253113.63610839844,0,34088599552,2147483648,8443006976,0
200,1787751745796,3500,3500,3500,3500,3500,3500,3500,3500,3500,3500,3500,3500,3500,3500,3500,3500,3500,3500,3500,3500,5.5471649169921875,3.7775039672851563,2.6241683959960938,73.9225082397461,0.25769805908203125,0.18500518798828125,2.8101272583007813,0.240020751953125,0.221099853515625,0.253753662109375,0.29193878173828125,0.46591949462890625,28.592681884765625,0.3057708740234375,0.40441131591796875,2.7626495361328125,0.24765777587890625,0.28310394287109375,2.1858596801757813,0.24910736083984375,0,254228.5145263672,253119.5506591797,0,34088599552,2147483648,8443006976,0
199,1787751745996,3500,3500,3500,3500,3500,3500,3500,3500,3500,3500,3500,3500,3500,3500,3500,3500,3500,3500,3500,3500,33.410377502441406,1.358551025390625,0.178070068359375,50.87570571899414,2.7999343872070313,0.21149444580078125,0.20824432373046875,0.26775360107421875,0.4688568115234375,0.48284149169921875,0.498931884765625,0.3866119384765625,6.828117370605469,2.8017349243164063,17.914100646972656,0.3092193603515625,3.0198745727539063,2.8376617431640625,0.9114761352539063,0.2783966064453125,0,254237.4825439453,253126.3994140625,0,34088599552,2147483648,8442994688,0
200,1787751746196,3500,3500,3500,3500,3500,3500,3500,3500,3500,3500,3500,3500,3500,3500,3500,3500,3500,3500,3500,3500,3.3975448608398438,1.7987594604492188,0.2191162109375,41.3353271484375,0.3426666259765625,0.26764678955078125,0.29119110107421875,2.8736495971679688,2.9275283813476563,2.9955978393554688,0.4028472900390625,0.3435211181640625,44.88786315917969,0.2340087890625,15.915840148925781,0.3990478515625,0.3374176025390625,0.37215423583984375,0.29828643798828125,0.34676361083984375,0,254246.06298828125,253132.859375,0,34088599552,2147483648,8442994688,0
200,1787751746396,3500,3500,3500,3500,3500,3500,3500,3500,3500,3500,3500,3500,3500,3500,3500,3500,3500,3500,3500,3500,10.926979064941406,1.3769912719726563,0.1025390625,92.23457336425781,0.2273101806640625,0.31092071533203125,0.15888214111328125,0.22156524658203125,0.3104705810546875,0.43173980712890625,2.8569259643554688,0.38219451904296875,3.4003524780273438,0.26247406005859375,0.4729461669921875,0.45916748046875,0.3665618896484375,0.3667144775390625,0.24933624267578125,0.28839111328125,0,254254.00030517578,253138.6727294922,0,34088599552,2147483648,8442994688,0
200,1787751746596,3500,3500,3500,3500,3500,3500,3500,3500,3500,3500,3500,3500,3500,3500,3500,3500,3500,3500,3500,3500,13.744590759277344,1.4091644287109375,0.22718048095703125,57.363948822021484,0.320831298828125,2.8833770751953125,0.28643798828125,0.2908782958984375,0.41797637939453125,0.5027847290039063,0.44283294677734375,2.97064208984375,20.426368713378906,0.30950164794921875,19.26215362548828,0.4813690185546875,0.44632720947265625,0.45590972900390625,0.35626983642578125,2.9025497436523438,0,254263.66400146484,253146.20379638672,0,34088599552,2147483648,8443129856,0
200,1787751746797,3500,3500,3500,3500,3500,3500,3500,3500,3500,3500,3500,3500,3500,3500,3500,3500,3500,3500,3500,3500,3.8422622680664063,4.238182067871094,2.6620407104492188,99.99495697021484,0.2998504638671875,0.27938079833984375,2.7792205810546875,0.38214874267578125,0.3571929931640625,0.48081207275390625,0.4172821044921875,1.0613937377929688,0.6781005859375,0.38254547119140625,0.38478851318359375,2.9269027709960938,0.412841796875,0.4231719970703125,0.3194122314453125,0.30029296875,0,254273.7001953125,253154.11462402344,0,34088599552,2147483648,8443129856,0
199,1787751746997,3500,3500,3500,3500,3500,3500,3500,3500,3500,3500,3500,3500,3500,3500,3500,3500,3500,3500,3500,3500,19.483909606933594,1.302581787109375,0.17581939697265625,69.87166595458984,2.8711929321289063,0.2057037353515625,0.274505615234375,0.34725189208984375,0.48679351806640625,0.4919891357421875,0.36930084228515625,0.407318115234375,19.320907592773438,2.743316650390625,0.5140380859375,0.39684295654296875,2.9136962890625,2.921630859375,2.8285293579101563,0.29920196533203125,0,254283.2791748047,253161.57482910156,0,34088599552,2147483648,8443129856,0
200,1787751747197,3500,3500,3500,3500,3500,3500,3500,3500,3500,3500,3500,3500,3500,3500,3500,3500,3500,3500,3500,3500,17.559974670410156,1.6772918701171875,0.17071533203125,45.67051696777344,0.25189971923828125,0.2809906005859375,0.3008880615234375,2.84869384765625,2.9421234130859375,2.9148330688476563,0.3265838623046875,0.42140960693359375,36.489463806152344,0.20970916748046875,8.353630065917969,0.29123687744140625,0.38701629638671875,0.39251708984375,0.29538726806640625,0.2797393798828125,0,254292.14868164063,253168.31420898438,0,34088599552,2147483648,8443617280,0
200,1787751747397,3500,3500,3500,3500,3500,3500,3500,3500,3500,3500,3500,3500,3500,3500,3500,3500,3500,3500,3500,3500,22.902572631835938,1.3582687377929688,0.25064849853515625,1.4564361572265625,0.22621917724609375,0.235015869140625,0.24045562744140625,0.2547454833984375,0.2676849365234375,0.2459564208984375,2.7671890258789063,0.32189178466796875,50.91651916503906,0.2079315185546875,31.136703491210938,0.30640411376953125,0.300506591796875,0.351318359375,0.26303863525390625,0.308502197265625,0,254301.6304321289,253175.68188476563,0,34088599552,2147483648,8443580416,0
200,1787751747598,3500,3500,3500,3500,3500,3500,3500,3500,3500,3500,3500,3500,3500,3500,3500,3500,3500,3500,3500,3500,1.7635269165039063,1.6859283447265625,0.2645111083984375,21.473121643066406,0.31472015380859375,2.759857177734375,0.30417633056640625,0.37572479248046875,0.32541656494140625,0.2783966064453125,0.32451629638671875,2.9155426025390625,64.54078674316406,0.2082977294921875,17.999839782714844,0.30617523193359375,0.41614532470703125,0.4345855712890625,0.35124969482421875,2.9181365966796875,0,254310.53540039063,253182.46655273438,0,34088599552,2147483648,8443826176,0
200,1787751747798,3500,3500,3500,3500,3500,3500,3500,3500,3500,3500,3500,3500,3500,3500,3500,3500,3500,3500,3500,3500,3.2681350708007813,3.9325714111328125,2.7906265258789063,1.2668838500976563,0.29570770263671875,0.22937774658203125,2.8507232666015625,0.21825408935546875,0.28125,0.24514007568359375,0.2095794677734375,0.44438934326171875,1.6299285888671875,0.3024444580078125,99.1094741821289,2.6341629028320313,0.41915130615234375,0.43062591552734375,0.3552093505859375,0.39366912841796875,0,254319.7119140625,253189.56860351563,0,34088599552,2147483648,8443965440,0
200,1787751747998,3500,3500,3500,3500,3500,3500,3500,3500,3500,3500,3500,3500,3500,3500,3500,3500,3500,3500,3500,3500,12.071937561035156,1.169647216796875,0.15099334716796875,22.472633361816406,2.7825546264648438,0.28168487548828125,0.2381744384765625,0.2252960205078125,0.3218994140625,0.23423004150390625,0.26781463623046875,0.22035980224609375,34.90379333496094,2.7356033325195313,56.41830062866211,0.22240447998046875,4.109687805175781,2.88470458984375,2.823974609375,0.2824859619140625,0,254329.5653076172,253197.26983642578,0,34088599552,2147483648,8446259200,0
200,1787751748199,3500,3500,3500,3500,3500,3500,3500,3500,3500,3500,3500,3500,3500,3500,3500,3500,3500,3500,3500,3500,16.818893432617188,1.878509521484375,0.22597503662109375,41.994850158691406,0.2902374267578125,0.26886749267578125,0.28728485107421875,2.788604736328125,2.9886627197265625,2.9483261108398438,0.3537445068359375,0.48395538330078125,25.80211639404297,0.260528564453125,23.363807678222656,0.27570343017578125,0.31180572509765625,0.30176544189453125,0.30725860595703125,0.30211639404296875,0,254338.15447998047,253203.67315673828,0,34088599552,2147483648,8446812160,0
200,1787751748399,3500,3500,3500,3500,3500,3500,3500,3500,3500,3500,3500,3500,3500,3500,3500,3500,3500,3500,3500,3500,6.20196533203125,1.3493423461914063,0.12789154052734375,96.59187316894531,0.30731964111328125,0.3142547607421875,0.26001739501953125,0.29285430908203125,0.31719970703125,0.2750396728515625,2.8377456665039063,0.288909912109375,3.7734832763671875,0.304779052734375,0.2931976318359375,0.3108673095703125,0.32283782958984375,0.32987213134765625,0.2666015625,0.331573486328125,0,254346.56671142578,253209.96014404297,0,34088599552,2147483648,8446701568,0
200,1787751748599,3500,3500,3500,3500,3500,3500,3500,3500,3500,3500,3500,3500,3500,3500,3500,3500,3500,3500,3500,3500,2.3922805786132813,1.5088424682617188,0.16190338134765625,74.40132904052734,0.27899169921875,2.8280410766601563,0.33863067626953125,0.26506805419921875,0.272003173828125,0.3256072998046875,0.33673858642578125,2.747833251953125,26.628089904785156,0.21291351318359375,2.805877685546875,0.2841339111328125,0.3899383544921875,0.38704681396484375,0.278839111328125,2.8251953125,0,254357.60314941406,253218.87036132813,0,34088599552,2147483648,8446808064,0
200,1787751748800,3500,3500,3500,3500,3500,3500,3500,3500,3500,3500,3500,3500,3500,3500,3500,3500,3500,3500,3500,3500,6.326057434082031,4.0091552734375,2.759185791015625,47.0873908996582,0.3690948486328125,0.37209320068359375,2.8511123657226563,0.32308197021484375,0.26708221435546875,0.2916107177734375,0.2346038818359375,0.8495025634765625,46.235740661621094,0.2516937255859375,8.347099304199219,2.7723770141601563,0.37389373779296875,0.399322509765625,0.30814361572265625,0.29206085205078125,0,254367.2797241211,253226.4403076172,0,34088599552,2147483648,8451317760,0
199,1787751749000,3500,3500,3500,3500,3500,3500,3500,3500,3500,3500,3500,3500,3500,3500,3500,3500,3500,3500,3500,3500,4.28289794921875,1.1962966918945313,0.12541961669921875,88.34829711914063,0.5728912353515625,0.5533523559570313,0.47750091552734375,0.30615997314453125,0.5630950927734375,0.562042236328125,0.21941375732421875,3.4644622802734375,2.0140838623046875,2.7993850708007813,0.6771240234375,0.2941131591796875,3.0841522216796875,2.9172592163085938,17.117958068847656,0.26413726806640625,0,254376.9052734375,253233.92486572266,0,34088599552,2147483648,8454459392,0
200,1787751749200,3500,3500,3500,3500,3500,3500,3500,3500,3500,3500,3500,3500,3500,3500,3500,3500,3500,3500,3500,3500,2.5388259887695313,1.545440673828125,0.17798614501953125,23.915420532226563,2.8040313720703125,0.25125885009765625,0.2676544189453125,2.7750930786132813,2.7731399536132813,2.8016815185546875,0.25365447998046875,0.2345123291015625,70.25984191894531,0.15094757080078125,7.651725769042969,0.2399139404296875,0.4042510986328125,0.30294036865234375,1.1716766357421875,0.26935577392578125,0,254386.06201171875,253240.9637451172,0,34088599552,2147483648,8454447104,0
200,1787751749400,3500,3500,3500,3500,3500,3500,3500,3500,3500,3500,3500,3500,3500,3500,3500,3500,3500,3500,3500,3500,3.766448974609375,1.057769775390625,0.265045166015625,30.640464782714844,0.28411102294921875,0.2668914794921875,0.25540924072265625,0.233489990234375,0.30507659912109375,0.2681884765625,2.7787704467773438,0.3044281005859375,57.553016662597656,0.19060516357421875,17.064224243164063,0.2971954345703125,0.2742767333984375,0.284912109375,0.3093719482421875,0.26259613037109375,0,254394.4285888672,253247.2030029297,0,34088599552,2147483648,8456581120,0
200,1787751749601,3500,3500,3500,3500,3500,3500,3500,3500,3500,3500,3500,3500,3500,3500,3500,3500,3500,3500,3500,3500,9.651260375976563,1.5404891967773438,0.244171142578125,66.14118957519531,0.342071533203125,2.886322021484375,0.2424774169921875,0.31653594970703125,0.440216064453125,0.3658599853515625,0.43059539794921875,2.9766387939453125,19.413192749023438,0.3043670654296875,10.763053894042969,0.40854644775390625,0.4238128662109375,0.4322357177734375,0.321868896484375,2.8499679565429688,0,254401.87255859375,253252.52142333984,0,34088599552,2147483648,8456691712,0
200,1787751749801,3500,3500,3500,3500,3500,3500,3500,3500,3500,3500,3500,3500,3500,3500,3500,3500,3500,3500,3500,3500,14.982734680175781,3.7248077392578125,2.691497802734375,70.52835083007813,0.272064208984375,0.23138427734375,2.8264083862304688,0.34622955322265625,0.4309844970703125,0.49077606201171875,0.46117401123046875,1.8567428588867188,18.27112579345703,0.24820709228515625,0.30471038818359375,2.8297042846679688,0.37752532958984375,0.3899078369140625,0.293975830078125,0.294921875,0,254412.13092041016,253260.6596069336,0,34088599552,2147483648,8457109504,0
200,1787751750001,3500,3500,3500,3500,3500,3500,3500,3500,3500,3500,3500,3500,3500,3500,3500,3500,3500,3500,3500,3500,28.821319580078125,1.3170089721679688,0.2016754150390625,46.49697494506836,0.58306884765625,0.379547119140625,0.5123519897460938,0.39701080322265625,0.5717926025390625,0.45121002197265625,0.5107040405273438,0.863494873046875,31.773597717285156,2.8488616943359375,0.349151611328125,0.31311798095703125,2.8937301635742188,2.9083023071289063,2.8171234130859375,0.31427001953125,0,254419.90698242188,253266.3306274414,0,34088599552,2147483648,8457019392,0
200,1787751750202,3500,3500,3500,3500,3500,3500,3500,3500,3500,3500,3500,3500,3500,3500,3500,3500,3500,3500,3500,3500,27.80865478515625,1.2318267822265625,0.15978240966796875,16.15967559814453,2.8027267456054688,0.299896240234375,0.2167816162109375,2.774078369140625,2.8757095336914063,2.8415145874023438,0.41669464111328125,0.3725738525390625,30.92181396484375,0.17984771728515625,38.149288177490234,0.18518829345703125,0.23540496826171875,0.235504150390625,0.2324066162109375,0.26230621337890625,0,254429.88342285156,253274.14318847656,0,34088599552,2147483648,8458031104,0
200,1787751750402,3500,3500,3500,3500,3500,3500,3500,3500,3500,3500,3500,3500,3500,3500,3500,3500,3500,3500,3500,3500,32.11615753173828,1.3966293334960938,0.23751068115234375,39.888980865478516,0.34295654296875,0.35388946533203125,0.29656982421875,0.2383575439453125,0.3782501220703125,0.40212249755859375,2.9853363037109375,0.692596435546875,10.8677978515625,0.32009124755859375,23.394256591796875,0.31169891357421875,0.3945770263671875,0.41849517822265625,0.3400115966796875,0.3416595458984375,0,254439.83764648438,253281.9912109375,0,34088599552,2147483648,8458022912,0
200,1787751750603,3500,3500,3500,3500,3500,3500,3500,3500,3500,3500,3500,3500,3500,3500,3500,3500,3500,3500,3500,3500,10.974449157714844,1.4694290161132813,0.186614990234375,41.769935607910156,0.2791748046875,2.8161239624023438,0.3507843017578125,0.245758056640625,0.3217620849609375,0.3228607177734375,0.27423858642578125,2.8871383666992188,29.633560180664063,0.25119781494140625,21.86571502685547,0.25992584228515625,0.38080596923828125,0.36859130859375,0.3074493408203125,2.8059005737304688,0,254450.38360595703,253290.40197753906,0,34088599552,2147483648,8458289152,0
200,1787751750803,3500,3500,3500,3500,3500,3500,3500,3500,3500,3500,3500,3500,3500,3500,3500,3500,3500,3500,3500,3500,3.7123870849609375,3.6806716918945313,2.6841506958007813,82.63218688964844,15.454483032226563,0.22890472412109375,2.8265457153320313,0.2697601318359375,0.31406402587890625,0.26491546630859375,0.28049468994140625,10.567672729492188,7.534904479980469,0.27315521240234375,14.548019409179688,2.7882843017578125,0.32035064697265625,0.29323577880859375,0.30512237548828125,0.3129119873046875,0,254459.55877685547,253297.44842529297,0,34088599552,2147483648,8458739712,0
200,1787751751003,3500,3500,3500,3500,3500,3500,3500,3500,3500,3500,3500,3500,3500,3500,3500,3500,3500,3500,3500,3500,28.394790649414063,1.4849472045898438,0.2093353271484375,43.29535675048828,0.40679931640625,0.26050567626953125,0.31053924560546875,0.23432159423828125,0.38979339599609375,0.2870941162109375,0.30055999755859375,0.4886932373046875,35.67387390136719,2.7417984008789063,0.31632232666015625,0.28759002685546875,2.80419921875,2.8180084228515625,2.8009567260742188,0.306243896484375,0,254468.4398803711,253304.1990966797,0,34088599552,2147483648,8459292672,0
200,1787751751204,3500,3500,3500,3500,3500,3500,3500,3500,3500,3500,3500,3500,3500,3500,3500,3500,3500,3500,3500,3500,18.756027221679688,1.069366455078125,0.174957275390625,74.5931167602539,2.8519439697265625,0.28173065185546875,0.23096466064453125,1.8772201538085938,2.76678466796875,2.845306396484375,0.27529144287109375,0.34243011474609375,14.808753967285156,0.2557220458984375,1.1099472045898438,0.2836761474609375,0.31926727294921875,0.29959869384765625,0.3173675537109375,0.36309814453125,0,254477.12622070313,253310.75366210938,0,34088599552,2147483648,8459292672,0
199,1787751751404,3500,3500,3500,3500,3500,3500,3500,3500,3500,3500,3500,3500,3500,3500,3500,3500,3500,3500,3500,3500,2.4729843139648438,0.75958251953125,0,99.58269500732422,0.02506256103515625,0,0.0108795166015625,0.9240264892578125,0,0.0942535400390625,2.5255050659179688,0.20732879638671875,3.925445556640625,0.024658203125,0.7027130126953125,0.02400970458984375,0.21926116943359375,0.0409393310546875,0.20867919921875,0.13129425048828125,0,254485.48791503906,253316.99926757813,0,34088599552,2147483648,8459341824,0
200,1787751751604,3500,3500,3500,3500,3500,3500,3500,3500,3500,3500,3500,3500,3500,3500,3500,3500,3500,3500,3500,3500,4.3520965576171875,1.6996612548828125,0.41971588134765625,62.410709381103516,0.5102615356445313,3.0522613525390625,0.5535812377929688,0.47878265380859375,0.5174026489257813,0.46663665771484375,0.5455856323242188,3.112518310546875,17.874160766601563,0.4970703125,23.28619384765625,0.5675201416015625,0.6208343505859375,0.619384765625,0.6332778930664063,3.1733322143554688,0,254495.59033203125,253324.97814941406,0,34088599552,2147483648,8460148736,0
200,1787751751804,3500,3500,3500,3500,3500,3500,3500,3500,3500,3500,3500,3500,3500,3500,3500,3500,3500,3500,3500,3500,36.88102340698242,4.14923095703125,2.7349090576171875,56.9375,0.28813934326171875,0.34661102294921875,2.827545166015625,0.2602691650390625,0.32708740234375,0.35485076904296875,0.2863922119140625,0.31815338134765625,0.6935272216796875,0.29347991943359375,11.254547119140625,2.79443359375,0.34696197509765625,0.3602447509765625,0.414825439453125,0.4345550537109375,0,254504.45123291016,253331.71685791016,0,34088599552,2147483648,8460148736,0
200,1787751752005,3500,3500,3500,3500,3500,3500,3500,3500,3500,3500,3500,3500,3500,3500,3500,3500,3500,3500,3500,3500,11.14862060546875,0.9281387329101563,0.13459014892578125,76.35005950927734,0.1906585693359375,0.322845458984375,0.31865692138671875,0.23450469970703125,0.28084564208984375,0.26897430419921875,0.2590484619140625,0.44187164306640625,13.273475646972656,2.74072265625,4.671134948730469,0.2779541015625,19.110946655273438,2.7380828857421875,2.8295211791992188,0.28513336181640625,0,254513.9666748047,253339.0825805664,0,34088599552,2147483648,8460148736,0
200,1787751752205,3500,3500,3500,3500,3500,3500,3500,3500,3500,3500,3500,3500,3500,3500,3500,3500,3500,3500,3500,3500,11.914634704589844,1.51690673828125,0.148773193359375,76.6500015258789,2.9531173706054688,0.47817230224609375,0.43080902099609375,0.48016357421875,2.7854232788085938,2.8160171508789063,0.29620361328125,0.31866455078125,8.40234375,0.2855224609375,0.5957565307617188,0.4080963134765625,15.94012451171875,0.33498382568359375,0.312774658203125,0.284423828125,0,254523.36297607422,253346.3660888672,0,34088599552,2147483648,8460148736,0
200,1787751752405,3500,3500,3500,3500,3500,3500,3500,3500,3500,3500,3500,3500,3500,3500,3500,3500,3500,3500,3500,3500,3.708343505859375,1.360137939453125,0.14996337890625,69.50373840332031,0.48012542724609375,0.46848297119140625,0.4289703369140625,3.0323486328125,0.2584228515625,0.26296234130859375,2.844512939453125,0.23009490966796875,18.5809326171875,0.24393463134765625,15.866455078125,0.333953857421875,0.3518829345703125,0.3583831787109375,0.2861480712890625,0.28879547119140625,0,254533.08068847656,253353.95867919922,0,34088599552,2147483648,8460353536,0
200,1787751752605,3500,3500,3500,3500,3500,3500,3500,3500,3500,3500,3500,3500,3500,3500,3500,3500,3500,3500,3500,3500,9.736869812011719,1.6392593383789063,0.14708709716796875,63.86690902709961,0.35314178466796875,2.9771575927734375,0.41471099853515625,0.4557952880859375,0.26168060302734375,0.273223876953125,0.21704864501953125,2.8071365356445313,13.847671508789063,0.2579345703125,15.985809326171875,0.3343505859375,0.3175048828125,0.2895660400390625,0.27782440185546875,0.41851043701171875,0,254542.9764404297,253362.14611816406,0,34088599552,2147483648,8460484608,0
199,1787751752806,3500,3500,3500,3500,3500,3500,3500,3500,3500,3500,3500,3500,3500,3500,3500,3500,3500,3500,3500,3500,9.191551208496094,4.237518310546875,2.8881759643554688,9.101676940917969,0.2780609130859375,0.3868560791015625,2.8470001220703125,0.339996337890625,0.33055877685546875,0.3994293212890625,0.34508514404296875,0.28265380859375,69.20082092285156,0.2299041748046875,18.144561767578125,2.8264389038085938,0.37827301025390625,0.3585052490234375,0.3739776611328125,2.66729736328125,0,254552.68072509766,253369.43841552734,0,34088599552,2147483648,8460484608,0
200,1787751753006,3500,3500,3500,3500,3500,3500,3500,3500,3500,3500,3500,3500,3500,3500,3500,3500,3500,3500,3500,3500,4.223945617675781,1.0355911254882813,0.15874481201171875,48.61935043334961,0.2525634765625,0.24541473388671875,0.24826812744140625,0.2389678955078125,0.2862548828125,0.259063720703125,0.2505645751953125,1.4135665893554688,53.181480407714844,2.7170181274414063,0.26966094970703125,0.26970672607421875,2.7853927612304688,2.8123855590820313,2.860870361328125,0.32898712158203125,0,254561.8657836914,253376.41668701172,0,34088599552,2147483648,8460623872,0
199,1787751753206,3500,3500,3500,3500,3500,3500,3500,3500,3500,3500,3500,3500,3500,3500,3500,3500,3500,3500,3500,3500,5.574974060058594,1.5567245483398438,0.194976806640625,12.391746520996094,2.8376541137695313,0.23351287841796875,0.3139801025390625,0.2249298095703125,0.283782958984375,2.7840957641601563,0.25647735595703125,0.277740478515625,55.62995910644531,0.20221710205078125,37.06258010864258,0.23236846923828125,0.26915740966796875,0.30579376220703125,0.3086395263671875,0.30434417724609375,0,254570.1883544922,253382.85382080078,0,34088599552,2147483648,8460623872,0
200,1787751753406,3500,3500,3500,3500,3500,3500,3500,3500,3500,3500,3500,3500,3500,3500,3500,3500,3500,3500,3500,3500,35.32380676269531,1.2693023681640625,0.21291351318359375,47.52790832519531,0.32330322265625,0.25920867919921875,0.30405426025390625,2.8264617919921875,2.7815704345703125,0.28650665283203125,2.8337631225585938,0.5922088623046875,4.439613342285156,0.28810882568359375,20.480613708496094,0.3034515380859375,0.3182525634765625,0.30030059814453125,0.3052520751953125,0.33174896240234375,0,254579.58666992188,253390.0941772461,0,34088599552,2147483648,8460623872,0
199,1787751753606,3500,3500,3500,3500,3500,3500,3500,3500,3500,3500,3500,3500,3500,3500,3500,3500,3500,3500,3500,3500,25.25713348388672,1.5940475463867188,0.2120208740234375,50.518863677978516,0.26190185546875,2.7703399658203125,0.32906341552734375,0.2807769775390625,0.23983001708984375,0.23523712158203125,0.29425811767578125,2.851531982421875,27.082473754882813,0.2493743896484375,0.31093597412109375,0.3038482666015625,0.304595947265625,0.298004150390625,0.3912811279296875,0.3929290771484375,0,254589.93963623047,253398.0684814453,0,34088599552,2147483648,8460754944,0
200,1787751753807,3500,3500,3500,3500,3500,3500,3500,3500,3500,3500,3500,3500,3500,3500,3500,3500,3500,3500,3500,3500,38.066680908203125,3.8745651245117188,2.7002029418945313,69.67494201660156,0.22429656982421875,0.258880615234375,2.1547088623046875,0.22814178466796875,0.26397705078125,0.24298858642578125,0.30706024169921875,0.27777099609375,4.691383361816406,0.39182281494140625,3.6239242553710938,2.7946090698242188,0.29021453857421875,0.26972198486328125,0.30510711669921875,2.782012939453125,0,254599.11932373047,253405.10290527344,0,34088599552,2147483648,8461152256,0
200,1787751754007,3500,3500,3500,3500,3500,3500,3500,3500,3500,3500,3500,3500,3500,3500,3500,3500,3500,3500,3500,3500,5.467170715332031,1.4460296630859375,0.1414947509765625,91.73068237304688,0.28524017333984375,0.33152008056640625,0.8722152709960938,0.29346466064453125,0.357452392578125,0.26055145263671875,0.24279022216796875,0.7525177001953125,10.508964538574219,2.7921676635742188,1.2030868530273438,0.285186767578125,1.149627685546875,2.8053359985351563,2.8023910522460938,0.3070831298828125,0,254608.72528076172,253412.5733642578,0,34088599552,2147483648,8461152256,0
200,1787751754207,3500,3500,3500,3500,3500,3500,3500,3500,3500,3500,3500,3500,3500,3500,3500,3500,3500,3500,3500,3500,22.83489990234375,0.9201278686523438,0.2192230224609375,22.313133239746094,2.8455581665039063,0.2779388427734375,0.38822174072265625,0.24883270263671875,0.27313995361328125,2.795928955078125,0.29590606689453125,0.30614471435546875,39.433753967285156,0.19600677490234375,40.55967712402344,0.2247161865234375,23.167404174804688,0.219024658203125,15.655105590820313,0.2371978759765625,0,254617.92919921875,253419.6378173828,0,34088599552,2147483648,8476041216,0
200,1787751754408,3500,3500,3500,3500,3500,3500,3500,3500,3500,3500,3500,3500,3500,3500,3500,3500,3500,3500,3500,3500,14.684890747070313,0.6698989868164063,0.23395538330078125,23.371292114257813,1.8090057373046875,0.28433990478515625,0.21968841552734375,2.8056411743164063,2.851287841796875,0.227325439453125,2.77606201171875,0.9066009521484375,64.32365417480469,0.19190216064453125,71.62092590332031,0.17330169677734375,0.28893280029296875,0.3061370849609375,0.30060577392578125,0.30245208740234375,0,254628.3980102539,253427.9115600586,0,34088599552,2147483648,8482000896,0
200,1787751754608,3500,3500,3500,3500,3500,3500,3500,3500,3500,3500,3500,3500,3500,3500,3500,3500,3500,3500,3500,3500,22.086097717285156,1.0472640991210938,0.31684112548828125,18.283828735351563,2.2966537475585938,0.30301666259765625,0.3114013671875,0.31664276123046875,0.2951812744140625,0.31653594970703125,0.36717987060546875,2.8978500366210938,63.17976379394531,0.24922943115234375,31.637306213378906,0.29393768310546875,8.189407348632813,0.3326568603515625,0.38030242919921875,0.31768798828125,0,254639.26654052734,253436.6138305664,0,34088599552,2147483648,8483840000,0
200,1787751754809,3500,3500,3500,3500,3500,3500,3500,3500,3500,3500,3500,3500,3500,3500,3500,3500,3500,3500,3500,3500,23.594329833984375,3.0679550170898438,2.70050048828125,58.68156814575195,0.27365875244140625,2.8863449096679688,0.30224609375,0.28179168701171875,0.276947021484375,0.32878875732421875,0.322998046875,0.23448944091796875,64.27204895019531,0.198516845703125,2.9244155883789063,2.900665283203125,0.30957794189453125,0.300750732421875,0.34140777587890625,2.8452377319335938,0,254649.1280517578,253444.27337646484,0,34088599552,2147483648,8484261888,0
200,1787751755009,3500,3500,3500,3500,3500,3500,3500,3500,3500,3500,3500,3500,3500,3500,3500,3500,3500,3500,3500,3500,12.668693542480469,0.6775970458984375,0.16280364990234375,70.73675537109375,4.54058837890625,0.5478744506835938,3.0226974487304688,0.394012451171875,0.49200439453125,0.361083984375,0.45458221435546875,3.5925064086914063,30.30022430419922,1.3631362915039063,1.5173416137695313,0.28102874755859375,31.457435607910156,2.7484588623046875,2.8279647827148438,0.3191070556640625,0,254659.1951904297,253452.1494140625,0,34088599552,2147483648,8486383616,0
200,1787751755209,3500,3500,3500,3500,3500,3500,3500,3500,3500,3500,3500,3500,3500,3500,3500,3500,3500,3500,3500,3500,30.138473510742188,0.55023193359375,0.17948150634765625,55.97798538208008,3.0095672607421875,0.4837493896484375,0.407135009765625,0.4352874755859375,0.46279144287109375,2.942291259765625,0.5022201538085938,0.7975006103515625,49.99148941040039,1.63018798828125,2.3773269653320313,0.23443603515625,25.8963623046875,0.29323577880859375,0.315948486328125,0.29034423828125,0,254668.39373779297,253459.16857910156,0,34088599552,2147483648,8489062400,0
200,1787751755409,3500,3500,3500,3500,3500,3500,3500,3500,3500,3500,3500,3500,3500,3500,3500,3500,3500,3500,3500,3500,33.47804260253906,0.5489501953125,0.2503662109375,26.762557983398438,0.40689849853515625,0.47640228271484375,0.40724945068359375,2.985015869140625,2.980316162109375,0.37932586669921875,3.0118942260742188,1.778900146484375,76.25972747802734,0.15828704833984375,0.7405548095703125,0.29888153076171875,23.790687561035156,0.2437744140625,0.2860870361328125,0.34079742431640625,0,254679.31329345703,253467.91149902344,0,34088599552,2147483648,8490962944,0
200,1787751755609,3500,3500,3500,3500,3500,3500,3500,3500,3500,3500,3500,3500,3500,3500,3500,3500,3500,3500,3500,3500,20.332176208496094,0.74755859375,0.20525360107421875,29.5394287109375,0.41880035400390625,0.5157394409179688,0.4091644287109375,0.41126251220703125,0.47243499755859375,0.41326141357421875,0.496063232421875,3.1061553955078125,55.84120559692383,0.24965667724609375,52.02793884277344,0.26363372802734375,0.5162353515625,0.31797027587890625,0.296295166015625,0.32141876220703125,0,254690.8416748047,253477.25561523438,0,34088599552,2147483648,8492781568,0
200,1787751755810,3500,3500,3500,3500,3500,3500,3500,3500,3500,3500,3500,3500,3500,3500,3500,3500,3500,3500,3500,3500,18.13531494140625,2.9204940795898438,2.755889892578125,52.83487319946289,0.420745849609375,3.0184173583984375,0.36269378662109375,0.37317657470703125,0.5541000366210938,0.4540863037109375,0.5416717529296875,0.6249771118164063,42.22930908203125,0.2575836181640625,26.148048400878906,2.7898330688476563,15.557907104492188,0.35870361328125,0.3275604248046875,2.85650634765625,0,254701.49700927734,253485.73333740234,0,34088599552,2147483648,8490074112,0
200,1787751756010,3500,3500,3500,3500,3500,3500,3500,3500,3500,3500,3500,3500,3500,3500,3500,3500,3500,3500,3500,3500,24.172378540039063,1.0150222778320313,0.24872589111328125,52.84791564941406,0.20941925048828125,0.28697967529296875,2.7433547973632813,0.29906463623046875,0.42063140869140625,0.3349761962890625,0.40489959716796875,0.3411712646484375,29.466156005859375,0.24877166748046875,1.8782196044921875,0.2696533203125,47.2614631652832,2.3566360473632813,2.8167266845703125,0.30191802978515625,0,254710.9356689453,253492.95764160156,0,34088599552,2147483648,8490348544,0
199,1787751756211,3500,3500,3500,3500,3500,3500,3500,3500,3500,3500,3500,3500,3500,3500,3500,3500,3500,3500,3500,3500,25.67298126220703,0.5500106811523438,0.17352294921875,64.10195922851563,2.7915191650390625,0.3229522705078125,0.2896728515625,0.21228790283203125,0.2057037353515625,0.46788787841796875,0.21523284912109375,0.3765869140625,59.96539306640625,2.7470626831054688,15.742637634277344,0.2629852294921875,2.843658447265625,0.7312164306640625,0.30175018310546875,0.32874298095703125,0,254721.8388671875,253501.66046142578,0,34088599552,2147483648,8490655744,0
200,1787751756411,3500,3500,3500,3500,3500,3500,3500,3500,3500,3500,3500,3500,3500,3500,3500,3500,3500,3500,3500,3500,32.26741027832031,0.8637466430664063,0.23647308349609375,19.015335083007813,0.436920166015625,0.34632110595703125,0.39579010009765625,2.8528976440429688,2.8512954711914063,2.5959854125976563,2.9700851440429688,0.3204803466796875,86.14314270019531,0.2194366455078125,6.141319274902344,0.34716796875,0.39649200439453125,0.361358642578125,0.3931427001953125,0.40119171142578125,0,254731.8602294922,253509.50805664063,0,34088599552,2147483648,8491888640,0
200,1787751756611,3500,3500,3500,3500,3500,3500,3500,3500,3500,3500,3500,3500,3500,3500,3500,3500,3500,3500,3500,3500,21.80565643310547,0.8079299926757813,0.244842529296875,21.684059143066406,0.477996826171875,0.422515869140625,0.5075607299804688,0.48783111572265625,0.23919677734375,0.321990966796875,0.31949615478515625,0.877593994140625,38.521324157714844,0.24768829345703125,82.72163391113281,0.2115325927734375,0.5652389526367188,0.31929779052734375,0.3137054443359375,0.3042144775390625,0,254741.72583007813,253517.19500732422,0,34088599552,2147483648,8492503040,0
200,1787751756811,3500,3500,3500,3500,3500,3500,3500,3500,3500,3500,3500,3500,3500,3500,3500,3500,3500,3500,3500,3500,23.940353393554688,2.9850387573242188,1.2647628784179688,58.69955062866211,0.4542236328125,2.995361328125,0.4040985107421875,0.416717529296875,0.390533447265625,0.4542694091796875,0.4004058837890625,2.9715194702148438,56.460609436035156,0.2230987548828125,11.788780212402344,2.7930145263671875,0.2919769287109375,0.298858642578125,0.26699066162109375,2.7935104370117188,0,254752.24151611328,253525.5166015625,0,34088599552,2147483648,8492916736,0
200,1787751757012,3500,3500,3500,3500,3500,3500,3500,3500,3500,3500,3500,3500,3500,3500,3500,3500,3500,3500,3500,3500,15.636589050292969,0.35530853271484375,1.4448394775390625,72.23979187011719,0.6984405517578125,0.26140594482421875,2.78973388671875,0.20233154296875,5.074516296386719,0.25217437744140625,0.27716827392578125,1.0307540893554688,59.32158660888672,0.15038299560546875,17.61725616455078,0.26714324951171875,16.9466552734375,0.38454437255859375,3.1912460327148438,0.248931884765625,0,254762.06713867188,253533.14782714844,0,34088599552,2147483648,8493985792,0
200,1787751757212,3500,3500,3500,3500,3500,3500,3500,3500,3500,3500,3500,3500,3500,3500,3500,3500,3500,3500,3500,3500,25.26105499267578,0.5666275024414063,0.27301788330078125,63.962947845458984,2.9450836181640625,0.4109954833984375,0.39589691162109375,0.31917572021484375,0.36887359619140625,0.33298492431640625,0.4361724853515625,0.3128509521484375,80.78773498535156,2.7846755981445313,2.944488525390625,0.37774658203125,26.093223571777344,2.691802978515625,0.47530364990234375,0.47046661376953125,0,254773.02764892578,253541.9169921875,0,34088599552,2147483648,8493133824,0
199,1787751757413,3500,3500,3500,3500,3500,3500,3500,3500,3500,3500,3500,3500,3500,3500,3500,3500,3500,3500,3500,3500,17.560958862304688,0.2847900390625,0.2659759521484375,27.90729522705078,0.38324737548828125,0.38713836669921875,0.304656982421875,2.8542633056640625,2.8057022094726563,2.8019638061523438,2.8633956909179688,0.21273040771484375,77.04570770263672,0.2177734375,7.215568542480469,0.277557373046875,69.6448974609375,0.24591827392578125,0.418975830078125,0.39762115478515625,0,254782.5252685547,253549.18975830078,0,34088599552,2147483648,8493395968,0
200,1787751757613,3500,3500,3500,3500,3500,3500,3500,3500,3500,3500,3500,3500,3500,3500,3500,3500,3500,3500,3500,3500,34.44416809082031,1.4636306762695313,0.25475311279296875,12.573997497558594,0.28183746337890625,0.23085784912109375,0.34037017822265625,0.34041595458984375,0.31098175048828125,0.3247222900390625,0.37750244140625,0.35706329345703125,17.81780242919922,0.440826416015625,0.6326522827148438,0.3247222900390625,6.9337921142578125,0.31827545166015625,0.43383026123046875,0.42653656005859375,0,254790.08764648438,253554.59619140625,0,34088599552,2147483648,8493752320,0
200,1787751757813,3500,3500,3500,3500,3500,3500,3500,3500,3500,3500,3500,3500,3500,3500,3500,3500,3500,3500,3500,3500,24.266464233398438,2.3072433471679688,0.2235107421875,6.910896301269531,0.2773284912109375,2.7301483154296875,0.35141754150390625,0.19744873046875,0.26729583740234375,0.2400360107421875,0.423309326171875,3.2430191040039063,50.71112060546875,0.27997589111328125,4.111900329589844,2.8129730224609375,0.35251617431640625,0.29380035400390625,0.30548858642578125,2.7948532104492188,0,254798.69921875,253560.9898071289,0,34088599552,2147483648,8499372032,0
200,1787751758014,3500,3500,3500,3500,3500,3500,3500,3500,3500,3500,3500,3500,3500,3500,3500,3500,3500,3500,3500,3500,20.814048767089844,0.7480621337890625,1.7160186767578125,6.6963043212890625,0,0,1.7570419311523438,0,1.40155029296875,0,0,66.99223327636719,12.7974853515625,0,0,0,0,0,1.82049560546875,0,0,254807.11492919922,253567.30364990234,0,34088599552,2147483648,8497426432,0
200,1787751758214,3500,3500,3500,3500,3500,3500,3500,3500,3500,3500,3500,3500,3500,3500,3500,3500,3500,3500,3500,3500,31.006423950195313,1.0820770263671875,0.30743408203125,17.698158264160156,2.8607101440429688,0.31085205078125,0.403411865234375,0.28993988037109375,0.38475799560546875,0.29169464111328125,0.39360809326171875,1.4013748168945313,53.45896530151367,2.812347412109375,0.5250244140625,0.3214569091796875,3.0060577392578125,2.9285354614257813,0.3727874755859375,0.4104461669921875,0,254815.35540771484,253573.24639892578,0,34088599552,2147483648,8500699136,0
200,1787751758414,3500,3500,3500,3500,3500,3500,3500,3500,3500,3500,3500,3500,3500,3500,3500,3500,3500,3500,3500,3500,34.54249572753906,0.471527099609375,0.6120529174804688,12.230758666992188,0.207550048828125,0.2315673828125,0.31586456298828125,2.8077850341796875,2.8653106689453125,2.851226806640625,2.9420700073242188,0.2077484130859375,56.4671516418457,0.19831085205078125,3.5784454345703125,0.28415679931640625,0.5710525512695313,0.29534149169921875,0.44086456298828125,0.2831573486328125,0,254825.1385498047,253580.98669433594,0,34088599552,2147483648,8497475584,0
200,1787751758615,3500,3500,3500,3500,3500,3500,3500,3500,3500,3500,3500,3500,3500,3500,3500,3500,3500,3500,3500,3500,39.85737228393555,0.8691940307617188,0.640411376953125,17.63921356201172,0.7522048950195313,0.85577392578125,0.7205276489257813,0.8359222412109375,0.615264892578125,0.5847854614257813,0.623046875,0.6562271118164063,47.687503814697266,0.5697708129882813,6.1649322509765625,0.6551284790039063,3.647247314453125,0.6189041137695313,2.8349227905273438,0.619110107421875,0,254834.23248291016,253588.00201416016,0,34088599552,2147483648,8497311744,0
199,1787751758815,3500,3500,3500,3500,3500,3500,3500,3500,3500,3500,3500,3500,3500,3500,3500,3500,3500,3500,3500,3500,41.47995376586914,1.11395263671875,0.2161407470703125,10.343917846679688,0.44086456298828125,2.98699951171875,0.420196533203125,0.459197998046875,0.22397613525390625,0.29444122314453125,0.26972198486328125,2.8622970581054688,24.024864196777344,0.27576446533203125,2.8196487426757813,2.8568038940429688,0.3515777587890625,0.26782989501953125,0.2827606201171875,2.8047637939453125,0,254844.26849365234,253595.91943359375,0,34088599552,2147483648,8505749504,0
200,1787751759015,3500,3500,3500,3500,3500,3500,3500,3500,3500,3500,3500,3500,3500,3500,3500,3500,3500,3500,3500,3500,48.13893508911133,3.8693313598632813,2.73883056640625,14.895072937011719,1.3307647705078125,0.37180328369140625,2.855804443359375,0.3391265869140625,1.6681442260742188,0.28546142578125,0.32393646240234375,2.7005615234375,32.93681335449219,0.2878570556640625,1.7143096923828125,0.3520660400390625,1.2850494384765625,0.3394775390625,2.8643035888671875,0.32488250732421875,0,254854.27532958984,253603.30438232422,0,34088599552,2147483648,8502558720,0
200,1787751759216,3500,3500,3500,3500,3500,3500,3500,3500,3500,3500,3500,3500,3500,3500,3500,3500,3500,3500,3500,3500,39.233558654785156,0.797027587890625,0.263214111328125,13.159469604492188,2.8358612060546875,0.257781982421875,0.276031494140625,0.2722930908203125,0.38626861572265625,0.30072784423828125,0.41684722900390625,0.44837188720703125,38.94525146484375,2.7571029663085938,0.37145233154296875,0.32212066650390625,2.817108154296875,2.8102264404296875,0.31803131103515625,0.27738189697265625,0,254863.5936279297,253610.41424560547,0,34088599552,2147483648,8497422336,0
200,1787751759416,3500,3500,3500,3500,3500,3500,3500,3500,3500,3500,3500,3500,3500,3500,3500,3500,3500,3500,3500,3500,28.782882690429688,1.420684814453125,0.207366943359375,11.451828002929688,0.27939605712890625,0.29815673828125,0.364898681640625,2.7703323364257813,2.8805313110351563,2.87957763671875,2.95849609375,0.5762557983398438,11.006866455078125,0.277252197265625,0.37187957763671875,0.32958221435546875,0.30294036865234375,0.31127166748046875,0.34774017333984375,0.3302764892578125,0,254871.75885009766,253616.37451171875,0,34088599552,2147483648,8497102848,0
200,1787751759616,3500,3500,3500,3500,3500,3500,3500,3500,3500,3500,3500,3500,3500,3500,3500,3500,3500,3500,3500,3500,24.618186950683594,1.6017227172851563,0.32195281982421875,18.902671813964844,0.32344818115234375,0.3238983154296875,0.2525177001953125,0.30477142333984375,0.28583526611328125,0.2738494873046875,0.32929229736328125,0.66033935546875,11.03125,0.28324127197265625,0.3021697998046875,0.30606842041015625,0.30181884765625,0.30661773681640625,0.30187225341796875,0.29772186279296875,0,254879.708984375,253622.12060546875,0,34088599552,2147483648,8497790976,0
200,1787751759817,3500,3500,3500,3500,3500,3500,3500,3500,3500,3500,3500,3500,3500,3500,3500,3500,3500,3500,3500,3500,25.623741149902344,1.1094818115234375,0.23047637939453125,15.392379760742188,0.26055145263671875,2.8254470825195313,0.2541656494140625,0.2234954833984375,0.1936187744140625,0.2541656494140625,0.2372589111328125,2.7847518920898438,25.246536254882813,0.25371551513671875,4.6945343017578125,2.7422027587890625,0.5979080200195313,0.2979583740234375,0.24958038330078125,2.7966232299804688,0,254889.44036865234,253629.62182617188,0,34088599552,2147483648,8502243328,0
199,1787751760017,3500,3500,3500,3500,3500,3500,3500,3500,3500,3500,3500,3500,3500,3500,3500,3500,3500,3500,3500,3500,30.005661010742188,3.8777389526367188,2.9070053100585938,47.46824645996094,0.45198822021484375,0.2830963134765625,2.8655471801757813,0.35843658447265625,0.46176910400390625,0.2777099609375,0.3439178466796875,3.5626602172851563,30.04033660888672,0.3318939208984375,0.9886398315429688,0.34810638427734375,7.217918395996094,0.4459991455078125,2.8877487182617188,0.325103759765625,0,254898.66961669922,253636.67608642578,0,34088599552,2147483648,8500219904,0
200,1787751760217,3500,3500,3500,3500,3500,3500,3500,3500,3500,3500,3500,3500,3500,3500,3500,3500,3500,3500,3500,3500,27.60295867919922,0.5408096313476563,0.22466278076171875,36.58448028564453,2.8001861572265625,0.2396087646484375,0.345489501953125,0.25756072998046875,0.2345123291015625,0.2871551513671875,0.3277435302734375,0.5632095336914063,36.58578109741211,2.7181549072265625,2.0872573852539063,0.30049896240234375,42.84850311279297,2.8138351440429688,0.28725433349609375,0.2913055419921875,0,254909.0106201172,253644.8412475586,0,34088599552,2147483648,8500494336,0
200,1787751760418,3500,3500,3500,3500,3500,3500,3500,3500,3500,3500,3500,3500,3500,3500,3500,3500,3500,3500,3500,3500,19.939666748046875,1.2058258056640625,0.14942169189453125,99.62760162353516,0.2790374755859375,0.335296630859375,0.29863739013671875,2.8973159790039063,2.86199951171875,2.8441009521484375,2.8320770263671875,0.6308441162109375,13.593994140625,0.29030609130859375,0.34880828857421875,0.3667144775390625,0.33390045166015625,0.3451690673828125,0.3349456787109375,0.33464813232421875,0,254918.8367919922,253652.50036621094,0,34088599552,2147483648,8501530624,0
200,1787751760618,3500,3500,3500,3500,3500,3500,3500,3500,3500,3500,3500,3500,3500,3500,3500,3500,3500,3500,3500,3500,19.888961791992188,1.05718994140625,0.1485137939453125,100,0.3544769287109375,0.3707122802734375,0.42236328125,0.4203643798828125,0.268402099609375,0.32990264892578125,0.32370758056640625,0.7686538696289063,16.201866149902344,0.2474212646484375,0.342987060546875,0.307373046875,0.3537750244140625,0.382354736328125,0.317413330078125,0.3037261962890625,0,254928.18426513672,253659.67022705078,0,34088599552,2147483648,8501018624,0
200,1787751760818,3500,3500,3500,3500,3500,3500,3500,3500,3500,3500,3500,3500,3500,3500,3500,3500,3500,3500,3500,3500,17.903350830078125,1.12139892578125,0.1581268310546875,95.98587036132813,0.3817901611328125,2.9011611938476563,0.41672515869140625,0.3790435791015625,0.27516937255859375,0.28141021728515625,0.3065185546875,3.1550216674804688,17.52930450439453,0.29034423828125,3.5015182495117188,0.31580352783203125,0.35208892822265625,0.3910675048828125,0.3389129638671875,2.8101654052734375,0,254937.19512939453,253666.51391601563,0,34088599552,2147483648,8501555200,0
200,1787751761019,3500,3500,3500,3500,3500,3500,3500,3500,3500,3500,3500,3500,3500,3500,3500,3500,3500,3500,3500,3500,16.717330932617188,3.43438720703125,2.6949539184570313,69.49026489257813,3.331634521484375,0.220184326171875,2.8638916015625,0.2396697998046875,0.31114959716796875,0.24786376953125,0.23302459716796875,1.4206314086914063,45.8955078125,0.2444610595703125,1.0994415283203125,2.8901138305664063,0.30730438232421875,0.33542633056640625,2.9029541015625,0.33173370361328125,0,254947.53857421875,253674.67681884766,0,34088599552,2147483648,8501747712,0
200,1787751761219,3500,3500,3500,3500,3500,3500,3500,3500,3500,3500,3500,3500,3500,3500,3500,3500,3500,3500,3500,3500,27.85448455810547,0.810089111328125,0.31485748291015625,23.803558349609375,2.780059814453125,0.3035736083984375,0.3122100830078125,0.2398223876953125,0.33687591552734375,0.21840667724609375,0.2438201904296875,0.3469085693359375,58.220096588134766,2.7102737426757813,1.4817352294921875,0.27242279052734375,29.694961547851563,2.7667312622070313,0.2528076171875,0.28565216064453125,0,254955.74926757813,253680.7078857422,0,34088599552,2147483648,8502611968,0
200,1787751761419,3500,3500,3500,3500,3500,3500,3500,3500,3500,3500,3500,3500,3500,3500,3500,3500,3500,3500,3500,3500,31.092552185058594,1.1639404296875,0.2064971923828125,17.92424774169922,0.27890777587890625,0.27057647705078125,0.25736236572265625,2.813232421875,2.7689971923828125,2.777679443359375,0.29586029052734375,0.4451141357421875,70.64849090576172,0.17737579345703125,0.26813507080078125,0.29062652587890625,12.210418701171875,0.27985382080078125,0.2980499267578125,0.28668212890625,0,254966.90747070313,253689.7110595703,0,34088599552,2147483648,8502751232,0
200,1787751761620,3500,3500,3500,3500,3500,3500,3500,3500,3500,3500,3500,3500,3500,3500,3500,3500,3500,3500,3500,3500,27.58771514892578,1.0676345825195313,0.19586944580078125,52.749908447265625,0.24691009521484375,0.21035003662109375,0.35147857666015625,0.28591156005859375,0.27736663818359375,0.2194366455078125,2.8362808227539063,0.28830718994140625,57.58420944213867,0.17873382568359375,0.71514892578125,0.268829345703125,0.27571868896484375,0.30408477783203125,0.30004119873046875,0.327362060546875,0,254977.55029296875,253698.16357421875,0,34088599552,2147483648,8502083584,0
199,1787751761820,3500,3500,3500,3500,3500,3500,3500,3500,3500,3500,3500,3500,3500,3500,3500,3500,3500,3500,3500,3500,23.23974609375,1.1905364990234375,0.22956085205078125,86.8713150024414,0.39434814453125,2.8473358154296875,0.34096527099609375,0.36688232421875,0.3353729248046875,0.3498077392578125,0.35040283203125,3.2935714721679688,15.649932861328125,0.3742218017578125,8.513893127441406,0.33821868896484375,0.3903045654296875,0.4122772216796875,0.3760223388671875,2.8903274536132813,0,254987.43475341797,253705.8765258789,0,34088599552,2147483648,8502353920,0
200,1787751762020,3500,3500,3500,3500,3500,3500,3500,3500,3500,3500,3500,3500,3500,3500,3500,3500,3500,3500,3500,3500,20.820091247558594,3.4688796997070313,2.7044219970703125,64.11923217773438,0.3760833740234375,0.33904266357421875,2.881683349609375,0.2805023193359375,0.33258819580078125,0.2251129150390625,0.3304901123046875,1.1392974853515625,33.981849670410156,0.207916259765625,16.88604736328125,2.7777023315429688,0.2884979248046875,0.28334808349609375,0.302947998046875,0.2958984375,0,254997.21295166016,253713.4760131836,0,34088599552,2147483648,8503476224,0
200,1787751762221,3500,3500,3500,3500,3500,3500,3500,3500,3500,3500,3500,3500,3500,3500,3500,3500,3500,3500,3500,3500,30.23217010498047,0.43231964111328125,0.2261810302734375,28.159706115722656,2.8087158203125,0.32543182373046875,0.3017425537109375,0.246429443359375,0.282440185546875,0.22808074951171875,0.21495819091796875,0.319000244140625,45.01782989501953,2.714202880859375,24.027908325195313,0.29386138916015625,33.540382385253906,2.768463134765625,2.815643310546875,0.27740478515625,0,255008.17962646484,253722.29321289063,0,34088599552,2147483648,8503771136,0
200,1787751762421,3500,3500,3500,3500,3500,3500,3500,3500,3500,3500,3500,3500,3500,3500,3500,3500,3500,3500,3500,3500,11.936149597167969,0.40648651123046875,0.3209228515625,7.612922668457031,0.24169921875,0.25254058837890625,0.29894256591796875,2.7856063842773438,2.797943115234375,2.8352508544921875,0.2566375732421875,0.4828033447265625,50.87580490112305,0.2064361572265625,42.91633987426758,0.21727752685546875,0.4622802734375,0.2855072021484375,54.544254302978516,0.2208709716796875,0,255020.29168701172,253732.23834228516,0,34088599552,2147483648,8511614976,0
200,1787751762621,3500,3500,3500,3500,3500,3500,3500,3500,3500,3500,3500,3500,3500,3500,3500,3500,3500,3500,3500,3500,16.554672241210938,0.35567474365234375,0.1563262939453125,62.53858947753906,0.2270050048828125,0.276763916015625,0.35642242431640625,0.304718017578125,0.29637908935546875,0.30651092529296875,2.8565444946289063,0.33880615234375,75.76959228515625,0.20040130615234375,1.4908828735351563,0.29174041748046875,30.058189392089844,0.23194122314453125,0.289093017578125,0.30965423583984375,0,255031.78002929688,253741.5714111328,0,34088599552,2147483648,8505995264,0
199,1787751762821,3500,3500,3500,3500,3500,3500,3500,3500,3500,3500,3500,3500,3500,3500,3500,3500,3500,3500,3500,3500,5.3885955810546875,0.3187255859375,0.12020111083984375,100,0.27135467529296875,2.7879714965820313,0.2694549560546875,0.28238677978515625,0.277740478515625,0.261322021484375,0.25832366943359375,2.9551925659179688,97.08064270019531,0.18329620361328125,2.8725814819335938,0.27924346923828125,0.2771453857421875,0.3159332275390625,0.307098388671875,2.79840087890625,0,255043.9677734375,253751.62915039063,0,34088599552,2147483648,8506179584,0
200,1787751763021,3500,3500,3500,3500,3500,3500,3500,3500,3500,3500,3500,3500,3500,3500,3500,3500,3500,3500,3500,3500,44.262969970703125,2.7479248046875,2.771514892578125,43.771278381347656,25.7569580078125,0.17775726318359375,2.8169937133789063,0.28759765625,6.192291259765625,0.2281341552734375,0.19390106201171875,42.8950309753418,51.06330108642578,0.25226593017578125,0.49639129638671875,2.8377838134765625,0.5729522705078125,0.32273101806640625,0.2928009033203125,0.315338134765625,0,255052.08569335938,253757.58099365234,0,34088599552,2147483648,8506896384,0
199,1787751763222,3500,3500,3500,3500,3500,3500,3500,3500,3500,3500,3500,3500,3500,3500,3500,3500,3500,3500,3500,3500,57.58533477783203,0.2025146484375,0.2574920654296875,26.19451141357422,38.779632568359375,0.1834564208984375,0.22137451171875,0.2053070068359375,0.19472503662109375,0.18210601806640625,0.19228363037109375,66.12471008300781,2.3554534912109375,2.7783355712890625,23.178741455078125,0.24022674560546875,2.9062118530273438,2.9083099365234375,2.7986907958984375,0.2805938720703125,0,255062.29779052734,253765.65075683594,0,34088599552,2147483648,8507301888,0
200,1787751763422,3500,3500,3500,3500,3500,3500,3500,3500,3500,3500,3500,3500,3500,3500,3500,3500,3500,3500,3500,3500,1.5342483520507813,0.337005615234375,0.3290557861328125,0.4915618896484375,64.3677978515625,0.27074432373046875,0.19878387451171875,2.6972122192382813,21.014846801757813,2.7772140502929688,0.26044464111328125,19.217697143554688,2.5499038696289063,0.291229248046875,100,0.1452178955078125,0.5509262084960938,0.3913726806640625,0.34344482421875,0.29807281494140625,0,255070.35009765625,253771.56024169922,0,34088599552,2147483648,8507793408,0
199,1787751763622,3500,3500,3500,3500,3500,3500,3500,3500,3500,3500,3500,3500,3500,3500,3500,3500,3500,3500,3500,3500,67.89541625976563,0.17321014404296875,0.2987060546875,0.29212188720703125,50.863990783691406,14.139396667480469,0.17844390869140625,0.1955108642578125,36.193294525146484,0.2528533935546875,2.7321014404296875,0.2299957275390625,23.36066436767578,0.20095062255859375,3.14154052734375,0.25664520263671875,12.626884460449219,0.2736053466796875,0.2861328125,0.3022003173828125,0,255081.0541381836,253780.11724853516,0,34088599552,2147483648,8508518400,0
200,1787751763823,3500,3500,3500,3500,3500,3500,3500,3500,3500,3500,3500,3500,3500,3500,3500,3500,3500,3500,3500,3500,26.137786865234375,0.2973175048828125,0.3323974609375,0.3691864013671875,9.701766967773438,10.897575378417969,0.40546417236328125,0.42415618896484375,25.806983947753906,0.3941192626953125,0.218353271484375,2.8264694213867188,71.32061767578125,0.2035064697265625,67.07513427734375,0.19886016845703125,31.487167358398438,0.4474945068359375,0.64715576171875,2.8638076782226563,0,255093.15783691406,253790.02868652344,0,34088599552,2147483648,8331059200,0
200,1787751764023,3500,3500,3500,3500,3500,3500,3500,3500,3500,3500,3500,3500,3500,3500,3500,3500,3500,3500,3500,3500,37.17317581176758,2.756561279296875,2.8466110229492188,0.29727935791015625,1.1741714477539063,0.32391357421875,2.8280258178710938,0.316314697265625,2.7351760864257813,0.27234649658203125,0.306427001953125,0.35799407958984375,84.20148468017578,0.14226531982421875,30.630584716796875,2.743621826171875,12.700393676757813,0.33870697021484375,0.36728668212890625,0.2882843017578125,0,255105.12200927734,253799.8250732422,0,34088599552,2147483648,8346898432,0
200,1787751764223,3500,3500,3500,3500,3500,3500,3500,3500,3500,3500,3500,3500,3500,3500,3500,3500,3500,3500,3500,3500,21.011199951171875,0.2188262939453125,8.01470947265625,2.8603591918945313,8.742111206054688,0.22846221923828125,0.31487274169921875,0.25124359130859375,0.2643280029296875,0.28490447998046875,0.2615814208984375,0.2754669189453125,45.45147705078125,2.7397308349609375,63.76859664916992,0.23830413818359375,11.8482666015625,2.7871322631835938,9.213630676269531,0.32137298583984375,0,255116.06854248047,253808.5747680664,0,34088599552,2147483648,8346546176,0
200,1787751764423,3500,3500,3500,3500,3500,3500,3500,3500,3500,3500,3500,3500,3500,3500,3500,3500,3500,3500,3500,3500,8.820823669433594,0.29558563232421875,1.3874969482421875,0.4180145263671875,31.91362762451172,0.3080596923828125,0.332305908203125,2.7023544311523438,68.56256103515625,2.7271041870117188,0.232330322265625,0.20334625244140625,10.348655700683594,0.24530029296875,87.6258773803711,0.16468048095703125,6.117866516113281,0.28591156005859375,1.0882644653320313,0.39362335205078125,0,255126.03381347656,253816.3618774414,0,34088599552,2147483648,8350113792,0
200,1787751764623,3500,3500,3500,3500,3500,3500,3500,3500,3500,3500,3500,3500,3500,3500,3500,3500,3500,3500,3500,3500,1.1409149169921875,0.39308929443359375,0.437255859375,0.434906005859375,0.30272674560546875,0.28174591064453125,0.32485198974609375,0.3557281494140625,100,0.17723846435546875,2.7123336791992188,0.1796875,5.2869415283203125,0.28708648681640625,100,0.147918701171875,0.3535308837890625,0.30692291259765625,0.42676544189453125,0.4546356201171875,0,255136.34698486328,253824.8187866211,0,34088599552,2147483648,8350097408,0
200,1787751764824,3500,3500,3500,3500,3500,3500,3500,3500,3500,3500,3500,3500,3500,3500,3500,3500,3500,3500,3500,3500,42.280181884765625,0.1917724609375,0.396820068359375,0.4071044921875,0.27307891845703125,2.7912063598632813,0.259857177734375,0.27732086181640625,100,0.1444549560546875,0.14110565185546875,2.6751022338867188,49.48695755004883,0.21198272705078125,12.979255676269531,0.26708984375,0.6807785034179688,0.2819671630859375,0.3809967041015625,2.9295196533203125,0,255145.92694091797,253832.19842529297,0,34088599552,2147483648,8350363648,0
200,1787751765024,3500,3500,3500,3500,3500,3500,3500,3500,3500,3500,3500,3500,3500,3500,3500,3500,3500,3500,3500,3500,13.591361999511719,2.8607406616210938,2.9224853515625,0.39691925048828125,2.2319412231445313,0.23447418212890625,2.8471755981445313,0.2303314208984375,100,0.14025115966796875,0.1484375,0.13970184326171875,55.39341735839844,0.20075225830078125,8.805770874023438,2.7457733154296875,5.2370758056640625,0.27088165283203125,0.3832550048828125,0.380859375,0,255155.90405273438,253839.76947021484,0,34088599552,2147483648,8351256576,0
200,1787751765225,3500,3500,3500,3500,3500,3500,3500,3500,3500,3500,3500,3500,3500,3500,3500,3500,3500,3500,3500,3500,9.221488952636719,0.31817626953125,0.357177734375,0.3536834716796875,6.314033508300781,92.39417266845703,0.15839385986328125,0.1584930419921875,8.595962524414063,0.22320556640625,0.3244171142578125,0.238037109375,11.532920837402344,2.8539199829101563,2.8767929077148438,0.2673492431640625,6.4293365478515625,2.81072998046875,2.886077880859375,0.36171722412109375,0,255164.251953125,253845.97686767578,0,34088599552,2147483648,8352546816,0
200,1787751765425,3500,3500,3500,3500,3500,3500,3500,3500,3500,3500,3500,3500,3500,3500,3500,3500,3500,3500,3500,3500,9.153564453125,0.2508544921875,0.5787353515625,2.8535308837890625,10.929985046386719,93.11558532714844,0.1590423583984375,0.15219879150390625,2.81097412109375,2.8595733642578125,0.24121856689453125,0.29416656494140625,15.614089965820313,0.2483062744140625,12.792526245117188,0.34990692138671875,4.59918212890625,0.29781341552734375,1.1840972900390625,0.34876251220703125,0,255172.2918701172,253851.81805419922,0,34088599552,2147483648,8355639296,0
200,1787751765625,3500,3500,3500,3500,3500,3500,3500,3500,3500,3500,3500,3500,3500,3500,3500,3500,3500,3500,3500,3500,6.258056640625,0.1687774658203125,0.7368698120117188,0.19980621337890625,7.4814300537109375,0.2366790771484375,0.207550048828125,2.7660675048828125,92.77359008789063,0.07364654541015625,2.6245193481445313,0.08454132080078125,17.378318786621094,0.1700286865234375,3.2526626586914063,0.22364044189453125,3.2020492553710938,0.2144927978515625,2.2706680297851563,0.32631683349609375,0,255180.5337524414,253858.12719726563,0,34088599552,2147483648,8364122112,0
200,1787751765825,3500,3500,3500,3500,3500,3500,3500,3500,3500,3500,3500,3500,3500,3500,3500,3500,3500,3500,3500,3500,10.009315490722656,0.3981170654296875,0.36647796630859375,0.40276336669921875,0.5965576171875,2.8973388671875,0.4034576416015625,0.409149169921875,19.600341796875,0.312225341796875,0.36557769775390625,2.9649200439453125,19.611770629882813,0.3258056640625,3.6428756713867188,0.32555389404296875,0.46913909912109375,0.39966583251953125,0.489501953125,2.647247314453125,0,255188.3514404297,253863.53424072266,0,34088599552,2147483648,8335679488,0
200,1787751766026,3500,3500,3500,3500,3500,3500,3500,3500,3500,3500,3500,3500,3500,3500,3500,3500,3500,3500,3500,3500,11.2877197265625,3.128387451171875,2.89678955078125,0.39595794677734375,0.5761260986328125,0.32562255859375,2.8264541625976563,0.37485504150390625,0.374359130859375,0.3144989013671875,0.416656494140625,0.3415374755859375,14.385086059570313,0.37635040283203125,4.320594787597656,2.849853515625,0.35814666748046875,0.3553009033203125,0.44464111328125,0.7037200927734375,0,255196.74182128906,253869.7762451172,0,34088599552,2147483648,8335581184,0
200,1787751766226,3500,3500,3500,3500,3500,3500,3500,3500,3500,3500,3500,3500,3500,3500,3500,3500,3500,3500,3500,3500,9.963394165039063,0.7538299560546875,0.26110076904296875,0.32442474365234375,0.39629364013671875,0.41712188720703125,0.32452392578125,0.28562164306640625,0.3283233642578125,0.28826904296875,0.230438232421875,0.28961944580078125,12.268295288085938,2.83074951171875,3.2306365966796875,0.2566070556640625,2.8776931762695313,2.8900299072265625,2.9324264526367188,0.37232208251953125,0,255205.4605102539,253876.35375976563,0,34088599552,2147483648,8335851520,0
200,1787751766426,3500,3500,3500,3500,3500,3500,3500,3500,3500,3500,3500,3500,3500,3500,3500,3500,3500,3500,3500,3500,17.528762817382813,0.7113571166992188,0.28890228271484375,2.8473129272460938,2.9439926147460938,0.4117279052734375,0.37850189208984375,0.39072418212890625,0.27758026123046875,2.8661651611328125,0.316436767578125,0.26924896240234375,9.718940734863281,0.2816162109375,2.8510055541992188,0.30017852783203125,0.3079071044921875,0.32861328125,0.4257965087890625,0.38608551025390625,0,255213.02563476563,253881.76593017578,0,34088599552,2147483648,8335745024,0
200,1787751766627,3500,3500,3500,3500,3500,3500,3500,3500,3500,3500,3500,3500,3500,3500,3500,3500,3500,3500,3500,3500,11.963470458984375,1.153228759765625,0.2906646728515625,0.23574066162109375,0.423797607421875,0.4447021484375,0.40459442138671875,2.9599685668945313,2.75360107421875,0.25853729248046875,2.7436294555664063,0.2643280029296875,8.933525085449219,0.24996185302734375,2.846435546875,0.25409698486328125,0.41622161865234375,0.22566986083984375,0.3673858642578125,0.39142608642578125,0,255219.818359375,253886.4403076172,0,34088599552,2147483648,8335745024,0
200,1787751766827,3500,3500,3500,3500,3500,3500,3500,3500,3500,3500,3500,3500,3500,3500,3500,3500,3500,3500,3500,3500,9.532325744628906,1.1281890869140625,0.3734130859375,0.32732391357421875,0.3761138916015625,2.8917465209960938,0.38944244384765625,0.37366485595703125,0.26560211181640625,0.2819366455078125,0.3235321044921875,2.9352874755859375,10.827049255371094,0.3244781494140625,1.9347915649414063,0.3004608154296875,0.3222808837890625,0.3424072265625,0.44307708740234375,0.4294891357421875,0,255228.32836914063,253892.8056640625,0,34088599552,2147483648,8335749120,0
200,1787751767027,3500,3500,3500,3500,3500,3500,3500,3500,3500,3500,3500,3500,3500,3500,3500,3500,3500,3500,3500,3500,6.858673095703125,2.8497467041015625,2.8842239379882813,0.37781524658203125,0.6469650268554688,0.44301605224609375,2.8976593017578125,0.433074951171875,0.40819549560546875,0.4059906005859375,0.34343719482421875,0.42423248291015625,13.267982482910156,0.22722625732421875,4.046142578125,2.7960357666015625,0.34893798828125,0.376617431640625,0.32745361328125,2.8023834228515625,0,255234.95629882813,253897.3173828125,0,34088599552,2147483648,8335814656,0
200,1787751767228,3500,3500,3500,3500,3500,3500,3500,3500,3500,3500,3500,3500,3500,3500,3500,3500,3500,3500,3500,3500,15.469741821289063,0.5173873901367188,0.4208221435546875,0.441619873046875,0.328399658203125,0.27263641357421875,0.205596923828125,0.21741485595703125,0.26165771484375,0.2789154052734375,0.2850494384765625,0.30091094970703125,16.095016479492188,2.8150100708007813,4.136177062988281,0.31816864013671875,2.8740158081054688,2.81231689453125,2.7957077026367188,0.27413177490234375,0,255243.1043701172,253903.30590820313,0,34088599552,2147483648,8335945728,0
200,1787751767428,3500,3500,3500,3500,3500,3500,3500,3500,3500,3500,3500,3500,3500,3500,3500,3500,3500,3500,3500,3500,13.655288696289063,0.7548904418945313,0.363800048828125,2.9529571533203125,2.8501205444335938,0.2891998291015625,0.2915496826171875,0.2998809814453125,0.32218170166015625,2.8305587768554688,0.28256988525390625,0.3008270263671875,9.26678466796875,0.2719879150390625,3.4079208374023438,0.33455657958984375,0.30587005615234375,0.3076629638671875,0.29125213623046875,0.26739501953125,0,255251.34240722656,253909.41650390625,0,34088599552,2147483648,8336011264,0
200,1787751767629,3500,3500,3500,3500,3500,3500,3500,3500,3500,3500,3500,3500,3500,3500,3500,3500,3500,3500,3500,3500,16.89641571044922,0.27896881103515625,0.3096160888671875,0.34710693359375,0.32274627685546875,0.25290679931640625,0.30197906494140625,2.8000869750976563,2.8202056884765625,0.2665863037109375,2.82220458984375,0.29279327392578125,37.938873291015625,0.20428466796875,49.26891326904297,0.18695831298828125,0.36812591552734375,0.38065338134765625,0.3619384765625,0.3926849365234375,0,255260.32818603516,253916.27606201172,0,34088599552,2147483648,8336007168,0
200,1787751767829,3500,3500,3500,3500,3500,3500,3500,3500,3500,3500,3500,3500,3500,3500,3500,3500,3500,3500,3500,3500,10.201705932617188,0.27431488037109375,0.31035614013671875,0.30211639404296875,0.49492645263671875,0.30321502685546875,0.38167572021484375,0.35626983642578125,0.35492706298828125,0.2824554443359375,0.31169891357421875,2.815948486328125,77.06329345703125,0.16416168212890625,15.935722351074219,0.33066558837890625,0.44721221923828125,0.4143218994140625,0.44207000732421875,0.42639923095703125,0,255268.83227539063,253922.6587524414,0,34088599552,2147483648,8335990784,0
200,1787751768029,3500,3500,3500,3500,3500,3500,3500,3500,3500,3500,3500,3500,3500,3500,3500,3500,3500,3500,3500,3500,4.412078857421875,2.8008270263671875,2.7924346923828125,0.24872589111328125,0.9935379028320313,3.39251708984375,2.9665374755859375,0.35225677490234375,0.36354827880859375,0.2435302734375,0.18973541259765625,0.21475982666015625,94.52151489257813,0.10672760009765625,9.001060485839844,2.7867431640625,0.4057464599609375,0.37163543701171875,0.26136016845703125,2.7933807373046875,0,255277.9178466797,253929.60778808594,0,34088599552,2147483648,8335364096,0
199,1787751768230,3500,3500,3500,3500,3500,3500,3500,3500,3500,3500,3500,3500,3500,3500,3500,3500,3500,3500,3500,3500,7.019439697265625,0.225433349609375,0.3471221923828125,0.30727386474609375,0.9413681030273438,0.47409820556640625,0.44362640380859375,0.37863922119140625,0.32048797607421875,0.27869415283203125,0.30168914794921875,0.29729461669921875,12.978713989257813,2.7245559692382813,2.0361480712890625,0.324676513671875,88.0031509399414,2.7203140258789063,2.8189163208007813,0.300689697265625,0,255287.89239501953,253937.4686279297,0,34088599552,2147483648,8335495168,0
200,1787751768430,3500,3500,3500,3500,3500,3500,3500,3500,3500,3500,3500,3500,3500,3500,3500,3500,3500,3500,3500,3500,9.937530517578125,0.2581939697265625,0.32106781005859375,2.79522705078125,2.845703125,0.30057525634765625,0.30892181396484375,0.27738189697265625,0.2901763916015625,2.7606887817382813,0.255889892578125,0.23094940185546875,54.129093170166016,0.15528106689453125,43.013404846191406,0.2070159912109375,0.31006622314453125,0.28717803955078125,0.2950286865234375,0.3088226318359375,0,255295.1293334961,253942.58074951172,0,34088599552,2147483648,8335495168,0
200,1787751768630,3500,3500,3500,3500,3500,3500,3500,3500,3500,3500,3500,3500,3500,3500,3500,3500,3500,3500,3500,3500,2.8535995483398438,0.212158203125,0.2707977294921875,0.29395294189453125,0.26256561279296875,0.29615020751953125,0.21739959716796875,2.7286300659179688,2.8777008056640625,0.2232818603515625,2.7571258544921875,0.30168914794921875,11.604934692382813,0.18830108642578125,77.14022064208984,0.149871826171875,17.501632690429688,0.32788848876953125,0.26690673828125,0.28731536865234375,0,255304.14263916016,253949.46307373047,0,34088599552,2147483648,8335499264,0
200,1787751768830,3500,3500,3500,3500,3500,3500,3500,3500,3500,3500,3500,3500,3500,3500,3500,3500,3500,3500,3500,3500,9.343955993652344,0.3027191162109375,0.33660888671875,0.3193359375,0.37384033203125,0.2588958740234375,0.3095550537109375,0.28334808349609375,0.2846527099609375,0.311248779296875,0.25534820556640625,2.7658309936523438,3.0054092407226563,0.2677764892578125,47.53216552734375,0.2197113037109375,45.102691650390625,0.27851104736328125,0.297576904296875,0.31609344482421875,0,255312.72979736328,253955.93255615234,0,34088599552,2147483648,8335499264,0
200,1787751769031,3500,3500,3500,3500,3500,3500,3500,3500,3500,3500,3500,3500,3500,3500,3500,3500,3500,3500,3500,3500,12.538101196289063,2.7570266723632813,2.8106155395507813,0.3111572265625,0.715911865234375,2.8302993774414063,0.2491302490234375,0.2584686279296875,0.287384033203125,0.295928955078125,0.25592041015625,0.30246734619140625,29.215965270996094,0.224853515625,68.5385971069336,2.7129745483398438,1.2638168334960938,0.40190887451171875,0.31270599365234375,2.8074722290039063,0,255322.11419677734,253963.17462158203,0,34088599552,2147483648,8335749120,0
200,1787751769231,3500,3500,3500,3500,3500,3500,3500,3500,3500,3500,3500,3500,3500,3500,3500,3500,3500,3500,3500,3500,10.246368408203125,0.2471466064453125,0.24520111083984375,0.32045745849609375,0.27207183837890625,0.1995086669921875,2.8294525146484375,0.22232818603515625,0.2850494384765625,0.244354248046875,0.265777587890625,0.281707763671875,35.92998504638672,2.6926193237304688,58.827945709228516,0.173736572265625,0.31801605224609375,2.8546218872070313,2.7888031005859375,0.25328826904296875,0,255329.9884033203,253968.9213256836,0,34088599552,2147483648,8335867904,0
200,1787751769431,3500,3500,3500,3500,3500,3500,3500,3500,3500,3500,3500,3500,3500,3500,3500,3500,3500,3500,3500,3500,5.641502380371094,0.26200103759765625,0.31813812255859375,2.8151779174804688,2.9228057861328125,0.27059173583984375,0.22943878173828125,0.324981689453125,0.30245208740234375,2.7820663452148438,0.26879119873046875,0.31793975830078125,33.59373474121094,0.2251434326171875,4.168235778808594,0.327423095703125,67.5584487915039,0.19073486328125,0.28777313232421875,0.3074493408203125,0,255338.50701904297,253975.31951904297,0,34088599552,2147483648,8336334848,0
200,1787751769632,3500,3500,3500,3500,3500,3500,3500,3500,3500,3500,3500,3500,3500,3500,3500,3500,3500,3500,3500,3500,2.9676055908203125,0.29291534423828125,0.4008331298828125,0.3481903076171875,0.316864013671875,0.34380340576171875,0.2475128173828125,2.826812744140625,2.757659912109375,0.31217193603515625,2.8715133666992188,0.26397705078125,5.365898132324219,0.273406982421875,0.43170928955078125,0.4417877197265625,99.1548843383789,0.16204833984375,0.31995391845703125,0.33637237548828125,0,255347.7816772461,253982.46844482422,0,34088599552,2147483648,8336322560,0
200,1787751769832,3500,3500,3500,3500,3500,3500,3500,3500,3500,3500,3500,3500,3500,3500,3500,3500,3500,3500,3500,3500,23.69902801513672,0.24031829833984375,0.30538177490234375,0.29843902587890625,0.30028533935546875,0.298187255859375,0.27791595458984375,0.30767822265625,0.26099395751953125,0.30927276611328125,0.264984130859375,0.32100677490234375,9.489669799804688,0.27751922607421875,70.40754699707031,0.202117919921875,0.3383331298828125,0.3862152099609375,0.3126678466796875,0.31916046142578125,0,255356.95989990234,253989.52569580078,0,34088599552,2147483648,8336322560,0
199,1787751770032,3500,3500,3500,3500,3500,3500,3500,3500,3500,3500,3500,3500,3500,3500,3500,3500,3500,3500,3500,3500,16.70391845703125,2.7457733154296875,2.8169784545898438,0.29529571533203125,0.3426971435546875,2.773712158203125,0.31714630126953125,0.26940155029296875,0.4169464111328125,0.3863067626953125,0.30841827392578125,2.8212661743164063,81.21549987792969,0.14679718017578125,4.49578857421875,2.7988662719726563,3.0639724731445313,0.21920013427734375,7.173851013183594,2.821868896484375,0,255367.79614257813,253998.2280883789,0,34088599552,2147483648,8336506880,0
200,1787751770232,3500,3500,3500,3500,3500,3500,3500,3500,3500,3500,3500,3500,3500,3500,3500,3500,3500,3500,3500,3500,1.74920654296875,0.28765106201171875,0.3170928955078125,0.3212432861328125,0.646728515625,0.361328125,2.8147430419921875,0.26715850830078125,0.5172271728515625,0.5040817260742188,0.4149627685546875,0.4827880859375,11.110725402832031,0.32698822021484375,83.45511627197266,0.17543792724609375,8.298629760742188,2.8480300903320313,3.69219970703125,0.31229400634765625,0,255377.79083251953,254006.10382080078,0,34088599552,2147483648,8336637952,0
200,1787751770433,3500,3500,3500,3500,3500,3500,3500,3500,3500,3500,3500,3500,3500,3500,3500,3500,3500,3500,3500,3500,27.360763549804688,0.24700927734375,0.290008544921875,2.8352813720703125,2.7499313354492188,0.31864166259765625,0.32232666015625,0.280975341796875,0.5090866088867188,0.5103302001953125,0.40667724609375,0.49796295166015625,37.6307373046875,2.7103805541992188,41.283416748046875,0.246063232421875,2.8999786376953125,0.31574249267578125,0.30936431884765625,0.3176422119140625,0,255385.99322509766,254012.2567138672,0,34088599552,2147483648,8336637952,0
200,1787751770633,3500,3500,3500,3500,3500,3500,3500,3500,3500,3500,3500,3500,3500,3500,3500,3500,3500,3500,3500,3500,2.9558029174804688,0.2718353271484375,0.26514434814453125,0.284271240234375,0.15129852294921875,0.28936004638671875,0.27777862548828125,2.7652053833007813,2.8150405883789063,2.8904876708984375,2.8253250122070313,0.29650115966796875,36.217262268066406,0.1833038330078125,68.05787658691406,0.1684722900390625,0.5367813110351563,0.29465484619140625,0.2582550048828125,0.2741851806640625,0,255395.10131835938,254019.6083984375,0,34088599552,2147483648,8336764928,0
199,1787751770834,3500,3500,3500,3500,3500,3500,3500,3500,3500,3500,3500,3500,3500,3500,3500,3500,3500,3500,3500,3500,42.81608963012695,0.27765655517578125,29.67613983154297,0.27506256103515625,7.9738311767578125,0.4085235595703125,1.4446792602539063,0.23925018310546875,3.323028564453125,0.3497772216796875,0.31626129150390625,0.3916168212890625,67.72047424316406,0.18219757080078125,65.34053802490234,0.1953125,25.10039520263672,0.26129913330078125,24.753067016601563,0.24314117431640625,0,255407.2598876953,254029.0633544922,0,34088599552,2147483648,8370573312,0
200,1787751771034,3500,3500,3500,3500,3500,3500,3500,3500,3500,3500,3500,3500,3500,3500,3500,3500,3500,3500,3500,3500,37.31322479248047,2.8551177978515625,71.07682800292969,0.2286376953125,1.0617218017578125,2.9178390502929688,0.38425445556640625,0.3979034423828125,0.7333831787109375,0.31504058837890625,0.39060211181640625,2.8522262573242188,75.8471908569336,0.27921295166015625,35.17334747314453,2.8009490966796875,49.58927917480469,0.25962066650390625,68.7057113647461,2.8207855224609375,0,255422.05834960938,254041.71087646484,0,34088599552,2147483648,8387821568,0
199,1787751771234,3500,3500,3500,3500,3500,3500,3500,3500,3500,3500,3500,3500,3500,3500,3500,3500,3500,3500,3500,3500,28.144187927246094,0.29693603515625,4.285087585449219,0.415679931640625,1.4195327758789063,0.3190155029296875,2.8647994995117188,0.337646484375,0.3943023681640625,0.26126861572265625,0.35498046875,0.33969879150390625,71.0962905883789,0.25637054443359375,62.16159439086914,0.21895599365234375,55.22637176513672,0.2205047607421875,35.58821105957031,0.26805877685546875,0,255432.36389160156,254049.81805419922,0,34088599552,2147483648,8360628224,0
200,1787751771434,3500,3500,3500,3500,3500,3500,3500,3500,3500,3500,3500,3500,3500,3500,3500,3500,3500,3500,3500,3500,11.000862121582031,0.201629638671875,0.35758209228515625,2.916534423828125,2.748687744140625,0.2453155517578125,0.17474365234375,0.1995849609375,0.20233154296875,0.31079864501953125,0.31464385986328125,0.1888885498046875,14.715179443359375,2.7063064575195313,67.5185546875,0.13645172119140625,20.15113067626953,2.7093048095703125,0.3096466064453125,0.25971221923828125,0,255440.5574951172,254055.8530883789,0,34088599552,2147483648,8358248448,0
200,1787751771634,3500,3500,3500,3500,3500,3500,3500,3500,3500,3500,3500,3500,3500,3500,3500,3500,3500,3500,3500,3500,18.213211059570313,0.2941131591796875,0.3524169921875,0.343231201171875,0.32421875,0.26067352294921875,0.37383270263671875,2.8828048706054688,2.97760009765625,2.9758987426757813,3.0067977905273438,0.43189239501953125,9.962348937988281,0.3301544189453125,62.90602493286133,0.2339630126953125,18.12995147705078,0.39585113525390625,0.34438323974609375,0.33649444580078125,0,255449.8236694336,254063.01696777344,0,34088599552,2147483648,8358445056,0
200,1787751771834,3500,3500,3500,3500,3500,3500,3500,3500,3500,3500,3500,3500,3500,3500,3500,3500,3500,3500,3500,3500,1.3732681274414063,0.23931121826171875,0.27999114990234375,0.3209686279296875,0.3784332275390625,0.285736083984375,0.46038818359375,0.29293060302734375,0.285186767578125,0.28218841552734375,0.2724456787109375,0.24166107177734375,3.856048583984375,0.20928192138671875,23.846847534179688,0.24765777587890625,76.53208923339844,0.15291595458984375,0.27129364013671875,0.2998809814453125,0,255460.2393798828,254071.29791259766,0,34088599552,2147483648,8358080512,0
200,1787751772035,3500,3500,3500,3500,3500,3500,3500,3500,3500,3500,3500,3500,3500,3500,3500,3500,3500,3500,3500,3500,3.9254150390625,0.27310943603515625,0.3139190673828125,0.33844757080078125,0.481719970703125,2.878448486328125,0.39604949951171875,0.33020782470703125,0.33495330810546875,0.28924560546875,0.29888153076171875,2.7904205322265625,5.166313171386719,0.290740966796875,23.6268310546875,2.7978668212890625,77.53214263916016,0.2052154541015625,0.351837158203125,2.8434295654296875,0,255469.20568847656,254078.1329345703,0,34088599552,2147483648,8357761024,0
200,1787751772235,3500,3500,3500,3500,3500,3500,3500,3500,3500,3500,3500,3500,3500,3500,3500,3500,3500,3500,3500,3500,20.494308471679688,2.7871627807617188,2.8419189453125,0.38625335693359375,0.8997116088867188,0.41573333740234375,2.8619537353515625,0.29952239990234375,0.31465911865234375,0.2480621337890625,0.218780517578125,0.27204132080078125,12.861671447753906,0.2726898193359375,77.50477600097656,0.17166900634765625,2.5868606567382813,0.26025390625,2.8314743041992188,0.269439697265625,0,255479.65161132813,254086.4375,0,34088599552,2147483648,8357384192,0
200,1787751772435,3500,3500,3500,3500,3500,3500,3500,3500,3500,3500,3500,3500,3500,3500,3500,3500,3500,3500,3500,3500,19.524986267089844,0.2466583251953125,0.3768310546875,2.9026641845703125,3.0057525634765625,0.40761566162109375,0.369384765625,0.3255615234375,0.313568115234375,0.2486572265625,0.2719879150390625,0.25879669189453125,42.39532470703125,2.753448486328125,44.833805084228516,0.2021331787109375,2.8278579711914063,2.776580810546875,0.29732513427734375,0.29308319091796875,0,255488.36279296875,254093.02862548828,0,34088599552,2147483648,8357384192,0
200,1787751772635,3500,3500,3500,3500,3500,3500,3500,3500,3500,3500,3500,3500,3500,3500,3500,3500,3500,3500,3500,3500,3.4887771606445313,0.2576141357421875,0.41025543212890625,0.42923736572265625,0.43243408203125,0.48474884033203125,0.382720947265625,2.8612823486328125,2.819610595703125,2.7144851684570313,2.7768402099609375,0.28179931640625,5.517265319824219,0.23218536376953125,43.5694694519043,0.274749755859375,58.36812973022461,0.2339324951171875,0.31427001953125,0.30462646484375,0,255497.3465576172,254099.8735961914,0,34088599552,2147483648,8356745216,0
200,1787751772835,3500,3500,3500,3500,3500,3500,3500,3500,3500,3500,3500,3500,3500,3500,3500,3500,3500,3500,3500,3500,10.826446533203125,0.33953857421875,0.34438323974609375,0.308258056640625,0.3698272705078125,0.48339080810546875,0.36468505859375,0.34063720703125,0.32537078857421875,0.21669769287109375,0.321929931640625,0.26739501953125,28.534584045410156,0.22054290771484375,0.5804367065429688,0.29483795166015625,74.11443328857422,0.191802978515625,0.30796051025390625,0.313995361328125,0,255506.14556884766,254106.56219482422,0,34088599552,2147483648,8356700160,0
200,1787751773036,3500,3500,3500,3500,3500,3500,3500,3500,3500,3500,3500,3500,3500,3500,3500,3500,3500,3500,3500,3500,15.10076904296875,0.19322967529296875,0.28684234619140625,0.288238525390625,0.5222320556640625,2.9998092651367188,0.3978424072265625,0.39040374755859375,0.21685791015625,0.2936859130859375,0.21240997314453125,2.8261184692382813,59.2332763671875,0.16190338134765625,17.035240173339844,2.7310028076171875,27.209373474121094,0.2696075439453125,0.303131103515625,2.792694091796875,0,255515.89892578125,254114.17376708984,0,34088599552,2147483648,8356241408,0
200,1787751773236,3500,3500,3500,3500,3500,3500,3500,3500,3500,3500,3500,3500,3500,3500,3500,3500,3500,3500,3500,3500,2.862701416015625,2.8131637573242188,2.80987548828125,0.304107666015625,0.4576568603515625,0.5170669555664063,2.991058349609375,0.45725250244140625,0.283050537109375,0.3239593505859375,0.25536346435546875,0.3436126708984375,25.136253356933594,0.2014923095703125,76.78490447998047,0.17095947265625,0.5863113403320313,0.31482696533203125,2.8605575561523438,0.2750244140625,0,255523.89025878906,254120.04345703125,0,34088599552,2147483648,8356327424,0
199,1787751773436,3500,3500,3500,3500,3500,3500,3500,3500,3500,3500,3500,3500,3500,3500,3500,3500,3500,3500,3500,3500,20.315841674804688,0.19121551513671875,0.27060699462890625,2.8015594482421875,2.8848953247070313,0.4194793701171875,0.439178466796875,0.41269683837890625,0.35698699951171875,0.31479644775390625,0.3219757080078125,0.4868621826171875,84.4454116821289,2.6517868041992188,1.7286453247070313,0.2626800537109375,3.1060791015625,2.7902374267578125,0.39339447021484375,0.3769378662109375,0,255532.58715820313,254126.62768554688,0,34088599552,2147483648,8356327424,0
200,1787751773637,3500,3500,3500,3500,3500,3500,3500,3500,3500,3500,3500,3500,3500,3500,3500,3500,3500,3500,3500,3500,14.981941223144531,0.1956939697265625,1.8505401611328125,0.2641754150390625,0.28456878662109375,0.33990478515625,0.4266357421875,2.8589630126953125,2.8073272705078125,2.8113784790039063,2.8165283203125,0.40009307861328125,23.91863250732422,0.17815399169921875,74.39457702636719,0.11696624755859375,3.9631118774414063,0.29886627197265625,4.001152038574219,0.34595489501953125,0,255540.51837158203,254132.34375,0,34088599552,2147483648,8356667392,0
200,1787751773837,3500,3500,3500,3500,3500,3500,3500,3500,3500,3500,3500,3500,3500,3500,3500,3500,3500,3500,3500,3500,2.6017608642578125,0.319000244140625,10.471328735351563,0.43906402587890625,0.5165328979492188,0.5119400024414063,0.6585464477539063,0.5718536376953125,0.49138641357421875,0.493133544921875,0.47891998291015625,0.6467208862304688,66.78026580810547,0.24481964111328125,15.88934326171875,0.3837432861328125,12.566635131835938,0.4152679443359375,0.925262451171875,0.42833709716796875,0,255550.64794921875,254140.4146118164,0,34088599552,2147483648,8356667392,0
200,1787751774037,3500,3500,3500,3500,3500,3500,3500,3500,3500,3500,3500,3500,3500,3500,3500,3500,3500,3500,3500,3500,24.259170532226563,0.2704620361328125,0.29851531982421875,0.370513916015625,0.5320281982421875,2.8893661499023438,0.42697906494140625,0.37081146240234375,0.40636444091796875,0.40491485595703125,0.3479461669921875,2.9636611938476563,20.307846069335938,0.2290191650390625,51.94847869873047,2.7719345092773438,15.618385314941406,0.38434600830078125,0.30490875244140625,2.8291549682617188,0,255558.67376708984,254146.30828857422,0,34088599552,2147483648,8356667392,0
200,1787751774237,3500,3500,3500,3500,3500,3500,3500,3500,3500,3500,3500,3500,3500,3500,3500,3500,3500,3500,3500,3500,2.5527877807617188,2.840362548828125,2.8324661254882813,0.35491943359375,0.7354736328125,0.421966552734375,2.9044647216796875,0.36066436767578125,0.5198898315429688,0.5138473510742188,0.43860626220703125,0.49326324462890625,56.12147521972656,0.20084381103515625,46.307411193847656,0.2807769775390625,0.32574462890625,0.354522705078125,2.8683395385742188,0.3388824462890625,0,255568.17999267578,254153.68878173828,0,34088599552,2147483648,8356667392,0
199,1787751774438,3500,3500,3500,3500,3500,3500,3500,3500,3500,3500,3500,3500,3500,3500,3500,3500,3500,3500,3500,3500,6.00311279296875,0.304962158203125,0.2934722900390625,2.89605712890625,2.8247604370117188,0.22357940673828125,0.16301727294921875,0.28249359130859375,0.4648284912109375,0.44620513916015625,0.39467620849609375,0.45484161376953125,39.66994857788086,2.7215118408203125,41.47188949584961,0.20360565185546875,18.554100036621094,2.859161376953125,8.51507568359375,0.277099609375,0,255577.6971435547,254161.0694580078,0,34088599552,2147483648,8356929536,0
199,1787751774638,3500,3500,3500,3500,3500,3500,3500,3500,3500,3500,3500,3500,3500,3500,3500,3500,3500,3500,3500,3500,2.5031204223632813,0.27977752685546875,0.37799835205078125,0.39159393310546875,0.2458343505859375,0.29917144775390625,0.364349365234375,2.7894363403320313,2.944244384765625,2.9792861938476563,2.928955078125,0.43682861328125,64.3250732421875,0.189849853515625,37.11318588256836,0.24143218994140625,0.40468597412109375,0.39598846435546875,0.2934722900390625,0.3369598388671875,0,255584.51275634766,254165.7559814453,0,34088599552,2147483648,8357048320,0
200,1787751774838,3500,3500,3500,3500,3500,3500,3500,3500,3500,3500,3500,3500,3500,3500,3500,3500,3500,3500,3500,3500,16.831069946289063,0.20301055908203125,0.302337646484375,0.2862396240234375,0.34897613525390625,0.230804443359375,0.22100067138671875,0.17845916748046875,0.2596435546875,0.24724578857421875,0.3269805908203125,0.236053466796875,5.254081726074219,0.25414276123046875,84.22769927978516,0.14997100830078125,0.3695220947265625,0.37392425537109375,0.290435791015625,0.30428314208984375,0,255593.86572265625,254172.98443603516,0,34088599552,2147483648,8357048320,0
200,1787751775038,3500,3500,3500,3500,3500,3500,3500,3500,3500,3500,3500,3500,3500,3500,3500,3500,3500,3500,3500,3500,3.9556732177734375,0.26840972900390625,0.2828369140625,0.2972564697265625,0.3676910400390625,2.7195663452148438,0.27005767822265625,0.19817352294921875,0.3367462158203125,0.25608062744140625,0.21953582763671875,2.7547531127929688,30.089752197265625,0.19747161865234375,74.14061737060547,1.5134048461914063,1.133331298828125,0.270355224609375,0.30145263671875,2.8129119873046875,0,255605.0121459961,254182.0030517578,0,34088599552,2147483648,8357048320,0
200,1787751775239,3500,3500,3500,3500,3500,3500,3500,3500,3500,3500,3500,3500,3500,3500,3500,3500,3500,3500,3500,3500,17.937545776367188,2.7893142700195313,2.8361358642578125,0.27724456787109375,0.274993896484375,0.28462982177734375,2.8549041748046875,0.2787933349609375,0.268157958984375,0.28003692626953125,0.284332275390625,0.23546600341796875,11.9951171875,0.24155426025390625,23.993133544921875,1.4318923950195313,8.858924865722656,0.2718505859375,49.121944427490234,0.1997222900390625,0,255613.54614257813,254188.4052734375,0,34088599552,2147483648,8357314560,0
200,1787751775439,3500,3500,3500,3500,3500,3500,3500,3500,3500,3500,3500,3500,3500,3500,3500,3500,3500,3500,3500,3500,12.160285949707031,0.26679229736328125,0.37467193603515625,2.824005126953125,2.7590789794921875,0.3312225341796875,0.32891845703125,0.31329345703125,0.3371124267578125,0.25560760498046875,0.4371490478515625,0.308349609375,3.1046829223632813,2.82965087890625,45.98738479614258,0.28961944580078125,48.97540283203125,2.781707763671875,0.43170166015625,0.4267578125,0,255622.6605834961,254195.38250732422,0,34088599552,2147483648,8357314560,0
200,1787751775639,3500,3500,3500,3500,3500,3500,3500,3500,3500,3500,3500,3500,3500,3500,3500,3500,3500,3500,3500,3500,9.222976684570313,0.208709716796875,0.34576416015625,0.3065185546875,0.31301116943359375,0.246307373046875,0.25688934326171875,2.83734130859375,2.80218505859375,2.8876190185546875,0.33184051513671875,0.28624725341796875,20.794822692871094,0.2063140869140625,73.9726333618164,0.18239593505859375,0.325347900390625,0.3026275634765625,0.41841888427734375,0.40473175048828125,0,255631.36102294922,254201.96881103516,0,34088599552,2147483648,8357445632,0
199,1787751775839,3500,3500,3500,3500,3500,3500,3500,3500,3500,3500,3500,3500,3500,3500,3500,3500,3500,3500,3500,3500,15.639839172363281,0.159515380859375,0.31878662109375,0.28295135498046875,0.28424835205078125,0.45733642578125,0.3202362060546875,0.30865478515625,0.263031005859375,0.22110748291015625,2.7762298583984375,0.18841552734375,22.856399536132813,0.13750457763671875,32.310096740722656,0.17154693603515625,45.748931884765625,0.1947021484375,0.3471832275390625,0.3341064453125,0,255639.54656982422,254208.00274658203,0,34088599552,2147483648,8358166528,0
199,1787751776040,3500,3500,3500,3500,3500,3500,3500,3500,3500,3500,3500,3500,3500,3500,3500,3500,3500,3500,3500,3500,2.95587158203125,0.3030242919921875,0.42047882080078125,0.42192840576171875,0.4662017822265625,2.9924392700195313,0.48798370361328125,0.33049774169921875,0.31266021728515625,0.334747314453125,0.3646240234375,2.884368896484375,28.656463623046875,0.23992156982421875,76.98857116699219,0.18860626220703125,1.28033447265625,0.430023193359375,0.41693878173828125,2.9370803833007813,0,255648.95477294922,254215.30291748047,0,34088599552,2147483648,8358146048,0
200,1787751776240,3500,3500,3500,3500,3500,3500,3500,3500,3500,3500,3500,3500,3500,3500,3500,3500,3500,3500,3500,3500,10.804801940917969,2.842132568359375,2.8839263916015625,0.35700225830078125,0.26476287841796875,0.27591705322265625,2.7843856811523438,0.30251312255859375,0.3076629638671875,0.450042724609375,0.334808349609375,0.38390350341796875,16.939208984375,0.28546142578125,80.44923400878906,2.6952972412109375,0.3957977294921875,0.40470123291015625,2.9163742065429688,0.4046478271484375,0,255659.19787597656,254223.42279052734,0,34088599552,2147483648,8358146048,0
200,1787751776440,3500,3500,3500,3500,3500,3500,3500,3500,3500,3500,3500,3500,3500,3500,3500,3500,3500,3500,3500,3500,4.072502136230469,0.2685546875,0.36949920654296875,2.8938369750976563,2.7976303100585938,0.33083343505859375,0.300140380859375,0.30657958984375,0.36171722412109375,0.45947265625,0.35173797607421875,0.447540283203125,2.7116546630859375,2.7533721923828125,100,0.12824249267578125,2.9099044799804688,2.9077606201171875,0.30632781982421875,0.33791351318359375,0,255668.02423095703,254230.11639404297,0,34088599552,2147483648,8358146048,0
200,1787751776640,3500,3500,3500,3500,3500,3500,3500,3500,3500,3500,3500,3500,3500,3500,3500,3500,3500,3500,3500,3500,4.5811767578125,0.25203704833984375,0.37798309326171875,0.36536407470703125,0.2990264892578125,0.216278076171875,0.288299560546875,2.8029708862304688,2.9502182006835938,2.9667282104492188,0.34885406494140625,0.40207672119140625,33.68451690673828,0.16684722900390625,66.56926727294922,0.18225860595703125,4.406898498535156,0.35639190673828125,0.37514495849609375,0.38571929931640625,0,255676.54321289063,254236.5112915039,0,34088599552,2147483648,8358477824,0
200,1787751776841,3500,3500,3500,3500,3500,3500,3500,3500,3500,3500,3500,3500,3500,3500,3500,3500,3500,3500,3500,3500,1.5344924926757813,0.19631195068359375,0.305511474609375,0.31185150146484375,0.19062042236328125,0.1706390380859375,0.213897705078125,0.18737030029296875,0.26799774169921875,0.2726898193359375,2.8884506225585938,0.35401153564453125,34.302391052246094,0.1067962646484375,70.09312438964844,0.108245849609375,0.3210906982421875,0.2945709228515625,0.29756927490234375,0.301910400390625,0,255685.58587646484,254243.61102294922,0,34088599552,2147483648,8358477824,0
199,1787751777041,3500,3500,3500,3500,3500,3500,3500,3500,3500,3500,3500,3500,3500,3500,3500,3500,3500,3500,3500,3500,4.184593200683594,0.38516998291015625,0.45970916748046875,0.45726776123046875,1.3137741088867188,2.8736114501953125,0.373046875,0.3880615234375,0.45601654052734375,0.419647216796875,0.40831756591796875,3.014556884765625,25.660850524902344,0.32564544677734375,73.02088928222656,0.28403472900390625,6.941108703613281,0.41086578369140625,0.5204315185546875,3.0667495727539063,0,255694.3572998047,254250.5317993164,0,34088599552,2147483648,8358477824,0
200,1787751777241,3500,3500,3500,3500,3500,3500,3500,3500,3500,3500,3500,3500,3500,3500,3500,3500,3500,3500,3500,3500,5.947975158691406,2.8501815795898438,2.7867507934570313,0.3018951416015625,0.28435516357421875,0.288848876953125,2.7711105346679688,0.22607421875,0.27660369873046875,0.247467041015625,0.3093414306640625,0.32299041748046875,88.9202651977539,0.13060760498046875,0.45149993896484375,2.8859710693359375,9.879844665527344,0.27256011962890625,0.40581512451171875,0.4088592529296875,0,255704.19818115234,254258.26135253906,0,34088599552,2147483648,8358486016,0
200,1787751777441,3500,3500,3500,3500,3500,3500,3500,3500,3500,3500,3500,3500,3500,3500,3500,3500,3500,3500,3500,3500,15.139419555664063,0.23612213134765625,3.0316848754882813,2.8030014038085938,2.8196258544921875,0.2492523193359375,0.2738189697265625,0.2569427490234375,0.27526092529296875,0.25504302978515625,0.213165283203125,0.27576446533203125,69.804931640625,2.6559371948242188,6.1978607177734375,0.283050537109375,7.3363037109375,2.7941131591796875,30.16246795654297,0.25384521484375,0,255714.85186767578,254266.40252685547,0,34088599552,2147483648,8358875136,0
200,1787751777642,3500,3500,3500,3500,3500,3500,3500,3500,3500,3500,3500,3500,3500,3500,3500,3500,3500,3500,3500,3500,2.0877456665039063,0.29227447509765625,0.331817626953125,0.36518096923828125,0.37884521484375,0.27072906494140625,0.359344482421875,2.8318634033203125,2.8358535766601563,2.8714599609375,0.3693695068359375,0.335906982421875,23.24365234375,0.28205108642578125,0.62384033203125,0.3035888671875,78.98542022705078,0.19378662109375,0.345184326171875,0.33545684814453125,0,255723.60498046875,254272.90759277344,0,34088599552,2147483648,8359145472,0
199,1787751777842,3500,3500,3500,3500,3500,3500,3500,3500,3500,3500,3500,3500,3500,3500,3500,3500,3500,3500,3500,3500,1.3524398803710938,0.20726776123046875,0.29807281494140625,0.27765655517578125,0.432159423828125,0.34679412841796875,0.38663482666015625,0.2378692626953125,0.284942626953125,0.33740997314453125,2.7966842651367188,0.2889862060546875,5.056427001953125,0.24730682373046875,0.30950927734375,0.28134918212890625,100,0.10433197021484375,0.27121734619140625,0.302520751953125,0,255732.67211914063,254279.87432861328,0,34088599552,2147483648,8359145472,0
200,1787751778042,3500,3500,3500,3500,3500,3500,3500,3500,3500,3500,3500,3500,3500,3500,3500,3500,3500,3500,3500,3500,3.82183837890625,0.207366943359375,0.297607421875,0.27497100830078125,1.263916015625,2.8948440551757813,0.40578460693359375,0.30574798583984375,0.22055816650390625,0.24608612060546875,0.244842529296875,2.7847671508789063,12.090591430664063,0.23549652099609375,10.379371643066406,0.2621307373046875,82.44815063476563,0.12267303466796875,6.274971008300781,2.788116455078125,0,255741.03216552734,254286.09674072266,0,34088599552,2147483648,8360108032,0
200,1787751778243,3500,3500,3500,3500,3500,3500,3500,3500,3500,3500,3500,3500,3500,3500,3500,3500,3500,3500,3500,3500,2.5302581787109375,2.7880172729492188,2.7992401123046875,0.33295440673828125,0.676483154296875,0.2866973876953125,2.943939208984375,0.31389617919921875,0.31803131103515625,0.2591552734375,0.23575592041015625,0.26584625244140625,72.62947082519531,0.17333984375,20.990379333496094,2.7500991821289063,0.35675048828125,0.33834075927734375,9.368148803710938,0.275970458984375,0,255748.83947753906,254291.7671508789,0,34088599552,2147483648,8360374272,0
200,1787751778443,3500,3500,3500,3500,3500,3500,3500,3500,3500,3500,3500,3500,3500,3500,3500,3500,3500,3500,3500,3500,4.715370178222656,0.33606719970703125,0.335418701171875,2.8505020141601563,2.9697265625,0.502227783203125,0.39188385009765625,0.35713958740234375,0.28533935546875,0.27301025390625,0.33512115478515625,0.3424072265625,21.51935577392578,2.7903366088867188,80.86421966552734,0.20540618896484375,2.9002761840820313,2.9085159301757813,2.9844589233398438,0.41954803466796875,0,255758.10083007813,254298.8949584961,0,34088599552,2147483648,8360370176,0
200,1787751778643,3500,3500,3500,3500,3500,3500,3500,3500,3500,3500,3500,3500,3500,3500,3500,3500,3500,3500,3500,3500,2.2748870849609375,0.23101043701171875,0.3012542724609375,0.2779693603515625,0.4715118408203125,0.4463348388671875,0.433746337890625,2.8984832763671875,2.7584915161132813,2.8473739624023438,0.2449493408203125,0.23426055908203125,62.34353256225586,0.1539764404296875,38.935821533203125,0.2044830322265625,0.275177001953125,0.30035400390625,0.396575927734375,0.3788909912109375,0,255766.48529052734,254305.17443847656,0,34088599552,2147483648,8360546304,0
199,1787751778844,3500,3500,3500,3500,3500,3500,3500,3500,3500,3500,3500,3500,3500,3500,3500,3500,3500,3500,3500,3500,16.576828002929688,0.22995758056640625,0.23030853271484375,0.27150726318359375,0.3032379150390625,0.427093505859375,0.41437530517578125,0.28692626953125,0.24422454833984375,0.2506103515625,2.7671279907226563,0.21843719482421875,79.610107421875,0.11746978759765625,16.78697967529297,0.21898651123046875,1.3236770629882813,0.23220062255859375,0.5306472778320313,0.34224700927734375,0,255775.9165649414,254312.46771240234,0,34088599552,2147483648,8366174208,0
199,1787751779044,3500,3500,3500,3500,3500,3500,3500,3500,3500,3500,3500,3500,3500,3500,3500,3500,3500,3500,3500,3500,11.102210998535156,0.2601165771484375,0.30059814453125,0.34613800048828125,1.1710662841796875,2.8532638549804688,0.3527374267578125,0.33648681640625,0.26001739501953125,0.3659820556640625,0.26361083984375,2.7925872802734375,18.167098999023438,0.27496337890625,79.09034729003906,0.15995025634765625,0.5376205444335938,0.29759979248046875,0.34063720703125,2.82122802734375,0,255785.1329345703,254319.53692626953,0,34088599552,2147483648,8367136768,0
200,1787751779244,3500,3500,3500,3500,3500,3500,3500,3500,3500,3500,3500,3500,3500,3500,3500,3500,3500,3500,3500,3500,4.061698913574219,2.8206405639648438,2.8322296142578125,0.3077392578125,0.27606201171875,0.3301239013671875,2.8065032958984375,0.3047943115234375,0.31603240966796875,0.340667724609375,0.30014801025390625,0.32108306884765625,63.48027420043945,0.2093048095703125,41.40916442871094,2.74029541015625,0.4140167236328125,0.32623291015625,0.62127685546875,0.30359649658203125,0,255794.35095214844,254326.63500976563,0,34088599552,2147483648,8367005696,0
200,1787751779444,3500,3500,3500,3500,3500,3500,3500,3500,3500,3500,3500,3500,3500,3500,3500,3500,3500,3500,3500,3500,25.822906494140625,0.23297882080078125,0.28558349609375,2.8348846435546875,0.2900848388671875,0.2975311279296875,0.25646209716796875,0.2884368896484375,0.34918975830078125,0.27434539794921875,0.264404296875,0.28748321533203125,66.82583618164063,2.6961822509765625,57.2823600769043,0.183563232421875,3.0390777587890625,2.8201446533203125,2.8398284912109375,0.2880859375,0,255804.66857910156,254334.80535888672,0,34088599552,2147483648,8373612544,0
200,1787751779645,3500,3500,3500,3500,3500,3500,3500,3500,3500,3500,3500,3500,3500,3500,3500,3500,3500,3500,3500,3500,30.3748779296875,0.2104949951171875,0.27976226806640625,0.28704833984375,2.7721481323242188,0.18534088134765625,0.2962799072265625,2.8117218017578125,2.7593231201171875,2.8012466430664063,0.2638397216796875,0.22821044921875,33.201271057128906,0.18215179443359375,80.91717529296875,0.15615081787109375,12.898406982421875,0.20929718017578125,0.30101776123046875,0.29692840576171875,0,255816.23541259766,254344.2197265625,0,34088599552,2147483648,8376061952,0
200,1787751779845,3500,3500,3500,3500,3500,3500,3500,3500,3500,3500,3500,3500,3500,3500,3500,3500,3500,3500,3500,3500,9.367774963378906,0.24916839599609375,0.29965972900390625,0.3289794921875,0.27718353271484375,0.3216400146484375,0.30780029296875,0.2580108642578125,0.27114105224609375,0.34476470947265625,2.8076324462890625,0.35375213623046875,13.006721496582031,0.2702484130859375,84.18085479736328,0.1615142822265625,0.30840301513671875,0.32154083251953125,0.29357147216796875,0.33916473388671875,0,255823.87799072266,254349.73370361328,0,34088599552,2147483648,8376045568,0
200,1787751780045,3500,3500,3500,3500,3500,3500,3500,3500,3500,3500,3500,3500,3500,3500,3500,3500,3500,3500,3500,3500,26.992828369140625,0.25992584228515625,0.44097900390625,0.28917694091796875,6.081298828125,2.78204345703125,0.3556671142578125,0.23676300048828125,0.28118896484375,0.31992340087890625,0.2749481201171875,2.7873382568359375,47.82293701171875,0.20037078857421875,30.738845825195313,0.24744415283203125,3.8886337280273438,0.25942230224609375,0.6326675415039063,2.8642120361328125,0,255834.66424560547,254358.38671875,0,34088599552,2147483648,8377643008,0
200,1787751780246,3500,3500,3500,3500,3500,3500,3500,3500,3500,3500,3500,3500,3500,3500,3500,3500,3500,3500,3500,3500,8.418373107910156,2.7135543823242188,5.970146179199219,0.3561553955078125,0.2919158935546875,0.2549591064453125,2.810211181640625,0.23236083984375,0.28462982177734375,0.2724151611328125,0.2501220703125,0.28363800048828125,17.981613159179688,0.23201751708984375,27.03857421875,2.7698135375976563,74.67949676513672,0.12837982177734375,4.422798156738281,0.279693603515625,0,255843.35040283203,254364.88720703125,0,34088599552,2147483648,8377929728,0
200,1787751780446,3500,3500,3500,3500,3500,3500,3500,3500,3500,3500,3500,3500,3500,3500,3500,3500,3500,3500,3500,3500,45.840660095214844,0.21732330322265625,0.7365875244140625,0.34079742431640625,0.40802764892578125,0.31941986083984375,0.300537109375,0.32456207275390625,0.39304351806640625,0.2601318359375,0.3549346923828125,0.269775390625,24.790306091308594,2.7438735961914063,21.626815795898438,0.29035186767578125,18.59009552001953,2.7834320068359375,4.3029632568359375,0.2835540771484375,0,255851.80535888672,254371.22747802734,0,34088599552,2147483648,8377946112,0
200,1787751780646,3500,3500,3500,3500,3500,3500,3500,3500,3500,3500,3500,3500,3500,3500,3500,3500,3500,3500,3500,3500,31.086021423339844,0.2420196533203125,0.36163330078125,2.8847503662109375,2.810699462890625,0.3030548095703125,0.2645263671875,0.24596405029296875,2.8358993530273438,2.7593460083007813,0.332244873046875,0.277801513671875,61.244930267333984,0.16606903076171875,11.447578430175781,0.3127288818359375,0.27919769287109375,0.30335235595703125,0.2901763916015625,0.3019561767578125,0,255861.11853027344,254378.4174194336,0,34088599552,2147483648,8378044416,0
200,1787751780847,3500,3500,3500,3500,3500,3500,3500,3500,3500,3500,3500,3500,3500,3500,3500,3500,3500,3500,3500,3500,8.846427917480469,0.19748687744140625,0.3262481689453125,0.31786346435546875,0.224884033203125,0.27948760986328125,0.26131439208984375,2.8335189819335938,0.26995086669921875,0.31546783447265625,2.7707366943359375,0.267303466796875,12.892166137695313,0.23181915283203125,51.04462432861328,0.21624755859375,33.639686584472656,0.24689483642578125,0.28836822509765625,0.31307220458984375,0,255870.89221191406,254386.05926513672,0,34088599552,2147483648,8378044416,0
200,1787751781047,3500,3500,3500,3500,3500,3500,3500,3500,3500,3500,3500,3500,3500,3500,3500,3500,3500,3500,3500,3500,8.508895874023438,0.2339324951171875,0.394195556640625,0.3608245849609375,0.8390121459960938,2.7420425415039063,0.31752777099609375,0.204803466796875,0.276580810546875,0.20690155029296875,0.2456512451171875,2.7237396240234375,37.83751678466797,0.17626953125,4.381965637207031,0.31288909912109375,60.534732818603516,0.2073974609375,0.42586517333984375,1.4108734130859375,0,255880.20440673828,254393.2265625,0,34088599552,2147483648,8378351616,0
200,1787751781247,3500,3500,3500,3500,3500,3500,3500,3500,3500,3500,3500,3500,3500,3500,3500,3500,3500,3500,3500,3500,2.32916259765625,2.8406219482421875,2.9654083251953125,0.4622955322265625,0.6669158935546875,0.2843017578125,2.8342742919921875,0.34654998779296875,0.477935791015625,0.451904296875,0.35604095458984375,0.39380645751953125,9.782302856445313,0.30138397216796875,4.248039245605469,2.8271331787109375,93.33057403564453,0.173095703125,0.36243438720703125,1.6914215087890625,0,255889.78869628906,254400.69396972656,0,34088599552,2147483648,8378327040,0
200,1787751781448,3500,3500,3500,3500,3500,3500,3500,3500,3500,3500,3500,3500,3500,3500,3500,3500,3500,3500,3500,3500,22.511375427246094,0.28948974609375,0.397613525390625,0.39127349853515625,0.4854278564453125,0.28440093994140625,0.41149139404296875,0.33312225341796875,0.5071945190429688,0.40041351318359375,0.35393524169921875,0.38019561767578125,42.01957702636719,2.7420883178710938,9.101066589355469,0.28299713134765625,35.74781036376953,2.8159713745117188,2.8696823120117188,0.2580413818359375,0,255898.28881835938,254407.08074951172,0,34088599552,2147483648,8378732544,0
199,1787751781648,3500,3500,3500,3500,3500,3500,3500,3500,3500,3500,3500,3500,3500,3500,3500,3500,3500,3500,3500,3500,6.053153991699219,0.26625823974609375,0.29062652587890625,2.8477020263671875,2.8604354858398438,0.33841705322265625,0.39225006103515625,0.3046112060546875,0.5047531127929688,2.8984909057617188,0.37801361083984375,0.4052276611328125,2.7332992553710938,0.2573699951171875,98.16155242919922,0.138519287109375,0.29941558837890625,0.34430694580078125,0.317291259765625,0.332275390625,0,255907.4501953125,254414.12774658203,0,34088599552,2147483648,8378863616,0
200,1787751781848,3500,3500,3500,3500,3500,3500,3500,3500,3500,3500,3500,3500,3500,3500,3500,3500,3500,3500,3500,3500,16.308258056640625,0.2197418212890625,0.27147674560546875,0.28252410888671875,0.25457763671875,0.2706756591796875,0.2667236328125,2.7772445678710938,2.84307861328125,0.3242645263671875,2.88006591796875,0.212188720703125,34.86719512939453,0.160003662109375,38.39118957519531,0.27187347412109375,27.358642578125,0.27762603759765625,0.31531524658203125,0.2476348876953125,0,255916.18188476563,254420.72338867188,0,34088599552,2147483648,8379277312,0
200,1787751782048,3500,3500,3500,3500,3500,3500,3500,3500,3500,3500,3500,3500,3500,3500,3500,3500,3500,3500,3500,3500,2.48834228515625,0.2601165771484375,0.3751068115234375,0.32379913330078125,0.44482421875,2.4117279052734375,0.301544189453125,0.2425537109375,0.44008636474609375,0.44712066650390625,0.46907806396484375,2.8873977661132813,45.91926193237305,0.2293243408203125,57.416656494140625,0.25722503662109375,0.4302520751953125,0.42620849609375,0.298095703125,0.33058929443359375,0,255925.3568725586,254427.77514648438,0,34088599552,2147483648,8379277312,0
200,1787751782248,3500,3500,3500,3500,3500,3500,3500,3500,3500,3500,3500,3500,3500,3500,3500,3500,3500,3500,3500,3500,3.4246978759765625,2.8470993041992188,2.9124526977539063,0.40936279296875,1.2052536010742188,0.7853012084960938,2.9567718505859375,0.33751678466796875,0.29339599609375,0.30149078369140625,0.19956207275390625,0.3303680419921875,76.624755859375,0.1667327880859375,27.636497497558594,2.7795486450195313,0.39752197265625,0.39472198486328125,0.2905426025390625,2.8184738159179688,0,255934.97735595703,254435.2767944336,0,34088599552,2147483648,8379244544,0
199,1787751782449,3500,3500,3500,3500,3500,3500,3500,3500,3500,3500,3500,3500,3500,3500,3500,3500,3500,3500,3500,3500,18.926223754882813,0.21372222900390625,0.3194580078125,0.328399658203125,0.8131027221679688,0.34249114990234375,0.36922454833984375,0.26888275146484375,0.25464630126953125,0.196380615234375,0.24790191650390625,0.21631622314453125,84.49513244628906,2.6039047241210938,3.5036544799804688,0.20792388916015625,3.2690505981445313,2.8349685668945313,2.7482681274414063,0.21971893310546875,0,255943.70965576172,254442.36291503906,0,34088599552,2147483648,8379293696,0
200,1787751782649,3500,3500,3500,3500,3500,3500,3500,3500,3500,3500,3500,3500,3500,3500,3500,3500,3500,3500,3500,3500,4.3960418701171875,0.38773345947265625,0.502105712890625,3.03411865234375,2.956451416015625,0.41719818115234375,0.486724853515625,0.4368743896484375,0.41539764404296875,2.88812255859375,0.39617156982421875,0.3694000244140625,3.1802597045898438,0.3582611083984375,0.9589157104492188,0.4025115966796875,8.08599853515625,0.45865631103515625,92.36121368408203,0.25138092041015625,0,255952.59118652344,254448.6820678711,0,34088599552,2147483648,8379486208,0
199,1787751782849,3500,3500,3500,3500,3500,3500,3500,3500,3500,3500,3500,3500,3500,3500,3500,3500,3500,3500,3500,3500,1.8933868408203125,0.267059326171875,0.38202667236328125,0.39841461181640625,0.33510589599609375,0.247772216796875,0.25566864013671875,2.8483963012695313,2.7727508544921875,0.2612152099609375,2.8260116577148438,0.25681304931640625,12.72113037109375,0.200653076171875,59.94637680053711,0.17217254638671875,0.46291351318359375,0.3960113525390625,33.113975524902344,0.219940185546875,0,255960.91204833984,254455.0443725586,0,34088599552,2147483648,8379465728,0
200,1787751783049,3500,3500,3500,3500,3500,3500,3500,3500,3500,3500,3500,3500,3500,3500,3500,3500,3500,3500,3500,3500,10.67144775390625,0.30487823486328125,0.38996124267578125,0.392608642578125,0.28218841552734375,0.22974395751953125,0.30942535400390625,0.28668212890625,0.27188873291015625,0.27698516845703125,0.25618743896484375,2.8430938720703125,75.62905883789063,0.15531158447265625,6.729499816894531,0.2871856689453125,11.742950439453125,0.38036346435546875,0.292236328125,0.30178070068359375,0,255969.9884033203,254462.1293334961,0,34088599552,2147483648,8379465728,0
199,1787751783249,3500,3500,3500,3500,3500,3500,3500,3500,3500,3500,3500,3500,3500,3500,3500,3500,3500,3500,3500,3500,12.817184448242188,2.7905044555664063,2.9075393676757813,0.3782806396484375,0.4242095947265625,2.7665252685546875,1.805267333984375,0.26290130615234375,0.2855377197265625,0.29633331298828125,0.3186187744140625,0.369842529296875,14.194900512695313,0.27889251708984375,35.82850646972656,2.7539291381835938,51.583770751953125,0.21022796630859375,0.29218292236328125,2.8001556396484375,0,255980.0728149414,254469.90301513672,0,34088599552,2147483648,8379801600,0
200,1787751783449,3500,3500,3500,3500,3500,3500,3500,3500,3500,3500,3500,3500,3500,3500,3500,3500,3500,3500,3500,3500,2.4179763793945313,0.24010467529296875,0.3942413330078125,0.40483856201171875,0.30907440185546875,0.22930908203125,1.2060623168945313,0.21541595458984375,0.330169677734375,0.401885986328125,0.40699005126953125,0.49469757080078125,24.9268798828125,2.7484970092773438,0.70281982421875,0.29633331298828125,78.2407455444336,2.6964645385742188,2.8550033569335938,0.288482666015625,0,255989.40270996094,254477.08599853516,0,34088599552,2147483648,8379801600,0
200,1787751783649,3500,3500,3500,3500,3500,3500,3500,3500,3500,3500,3500,3500,3500,3500,3500,3500,3500,3500,3500,3500,4.386070251464844,0.26700592041015625,0.45336151123046875,2.9773635864257813,2.998779296875,0.27823638916015625,0.27579498291015625,0.26556396484375,0.43419647216796875,2.9168777465820313,0.37201690673828125,0.37979888916015625,24.769073486328125,0.243255615234375,15.697189331054688,0.2879180908203125,64.1417007446289,0.1907958984375,0.4229736328125,0.38748931884765625,0,255997.4994506836,254482.96087646484,0,34088599552,2147483648,8379908096,0
199,1787751783850,3500,3500,3500,3500,3500,3500,3500,3500,3500,3500,3500,3500,3500,3500,3500,3500,3500,3500,3500,3500,1.7332687377929688,0.3830718994140625,0.366241455078125,0.39125823974609375,0.290008544921875,0.240936279296875,0.21273040771484375,2.6970062255859375,2.8379898071289063,0.3362884521484375,2.84722900390625,0.286865234375,43.42897415161133,0.15102386474609375,60.8447380065918,0.17018890380859375,0.3169708251953125,0.28472137451171875,0.40024566650390625,0.36100006103515625,0,256006.1112060547,254489.42504882813,0,34088599552,2147483648,8379912192,0
200,1787751784050,3500,3500,3500,3500,3500,3500,3500,3500,3500,3500,3500,3500,3500,3500,3500,3500,3500,3500,3500,3500,8.640426635742188,0.21245574951171875,0.4014739990234375,0.40802001953125,3.1436767578125,0.28015899658203125,0.38993072509765625,0.31932830810546875,0.27310943603515625,0.2726593017578125,0.220947265625,2.8448867797851563,30.235107421875,0.1981658935546875,77.95098876953125,0.15924072265625,4.294281005859375,0.271514892578125,0.40012359619140625,0.39682769775390625,0,256017.16870117188,254498.3250732422,0,34088599552,2147483648,8380325888,0
200,1787751784250,3500,3500,3500,3500,3500,3500,3500,3500,3500,3500,3500,3500,3500,3500,3500,3500,3500,3500,3500,3500,12.181236267089844,2.755096435546875,2.8401107788085938,0.3563995361328125,1.0596160888671875,2.9023208618164063,0.527313232421875,0.455322265625,0.2943878173828125,0.2919464111328125,0.317138671875,0.27782440185546875,3.9974517822265625,0.243255615234375,15.818550109863281,2.7418289184570313,81.01303100585938,0.17250823974609375,0.5196304321289063,2.9310073852539063,0,256026.1678466797,254505.2119140625,0,34088599552,2147483648,8380026880,0
200,1787751784451,3500,3500,3500,3500,3500,3500,3500,3500,3500,3500,3500,3500,3500,3500,3500,3500,3500,3500,3500,3500,2.0766143798828125,0.3538665771484375,0.2974395751953125,0.32244110107421875,0.28661346435546875,0.27104949951171875,2.8062057495117188,0.29285430908203125,0.32817840576171875,0.2811279296875,0.36504364013671875,0.26526641845703125,10.548606872558594,1.62890625,40.5096549987793,0.2465057373046875,52.025028228759766,2.7270278930664063,2.8772964477539063,0.38838958740234375,0,256034.6474609375,254511.55932617188,0,34088599552,2147483648,8380026880,0
199,1787751784651,3500,3500,3500,3500,3500,3500,3500,3500,3500,3500,3500,3500,3500,3500,3500,3500,3500,3500,3500,3500,6.393707275390625,0.27193450927734375,0.25542449951171875,2.7778091430664063,2.8575592041015625,0.18230438232421875,0.23537445068359375,0.2273406982421875,0.250091552734375,0.46605682373046875,0.22739410400390625,0.21611785888671875,43.04301834106445,1.2828598022460938,61.069923400878906,0.16150665283203125,3.00714111328125,0.24575042724609375,0.36435699462890625,0.37413787841796875,0,256044.88067626953,254519.65625,0,34088599552,2147483648,8380715008,0
200,1787751784851,3500,3500,3500,3500,3500,3500,3500,3500,3500,3500,3500,3500,3500,3500,3500,3500,3500,3500,3500,3500,11.355575561523438,0.31514739990234375,0.3288421630859375,0.33144378662109375,0.40331268310546875,0.35993194580078125,0.26442718505859375,2.736907958984375,2.8725433349609375,2.7053680419921875,2.8320083618164063,0.28631591796875,20.472366333007813,0.23429107666015625,74.52114868164063,0.20020294189453125,0.3732757568359375,0.39951324462890625,0.425048828125,0.42314910888671875,0,256053.82275390625,254526.49200439453,0,34088599552,2147483648,8380715008,0
200,1787751785052,3500,3500,3500,3500,3500,3500,3500,3500,3500,3500,3500,3500,3500,3500,3500,3500,3500,3500,3500,3500,2.9935760498046875,0.24642181396484375,0.3097076416015625,0.3060150146484375,0.2368927001953125,0.2501068115234375,0.25016021728515625,0.29663848876953125,0.44077301025390625,0.373992919921875,0.32421875,0.35907745361328125,5.164909362792969,0.26312255859375,66.63555908203125,0.18487548828125,31.187469482421875,0.25724029541015625,0.393890380859375,0.386810302734375,0,256062.29553222656,254532.82537841797,0,34088599552,2147483648,8380715008,0
199,1787751785252,3500,3500,3500,3500,3500,3500,3500,3500,3500,3500,3500,3500,3500,3500,3500,3500,3500,3500,3500,3500,11.028480529785156,2.81280517578125,2.8254776000976563,0.29535675048828125,0.36562347412109375,2.7354660034179688,0.337646484375,0.2274932861328125,0.4046173095703125,0.36347198486328125,0.47039031982421875,3.00439453125,39.2501220703125,0.2210540771484375,35.39136505126953,2.8046798706054688,23.51630401611328,0.27541351318359375,0.42984771728515625,2.9096527099609375,0,256072.00354003906,254540.42999267578,0,34088599552,2147483648,8380907520,0
200,1787751785452,3500,3500,3500,3500,3500,3500,3500,3500,3500,3500,3500,3500,3500,3500,3500,3500,3500,3500,3500,3500,4.431610107421875,0.23541259765625,0.3769073486328125,0.38895416259765625,0.29168701171875,0.29499053955078125,2.8442153930664063,0.33187103271484375,0.3642578125,0.3734588623046875,0.3946990966796875,0.4079437255859375,25.687896728515625,0.2129669189453125,35.756507873535156,0.21846771240234375,42.89258575439453,2.77679443359375,2.9046401977539063,0.35466766357421875,0,256080.55059814453,254546.8448486328,0,34088599552,2147483648,8381743104,0
200,1787751785653,3500,3500,3500,3500,3500,3500,3500,3500,3500,3500,3500,3500,3500,3500,3500,3500,3500,3500,3500,3500,25.832115173339844,0.26207733154296875,0.4051666259765625,2.9338607788085938,2.9095230102539063,0.45224761962890625,0.4841156005859375,0.4114532470703125,0.2994842529296875,0.314300537109375,0.28672027587890625,0.29395294189453125,25.487091064453125,2.8354110717773438,36.474647521972656,0.233306884765625,22.807785034179688,0.26517486572265625,0.44651031494140625,0.41608428955078125,0,256090.4757080078,254554.62969970703,0,34088599552,2147483648,8381845504,0
200,1787751785853,3500,3500,3500,3500,3500,3500,3500,3500,3500,3500,3500,3500,3500,3500,3500,3500,3500,3500,3500,3500,11.826080322265625,0.23796844482421875,0.31568145751953125,0.33963775634765625,0.40876007080078125,0.473541259765625,0.4611663818359375,2.9954757690429688,2.7906417846679688,2.8066177368164063,2.8215408325195313,0.3171234130859375,57.73561096191406,0.16889190673828125,38.59762954711914,0.22763824462890625,0.36383819580078125,0.30799102783203125,0.4057159423828125,0.4237823486328125,0,256100.83447265625,254562.89294433594,0,34088599552,2147483648,8381845504,0
200,1787751786054,3500,3500,3500,3500,3500,3500,3500,3500,3500,3500,3500,3500,3500,3500,3500,3500,3500,3500,3500,3500,18.651748657226563,0.218841552734375,0.276123046875,0.258514404296875,0.36563873291015625,0.37985992431640625,0.31334686279296875,0.3530120849609375,0.34917449951171875,0.23645782470703125,0.28570556640625,0.253173828125,11.694992065429688,0.20392608642578125,60.763580322265625,0.16086578369140625,15.571212768554688,0.24568939208984375,0.3729248046875,0.3795623779296875,0,256110.4107055664,254570.33557128906,0,34088599552,2147483648,8381845504,0
200,1787751786254,3500,3500,3500,3500,3500,3500,3500,3500,3500,3500,3500,3500,3500,3500,3500,3500,3500,3500,3500,3500,19.183494567871094,2.7512969970703125,0.41036224365234375,0.2746734619140625,0.8866653442382813,2.8375473022460938,0.21884918212890625,0.21421051025390625,0.304901123046875,0.27317047119140625,0.192657470703125,2.7787857055664063,45.77645492553711,0.2073211669921875,29.080711364746094,2.7038040161132813,20.097991943359375,0.2596588134765625,0.30515289306640625,2.8444290161132813,0,256119.6723022461,254577.46044921875,0,34088599552,2147483648,8385634304,0
200,1787751786454,3500,3500,3500,3500,3500,3500,3500,3500,3500,3500,3500,3500,3500,3500,3500,3500,3500,3500,3500,3500,9.185935974121094,0.27783203125,2.6486129760742188,0.31465911865234375,0.26393890380859375,0.31230926513671875,2.8407974243164063,0.22021484375,0.35398101806640625,0.32120513916015625,0.2391510009765625,0.29576873779296875,62.854820251464844,0.1670989990234375,31.153976440429688,0.2515411376953125,0.31870269775390625,0.3011627197265625,2.9284896850585938,0.37726593017578125,0,256128.4799194336,254584.14947509766,0,34088599552,2147483648,8385634304,0
200,1787751786655,3500,3500,3500,3500,3500,3500,3500,3500,3500,3500,3500,3500,3500,3500,3500,3500,3500,3500,3500,3500,5.521812438964844,0.27652740478515625,0.32085418701171875,2.851898193359375,2.7899093627929688,0.33008575439453125,0.302337646484375,0.35659027099609375,0.41454315185546875,0.3634796142578125,0.302734375,0.3513031005859375,24.83746337890625,2.7625503540039063,76.79890441894531,0.17659759521484375,2.8626785278320313,2.849700927734375,0.32270050048828125,0.3463134765625,0,256138.62329101563,254592.17156982422,0,34088599552,2147483648,8385818624,0
200,1787751786855,3500,3500,3500,3500,3500,3500,3500,3500,3500,3500,3500,3500,3500,3500,3500,3500,3500,3500,3500,3500,14.769638061523438,0.19933319091796875,0.36737823486328125,0.3186798095703125,0.24868011474609375,0.1876068115234375,0.2877960205078125,2.7938461303710938,2.7988357543945313,2.7756271362304688,2.7282333374023438,0.23889923095703125,18.69605255126953,0.25606536865234375,76.35586547851563,0.13018035888671875,3.1561355590820313,0.24932861328125,0.45819091796875,0.2610015869140625,0,256146.74365234375,254598.142578125,0,34088599552,2147483648,8389787648,0
200,1787751787055,3500,3500,3500,3500,3500,3500,3500,3500,3500,3500,3500,3500,3500,3500,3500,3500,3500,3500,3500,3500,2.704254150390625,0.26461029052734375,0.366607666015625,0.40190887451171875,0.4227752685546875,0.33715057373046875,0.426666259765625,0.37973785400390625,0.2408905029296875,0.30974578857421875,0.30719757080078125,0.31543731689453125,32.39131164550781,0.22736358642578125,45.44401168823242,0.2134857177734375,25.010025024414063,0.2561187744140625,0.29351806640625,0.32372283935546875,0,256155.78204345703,254605.0562133789,0,34088599552,2147483648,8389787648,0
200,1787751787256,3500,3500,3500,3500,3500,3500,3500,3500,3500,3500,3500,3500,3500,3500,3500,3500,3500,3500,3500,3500,2.7294387817382813,0.9149246215820313,0.38875579833984375,0.41872406005859375,1.0807571411132813,2.84857177734375,0.36753082275390625,0.3349609375,0.26323699951171875,0.31952667236328125,0.263885498046875,2.829986572265625,19.88091278076172,0.266082763671875,39.67475891113281,2.7310867309570313,47.67377471923828,0.22492218017578125,0.3051910400390625,2.829742431640625,0,256165.9027709961,254613.05004882813,0,34088599552,2147483648,8390852608,0
199,1787751787456,3500,3500,3500,3500,3500,3500,3500,3500,3500,3500,3500,3500,3500,3500,3500,3500,3500,3500,3500,3500,1.8509597778320313,2.155029296875,2.9097747802734375,0.3993377685546875,0.23502349853515625,0.23626708984375,2.8879013061523438,0.28954315185546875,0.32164764404296875,0.22364044189453125,0.27426910400390625,0.3175048828125,41.1639289855957,0.1802978515625,22.127601623535156,0.25783538818359375,39.18050765991211,0.2215423583984375,3.0037918090820313,0.46509552001953125,0,256174.44763183594,254619.47143554688,0,34088599552,2147483648,8390832128,0
200,1787751787656,3500,3500,3500,3500,3500,3500,3500,3500,3500,3500,3500,3500,3500,3500,3500,3500,3500,3500,3500,3500,17.209259033203125,0.2454681396484375,0.29090118408203125,2.8789901733398438,2.817413330078125,0.22582244873046875,0.22652435302734375,0.24337005615234375,0.33758544921875,0.27040863037109375,0.23252105712890625,0.2844085693359375,35.44342803955078,2.7478866577148438,50.23489761352539,0.188690185546875,9.871604919433594,2.82720947265625,17.212860107421875,0.25006866455078125,0,256184.5040283203,254627.37145996094,0,34088599552,2147483648,8393121792,0
200,1787751787856,3500,3500,3500,3500,3500,3500,3500,3500,3500,3500,3500,3500,3500,3500,3500,3500,3500,3500,3500,3500,8.938980102539063,0.310150146484375,0.313446044921875,0.3103485107421875,0.3489227294921875,0.285552978515625,0.33160400390625,2.8481979370117188,2.83453369140625,2.8429641723632813,2.8614730834960938,0.31085205078125,7.7978668212890625,0.28814697265625,85.73314666748047,0.1541748046875,4.278564453125,0.32262420654296875,0.4075469970703125,0.4027099609375,0,256193.4017944336,254634.15203857422,0,34088599552,2147483648,8393248768,0
200,1787751788057,3500,3500,3500,3500,3500,3500,3500,3500,3500,3500,3500,3500,3500,3500,3500,3500,3500,3500,3500,3500,13.711746215820313,0.2161102294921875,0.27468109130859375,0.2924346923828125,0.41351318359375,0.43426513671875,0.47676849365234375,0.4684906005859375,0.262054443359375,0.23542022705078125,0.2826080322265625,0.28710174560546875,34.95983123779297,0.20288848876953125,5.871650695800781,0.26045989990234375,50.883323669433594,0.244293212890625,0.4210968017578125,0.3890228271484375,0,256203.0858154297,254642.1717529297,0,34088599552,2147483648,8393232384,0
200,1787751788257,3500,3500,3500,3500,3500,3500,3500,3500,3500,3500,3500,3500,3500,3500,3500,3500,3500,3500,3500,3500,20.504112243652344,0.24211883544921875,0.28347015380859375,0.2813720703125,0.8726730346679688,2.8627471923828125,0.3664703369140625,0.3410491943359375,0.264739990234375,0.2880096435546875,0.271331787109375,2.7794876098632813,43.083984375,0.1899261474609375,39.41753387451172,2.7192153930664063,8.83184814453125,0.40387725830078125,0.3428497314453125,2.860595703125,0,256213.40753173828,254650.333984375,0,34088599552,2147483648,8393523200,0
200,1787751788458,3500,3500,3500,3500,3500,3500,3500,3500,3500,3500,3500,3500,3500,3500,3500,3500,3500,3500,3500,3500,6.206855773925781,2.7375030517578125,2.8089752197265625,0.31946563720703125,0.287139892578125,0.29941558837890625,2.8135147094726563,0.25696563720703125,0.25691986083984375,0.29985809326171875,0.28664398193359375,0.346649169921875,98.88031005859375,0.13262176513671875,1.0221786499023438,0.33586883544921875,0.5433578491210938,0.3900909423828125,2.820404052734375,0.28130340576171875,0,256223.34454345703,254657.70086669922,0,34088599552,2147483648,8394698752,0
200,1787751788658,3500,3500,3500,3500,3500,3500,3500,3500,3500,3500,3500,3500,3500,3500,3500,3500,3500,3500,3500,3500,12.799018859863281,0.2481689453125,0.27469635009765625,2.8098373413085938,2.7548294067382813,0.24407958984375,0.2816314697265625,0.2682647705078125,0.2405853271484375,0.37140655517578125,0.18941497802734375,0.27858734130859375,37.052833557128906,2.7218093872070313,57.49367141723633,0.20458221435546875,2.903900146484375,2.8822479248046875,0.3104095458984375,0.28821563720703125,0,256232.84368896484,254665.0850830078,0,34088599552,2147483648,8394825728,0
200,1787751788858,3500,3500,3500,3500,3500,3500,3500,3500,3500,3500,3500,3500,3500,3500,3500,3500,3500,3500,3500,3500,16.790054321289063,0.26486968994140625,0.32086181640625,0.34960174560546875,0.42989349365234375,0.37116241455078125,0.427001953125,2.9488143920898438,2.901214599609375,2.8032608032226563,2.8992156982421875,0.3828887939453125,25.08465576171875,0.240570068359375,61.49985885620117,0.23787689208984375,0.45334625244140625,0.422760009765625,0.31133270263671875,0.349853515625,0,256241.22619628906,254671.36486816406,0,34088599552,2147483648,8394895360,0
200,1787751789059,3500,3500,3500,3500,3500,3500,3500,3500,3500,3500,3500,3500,3500,3500,3500,3500,3500,3500,3500,3500,14.47845458984375,0.25168609619140625,0.2751617431640625,0.2780609130859375,1.3082199096679688,0.344390869140625,0.32920074462890625,0.33834075927734375,0.27091217041015625,0.2421417236328125,0.2158203125,0.24953460693359375,38.95273208618164,0.16797637939453125,58.297813415527344,0.1445465087890625,0.3910369873046875,0.3595733642578125,0.2656707763671875,0.3150177001953125,0,256250.48834228516,254678.46447753906,0,34088599552,2147483648,8396546048,0
200,1787751789259,3500,3500,3500,3500,3500,3500,3500,3500,3500,3500,3500,3500,3500,3500,3500,3500,3500,3500,3500,3500,25.25959014892578,0.27858734130859375,0.3063201904296875,0.33838653564453125,0.9084320068359375,2.90643310546875,0.318084716796875,0.3470611572265625,0.24298095703125,0.24103546142578125,0.3373870849609375,2.844940185546875,18.60442352294922,0.24432373046875,27.002288818359375,2.779205322265625,0.5615692138671875,0.35474395751953125,37.1519889831543,2.8485794067382813,0,256259.02630615234,254684.87896728516,0,34088599552,2147483648,8396677120,0
200,1787751789459,3500,3500,3500,3500,3500,3500,3500,3500,3500,3500,3500,3500,3500,3500,3500,3500,3500,3500,3500,3500,2.2546615600585938,2.8823394775390625,2.827728271484375,0.29491424560546875,1.4872207641601563,0.31927490234375,2.8279266357421875,0.284088134765625,0.3052978515625,0.36455535888671875,0.23122406005859375,0.297515869140625,75.3917465209961,0.14581298828125,23.51374053955078,0.23746490478515625,0.3230743408203125,0.29196929931640625,5.194252014160156,0.3040008544921875,0,256266.86254882813,254690.60302734375,0,34088599552,2147483648,8396668928,0
200,1787751789660,3500,3500,3500,3500,3500,3500,3500,3500,3500,3500,3500,3500,3500,3500,3500,3500,3500,3500,3500,3500,9.125602722167969,0.2898406982421875,0.34833526611328125,2.8423385620117188,2.8347015380859375,0.31060028076171875,0.31993865966796875,0.3233795166015625,0.23303985595703125,0.297821044921875,0.31539154052734375,0.3077545166015625,21.476417541503906,2.8073959350585938,26.90044403076172,0.2506103515625,52.4402961730957,2.7364730834960938,0.3269195556640625,0.33331298828125,0,256275.95086669922,254697.56170654297,0,34088599552,2147483648,8396791808,0
200,1787751789860,3500,3500,3500,3500,3500,3500,3500,3500,3500,3500,3500,3500,3500,3500,3500,3500,3500,3500,3500,3500,4.380607604980469,0.26616668701171875,0.36773681640625,0.3849639892578125,0.28379058837890625,0.20059967041015625,0.246734619140625,2.707122802734375,2.746429443359375,2.8420028686523438,2.8011093139648438,0.22821044921875,77.92912292480469,0.1263427734375,1.2771377563476563,0.264312744140625,23.052940368652344,0.24259185791015625,0.24478912353515625,0.29697418212890625,0,256284.58685302734,254704.04791259766,0,34088599552,2147483648,8397836288,0
200,1787751790060,3500,3500,3500,3500,3500,3500,3500,3500,3500,3500,3500,3500,3500,3500,3500,3500,3500,3500,3500,3500,3.2560348510742188,0.2609100341796875,0.5189743041992188,0.5257720947265625,0.31484222412109375,0.264556884765625,0.3159942626953125,0.2801361083984375,0.4523162841796875,0.48487091064453125,0.49990081787109375,0.40497589111328125,37.5633544921875,0.19774627685546875,66.98735046386719,0.19719696044921875,0.3061065673828125,0.325775146484375,0.39179229736328125,0.4107208251953125,0,256294.1845703125,254711.5267944336,0,34088599552,2147483648,8397836288,0
200,1787751790261,3500,3500,3500,3500,3500,3500,3500,3500,3500,3500,3500,3500,3500,3500,3500,3500,3500,3500,3500,3500,1.759033203125,0.27646636962890625,0.5404510498046875,0.5524368286132813,0.6135101318359375,2.830535888671875,0.339141845703125,0.28211212158203125,0.36745452880859375,0.4389190673828125,0.29734039306640625,2.9374618530273438,27.343353271484375,0.23751068115234375,11.656806945800781,2.796783447265625,67.81073760986328,0.1951141357421875,0.38613128662109375,2.8877182006835938,0,256304.04205322266,254719.25903320313,0,34088599552,2147483648,8397836288,0
200,1787751790461,3500,3500,3500,3500,3500,3500,3500,3500,3500,3500,3500,3500,3500,3500,3500,3500,3500,3500,3500,3500,14.209297180175781,2.7755661010742188,3.0181427001953125,0.5086135864257813,0.6734771728515625,0.212677001953125,2.765380859375,0.28899383544921875,0.3594207763671875,0.4666900634765625,0.41268157958984375,0.45850372314453125,66.088623046875,0.17424774169921875,23.84935760498047,0.2516632080078125,0.29817962646484375,0.2891998291015625,2.8955535888671875,0.37369537353515625,0,256312.86932373047,254725.97052001953,0,34088599552,2147483648,8397836288,0
200,1787751790661,3500,3500,3500,3500,3500,3500,3500,3500,3500,3500,3500,3500,3500,3500,3500,3500,3500,3500,3500,3500,13.5667724609375,0.224639892578125,0.3926849365234375,2.9621429443359375,2.8442535400390625,0.246673583984375,0.21939849853515625,0.27999114990234375,0.336883544921875,0.34972381591796875,0.33089447021484375,0.48804473876953125,30.17760467529297,2.7263641357421875,40.59685516357422,0.24422454833984375,4.5416717529296875,2.8074874877929688,36.21513366699219,0.21524810791015625,0,256324.8221435547,254735.77740478516,0,34088599552,2147483648,8398708736,0
200,1787751790861,3500,3500,3500,3500,3500,3500,3500,3500,3500,3500,3500,3500,3500,3500,3500,3500,3500,3500,3500,3500,1.1574020385742188,0.2794952392578125,0.29212188720703125,0.332550048828125,0.27535247802734375,0.35665130615234375,0.31298065185546875,2.8404464721679688,2.8819656372070313,2.8605575561523438,2.8055038452148438,0.29506683349609375,2.5751724243164063,0.28473663330078125,0.32236480712890625,0.33209991455078125,0.31951904296875,0.34188079833984375,100,0.15192413330078125,0,256333.7569580078,254742.5845336914,0,34088599552,2147483648,8398708736,0
200,1787751791062,3500,3500,3500,3500,3500,3500,3500,3500,3500,3500,3500,3500,3500,3500,3500,3500,3500,3500,3500,3500,2.2225341796875,0.21196746826171875,0.2440338134765625,0.2317962646484375,0.26361083984375,0.1996307373046875,0.24433135986328125,0.23044586181640625,0.23969268798828125,0.20392608642578125,0.2893829345703125,0.15293121337890625,17.562454223632813,0.15557861328125,44.76426696777344,0.19004058837890625,0.27460479736328125,0.2368927001953125,43.77739334106445,0.17700958251953125,0,256343.63446044922,254750.34301757813,0,34088599552,2147483648,8398696448,0
200,1787751791262,3500,3500,3500,3500,3500,3500,3500,3500,3500,3500,3500,3500,3500,3500,3500,3500,3500,3500,3500,3500,2.0233993530273438,0.30591583251953125,0.29613494873046875,0.28650665283203125,0.42963409423828125,2.80126953125,0.28435516357421875,0.232208251953125,0.31005859375,0.2510223388671875,0.34314727783203125,2.8143463134765625,4.107879638671875,0.26654052734375,40.237308502197266,0.36081695556640625,62.824012756347656,0.19268035888671875,0.32782745361328125,2.9006805419921875,0,256353.05407714844,254757.64044189453,0,34088599552,2147483648,8398827520,0
200,1787751791462,3500,3500,3500,3500,3500,3500,3500,3500,3500,3500,3500,3500,3500,3500,3500,3500,3500,3500,3500,3500,3.11175537109375,2.8434371948242188,2.8211212158203125,0.30176544189453125,0.26258087158203125,0.2862396240234375,2.827667236328125,0.32602691650390625,0.279754638671875,0.3029632568359375,0.29003143310546875,0.3731536865234375,23.13159942626953,0.23796844482421875,74.4855728149414,2.55584716796875,6.96337890625,0.372100830078125,2.9389877319335938,0.4135894775390625,0,256361.17193603516,254763.63452148438,0,34088599552,2147483648,8398831616,0
200,1787751791663,3500,3500,3500,3500,3500,3500,3500,3500,3500,3500,3500,3500,3500,3500,3500,3500,3500,3500,3500,3500,4.835990905761719,0.27542877197265625,0.30123138427734375,2.84674072265625,2.768035888671875,0.3103179931640625,0.3378143310546875,0.306671142578125,0.32813262939453125,0.32778167724609375,0.3323211669921875,0.27188873291015625,45.629905700683594,2.7340011596679688,56.47902297973633,0.22263336181640625,2.9918136596679688,2.9837265014648438,0.41626739501953125,0.42804718017578125,0,256369.90240478516,254770.23175048828,0,34088599552,2147483648,8398962688,0
200,1787751791863,3500,3500,3500,3500,3500,3500,3500,3500,3500,3500,3500,3500,3500,3500,3500,3500,3500,3500,3500,3500,1.3332138061523438,0.23577117919921875,0.274139404296875,0.29848480224609375,0.3310089111328125,0.33405303955078125,0.41222381591796875,2.8482208251953125,2.7698440551757813,2.7292327880859375,0.3199310302734375,0.24665069580078125,40.620262145996094,0.16986846923828125,61.108516693115234,0.16961669921875,0.48162078857421875,0.46999359130859375,0.36083984375,0.3689727783203125,0,256377.95904541016,254776.17486572266,0,34088599552,2147483648,8398962688,0
200,1787751792063,3500,3500,3500,3500,3500,3500,3500,3500,3500,3500,3500,3500,3500,3500,3500,3500,3500,3500,3500,3500,5.045127868652344,0.252777099609375,0.3009796142578125,0.30507659912109375,0.4128875732421875,0.4508514404296875,0.447601318359375,0.32306671142578125,0.2456817626953125,0.236541748046875,2.79986572265625,0.2314910888671875,17.90697479248047,0.23558807373046875,28.294166564941406,0.27825164794921875,61.03948974609375,0.20232391357421875,0.28939056396484375,0.32891082763671875,0,256387.46966552734,254783.54815673828,0,34088599552,2147483648,8398962688,0
199,1787751792264,3500,3500,3500,3500,3500,3500,3500,3500,3500,3500,3500,3500,3500,3500,3500,3500,3500,3500,3500,3500,3.4205703735351563,0.31410980224609375,0.39299774169921875,0.40468597412109375,0.44306182861328125,2.9200057983398438,0.4503021240234375,0.334991455078125,0.2945709228515625,0.288726806640625,0.23436737060546875,2.859649658203125,6.510246276855469,0.25665283203125,3.143280029296875,0.356475830078125,98.13638305664063,0.13509368896484375,0.394744873046875,2.8889312744140625,0,256394.8760986328,254788.83129882813,0,34088599552,2147483648,8398962688,0
200,1787751792464,3500,3500,3500,3500,3500,3500,3500,3500,3500,3500,3500,3500,3500,3500,3500,3500,3500,3500,3500,3500,1.992584228515625,2.7925186157226563,2.8195037841796875,0.34084320068359375,1.4012069702148438,0.266876220703125,2.83599853515625,0.276824951171875,0.26258087158203125,0.28527069091796875,0.22829437255859375,0.28466796875,60.766876220703125,0.20830535888671875,41.4344596862793,2.7289962768554688,0.340545654296875,0.34039306640625,1.6432952880859375,0.3051605224609375,0,256404.0478515625,254795.8731689453,0,34088599552,2147483648,8398950400,0
200,1787751792664,3500,3500,3500,3500,3500,3500,3500,3500,3500,3500,3500,3500,3500,3500,3500,3500,3500,3500,3500,3500,4.7332763671875,0.23026275634765625,0.32071685791015625,2.7716064453125,2.8494415283203125,0.28778839111328125,0.297119140625,0.279754638671875,0.277862548828125,0.34087371826171875,0.21694183349609375,0.22512054443359375,13.219123840332031,2.7582321166992188,88.5940170288086,0.1439971923828125,3.8840866088867188,2.8033370971679688,1.4319534301757813,0.2808990478515625,0,256413.85095214844,254803.57263183594,0,34088599552,2147483648,8399077376,0
200,1787751792865,3500,3500,3500,3500,3500,3500,3500,3500,3500,3500,3500,3500,3500,3500,3500,3500,3500,3500,3500,3500,17.546409606933594,0.19734954833984375,0.3416595458984375,0.33386993408203125,0.43082427978515625,0.41506195068359375,0.42144775390625,2.8250808715820313,2.7921981811523438,2.7539749145507813,0.239166259765625,0.19016265869140625,31.995994567871094,0.18807220458984375,1.0779647827148438,0.22025299072265625,55.09904861450195,0.1863250732421875,0.2432098388671875,0.25423431396484375,0,256423.47454833984,254811.06634521484,0,34088599552,2147483648,8399081472,0
200,1787751793065,3500,3500,3500,3500,3500,3500,3500,3500,3500,3500,3500,3500,3500,3500,3500,3500,3500,3500,3500,3500,9.869590759277344,0.4194488525390625,0.4437103271484375,0.4459075927734375,0.5121002197265625,0.4583892822265625,0.540557861328125,0.5145492553710938,0.3399200439453125,0.29534149169921875,2.8837127685546875,0.29868316650390625,6.902008056640625,0.29624176025390625,74.90864562988281,0.21990966796875,16.747238159179688,0.337921142578125,0.36383056640625,0.4113616943359375,0,256433.00830078125,254818.6492919922,0,34088599552,2147483648,8399081472,0
199,1787751793265,3500,3500,3500,3500,3500,3500,3500,3500,3500,3500,3500,3500,3500,3500,3500,3500,3500,3500,3500,3500,7.540092468261719,0.235260009765625,0.3798065185546875,0.3948822021484375,0.5860595703125,2.8821029663085938,0.4258880615234375,0.43267822265625,0.8883743286132813,0.30945587158203125,0.284393310546875,2.7503433227539063,18.978530883789063,0.1851348876953125,74.7578353881836,0.16251373291015625,7.991294860839844,0.2763519287109375,0.4594879150390625,2.8952789306640625,0,256442.5164794922,254826.2222290039,0,34088599552,2147483648,8399147008,0
200,1787751793465,3500,3500,3500,3500,3500,3500,3500,3500,3500,3500,3500,3500,3500,3500,3500,3500,3500,3500,3500,3500,11.806625366210938,5.255577087402344,2.9046859741210938,0.390106201171875,0.34917449951171875,0.43428802490234375,2.93212890625,0.35282135009765625,0.37950897216796875,0.28204345703125,0.33722686767578125,0.32128143310546875,3.1341018676757813,0.22357177734375,0.7555694580078125,2.885345458984375,88.95159912109375,0.1490936279296875,0.29749298095703125,0.2935943603515625,0,256451.31060791016,254832.57525634766,0,34088599552,2147483648,8399286272,0
200,1787751793665,3500,3500,3500,3500,3500,3500,3500,3500,3500,3500,3500,3500,3500,3500,3500,3500,3500,3500,3500,3500,3.3302459716796875,2.7918701171875,0.373626708984375,2.8898468017578125,2.9219589233398438,0.43270111083984375,0.4694061279296875,0.44268798828125,0.480743408203125,0.3329315185546875,0.3906097412109375,0.3748779296875,47.33928680419922,2.7170181274414063,8.680435180664063,0.35280609130859375,48.6558723449707,2.7464828491210938,2.7978668212890625,0.28798675537109375,0,256460.1371459961,254839.70794677734,0,34088599552,2147483648,8399409152,0
200,1787751793866,3500,3500,3500,3500,3500,3500,3500,3500,3500,3500,3500,3500,3500,3500,3500,3500,3500,3500,3500,3500,0.7553558349609375,10.140281677246094,0.3964080810546875,0.400054931640625,0.35045623779296875,0.475067138671875,0.4869537353515625,2.9154434204101563,2.941864013671875,2.8766403198242188,0.35080718994140625,0.36833953857421875,9.069931030273438,0.22190093994140625,70.62808227539063,0.17919921875,13.9921875,0.2769927978515625,0.3143463134765625,0.2879791259765625,0,256469.66137695313,254846.65362548828,0,34088599552,2147483648,8399409152,0
200,1787751794066,3500,3500,3500,3500,3500,3500,3500,3500,3500,3500,3500,3500,3500,3500,3500,3500,3500,3500,3500,3500,0.7080001831054688,9.096832275390625,0.414154052734375,0.4190521240234375,0.3639678955078125,0.49820709228515625,0.49456024169921875,0.4893646240234375,0.33025360107421875,0.36626434326171875,2.7806243896484375,0.42529296875,31.515289306640625,0.2595367431640625,69.13552856445313,0.17574310302734375,0.36881256103515625,0.348480224609375,0.33170318603515625,0.3444366455078125,0,256479.13836669922,254854.02563476563,0,34088599552,2147483648,8399609856,0
200,1787751794266,3500,3500,3500,3500,3500,3500,3500,3500,3500,3500,3500,3500,3500,3500,3500,3500,3500,3500,3500,3500,1.26019287109375,8.750961303710938,0.952178955078125,0.8940200805664063,1.12030029296875,3.373138427734375,0.9373855590820313,0.8980712890625,0.8550491333007813,0.9428863525390625,0.88592529296875,3.5166778564453125,50.201045989990234,0.6955718994140625,60.898529052734375,0.6585464477539063,4.883796691894531,0.9122543334960938,2.6257553100585938,3.3392181396484375,0,256488.5531616211,254861.2901611328,0,34088599552,2147483648,8399872000,0
200,1787751794466,3500,3500,3500,3500,3500,3500,3500,3500,3500,3500,3500,3500,3500,3500,3500,3500,3500,3500,3500,3500,0.7033615112304688,21.469009399414063,2.8575820922851563,0.32279205322265625,0.44818115234375,0.5673828125,3.0232696533203125,0.45796966552734375,0.3948516845703125,0.490631103515625,0.39405059814453125,0.5508041381835938,49.68861770629883,0.225860595703125,36.1773796081543,2.8105926513671875,0.3184967041015625,0.30855560302734375,0.328033447265625,0.2913818359375,0,256496.98175048828,254867.59704589844,0,34088599552,2147483648,8399863808,0
200,1787751794667,3500,3500,3500,3500,3500,3500,3500,3500,3500,3500,3500,3500,3500,3500,3500,3500,3500,3500,3500,3500,3.1424026489257813,6.5543365478515625,0.313720703125,2.8281326293945313,2.963226318359375,0.49623870849609375,0.41431427001953125,0.4966888427734375,0.31182098388671875,0.2931060791015625,0.34172821044921875,0.39554595947265625,9.572677612304688,2.809661865234375,88.39672088623047,0.1583099365234375,2.8270797729492188,2.843109130859375,2.8438034057617188,0.29509735107421875,0,256507.41467285156,254875.91632080078,0,34088599552,2147483648,8399994880,0
200,1787751794867,3500,3500,3500,3500,3500,3500,3500,3500,3500,3500,3500,3500,3500,3500,3500,3500,3500,3500,3500,3500,0.6836395263671875,2.1738052368164063,0.25827789306640625,0.31266021728515625,0.29898834228515625,0.31745147705078125,0.31281280517578125,2.8607406616210938,2.7862014770507813,2.7963333129882813,0.3149566650390625,0.30657196044921875,33.753387451171875,0.168182373046875,67.23593139648438,0.1745147705078125,0.282928466796875,0.27883148193359375,0.3654937744140625,0.34468841552734375,0,256516.09533691406,254882.46899414063,0,34088599552,2147483648,8399994880,0
199,1787751795068,3500,3500,3500,3500,3500,3500,3500,3500,3500,3500,3500,3500,3500,3500,3500,3500,3500,3500,3500,3500,0.728424072265625,4.998390197753906,0.26853179931640625,0.24608612060546875,0.39406585693359375,0.33615875244140625,0.423187255859375,0.4266815185546875,0.2790985107421875,0.1866302490234375,2.7857818603515625,0.1910247802734375,6.605720520019531,0.18967437744140625,74.15168762207031,0.1290283203125,24.066871643066406,0.239501953125,0.2616424560546875,0.28398895263671875,0,256525.70404052734,254889.9324951172,0,34088599552,2147483648,8400060416,0
200,1787751795268,3500,3500,3500,3500,3500,3500,3500,3500,3500,3500,3500,3500,3500,3500,3500,3500,3500,3500,3500,3500,0.8059158325195313,17.499549865722656,0.3339691162109375,0.29174041748046875,0.39128875732421875,3.8997421264648438,0.43401336669921875,0.4613494873046875,2.1728744506835938,0.29254150390625,0.28479766845703125,2.7560653686523438,16.93370819091797,0.2058868408203125,39.04666519165039,0.23342132568359375,31.078720092773438,0.25246429443359375,0.298492431640625,2.8097305297851563,0,256536.6655883789,254898.7738647461,0,34088599552,2147483648,8400465920,0
200,1787751795468,3500,3500,3500,3500,3500,3500,3500,3500,3500,3500,3500,3500,3500,3500,3500,3500,3500,3500,3500,3500,0.652801513671875,5.3139801025390625,2.8120880126953125,0.31622314453125,0.27252197265625,0.26104736328125,2.8129806518554688,0.31781768798828125,0.271728515625,0.27242279052734375,0.33263397216796875,0.27197265625,9.535179138183594,0.23944854736328125,71.76032257080078,2.6793365478515625,23.335350036621094,0.28424835205078125,0.32559967041015625,0.313629150390625,0,256547.43853759766,254907.42010498047,0,34088599552,2147483648,8400470016,0
200,1787751795669,3500,3500,3500,3500,3500,3500,3500,3500,3500,3500,3500,3500,3500,3500,3500,3500,3500,3500,3500,3500,3.3860015869140625,4.026161193847656,0.26868438720703125,2.838897705078125,0.314239501953125,0.2588043212890625,0.27422332763671875,0.2936859130859375,0.32965850830078125,0.2499237060546875,0.26364898681640625,0.290740966796875,36.89752960205078,2.7197036743164063,64.18824768066406,0.1820220947265625,5.984260559082031,2.81744384765625,2.8099594116210938,0.29727935791015625,0,256556.07623291016,254913.9259033203,0,34088599552,2147483648,8400744448,0
200,1787751795869,3500,3500,3500,3500,3500,3500,3500,3500,3500,3500,3500,3500,3500,3500,3500,3500,3500,3500,3500,3500,0.7010726928710938,3.9153366088867188,0.31240081787109375,0.335174560546875,2.8087539672851563,1.4965591430664063,0.34581756591796875,2.8220901489257813,2.8590545654296875,2.83697509765625,0.3015594482421875,0.2715911865234375,21.908798217773438,0.229827880859375,79.3186264038086,0.1825714111328125,0.32173919677734375,0.332977294921875,0.32099151611328125,0.32648468017578125,0,256563.4930419922,254919.22607421875,0,34088599552,2147483648,8400744448,0
200,1787751796069,3500,3500,3500,3500,3500,3500,3500,3500,3500,3500,3500,3500,3500,3500,3500,3500,3500,3500,3500,3500,0.6067581176757813,15.033287048339844,0.284271240234375,0.29215240478515625,0.28826141357421875,0.1715240478515625,0.28656768798828125,0.22784423828125,0.34598541259765625,0.45389556884765625,2.9434890747070313,0.396026611328125,4.668220520019531,0.2030487060546875,87.79719543457031,0.12592315673828125,0.3649444580078125,0.26342010498046875,0.2672576904296875,0.28766632080078125,0,256573.30145263672,254926.92065429688,0,34088599552,2147483648,8400744448,0
200,1787751796270,3500,3500,3500,3500,3500,3500,3500,3500,3500,3500,3500,3500,3500,3500,3500,3500,3500,3500,3500,3500,2.4970245361328125,18.448509216308594,0.2643280029296875,0.2817840576171875,0.2483673095703125,2.8486404418945313,0.2682647705078125,0.23754119873046875,0.3623504638671875,0.35211944580078125,0.4750823974609375,2.97943115234375,2.107391357421875,0.210205078125,44.74903869628906,0.188507080078125,40.69937515258789,0.230560302734375,0.2622833251953125,2.8173675537109375,0,256582.76934814453,254934.26141357422,0,34088599552,2147483648,8400654336,0
200,1787751796470,3500,3500,3500,3500,3500,3500,3500,3500,3500,3500,3500,3500,3500,3500,3500,3500,3500,3500,3500,3500,0.689849853515625,14.616294860839844,2.8166427612304688,0.31754302978515625,0.24791717529296875,0.27071380615234375,2.8247222900390625,0.288665771484375,0.47693634033203125,0.36606597900390625,0.47893524169921875,0.5202789306640625,26.690353393554688,0.2200927734375,3.780487060546875,2.7957916259765625,22.470184326171875,0.28856658935546875,46.59934616088867,0.17565155029296875,0,256592.04663085938,254941.41790771484,0,34088599552,2147483648,8401035264,0
200,1787751796671,3500,3500,3500,3500,3500,3500,3500,3500,3500,3500,3500,3500,3500,3500,3500,3500,3500,3500,3500,3500,3.280517578125,4.00335693359375,0.3009796142578125,0.31829833984375,0.30287933349609375,0.22173309326171875,0.3424072265625,0.289306640625,0.43857574462890625,0.37149810791015625,0.4549407958984375,0.4962158203125,77.14974975585938,2.6862869262695313,7.7645721435546875,0.28885650634765625,2.8566665649414063,2.8682479858398438,18.839508056640625,0.3632659912109375,0,256600.70959472656,254947.95532226563,0,34088599552,2147483648,8401371136,0
200,1787751796871,3500,3500,3500,3500,3500,3500,3500,3500,3500,3500,3500,3500,3500,3500,3500,3500,3500,3500,3500,3500,0.6926727294921875,17.60619354248047,0.26374053955078125,2.8100357055664063,2.7825164794921875,0.2059478759765625,0.21643829345703125,0.241912841796875,2.8865127563476563,2.8551406860351563,0.35565185546875,0.4562530517578125,20.945510864257813,0.22043609619140625,64.89720153808594,0.15329742431640625,0.38147735595703125,0.37113189697265625,0.39226531982421875,0.34391021728515625,0,256608.93817138672,254954.07153320313,0,34088599552,2147483648,8401444864,0
200,1787751797071,3500,3500,3500,3500,3500,3500,3500,3500,3500,3500,3500,3500,3500,3500,3500,3500,3500,3500,3500,3500,0.690887451171875,16.376182556152344,0.28656005859375,0.26409149169921875,0.2716827392578125,0.22620391845703125,0.1837158203125,2.7894439697265625,0.2910003662109375,0.3352813720703125,2.828887939453125,0.32285308837890625,6.472312927246094,0.20104217529296875,86.36643981933594,0.13639068603515625,0.9902191162109375,0.37691497802734375,0.37921142578125,0.3743743896484375,0,256617.95263671875,254960.9419555664,0,34088599552,2147483648,8402075648,0
200,1787751797272,3500,3500,3500,3500,3500,3500,3500,3500,3500,3500,3500,3500,3500,3500,3500,3500,3500,3500,3500,3500,0.8109054565429688,4.4162445068359375,0.29413604736328125,0.30141448974609375,0.25095367431640625,2.8345108032226563,0.3322296142578125,0.28835296630859375,0.2774810791015625,0.32295989990234375,0.395904541015625,2.8306732177734375,72.16600036621094,0.14574432373046875,28.69268035888672,0.2791290283203125,0.3820953369140625,0.32205963134765625,0.3849334716796875,2.8957443237304688,0,256626.00036621094,254966.86212158203,0,34088599552,2147483648,8402337792,0
200,1787751797472,3500,3500,3500,3500,3500,3500,3500,3500,3500,3500,3500,3500,3500,3500,3500,3500,3500,3500,3500,3500,0.82855224609375,21.305519104003906,2.8842391967773438,0.31795501708984375,0.416351318359375,0.8786773681640625,2.9634628295898438,0.46372222900390625,0.41295623779296875,0.39837646484375,0.546142578125,0.39278411865234375,84.92778015136719,0.186859130859375,3.1099319458007813,2.922576904296875,0.34166717529296875,0.3186492919921875,0.4512939453125,0.43376922607421875,0,256634.15850830078,254972.90350341797,0,34088599552,2147483648,8402358272,0
200,1787751797672,3500,3500,3500,3500,3500,3500,3500,3500,3500,3500,3500,3500,3500,3500,3500,3500,3500,3500,3500,3500,0.8631134033203125,3.0554351806640625,0.41205596923828125,0.415252685546875,0.447265625,0.5045852661132813,0.3998260498046875,0.49929046630859375,0.420745849609375,0.37940216064453125,0.525360107421875,0.44116973876953125,40.693138122558594,2.73974609375,60.886783599853516,0.24782562255859375,2.8382644653320313,2.8661346435546875,3.0538864135742188,0.5295028686523438,0,256643.63983154297,254980.27087402344,0,34088599552,2147483648,8402550784,0
200,1787751797872,3500,3500,3500,3500,3500,3500,3500,3500,3500,3500,3500,3500,3500,3500,3500,3500,3500,3500,3500,3500,3.0823822021484375,4.998931884765625,0.33506011962890625,2.8101348876953125,2.8183746337890625,0.26085662841796875,0.30280303955078125,0.2893218994140625,0.4021759033203125,2.8970260620117188,0.39498138427734375,0.40956878662109375,28.587936401367188,0.172576904296875,59.020267486572266,0.1751251220703125,17.037490844726563,0.24727630615234375,0.6355743408203125,0.3953857421875,0,256650.94439697266,254985.4506225586,0,34088599552,2147483648,8405516288,0
199,1787751798073,3500,3500,3500,3500,3500,3500,3500,3500,3500,3500,3500,3500,3500,3500,3500,3500,3500,3500,3500,3500,0.658599853515625,6.212882995605469,0.30078125,0.302978515625,0.303924560546875,0.2775726318359375,0.21085357666015625,2.7877655029296875,2.7977981567382813,0.274627685546875,2.77703857421875,0.2578125,4.7267913818359375,0.25946044921875,95.60148620605469,0.14357757568359375,1.1829605102539063,0.29903411865234375,0.3968963623046875,0.42514801025390625,0,256660.28198242188,254993.1947631836,0,34088599552,2147483648,8405655552,0
200,1787751798273,3500,3500,3500,3500,3500,3500,3500,3500,3500,3500,3500,3500,3500,3500,3500,3500,3500,3500,3500,3500,0.787628173828125,2.3050155639648438,0.33098602294921875,0.32683563232421875,0.260009765625,2.8714675903320313,0.26026153564453125,0.29274749755859375,0.27740478515625,0.28155517578125,0.297149658203125,2.790802001953125,10.852447509765625,0.260162353515625,92.02806854248047,0.17304229736328125,0.3497314453125,0.29019927978515625,0.376373291015625,0.2978973388671875,0,256668.64178466797,254999.07293701172,0,34088599552,2147483648,8406511616,0
200,1787751798473,3500,3500,3500,3500,3500,3500,3500,3500,3500,3500,3500,3500,3500,3500,3500,3500,3500,3500,3500,3500,0.533172607421875,5.845298767089844,2.7552947998046875,0.26428985595703125,0.19692230224609375,0.20336151123046875,2.6981048583984375,0.26688385009765625,0.25281524658203125,0.252410888671875,0.25261688232421875,0.20415496826171875,23.936370849609375,0.20220947265625,23.025177001953125,2.744171142578125,59.65705871582031,0.1915283203125,0.25121307373046875,2.7779541015625,0,256678.26934814453,255006.48797607422,0,34088599552,2147483648,8407932928,0
200,1787751798673,3500,3500,3500,3500,3500,3500,3500,3500,3500,3500,3500,3500,3500,3500,3500,3500,3500,3500,3500,3500,0.8240280151367188,26.505325317382813,0.312255859375,0.33254241943359375,0.2559356689453125,0.34348297119140625,0.24994659423828125,0.28742218017578125,0.30306243896484375,0.32354736328125,0.33454132080078125,0.3580780029296875,31.906883239746094,2.79473876953125,43.60002517700195,0.26927947998046875,8.180305480957031,2.812530517578125,3.003662109375,0.30051422119140625,0,256685.90948486328,255011.8921508789,0,34088599552,2147483648,8410263552,0
200,1787751798874,3500,3500,3500,3500,3500,3500,3500,3500,3500,3500,3500,3500,3500,3500,3500,3500,3500,3500,3500,3500,3.6550216674804688,9.726852416992188,0.28054046630859375,2.8239974975585938,2.74578857421875,0.3017120361328125,0.2501220703125,0.30965423583984375,0.27964019775390625,2.8934707641601563,0.29427337646484375,0.28558349609375,3.7089157104492188,0.27674102783203125,0.45848846435546875,0.304107666015625,0.38227081298828125,0.31679534912109375,0.44005584716796875,0.3051605224609375,0,256692.47338867188,255016.4839477539,0,34088599552,2147483648,8411684864,0
200,1787751799074,3500,3500,3500,3500,3500,3500,3500,3500,3500,3500,3500,3500,3500,3500,3500,3500,3500,3500,3500,3500,1.038299560546875,14.07330322265625,0.29488372802734375,0.28759002685546875,0.281494140625,0.31839752197265625,0.24913787841796875,2.79998779296875,2.8143692016601563,0.27939605712890625,2.8262557983398438,0.35739898681640625,6.1593780517578125,0.3551025390625,0.27774810791015625,0.27170562744140625,0.28519439697265625,0.31719970703125,0.35111236572265625,0.37313079833984375,0,256699.2763671875,255021.10424804688,0,34088599552,2147483648,8412827648,0
200,1787751799274,3500,3500,3500,3500,3500,3500,3500,3500,3500,3500,3500,3500,3500,3500,3500,3500,3500,3500,3500,3500,1.3833541870117188,14.377487182617188,0.29022979736328125,0.35089111328125,0.2996673583984375,0.3936309814453125,0.28524017333984375,0.38189697265625,0.32967376708984375,0.27974700927734375,0.27939605712890625,2.826019287109375,1.973846435546875,0.38713836669921875,0.7422256469726563,0.3837432861328125,0.3332672119140625,0.39003753662109375,0.42913055419921875,0.429931640625,0,256705.92559814453,255025.8095703125,0,34088599552,2147483648,8413700096,0
200,1787751799474,3500,3500,3500,3500,3500,3500,3500,3500,3500,3500,3500,3500,3500,3500,3500,3500,3500,3500,3500,3500,0.9066009521484375,11.41937255859375,2.8151016235351563,0.2852783203125,0.28133392333984375,3.4432144165039063,2.766204833984375,0.2571563720703125,0.28887939453125,0.23972320556640625,0.32564544677734375,0.271392822265625,9.079666137695313,0.32694244384765625,4.050544738769531,2.7727432250976563,0.37184906005859375,0.344024658203125,0.3864898681640625,2.9275970458984375,0,256713.2899169922,255030.94604492188,0,34088599552,2147483648,8414359552,0
199,1787751799675,3500,3500,3500,3500,3500,3500,3500,3500,3500,3500,3500,3500,3500,3500,3500,3500,3500,3500,3500,3500,1.5134201049804688,11.958084106445313,0.24285888671875,0.27098846435546875,0.2729339599609375,0.2069091796875,0.26340484619140625,0.27173614501953125,0.46382904052734375,0.31023406982421875,0.3101806640625,0.3393096923828125,5.712516784667969,2.7379913330078125,0.58660888671875,0.2443084716796875,2.7910079956054688,2.7346038818359375,2.849853515625,0.2660980224609375,0,256721.01318359375,255036.35284423828,0,34088599552,2147483648,8414842880,0
200,1787751799875,3500,3500,3500,3500,3500,3500,3500,3500,3500,3500,3500,3500,3500,3500,3500,3500,3500,3500,3500,3500,3.6062698364257813,22.82147979736328,0.32320404052734375,2.8697433471679688,2.8186798095703125,0.37136077880859375,0.35387420654296875,0.25495147705078125,0.5158004760742188,3.0266189575195313,0.419525146484375,0.49576568603515625,13.124946594238281,0.2912750244140625,2.8439102172851563,0.34403228759765625,1.8251953125,0.32689666748046875,0.33274078369140625,0.328643798828125,0,256729.94482421875,255043.13946533203,0,34088599552,2147483648,8415539200,0
200,1787751800075,3500,3500,3500,3500,3500,3500,3500,3500,3500,3500,3500,3500,3500,3500,3500,3500,3500,3500,3500,3500,1.1452865600585938,13.125106811523438,0.20528411865234375,0.1984405517578125,0.21387481689453125,0.168670654296875,0.1610260009765625,2.6552276611328125,2.9001693725585938,0.3176116943359375,2.8171539306640625,0.37650299072265625,7.803558349609375,0.1613311767578125,1.0905380249023438,0.1942901611328125,0.42350006103515625,0.21242523193359375,0.19889068603515625,0.20842742919921875,0,256738.16607666016,255049.2271118164,0,34088599552,2147483648,8415817728,0
200,1787751800276,3500,3500,3500,3500,3500,3500,3500,3500,3500,3500,3500,3500,3500,3500,3500,3500,3500,3500,3500,3500,3.232025146484375,15.027191162109375,0.3026123046875,0.29483795166015625,0.326324462890625,0.8091659545898438,0.25542449951171875,0.30310821533203125,0.34929656982421875,0.3424224853515625,0.28157806396484375,2.8534317016601563,5.3565673828125,0.25711822509765625,0.28507232666015625,0.30938720703125,0.3379364013671875,0.3379364013671875,0.31027984619140625,0.265838623046875,0,256745.33892822266,255054.2657470703,0,34088599552,2147483648,8416428032,0
200,1787751800476,3500,3500,3500,3500,3500,3500,3500,3500,3500,3500,3500,3500,3500,3500,3500,3500,3500,3500,3500,3500,1.3342361450195313,14.075408935546875,2.959381103515625,0.44033050537109375,0.37116241455078125,2.8820266723632813,0.4133148193359375,0.43604278564453125,0.3313140869140625,0.459564208984375,0.41656494140625,0.3002471923828125,10.788009643554688,0.363922119140625,4.099845886230469,2.9092941284179688,0.3922882080078125,0.41766357421875,0.38394927978515625,2.9120407104492188,0,256752.84942626953,255059.63317871094,0,34088599552,2147483648,8416665600,0
199,1787751800677,3500,3500,3500,3500,3500,3500,3500,3500,3500,3500,3500,3500,3500,3500,3500,3500,3500,3500,3500,3500,1.2180404663085938,14.535133361816406,0.201995849609375,0.171722412109375,0.1273040771484375,0.1996002197265625,2.6051025390625,0.12516021728515625,0.1298065185546875,0.115814208984375,0.088836669921875,0.06984710693359375,7.688751220703125,2.6069488525390625,1.5511398315429688,0.098724365234375,1.6757965087890625,2.7301101684570313,2.65496826171875,0.1138153076171875,0,256759.96606445313,255064.59759521484,0,34088599552,2147483648,8417226752,0
200,1787751800877,3500,3500,3500,3500,3500,3500,3500,3500,3500,3500,3500,3500,3500,3500,3500,3500,3500,3500,3500,3500,3.472442626953125,38.87526321411133,20.096084594726563,2.9636764526367188,2.9376296997070313,14.065330505371094,0.49329376220703125,0.4426422119140625,2.20294189453125,0.4863128662109375,0.42458343505859375,0.4376068115234375,55.69971466064453,0.38550567626953125,28.58074951171875,0.39933013916015625,45.144004821777344,0.41335296630859375,33.02361297607422,0.41265106201171875,0,256772.31970214844,255074.71954345703,0,34088599552,2147483648,8450277376,0
200,1787751801077,3500,3500,3500,3500,3500,3500,3500,3500,3500,3500,3500,3500,3500,3500,3500,3500,3500,3500,3500,3500,0.5966796875,33.03638458251953,9.670547485351563,0.30480194091796875,0.3222198486328125,0.5396804809570313,0.28539276123046875,2.8611831665039063,2.954010009765625,2.8510971069335938,2.8221969604492188,0.21671295166015625,47.40077590942383,0.23138427734375,42.2385139465332,0.2107696533203125,83.86417388916016,0.233734130859375,33.132606506347656,0.2630767822265625,0,256786.33374023438,255086.51293945313,0,34088599552,2147483648,8457768960,0
200,1787751801277,3500,3500,3500,3500,3500,3500,3500,3500,3500,3500,3500,3500,3500,3500,3500,3500,3500,3500,3500,3500,0.6792755126953125,44.61722183227539,3.0232925415039063,0.36029052734375,0.373931884765625,0.58306884765625,0.3456573486328125,0.34925079345703125,0.45095062255859375,0.40764617919921875,0.4727325439453125,2.9572601318359375,36.13190460205078,0.3080902099609375,73.49942779541016,0.20794677734375,46.545005798339844,0.25479888916015625,25.956863403320313,0.287261962890625,0,256796.9903564453,255095.00567626953,0,34088599552,2147483648,8426467328,0
200,1787751801478,3500,3500,3500,3500,3500,3500,3500,3500,3500,3500,3500,3500,3500,3500,3500,3500,3500,3500,3500,3500,0.5861053466796875,13.959579467773438,2.7626419067382813,0.22539520263671875,0.17905426025390625,3.3984832763671875,0.1640777587890625,0.2836151123046875,0.3147735595703125,0.40674591064453125,0.4163360595703125,0.3058319091796875,91.47423553466797,0.0582733154296875,3.789947509765625,2.7060699462890625,1.1114425659179688,0.19568634033203125,0.21840667724609375,2.7848129272460938,0,256806.39819335938,255102.28564453125,0,34088599552,2147483648,8425263104,0
200,1787751801678,3500,3500,3500,3500,3500,3500,3500,3500,3500,3500,3500,3500,3500,3500,3500,3500,3500,3500,3500,3500,0.632568359375,5.095741271972656,0,0,0.00234222412109375,0.08217620849609375,2.6175994873046875,0.0920562744140625,0.054534912109375,0.10747528076171875,0.1905975341796875,0.049896240234375,100,0.32671356201171875,0.0240478515625,0.0567779541015625,0,2.4700088500976563,2.468017578125,0,0,256815.77911376953,255109.51684570313,0,34088599552,2147483648,8425443328,0
199,1787751801879,3500,3500,3500,3500,3500,3500,3500,3500,3500,3500,3500,3500,3500,3500,3500,3500,3500,3500,3500,3500,3.5794754028320313,26.82433319091797,0.7326278686523438,3.2718124389648438,3.2928924560546875,0.8883056640625,0.8493881225585938,0.8244705200195313,0.8584518432617188,0.94287109375,0.9518890380859375,0.906341552734375,77.69367980957031,2.5263824462890625,1.766937255859375,0.760986328125,3.2698211669921875,0.7644729614257813,0.7602386474609375,0.7687606811523438,0,256825.24645996094,255116.88061523438,0,34088599552,2147483648,8424730624,0
199,1787751802079,3500,3500,3500,3500,3500,3500,3500,3500,3500,3500,3500,3500,3500,3500,3500,3500,3500,3500,3500,3500,0.6205978393554688,31.099838256835938,0.29528045654296875,0.26294708251953125,0.23445892333984375,0.25629425048828125,0.25360107421875,2.7597885131835938,2.9018783569335938,2.883087158203125,2.9009246826171875,0.34645843505859375,76.09830474853516,0.1357421875,0.9118804931640625,0.24420166015625,0.30558013916015625,0.31302642822265625,0.3389129638671875,0.37325286865234375,0,256834.9409790039,255124.45092773438,0,34088599552,2147483648,8424800256,0
200,1787751802279,3500,3500,3500,3500,3500,3500,3500,3500,3500,3500,3500,3500,3500,3500,3500,3500,3500,3500,3500,3500,0.7444992065429688,40.642208099365234,0.31346893310546875,0.32236480712890625,0.315216064453125,0.30881500244140625,0.2556304931640625,0.29952239990234375,0.5170135498046875,0.43548583984375,0.49631500244140625,0.4063873291015625,62.57157516479492,0.1864471435546875,0.2911224365234375,0.32331085205078125,0.30521392822265625,0.329010009765625,0.3802947998046875,0.3509063720703125,0,256844.65075683594,255132.04333496094,0,34088599552,2147483648,8423968768,0
199,1787751802479,3500,3500,3500,3500,3500,3500,3500,3500,3500,3500,3500,3500,3500,3500,3500,3500,3500,3500,3500,3500,0.6445083618164063,15.988517761230469,2.765167236328125,0.26253509521484375,0.3070831298828125,2.8796234130859375,0.2512054443359375,0.23688507080078125,0.22980499267578125,0.3046417236328125,0.29715728759765625,2.8745803833007813,97.29704284667969,0.100830078125,4.498619079589844,2.7547378540039063,0.2757568359375,0.28094482421875,0.2626800537109375,2.779388427734375,0,256854.75653076172,255140.02795410156,0,34088599552,2147483648,8424554496,0
200,1787751802679,3500,3500,3500,3500,3500,3500,3500,3500,3500,3500,3500,3500,3500,3500,3500,3500,3500,3500,3500,3500,0.7723159790039063,6.505523681640625,0.2869110107421875,0.3067474365234375,0.2139434814453125,0.27996063232421875,2.8108062744140625,0.31658935546875,0.27921295166015625,0.26357269287109375,0.3134918212890625,0.2453765869140625,99.97895812988281,0.13677978515625,0.46521759033203125,0.28815460205078125,0.3058013916015625,2.8014068603515625,2.8304977416992188,0.27031707763671875,0,256863.06768798828,255146.20373535156,0,34088599552,2147483648,8424755200,0
200,1787751802880,3500,3500,3500,3500,3500,3500,3500,3500,3500,3500,3500,3500,3500,3500,3500,3500,3500,3500,3500,3500,3.224761962890625,5.138313293457031,0.27233123779296875,2.78546142578125,2.7941970825195313,0.27787017822265625,0.291351318359375,0.1939849853515625,0.32331085205078125,0.202972412109375,0.2626953125,0.269683837890625,40.96943283081055,2.6911392211914063,59.54446792602539,0.17411041259765625,2.837188720703125,0.26718902587890625,0.2781219482421875,0.295196533203125,0,256872.37677001953,255153.40069580078,0,34088599552,2147483648,8424550400,0
200,1787751803080,3500,3500,3500,3500,3500,3500,3500,3500,3500,3500,3500,3500,3500,3500,3500,3500,3500,3500,3500,3500,0.7179107666015625,8.774818420410156,0.36379241943359375,0.30815887451171875,0.26435089111328125,0.279571533203125,0.2725372314453125,2.7831344604492188,2.8159637451171875,2.7809906005859375,2.798553466796875,0.2476348876953125,65.19755554199219,0.16106414794921875,9.326026916503906,0.262603759765625,25.079238891601563,0.28271484375,0.3460845947265625,0.287750244140625,0,256881.4642944336,255160.365234375,0,34088599552,2147483648,8424550400,0
200,1787751803280,3500,3500,3500,3500,3500,3500,3500,3500,3500,3500,3500,3500,3500,3500,3500,3500,3500,3500,3500,3500,0.874847412109375,3.6552658081054688,0.36110687255859375,0.36585235595703125,0.289337158203125,0.2553253173828125,0.24353790283203125,0.3115081787109375,0.27664947509765625,0.2987213134765625,0.29347991943359375,0.30097198486328125,40.911128997802734,0.21551513671875,0.37833404541015625,0.297027587890625,61.15946578979492,0.201080322265625,0.36255645751953125,0.336181640625,0,256888.85717773438,255165.646484375,0,34088599552,2147483648,8424669184,0
200,1787751803480,3500,3500,3500,3500,3500,3500,3500,3500,3500,3500,3500,3500,3500,3500,3500,3500,3500,3500,3500,3500,0.6551055908203125,13.658416748046875,0.4013824462890625,0.26975250244140625,0.29547882080078125,2.9416351318359375,0.29982757568359375,0.3522796630859375,0.26136016845703125,0.22809600830078125,0.28099822998046875,2.7724838256835938,52.001609802246094,0.1468658447265625,45.20367431640625,2.71563720703125,0.3635711669921875,0.3021240234375,0.373260498046875,2.888031005859375,0,256898.30181884766,255172.9637451172,0,34088599552,2147483648,8424665088,0
200,1787751803681,3500,3500,3500,3500,3500,3500,3500,3500,3500,3500,3500,3500,3500,3500,3500,3500,3500,3500,3500,3500,0.832427978515625,12.560012817382813,2.7742691040039063,0.45676422119140625,0.3909454345703125,1.062957763671875,2.9084625244140625,0.359130859375,0.37001800537109375,0.33655548095703125,0.36107635498046875,0.3585357666015625,71.22323608398438,0.23027801513671875,22.394203186035156,0.27307891845703125,0.4630584716796875,0.455322265625,2.9644927978515625,0.44483184814453125,0,256907.51782226563,255180.05950927734,0,34088599552,2147483648,8423407616,0
200,1787751803881,3500,3500,3500,3500,3500,3500,3500,3500,3500,3500,3500,3500,3500,3500,3500,3500,3500,3500,3500,3500,3.1909408569335938,3.8866348266601563,0.35009765625,2.8783721923828125,2.8197021484375,0.25080108642578125,0.30792236328125,0.18109130859375,0.23126220703125,0.28009033203125,0.23535919189453125,0.27419281005859375,29.590782165527344,2.7097702026367188,72.59029388427734,0.12762451171875,2.9335403442382813,2.9232406616210938,0.37728118896484375,0.37003326416015625,0,256915.63513183594,255186.05004882813,0,34088599552,2147483648,8423460864,0
200,1787751804081,3500,3500,3500,3500,3500,3500,3500,3500,3500,3500,3500,3500,3500,3500,3500,3500,3500,3500,3500,3500,0.6088714599609375,3.8149490356445313,0.32971954345703125,0.37268829345703125,0.21305084228515625,3.8293380737304688,0.21274566650390625,2.844085693359375,2.7988204956054688,2.757049560546875,2.7835311889648438,0.2586669921875,27.292129516601563,0.17996978759765625,77.03436279296875,0.1317596435546875,0.30223846435546875,0.31597900390625,0.3970184326171875,0.374786376953125,0,256924.39282226563,255192.67071533203,0,34088599552,2147483648,8423460864,0
200,1787751804281,3500,3500,3500,3500,3500,3500,3500,3500,3500,3500,3500,3500,3500,3500,3500,3500,3500,3500,3500,3500,2.5228424072265625,3.9913406372070313,0.40473175048828125,0.45153045654296875,0.2734832763671875,0.3151397705078125,0.363677978515625,0.37201690673828125,0.274383544921875,0.33835601806640625,0.2758331298828125,0.3360595703125,90.81759643554688,0.1469268798828125,10.035316467285156,0.27093505859375,0.33721160888671875,0.30474853515625,0.3849029541015625,0.37506866455078125,0,256932.765625,255198.93072509766,0,34088599552,2147483648,8423460864,0
200,1787751804481,3500,3500,3500,3500,3500,3500,3500,3500,3500,3500,3500,3500,3500,3500,3500,3500,3500,3500,3500,3500,0.6420822143554688,7.7534332275390625,0.37152099609375,0.404815673828125,0.2883758544921875,2.8473663330078125,0.23632049560546875,0.2876739501953125,0.3829498291015625,0.3451690673828125,0.46425628662109375,3.0432586669921875,82.15804290771484,0.12427520751953125,21.26721954345703,2.8059921264648438,0.26641845703125,0.30948638916015625,0.37401580810546875,2.956512451171875,0,256942.2777709961,255206.59271240234,0,34088599552,2147483648,8423460864,0
200,1787751804682,3500,3500,3500,3500,3500,3500,3500,3500,3500,3500,3500,3500,3500,3500,3500,3500,3500,3500,3500,3500,0.7770004272460938,35.797813415527344,2.8187942504882813,0.29903411865234375,0.282501220703125,0.3522186279296875,2.8632431030273438,0.44720458984375,0.45005035400390625,0.39351654052734375,0.4818572998046875,0.475067138671875,57.483726501464844,0.1370849609375,14.183609008789063,0.33568572998046875,1.3410568237304688,0.25543975830078125,2.9869384765625,0.44195556640625,0,256951.58435058594,255213.572265625,0,34088599552,2147483648,8423596032,0
200,1787751804882,3500,3500,3500,3500,3500,3500,3500,3500,3500,3500,3500,3500,3500,3500,3500,3500,3500,3500,3500,3500,3.21044921875,9.307960510253906,0.3039703369140625,2.8493423461914063,2.9000930786132813,0.48145294189453125,0.43560028076171875,0.49422454833984375,0.49103546142578125,0.3987274169921875,0.5270614624023438,0.5011138916015625,24.3836669921875,2.7398223876953125,70.27570343017578,0.22353363037109375,2.8225479125976563,2.8685073852539063,0.3653411865234375,0.34732818603515625,0,256961.7339477539,255221.84649658203,0,34088599552,2147483648,8423596032,0
200,1787751805082,3500,3500,3500,3500,3500,3500,3500,3500,3500,3500,3500,3500,3500,3500,3500,3500,3500,3500,3500,3500,0.6850128173828125,6.024742126464844,0.269866943359375,0.3011932373046875,0.2971954345703125,0.40645599365234375,0.31697845458984375,2.8387680053710938,2.8828353881835938,2.8768386840820313,2.8395233154296875,0.36054229736328125,4.775611877441406,0.24564361572265625,97.00146484375,0.1225433349609375,0.28015899658203125,0.29979705810546875,0.2849578857421875,0.26407623291015625,0,256970.861328125,255228.5439453125,0,34088599552,2147483648,8423596032,0
200,1787751805283,3500,3500,3500,3500,3500,3500,3500,3500,3500,3500,3500,3500,3500,3500,3500,3500,3500,3500,3500,3500,1.0512771606445313,16.363571166992188,0.2974853515625,0.286651611328125,0.4147796630859375,0.34624481201171875,0.45021820068359375,0.338165283203125,0.2987823486328125,0.2632904052734375,0.22161865234375,0.24327850341796875,35.619361877441406,0.27736663818359375,10.772087097167969,0.2343902587890625,0.3227386474609375,0.32872772216796875,0.3939666748046875,0.36257171630859375,0,256978.69287109375,255234.21380615234,0,34088599552,2147483648,8423743488,0
200,1787751805483,3500,3500,3500,3500,3500,3500,3500,3500,3500,3500,3500,3500,3500,3500,3500,3500,3500,3500,3500,3500,0.7808685302734375,19.86370086669922,0.30853271484375,0.329498291015625,0.33243560791015625,4.558326721191406,0.38254547119140625,0.31008148193359375,0.30169677734375,0.31546783447265625,0.29685211181640625,2.8057937622070313,60.839656829833984,0.18491363525390625,28.406051635742188,2.7724075317382813,0.42696380615234375,0.41498565673828125,0.42132568359375,2.9273223876953125,0,256987.83374023438,255241.23596191406,0,34088599552,2147483648,8423743488,0
200,1787751805683,3500,3500,3500,3500,3500,3500,3500,3500,3500,3500,3500,3500,3500,3500,3500,3500,3500,3500,3500,3500,0.8480377197265625,6.4136810302734375,2.7930831909179688,0.2419891357421875,0.2869873046875,0.248931884765625,2.7555770874023438,0.18045806884765625,0.24468231201171875,0.24243927001953125,0.205078125,0.24922943115234375,100,0.08376312255859375,0.36396026611328125,0.34307861328125,0.353118896484375,0.3632049560546875,2.7810516357421875,0.2808990478515625,0,256995.7305908203,255247.015625,0,34088599552,2147483648,8423874560,0
200,1787751805884,3500,3500,3500,3500,3500,3500,3500,3500,3500,3500,3500,3500,3500,3500,3500,3500,3500,3500,3500,3500,3.122589111328125,50.48912048339844,0.4494476318359375,2.9742355346679688,2.9383544921875,0.4300384521484375,0.41326904296875,0.325347900390625,0.411376953125,0.2601776123046875,0.335723876953125,0.383331298828125,53.94683074951172,2.7735824584960938,0.8047866821289063,0.45119476318359375,2.948333740234375,2.9813690185546875,0.35693359375,0.3639678955078125,0,257006.3751220703,255255.54064941406,0,34088599552,2147483648,8423874560,0
200,1787751806084,3500,3500,3500,3500,3500,3500,3500,3500,3500,3500,3500,3500,3500,3500,3500,3500,3500,3500,3500,3500,0.8440780639648438,29.36717987060547,0.8636703491210938,0.3590240478515625,0.23198699951171875,0.22074127197265625,0.2330322265625,2.8037490844726563,2.773712158203125,2.720489501953125,2.8067474365234375,0.24233245849609375,56.927913665771484,0.1756134033203125,8.985061645507813,0.23638153076171875,5.581459045410156,0.26522064208984375,5.32818603515625,0.2731170654296875,0,257016.41088867188,255263.39459228516,0,34088599552,2147483648,8423964672,0
200,1787751806284,3500,3500,3500,3500,3500,3500,3500,3500,3500,3500,3500,3500,3500,3500,3500,3500,3500,3500,3500,3500,1.364532470703125,8.558502197265625,0.42052459716796875,0.42401885986328125,0.26981353759765625,0.2847442626953125,0.30516815185546875,0.30850982666015625,0.295379638671875,0.35974884033203125,0.27790069580078125,0.22151947021484375,10.26361083984375,0.294677734375,0.5560531616210938,0.29498291015625,0.5361251831054688,0.416229248046875,0.33208465576171875,0.30371856689453125,0,257024.16290283203,255269.03686523438,0,34088599552,2147483648,8424112128,0
200,1787751806484,3500,3500,3500,3500,3500,3500,3500,3500,3500,3500,3500,3500,3500,3500,3500,3500,3500,3500,3500,3500,1.2089004516601563,13.091339111328125,0.39304351806640625,0.40860748291015625,0.30699920654296875,2.9183883666992188,0.26760101318359375,0.313934326171875,0.471649169921875,0.3133392333984375,0.29787445068359375,2.9829788208007813,6.9899139404296875,0.29976654052734375,2.8174362182617188,2.7872543334960938,0.40386199951171875,0.4239654541015625,0.28301239013671875,2.8074569702148438,0,257031.99255371094,255274.73626708984,0,34088599552,2147483648,8424460288,0
200,1787751806685,3500,3500,3500,3500,3500,3500,3500,3500,3500,3500,3500,3500,3500,3500,3500,3500,3500,3500,3500,3500,1.420867919921875,17.93079376220703,2.8375396728515625,0.34194183349609375,0.3128814697265625,0.32616424560546875,2.7723159790039063,0.27782440185546875,0.5023040771484375,0.35617828369140625,0.3412933349609375,0.5036544799804688,10.441871643066406,0.29564666748046875,0.927154541015625,0.479034423828125,0.40361785888671875,0.39682769775390625,2.8467254638671875,0.29974365234375,0,257039.5782470703,255280.18865966797,0,34088599552,2147483648,8425476096,0
200,1787751806885,3500,3500,3500,3500,3500,3500,3500,3500,3500,3500,3500,3500,3500,3500,3500,3500,3500,3500,3500,3500,3.493621826171875,8.254989624023438,0.25360870361328125,2.8189315795898438,2.805938720703125,0.2545623779296875,0.21138763427734375,0.22608184814453125,0.47689056396484375,0.3109130859375,0.31371307373046875,0.32575225830078125,9.015419006347656,2.7504348754882813,2.7929000854492188,0.3706207275390625,3.11785888671875,2.83856201171875,0.2684478759765625,0.26560211181640625,0,257046.17266845703,255284.65435791016,0,34088599552,2147483648,8426496000,0
200,1787751807085,3500,3500,3500,3500,3500,3500,3500,3500,3500,3500,3500,3500,3500,3500,3500,3500,3500,3500,3500,3500,1.1559906005859375,16.446517944335938,0.47454071044921875,0.28400421142578125,0.36779022216796875,0.3583984375,0.2565460205078125,2.8494796752929688,2.8383407592773438,2.8751373291015625,2.8059844970703125,0.3267974853515625,11.8323974609375,0.2648773193359375,6.946311950683594,0.30123138427734375,2.1529464721679688,0.292694091796875,2.0814437866210938,0.3114166259765625,0,257054.72540283203,255291.0531616211,0,34088599552,2147483648,8428228608,0
200,1787751807285,3500,3500,3500,3500,3500,3500,3500,3500,3500,3500,3500,3500,3500,3500,3500,3500,3500,3500,3500,3500,1.4190750122070313,18.281593322753906,0.43137359619140625,0.41289520263671875,0.49230194091796875,0.3450775146484375,0.36505889892578125,0.3497772216796875,0.341888427734375,0.27721405029296875,0.28105926513671875,0.17438507080078125,8.164031982421875,0.2835540771484375,1.0397872924804688,0.47202301025390625,0.4515533447265625,0.3003387451171875,0.299285888671875,0.32575225830078125,0,257061.6934814453,255295.89685058594,0,34088599552,2147483648,8430596096,0
200,1787751807486,3500,3500,3500,3500,3500,3500,3500,3500,3500,3500,3500,3500,3500,3500,3500,3500,3500,3500,3500,3500,1.2218017578125,14.257026672363281,0.3726654052734375,0.34230804443359375,0.43972015380859375,3.54254150390625,0.41265869140625,0.36322784423828125,0.297576904296875,0.33681488037109375,0.2623748779296875,2.7427825927734375,8.317466735839844,0.29128265380859375,4.935798645019531,2.8371429443359375,0.2937774658203125,0.31240081787109375,0.30631256103515625,2.856414794921875,0,257068.9853515625,255301.0499267578,0,34088599552,2147483648,8435388416,0
199,1787751807686,3500,3500,3500,3500,3500,3500,3500,3500,3500,3500,3500,3500,3500,3500,3500,3500,3500,3500,3500,3500,1.3452529907226563,12.862594604492188,2.8036575317382813,0.3329925537109375,0.5170745849609375,0.4169158935546875,3.0519790649414063,0.444091796875,0.29108428955078125,0.3240509033203125,0.3434295654296875,0.2618560791015625,9.326065063476563,0.30191802978515625,5.277618408203125,0.28513336181640625,0.39013671875,0.40532684326171875,2.8545074462890625,0.2954254150390625,0,257077.41040039063,255307.3408203125,0,34088599552,2147483648,8438915072,0
200,1787751807886,3500,3500,3500,3500,3500,3500,3500,3500,3500,3500,3500,3500,3500,3500,3500,3500,3500,3500,3500,3500,3.6092453002929688,11.683311462402344,0.24983978271484375,2.7823028564453125,2.9209365844726563,0.31626129150390625,0.40167999267578125,0.30966949462890625,0.20845794677734375,0.19986724853515625,0.22055816650390625,0.22480010986328125,11.145942687988281,2.7221755981445313,1.16839599609375,0.1973114013671875,2.7820968627929688,2.8060379028320313,0.2606353759765625,0.22400665283203125,0,257084.97485351563,255312.7833251953,0,34088599552,2147483648,8441036800,0
201,1787751808086,3500,3500,3500,3500,3500,3500,3500,3500,3500,3500,3500,3500,3500,3500,3500,3500,3500,3500,3500,3500,1.0404205322265625,21.517593383789063,0.40146636962890625,0.37802886962890625,0.35394287109375,1.1116409301757813,0.3872528076171875,2.8512115478515625,2.898193359375,2.8096237182617188,1.2111358642578125,0.31219482421875,27.96062469482422,0.3039703369140625,12.20220947265625,0.30167388916015625,2.8003463745117188,0.311248779296875,1.7948837280273438,0.35408782958984375,0,257092.98193359375,255318.61779785156,0,34088599552,2147483648,8451993600,0
200,1787751808288,3500,3500,3500,3500,3500,3500,3500,3500,3500,3500,3500,3500,3500,3500,3500,3500,3500,3500,3500,3500,2.7762374877929688,15.6607666015625,0,0,0,0,0,0,0,0,1.526458740234375,0,6.5336456298828125,0,0.1094970703125,0.0003509521484375,0,0,0,0,0,257101.43914794922,255324.93243408203,0,34088599552,2147483648,8452456448,0
200,1787751808488,3500,3500,3500,3500,3500,3500,3500,3500,3500,3500,3500,3500,3500,3500,3500,3500,3500,3500,3500,3500,1.3930511474609375,27.590492248535156,0.6971969604492188,0.7016220092773438,0.6807403564453125,4.327476501464844,0.6519927978515625,0.676361083984375,1.120208740234375,0.7383193969726563,0.6492080688476563,3.1894683837890625,26.5867919921875,0.628875732421875,4.527229309082031,0.788787841796875,0.7513504028320313,0.7290191650390625,19.579025268554688,3.1891708374023438,0,257110.83221435547,255332.16510009766,0,34088599552,2147483648,8463159296,0
200,1787751808688,3500,3500,3500,3500,3500,3500,3500,3500,3500,3500,3500,3500,3500,3500,3500,3500,3500,3500,3500,3500,0.9069595336914063,37.744140625,2.84930419921875,0.31424713134765625,0.2265777587890625,0.30266571044921875,2.8870697021484375,0.27452850341796875,0.31923675537109375,0.28325653076171875,0.23740386962890625,0.37357330322265625,45.672237396240234,0.20871734619140625,24.331199645996094,2.7804412841796875,0.38045501708984375,0.28784942626953125,2.209686279296875,0.31095123291015625,0,257120.25103759766,255339.46728515625,0,34088599552,2147483648,8463572992,0
200,1787751808889,3500,3500,3500,3500,3500,3500,3500,3500,3500,3500,3500,3500,3500,3500,3500,3500,3500,3500,3500,3500,3.2548599243164063,15.430320739746094,0.309051513671875,2.8354568481445313,2.7326431274414063,0.715240478515625,0.2609100341796875,0.2666473388671875,0.6274871826171875,0.32871246337890625,0.31494140625,0.3946075439453125,73.12812042236328,2.6621017456054688,16.200233459472656,0.30501556396484375,2.9014129638671875,2.903656005859375,2.8101654052734375,0.274383544921875,0,257130.27697753906,255347.36169433594,0,34088599552,2147483648,8464162816,0
199,1787751809089,3500,3500,3500,3500,3500,3500,3500,3500,3500,3500,3500,3500,3500,3500,3500,3500,3500,3500,3500,3500,0.6677093505859375,41.08039474487305,0.32883453369140625,0.35420989990234375,0.19501495361328125,0.48663330078125,0.23577117919921875,2.735382080078125,5.337684631347656,2.7729949951171875,0.299560546875,0.2842254638671875,65.47752380371094,0.09920501708984375,2.3834152221679688,0.232330322265625,0.35101318359375,0.3110504150390625,0.19506072998046875,0.24835968017578125,0,257139.1727294922,255354.13214111328,0,34088599552,2147483648,8465113088,0
200,1787751809289,3500,3500,3500,3500,3500,3500,3500,3500,3500,3500,3500,3500,3500,3500,3500,3500,3500,3500,3500,3500,0.7648696899414063,43.685203552246094,0.436767578125,0.45426177978515625,0.306060791015625,0.31485748291015625,0.30631256103515625,0.34949493408203125,0.29046630859375,0.4028778076171875,2.81671142578125,0.335296630859375,61.53484344482422,0.2304840087890625,0.798309326171875,0.3261566162109375,0.45001983642578125,0.4372711181640625,0.3414459228515625,0.327850341796875,0,257147.78369140625,255360.62786865234,0,34088599552,2147483648,8465182720,0
200,1787751809490,3500,3500,3500,3500,3500,3500,3500,3500,3500,3500,3500,3500,3500,3500,3500,3500,3500,3500,3500,3500,0.816619873046875,26.3350830078125,0.4365081787109375,0.4284820556640625,0.36215972900390625,3.5102996826171875,0.426483154296875,0.27803802490234375,0.7384796142578125,0.32640838623046875,0.3253631591796875,2.8993682861328125,43.18456268310547,0.2588958740234375,30.258407592773438,0.26328277587890625,4.152793884277344,0.39810943603515625,22.530792236328125,2.8337020874023438,0,257157.1356201172,255367.83520507813,0,34088599552,2147483648,8465498112,0
200,1787751809690,3500,3500,3500,3500,3500,3500,3500,3500,3500,3500,3500,3500,3500,3500,3500,3500,3500,3500,3500,3500,0.8703384399414063,13.919776916503906,2.8135833740234375,0.319580078125,0.4703216552734375,0.5058441162109375,2.9929122924804688,0.4135589599609375,0.41181182861328125,0.25782012939453125,0.2664642333984375,0.27440643310546875,88.04005432128906,0.144500732421875,5.579254150390625,2.7904510498046875,0.43219757080078125,0.397369384765625,0.407867431640625,0.38373565673828125,0,257166.6420288086,255375.29711914063,0,34088599552,2147483648,8465514496,0
200,1787751809890,3500,3500,3500,3500,3500,3500,3500,3500,3500,3500,3500,3500,3500,3500,3500,3500,3500,3500,3500,3500,3.1539459228515625,10.654327392578125,0.26670074462890625,2.8200836181640625,2.833953857421875,0.38161468505859375,0.30048370361328125,0.31824493408203125,0.33141326904296875,0.265899658203125,0.2741851806640625,0.28271484375,43.579288482666016,2.7152023315429688,49.54129409790039,0.2132110595703125,2.8078079223632813,2.8045654296875,2.9074554443359375,0.37752532958984375,0,257176.0223388672,255382.80743408203,0,34088599552,2147483648,8465473536,0
200,1787751810090,3500,3500,3500,3500,3500,3500,3500,3500,3500,3500,3500,3500,3500,3500,3500,3500,3500,3500,3500,3500,0.606964111328125,17.944122314453125,0.28723907470703125,0.257843017578125,0.17650604248046875,0.44243621826171875,0.21936798095703125,2.8266220092773438,2.857513427734375,2.7650909423828125,0.292724609375,0.3043060302734375,74.58453369140625,0.150054931640625,15.351089477539063,0.2512054443359375,2.395263671875,0.2692718505859375,0.37032318115234375,0.33354949951171875,0,257184.49243164063,255388.8109741211,0,34088599552,2147483648,8465981440,0
200,1787751810291,3500,3500,3500,3500,3500,3500,3500,3500,3500,3500,3500,3500,3500,3500,3500,3500,3500,3500,3500,3500,0.8581161499023438,19.290817260742188,0.28369140625,0.28618621826171875,0.4674072265625,0.46860504150390625,0.4133758544921875,0.36334228515625,0.35260772705078125,0.340667724609375,2.9068222045898438,0.31195831298828125,66.17166137695313,0.18306732177734375,23.09406280517578,0.2426910400390625,0.31525421142578125,0.3029632568359375,0.23455047607421875,0.30506134033203125,0,257194.4144897461,255396.6040649414,0,34088599552,2147483648,8465977344,0
200,1787751810491,3500,3500,3500,3500,3500,3500,3500,3500,3500,3500,3500,3500,3500,3500,3500,3500,3500,3500,3500,3500,0.8506088256835938,11.94146728515625,0.3853759765625,0.35654449462890625,0.3514556884765625,3.5578689575195313,0.36043548583984375,0.33779144287109375,0.28900909423828125,0.3857269287109375,0.243316650390625,2.844329833984375,92.49299621582031,0.15293121337890625,3.2393798828125,0.3308563232421875,0.30631256103515625,0.313751220703125,0.3401336669921875,2.9102249145507813,0,257203.65338134766,255403.73962402344,0,34088599552,2147483648,8466464768,0
199,1787751810692,3500,3500,3500,3500,3500,3500,3500,3500,3500,3500,3500,3500,3500,3500,3500,3500,3500,3500,3500,3500,0.843231201171875,15.047042846679688,2.781524658203125,0.3242340087890625,0.2239532470703125,0.44211578369140625,2.7748870849609375,0.34508514404296875,0.40584564208984375,0.49629974365234375,0.371124267578125,0.48681640625,19.967971801757813,0.2626190185546875,77.58087158203125,2.7019500732421875,0.34253692626953125,0.29425048828125,0.4066009521484375,0.40914154052734375,0,257212.7177734375,255410.66485595703,0,34088599552,2147483648,8466833408,0
200,1787751810892,3500,3500,3500,3500,3500,3500,3500,3500,3500,3500,3500,3500,3500,3500,3500,3500,3500,3500,3500,3500,3.2634658813476563,21.893455505371094,0.26039886474609375,2.8303985595703125,0.27684783935546875,0.4854583740234375,0.430419921875,0.21221160888671875,0.4666595458984375,0.43426513671875,0.33678436279296875,0.47475433349609375,8.029396057128906,2.73736572265625,82.30113220214844,0.14311981201171875,9.411521911621094,2.782012939453125,2.9013900756835938,0.376678466796875,0,257222.99017333984,255418.80877685547,0,34088599552,2147483648,8466853888,0
200,1787751811092,3500,3500,3500,3500,3500,3500,3500,3500,3500,3500,3500,3500,3500,3500,3500,3500,3500,3500,3500,3500,0.774749755859375,4.078582763671875,0.29915618896484375,0.322418212890625,2.7891082763671875,0.5688705444335938,0.2940216064453125,2.8018341064453125,2.9869537353515625,2.9136886596679688,0.3821563720703125,0.42462921142578125,41.46038055419922,0.165802001953125,60.859127044677734,0.2306365966796875,0.28588104248046875,0.3289031982421875,0.36893463134765625,0.365692138671875,0,257232.15985107422,255425.86700439453,0,34088599552,2147483648,8466722816,0
200,1787751811292,3500,3500,3500,3500,3500,3500,3500,3500,3500,3500,3500,3500,3500,3500,3500,3500,3500,3500,3500,3500,0.7752227783203125,2.3515777587890625,0.30432891845703125,0.33412933349609375,0.41584014892578125,0.33941650390625,0.305328369140625,0.2928466796875,0.25116729736328125,0.29399871826171875,2.8061447143554688,0.269287109375,4.332435607910156,0.285308837890625,35.857177734375,0.274078369140625,64.51412963867188,0.20734405517578125,0.3107147216796875,0.29454803466796875,0,257242.0450439453,255433.62768554688,0,34088599552,2147483648,8466722816,0
200,1787751811493,3500,3500,3500,3500,3500,3500,3500,3500,3500,3500,3500,3500,3500,3500,3500,3500,3500,3500,3500,3500,0.7542572021484375,3.7102737426757813,0.319000244140625,0.2674407958984375,0.31984710693359375,3.3874282836914063,0.28028106689453125,0.2697906494140625,0.26544189453125,0.28647613525390625,0.2595977783203125,2.78076171875,17.31909942626953,0.22127532958984375,15.144462585449219,0.3235931396484375,70.2676773071289,0.1663665771484375,0.2708892822265625,2.8147354125976563,0,257251.47393798828,255440.9444580078,0,34088599552,2147483648,8466685952,0
199,1787751811693,3500,3500,3500,3500,3500,3500,3500,3500,3500,3500,3500,3500,3500,3500,3500,3500,3500,3500,3500,3500,0.7454986572265625,21.52338409423828,2.7518768310546875,0.28406524658203125,0.1949005126953125,0.2909088134765625,2.7953872680664063,0.341705322265625,0.2635345458984375,0.15973663330078125,0.2646331787109375,0.2118377685546875,57.50457000732422,0.154541015625,33.08409881591797,2.7114715576171875,0.6072921752929688,0.33705902099609375,0.26618194580078125,0.28646087646484375,0,257261.52252197266,255448.85766601563,0,34088599552,2147483648,8466579456,0
199,1787751811893,3500,3500,3500,3500,3500,3500,3500,3500,3500,3500,3500,3500,3500,3500,3500,3500,3500,3500,3500,3500,3.1362686157226563,11.936614990234375,0.31414794921875,0.35518646240234375,0.50433349609375,0.4055633544921875,0.5153274536132813,0.507080078125,0.37572479248046875,0.35123443603515625,0.27361297607421875,0.30699920654296875,33.53144836425781,2.7474441528320313,59.83653259277344,0.23192596435546875,2.98431396484375,2.963470458984375,2.8557586669921875,0.344085693359375,0,257270.54711914063,255455.76275634766,0,34088599552,2147483648,8466579456,0
199,1787751812093,3500,3500,3500,3500,3500,3500,3500,3500,3500,3500,3500,3500,3500,3500,3500,3500,3500,3500,3500,3500,0.5942916870117188,3.9709014892578125,0.369171142578125,2.9384613037109375,2.91522216796875,0.36437225341796875,0.4139556884765625,0.3481292724609375,2.8433990478515625,2.834503173828125,0.42864990234375,0.362823486328125,3.32177734375,0.2156219482421875,98.38871765136719,0.1173095703125,0.34447479248046875,0.335235595703125,0.296844482421875,0.280548095703125,0,257278.62225341797,255461.72912597656,0,34088599552,2147483648,8466702336,0
200,1787751812293,3500,3500,3500,3500,3500,3500,3500,3500,3500,3500,3500,3500,3500,3500,3500,3500,3500,3500,3500,3500,2.3842697143554688,12.326118469238281,0.3431549072265625,0.380645751953125,0.386688232421875,0.3360595703125,0.31252288818359375,2.826385498046875,0.457611083984375,0.45641326904296875,2.9617767333984375,0.43827056884765625,12.738800048828125,0.21981048583984375,83.3019790649414,0.13269805908203125,0.4220733642578125,0.2788848876953125,0.27169036865234375,0.28668212890625,0,257285.6841430664,255466.6776123047,0,34088599552,2147483648,8466595840,0
200,1787751812493,3500,3500,3500,3500,3500,3500,3500,3500,3500,3500,3500,3500,3500,3500,3500,3500,3500,3500,3500,3500,0.7215194702148438,4.986946105957031,0.4078216552734375,0.4089202880859375,0.4360504150390625,2.965118408203125,0.3581085205078125,0.3686065673828125,0.35581207275390625,0.41626739501953125,0.3362274169921875,2.8858795166015625,15.865653991699219,0.23606109619140625,89.19403076171875,0.14593505859375,0.7274169921875,0.288970947265625,0.32259368896484375,0.6816558837890625,0,257295.47998046875,255474.33795166016,0,34088599552,2147483648,8466649088,0
200,1787751812693,3500,3500,3500,3500,3500,3500,3500,3500,3500,3500,3500,3500,3500,3500,3500,3500,3500,3500,3500,3500,0.88433837890625,12.577728271484375,2.8496627807617188,0.353485107421875,0.47339630126953125,0.34279632568359375,2.9442977905273438,0.437774658203125,0.3450927734375,0.39794921875,0.311767578125,0.330352783203125,2.307220458984375,0.29093170166015625,94.66934204101563,2.6901321411132813,0.33100128173828125,0.3343963623046875,0.32331085205078125,2.468353271484375,0,257303.8165283203,255480.55126953125,0,34088599552,2147483648,8466571264,0
200,1787751812894,3500,3500,3500,3500,3500,3500,3500,3500,3500,3500,3500,3500,3500,3500,3500,3500,3500,3500,3500,3500,0.6331329345703125,40.98793411254883,0.2850189208984375,0.2614593505859375,0.2846221923828125,0.2857208251953125,0.34222412109375,0.2357025146484375,0.25217437744140625,0.2577667236328125,0.28607177734375,0.24459075927734375,37.55127716064453,2.6907196044921875,24.866897583007813,0.2946014404296875,2.828033447265625,2.78350830078125,2.8210983276367188,0.25102996826171875,0,257312.7481689453,255487.35418701172,0,34088599552,2147483648,8466554880,0
200,1787751813094,3500,3500,3500,3500,3500,3500,3500,3500,3500,3500,3500,3500,3500,3500,3500,3500,3500,3500,3500,3500,3.2100830078125,20.200897216796875,0.29886627197265625,2.8089370727539063,2.8028945922851563,0.2353668212890625,0.27146148681640625,0.2622222900390625,0.25878143310546875,2.7788848876953125,0.3050079345703125,0.25543212890625,19.25872039794922,0.2016754150390625,69.51490783691406,0.16468048095703125,0.33769989013671875,0.34423828125,0.2991180419921875,0.2982635498046875,0,257321.51446533203,255493.99072265625,0,34088599552,2147483648,8466477056,0
200,1787751813294,3500,3500,3500,3500,3500,3500,3500,3500,3500,3500,3500,3500,3500,3500,3500,3500,3500,3500,3500,3500,0.7759246826171875,10.52618408203125,0.3468017578125,0.31523895263671875,0.2574462890625,0.308990478515625,0.3254241943359375,2.7778396606445313,2.8102035522460938,0.3255767822265625,2.873291015625,0.2410125732421875,48.039573669433594,0.18711090087890625,47.84751510620117,0.24311065673828125,0.38042449951171875,0.36568450927734375,0.30120086669921875,0.31743621826171875,0,257330.23223876953,255500.5772705078,0,34088599552,2147483648,8466456576,0
199,1787751813495,3500,3500,3500,3500,3500,3500,3500,3500,3500,3500,3500,3500,3500,3500,3500,3500,3500,3500,3500,3500,0.84027099609375,12.07403564453125,0.33249664306640625,0.312896728515625,0.284210205078125,3.5985107421875,0.28571319580078125,0.17852020263671875,0.31912994384765625,0.2910003662109375,0.2413177490234375,2.7461700439453125,39.5334587097168,0.16944122314453125,54.19464111328125,0.20684814453125,0.5294723510742188,0.5027847290039063,0.2677001953125,0.28481292724609375,0,257340.0955810547,255508.31280517578,0,34088599552,2147483648,8466358272,0
200,1787751813695,3500,3500,3500,3500,3500,3500,3500,3500,3500,3500,3500,3500,3500,3500,3500,3500,3500,3500,3500,3500,0.848297119140625,24.899368286132813,2.9270782470703125,0.40943145751953125,0.4567108154296875,0.42832183837890625,3.0159530639648438,0.46021270751953125,0.33489990234375,0.30965423583984375,0.26287078857421875,0.3562469482421875,14.522018432617188,0.230682373046875,61.948509216308594,2.7443313598632813,8.290878295898438,0.48370361328125,0.32410430908203125,2.81561279296875,0,257348.29150390625,255514.3910522461,0,34088599552,2147483648,8466153472,0
199,1787751813895,3500,3500,3500,3500,3500,3500,3500,3500,3500,3500,3500,3500,3500,3500,3500,3500,3500,3500,3500,3500,0.6816558837890625,22.673789978027344,0.37966156005859375,0.37223052978515625,0.27490997314453125,0.304443359375,0.29471588134765625,0.26747894287109375,0.465362548828125,0.36260223388671875,0.4627685546875,0.4490509033203125,30.147003173828125,2.7047882080078125,51.67521667480469,0.17469024658203125,19.01367950439453,2.879180908203125,4.42462158203125,0.301300048828125,0,257359.28161621094,255523.24114990234,0,34088599552,2147483648,8465973248,0
200,1787751814095,3500,3500,3500,3500,3500,3500,3500,3500,3500,3500,3500,3500,3500,3500,3500,3500,3500,3500,3500,3500,3.2533950805664063,12.046401977539063,0.41876220703125,2.9486312866210938,2.9886093139648438,0.5411605834960938,0.5021743774414063,0.40631866455078125,0.523712158203125,2.9650726318359375,0.5294113159179688,0.5040740966796875,44.400360107421875,0.27178192138671875,50.94637680053711,0.22629547119140625,0.386077880859375,0.404266357421875,0.375732421875,0.41996002197265625,0,257368.14373779297,255529.9765625,0,34088599552,2147483648,8466083840,0
200,1787751814296,3500,3500,3500,3500,3500,3500,3500,3500,3500,3500,3500,3500,3500,3500,3500,3500,3500,3500,3500,3500,0.6813812255859375,11.774085998535156,0.34258270263671875,0.3047637939453125,0.4642333984375,0.546905517578125,0.5017013549804688,2.9305877685546875,2.9558868408203125,0.44995880126953125,2.947601318359375,0.39013671875,92.99665832519531,0.166351318359375,91.7129898071289,0.13466644287109375,2.68719482421875,0.26569366455078125,0.486236572265625,0.41184234619140625,0,257381.04998779297,255540.72216796875,0,34088599552,2147483648,8479154176,0
200,1787751814496,3500,3500,3500,3500,3500,3500,3500,3500,3500,3500,3500,3500,3500,3500,3500,3500,3500,3500,3500,3500,0.83978271484375,21.03936004638672,0.30422210693359375,0.31036376953125,0.32878875732421875,3.3597412109375,0.34392547607421875,0.26236724853515625,0.4367218017578125,0.461700439453125,0.37609100341796875,2.9342041015625,65.40499114990234,0.1625213623046875,18.701255798339844,0.2954254150390625,23.52655029296875,0.263763427734375,16.026161193847656,0.3039703369140625,0,257389.845703125,255547.32775878906,0,34088599552,2147483648,8481374208,0
200,1787751814696,3500,3500,3500,3500,3500,3500,3500,3500,3500,3500,3500,3500,3500,3500,3500,3500,3500,3500,3500,3500,0.9269866943359375,29.236106872558594,2.8500137329101563,0.37146759033203125,0.301116943359375,1.93316650390625,2.8375778198242188,0.3129119873046875,0.520751953125,0.4043426513671875,0.42977142333984375,0.48677825927734375,71.62098693847656,0.189605712890625,20.92267608642578,2.756988525390625,29.573196411132813,0.2805328369140625,7.823310852050781,2.8290328979492188,0,257400.9405517578,255556.23010253906,0,34088599552,2147483648,8481730560,0
200,1787751814896,3500,3500,3500,3500,3500,3500,3500,3500,3500,3500,3500,3500,3500,3500,3500,3500,3500,3500,3500,3500,0.9813232421875,29.233688354492188,0.28525543212890625,0.3573150634765625,0.22412109375,0.35576629638671875,0.26149749755859375,0.30841064453125,0.48651885986328125,0.41156005859375,0.43172454833984375,0.46994781494140625,82.68032836914063,2.7381668090820313,31.691543579101563,0.21149444580078125,2.8195571899414063,2.8979110717773438,2.8384246826171875,0.30606842041015625,0,257409.89428710938,255563.01837158203,0,34088599552,2147483648,8482664448,0
199,1787751815097,3500,3500,3500,3500,3500,3500,3500,3500,3500,3500,3500,3500,3500,3500,3500,3500,3500,3500,3500,3500,3.3143844604492188,32.47254943847656,0.31565093994140625,2.8291397094726563,2.8152999877929688,0.236846923828125,0.340484619140625,0.30510711669921875,0.485443115234375,2.93048095703125,0.42243194580078125,0.4991302490234375,71.90745544433594,0.1785888671875,49.806373596191406,0.22635650634765625,1.120086669921875,0.38730621337890625,0.30950164794921875,0.3634185791015625,0,257419.9779663086,255570.8917236328,0,34088599552,2147483648,8488210432,0
200,1787751815297,3500,3500,3500,3500,3500,3500,3500,3500,3500,3500,3500,3500,3500,3500,3500,3500,3500,3500,3500,3500,0.8211898803710938,29.002349853515625,0.30301666259765625,0.28267669677734375,0.25023651123046875,6.798088073730469,0.34059906005859375,2.8136520385742188,2.917510986328125,0.301666259765625,2.8688812255859375,0.34439849853515625,66.48724365234375,0.18726348876953125,16.46710205078125,0.21370697021484375,25.951400756835938,0.292266845703125,21.451400756835938,0.29737091064453125,0,257430.93280029297,255579.65008544922,0,34088599552,2147483648,8486236160,0
200,1787751815497,3500,3500,3500,3500,3500,3500,3500,3500,3500,3500,3500,3500,3500,3500,3500,3500,3500,3500,3500,3500,0.7260589599609375,28.343780517578125,0.2852630615234375,0.35691070556640625,0.35631561279296875,0.7260589599609375,0.35372161865234375,0.389068603515625,0.27312469482421875,0.301788330078125,0.30208587646484375,2.864349365234375,70.83573913574219,0.21530914306640625,64.89707946777344,0.176910400390625,0.6009292602539063,0.318115234375,0.3543701171875,0.35706329345703125,0,257443.15307617188,255589.70275878906,0,34088599552,2147483648,8489033728,0
200,1787751815697,3500,3500,3500,3500,3500,3500,3500,3500,3500,3500,3500,3500,3500,3500,3500,3500,3500,3500,3500,3500,0.712677001953125,41.708866119384766,2.789520263671875,0.30289459228515625,0.21578216552734375,21.075408935546875,2.8217849731445313,0.23091888427734375,0.74114990234375,0.2632293701171875,0.1822662353515625,0.30938720703125,33.78700256347656,0.21947479248046875,66.9904556274414,2.664642333984375,0.33795928955078125,0.3035888671875,0.28006744384765625,2.8219833374023438,0,257451.4653930664,255595.81048583984,0,34088599552,2147483648,8490037248,0
200,1787751815897,3500,3500,3500,3500,3500,3500,3500,3500,3500,3500,3500,3500,3500,3500,3500,3500,3500,3500,3500,3500,0.67742919921875,13.613319396972656,0.2686614990234375,0.29972076416015625,0.24874114990234375,0.18888092041015625,0.36412811279296875,0.25572967529296875,0.33257293701171875,0.2335662841796875,0.30721282958984375,0.3268280029296875,48.533477783203125,2.7289886474609375,86.36775207519531,0.15732574462890625,0.32617950439453125,2.8832168579101563,2.8181076049804688,0.26871490478515625,0,257461.31121826172,255603.4927368164,0,34088599552,2147483648,8490885120,0
200,1787751816098,3500,3500,3500,3500,3500,3500,3500,3500,3500,3500,3500,3500,3500,3500,3500,3500,3500,3500,3500,3500,3.1989364624023438,16.763526916503906,0.34915924072265625,2.8394927978515625,2.8409881591796875,0.40207672119140625,0.29863739013671875,0.3174591064453125,0.5055618286132813,0.4076690673828125,0.5260848999023438,0.3820037841796875,56.193660736083984,0.27407073974609375,33.942901611328125,0.21926116943359375,54.32645797729492,0.2867584228515625,0.5936279296875,0.34142303466796875,0,257472.50439453125,255612.48046875,0,34088599552,2147483648,8491958272,0
200,1787751816298,3500,3500,3500,3500,3500,3500,3500,3500,3500,3500,3500,3500,3500,3500,3500,3500,3500,3500,3500,3500,2.6343460083007813,21.562545776367188,0.25003814697265625,0.29738616943359375,0.23929595947265625,0.238250732421875,0.22187042236328125,2.7923812866210938,2.8230972290039063,2.8460235595703125,2.8391799926757813,0.29034423828125,73.30622100830078,0.17182159423828125,5.8856964111328125,0.1836090087890625,33.113616943359375,0.24524688720703125,22.868728637695313,0.250640869140625,0,257481.40087890625,255619.18688964844,0,34088599552,2147483648,8491413504,0
200,1787751816498,3500,3500,3500,3500,3500,3500,3500,3500,3500,3500,3500,3500,3500,3500,3500,3500,3500,3500,3500,3500,0.5990371704101563,7.053802490234375,0.35088348388671875,0.30074310302734375,0.275421142578125,0.3458404541015625,0.3127288818359375,0.28650665283203125,0.3310546875,0.26802825927734375,0.3061370849609375,0.337799072265625,47.8710823059082,0.20665740966796875,1.5309295654296875,0.27092742919921875,0.4730377197265625,0.25629425048828125,100,0.12779998779296875,0,257492.01361083984,255627.62036132813,0,34088599552,2147483648,8492617728,0
199,1787751816699,3500,3500,3500,3500,3500,3500,3500,3500,3500,3500,3500,3500,3500,3500,3500,3500,3500,3500,3500,3500,0.47298431396484375,18.127174377441406,2.7072982788085938,0.18767547607421875,0,2.5055465698242188,0,0,0.12054443359375,0.1511383056640625,0.035888671875,2.5820693969726563,55.61410903930664,0,45.78428649902344,2.3909912109375,8.5972900390625,0,33.71581268310547,2.4639205932617188,0,257500.47888183594,255633.87841796875,0,34088599552,2147483648,8493948928,0
200,1787751816899,3500,3500,3500,3500,3500,3500,3500,3500,3500,3500,3500,3500,3500,3500,3500,3500,3500,3500,3500,3500,0.9726409912109375,9.600311279296875,0.6418838500976563,0.6406402587890625,0.6689910888671875,0.6144256591796875,3.1720962524414063,0.7180709838867188,0.7801589965820313,0.7506561279296875,0.7118453979492188,0.6901168823242188,43.72237014770508,0.5768585205078125,73.18939971923828,0.5069961547851563,25.900344848632813,3.0594863891601563,4.843780517578125,0.594696044921875,0,257509.8038330078,255641.02044677734,0,34088599552,2147483648,8496680960,0
200,1787751817099,3500,3500,3500,3500,3500,3500,3500,3500,3500,3500,3500,3500,3500,3500,3500,3500,3500,3500,3500,3500,3.0798187255859375,23.76483154296875,0.2673797607421875,2.8040542602539063,2.9891433715820313,0.45586395263671875,0.3957977294921875,0.33003997802734375,0.48462677001953125,0.32415008544921875,0.42730712890625,0.342926025390625,75.28394317626953,2.6869659423828125,83.18466186523438,0.12442779541015625,3.80291748046875,0.2617340087890625,0.404388427734375,0.3756256103515625,0,257522.12200927734,255651.85626220703,0,34088599552,2147483648,8512307200,0
200,1787751817300,3500,3500,3500,3500,3500,3500,3500,3500,3500,3500,3500,3500,3500,3500,3500,3500,3500,3500,3500,3500,0.6730728149414063,53.10084533691406,0.394927978515625,0.4114532470703125,0.455535888671875,0.455291748046875,0.45523834228515625,2.9688873291015625,2.9976425170898438,2.9503631591796875,2.9662933349609375,0.4748077392578125,97.79814910888672,0.24034881591796875,7.639251708984375,0.3358154296875,38.83002853393555,0.37575531005859375,0.5066604614257813,0.49472808837890625,0,257534.90673828125,255662.09594726563,0,34088599552,2147483648,8510267392,0
200,1787751817500,3500,3500,3500,3500,3500,3500,3500,3500,3500,3500,3500,3500,3500,3500,3500,3500,3500,3500,3500,3500,0.5945892333984375,19.815475463867188,0.28376007080078125,0.2761688232421875,0.41248321533203125,11.724075317382813,0.33893585205078125,0.29109954833984375,0.7809829711914063,0.27991485595703125,0.229888916015625,0.285858154296875,68.03598022460938,0.180999755859375,23.492996215820313,0.224639892578125,59.35004806518555,0.19997406005859375,9.53826904296875,0.29779052734375,0,257545.14288330078,255669.88287353516,0,34088599552,2147483648,8511275008,0
199,1787751817700,3500,3500,3500,3500,3500,3500,3500,3500,3500,3500,3500,3500,3500,3500,3500,3500,3500,3500,3500,3500,0.7313766479492188,11.849754333496094,2.814361572265625,0.274017333984375,0.3395843505859375,7.748649597167969,0.4227294921875,0.36583709716796875,0.301910400390625,0.2481689453125,0.22097015380859375,2.8371734619140625,67.99278259277344,0.20415496826171875,4.337944030761719,2.8150100708007813,49.50117111206055,0.22765350341796875,34.57905578613281,2.7675552368164063,0,257555.18658447266,255677.6630859375,0,34088599552,2147483648,8513232896,0
200,1787751817900,3500,3500,3500,3500,3500,3500,3500,3500,3500,3500,3500,3500,3500,3500,3500,3500,3500,3500,3500,3500,0.6568069458007813,21.11803436279297,0.29933929443359375,0.3156280517578125,0.38950347900390625,0.529052734375,2.9295501708984375,0.35591888427734375,0.271697998046875,0.2644500732421875,0.3333740234375,0.30188751220703125,76.63191223144531,0.18408203125,2.71063232421875,0.26760101318359375,48.751468658447266,0.2069244384765625,30.881568908691406,0.25894927978515625,0,257567.82501220703,255688.13513183594,0,34088599552,2147483648,8522252288,0
200,1787751818101,3500,3500,3500,3500,3500,3500,3500,3500,3500,3500,3500,3500,3500,3500,3500,3500,3500,3500,3500,3500,3.1173782348632813,8.24334716796875,0.2733917236328125,2.78302001953125,2.8010406494140625,0.3214263916015625,0.26325225830078125,0.26859283447265625,0.2585601806640625,0.327667236328125,0.17731475830078125,0.308837890625,67.64445495605469,2.7373275756835938,78.44921112060547,0.12433624267578125,25.843955993652344,2.75885009765625,0.3890838623046875,0.37105560302734375,0,257577.1112060547,255695.23309326172,0,34088599552,2147483648,8527306752,0
200,1787751818301,3500,3500,3500,3500,3500,3500,3500,3500,3500,3500,3500,3500,3500,3500,3500,3500,3500,3500,3500,3500,1.4710617065429688,16.5516357421875,2.0942611694335938,0.4005279541015625,0.3687896728515625,2.6641616821289063,0.45806884765625,2.9546051025390625,8.356986999511719,2.9287567138671875,2.851348876953125,0.437652587890625,69.11160278320313,0.26923370361328125,82.63926696777344,0.2433319091796875,26.842697143554688,0.3267669677734375,1.33038330078125,0.4255828857421875,0,257589.09002685547,255705.00909423828,0,34088599552,2147483648,8527081472,0
199,1787751818501,3500,3500,3500,3500,3500,3500,3500,3500,3500,3500,3500,3500,3500,3500,3500,3500,3500,3500,3500,3500,0.5501785278320313,11.484748840332031,0.41442108154296875,0.376373291015625,0.2474517822265625,1.9607620239257813,0.2448577880859375,0.247650146484375,19.62572479248047,0.23317718505859375,0.2661285400390625,0.2806549072265625,48.46337127685547,0.2234344482421875,95.75563049316406,0.12831878662109375,0.3108673095703125,0.29903411865234375,0.29468536376953125,0.31201171875,0,257601.04681396484,255714.78448486328,0,34088599552,2147483648,8528171008,0
200,1787751818701,3500,3500,3500,3500,3500,3500,3500,3500,3500,3500,3500,3500,3500,3500,3500,3500,3500,3500,3500,3500,0.7270736694335938,10.029716491699219,0.30014801025390625,0.32999420166015625,0.3246917724609375,2.7798538208007813,0.32059478759765625,0.29850006103515625,0.2569580078125,0.35063934326171875,0.23830413818359375,2.8575439453125,57.49616622924805,0.21601104736328125,63.78099822998047,2.7135696411132813,6.9161224365234375,0.29024505615234375,31.864227294921875,2.78570556640625,0,257610.7537841797,255722.30828857422,0,34088599552,2147483648,8535945216,0
201,1787751818902,3500,3500,3500,3500,3500,3500,3500,3500,3500,3500,3500,3500,3500,3500,3500,3500,3500,3500,3500,3500,0.5904312133789063,9.214698791503906,2.8640670776367188,0.279083251953125,0.21630859375,0.42931365966796875,2.7654266357421875,0.2836761474609375,0.279632568359375,0.25720977783203125,0.287628173828125,0.25206756591796875,75.6395034790039,0.1880340576171875,99.98126983642578,0.13494873046875,3.5675735473632813,0.2779388427734375,2.9238510131835938,0.364990234375,0,257621.3543701172,255730.69635009766,0,34088599552,2147483648,8528617472,0
199,1787751819103,3500,3500,3500,3500,3500,3500,3500,3500,3500,3500,3500,3500,3500,3500,3500,3500,3500,3500,3500,3500,2.5851287841796875,23.451156616210938,0,2.2840423583984375,2.159423828125,2.5356597900390625,0.02828216552734375,0,16.570556640625,0,0,0,82.56510162353516,2.0666885375976563,51.23895263671875,0,3.0412063598632813,2.1851119995117188,0.28244781494140625,0,0,257633.46600341797,255740.6094970703,0,34088599552,2147483648,8528793600,0
200,1787751819303,3500,3500,3500,3500,3500,3500,3500,3500,3500,3500,3500,3500,3500,3500,3500,3500,3500,3500,3500,3500,1.4451904296875,29.497299194335938,1.00897216796875,0.9740676879882813,0.9267349243164063,0.9463272094726563,0.9577102661132813,3.44622802734375,3.428680419921875,3.4091873168945313,3.430023193359375,0.9686508178710938,58.56737518310547,0.8404769897460938,33.81114959716797,0.8478851318359375,13.277900695800781,0.9264373779296875,0.9822235107421875,0.9626846313476563,0,257644.3575439453,255749.34002685547,0,34088599552,2147483648,8529600512,0
200,1787751819503,3500,3500,3500,3500,3500,3500,3500,3500,3500,3500,3500,3500,3500,3500,3500,3500,3500,3500,3500,3500,0.6105422973632813,7.565742492675781,0.3806304931640625,0.35170745849609375,0.31583404541015625,0.3908233642578125,0.246795654296875,0.24489593505859375,0.3027496337890625,0.36519622802734375,0.3005523681640625,0.2465972900390625,29.912269592285156,0.23410797119140625,7.7632293701171875,0.23795318603515625,92.14344787597656,0.14048004150390625,0.29315185546875,0.29959869384765625,0,257654.71936035156,255757.52935791016,0,34088599552,2147483648,8531550208,0
200,1787751819703,3500,3500,3500,3500,3500,3500,3500,3500,3500,3500,3500,3500,3500,3500,3500,3500,3500,3500,3500,3500,0.8953094482421875,17.57457733154297,0.31514739990234375,0.3153533935546875,0.32918548583984375,3.5427780151367188,0.29666900634765625,0.3620452880859375,0.32129669189453125,0.31729888916015625,0.2938232421875,2.9190139770507813,42.77790069580078,0.2561187744140625,15.797698974609375,2.7564468383789063,38.59563446044922,0.2504730224609375,28.230873107910156,2.7992019653320313,0,257663.7261352539,255764.35498046875,0,34088599552,2147483648,8529149952,0
200,1787751819904,3500,3500,3500,3500,3500,3500,3500,3500,3500,3500,3500,3500,3500,3500,3500,3500,3500,3500,3500,3500,0.59783935546875,20.278762817382813,2.8444442749023438,0.3137054443359375,0.35846710205078125,0.6484451293945313,2.89324951171875,0.4056243896484375,0.27509307861328125,0.32804107666015625,0.3306427001953125,0.306365966796875,32.59910583496094,0.2354278564453125,57.800514221191406,0.177886962890625,26.87110137939453,0.21999359130859375,2.858428955078125,0.2724456787109375,0,257675.36297607422,255773.8067626953,0,34088599552,2147483648,8529432576,0
200,1787751820104,3500,3500,3500,3500,3500,3500,3500,3500,3500,3500,3500,3500,3500,3500,3500,3500,3500,3500,3500,3500,3.2511978149414063,31.75127410888672,0.31818389892578125,2.8361892700195313,2.9195022583007813,0.43502044677734375,0.45652008056640625,0.39231109619140625,0.2466888427734375,0.2286834716796875,0.347015380859375,0.306304931640625,31.099700927734375,2.7044830322265625,28.882308959960938,0.21077728271484375,38.38502883911133,2.7439498901367188,0.31319427490234375,0.28176116943359375,0,257686.00451660156,255782.28088378906,0,34088599552,2147483648,8528502784,0
200,1787751820304,3500,3500,3500,3500,3500,3500,3500,3500,3500,3500,3500,3500,3500,3500,3500,3500,3500,3500,3500,3500,2.7365875244140625,15.587188720703125,0.32970428466796875,0.2943878173828125,0.2943878173828125,0.5239181518554688,0.2464447021484375,2.8297271728515625,2.8081283569335938,2.8548202514648438,2.8446426391601563,0.2536773681640625,61.642452239990234,0.21227264404296875,25.598487854003906,0.19730377197265625,31.85265350341797,0.26984405517578125,0.28340911865234375,0.33115386962890625,0,257695.76202392578,255789.8589477539,0,34088599552,2147483648,8529346560,0
200,1787751820505,3500,3500,3500,3500,3500,3500,3500,3500,3500,3500,3500,3500,3500,3500,3500,3500,3500,3500,3500,3500,0.7039794921875,11.416557312011719,16.37010955810547,0.30913543701171875,0.31697845458984375,1.1586685180664063,0.33560943603515625,0.25598907470703125,1.0662155151367188,0.2643280029296875,0.36173248291015625,0.27886199951171875,44.166622161865234,0.21707916259765625,6.842674255371094,0.24265289306640625,20.047012329101563,0.24849700927734375,59.35978317260742,0.22217559814453125,0,257707.6290283203,255799.50701904297,0,34088599552,2147483648,8529580032,0
199,1787751820705,3500,3500,3500,3500,3500,3500,3500,3500,3500,3500,3500,3500,3500,3500,3500,3500,3500,3500,3500,3500,0.8975601196289063,15.387855529785156,0.28375244140625,0.26210784912109375,0.27767181396484375,5.922996520996094,0.2763214111328125,0.25951385498046875,0.28031158447265625,0.2544708251953125,0.2646484375,2.7480621337890625,49.52442932128906,0.167022705078125,30.390335083007813,2.7661666870117188,39.366798400878906,0.2333221435546875,0.30620574951171875,2.8171539306640625,0,257717.88708496094,255807.60443115234,0,34088599552,2147483648,8529825792,0
200,1787751820905,3500,3500,3500,3500,3500,3500,3500,3500,3500,3500,3500,3500,3500,3500,3500,3500,3500,3500,3500,3500,0.7455520629882813,18.026390075683594,2.8220901489257813,0.33158111572265625,0.27448272705078125,0.27727508544921875,2.8524093627929688,0.3702545166015625,0.29926300048828125,0.32953643798828125,0.2514495849609375,0.31689453125,47.07154846191406,0.23751068115234375,68.55287170410156,0.1912994384765625,0.5790328979492188,0.3305816650390625,2.8923797607421875,0.2921142578125,0,257728.48217773438,255816.02734375,0,34088599552,2147483648,8530100224,0
199,1787751821106,3500,3500,3500,3500,3500,3500,3500,3500,3500,3500,3500,3500,3500,3500,3500,3500,3500,3500,3500,3500,3.1499481201171875,7.8172607421875,0.2937469482421875,2.8046722412109375,2.7689132690429688,0.31723785400390625,0.2713470458984375,0.3026275634765625,0.31459808349609375,0.2802276611328125,0.25858306884765625,0.27738189697265625,29.68488311767578,2.7318038940429688,4.746971130371094,0.257232666015625,84.88932800292969,2.6782302856445313,10.259452819824219,0.25543975830078125,0,257737.7276611328,255823.09356689453,0,34088599552,2147483648,8530288640,0
200,1787751821306,3500,3500,3500,3500,3500,3500,3500,3500,3500,3500,3500,3500,3500,3500,3500,3500,3500,3500,3500,3500,0.9833831787109375,20.048812866210938,0.31317901611328125,0.29279327392578125,0.30113983154296875,0.22516632080078125,0.2729949951171875,2.802642822265625,2.8259353637695313,2.8180389404296875,1.9162826538085938,0.301239013671875,62.434173583984375,0.181732177734375,12.518295288085938,0.2778472900390625,43.74769973754883,0.234161376953125,0.6887893676757813,0.276397705078125,0,257747.24810791016,255830.4044189453,0,34088599552,2147483648,8531939328,0
200,1787751821507,3500,3500,3500,3500,3500,3500,3500,3500,3500,3500,3500,3500,3500,3500,3500,3500,3500,3500,3500,3500,0.33567047119140625,21.7833251953125,0,0,0,0.7645721435546875,0,0,2.2643203735351563,0,0.36032867431640625,0,84.97894287109375,0,16.42791748046875,0,6.834449768066406,0,0,0,0,257756.71661376953,255838.18878173828,0,34088599552,2147483648,8531288064,0
200,1787751821707,3500,3500,3500,3500,3500,3500,3500,3500,3500,3500,3500,3500,3500,3500,3500,3500,3500,3500,3500,3500,1.2978286743164063,16.280471801757813,0.6928482055664063,0.6643447875976563,0.6819992065429688,4.016563415527344,0.6696929931640625,0.6457901000976563,0.61077880859375,0.7220077514648438,0.6467361450195313,3.158966064453125,62.040191650390625,0.5803680419921875,56.557701110839844,3.121856689453125,0.6841506958007813,0.7322616577148438,0.6788482666015625,3.1889724731445313,0,257766.9461669922,255845.7645263672,0,34088599552,2147483648,8531218432,0
200,1787751821907,3500,3500,3500,3500,3500,3500,3500,3500,3500,3500,3500,3500,3500,3500,3500,3500,3500,3500,3500,3500,0.6223373413085938,15.591636657714844,2.803802490234375,0.27901458740234375,0.27606201171875,0.2593231201171875,2.7981033325195313,0.23477935791015625,0.28940582275390625,0.2446746826171875,0.3094940185546875,0.29900360107421875,49.85771942138672,0.19985198974609375,69.12527465820313,0.1594696044921875,0.6902084350585938,0.29560089111328125,0.27001190185546875,0.2773590087890625,0,257776.84405517578,255853.48919677734,0,34088599552,2147483648,8531091456,0
200,1787751822108,3500,3500,3500,3500,3500,3500,3500,3500,3500,3500,3500,3500,3500,3500,3500,3500,3500,3500,3500,3500,3.2462615966796875,20.903465270996094,0.317169189453125,2.8856124877929688,2.8526153564453125,0.3677825927734375,0.3134765625,0.307281494140625,0.3935394287109375,0.36328887939453125,0.3526611328125,0.36089324951171875,51.51750564575195,2.7516403198242188,50.337982177734375,0.20470428466796875,4.804847717285156,2.841339111328125,37.653541564941406,0.2894134521484375,0,257789.06146240234,255863.62438964844,0,34088599552,2147483648,8538099712,0
200,1787751822308,3500,3500,3500,3500,3500,3500,3500,3500,3500,3500,3500,3500,3500,3500,3500,3500,3500,3500,3500,3500,0.7622146606445313,17.09033966064453,0.341094970703125,0.32691192626953125,0.27825927734375,0.8303909301757813,0.28780364990234375,2.8298263549804688,3.3029861450195313,2.9445571899414063,0.37786102294921875,0.38135528564453125,57.51251220703125,0.205841064453125,83.81617736816406,0.162628173828125,5.663948059082031,0.3233642578125,0.5983352661132813,0.32781219482421875,0,257801.3042602539,255873.7442626953,0,34088599552,2147483648,8536375296,0
200,1787751822508,3500,3500,3500,3500,3500,3500,3500,3500,3500,3500,3500,3500,3500,3500,3500,3500,3500,3500,3500,3500,0.6367874145507813,9.01904296875,0.2868194580078125,0.2973480224609375,0.23635101318359375,11.297370910644531,0.2689666748046875,0.28203582763671875,21.909278869628906,0.2073211669921875,2.7789077758789063,0.24727630615234375,49.42685317993164,0.2063751220703125,5.755165100097656,0.20587921142578125,91.15446472167969,0.13460540771484375,0.3222808837890625,0.2940521240234375,0,257810.92810058594,255881.599609375,0,34088599552,2147483648,8539426816,0
200,1787751822709,3500,3500,3500,3500,3500,3500,3500,3500,3500,3500,3500,3500,3500,3500,3500,3500,3500,3500,3500,3500,0.46492767333984375,66.48995971679688,0.30158233642578125,0.26416778564453125,0.1689300537109375,39.24760818481445,0.224456787109375,0.2603759765625,65.11428833007813,0.1835479736328125,0.15535736083984375,2.718658447265625,21.213729858398438,0.24231719970703125,20.727500915527344,0.21832275390625,0.6720199584960938,0.3447418212890625,0.2740478515625,2.8090133666992188,0,257822.43103027344,255890.4448852539,0,34088599552,2147483648,8544665600,0
200,1787751822909,3500,3500,3500,3500,3500,3500,3500,3500,3500,3500,3500,3500,3500,3500,3500,3500,3500,3500,3500,3500,0.5092620849609375,4.80474853515625,2.9707870483398438,0.4542999267578125,0.24358367919921875,54.7039794921875,10.2122802734375,0.18119049072265625,39.95781707763672,0.1927642822265625,0.20493316650390625,0.238250732421875,31.69635772705078,0.2126617431640625,69.46031951904297,2.70660400390625,0.7198333740234375,0.328521728515625,0.3090667724609375,0.29685211181640625,0,257831.89013671875,255897.75604248047,0,34088599552,2147483648,8551514112,0
200,1787751823110,3500,3500,3500,3500,3500,3500,3500,3500,3500,3500,3500,3500,3500,3500,3500,3500,3500,3500,3500,3500,3.0951309204101563,8.720451354980469,0.5038223266601563,3.0406112670898438,2.6928482055664063,35.72601318359375,7.1725921630859375,0.25311279296875,58.52295684814453,0.17717742919921875,0.1726837158203125,0.23783111572265625,2.9758148193359375,2.8065185546875,92.90428924560547,0.13878631591796875,3.2578277587890625,2.8211517333984375,2.8341293334960938,0.29199981689453125,0,257843.72955322266,255907.4326171875,0,34088599552,2147483648,8565694464,0
200,1787751823310,3500,3500,3500,3500,3500,3500,3500,3500,3500,3500,3500,3500,3500,3500,3500,3500,3500,3500,3500,3500,0.5182342529296875,16.982025146484375,0.3972320556640625,0.40845489501953125,0.2238006591796875,47.16383361816406,0.24993896484375,2.7201004028320313,54.45246505737305,2.7449874877929688,0.17881011962890625,0.17781829833984375,36.36423873901367,0.222259521484375,50.49708557128906,0.21776580810546875,0.364410400390625,0.29084014892578125,0.289794921875,0.31493377685546875,0,257853.27502441406,255914.84130859375,0,34088599552,2147483648,8572272640,0
200,1787751823510,3500,3500,3500,3500,3500,3500,3500,3500,3500,3500,3500,3500,3500,3500,3500,3500,3500,3500,3500,3500,1.859832763671875,0.40195465087890625,1.419281005859375,0.44908905029296875,0.22779083251953125,11.0667724609375,41.15594482421875,11.533042907714844,42.09197998046875,0.2275390625,2.7398452758789063,0.206573486328125,77.74711608886719,0.19168853759765625,30.388519287109375,0.31137847900390625,6.966423034667969,0.27033233642578125,4.9094085693359375,0.2895050048828125,0,257864.76428222656,255924.1533203125,0,34088599552,2147483648,8575369216,0
200,1787751823711,3500,3500,3500,3500,3500,3500,3500,3500,3500,3500,3500,3500,3500,3500,3500,3500,3500,3500,3500,3500,0.5949478149414063,0.382843017578125,0.36193084716796875,0.3152618408203125,0.22443389892578125,2.7087249755859375,21.867294311523438,40.511470794677734,16.46196746826172,0.32120513916015625,0.318206787109375,2.858245849609375,27.281753540039063,0.25677490234375,91.25247192382813,0.14777374267578125,14.993644714355469,0.21465301513671875,9.840347290039063,2.8168792724609375,0,257876.33129882813,255933.55224609375,0,34088599552,2147483648,8580411392,0
200,1787751823911,3500,3500,3500,3500,3500,3500,3500,3500,3500,3500,3500,3500,3500,3500,3500,3500,3500,3500,3500,3500,0.5699844360351563,2.8896484375,2.84173583984375,0.3112945556640625,0.29642486572265625,0.2858428955078125,2.8975830078125,0.29796600341796875,0.49501800537109375,0.5135879516601563,0.38027191162109375,0.39374542236328125,95.14076232910156,0.20748138427734375,48.99868392944336,2.73382568359375,58.96806716918945,0.1895599365234375,0.89630126953125,0.293426513671875,0,257887.13702392578,255942.21795654297,0,34088599552,2147483648,8594952192,0
199,1787751824111,3500,3500,3500,3500,3500,3500,3500,3500,3500,3500,3500,3500,3500,3500,3500,3500,3500,3500,3500,3500,3.057098388671875,0.31964874267578125,0.2956695556640625,2.7878036499023438,0.23262786865234375,0.3073577880859375,0.26125335693359375,0.28733062744140625,0.414459228515625,0.373992919921875,0.30760955810546875,0.37589263916015625,70.30038452148438,2.7388992309570313,29.63532257080078,0.24427032470703125,68.96540069580078,2.6781082153320313,16.496795654296875,0.25066375732421875,0,257898.9721069336,255951.88549804688,0,34088599552,2147483648,8594837504,0
200,1787751824311,3500,3500,3500,3500,3500,3500,3500,3500,3500,3500,3500,3500,3500,3500,3500,3500,3500,3500,3500,3500,2.2267227172851563,0.32500457763671875,0.36904144287109375,0.3424530029296875,2.8697433471679688,0.41551971435546875,0.44195556640625,2.8148651123046875,2.850250244140625,2.8146133422851563,0.309112548828125,0.24364471435546875,92.45410919189453,0.16013336181640625,82.45024108886719,0.18206787109375,32.34062194824219,0.2424468994140625,0.7507171630859375,0.40482330322265625,0,257910.14782714844,255960.90161132813,0,34088599552,2147483648,8596623360,0
200,1787751824512,3500,3500,3500,3500,3500,3500,3500,3500,3500,3500,3500,3500,3500,3500,3500,3500,3500,3500,3500,3500,0.6496963500976563,0.3392181396484375,0.42022705078125,0.42546844482421875,0.46941375732421875,0.4646759033203125,1.1181716918945313,0.38451385498046875,0.351287841796875,0.2847900390625,2.7660140991210938,0.34709930419921875,94.56659698486328,0.1596832275390625,84.93199157714844,0.170257568359375,14.648178100585938,0.25276947021484375,10.395896911621094,0.2851409912109375,0,257921.32482910156,255969.93975830078,0,34088599552,2147483648,8596303872,0
200,1787751824712,3500,3500,3500,3500,3500,3500,3500,3500,3500,3500,3500,3500,3500,3500,3500,3500,3500,3500,3500,3500,0,0,0,0,0,1.514190673828125,0,0,0,0,0,1.4033279418945313,97.45797729492188,0,5.715034484863281,0,68.80046081542969,0,31.052406311035156,1.3307342529296875,0,257932.3442993164,255978.7984008789,0,34088599552,2147483648,8596303872,0
200,1787751824913,3500,3500,3500,3500,3500,3500,3500,3500,3500,3500,3500,3500,3500,3500,3500,3500,3500,3500,3500,3500,0.9386138916015625,3.2637863159179688,3.259002685546875,0.7466278076171875,0.787811279296875,0.7655563354492188,3.26690673828125,0.6970748901367188,0.63031005859375,0.6758270263671875,0.741485595703125,0.7120285034179688,95.84552764892578,0.5503997802734375,14.026847839355469,3.2112655639648438,78.6811294555664,0.55609130859375,19.589317321777344,0.7251205444335938,0,257942.41790771484,255986.74584960938,0,34088599552,2147483648,8596099072,0
200,1787751825113,3500,3500,3500,3500,3500,3500,3500,3500,3500,3500,3500,3500,3500,3500,3500,3500,3500,3500,3500,3500,3.30487060546875,0.45635223388671875,15.821479797363281,0.3708648681640625,0.44271087646484375,0.37856292724609375,0.5149078369140625,0.49192047119140625,0.34983062744140625,0.35677337646484375,0.389251708984375,0.28498077392578125,94.17965698242188,2.738250732421875,27.7965087890625,0.28203582763671875,73.81815338134766,2.7594375610351563,7.3449249267578125,0.40444183349609375,0,257955.3194580078,255997.4979248047,0,34088599552,2147483648,8596066304,0
199,1787751825313,3500,3500,3500,3500,3500,3500,3500,3500,3500,3500,3500,3500,3500,3500,3500,3500,3500,3500,3500,3500,0.7761154174804688,0.4237060546875,0.31241607666015625,2.8570022583007813,2.8903045654296875,0.4004364013671875,0.5644073486328125,0.364593505859375,2.789947509765625,2.8207015991210938,0.28585052490234375,0.285797119140625,97.23961639404297,0.16336822509765625,6.820304870605469,0.3166046142578125,98.16781616210938,0.15273284912109375,0.36623382568359375,0.3122100830078125,0,257967.9832763672,256008.0206298828,0,34088599552,2147483648,8596054016,0
199,1787751825513,3500,3500,3500,3500,3500,3500,3500,3500,3500,3500,3500,3500,3500,3500,3500,3500,3500,3500,3500,3500,0.5392913818359375,0.283538818359375,0.3722076416015625,0.3622589111328125,0.3368682861328125,0.407989501953125,0.6703872680664063,2.879486083984375,0.21106719970703125,0.27234649658203125,2.7801742553710938,0.2871856689453125,97.23906707763672,0.128753662109375,10.161125183105469,0.31557464599609375,51.477752685546875,0.21026611328125,53.601783752441406,0.1937255859375,0,257979.41619873047,256017.33203125,0,34088599552,2147483648,8596033536,0
200,1787751825713,3500,3500,3500,3500,3500,3500,3500,3500,3500,3500,3500,3500,3500,3500,3500,3500,3500,3500,3500,3500,0.6029434204101563,0.29305267333984375,0.43054962158203125,0.41765594482421875,0.18798828125,2.7504043579101563,62.87031555175781,0.194183349609375,0.29874420166015625,0.3196868896484375,0.2465667724609375,2.8281784057617188,41.76629638671875,0.24686431884765625,89.00286865234375,0.149200439453125,15.047798156738281,0.3065948486328125,0.9955062866210938,2.8211822509765625,0,257991.08251953125,256026.85028076172,0,34088599552,2147483648,8595984384,0
200,1787751825913,3500,3500,3500,3500,3500,3500,3500,3500,3500,3500,3500,3500,3500,3500,3500,3500,3500,3500,3500,3500,0.48505401611328125,2.857940673828125,2.920654296875,0.40007781982421875,0.14813995361328125,0.1396484375,100,0.13880157470703125,0.23935699462890625,0.32428741455078125,0.26531982421875,0.28124237060546875,31.815162658691406,0.26251983642578125,10.228347778320313,2.8114089965820313,63.94113540649414,0.16286468505859375,0.5008316040039063,0.35279083251953125,0,258000.62591552734,256034.2647705078,0,34088599552,2147483648,8595988480,0
200,1787751826114,3500,3500,3500,3500,3500,3500,3500,3500,3500,3500,3500,3500,3500,3500,3500,3500,3500,3500,3500,3500,0.7045364379882813,0.38047027587890625,0.414520263671875,0.40637969970703125,0.1815032958984375,0.1596832275390625,95.35006713867188,0.16323089599609375,7.9501495361328125,0.30849456787109375,0.38067626953125,0.1847991943359375,55.04508590698242,2.7437286376953125,1.6707000732421875,0.2896728515625,49.88833236694336,2.7638473510742188,2.942901611328125,0.3556671142578125,0,258009.66888427734,256041.15203857422,0,34088599552,2147483648,8593010688,0
200,1787751826314,3500,3500,3500,3500,3500,3500,3500,3500,3500,3500,3500,3500,3500,3500,3500,3500,3500,3500,3500,3500,3.0548019409179688,0.306976318359375,0.2692718505859375,2.8314132690429688,2.7521133422851563,0.18563079833984375,59.58962631225586,0.17929840087890625,40.86857223510742,2.7498703002929688,0.21002197265625,0.282989501953125,63.25932312011719,0.19934844970703125,23.895263671875,0.24617767333984375,1.1992263793945313,0.28907012939453125,15.105072021484375,0.28029632568359375,0,258019.27313232422,256048.59356689453,0,34088599552,2147483648,8592613376,0
200,1787751826515,3500,3500,3500,3500,3500,3500,3500,3500,3500,3500,3500,3500,3500,3500,3500,3500,3500,3500,3500,3500,0.5499038696289063,0.32701873779296875,0.26821136474609375,0.35053253173828125,0.26042938232421875,0.19718170166015625,41.18730545043945,2.7854156494140625,2.816162109375,0.313140869140625,2.804931640625,0.29876708984375,28.197616577148438,0.25148773193359375,43.24884796142578,0.257080078125,14.568565368652344,0.30550384521484375,31.229530334472656,0.26102447509765625,0,258029.7032470703,256056.86254882813,0,34088599552,2147483648,8582434816,0
200,1787751826715,3500,3500,3500,3500,3500,3500,3500,3500,3500,3500,3500,3500,3500,3500,3500,3500,3500,3500,3500,3500,0.5363082885742188,0.34746551513671875,0.324951171875,0.295440673828125,0.2633819580078125,2.7613143920898438,0.3106689453125,0.3506622314453125,0.267425537109375,0.364990234375,0.30517578125,2.7992630004882813,3.1693038940429688,0.28914642333984375,45.27231216430664,0.22238922119140625,0.5862884521484375,0.32684326171875,55.888877868652344,2.7352066040039063,0,258037.83654785156,256062.87725830078,0,34088599552,2147483648,8582565888,0
200,1787751826915,3500,3500,3500,3500,3500,3500,3500,3500,3500,3500,3500,3500,3500,3500,3500,3500,3500,3500,3500,3500,0.539520263671875,2.8009033203125,2.7668685913085938,0.299468994140625,0.31081390380859375,0.23654937744140625,2.7653732299804688,0.18901824951171875,0.24334716796875,0.24334716796875,0.29387664794921875,0.25614166259765625,2.9192047119140625,0.23274993896484375,48.41787338256836,2.686553955078125,54.9371452331543,0.1780242919921875,0.28692626953125,0.2453460693359375,0,258047.56518554688,256070.4857788086,0,34088599552,2147483648,8582565888,0
199,1787751827115,3500,3500,3500,3500,3500,3500,3500,3500,3500,3500,3500,3500,3500,3500,3500,3500,3500,3500,3500,3500,0.9332122802734375,0.32874298095703125,18.163436889648438,0.22075653076171875,0.46106719970703125,0.46311187744140625,0.5627212524414063,0.39144134521484375,0.27158355712890625,0.2536773681640625,0.30480194091796875,0.247344970703125,21.31916046142578,2.7850723266601563,31.729644775390625,0.2254486083984375,50.83976745605469,2.7137985229492188,7.2063446044921875,0.2657470703125,0,258057.5308227539,256078.29217529297,0,34088599552,2147483648,8581484544,0
200,1787751827315,3500,3500,3500,3500,3500,3500,3500,3500,3500,3500,3500,3500,3500,3500,3500,3500,3500,3500,3500,3500,3.0415115356445313,0.28639984130859375,0.37328338623046875,2.9116363525390625,2.7953033447265625,0.35968780517578125,0.26910400390625,0.32968902587890625,0.31439208984375,2.800201416015625,0.23030853271484375,0.26340484619140625,13.435516357421875,0.25035858154296875,32.42284393310547,0.25745391845703125,58.143131256103516,0.2034149169921875,0.32598876953125,0.2978973388671875,0,258067.4249267578,256086.06256103516,0,34088599552,2147483648,8581443584,0
200,1787751827516,3500,3500,3500,3500,3500,3500,3500,3500,3500,3500,3500,3500,3500,3500,3500,3500,3500,3500,3500,3500,0.5592041015625,0.27780914306640625,0.30792999267578125,0.330078125,0.2124176025390625,0.29935455322265625,7.805137634277344,2.73712158203125,2.8455581665039063,0.20563507080078125,2.770843505859375,0.2426910400390625,13.375648498535156,0.26464080810546875,24.21965789794922,0.213470458984375,72.34979248046875,0.1458892822265625,0.35860443115234375,0.2775115966796875,0,258075.98651123047,256092.74029541016,0,34088599552,2147483648,8565673984,0
200,1787751827716,3500,3500,3500,3500,3500,3500,3500,3500,3500,3500,3500,3500,3500,3500,3500,3500,3500,3500,3500,3500,0.6401138305664063,0.32375335693359375,0.333038330078125,0.32834625244140625,0.25879669189453125,2.86737060546875,0.46143341064453125,0.30373382568359375,0.36074066162109375,0.35210418701171875,0.3023834228515625,2.8783035278320313,7.017608642578125,0.27986907958984375,1.793975830078125,0.34246826171875,96.15808868408203,0.1627960205078125,0.3507080078125,2.8556900024414063,0,258084.8270263672,256099.2222290039,0,34088599552,2147483648,8565665792,0
199,1787751827917,3500,3500,3500,3500,3500,3500,3500,3500,3500,3500,3500,3500,3500,3500,3500,3500,3500,3500,3500,3500,0.5796127319335938,2.8031158447265625,2.813995361328125,0.2445526123046875,0.2800445556640625,0.16143798828125,2.77276611328125,0.20726776123046875,0.241607666015625,0.21280670166015625,0.18704986572265625,0.29477691650390625,7.182929992675781,0.2068634033203125,17.7236328125,2.7199020385742188,37.03694152832031,0.23152923583984375,50.4595832824707,0.184600830078125,0,258094.7152709961,256106.93768310547,0,34088599552,2147483648,8564711424,0
200,1787751828117,3500,3500,3500,3500,3500,3500,3500,3500,3500,3500,3500,3500,3500,3500,3500,3500,3500,3500,3500,3500,0.729705810546875,0.37749481201171875,0.32492828369140625,0.311737060546875,0.337921142578125,0.27056884765625,0.34326934814453125,0.256378173828125,0.25847625732421875,0.31504058837890625,0.31463623046875,0.29610443115234375,4.0732574462890625,2.8138580322265625,16.635704040527344,0.219451904296875,19.24909210205078,2.8249969482421875,71.17939758300781,0.19876861572265625,0,258103.4448852539,256113.54626464844,0,34088599552,2147483648,8564711424,0
200,1787751828317,3500,3500,3500,3500,3500,3500,3500,3500,3500,3500,3500,3500,3500,3500,3500,3500,3500,3500,3500,3500,4.823814392089844,0.4022674560546875,0.38549041748046875,2.8591537475585938,2.7965545654296875,0.30077362060546875,1.043212890625,0.3190460205078125,0.27501678466796875,2.8459243774414063,0.27886199951171875,0.25550079345703125,17.93170166015625,0.26009368896484375,7.823699951171875,0.23902130126953125,1.220733642578125,0.29518890380859375,78.1786117553711,0.19394683837890625,0,258112.48559570313,256120.46075439453,0,34088599552,2147483648,8564494336,0
200,1787751828517,3500,3500,3500,3500,3500,3500,3500,3500,3500,3500,3500,3500,3500,3500,3500,3500,3500,3500,3500,3500,0.5073471069335938,0.30954742431640625,38.80756759643555,0.28464508056640625,0.29392242431640625,0.249053955078125,0.21726226806640625,2.7086639404296875,2.737762451171875,0.26153564453125,2.7685089111328125,0.3059539794921875,7.000709533691406,0.2357330322265625,3.8548202514648438,0.20053863525390625,60.395503997802734,0.1900634765625,0.33934783935546875,0.36968994140625,0,258120.01013183594,256125.86224365234,0,34088599552,2147483648,8564060160,0
199,1787751828717,3500,3500,3500,3500,3500,3500,3500,3500,3500,3500,3500,3500,3500,3500,3500,3500,3500,3500,3500,3500,0.6079483032226563,0.3250579833984375,0.328857421875,0.31786346435546875,0.2928314208984375,2.8057708740234375,0.2809906005859375,0.292877197265625,0.34639739990234375,0.37188720703125,0.404266357421875,2.9343490600585938,6.106254577636719,0.2122802734375,20.207618713378906,0.2294158935546875,44.955055236816406,0.251800537109375,39.0609245300293,0.249053955078125,0,258130.443359375,256134.1717529297,0,34088599552,2147483648,8563802112,0
200,1787751828918,3500,3500,3500,3500,3500,3500,3500,3500,3500,3500,3500,3500,3500,3500,3500,3500,3500,3500,3500,3500,0.5868911743164063,2.8013381958007813,2.8309326171875,0.279052734375,0.26485443115234375,0.2235107421875,2.775299072265625,0.3123931884765625,0.3746337890625,0.481658935546875,0.36133575439453125,0.4541168212890625,17.89739990234375,0.2466583251953125,3.67633056640625,2.7596511840820313,84.41802978515625,0.1585235595703125,0.8105010986328125,2.81353759765625,0,258140.71154785156,256142.32421875,0,34088599552,2147483648,8563802112,0
200,1787751829118,3500,3500,3500,3500,3500,3500,3500,3500,3500,3500,3500,3500,3500,3500,3500,3500,3500,3500,3500,3500,0.6153182983398438,0.29518890380859375,0.33126068115234375,0.31888580322265625,0.29393768310546875,0.24843597412109375,0.3721771240234375,0.2976837158203125,0.430755615234375,0.517822265625,0.40765380859375,0.44013214111328125,4.8946533203125,2.8315048217773438,56.08677291870117,0.186614990234375,49.079917907714844,2.7767181396484375,3.02569580078125,0.317840576171875,0,258151.3695678711,256150.8497314453,0,34088599552,2147483648,8563732480,0
199,1787751829318,3500,3500,3500,3500,3500,3500,3500,3500,3500,3500,3500,3500,3500,3500,3500,3500,3500,3500,3500,3500,3.0689468383789063,0.279327392578125,32.648277282714844,2.8505325317382813,2.844696044921875,0.34278106689453125,0.32891845703125,0.283416748046875,0.50262451171875,3.053680419921875,0.43508148193359375,0.41741943359375,12.954864501953125,0.2238006591796875,23.256805419921875,0.26276397705078125,39.29972457885742,0.27643585205078125,0.43572998046875,0.34937286376953125,0,258159.74865722656,256157.07543945313,0,34088599552,2147483648,8562974720,0
200,1787751829518,3500,3500,3500,3500,3500,3500,3500,3500,3500,3500,3500,3500,3500,3500,3500,3500,3500,3500,3500,3500,0.5582275390625,0.340179443359375,0.39756011962890625,0.45275115966796875,0.29428863525390625,0.25409698486328125,0.6545562744140625,2.8152389526367188,2.8094406127929688,0.23200225830078125,2.8328399658203125,0.34087371826171875,5.726860046386719,0.26019287109375,1.907135009765625,0.24629974365234375,100,0.15306854248046875,0.32633209228515625,0.31383514404296875,0,258168.39099121094,256163.60876464844,0,34088599552,2147483648,8562716672,0
199,1787751829719,3500,3500,3500,3500,3500,3500,3500,3500,3500,3500,3500,3500,3500,3500,3500,3500,3500,3500,3500,3500,0.6164016723632813,0.3528594970703125,0.33303070068359375,0.306854248046875,0.25000762939453125,2.7599868774414063,0.7422866821289063,0.30020904541015625,0.32868194580078125,0.29926300048828125,0.2704925537109375,2.805694580078125,10.853378295898438,0.3198394775390625,10.262046813964844,0.2552032470703125,84.43737030029297,0.15145111083984375,0.279083251953125,0.30970001220703125,0,258177.0181274414,256170.10418701172,0,34088599552,2147483648,8562843648,0
200,1787751829919,3500,3500,3500,3500,3500,3500,3500,3500,3500,3500,3500,3500,3500,3500,3500,3500,3500,3500,3500,3500,0.544219970703125,2.8016204833984375,2.8057708740234375,0.322052001953125,0.33084869384765625,0.26155853271484375,2.8076705932617188,0.2142181396484375,0.30130767822265625,0.20272064208984375,0.3032073974609375,0.3403472900390625,2.8695602416992188,0.27410888671875,3.4313812255859375,2.6986923217773438,100,0.11907958984375,0.556915283203125,2.8196182250976563,0,258185.14678955078,256176.12084960938,0,34088599552,2147483648,8562847744,0
200,1787751830119,3500,3500,3500,3500,3500,3500,3500,3500,3500,3500,3500,3500,3500,3500,3500,3500,3500,3500,3500,3500,0.561065673828125,0.27855682373046875,0.25337982177734375,0.3280181884765625,0.29534912109375,0.2681732177734375,0.2333984375,0.1954803466796875,0.380523681640625,0.3123779296875,0.31458282470703125,0.28270721435546875,9.4930419921875,2.7237625122070313,48.625057220458984,0.14362335205078125,52.15547180175781,2.703125,2.9980239868164063,0.261627197265625,0,258195.4711303711,256184.31103515625,0,34088599552,2147483648,8562802688,0
200,1787751830319,3500,3500,3500,3500,3500,3500,3500,3500,3500,3500,3500,3500,3500,3500,3500,3500,3500,3500,3500,3500,2.9686050415039063,0.27826690673828125,0.27886199951171875,2.7832107543945313,2.7775650024414063,0.21901702880859375,0.22016143798828125,0.25618743896484375,0.45162200927734375,3.0101699829101563,0.49078369140625,0.352203369140625,2.9907379150390625,0.253936767578125,28.230308532714844,0.19968414306640625,69.97624969482422,0.17710113525390625,3.92974853515625,0.26822662353515625,0,258205.31427001953,256192.03173828125,0,34088599552,2147483648,8562401280,0
200,1787751830519,3500,3500,3500,3500,3500,3500,3500,3500,3500,3500,3500,3500,3500,3500,3500,3500,3500,3500,3500,3500,0.5654525756835938,0.35666656494140625,0.31670379638671875,0.33560943603515625,0.28986358642578125,0.28078460693359375,0.32558441162109375,2.7819290161132813,2.8731307983398438,0.28527069091796875,2.8378067016601563,0.3045806884765625,5.2806854248046875,0.25913238525390625,1.1427383422851563,0.2642669677734375,0.6062698364257813,0.3010406494140625,100,0.13724517822265625,0,258214.9213256836,256199.5087890625,0,34088599552,2147483648,8562311168,0
200,1787751830720,3500,3500,3500,3500,3500,3500,3500,3500,3500,3500,3500,3500,3500,3500,3500,3500,3500,3500,3500,3500,3.8842544555664063,0.3158416748046875,3.8452835083007813,0.27687835693359375,0.26583099365234375,1.8671875,12.213050842285156,3.1465988159179688,5.330329895019531,0.25943756103515625,0.312896728515625,2.751617431640625,17.239227294921875,0.301605224609375,24.736854553222656,0.252044677734375,40.20036697387695,0.2471466064453125,50.127071380615234,0.2350616455078125,0,258224.96392822266,256207.34576416016,0,34088599552,2147483648,8565260288,0
200,1787751830920,3500,3500,3500,3500,3500,3500,3500,3500,3500,3500,3500,3500,3500,3500,3500,3500,3500,3500,3500,3500,33.03501892089844,2.874176025390625,33.246788024902344,0.285980224609375,0.24507904052734375,1.1073455810546875,6.596809387207031,0.2507171630859375,5.502128601074219,0.30896759033203125,0.232757568359375,0.2644805908203125,70.53065490722656,0.2178955078125,76.9970474243164,2.7122344970703125,70.83872985839844,0.2381439208984375,44.320518493652344,2.7984237670898438,0,258239.00982666016,256219.18426513672,0,34088599552,2147483648,8594010112,0
200,1787751831120,3500,3500,3500,3500,3500,3500,3500,3500,3500,3500,3500,3500,3500,3500,3500,3500,3500,3500,3500,3500,1.7782211303710938,0.36505889892578125,81.89068603515625,0.25943756103515625,0.362060546875,0.32463836669921875,0.32334136962890625,0.313995361328125,0.37115478515625,0.29051971435546875,0.30954742431640625,0.2522430419921875,24.414833068847656,2.8144302368164063,31.273162841796875,0.2625885009765625,78.86137390136719,2.757781982421875,70.79177856445313,0.2199249267578125,0,258252.47497558594,256230.5068359375,0,34088599552,2147483648,8600428544,0
199,1787751831321,3500,3500,3500,3500,3500,3500,3500,3500,3500,3500,3500,3500,3500,3500,3500,3500,3500,3500,3500,3500,6.844551086425781,0.3654937744140625,41.00945281982422,2.8387908935546875,2.8974075317382813,0.3425445556640625,2.1355438232421875,0.4018096923828125,0.37561798095703125,0.38689422607421875,0.35741424560546875,0.36833953857421875,33.99968719482422,0.26906585693359375,14.420494079589844,0.2984466552734375,54.70768737792969,0.23934173583984375,44.971961975097656,0.26418304443359375,0,258263.00024414063,256238.85418701172,0,34088599552,2147483648,8570363904,0
200,1787751831521,3500,3500,3500,3500,3500,3500,3500,3500,3500,3500,3500,3500,3500,3500,3500,3500,3500,3500,3500,3500,0.6881637573242188,0.3646697998046875,0.29010772705078125,0.266571044921875,0.2437286376953125,0.25232696533203125,0.2956085205078125,2.71441650390625,2.7860336303710938,2.783935546875,2.769989013671875,0.244781494140625,10.957366943359375,0.24852752685546875,29.665130615234375,0.24033355712890625,69.6957778930664,0.15427398681640625,0.454925537109375,0.28081512451171875,0,258273.17657470703,256246.8865966797,0,34088599552,2147483648,8567005184,0
200,1787751831721,3500,3500,3500,3500,3500,3500,3500,3500,3500,3500,3500,3500,3500,3500,3500,3500,3500,3500,3500,3500,0.5666351318359375,0.2937469482421875,0.2362518310546875,0.30083465576171875,0.19997406005859375,0.2583160400390625,1.1564178466796875,0.249481201171875,0.30477142333984375,0.22133636474609375,0.24184417724609375,2.8139419555664063,5.3800048828125,0.30587005615234375,36.415618896484375,0.19378662109375,10.949501037597656,0.2622528076171875,54.438777923583984,0.17087554931640625,0,258281.59112548828,256253.16790771484,0,34088599552,2147483648,8566681600,0
199,1787751831921,3500,3500,3500,3500,3500,3500,3500,3500,3500,3500,3500,3500,3500,3500,3500,3500,3500,3500,3500,3500,0.5917282104492188,2.8422164916992188,2.8584976196289063,0.32989501953125,0.2714691162109375,2.8287353515625,2.920623779296875,0.30632781982421875,0.206298828125,0.34497833251953125,0.36894989013671875,0.3106689453125,4.664131164550781,0.33583831787109375,15.809326171875,2.7308502197265625,87.73123168945313,0.16320037841796875,0.75347900390625,2.8711776733398438,0,258289.81103515625,256259.26513671875,0,34088599552,2147483648,8566054912,0
200,1787751832122,3500,3500,3500,3500,3500,3500,3500,3500,3500,3500,3500,3500,3500,3500,3500,3500,3500,3500,3500,3500,0.5442352294921875,0.28086090087890625,0.29390716552734375,0.29570770263671875,0.28826141357421875,0.32474517822265625,0.23743438720703125,0.229736328125,0.27681732177734375,0.26287078857421875,0.254974365234375,0.344482421875,4.7774200439453125,2.66400146484375,7.479248046875,0.19675445556640625,93.29637145996094,2.6534042358398438,2.8493576049804688,0.30829620361328125,0,258299.52423095703,256266.83953857422,0,34088599552,2147483648,8566026240,0
200,1787751832322,3500,3500,3500,3500,3500,3500,3500,3500,3500,3500,3500,3500,3500,3500,3500,3500,3500,3500,3500,3500,3.5248336791992188,0.2774810791015625,0.2942657470703125,2.84637451171875,2.9089279174804688,0.22606658935546875,0.31079864501953125,0.30525970458984375,0.28871917724609375,0.2607879638671875,0.2389068603515625,0.262237548828125,5.452293395996094,0.37220001220703125,21.404090881347656,0.18799591064453125,75.51602172851563,0.18280029296875,8.004096984863281,0.30515289306640625,0,258307.00842285156,256272.19610595703,0,34088599552,2147483648,8564420608,0
199,1787751832522,3500,3500,3500,3500,3500,3500,3500,3500,3500,3500,3500,3500,3500,3500,3500,3500,3500,3500,3500,3500,4.852264404296875,0.37346649169921875,3.0342788696289063,0.294677734375,0.49825286865234375,0.38903045654296875,0.4510498046875,2.9321441650390625,2.8774566650390625,2.8124465942382813,2.8206329345703125,0.24707794189453125,24.42328643798828,0.30690765380859375,58.94707107543945,0.21764373779296875,10.666664123535156,0.36164093017578125,5.215156555175781,0.37012481689453125,0,258316.9952392578,256280.03143310547,0,34088599552,2147483648,8560959488,0
200,1787751832722,3500,3500,3500,3500,3500,3500,3500,3500,3500,3500,3500,3500,3500,3500,3500,3500,3500,3500,3500,3500,1.0655059814453125,0.27988433837890625,0.3917388916015625,0.32431793212890625,0.4980926513671875,0.39113616943359375,0.46205902099609375,0.3810882568359375,0.35010528564453125,0.27568817138671875,0.322265625,0.31107330322265625,13.972808837890625,0.2350006103515625,2.8497161865234375,0.300079345703125,0.45261383056640625,0.40872955322265625,0.339508056640625,0.321319580078125,0,258323.60858154297,256284.51147460938,0,34088599552,2147483648,8551428096,0
200,1787751832923,3500,3500,3500,3500,3500,3500,3500,3500,3500,3500,3500,3500,3500,3500,3500,3500,3500,3500,3500,3500,0.70611572265625,2.7727508544921875,2.8693389892578125,0.338958740234375,0.4527587890625,2.9714584350585938,0.4286041259765625,0.42725372314453125,0.26323699951171875,0.235137939453125,0.18921661376953125,2.7912750244140625,12.779319763183594,0.211883544921875,8.564483642578125,2.7163543701171875,0.8533096313476563,0.2765655517578125,0.2434234619140625,2.8299026489257813,0,258331.318359375,256290.0888671875,0,34088599552,2147483648,8550096896,0
199,1787751833123,3500,3500,3500,3500,3500,3500,3500,3500,3500,3500,3500,3500,3500,3500,3500,3500,3500,3500,3500,3500,0.5142364501953125,0.31124114990234375,0.3979034423828125,0.413116455078125,0.45928955078125,0.49678802490234375,2.8947906494140625,0.43909454345703125,0.3524322509765625,0.24756622314453125,0.2958831787109375,0.255401611328125,55.06747055053711,0.1889801025390625,45.352325439453125,0.1597137451171875,3.1030731201171875,2.8075790405273438,2.8180999755859375,0.27005767822265625,0,258338.9415283203,256295.57788085938,0,34088599552,2147483648,8549175296,0
200,1787751833323,3500,3500,3500,3500,3500,3500,3500,3500,3500,3500,3500,3500,3500,3500,3500,3500,3500,3500,3500,3500,3.0624160766601563,0.35588836669921875,0.37093353271484375,2.92950439453125,2.975738525390625,0.42491912841796875,0.36728668212890625,0.35929107666015625,0.30340576171875,0.323699951171875,0.3713836669921875,0.3260040283203125,19.385726928710938,2.8015975952148438,84.56596374511719,0.18474578857421875,2.8667755126953125,0.32745361328125,0.32109832763671875,0.3517913818359375,0,258346.6773071289,256301.20184326172,0,34088599552,2147483648,8548462592,0
200,1787751833523,3500,3500,3500,3500,3500,3500,3500,3500,3500,3500,3500,3500,3500,3500,3500,3500,3500,3500,3500,3500,0.5193023681640625,0.3251495361328125,0.39359283447265625,0.387603759765625,0.3089752197265625,0.2452239990234375,0.25750732421875,2.8244171142578125,2.7803802490234375,2.7526779174804688,2.8615570068359375,0.2841644287109375,20.703628540039063,0.21607208251953125,84.82838439941406,0.133392333984375,0.3580474853515625,0.26863861083984375,0.30133819580078125,0.3282470703125,0,258355.46899414063,256308.3267211914,0,34088599552,2147483648,8548278272,0
200,1787751833724,3500,3500,3500,3500,3500,3500,3500,3500,3500,3500,3500,3500,3500,3500,3500,3500,3500,3500,3500,3500,0.4470672607421875,0.2519683837890625,0.3169708251953125,0.31103515625,0.2321624755859375,0.17389678955078125,1.112091064453125,0.18791961669921875,0.20647430419921875,0.1867218017578125,0.2103118896484375,0.17853546142578125,11.4339599609375,0.17923736572265625,95.1973648071289,0.05342864990234375,0.33318328857421875,0.30584716796875,0.27635955810546875,0.28998565673828125,0,258363.22900390625,256313.58544921875,0,34088599552,2147483648,8548380672,0
200,1787751833924,3500,3500,3500,3500,3500,3500,3500,3500,3500,3500,3500,3500,3500,3500,3500,3500,3500,3500,3500,3500,0.6658401489257813,2.9167022705078125,3.0096206665039063,0.4873809814453125,0.43524932861328125,2.9067153930664063,0.46326446533203125,0.38232421875,0.3988037109375,0.31696319580078125,0.35416412353515625,2.87066650390625,40.38396453857422,0.29459381103515625,65.67332458496094,2.757415771484375,0.6236953735351563,0.44618988037109375,0.42801666259765625,2.885589599609375,0,258371.9227294922,256320.46606445313,0,34088599552,2147483648,8548372480,0
200,1787751834124,3500,3500,3500,3500,3500,3500,3500,3500,3500,3500,3500,3500,3500,3500,3500,3500,3500,3500,3500,3500,0.47530364990234375,0.31034088134765625,0.391021728515625,0.388031005859375,0.24753570556640625,0.339599609375,2.9203948974609375,0.22182464599609375,0.24878692626953125,0.28447723388671875,0.33914947509765625,0.2469329833984375,76.91680145263672,0.1414947509765625,28.803573608398438,0.21044158935546875,0.29286956787109375,1.6363372802734375,2.7588348388671875,0.28408050537109375,0,258380.22143554688,256326.2266845703,0,34088599552,2147483648,8548368384,0
200,1787751834325,3500,3500,3500,3500,3500,3500,3500,3500,3500,3500,3500,3500,3500,3500,3500,3500,3500,3500,3500,3500,3.1716690063476563,0.2626190185546875,0.37032318115234375,2.911651611328125,2.7352523803710938,0.2474365234375,0.27001190185546875,0.29384613037109375,0.28455352783203125,0.34204864501953125,0.32157135009765625,0.41253662109375,12.948898315429688,2.7665252685546875,31.181167602539063,0.1486663818359375,4.1003570556640625,1.4535751342773438,0.28369903564453125,0.28385162353515625,0,258387.97589111328,256331.85662841797,0,34088599552,2147483648,8548061184,0
200,1787751834525,3500,3500,3500,3500,3500,3500,3500,3500,3500,3500,3500,3500,3500,3500,3500,3500,3500,3500,3500,3500,0.7629241943359375,0.270294189453125,0.3826141357421875,0.39344024658203125,0.23236846923828125,0.27597808837890625,0.37328338623046875,2.8106536865234375,2.8948287963867188,2.8552627563476563,2.9120941162109375,0.3462371826171875,18.72418212890625,0.30402374267578125,8.321884155273438,0.27243804931640625,4.427070617675781,0.36095428466796875,0.40990447998046875,0.3881988525390625,0,258396.47265625,256338.2069091797,0,34088599552,2147483648,8543744000,0
200,1787751834725,3500,3500,3500,3500,3500,3500,3500,3500,3500,3500,3500,3500,3500,3500,3500,3500,3500,3500,3500,3500,0.7829742431640625,0.2527008056640625,0.31600189208984375,0.3061676025390625,0.3052215576171875,0.22460174560546875,0.40341949462890625,0.30876922607421875,0.30881500244140625,0.26853179931640625,0.2808074951171875,0.30367279052734375,5.878936767578125,0.23972320556640625,0.28690338134765625,0.31211090087890625,0.3862457275390625,0.3970794677734375,0.38195037841796875,0.3948822021484375,0,258403.2759399414,256342.89776611328,0,34088599552,2147483648,8543748096,0
200,1787751834926,3500,3500,3500,3500,3500,3500,3500,3500,3500,3500,3500,3500,3500,3500,3500,3500,3500,3500,3500,3500,0.8844375610351563,2.8738479614257813,2.8544692993164063,0.288848876953125,0.30887603759765625,2.804779052734375,0.23636627197265625,0.22353363037109375,0.25164794921875,0.31656646728515625,0.20070648193359375,2.784454345703125,4.150260925292969,0.27497100830078125,2.8512725830078125,2.7999801635742188,0.37964630126953125,0.407562255859375,0.38543701171875,2.919036865234375,0,258410.25915527344,256347.74084472656,0,34088599552,2147483648,8543703040,0
200,1787751835126,3500,3500,3500,3500,3500,3500,3500,3500,3500,3500,3500,3500,3500,3500,3500,3500,3500,3500,3500,3500,0.845306396484375,0.28052520751953125,0.25566864013671875,0.3018798828125,0.20087432861328125,0.34490203857421875,2.7175369262695313,0.27632904052734375,0.29129791259765625,0.27388763427734375,0.21749114990234375,0.25786590576171875,5.997657775878906,0.2657470703125,0.9259033203125,0.27069091796875,0.32828521728515625,0.35373687744140625,2.8846206665039063,0.32219696044921875,0,258416.83428955078,256352.21484375,0,34088599552,2147483648,8543617024,0
200,1787751835326,3500,3500,3500,3500,3500,3500,3500,3500,3500,3500,3500,3500,3500,3500,3500,3500,3500,3500,3500,3500,3.1925277709960938,0.32619476318359375,0.32065582275390625,2.8397445678710938,2.7685012817382813,0.32569122314453125,0.33258056640625,0.26847076416015625,0.34105682373046875,0.34191131591796875,0.306182861328125,0.3088836669921875,3.70501708984375,2.783966064453125,1.1933135986328125,0.30992889404296875,2.8600997924804688,2.86279296875,0.3203582763671875,0.3126220703125,0,258424.38513183594,256357.6573486328,0,34088599552,2147483648,8543326208,0
200,1787751835527,3500,3500,3500,3500,3500,3500,3500,3500,3500,3500,3500,3500,3500,3500,3500,3500,3500,3500,3500,3500,0.70166015625,0.22153472900390625,0.27724456787109375,0.273406982421875,0.32232666015625,0.17639923095703125,0.22322845458984375,2.740020751953125,2.7980194091796875,2.7870025634765625,2.7465057373046875,0.24118804931640625,6.6982879638671875,0.25390625,1.3201904296875,0.33673858642578125,0.32806396484375,0.23011016845703125,0.271209716796875,0.26108551025390625,0,258431.20178222656,256362.3507080078,0,34088599552,2147483648,8542257152,0
200,1787751835727,3500,3500,3500,3500,3500,3500,3500,3500,3500,3500,3500,3500,3500,3500,3500,3500,3500,3500,3500,3500,0.7910690307617188,0.31577301025390625,0.30239105224609375,0.31636810302734375,0.26670074462890625,0.3538055419921875,1.212310791015625,0.332489013671875,0.32550048828125,0.25327301025390625,0.2989501953125,0.28028106689453125,4.673652648925781,0.294952392578125,0.370574951171875,0.29700469970703125,0.41609954833984375,0.40032958984375,0.3040924072265625,0.31566619873046875,0,258437.96130371094,256367.00036621094,0,34088599552,2147483648,8542216192,0
200,1787751835927,3500,3500,3500,3500,3500,3500,3500,3500,3500,3500,3500,3500,3500,3500,3500,3500,3500,3500,3500,3500,0.8063430786132813,2.8250961303710938,0.27713775634765625,0.26300048828125,0.27368927001953125,2.7506103515625,0.2270355224609375,0.23792266845703125,0.32624053955078125,0.4131622314453125,0.3348388671875,2.963409423828125,3.682037353515625,0.24456787109375,2.831787109375,2.7908782958984375,0.3801422119140625,0.3697052001953125,0.26435089111328125,2.8007659912109375,0,258444.2225341797,256371.15014648438,0,34088599552,2147483648,8541786112,0
0,1787751836128,3500,3500,3500,3500,3500,3500,3500,3500,3500,3500,3500,3500,3500,3500,3500,3500,3500,3500,3500,3500,0.7544021606445313,0.2429962158203125,2.8400650024414063,0.305206298828125,0.1986083984375,0.240997314453125,2.86187744140625,0.23485565185546875,0.36322021484375,0.414398193359375,0.39582061767578125,0.40995025634765625,9.726478576660156,0.2536773681640625,11.996421813964844,0.21079254150390625,14.848915100097656,0.268707275390625,2.7873916625976563,0.2360076904296875,0,258452.60205078125,256377.38592529297,0,34088599552,2147483648,7723835392,0
