Delta,Time,CPU_FREQUENCY_0,CPU_FREQUENCY_1,CPU_FREQUENCY_10,CPU_FREQUENCY_11,CPU_FREQUENCY_12,CPU_FREQUENCY_13,CPU_FREQUENCY_14,CPU_FREQUENCY_15,CPU_FREQUENCY_16,CPU_FREQUENCY_17,CPU_FREQUENCY_18,CPU_FREQUENCY_19,CPU_FREQUENCY_2,CPU_FREQUENCY_3,CPU_FREQUENCY_4,CPU_FREQUENCY_5,CPU_FREQUENCY_6,CPU_FREQUENCY_7,CPU_FREQUENCY_8,CPU_FREQUENCY_9,CPU_USAGE_0,CPU_USAGE_1,CPU_USAGE_10,CPU_USAGE_11,CPU_USAGE_12,CPU_USAGE_13,CPU_USAGE_14,CPU_USAGE_15,CPU_USAGE_16,CPU_USAGE_17,CPU_USAGE_18,CPU_USAGE_19,CPU_USAGE_2,CPU_USAGE_3,CPU_USAGE_4,CPU_USAGE_5,CPU_USAGE_6,CPU_USAGE_7,CPU_USAGE_8,CPU_USAGE_9,DRAM_ENERGY (J),PACKAGE_ENERGY (J),PP0_ENERGY (J),PP1_ENERGY (J),TOTAL_MEMORY,TOTAL_SWAP,USED_MEMORY,USED_SWAP
0,1787751145993,3500,3500,3500,3500,3500,3500,3500,3500,3500,3500,3500,3500,3500,3500,3500,3500,3500,3500,3500,3500,2.0262527465820313,2.79766845703125,1.6122589111328125,1.6341171264648438,1.5711212158203125,1.457977294921875,1.695831298828125,17.211585998535156,28.589981079101563,1.4104080200195313,1.3564071655273438,1.3512649536132813,1.6238327026367188,98.27973937988281,99.54615020751953,1.5531158447265625,2.2075347900390625,1.7524032592773438,1.6199722290039063,1.6238327026367188,0,226792.66735839844,232079.8042602539,0,34088599552,2147483648,7720026112,0
197,1787751145996,3500,3500,3500,3500,3500,3500,3500,3500,3500,3500,3500,3500,3500,3500,3500,3500,3500,3500,3500,3500,0,0,0,0,37.19321060180664,0,0,17.364463806152344,87.05630493164063,0,0,0,0,0,78.40892028808594,0,0,0,0,0,0,226792.70568847656,232080.1625366211,0,34088599552,2147483648,7720054784,0
200,1787751146193,3500,3500,3500,3500,3500,3500,3500,3500,3500,3500,3500,3500,3500,3500,3500,3500,3500,3500,3500,3500,2.026824951171875,1.2177963256835938,10.875106811523438,0.9127578735351563,2.707763671875,0.930419921875,0.8723907470703125,14.347160339355469,5.165550231933594,0.8744049072265625,3.42388916015625,0.8972549438476563,3.5420608520507813,64.60124206542969,41.92348098754883,0.8241806030273438,36.116241455078125,0.82342529296875,36.19248962402344,0.842498779296875,0,226805.00158691406,232089.83087158203,0,34088599552,2147483648,7764852736,0
200,1787751146393,3500,3500,3500,3500,3500,3500,3500,3500,3500,3500,3500,3500,3500,3500,3500,3500,3500,3500,3500,3500,2.0843582153320313,0.32273101806640625,37.76780319213867,0.25800323486328125,0.3310699462890625,0.3685760498046875,0.35639190673828125,1.87744140625,0.8391876220703125,0.25885009765625,0.27423858642578125,2.82415771484375,0.36663055419921875,67.03297424316406,62.432716369628906,0.1990203857421875,61.32284164428711,0.1900787353515625,54.85971450805664,0.20076751708984375,0,226817.46118164063,232100.0210571289,0,34088599552,2147483648,7808069632,0
199,1787751146594,3500,3500,3500,3500,3500,3500,3500,3500,3500,3500,3500,3500,3500,3500,3500,3500,3500,3500,3500,3500,28.730453491210938,2.7200927734375,67.97737884521484,0.14086151123046875,0.27762603759765625,2.723236083984375,0.1970672607421875,26.692657470703125,4.408531188964844,0.30228424072265625,0.35434722900390625,0.38509368896484375,0.28017425537109375,57.37055587768555,56.175533294677734,2.6664276123046875,55.5497932434082,0.12613677978515625,48.51052474975586,2.6758651733398438,0,226827.8045654297,232108.0064086914,0,34088599552,2147483648,7844356096,0
200,1787751146794,3500,3500,3500,3500,3500,3500,3500,3500,3500,3500,3500,3500,3500,3500,3500,3500,3500,3500,3500,3500,45.71928787231445,0.34749603271484375,62.017765045166016,0.38323974609375,4.3996429443359375,0.33829498291015625,2.8823394775390625,59.964744567871094,22.428436279296875,0.902801513671875,0.4907684326171875,0.4653778076171875,0.37384033203125,47.42921447753906,48.18294143676758,0.35584259033203125,53.69085693359375,2.8975372314453125,48.641170501708984,0.38439178466796875,0,226843.3848876953,232121.31036376953,0,34088599552,2147483648,7879573504,0
200,1787751146994,3500,3500,3500,3500,3500,3500,3500,3500,3500,3500,3500,3500,3500,3500,3500,3500,3500,3500,3500,3500,59.192020416259766,0.17430877685546875,61.22225570678711,2.6752166748046875,23.899742126464844,0.13469696044921875,0.1152191162109375,50.72896194458008,35.716758728027344,4.3248291015625,0.213409423828125,0.11817169189453125,0.19049072265625,67.24778747558594,64.1361083984375,0.152679443359375,65.01812744140625,0.1603240966796875,62.829612731933594,0.14633941650390625,0,226858.31201171875,232133.83331298828,0,34088599552,2147483648,7982391296,0
199,1787751147195,3500,3500,3500,3500,3500,3500,3500,3500,3500,3500,3500,3500,3500,3500,3500,3500,3500,3500,3500,3500,17.097976684570313,0.37415313720703125,29.473854064941406,0.45943450927734375,11.576499938964844,0.40167999267578125,0.36566925048828125,17.441505432128906,22.695114135742188,14.821762084960938,6.959373474121094,0.5232696533203125,2.9977340698242188,54.50672912597656,39.954036712646484,0.34946441650390625,34.34742736816406,0.39904022216796875,31.835403442382813,0.43230438232421875,0,226870.00421142578,232143.2674560547,0,34088599552,2147483648,7985872896,0
200,1787751147395,3500,3500,3500,3500,3500,3500,3500,3500,3500,3500,3500,3500,3500,3500,3500,3500,3500,3500,3500,3500,5.287017822265625,0.4886932373046875,29.858482360839844,0.23357391357421875,0.24607086181640625,0.233123779296875,0.363311767578125,0.4389495849609375,0.24332427978515625,0.3179168701171875,0.21402740478515625,2.872833251953125,0.4385528564453125,52.44480895996094,27.91704559326172,0.216278076171875,14.968757629394531,0.2475738525390625,43.61647415161133,0.2124786376953125,0,226881.9434814453,232152.98211669922,0,34088599552,2147483648,7987027968,0
200,1787751147595,3500,3500,3500,3500,3500,3500,3500,3500,3500,3500,3500,3500,3500,3500,3500,3500,3500,3500,3500,3500,6.600395202636719,0.1551513671875,1.460662841796875,0.01755523681640625,0,2.5394210815429688,0,0.0237884521484375,0,0.0094757080078125,0,0,0.424346923828125,70.83676147460938,49.30769348144531,2.40716552734375,38.33417510986328,0,29.024398803710938,2.4728927612304688,0,226894.33959960938,232163.22314453125,0,34088599552,2147483648,7983501312,0
200,1787751147796,3500,3500,3500,3500,3500,3500,3500,3500,3500,3500,3500,3500,3500,3500,3500,3500,3500,3500,3500,3500,9.8497314453125,3.0088729858398438,10.736732482910156,0.5201416015625,2.883636474609375,0.406158447265625,2.9332809448242188,56.41672897338867,33.36293029785156,0.35910797119140625,0.45639801025390625,0.44425201416015625,0.40240478515625,60.97373580932617,31.363845825195313,0.41530609130859375,13.530632019042969,3.0208206176757813,18.67292022705078,0.4363555908203125,0,226905.072265625,232171.7198486328,0,34088599552,2147483648,7985295360,0
200,1787751147996,3500,3500,3500,3500,3500,3500,3500,3500,3500,3500,3500,3500,3500,3500,3500,3500,3500,3500,3500,3500,2.033843994140625,0.2258758544921875,1.07220458984375,2.8447265625,0.661407470703125,0.17978668212890625,0.1970977783203125,84.29851531982422,2.5040435791015625,2.8394851684570313,0.2857666015625,0.30626678466796875,0.2933502197265625,22.201705932617188,64.93549346923828,0.1897125244140625,12.824295043945313,0.22397613525390625,15.106956481933594,0.26821136474609375,0,226913.9253540039,232178.48754882813,0,34088599552,2147483648,7986262016,0
200,1787751148197,3500,3500,3500,3500,3500,3500,3500,3500,3500,3500,3500,3500,3500,3500,3500,3500,3500,3500,3500,3500,9.645820617675781,0.1883697509765625,43.864315032958984,0.1866302490234375,0.6087570190429688,0.277496337890625,0.1848297119140625,25.26446533203125,4.7362518310546875,0.38866424560546875,2.8130264282226563,0.24362945556640625,2.904144287109375,55.97688674926758,27.111038208007813,0.28238677978515625,19.428794860839844,0.2527618408203125,11.720169067382813,0.27495574951171875,0,226924.32934570313,232187.1258544922,0,34088599552,2147483648,7990083584,0
199,1787751148397,3500,3500,3500,3500,3500,3500,3500,3500,3500,3500,3500,3500,3500,3500,3500,3500,3500,3500,3500,3500,1.0903396606445313,0.4987335205078125,63.0234489440918,0.24318695068359375,0.39764404296875,0.30881500244140625,0.29410552978515625,3.0956039428710938,1.5286788940429688,0.43280029296875,0.44731903076171875,2.9512252807617188,0.37784576416015625,59.35594177246094,23.712066650390625,0.2225341796875,13.75006103515625,0.2886199951171875,19.012123107910156,0.245880126953125,0,226936.31213378906,232196.3569946289,0,34088599552,2147483648,7993974784,0
200,1787751148597,3500,3500,3500,3500,3500,3500,3500,3500,3500,3500,3500,3500,3500,3500,3500,3500,3500,3500,3500,3500,7.6062469482421875,0.20621490478515625,44.6388053894043,0.1858673095703125,4.505897521972656,2.7290115356445313,0.23920440673828125,30.389488220214844,17.998146057128906,4.547843933105469,0.35033416748046875,0.38593292236328125,0.27465057373046875,38.94711685180664,54.5876350402832,2.6986160278320313,19.485084533691406,0.1988677978515625,16.911888122558594,2.755706787109375,0,226945.94116210938,232203.7280883789,0,34088599552,2147483648,8012267520,0
200,1787751148798,3500,3500,3500,3500,3500,3500,3500,3500,3500,3500,3500,3500,3500,3500,3500,3500,3500,3500,3500,3500,5.092613220214844,2.811065673828125,50.308319091796875,0.26059722900390625,9.211555480957031,0.25666046142578125,2.7821502685546875,25.018577575683594,9.146484375,0.28069305419921875,0.32108306884765625,0.23297119140625,0.3170928955078125,62.267513275146484,18.00543975830078,0.263885498046875,26.080909729003906,2.8133087158203125,11.697502136230469,0.25257110595703125,0,226956.6957397461,232212.27380371094,0,34088599552,2147483648,8002428928,0
200,1787751148998,3500,3500,3500,3500,3500,3500,3500,3500,3500,3500,3500,3500,3500,3500,3500,3500,3500,3500,3500,3500,4.3289337158203125,0.271392822265625,5.3081817626953125,2.942474365234375,0.5563125610351563,0.23487091064453125,0.2476959228515625,35.488983154296875,47.26063537597656,2.75665283203125,0.2198486328125,0.2117156982421875,0.31560516357421875,27.815048217773438,56.13451385498047,0.17943572998046875,45.87611770629883,0.1776885986328125,22.59748077392578,0.2506866455078125,0,226968.88201904297,232222.2388305664,0,34088599552,2147483648,8027254784,0
200,1787751149199,3500,3500,3500,3500,3500,3500,3500,3500,3500,3500,3500,3500,3500,3500,3500,3500,3500,3500,3500,3500,5.628684997558594,0.3780517578125,9.316116333007813,0.479034423828125,0.33969879150390625,0.38298797607421875,0.476837158203125,16.750518798828125,30.141090393066406,0.44292449951171875,2.9567642211914063,0.441131591796875,2.9457931518554688,47.08913803100586,40.65817642211914,0.366729736328125,20.89105224609375,0.40886688232421875,28.84906768798828,0.3764495849609375,0,226980.02770996094,232231.1514892578,0,34088599552,2147483648,8007598080,0
200,1787751149399,3500,3500,3500,3500,3500,3500,3500,3500,3500,3500,3500,3500,3500,3500,3500,3500,3500,3500,3500,3500,0.806427001953125,0.3324737548828125,0.3592529296875,0.34629058837890625,0.29592132568359375,0.34908294677734375,0.30255126953125,0.2988128662109375,0.32773590087890625,0.25722503662109375,0.28888702392578125,2.8025131225585938,0.39894866943359375,65.58354187011719,10.19482421875,0.29611968994140625,39.12395095825195,0.22400665283203125,66.5632553100586,0.18027496337890625,0,226993.95727539063,232242.8843383789,0,34088599552,2147483648,8007606272,0
200,1787751149600,3500,3500,3500,3500,3500,3500,3500,3500,3500,3500,3500,3500,3500,3500,3500,3500,3500,3500,3500,3500,1.0017242431640625,0.4835052490234375,19.972244262695313,0.313812255859375,0.39429473876953125,2.8065032958984375,0.32508087158203125,0.35235595703125,0.5497817993164063,0.384674072265625,0.41698455810546875,0.35235595703125,0.37191009521484375,66.60526275634766,20.3470458984375,2.8270950317382813,41.96389389038086,0.23043060302734375,31.377471923828125,2.7611236572265625,0,227003.63610839844,232250.34252929688,0,34088599552,2147483648,8007659520,0
200,1787751149800,3500,3500,3500,3500,3500,3500,3500,3500,3500,3500,3500,3500,3500,3500,3500,3500,3500,3500,3500,3500,3.3983154296875,2.7766265869140625,11.282440185546875,0.3796844482421875,2.953857421875,0.45064544677734375,2.9979400634765625,0.560455322265625,0.506195068359375,0.387664794921875,0.48470306396484375,0.45099639892578125,0.29460906982421875,71.53204345703125,42.6237678527832,0.19168853759765625,22.89330291748047,2.7980728149414063,44.194217681884766,0.24120330810546875,0,227014.49578857422,232259.00219726563,0,34088599552,2147483648,8012541952,0
200,1787751150001,3500,3500,3500,3500,3500,3500,3500,3500,3500,3500,3500,3500,3500,3500,3500,3500,3500,3500,3500,3500,3.6537551879882813,0.484222412109375,6.499267578125,2.981719970703125,0.5327911376953125,0.440704345703125,0.44100189208984375,30.764404296875,4.819999694824219,3.0406570434570313,0.5587921142578125,0.5542526245117188,0.410858154296875,42.09589767456055,12.629150390625,0.39752960205078125,55.86817932128906,0.34647369384765625,46.48317337036133,0.3572540283203125,0,227024.93884277344,232267.23217773438,0,34088599552,2147483648,8008663040,0
200,1787751150201,3500,3500,3500,3500,3500,3500,3500,3500,3500,3500,3500,3500,3500,3500,3500,3500,3500,3500,3500,3500,0.8297500610351563,0.20975494384765625,0.8217697143554688,0.2832183837890625,9.097923278808594,0.2748870849609375,0.2461090087890625,17.946990966796875,19.467453002929688,0.2522430419921875,2.803985595703125,0.31308746337890625,3.0650100708007813,20.549644470214844,25.24134063720703,0.251251220703125,16.236473083496094,0.28665924072265625,70.62816619873047,0.19549560546875,0,227036.08361816406,232276.16387939453,0,34088599552,2147483648,8009330688,0
200,1787751150402,3500,3500,3500,3500,3500,3500,3500,3500,3500,3500,3500,3500,3500,3500,3500,3500,3500,3500,3500,3500,0.63946533203125,0.6166763305664063,23.4161376953125,0.2999114990234375,0.2557220458984375,0.34040069580078125,0.269287109375,0.9620132446289063,0.43609619140625,0.40283966064453125,0.3927154541015625,0.45101165771484375,0.5956802368164063,32.33013153076172,28.070411682128906,0.18531036376953125,31.273765563964844,0.23064422607421875,34.11541748046875,0.24869537353515625,0,227047.1522216797,232285.05041503906,0,34088599552,2147483648,8009564160,0
199,1787751150602,3500,3500,3500,3500,3500,3500,3500,3500,3500,3500,3500,3500,3500,3500,3500,3500,3500,3500,3500,3500,0.80487060546875,0.42270660400390625,26.34136199951172,0.280975341796875,0.29927825927734375,2.8219146728515625,0.2880096435546875,0.30910491943359375,0.3114471435546875,0.3010711669921875,0.30152130126953125,2.8423614501953125,0.578155517578125,35.51226806640625,7.993804931640625,2.7486495971679688,21.018760681152344,0.2567901611328125,50.13964080810547,2.7211227416992188,0,227057.52099609375,232293.21197509766,0,34088599552,2147483648,8008785920,0
200,1787751150802,3500,3500,3500,3500,3500,3500,3500,3500,3500,3500,3500,3500,3500,3500,3500,3500,3500,3500,3500,3500,3.9344329833984375,3.0105133056640625,10.413322448730469,0.31707000732421875,2.9101791381835938,0.2612762451171875,2.8779830932617188,2.0537033081054688,0.5041046142578125,0.31732177734375,0.320220947265625,0.2976226806640625,0.46410369873046875,45.99227523803711,51.073848724365234,0.16058349609375,26.660690307617188,2.7234954833984375,30.76165771484375,0.29376983642578125,0,227068.47790527344,232301.9790649414,0,34088599552,2147483648,8010395648,0
200,1787751151002,3500,3500,3500,3500,3500,3500,3500,3500,3500,3500,3500,3500,3500,3500,3500,3500,3500,3500,3500,3500,3.4601669311523438,0.5278091430664063,1.8123626708984375,2.871185302734375,0.33856201171875,0.27809906005859375,0.252960205078125,3.9135208129882813,0.3802947998046875,0.3578033447265625,0.41762542724609375,0.43161773681640625,0.505523681640625,42.57789611816406,29.496826171875,0.20923614501953125,45.55976867675781,0.17086029052734375,26.951759338378906,0.21923065185546875,0,227078.4331665039,232309.7540283203,0,34088599552,2147483648,8010928128,0
199,1787751151203,3500,3500,3500,3500,3500,3500,3500,3500,3500,3500,3500,3500,3500,3500,3500,3500,3500,3500,3500,3500,0.7156524658203125,0.6711196899414063,33.188804626464844,0.29019927978515625,0.2664642333984375,0.2527008056640625,0.3790740966796875,2.849945068359375,2.8414154052734375,2.8437118530273438,2.79119873046875,0.28531646728515625,3.1994476318359375,33.65465545654297,41.086029052734375,0.1817779541015625,11.288673400878906,0.238433837890625,19.78075408935547,0.2596282958984375,0,227089.09143066406,232318.21643066406,0,34088599552,2147483648,8012247040,0
200,1787751151403,3500,3500,3500,3500,3500,3500,3500,3500,3500,3500,3500,3500,3500,3500,3500,3500,3500,3500,3500,3500,5.6681671142578125,0.5708160400390625,11.545150756835938,0.232666015625,0.35599517822265625,0.25431060791015625,0.35774993896484375,8.260932922363281,8.505096435546875,0.415740966796875,0.33840179443359375,0.377044677734375,0.4919281005859375,32.341331481933594,37.43177795410156,0.147430419921875,58.14802169799805,0.16982269287109375,37.97010040283203,0.2364654541015625,0,227099.2435913086,232326.1337890625,0,34088599552,2147483648,7984291840,0
200,1787751151603,3500,3500,3500,3500,3500,3500,3500,3500,3500,3500,3500,3500,3500,3500,3500,3500,3500,3500,3500,3500,1.2662124633789063,0.4107818603515625,26.391921997070313,0.33522796630859375,0.288848876953125,2.8431167602539063,0.34694671630859375,6.009796142578125,0.42668914794921875,0.376220703125,0.44689178466796875,2.936279296875,0.616851806640625,24.85382080078125,18.60643768310547,2.7849655151367188,50.27994918823242,0.193450927734375,18.202484130859375,2.8478546142578125,0,227108.8721923828,232333.58868408203,0,34088599552,2147483648,7983636480,0
199,1787751151804,3500,3500,3500,3500,3500,3500,3500,3500,3500,3500,3500,3500,3500,3500,3500,3500,3500,3500,3500,3500,0.9029769897460938,3.0458908081054688,4.266334533691406,0.29627227783203125,1.1400527954101563,0.30484771728515625,2.8248748779296875,0.5122528076171875,0.36907958984375,0.333526611328125,0.36344146728515625,0.41376495361328125,0.6265487670898438,28.24079132080078,66.91648864746094,0.17613983154296875,34.702003479003906,2.7303237915039063,7.980064392089844,0.375213623046875,0,227119.5264892578,232342.37182617188,0,34088599552,2147483648,7983759360,0
200,1787751152004,3500,3500,3500,3500,3500,3500,3500,3500,3500,3500,3500,3500,3500,3500,3500,3500,3500,3500,3500,3500,3.9255752563476563,0.5682830810546875,7.8438568115234375,2.8402252197265625,1.9364776611328125,0.29583740234375,0.31792449951171875,2.7929000854492188,1.0573654174804688,0.33281707763671875,0.279144287109375,0.2918853759765625,0.5345001220703125,32.79643249511719,20.665199279785156,0.20233917236328125,60.29159927368164,0.19873809814453125,20.71772003173828,0.249908447265625,0,227130.3364868164,232350.97296142578,0,34088599552,2147483648,7984160768,0
200,1787751152205,3500,3500,3500,3500,3500,3500,3500,3500,3500,3500,3500,3500,3500,3500,3500,3500,3500,3500,3500,3500,2.9750442504882813,0.19655609130859375,22.59748077392578,0,0,0,0,5.7542266845703125,2.5063629150390625,2.4655685424804688,2.4594955444335938,0,2.8543548583984375,40.9193229675293,59.5620002746582,0,28.487228393554688,0,12.955108642578125,0,0,227142.28936767578,232360.38787841797,0,34088599552,2147483648,7992520704,0
200,1787751152406,3500,3500,3500,3500,3500,3500,3500,3500,3500,3500,3500,3500,3500,3500,3500,3500,3500,3500,3500,3500,0.47540283203125,0.6067352294921875,0.6695938110351563,0.18541717529296875,0.08376312255859375,0.15218353271484375,0.26898193359375,0.4300384521484375,0.1668243408203125,0.15007781982421875,0.153839111328125,0.1357421875,0.48126983642578125,28.10546875,25.548301696777344,0.05930328369140625,74.38482666015625,0.04315948486328125,6.047004699707031,0.14636993408203125,0,227151.82739257813,232367.77081298828,0,34088599552,2147483648,7993122816,0
200,1787751152606,3500,3500,3500,3500,3500,3500,3500,3500,3500,3500,3500,3500,3500,3500,3500,3500,3500,3500,3500,3500,0.6354522705078125,0.6600875854492188,0.30126953125,0.3572235107421875,0.28002166748046875,2.809814453125,0.3468475341796875,0.49187469482421875,0.43347930908203125,0.23334503173828125,0.31214141845703125,2.8583831787109375,0.5430450439453125,22.673248291015625,9.393783569335938,0.23374176025390625,74.20594787597656,0.18212890625,26.034576416015625,2.83050537109375,0,227161.71575927734,232375.46423339844,0,34088599552,2147483648,7992819712,0
200,1787751152807,3500,3500,3500,3500,3500,3500,3500,3500,3500,3500,3500,3500,3500,3500,3500,3500,3500,3500,3500,3500,1.353515625,3.0763015747070313,6.916526794433594,0.23906707763671875,0.24579620361328125,0.13289642333984375,2.7640304565429688,0.22844696044921875,0.205902099609375,0.21004486083984375,0.172393798828125,0.25836181640625,0.5622100830078125,31.479957580566406,27.54956817626953,2.6549148559570313,70.68486022949219,0.2859954833984375,20.187820434570313,0.2123870849609375,0,227173.16143798828,232384.66833496094,0,34088599552,2147483648,7997112320,0
200,1787751153007,3500,3500,3500,3500,3500,3500,3500,3500,3500,3500,3500,3500,3500,3500,3500,3500,3500,3500,3500,3500,11.634811401367188,0.26689910888671875,61.80421829223633,2.8235244750976563,6.9399261474609375,0.41182708740234375,0.34459686279296875,5.858894348144531,6.4770355224609375,0.3251495361328125,0.3824005126953125,0.33802032470703125,0.46588134765625,43.604854583740234,19.90625762939453,0.28231048583984375,28.807754516601563,2.6959075927734375,24.28716278076172,0.33542633056640625,0,227184.04486083984,232393.37506103516,0,34088599552,2147483648,8009838592,0
200,1787751153208,3500,3500,3500,3500,3500,3500,3500,3500,3500,3500,3500,3500,3500,3500,3500,3500,3500,3500,3500,3500,0.8183517456054688,0.25128936767578125,0.28675079345703125,0.32550048828125,0.3322296142578125,0.292236328125,0.306396484375,3.3306732177734375,3.1012725830078125,2.9285736083984375,2.9680252075195313,0.4398956298828125,2.8123779296875,56.452816009521484,28.868148803710938,0.2383270263671875,37.854949951171875,0.22081756591796875,46.66486358642578,0.24181365966796875,0,227194.97564697266,232402.1382446289,0,34088599552,2147483648,8010194944,0
200,1787751153408,3500,3500,3500,3500,3500,3500,3500,3500,3500,3500,3500,3500,3500,3500,3500,3500,3500,3500,3500,3500,1.0246505737304688,0.2748260498046875,0.714019775390625,0.45879364013671875,0.25373077392578125,0.28375244140625,0.25283050537109375,15.67193603515625,8.001106262207031,0.3493804931640625,0.42049407958984375,0.39031982421875,0.28794097900390625,44.6224250793457,27.094482421875,0.29392242431640625,45.356590270996094,0.22939300537109375,40.05551528930664,0.226898193359375,0,227205.08514404297,232410.10260009766,0,34088599552,2147483648,8003301376,0
200,1787751153609,3500,3500,3500,3500,3500,3500,3500,3500,3500,3500,3500,3500,3500,3500,3500,3500,3500,3500,3500,3500,27.984024047851563,0.2033843994140625,8.008949279785156,0.38732147216796875,6.828742980957031,2.7580108642578125,0.249969482421875,26.336151123046875,74.17185974121094,0.2084197998046875,0.16742706298828125,2.704193115234375,0.2204437255859375,39.66746139526367,20.233322143554688,0.25884246826171875,31.33538055419922,0.20996856689453125,19.049270629882813,2.8045883178710938,0,227216.92987060547,232419.73986816406,0,34088599552,2147483648,8007720960,0
199,1787751153809,3500,3500,3500,3500,3500,3500,3500,3500,3500,3500,3500,3500,3500,3500,3500,3500,3500,3500,3500,3500,1.493499755859375,2.8152008056640625,24.0260009765625,0.36554718017578125,0.25662994384765625,0.18875885009765625,2.7751083374023438,53.96642303466797,50.623748779296875,0.22431182861328125,0.16058349609375,0.2009735107421875,0.23134613037109375,20.076461791992188,35.01348114013672,2.73895263671875,3.3976821899414063,0.25218963623046875,27.81561279296875,0.2254638671875,0,227225.50848388672,232426.16033935547,0,34088599552,2147483648,8008204288,0
200,1787751154009,3500,3500,3500,3500,3500,3500,3500,3500,3500,3500,3500,3500,3500,3500,3500,3500,3500,3500,3500,3500,3.992919921875,0.29744720458984375,4.112983703613281,2.81927490234375,6.00457763671875,0.24896240234375,0.2134246826171875,44.31911087036133,58.36611557006836,0.20168304443359375,0.2384185791015625,0.209930419921875,0.19293212890625,48.40639877319336,33.447608947753906,0.25196075439453125,21.102920532226563,2.7667465209960938,7.185020446777344,0.29979705810546875,0,227232.93670654297,232431.43292236328,0,34088599552,2147483648,8010031104,0
200,1787751154210,3500,3500,3500,3500,3500,3500,3500,3500,3500,3500,3500,3500,3500,3500,3500,3500,3500,3500,3500,3500,0.9173431396484375,0.2251129150390625,0.4500732421875,0.37945556640625,13.118316650390625,0.29273223876953125,0.229949951171875,23.283226013183594,70.2967529296875,2.7532806396484375,2.7134857177734375,0.23394012451171875,2.7286453247070313,8.026908874511719,19.3614501953125,0.231842041015625,78.96592712402344,0.1273651123046875,0.5133056640625,0.41156768798828125,0,227242.53295898438,232438.8681640625,0,34088599552,2147483648,8009973760,0
200,1787751154410,3500,3500,3500,3500,3500,3500,3500,3500,3500,3500,3500,3500,3500,3500,3500,3500,3500,3500,3500,3500,8.6817626953125,0.281707763671875,11.704124450683594,0.382598876953125,12.750083923339844,0.2590179443359375,0.23213958740234375,35.68846893310547,56.335670471191406,0.26580047607421875,0.26430511474609375,0.293182373046875,0.46038818359375,57.19022750854492,15.037528991699219,0.36658477783203125,42.5784797668457,0.28340911865234375,34.61822509765625,0.30016326904296875,0,227254.3741455078,232448.49517822266,0,34088599552,2147483648,8015630336,0
200,1787751154611,3500,3500,3500,3500,3500,3500,3500,3500,3500,3500,3500,3500,3500,3500,3500,3500,3500,3500,3500,3500,0.904083251953125,0.24790191650390625,47.05244064331055,0.256927490234375,8.369941711425781,2.702972412109375,0.179931640625,53.031837463378906,40.459598541259766,0.2277069091796875,0.19618988037109375,2.6820831298828125,0.23319244384765625,12.400642395019531,20.67418670654297,0.2396697998046875,28.91132354736328,0.24550628662109375,1.1062545776367188,2.820770263671875,0,227263.45751953125,232455.41564941406,0,34088599552,2147483648,8015888384,0
200,1787751154811,3500,3500,3500,3500,3500,3500,3500,3500,3500,3500,3500,3500,3500,3500,3500,3500,3500,3500,3500,3500,2.6202545166015625,2.7708206176757813,30.545188903808594,0.300323486328125,8.386619567871094,0.2428741455078125,2.7433395385742188,42.16319274902344,37.7038688659668,17.194198608398438,0.2243194580078125,0.2131500244140625,0.23419952392578125,50.82215881347656,23.850868225097656,2.7719192504882813,4.161888122558594,0.36540985107421875,0.715362548828125,0.30745697021484375,0,227273.04522705078,232462.82989501953,0,34088599552,2147483648,8013819904,0
200,1787751155012,3500,3500,3500,3500,3500,3500,3500,3500,3500,3500,3500,3500,3500,3500,3500,3500,3500,3500,3500,3500,4.062644958496094,0.30912017822265625,23.375511169433594,2.8720932006835938,11.509284973144531,0.207977294921875,0.1949005126953125,42.89690399169922,52.797733306884766,0.35205078125,0.2277984619140625,0.18691253662109375,0.251708984375,5.446990966796875,38.08058166503906,0.24786376953125,45.5423469543457,2.7449417114257813,7.79754638671875,0.29659271240234375,0,227283.32135009766,232471.26873779297,0,34088599552,2147483648,8013246464,0
199,1787751155212,3500,3500,3500,3500,3500,3500,3500,3500,3500,3500,3500,3500,3500,3500,3500,3500,3500,3500,3500,3500,5.044502258300781,0.267852783203125,5.4842529296875,0.39691162109375,10.1397705078125,0.87860107421875,0.2639617919921875,31.31999969482422,53.469696044921875,4.916534423828125,3.9606399536132813,0.8113250732421875,2.768951416015625,27.617385864257813,15.962631225585938,0.337066650390625,70.75287628173828,0.20880126953125,29.06280517578125,0.276031494140625,0,227294.8519897461,232480.9302368164,0,34088599552,2147483648,8028520448,0
200,1787751155412,3500,3500,3500,3500,3500,3500,3500,3500,3500,3500,3500,3500,3500,3500,3500,3500,3500,3500,3500,3500,0.78985595703125,0.4082794189453125,0.26934814453125,0.2774505615234375,0.26165008544921875,0.281646728515625,0.21006011962890625,7.563392639160156,0.29959869384765625,0.24410247802734375,0.23426055908203125,0.2564544677734375,0.39698028564453125,55.27887725830078,5.709022521972656,0.1862640380859375,29.807151794433594,0.19061279296875,72.05481719970703,0.16477203369140625,0,227304.68884277344,232488.20825195313,0,34088599552,2147483648,8041295872,0
199,1787751155613,3500,3500,3500,3500,3500,3500,3500,3500,3500,3500,3500,3500,3500,3500,3500,3500,3500,3500,3500,3500,0.9199447631835938,0.29770660400390625,0.309722900390625,0.36113739013671875,0.31052398681640625,2.8515853881835938,0.2624969482421875,0.31261444091796875,0.27935028076171875,0.3560028076171875,0.36672210693359375,2.8863372802734375,0.18186187744140625,96.42559814453125,12.049667358398438,0.314910888671875,11.646339416503906,0.27741241455078125,86.16814422607422,2.710357666015625,0,227317.8193359375,232498.92993164063,0,34088599552,2147483648,8041185280,0
200,1787751155813,3500,3500,3500,3500,3500,3500,3500,3500,3500,3500,3500,3500,3500,3500,3500,3500,3500,3500,3500,3500,3.575103759765625,2.751617431640625,5.199073791503906,0.26280975341796875,0.37294769287109375,0.41963958740234375,2.924896240234375,0.5785675048828125,0.2867584228515625,0.26226043701171875,0.18282318115234375,0.3188018798828125,0.14682769775390625,93.3083267211914,63.81657791137695,2.6845245361328125,35.764678955078125,0.28920745849609375,33.589630126953125,0.22906494140625,0,227329.2119140625,232508.1541748047,0,34088599552,2147483648,8038866944,0
200,1787751156013,3500,3500,3500,3500,3500,3500,3500,3500,3500,3500,3500,3500,3500,3500,3500,3500,3500,3500,3500,3500,4.626838684082031,0.2498321533203125,26.40918731689453,2.8691253662109375,2.8621368408203125,0.3100433349609375,0.29467010498046875,48.23467254638672,0.5702133178710938,0.2872772216796875,0.30440521240234375,0.2830810546875,0.23435211181640625,54.09609603881836,57.530494689941406,0.25557708740234375,35.81849670410156,2.8109664916992188,21.046829223632813,0.2905731201171875,0,227341.2471923828,232518.00720214844,0,34088599552,2147483648,8038699008,0
200,1787751156214,3500,3500,3500,3500,3500,3500,3500,3500,3500,3500,3500,3500,3500,3500,3500,3500,3500,3500,3500,3500,0.8650894165039063,0.22808837890625,0.411651611328125,0.424072265625,0.15069580078125,0.16381072998046875,0.15927886962890625,100,3.02508544921875,2.80133056640625,2.8148956298828125,0.2727203369140625,0.18595123291015625,54.12160873413086,28.872695922851563,0.25960540771484375,23.370872497558594,0.3177490234375,0.3400421142578125,0.35799407958984375,0,227350.30102539063,232524.9149169922,0,34088599552,2147483648,8038703104,0
200,1787751156414,3500,3500,3500,3500,3500,3500,3500,3500,3500,3500,3500,3500,3500,3500,3500,3500,3500,3500,3500,3500,0.867034912109375,0.29137420654296875,0.44406890869140625,0.4745330810546875,0.18520355224609375,0.1928863525390625,0.196075439453125,100,0.36956024169921875,0.37470245361328125,0.2935638427734375,0.31316375732421875,2.7573928833007813,38.496341705322266,2.7118148803710938,0.32692718505859375,62.633392333984375,0.2510833740234375,2.7460708618164063,0.3247833251953125,0,227361.5245361328,232533.99853515625,0,34088599552,2147483648,8031895552,0
200,1787751156615,3500,3500,3500,3500,3500,3500,3500,3500,3500,3500,3500,3500,3500,3500,3500,3500,3500,3500,3500,3500,25.600059509277344,0.22072601318359375,1.6912155151367188,0.38574981689453125,0.12996673583984375,2.6942214965820313,0.13091278076171875,100,1.012176513671875,0.26979827880859375,0.22681427001953125,2.8603363037109375,0.31194305419921875,19.372848510742188,62.30733108520508,0.221923828125,23.527328491210938,0.23239898681640625,7.73919677734375,2.643402099609375,0,227372.10327148438,232542.39208984375,0,34088599552,2147483648,8034820096,0
200,1787751156815,3500,3500,3500,3500,3500,3500,3500,3500,3500,3500,3500,3500,3500,3500,3500,3500,3500,3500,3500,3500,0.8306350708007813,2.7664947509765625,70.86880493164063,0.24835205078125,0.1647186279296875,0.16497039794921875,2.6898880004882813,100,0.2793731689453125,0.28436279296875,0.3625030517578125,0.33203125,0.26441192626953125,26.653602600097656,12.060226440429688,2.8027496337890625,24.35942840576172,0.24097442626953125,1.2320404052734375,0.45406341552734375,0,227384.75970458984,232552.8969116211,0,34088599552,2147483648,8036786176,0
200,1787751157016,3500,3500,3500,3500,3500,3500,3500,3500,3500,3500,3500,3500,3500,3500,3500,3500,3500,3500,3500,3500,3.8758468627929688,0.2797088623046875,0.37104034423828125,2.89453125,3.3046035766601563,0.36620330810546875,0.3029632568359375,11.492721557617188,91.69009399414063,0.16211700439453125,0.17449188232421875,0.16620635986328125,0.23987579345703125,22.333152770996094,81.8468017578125,0.1583709716796875,10.487602233886719,2.8025436401367188,3.613006591796875,0.27690887451171875,0,227396.23565673828,232562.21801757813,0,34088599552,2147483648,8037040128,0
200,1787751157216,3500,3500,3500,3500,3500,3500,3500,3500,3500,3500,3500,3500,3500,3500,3500,3500,3500,3500,3500,3500,0.8719711303710938,0.27707672119140625,0.30644989013671875,0.34499359130859375,0.336517333984375,0.281463623046875,0.3229522705078125,3.467529296875,100,2.7058181762695313,2.6884613037109375,0.162628173828125,0.24341583251953125,28.89423370361328,45.8155517578125,0.2411651611328125,27.954444885253906,0.29233551025390625,4.419830322265625,0.3472442626953125,0,227405.49829101563,232569.33612060547,0,34088599552,2147483648,8037019648,0
200,1787751157417,3500,3500,3500,3500,3500,3500,3500,3500,3500,3500,3500,3500,3500,3500,3500,3500,3500,3500,3500,3500,5.022705078125,0.190948486328125,23.855453491210938,0.29541778564453125,11.062332153320313,0.1757354736328125,0.19902801513671875,21.381027221679688,61.19346237182617,0.16616058349609375,0.1584320068359375,0.18062591552734375,2.7342910766601563,30.326194763183594,52.792213439941406,0.22869873046875,20.466941833496094,0.23403167724609375,24.30815887451172,0.298614501953125,0,227415.42755126953,232577.05780029297,0,34088599552,2147483648,8038502400,0
200,1787751157617,3500,3500,3500,3500,3500,3500,3500,3500,3500,3500,3500,3500,3500,3500,3500,3500,3500,3500,3500,3500,0.9198837280273438,0.27602386474609375,0.4036407470703125,0.337066650390625,0.17638397216796875,2.6994171142578125,0.17578887939453125,100,0.266448974609375,0.3452911376953125,0.3233489990234375,2.8129196166992188,0.22710418701171875,54.58681106567383,2.1251678466796875,0.3251953125,25.425559997558594,0.24456024169921875,24.71222686767578,0.2729339599609375,0,227426.62475585938,232586.10052490234,0,34088599552,2147483648,8038502400,0
200,1787751157818,3500,3500,3500,3500,3500,3500,3500,3500,3500,3500,3500,3500,3500,3500,3500,3500,3500,3500,3500,3500,0.9294662475585938,2.827545166015625,2.9610977172851563,0.430572509765625,0.189605712890625,0.1905975341796875,2.2985763549804688,100,0.34719085693359375,0.3216094970703125,0.2987213134765625,0.29323577880859375,0.23004913330078125,50.85152053833008,28.65435791015625,2.8322296142578125,27.296859741210938,0.257080078125,1.1335830688476563,2.845550537109375,0,227437.29370117188,232594.64715576172,0,34088599552,2147483648,8038498304,0
199,1787751158018,3500,3500,3500,3500,3500,3500,3500,3500,3500,3500,3500,3500,3500,3500,3500,3500,3500,3500,3500,3500,3.7460098266601563,0.31510162353515625,0.3885955810546875,2.92535400390625,2.9072418212890625,0.14994049072265625,0.5261154174804688,92.5184097290039,10.107017517089844,1.09234619140625,0.23077392578125,0.2244873046875,0.20667266845703125,15.33056640625,20.670082092285156,0.341796875,54.935577392578125,2.7078018188476563,24.887168884277344,0.2143096923828125,0,227446.36071777344,232601.5450439453,0,34088599552,2147483648,8038633472,0
200,1787751158218,3500,3500,3500,3500,3500,3500,3500,3500,3500,3500,3500,3500,3500,3500,3500,3500,3500,3500,3500,3500,0.9139022827148438,0.24221038818359375,18.988525390625,0.35443878173828125,0.13942718505859375,0.14757537841796875,0.13993072509765625,100,2.8165359497070313,2.7845916748046875,1.1885528564453125,0.27890777587890625,0.2119140625,53.776302337646484,25.20575714111328,0.24636077880859375,19.1217041015625,0.256256103515625,15.059623718261719,0.25160980224609375,0,227457.5008544922,232610.5073852539,0,34088599552,2147483648,8040738816,0
200,1787751158419,3500,3500,3500,3500,3500,3500,3500,3500,3500,3500,3500,3500,3500,3500,3500,3500,3500,3500,3500,3500,0.831878662109375,0.27486419677734375,0.346923828125,0.32418060302734375,0.48081207275390625,0.1938323974609375,0.200714111328125,93.89482879638672,6.933204650878906,0.2749176025390625,1.875335693359375,0.3319091796875,2.7204742431640625,66.27035522460938,35.09020233154297,0.25083160400390625,4.076744079589844,0.32802581787109375,2.2392120361328125,0.3231353759765625,0,227468.39990234375,232619.2529296875,0,34088599552,2147483648,8040337408,0
199,1787751158619,3500,3500,3500,3500,3500,3500,3500,3500,3500,3500,3500,3500,3500,3500,3500,3500,3500,3500,3500,3500,0.8948211669921875,0.2856597900390625,0.3598175048828125,0.31737518310546875,0.18975830078125,2.7303009033203125,0.17983245849609375,84.28607177734375,16.271629333496094,0.26361083984375,0.2031707763671875,2.8305892944335938,0.2219696044921875,45.720130920410156,16.100669860839844,0.27458953857421875,39.614463806152344,0.29094696044921875,10.103424072265625,0.3079986572265625,0,227478.58337402344,232627.3148803711,0,34088599552,2147483648,8040402944,0
200,1787751158819,3500,3500,3500,3500,3500,3500,3500,3500,3500,3500,3500,3500,3500,3500,3500,3500,3500,3500,3500,3500,2.3441314697265625,2.8289794921875,2.8109283447265625,0.30511474609375,0.25131988525390625,0.28936767578125,0.4333038330078125,0.37285614013671875,14.598838806152344,0.34261322021484375,0.32761383056640625,0.4340972900390625,0.221923828125,8.962028503417969,43.33586120605469,2.7322921752929688,54.68706512451172,0.18353271484375,11.201522827148438,2.7958297729492188,0,227488.2381591797,232635.37438964844,0,34088599552,2147483648,8015863808,0
200,1787751159020,3500,3500,3500,3500,3500,3500,3500,3500,3500,3500,3500,3500,3500,3500,3500,3500,3500,3500,3500,3500,3.618499755859375,0.8219680786132813,44.923526763916016,2.7491531372070313,2.7873611450195313,0.23731231689453125,2.8143386840820313,0.34703826904296875,0.4469451904296875,0.33641815185546875,0.32115936279296875,0.4309844970703125,0.23023223876953125,16.786392211914063,25.304580688476563,0.19831085205078125,37.191043853759766,2.7470550537109375,9.839469909667969,0.27407073974609375,0,227497.12298583984,232641.49658203125,0,34088599552,2147483648,8015228928,0
202,1787751159220,3500,3500,3500,3500,3500,3500,3500,3500,3500,3500,3500,3500,3500,3500,3500,3500,3500,3500,3500,3500,0.6147918701171875,1.051483154296875,6.51446533203125,0.34297943115234375,0.23116302490234375,0.234405517578125,0.32976531982421875,2.7918624877929688,2.7820892333984375,2.7981948852539063,0.291412353515625,0.31230926513671875,0.2242279052734375,11.371833801269531,43.64725112915039,0.231109619140625,40.62053298950195,0.2219390869140625,7.53497314453125,0.3214874267578125,0,227505.77020263672,232647.9790649414,0,34088599552,2147483648,8015687680,0
199,1787751159423,3500,3500,3500,3500,3500,3500,3500,3500,3500,3500,3500,3500,3500,3500,3500,3500,3500,3500,3500,3500,0.35050201416015625,0.7531661987304688,3.57666015625,0.13260650634765625,0.12612152099609375,0.0574188232421875,0.09117889404296875,0.190765380859375,0.13082122802734375,0.055389404296875,2.6427230834960938,0.1371612548828125,2.6224288940429688,13.640144348144531,46.5703010559082,0.02381134033203125,26.00635528564453,0.0481109619140625,22.686737060546875,0.0711822509765625,0,227515.27514648438,232655.3413696289,0,34088599552,2147483648,8015912960,0
200,1787751159623,3500,3500,3500,3500,3500,3500,3500,3500,3500,3500,3500,3500,3500,3500,3500,3500,3500,3500,3500,3500,1.3141326904296875,1.02410888671875,5.1030731201171875,0.5145721435546875,0.4832000732421875,0.4499359130859375,0.4867401123046875,0.494171142578125,0.5230484008789063,0.42684173583984375,0.5109786987304688,2.954559326171875,0.46085357666015625,11.862236022949219,11.401626586914063,0.4878387451171875,72.54434967041016,0.39806365966796875,28.77447509765625,0.45043182373046875,0,227527.0216064453,232664.92254638672,0,34088599552,2147483648,8016715776,0
200,1787751159823,3500,3500,3500,3500,3500,3500,3500,3500,3500,3500,3500,3500,3500,3500,3500,3500,3500,3500,3500,3500,2.0193023681640625,3.3033523559570313,5.899070739746094,0.28546905517578125,0.30431365966796875,2.7982025146484375,0.26985931396484375,0.47432708740234375,0.38251495361328125,0.30796051025390625,0.4257049560546875,0.38156890869140625,0.2235260009765625,14.336456298828125,25.678070068359375,2.759246826171875,74.7403564453125,0.154449462890625,2.64788818359375,2.7894210815429688,0,227537.46826171875,232673.24688720703,0,34088599552,2147483648,8015536128,0
200,1787751160024,3500,3500,3500,3500,3500,3500,3500,3500,3500,3500,3500,3500,3500,3500,3500,3500,3500,3500,3500,3500,3.5358428955078125,0.8405609130859375,0.428436279296875,2.8329010009765625,2.8626861572265625,0.27610015869140625,2.8527603149414063,1.076751708984375,0.5143814086914063,0.46978759765625,0.5198745727539063,0.41422271728515625,0.21239471435546875,27.515716552734375,2.9405517578125,0.35710906982421875,61.9334716796875,2.7292022705078125,23.253089904785156,0.3106689453125,0,227548.0877685547,232681.72198486328,0,34088599552,2147483648,8014995456,0
200,1787751160224,3500,3500,3500,3500,3500,3500,3500,3500,3500,3500,3500,3500,3500,3500,3500,3500,3500,3500,3500,3500,0.5474472045898438,0.9597015380859375,25.566360473632813,0.25397491455078125,0.27471923828125,0.23372650146484375,0.28649139404296875,1.65545654296875,2.93536376953125,2.8908309936523438,0.4230804443359375,0.32892608642578125,0.2148284912109375,3.4026718139648438,2.1512451171875,0.2774658203125,1.4861068725585938,0.31142425537109375,74.74571228027344,0.19019317626953125,0,227556.60430908203,232688.11639404297,0,34088599552,2147483648,8014995456,0
200,1787751160425,3500,3500,3500,3500,3500,3500,3500,3500,3500,3500,3500,3500,3500,3500,3500,3500,3500,3500,3500,3500,3.0263671875,0.9283981323242188,67.14080810546875,0.1958465576171875,0.18292999267578125,0.3029632568359375,0.32525634765625,1.8513107299804688,0.2774810791015625,0.26910400390625,2.8363113403320313,0.26142120361328125,2.7526321411132813,14.755378723144531,12.048782348632813,0.2417755126953125,33.820159912109375,0.31284332275390625,4.764625549316406,0.3230133056640625,0,227566.42584228516,232695.74835205078,0,34088599552,2147483648,8016609280,0
200,1787751160625,3500,3500,3500,3500,3500,3500,3500,3500,3500,3500,3500,3500,3500,3500,3500,3500,3500,3500,3500,3500,0.608306884765625,1.4988784790039063,0.355224609375,0.3246002197265625,0.38843536376953125,0.4343109130859375,0.35372161865234375,0.31757354736328125,0.3100433349609375,0.30849456787109375,0.34360504150390625,2.7973403930664063,0.28400421142578125,3.5725631713867188,24.73963165283203,0.276275634765625,74.94349670410156,0.20940399169921875,2.9529800415039063,0.35721588134765625,0,227575.6866455078,232702.8787841797,0,34088599552,2147483648,8016601088,0
200,1787751160826,3500,3500,3500,3500,3500,3500,3500,3500,3500,3500,3500,3500,3500,3500,3500,3500,3500,3500,3500,3500,0.524322509765625,3.6389389038085938,2.9279327392578125,0.3551025390625,0.3738555908203125,2.9153671264648438,0.245330810546875,0.34726715087890625,0.33734893798828125,0.2728118896484375,0.255950927734375,0.18492889404296875,0.24871826171875,2.6607666015625,33.49439239501953,2.7145767211914063,55.276939392089844,0.18827056884765625,16.8388671875,2.8841934204101563,0,227583.30786132813,232708.3676147461,0,34088599552,2147483648,8016601088,0
200,1787751161026,3500,3500,3500,3500,3500,3500,3500,3500,3500,3500,3500,3500,3500,3500,3500,3500,3500,3500,3500,3500,3.42669677734375,0.69488525390625,0.31735992431640625,2.8778457641601563,2.8675613403320313,0.34784698486328125,2.8751983642578125,0.37493133544921875,0.20525360107421875,0.26811981201171875,0.25833892822265625,0.2860260009765625,0.2009124755859375,22.27172088623047,28.642715454101563,0.20934295654296875,62.098915100097656,2.7304611206054688,3.0094070434570313,0.30074310302734375,0,227593.02716064453,232715.94427490234,0,34088599552,2147483648,8016732160,0
200,1787751161227,3500,3500,3500,3500,3500,3500,3500,3500,3500,3500,3500,3500,3500,3500,3500,3500,3500,3500,3500,3500,0.5605087280273438,1.033294677734375,0.718109130859375,0.32830810546875,0.3627166748046875,0.48166656494140625,0.40660858154296875,0.373687744140625,2.8964614868164063,2.8263931274414063,0.31683349609375,0.358978271484375,0.22806549072265625,7.524627685546875,13.850479125976563,0.2320556640625,60.80719757080078,0.22586822509765625,31.039390563964844,0.2126007080078125,0,227600.26251220703,232721.02557373047,0,34088599552,2147483648,8016715776,0
200,1787751161427,3500,3500,3500,3500,3500,3500,3500,3500,3500,3500,3500,3500,3500,3500,3500,3500,3500,3500,3500,3500,0.545562744140625,0.8965225219726563,0.317047119140625,0.2999420166015625,0.30432891845703125,0.2845306396484375,0.2960968017578125,2.828521728515625,0.34722137451171875,0.33669281005859375,2.8683700561523438,0.28726959228515625,2.7974014282226563,7.4746856689453125,24.96112060546875,0.24468231201171875,75.25822448730469,0.1775970458984375,0.3124542236328125,0.2873687744140625,0,227610.28302001953,232729.14306640625,0,34088599552,2147483648,8004349952,0
199,1787751161628,3500,3500,3500,3500,3500,3500,3500,3500,3500,3500,3500,3500,3500,3500,3500,3500,3500,3500,3500,3500,0.48227691650390625,1.17327880859375,0.40218353271484375,0.4052276611328125,0.28498077392578125,0.301239013671875,0.3240814208984375,0.26837158203125,0.29405975341796875,0.30577850341796875,0.27884674072265625,2.8249053955078125,0.2193450927734375,3.2154693603515625,15.539939880371094,0.2475738525390625,85.63199615478516,0.1485748291015625,1.6794052124023438,0.35764312744140625,0,227619.9471435547,232736.44146728516,0,34088599552,2147483648,8004206592,0
200,1787751161828,3500,3500,3500,3500,3500,3500,3500,3500,3500,3500,3500,3500,3500,3500,3500,3500,3500,3500,3500,3500,0.7559356689453125,3.9047775268554688,0.36672210693359375,0.3782196044921875,0.25341033935546875,2.7382888793945313,0.196533203125,0.2698516845703125,0.4560394287109375,0.32923126220703125,0.38436126708984375,0.4112548828125,0.25066375732421875,2.781768798828125,24.232070922851563,2.6988525390625,80.19357299804688,0.1295013427734375,0.36887359619140625,2.9013824462890625,0,227629.08142089844,232743.43591308594,0,34088599552,2147483648,8004177920,0
200,1787751162028,3500,3500,3500,3500,3500,3500,3500,3500,3500,3500,3500,3500,3500,3500,3500,3500,3500,3500,3500,3500,3.10418701171875,0.8927459716796875,3.503875732421875,2.9034194946289063,2.8986282348632813,0.3474578857421875,2.7607192993164063,0.277313232421875,0.48397064208984375,0.37792205810546875,0.36603546142578125,0.36348724365234375,0.23981475830078125,17.009689331054688,14.354522705078125,0.2382659912109375,82.04838562011719,2.7032470703125,11.583915710449219,0.340972900390625,0,227637.17767333984,232749.39422607422,0,34088599552,2147483648,8003756032,0
200,1787751162228,3500,3500,3500,3500,3500,3500,3500,3500,3500,3500,3500,3500,3500,3500,3500,3500,3500,3500,3500,3500,0.614898681640625,1.3950729370117188,0.46605682373046875,0.43125152587890625,0.39176177978515625,0.5347137451171875,0.37712860107421875,0.3808746337890625,0.4876251220703125,3.0148849487304688,0.37123870849609375,0.37892913818359375,0.2569427490234375,1.2849273681640625,1.4200897216796875,0.282257080078125,58.28611755371094,0.20900726318359375,42.33751678466797,0.30248260498046875,0,227644.14031982422,232754.2393798828,0,34088599552,2147483648,8003739648,0
199,1787751162429,3500,3500,3500,3500,3500,3500,3500,3500,3500,3500,3500,3500,3500,3500,3500,3500,3500,3500,3500,3500,0.5475082397460938,1.6082229614257813,0.401092529296875,0.42119598388671875,0.3401031494140625,0.4315643310546875,0.339508056640625,3.431884765625,2.7756576538085938,0.1989288330078125,2.862579345703125,0.27841949462890625,2.7468795776367188,1.7342453002929688,2.3340682983398438,0.209503173828125,100,0.131103515625,0.28156280517578125,0.32678985595703125,0,227654.08282470703,232762.0376586914,0,34088599552,2147483648,8003739648,0
200,1787751162629,3500,3500,3500,3500,3500,3500,3500,3500,3500,3500,3500,3500,3500,3500,3500,3500,3500,3500,3500,3500,2.161590576171875,1.234100341796875,21.73150634765625,0.31354522705078125,0.41461181640625,0.43480682373046875,0.35703277587890625,0.9117050170898438,0.16364288330078125,0.27326202392578125,0.21347808837890625,2.8336715698242188,0.196136474609375,10.648170471191406,33.05250549316406,0.194732666015625,78.73544311523438,0.16994476318359375,9.555633544921875,0.2461700439453125,0,227663.40435791016,232769.1944580078,0,34088599552,2147483648,8008503296,0
200,1787751162829,3500,3500,3500,3500,3500,3500,3500,3500,3500,3500,3500,3500,3500,3500,3500,3500,3500,3500,3500,3500,2.2904586791992188,3.0653457641601563,5.809043884277344,0.286895751953125,0.37158966064453125,2.97955322265625,0.343475341796875,0.48095703125,0.34506988525390625,0.33438873291015625,0.31575775146484375,0.42966461181640625,0.21833038330078125,11.622230529785156,6.267425537109375,2.7282638549804688,84.06756591796875,0.1479644775390625,0.28919219970703125,2.8473663330078125,0,227672.41497802734,232776.07489013672,0,34088599552,2147483648,8008503296,0
200,1787751163030,3500,3500,3500,3500,3500,3500,3500,3500,3500,3500,3500,3500,3500,3500,3500,3500,3500,3500,3500,3500,2.9293289184570313,1.2053604125976563,4.708381652832031,1.9315185546875,2.8575897216796875,0.332275390625,2.8227615356445313,3.5290679931640625,0.48004913330078125,0.4316558837890625,0.36829376220703125,0.37238311767578125,0.26935577392578125,19.11589813232422,55.85541534423828,0.17142486572265625,35.438621520996094,2.7415924072265625,3.2244338989257813,0.28302764892578125,0,227681.6767578125,232783.20404052734,0,34088599552,2147483648,8009150464,0
200,1787751163230,3500,3500,3500,3500,3500,3500,3500,3500,3500,3500,3500,3500,3500,3500,3500,3500,3500,3500,3500,3500,0.5680160522460938,1.44281005859375,76.8338623046875,1.0879974365234375,0.32764434814453125,0.29804229736328125,0.36614227294921875,0.3574066162109375,0.39890289306640625,2.8611526489257813,0.394256591796875,0.4544219970703125,0.32830047607421875,1.233245849609375,1.5228500366210938,0.27921295166015625,23.958297729492188,0.3774261474609375,0.48493194580078125,0.4369964599609375,0,227690.65490722656,232790.06256103516,0,34088599552,2147483648,8009150464,0
200,1787751163430,3500,3500,3500,3500,3500,3500,3500,3500,3500,3500,3500,3500,3500,3500,3500,3500,3500,3500,3500,3500,3.6082305908203125,0.6889114379882813,28.188751220703125,0.2763214111328125,0.7256622314453125,0.2639923095703125,0.258697509765625,2.8239517211914063,4.1852874755859375,0.235076904296875,2.80133056640625,0.2969970703125,6.726371765136719,0.618408203125,13.798881530761719,0.23697662353515625,57.54226303100586,0.17975616455078125,28.22480010986328,0.279022216796875,0,227699.69305419922,232796.94146728516,0,34088599552,2147483648,8010723328,0
200,1787751163630,3500,3500,3500,3500,3500,3500,3500,3500,3500,3500,3500,3500,3500,3500,3500,3500,3500,3500,3500,3500,0.5704193115234375,0.30014801025390625,0.392608642578125,0.40164947509765625,0.234832763671875,0.26806640625,0.2019500732421875,0.3050994873046875,0.240478515625,0.2889556884765625,0.31589508056640625,2.7723312377929688,0.303497314453125,0.3022003173828125,2.3704757690429688,0.24578094482421875,100,0.1120452880859375,0.5796127319335938,0.2804107666015625,0,227708.06866455078,232803.19842529297,0,34088599552,2147483648,8010723328,0
199,1787751163831,3500,3500,3500,3500,3500,3500,3500,3500,3500,3500,3500,3500,3500,3500,3500,3500,3500,3500,3500,3500,0.5709152221679688,0.3710784912109375,0.37487030029296875,0.4065093994140625,0.348663330078125,2.8374404907226563,0.27535247802734375,0.328155517578125,0.26885986328125,0.338134765625,0.33124542236328125,0.319122314453125,0.321563720703125,0.33873748779296875,4.737091064453125,2.82611083984375,100,0.15526580810546875,0.329254150390625,2.8401870727539063,0,227715.50274658203,232808.5111694336,0,34088599552,2147483648,8010723328,0
200,1787751164031,3500,3500,3500,3500,3500,3500,3500,3500,3500,3500,3500,3500,3500,3500,3500,3500,3500,3500,3500,3500,3.05413818359375,2.8343887329101563,2.9307174682617188,0.35086822509765625,2.7599563598632813,0.19675445556640625,2.7636032104492188,0.27408599853515625,1.0933456420898438,0.2700347900390625,0.24019622802734375,0.21375274658203125,0.3183746337890625,2.8621292114257813,8.968498229980469,0.164215087890625,97.22090148925781,2.615234375,6.579963684082031,0.22454833984375,0,227724.90887451172,232815.77435302734,0,34088599552,2147483648,8010833920,0
200,1787751164231,3500,3500,3500,3500,3500,3500,3500,3500,3500,3500,3500,3500,3500,3500,3500,3500,3500,3500,3500,3500,1.811798095703125,0.33281707763671875,26.683456420898438,2.858062744140625,0.28636932373046875,0.2879638671875,0.30194854736328125,0.22562408447265625,0.326324462890625,2.8734970092773438,0.36038970947265625,0.37128448486328125,0.4783782958984375,0.27931976318359375,6.001792907714844,0.263092041015625,36.53367233276367,0.20149993896484375,57.73761749267578,0.202850341796875,0,227733.77178955078,232822.4898071289,0,34088599552,2147483648,8010907648,0
200,1787751164431,3500,3500,3500,3500,3500,3500,3500,3500,3500,3500,3500,3500,3500,3500,3500,3500,3500,3500,3500,3500,0.7712326049804688,0.43365478515625,0.3682403564453125,0.32624053955078125,0.3338775634765625,0.317352294921875,0.37902069091796875,2.9029998779296875,3.3948287963867188,0.2801971435546875,2.8472213745117188,0.37772369384765625,2.9070968627929688,0.32094573974609375,2.0768890380859375,0.3072662353515625,87.23295593261719,0.19365692138671875,13.422721862792969,0.33043670654296875,0,227742.9237060547,232829.52966308594,0,34088599552,2147483648,8010907648,0
200,1787751164631,3500,3500,3500,3500,3500,3500,3500,3500,3500,3500,3500,3500,3500,3500,3500,3500,3500,3500,3500,3500,0.59381103515625,0.31958770751953125,30.48480224609375,0.27112579345703125,0.2943572998046875,0.258087158203125,0.237152099609375,0.254791259765625,0.29880523681640625,0.24394989013671875,0.21277618408203125,2.7615737915039063,0.37718963623046875,0.37579345703125,3.2786941528320313,0.2571868896484375,38.96855163574219,0.17415618896484375,31.260406494140625,0.27092742919921875,0,227751.84295654297,232836.32696533203,0,34088599552,2147483648,8010907648,0
200,1787751164832,3500,3500,3500,3500,3500,3500,3500,3500,3500,3500,3500,3500,3500,3500,3500,3500,3500,3500,3500,3500,6.0491790771484375,0.2585296630859375,22.381484985351563,0.25273895263671875,0.3223724365234375,2.8017807006835938,0.38088226318359375,0.350830078125,0.30240631103515625,0.202972412109375,0.25113677978515625,0.2238311767578125,0.49578857421875,0.32082366943359375,10.750312805175781,2.7546539306640625,83.33853149414063,0.1373748779296875,5.665557861328125,2.8524932861328125,0,227762.23510742188,232844.5474243164,0,34088599552,2147483648,8018464768,0
200,1787751165032,3500,3500,3500,3500,3500,3500,3500,3500,3500,3500,3500,3500,3500,3500,3500,3500,3500,3500,3500,3500,3.0904006958007813,2.8885574340820313,13.816429138183594,0.29846954345703125,2.9890289306640625,0.36878204345703125,2.949127197265625,0.40313720703125,0.5405120849609375,0.27819061279296875,0.2749481201171875,0.22930908203125,0.39904022216796875,2.9221115112304688,6.283363342285156,0.20543670654296875,87.96884155273438,2.6838150024414063,5.258674621582031,0.34206390380859375,0,227771.90795898438,232852.08966064453,0,34088599552,2147483648,8019742720,0
200,1787751165232,3500,3500,3500,3500,3500,3500,3500,3500,3500,3500,3500,3500,3500,3500,3500,3500,3500,3500,3500,3500,0.5415725708007813,0.29695892333984375,11.540824890136719,2.7974777221679688,0.4700927734375,0.375885009765625,0.3704376220703125,0.47234344482421875,0.26569366455078125,2.7728042602539063,0.25495147705078125,0.2437591552734375,0.3342742919921875,0.3397216796875,10.370018005371094,0.2410125732421875,83.08889770507813,0.12827301025390625,0.4372711181640625,0.26844024658203125,0,227780.9678955078,232859.03173828125,0,34088599552,2147483648,8019742720,0
200,1787751165433,3500,3500,3500,3500,3500,3500,3500,3500,3500,3500,3500,3500,3500,3500,3500,3500,3500,3500,3500,3500,0.5471954345703125,0.29222869873046875,0.58087158203125,0.3086395263671875,0.461944580078125,0.403076171875,0.37758636474609375,2.9729385375976563,2.7307968139648438,0.27008056640625,2.8313674926757813,0.277069091796875,2.80352783203125,0.28279876708984375,3.487213134765625,0.2065277099609375,82.26097869873047,0.134490966796875,19.649391174316406,0.24443817138671875,0,227790.98962402344,232866.92950439453,0,34088599552,2147483648,8020492288,0
199,1787751165633,3500,3500,3500,3500,3500,3500,3500,3500,3500,3500,3500,3500,3500,3500,3500,3500,3500,3500,3500,3500,0.48711395263671875,0.29398345947265625,34.50946044921875,0.2224884033203125,0.46509552001953125,0.3496551513671875,0.34221649169921875,0.465240478515625,0.23966217041015625,0.3270416259765625,0.21764373779296875,2.7554092407226563,0.290740966796875,0.2739105224609375,7.72509765625,0.24370574951171875,68.22703552246094,0.1603240966796875,2.7249069213867188,0.26222991943359375,0,227799.69146728516,232873.47393798828,0,34088599552,2147483648,8020705280,0
200,1787751165833,3500,3500,3500,3500,3500,3500,3500,3500,3500,3500,3500,3500,3500,3500,3500,3500,3500,3500,3500,3500,0.6247711181640625,0.30901336669921875,0.29401397705078125,0.34090423583984375,0.4669647216796875,2.8991546630859375,0.3459014892578125,0.4720611572265625,0.28491973876953125,0.28766632080078125,0.33895111083984375,0.306610107421875,0.305908203125,0.32495880126953125,7.338409423828125,2.8265228271484375,81.25312805175781,0.15500640869140625,16.872573852539063,2.8408203125,0,227808.72332763672,232880.39935302734,0,34088599552,2147483648,8020705280,0
200,1787751166033,3500,3500,3500,3500,3500,3500,3500,3500,3500,3500,3500,3500,3500,3500,3500,3500,3500,3500,3500,3500,3.0157012939453125,2.767608642578125,2.773101806640625,0.27297210693359375,2.9009170532226563,0.30768585205078125,2.8895339965820313,0.4234161376953125,0.5148696899414063,0.38690185546875,0.3114776611328125,0.279815673828125,0.281463623046875,1.1423797607421875,11.488899230957031,0.20818328857421875,12.091285705566406,2.7405853271484375,86.55061340332031,0.13321685791015625,0,227817.6512451172,232887.18914794922,0,34088599552,2147483648,8022597632,0
200,1787751166233,3500,3500,3500,3500,3500,3500,3500,3500,3500,3500,3500,3500,3500,3500,3500,3500,3500,3500,3500,3500,0.6302566528320313,0.30646514892578125,0.30501556396484375,2.8523330688476563,0.5182647705078125,0.3650054931640625,0.451629638671875,0.3591156005859375,0.43784332275390625,0.3748016357421875,0.38973236083984375,0.422607421875,0.30356597900390625,1.9158554077148438,1.9603652954101563,0.2549591064453125,89.68670654296875,0.16449737548828125,13.294357299804688,0.2753448486328125,0,227826.3226928711,232893.7657470703,0,34088599552,2147483648,8022597632,0
200,1787751166434,3500,3500,3500,3500,3500,3500,3500,3500,3500,3500,3500,3500,3500,3500,3500,3500,3500,3500,3500,3500,5.7135467529296875,0.34995269775390625,35.14013671875,0.27508544921875,0.6744232177734375,0.296234130859375,0.36740875244140625,2.8015823364257813,3.2768325805664063,2.8852767944335938,2.929168701171875,0.3495025634765625,29.70831298828125,0.25872802734375,27.205406188964844,0.19857025146484375,32.06092834472656,0.213287353515625,12.971206665039063,0.2227630615234375,0,227834.4281616211,232899.70581054688,0,34088599552,2147483648,8015781888,0
200,1787751166634,3500,3500,3500,3500,3500,3500,3500,3500,3500,3500,3500,3500,3500,3500,3500,3500,3500,3500,3500,3500,0.6082534790039063,0.3238983154296875,0.3277435302734375,0.29958343505859375,0.25894927978515625,0.29314422607421875,0.2928466796875,0.3166046142578125,0.4875946044921875,0.38385009765625,0.47580718994140625,2.9227981567382813,0.30857086181640625,0.32938385009765625,19.730941772460938,0.231292724609375,60.22685623168945,0.2210540771484375,23.716781616210938,0.340423583984375,0,227842.435546875,232905.58587646484,0,34088599552,2147483648,8015687680,0
200,1787751166834,3500,3500,3500,3500,3500,3500,3500,3500,3500,3500,3500,3500,3500,3500,3500,3500,3500,3500,3500,3500,2.1658096313476563,0.32064056396484375,0.2555084228515625,0.29323577880859375,0.26918792724609375,2.7601776123046875,0.26628875732421875,0.28250885009765625,0.3067626953125,0.32846832275390625,0.28585052490234375,0.258056640625,0.30721282958984375,0.25965118408203125,5.053886413574219,2.7631683349609375,87.5918197631836,0.11777496337890625,13.193130493164063,2.8329315185546875,0,227851.56494140625,232912.60284423828,0,34088599552,2147483648,8015675392,0
200,1787751167035,3500,3500,3500,3500,3500,3500,3500,3500,3500,3500,3500,3500,3500,3500,3500,3500,3500,3500,3500,3500,3.5834732055664063,2.8925857543945313,4.1004486083984375,0.2497711181640625,2.7771453857421875,0.26776123046875,2.81787109375,0.23882293701171875,0.5714035034179688,0.27201080322265625,0.2417755126953125,0.18810272216796875,0.7564010620117188,0.310638427734375,9.950332641601563,0.21224212646484375,79.474853515625,2.6395645141601563,23.16925811767578,0.2723541259765625,0,227862.22772216797,232921.62225341797,0,34088599552,2147483648,8015634432,0
201,1787751167235,3500,3500,3500,3500,3500,3500,3500,3500,3500,3500,3500,3500,3500,3500,3500,3500,3500,3500,3500,3500,1.1904296875,0.34454345703125,80.5341796875,2.6816177368164063,0.26554107666015625,0.2885284423828125,0.2664337158203125,0.28778076171875,0.32274627685546875,0.28229522705078125,0.29396820068359375,0.168731689453125,0.37291717529296875,2.9149322509765625,9.345901489257813,0.21575927734375,20.377296447753906,0.20503997802734375,4.4901580810546875,0.28763580322265625,0,227871.52813720703,232928.82287597656,0,34088599552,2147483648,8013291520,0
200,1787751167437,3500,3500,3500,3500,3500,3500,3500,3500,3500,3500,3500,3500,3500,3500,3500,3500,3500,3500,3500,3500,0,0,5.52777099609375,0,0,0,0,1.8831405639648438,2.1927337646484375,1.9323883056640625,1.8591690063476563,0,1.97833251953125,0,4.675270080566406,0,94.0294418334961,0,0,0,0,227881.7006225586,232936.3041381836,0,34088599552,2147483648,8012963840,0
200,1787751167637,3500,3500,3500,3500,3500,3500,3500,3500,3500,3500,3500,3500,3500,3500,3500,3500,3500,3500,3500,3500,0.5250701904296875,0.211395263671875,0.22719573974609375,0.22314453125,0.21904754638671875,0.14846038818359375,0.2455902099609375,0.15316009521484375,0.28443145751953125,0.27783203125,0.2684326171875,2.2183609008789063,0.21239471435546875,0.23389434814453125,6.096260070800781,0.14361572265625,96.29625701904297,0.04279327392578125,0.561614990234375,0.30597686767578125,0,227890.62268066406,232943.10223388672,0,34088599552,2147483648,8012918784,0
199,1787751167838,3500,3500,3500,3500,3500,3500,3500,3500,3500,3500,3500,3500,3500,3500,3500,3500,3500,3500,3500,3500,8.561408996582031,0.31342315673828125,0.29648590087890625,0.26136016845703125,0.2079010009765625,2.7242431640625,0.22473907470703125,0.20795440673828125,0.43953704833984375,0.42779541015625,0.39186859130859375,1.0753250122070313,0.264862060546875,0.27515411376953125,15.695640563964844,2.7274932861328125,66.26085662841797,0.137603759765625,32.52361297607422,2.7833023071289063,0,227898.68322753906,232949.03204345703,0,34088599552,2147483648,8015085568,0
199,1787751168038,3500,3500,3500,3500,3500,3500,3500,3500,3500,3500,3500,3500,3500,3500,3500,3500,3500,3500,3500,3500,0.555816650390625,2.9277725219726563,10.65277099609375,0.3339691162109375,2.8842010498046875,0.38343048095703125,2.8394317626953125,0.347808837890625,0.6614913940429688,0.6705322265625,0.5049972534179688,0.4839630126953125,0.37134552001953125,0.33736419677734375,6.3708343505859375,0.28475189208984375,65.3214340209961,2.7810745239257813,30.27477264404297,0.35595703125,0,227906.97564697266,232955.19091796875,0,34088599552,2147483648,8015147008,0
200,1787751168238,3500,3500,3500,3500,3500,3500,3500,3500,3500,3500,3500,3500,3500,3500,3500,3500,3500,3500,3500,3500,3.126068115234375,0.29773712158203125,0.41064453125,2.9342422485351563,0.255950927734375,0.26070404052734375,0.29123687744140625,0.3026885986328125,0.30263519287109375,0.29193878173828125,0.3248748779296875,0.28839111328125,0.30953216552734375,2.7949447631835938,13.724266052246094,0.19127655029296875,60.33867263793945,0.211273193359375,32.19159698486328,0.29803466796875,0,227917.8309326172,232963.92553710938,0,34088599552,2147483648,8015147008,0
199,1787751168438,3500,3500,3500,3500,3500,3500,3500,3500,3500,3500,3500,3500,3500,3500,3500,3500,3500,3500,3500,3500,0.5632781982421875,0.30243682861328125,0.36838531494140625,0.3806610107421875,0.30762481689453125,0.27033233642578125,0.35025787353515625,2.8256454467773438,3.2389068603515625,2.8135147094726563,2.786651611328125,0.323699951171875,2.8128662109375,0.2957916259765625,2.6702804565429688,0.20648193359375,100,0.13698577880859375,0.5181045532226563,0.5184478759765625,0,227926.3052368164,232970.2759399414,0,34088599552,2147483648,8015138816,0
200,1787751168638,3500,3500,3500,3500,3500,3500,3500,3500,3500,3500,3500,3500,3500,3500,3500,3500,3500,3500,3500,3500,0.5089950561523438,0.31421661376953125,0.5699844360351563,0.321014404296875,0.26322174072265625,0.30921173095703125,0.19957733154296875,0.201080322265625,0.44805145263671875,0.44515228271484375,0.37606048583984375,0.302764892578125,0.25061798095703125,0.2765655517578125,8.772308349609375,0.1957244873046875,49.318878173828125,0.1672821044921875,52.538814544677734,0.1893310546875,0,227935.35821533203,232977.20489501953,0,34088599552,2147483648,8015142912,0
200,1787751168838,3500,3500,3500,3500,3500,3500,3500,3500,3500,3500,3500,3500,3500,3500,3500,3500,3500,3500,3500,3500,0.6108245849609375,0.3437042236328125,0.4112548828125,0.419342041015625,0.3014984130859375,2.9109268188476563,0.4273223876953125,0.32843780517578125,0.30533599853515625,0.3424072265625,0.2604827880859375,2.8200225830078125,0.272705078125,0.33258056640625,14.046943664550781,2.4545669555664063,47.02912521362305,0.180511474609375,46.82197570800781,2.759857177734375,0,227943.51733398438,232983.24041748047,0,34088599552,2147483648,8015142912,0
200,1787751169039,3500,3500,3500,3500,3500,3500,3500,3500,3500,3500,3500,3500,3500,3500,3500,3500,3500,3500,3500,3500,0.5596466064453125,2.8593597412109375,2.8329391479492188,0.37839508056640625,1.4049835205078125,0.25637054443359375,2.8104629516601563,0.2335968017578125,0.35741424560546875,0.29238128662109375,0.2641143798828125,0.2913818359375,0.30092620849609375,0.29488372802734375,10.743843078613281,0.4483642578125,94.50493621826172,2.65478515625,3.0681381225585938,0.37799072265625,0,227953.9716796875,232991.56768798828,0,34088599552,2147483648,8015273984,0
200,1787751169239,3500,3500,3500,3500,3500,3500,3500,3500,3500,3500,3500,3500,3500,3500,3500,3500,3500,3500,3500,3500,3.1670379638671875,0.2740020751953125,0.6459426879882813,2.979248046875,1.6177291870117188,0.308563232421875,0.297576904296875,0.25746917724609375,0.19184112548828125,0.274200439453125,0.3292388916015625,0.3314361572265625,0.31156158447265625,2.7978439331054688,14.623275756835938,0.25257110595703125,72.0997314453125,0.20023345947265625,20.73674774169922,0.2855377197265625,0,227963.59185791016,232999.05920410156,0,34088599552,2147483648,8015273984,0
200,1787751169439,3500,3500,3500,3500,3500,3500,3500,3500,3500,3500,3500,3500,3500,3500,3500,3500,3500,3500,3500,3500,12.516166687011719,0.28499603271484375,11.606758117675781,0.31990814208984375,0.32564544677734375,0.46744537353515625,0.4097900390625,2.9378662109375,2.912628173828125,2.8066329956054688,2.7823944091796875,0.3145751953125,8.9718017578125,0.3082427978515625,22.981887817382813,0.27996063232421875,37.885719299316406,0.2245941162109375,56.77323913574219,0.22409820556640625,0,227975.50555419922,233008.80010986328,0,34088599552,2147483648,8015323136,0
200,1787751169640,3500,3500,3500,3500,3500,3500,3500,3500,3500,3500,3500,3500,3500,3500,3500,3500,3500,3500,3500,3500,0.7086181640625,0.3151397705078125,7.8962860107421875,0.3114471435546875,0.35907745361328125,0.5101089477539063,0.49318695068359375,0.48070526123046875,0.2952728271484375,0.321380615234375,0.31829071044921875,0.19391632080078125,0.4002227783203125,0.43671417236328125,21.580726623535156,0.20729827880859375,27.61975860595703,0.214385986328125,47.134483337402344,0.2559814453125,0,227983.7763671875,233014.94647216797,0,34088599552,2147483648,8015323136,0
200,1787751169840,3500,3500,3500,3500,3500,3500,3500,3500,3500,3500,3500,3500,3500,3500,3500,3500,3500,3500,3500,3500,0.6358184814453125,0.35529327392578125,0.3802337646484375,0.40981292724609375,0.37978363037109375,3.0300827026367188,0.4008331298828125,0.44757080078125,0.2706451416015625,0.312347412109375,0.26944732666015625,2.858795166015625,0.388763427734375,0.422882080078125,20.880088806152344,0.212738037109375,49.499732971191406,0.18121337890625,35.24988555908203,2.8315658569335938,0,227991.47332763672,233020.52996826172,0,34088599552,2147483648,8015323136,0
199,1787751170041,3500,3500,3500,3500,3500,3500,3500,3500,3500,3500,3500,3500,3500,3500,3500,3500,3500,3500,3500,3500,0.51275634765625,2.8126602172851563,3.909423828125,0.31201171875,0.30487823486328125,0.40152740478515625,2.85546875,0.3332672119140625,1.2282943725585938,0.25942230224609375,0.223297119140625,0.243499755859375,0.4451446533203125,0.45212554931640625,6.825370788574219,2.77099609375,88.44598388671875,2.6506881713867188,17.47718048095703,0.23557281494140625,0,227999.62298583984,233026.53497314453,0,34088599552,2147483648,8015450112,0
200,1787751170241,3500,3500,3500,3500,3500,3500,3500,3500,3500,3500,3500,3500,3500,3500,3500,3500,3500,3500,3500,3500,3.1478652954101563,0.2795867919921875,0.5580215454101563,2.8283004760742188,2.9912033081054688,0.353546142578125,0.40746307373046875,0.39836883544921875,0.27838897705078125,0.30097198486328125,0.24820709228515625,0.30716705322265625,0.4186553955078125,2.95751953125,6.204124450683594,0.2677459716796875,91.46868133544922,0.15810394287109375,13.455039978027344,0.32405853271484375,0,228009.03814697266,233033.8275756836,0,34088599552,2147483648,8015450112,0
200,1787751170441,3500,3500,3500,3500,3500,3500,3500,3500,3500,3500,3500,3500,3500,3500,3500,3500,3500,3500,3500,3500,0.6330184936523438,0.29618072509765625,0.32135009765625,0.2755584716796875,0.32674407958984375,0.3328857421875,0.29673004150390625,2.9536514282226563,2.8142242431640625,2.7860107421875,2.8673629760742188,0.20714569091796875,2.8730545043945313,0.3544158935546875,1.9624786376953125,0.234161376953125,17.73187255859375,0.212890625,84.28239440917969,0.15655517578125,0,228017.65948486328,233040.30792236328,0,34088599552,2147483648,8015450112,0
199,1787751170641,3500,3500,3500,3500,3500,3500,3500,3500,3500,3500,3500,3500,3500,3500,3500,3500,3500,3500,3500,3500,11.19573974609375,0.27243804931640625,36.05600357055664,0.275482177734375,0.9457321166992188,0.27617645263671875,0.281219482421875,0.2671966552734375,11.694534301757813,2.1881179809570313,0.40421295166015625,0.2723846435546875,3.7521438598632813,0.2928009033203125,37.71492004394531,0.255462646484375,68.08837127685547,0.16436767578125,48.228023529052734,0.2302093505859375,0,228028.30419921875,233048.7667236328,0,34088599552,2147483648,8041172992,0
200,1787751170841,3500,3500,3500,3500,3500,3500,3500,3500,3500,3500,3500,3500,3500,3500,3500,3500,3500,3500,3500,3500,32.30119323730469,0.29732513427734375,61.938514709472656,0.2744293212890625,3.1373138427734375,2.8486328125,0.38373565673828125,0.24474334716796875,5.722564697265625,0.5832977294921875,0.42511749267578125,2.9987716674804688,66.6307144165039,0.23654937744140625,60.901756286621094,0.2745819091796875,78.64674377441406,0.21511077880859375,74.47102355957031,2.7772140502929688,0,228044.74743652344,233062.97479248047,0,34088599552,2147483648,8068624384,0
200,1787751171042,3500,3500,3500,3500,3500,3500,3500,3500,3500,3500,3500,3500,3500,3500,3500,3500,3500,3500,3500,3500,34.70317840576172,2.858062744140625,42.377586364746094,0.31036376953125,0.5992355346679688,0.350860595703125,3.0038375854492188,0.46273040771484375,1.9716033935546875,0.434600830078125,0.357696533203125,0.306427001953125,14.509590148925781,0.38248443603515625,51.56032180786133,2.7824478149414063,72.1937484741211,0.23839569091796875,65.6663818359375,0.2433319091796875,0,228058.1255493164,233074.1021118164,0,34088599552,2147483648,8077402112,0
199,1787751171242,3500,3500,3500,3500,3500,3500,3500,3500,3500,3500,3500,3500,3500,3500,3500,3500,3500,3500,3500,3500,3.301605224609375,0.34212493896484375,7.6323394775390625,2.9397659301757813,4.6624298095703125,0.26332855224609375,0.30036163330078125,0.314178466796875,93.332763671875,0.18299102783203125,0.15824127197265625,0.14202117919921875,0.3807525634765625,2.8311843872070313,36.69147872924805,0.24521636962890625,41.53629684448242,2.7491455078125,37.40567398071289,0.232391357421875,0,228069.9910888672,233083.8594970703,0,34088599552,2147483648,8042262528,0
200,1787751171442,3500,3500,3500,3500,3500,3500,3500,3500,3500,3500,3500,3500,3500,3500,3500,3500,3500,3500,3500,3500,0.48731231689453125,0.32076263427734375,0.305816650390625,0.35100555419921875,0.258331298828125,0.274322509765625,0.2275390625,2.8364639282226563,11.061843872070313,2.7889251708984375,2.7889785766601563,0.18795013427734375,2.8052215576171875,0.3018646240234375,10.101310729980469,0.2636260986328125,82.03221893310547,0.164703369140625,11.454483032226563,0.287322998046875,0,228078.65045166016,233090.3930053711,0,34088599552,2147483648,8041676800,0
200,1787751171643,3500,3500,3500,3500,3500,3500,3500,3500,3500,3500,3500,3500,3500,3500,3500,3500,3500,3500,3500,3500,0.5937881469726563,0.3100738525390625,0.30667877197265625,0.32100677490234375,0.328643798828125,0.2534637451171875,0.41042327880859375,0.29788970947265625,2.4529342651367188,0.29105377197265625,0.26879119873046875,0.30982208251953125,0.31696319580078125,0.28136444091796875,16.45025634765625,0.23303985595703125,65.56893920898438,0.20328521728515625,32.78394317626953,0.23089599609375,0,228087.40258789063,233096.98864746094,0,34088599552,2147483648,8019329024,0
200,1787751171843,3500,3500,3500,3500,3500,3500,3500,3500,3500,3500,3500,3500,3500,3500,3500,3500,3500,3500,3500,3500,0.5284423828125,0.28275299072265625,0.22760009765625,0.2651214599609375,0.223358154296875,2.7821273803710938,0.207122802734375,0.18279266357421875,0.210113525390625,0.256378173828125,0.1876373291015625,2.712188720703125,0.28655242919921875,0.2612762451171875,10.011398315429688,0.214813232421875,87.44731140136719,0.0738372802734375,8.625701904296875,2.7302780151367188,0,228096.35205078125,233103.7987060547,0,34088599552,2147483648,8019329024,0
200,1787751172043,3500,3500,3500,3500,3500,3500,3500,3500,3500,3500,3500,3500,3500,3500,3500,3500,3500,3500,3500,3500,0.5835723876953125,2.9227066040039063,2.878173828125,0.34842681884765625,0.37892913818359375,0.38811492919921875,2.8460159301757813,0.3268585205078125,0.537445068359375,1.670440673828125,0.32860565185546875,0.31816864013671875,0.4410858154296875,0.43788909912109375,7.2282257080078125,2.8016357421875,89.83783721923828,0.17623138427734375,9.115188598632813,0.2996978759765625,0,228105.69415283203,233111.01208496094,0,34088599552,2147483648,8018427904,0
200,1787751172243,3500,3500,3500,3500,3500,3500,3500,3500,3500,3500,3500,3500,3500,3500,3500,3500,3500,3500,3500,3500,3.1352081298828125,0.3323974609375,2.3846969604492188,2.887786865234375,2.8301544189453125,0.3347930908203125,0.251068115234375,0.336334228515625,0.33100128173828125,0.49040985107421875,0.33658599853515625,0.40145111083984375,0.39650726318359375,2.9067459106445313,12.374099731445313,0.231109619140625,50.3261833190918,2.7361068725585938,46.80708694458008,0.28484344482421875,0,228115.97381591797,233119.1685180664,0,34088599552,2147483648,8018132992,0
200,1787751172444,3500,3500,3500,3500,3500,3500,3500,3500,3500,3500,3500,3500,3500,3500,3500,3500,3500,3500,3500,3500,0.4795379638671875,0.2842559814453125,54.22243881225586,0.18953704833984375,0.20062255859375,0.2169647216796875,0.25212860107421875,2.6886672973632813,2.9143753051757813,2.8628692626953125,2.8050689697265625,0.186187744140625,0.5081558227539063,0.3468475341796875,7.102638244628906,0.16040802001953125,20.103721618652344,0.2755584716796875,33.06398010253906,0.2077178955078125,0,228126.4912109375,233127.53442382813,0,34088599552,2147483648,8018173952,0
199,1787751172644,3500,3500,3500,3500,3500,3500,3500,3500,3500,3500,3500,3500,3500,3500,3500,3500,3500,3500,3500,3500,0.6184768676757813,0.37267303466796875,23.371498107910156,0.36138916015625,0.3491058349609375,0.3707275390625,0.3411712646484375,0.3491058349609375,2.989532470703125,0.37561798095703125,0.29763031005859375,0.339569091796875,2.6573562622070313,0.41097259521484375,3.5166397094726563,0.300628662109375,77.60637664794922,0.2584381103515625,0.42165374755859375,0.3740234375,0,228135.75567626953,233134.67626953125,0,34088599552,2147483648,8018186240,0
200,1787751172844,3500,3500,3500,3500,3500,3500,3500,3500,3500,3500,3500,3500,3500,3500,3500,3500,3500,3500,3500,3500,0.5140533447265625,0.346282958984375,0.32239532470703125,0.3135528564453125,0.24793243408203125,2.8267898559570313,0.3190460205078125,0.1730194091796875,0.32109832763671875,0.2317352294921875,0.3335418701171875,2.7706680297851563,0.34203338623046875,0.3377838134765625,3.8394012451171875,0.2739715576171875,99.98001098632813,0.13883209228515625,0.89666748046875,2.795654296875,0,228144.89459228516,233141.70001220703,0,34088599552,2147483648,8018235392,0
200,1787751173044,3500,3500,3500,3500,3500,3500,3500,3500,3500,3500,3500,3500,3500,3500,3500,3500,3500,3500,3500,3500,1.9012603759765625,2.800323486328125,19.162429809570313,0.27248382568359375,0.27642822265625,0.28421783447265625,2.802520751953125,0.2013092041015625,0.426025390625,0.22930908203125,0.24413299560546875,0.23859405517578125,0.269989013671875,0.30777740478515625,19.440505981445313,2.71142578125,72.75685119628906,0.1481475830078125,13.764877319335938,0.2353515625,0,228154.1622314453,233148.8189086914,0,34088599552,2147483648,8018006016,0
200,1787751173245,3500,3500,3500,3500,3500,3500,3500,3500,3500,3500,3500,3500,3500,3500,3500,3500,3500,3500,3500,3500,3.3758010864257813,0.33159637451171875,15.758331298828125,2.7681350708007813,2.7639923095703125,0.27567291259765625,0.27481842041015625,0.26877593994140625,0.28356170654296875,0.292999267578125,0.238922119140625,0.37178802490234375,0.339935302734375,2.8752365112304688,5.867515563964844,0.2495574951171875,76.97128295898438,2.6854476928710938,23.551300048828125,0.22613525390625,0,228163.35260009766,233155.86157226563,0,34088599552,2147483648,8018264064,0
200,1787751173445,3500,3500,3500,3500,3500,3500,3500,3500,3500,3500,3500,3500,3500,3500,3500,3500,3500,3500,3500,3500,0.6260757446289063,0.3262481689453125,0.36359405517578125,0.325897216796875,0.49141693115234375,0.34217071533203125,0.35570526123046875,2.8496780395507813,3.236541748046875,2.9573822021484375,2.8988571166992188,0.40523529052734375,0.4412384033203125,0.42725372314453125,3.1957931518554688,0.36634063720703125,91.59935760498047,0.17525482177734375,9.272682189941406,0.299835205078125,0,228172.51373291016,233162.9028930664,0,34088599552,2147483648,8018239488,0
200,1787751173645,3500,3500,3500,3500,3500,3500,3500,3500,3500,3500,3500,3500,3500,3500,3500,3500,3500,3500,3500,3500,0.5481796264648438,0.320220947265625,0.46096038818359375,0.32476806640625,0.39965057373046875,0.3518218994140625,0.49047088623046875,0.4141845703125,0.348876953125,0.291961669921875,0.26275634765625,0.32431793212890625,2.880706787109375,0.33535003662109375,8.292083740234375,0.21512603759765625,92.06787872314453,0.14682769775390625,3.0825576782226563,0.3131866455078125,0,228181.0767211914,233169.35260009766,0,34088599552,2147483648,8018235392,0
200,1787751173845,3500,3500,3500,3500,3500,3500,3500,3500,3500,3500,3500,3500,3500,3500,3500,3500,3500,3500,3500,3500,0.8814163208007813,0.268524169921875,24.890304565429688,0.23999786376953125,0.38942718505859375,2.8775634765625,0.4447784423828125,0.42334747314453125,0.2750701904296875,0.243194580078125,0.22336578369140625,2.798980712890625,0.36989593505859375,0.36309814453125,5.574028015136719,0.20782470703125,63.9984130859375,0.16301727294921875,15.659713745117188,1.4070816040039063,0,228190.77264404297,233176.90368652344,0,34088599552,2147483648,8018239488,0
199,1787751174046,3500,3500,3500,3500,3500,3500,3500,3500,3500,3500,3500,3500,3500,3500,3500,3500,3500,3500,3500,3500,3.8126068115234375,2.8488922119140625,4.637825012207031,0.3198089599609375,0.2490081787109375,0.2741546630859375,2.8299331665039063,0.2552947998046875,0.28104400634765625,0.28049468994140625,0.27400970458984375,0.19876861572265625,0.38910675048828125,0.36920166015625,9.898101806640625,2.7793426513671875,69.95773315429688,0.18784332275390625,33.291587829589844,1.622344970703125,0,228200.12963867188,233184.1199951172,0,34088599552,2147483648,8018354176,0
200,1787751174246,3500,3500,3500,3500,3500,3500,3500,3500,3500,3500,3500,3500,3500,3500,3500,3500,3500,3500,3500,3500,3.0857086181640625,0.33708953857421875,0.27881622314453125,2.8444747924804688,2.8869094848632813,0.269866943359375,0.3152008056640625,0.3232421875,0.4348907470703125,0.28516387939453125,0.30280303955078125,0.2876129150390625,0.314300537109375,2.83453369140625,20.083709716796875,0.21979522705078125,49.262882232666016,2.715240478515625,42.01902770996094,0.22943878173828125,0,228209.13739013672,233191.00103759766,0,34088599552,2147483648,8018354176,0
199,1787751174446,3500,3500,3500,3500,3500,3500,3500,3500,3500,3500,3500,3500,3500,3500,3500,3500,3500,3500,3500,3500,0.5870819091796875,0.3560791015625,0.33457183837890625,0.33457183837890625,0.4275054931640625,0.34899139404296875,0.340057373046875,2.8879318237304688,2.872314453125,2.91229248046875,2.8016357421875,0.243377685546875,0.3628692626953125,0.3360137939453125,3.1912612915039063,0.29224395751953125,100,0.16870880126953125,0.40415191650390625,0.43584442138671875,0,228218.74365234375,233198.47875976563,0,34088599552,2147483648,8018350080,0
199,1787751174646,3500,3500,3500,3500,3500,3500,3500,3500,3500,3500,3500,3500,3500,3500,3500,3500,3500,3500,3500,3500,0.6871490478515625,0.25849151611328125,26.793922424316406,0.24619293212890625,0.4391021728515625,0.4253082275390625,0.313629150390625,0.31697845458984375,0.31137847900390625,0.1734619140625,0.25199127197265625,0.25634002685546875,2.8215179443359375,0.24849700927734375,8.434318542480469,0.2295989990234375,54.764488220214844,0.140716552734375,23.421875,0.21704864501953125,0,228227.77069091797,233205.3677368164,0,34088599552,2147483648,8016982016,0
199,1787751174846,3500,3500,3500,3500,3500,3500,3500,3500,3500,3500,3500,3500,3500,3500,3500,3500,3500,3500,3500,3500,2.1694793701171875,0.3361968994140625,0.316650390625,0.29821014404296875,0.46990203857421875,2.9150009155273438,0.3434906005859375,0.3302459716796875,0.29280853271484375,0.2616729736328125,0.28896331787109375,2.7903900146484375,0.39947509765625,0.39557647705078125,2.8898086547851563,0.26177215576171875,100,0.1277618408203125,0.6289596557617188,0.35659027099609375,0,228236.19494628906,233211.67156982422,0,34088599552,2147483648,8016965632,0
200,1787751175046,3500,3500,3500,3500,3500,3500,3500,3500,3500,3500,3500,3500,3500,3500,3500,3500,3500,3500,3500,3500,0.6809310913085938,2.9149093627929688,2.8284378051757813,0.323272705078125,0.44962310791015625,0.3436126708984375,1.6320571899414063,0.295684814453125,0.5667266845703125,0.23195648193359375,0.28673553466796875,0.32157135009765625,0.39864349365234375,0.4014434814453125,7.085365295410156,2.7779617309570313,99.30307006835938,0.1429443359375,2.1912384033203125,2.8920669555664063,0,228247.1134033203,233220.46032714844,0,34088599552,2147483648,8017063936,0
200,1787751175247,3500,3500,3500,3500,3500,3500,3500,3500,3500,3500,3500,3500,3500,3500,3500,3500,3500,3500,3500,3500,3.158538818359375,0.3079681396484375,0.35101318359375,2.8699951171875,2.775726318359375,0.2934417724609375,1.3956527709960938,0.2224884033203125,0.53375244140625,0.23596954345703125,0.2683258056640625,0.3009796142578125,0.28530120849609375,2.8016357421875,4.323509216308594,0.22823333740234375,65.25142669677734,2.679656982421875,40.830230712890625,0.28914642333984375,0,228256.43310546875,233227.65649414063,0,34088599552,2147483648,8017063936,0
200,1787751175447,3500,3500,3500,3500,3500,3500,3500,3500,3500,3500,3500,3500,3500,3500,3500,3500,3500,3500,3500,3500,1.2343215942382813,0.333465576171875,46.82075119018555,0.22728729248046875,0.23572540283203125,0.268890380859375,0.2727813720703125,2.799163818359375,2.8316726684570313,2.8266830444335938,0.21624755859375,0.2300872802734375,0.27532958984375,0.30060577392578125,5.829704284667969,0.21794891357421875,33.28715515136719,0.18138885498046875,27.48955535888672,0.26055145263671875,0,228265.59436035156,233234.6717529297,0,34088599552,2147483648,8017063936,0
200,1787751175648,3500,3500,3500,3500,3500,3500,3500,3500,3500,3500,3500,3500,3500,3500,3500,3500,3500,3500,3500,3500,0.5758743286132813,0.35296630859375,0.391510009765625,0.3794403076171875,0.22071075439453125,0.30229949951171875,0.3340606689453125,0.33077239990234375,0.7949447631835938,0.29431915283203125,2.807952880859375,0.311126708984375,2.829498291015625,0.342742919921875,15.460540771484375,0.2907257080078125,64.45932006835938,0.19921875,27.445701599121094,0.3115234375,0,228274.62579345703,233241.5760498047,0,34088599552,2147483648,8017039360,0
200,1787751175848,3500,3500,3500,3500,3500,3500,3500,3500,3500,3500,3500,3500,3500,3500,3500,3500,3500,3500,3500,3500,0.5295486450195313,0.28813934326171875,0.382110595703125,0.397735595703125,0.2172393798828125,2.8026275634765625,0.2197418212890625,0.285247802734375,0.27236175537109375,0.3061676025390625,0.26507568359375,2.7541961669921875,0.31945037841796875,0.25598907470703125,1.958770751953125,0.2658233642578125,90.48678588867188,0.11678314208984375,10.32501220703125,0.28025054931640625,0,228283.57781982422,233248.40521240234,0,34088599552,2147483648,8017035264,0
199,1787751176048,3500,3500,3500,3500,3500,3500,3500,3500,3500,3500,3500,3500,3500,3500,3500,3500,3500,3500,3500,3500,2.929168701171875,2.8166961669921875,3.4577407836914063,0.3756866455078125,1.0595474243164063,0.2839508056640625,0.27570343017578125,0.22599029541015625,3.3060989379882813,3.2033767700195313,0.26566314697265625,0.2652587890625,3.6305694580078125,0.34960174560546875,8.338874816894531,2.7410507202148438,97.84628295898438,0.11821746826171875,5.0260772705078125,2.7888717651367188,0,228293.18725585938,233255.87182617188,0,34088599552,2147483648,8017100800,0
200,1787751176248,3500,3500,3500,3500,3500,3500,3500,3500,3500,3500,3500,3500,3500,3500,3500,3500,3500,3500,3500,3500,5.531158447265625,0.2901153564453125,31.415145874023438,2.7691726684570313,2.8044586181640625,0.19886016845703125,2.8152542114257813,0.2708282470703125,0.8015823364257813,0.26602935791015625,0.27862548828125,0.2610321044921875,28.784156799316406,2.7688751220703125,20.619117736816406,0.261383056640625,36.22053909301758,2.785369873046875,7.73614501953125,0.24153900146484375,0,228303.74310302734,233264.28283691406,0,34088599552,2147483648,8016625664,0
200,1787751176448,3500,3500,3500,3500,3500,3500,3500,3500,3500,3500,3500,3500,3500,3500,3500,3500,3500,3500,3500,3500,0.5745925903320313,0.39099884033203125,0.39029693603515625,0.33367919921875,0.42874908447265625,0.3679351806640625,0.43264007568359375,2.9046096801757813,2.98590087890625,2.862518310546875,0.27466583251953125,0.318450927734375,0.38550567626953125,0.34236907958984375,2.3572311401367188,0.28993988037109375,100,0.1830902099609375,0.3385772705078125,0.36583709716796875,0,228312.77856445313,233271.1944580078,0,34088599552,2147483648,8016625664,0
200,1787751176649,3500,3500,3500,3500,3500,3500,3500,3500,3500,3500,3500,3500,3500,3500,3500,3500,3500,3500,3500,3500,0.654052734375,0.2821807861328125,0.3566436767578125,0.3656768798828125,0.44842529296875,0.33258819580078125,0.31447601318359375,0.31787109375,0.26696014404296875,0.212860107421875,2.8063583374023438,0.276092529296875,2.7907867431640625,0.29091644287109375,6.994232177734375,0.23397064208984375,85.0762939453125,0.090484619140625,12.274009704589844,0.22663116455078125,0,228321.56420898438,233277.84765625,0,34088599552,2147483648,8014819328,0
200,1787751176849,3500,3500,3500,3500,3500,3500,3500,3500,3500,3500,3500,3500,3500,3500,3500,3500,3500,3500,3500,3500,0.68377685546875,0.2964630126953125,31.912445068359375,0.293121337890625,0.49878692626953125,0.48725128173828125,0.35721588134765625,0.37158966064453125,0.31163787841796875,0.30091094970703125,0.28124237060546875,2.8098983764648438,0.2971649169921875,0.28682708740234375,9.432853698730469,0.248443603515625,8.273353576660156,0.2863311767578125,58.038761138916016,0.231719970703125,0,228330.01971435547,233284.17150878906,0,34088599552,2147483648,8014823424,0
200,1787751177049,3500,3500,3500,3500,3500,3500,3500,3500,3500,3500,3500,3500,3500,3500,3500,3500,3500,3500,3500,3500,0.5750656127929688,2.9055633544921875,35.68871307373047,0.2870330810546875,0.5069961547851563,2.7539291381835938,0.39531707763671875,0.39900970458984375,0.33718109130859375,0.3067626953125,0.31650543212890625,0.34142303466796875,0.31585693359375,0.34577178955078125,12.434745788574219,2.7789993286132813,39.73112487792969,0.3025665283203125,26.102386474609375,2.8020706176757813,0,228338.60192871094,233290.6151123047,0,34088599552,2147483648,8014602240,0
199,1787751177250,3500,3500,3500,3500,3500,3500,3500,3500,3500,3500,3500,3500,3500,3500,3500,3500,3500,3500,3500,3500,3.0339202880859375,0.34674072265625,0.28145599365234375,2.8210830688476563,2.8659133911132813,0.30429840087890625,2.7574462890625,0.29222869873046875,0.32918548583984375,0.681610107421875,0.25732421875,0.313323974609375,0.29073333740234375,2.7945480346679688,10.920730590820313,0.16631317138671875,51.75204086303711,2.7026901245117188,46.89551544189453,0.20780181884765625,0,228349.17028808594,233299.49017333984,0,34088599552,2147483648,8014602240,0
200,1787751177450,3500,3500,3500,3500,3500,3500,3500,3500,3500,3500,3500,3500,3500,3500,3500,3500,3500,3500,3500,3500,0.5980606079101563,0.33135223388671875,0.33014678955078125,0.33774566650390625,0.2423095703125,0.2314605712890625,0.35834503173828125,2.8279571533203125,2.867156982421875,2.7855682373046875,0.27855682373046875,0.3110504150390625,0.3260498046875,0.3095550537109375,10.341789245605469,0.21881866455078125,75.55015563964844,0.17436981201171875,17.771934509277344,0.32250213623046875,0,228358.7564086914,233306.5369873047,0,34088599552,2147483648,8014602240,0
200,1787751177650,3500,3500,3500,3500,3500,3500,3500,3500,3500,3500,3500,3500,3500,3500,3500,3500,3500,3500,3500,3500,0.6843185424804688,0.29816436767578125,0.3555755615234375,0.2868194580078125,0.274078369140625,0.15795135498046875,0.2606353759765625,0.20391845703125,0.7835617065429688,0.26453399658203125,2.7255401611328125,0.20751953125,2.7925491333007813,0.25383758544921875,23.753379821777344,0.22055816650390625,61.37965393066406,0.14900970458984375,29.898025512695313,0.2424468994140625,0,228369.19915771484,233314.83642578125,0,34088599552,2147483648,8015056896,0
200,1787751177850,3500,3500,3500,3500,3500,3500,3500,3500,3500,3500,3500,3500,3500,3500,3500,3500,3500,3500,3500,3500,0.5558929443359375,0.32068634033203125,0.30931854248046875,0.3404388427734375,0.30108642578125,0.36083984375,0.2438812255859375,0.23056793212890625,0.1988983154296875,0.35425567626953125,0.279144287109375,2.8397598266601563,0.33664703369140625,0.29315948486328125,9.582496643066406,0.22797393798828125,93.05532836914063,0.14234161376953125,0.6504058837890625,0.35599517822265625,0,228377.5281982422,233321.47302246094,0,34088599552,2147483648,8015052800,0
200,1787751178051,3500,3500,3500,3500,3500,3500,3500,3500,3500,3500,3500,3500,3500,3500,3500,3500,3500,3500,3500,3500,0.5074996948242188,2.8313980102539063,2.847320556640625,0.3007965087890625,0.298248291015625,2.8406295776367188,0.3377838134765625,0.24184417724609375,0.3377838134765625,0.318817138671875,0.3238525390625,0.29450225830078125,0.3665313720703125,0.33109283447265625,6.5620269775390625,2.7180862426757813,85.02704620361328,0.14630126953125,16.131004333496094,2.8328399658203125,0,228387.47723388672,233328.96875,0,34088599552,2147483648,8015052800,0
200,1787751178251,3500,3500,3500,3500,3500,3500,3500,3500,3500,3500,3500,3500,3500,3500,3500,3500,3500,3500,3500,3500,3.0657272338867188,0.2867279052734375,0.29799652099609375,2.848724365234375,2.87152099609375,0.26732635498046875,2.8128204345703125,0.3619384765625,0.38458251953125,1.5529403686523438,0.26493072509765625,0.3026885986328125,0.3875732421875,2.9172515869140625,22.438247680664063,0.189422607421875,56.48661804199219,2.7110748291015625,29.431838989257813,0.2419891357421875,0,228397.51629638672,233336.7498779297,0,34088599552,2147483648,8015052800,0
200,1787751178452,3500,3500,3500,3500,3500,3500,3500,3500,3500,3500,3500,3500,3500,3500,3500,3500,3500,3500,3500,3500,0.5523300170898438,0.29229736328125,42.09099197387695,0.24222564697265625,0.241729736328125,0.27773284912109375,0.31219482421875,0.8992843627929688,2.781494140625,2.8165054321289063,0.262725830078125,0.24217987060546875,0.39308929443359375,0.39643096923828125,14.990547180175781,0.22657012939453125,50.282325744628906,0.2298126220703125,11.411003112792969,0.296783447265625,0,228407.44561767578,233344.53186035156,0,34088599552,2147483648,8015446016,0
200,1787751178652,3500,3500,3500,3500,3500,3500,3500,3500,3500,3500,3500,3500,3500,3500,3500,3500,3500,3500,3500,3500,0.5177993774414063,0.3347320556640625,31.27434539794922,0.285125732421875,0.25839996337890625,0.31964111328125,0.28827667236328125,2.228607177734375,0.242767333984375,0.27753448486328125,2.7935638427734375,0.30075836181640625,2.8528060913085938,0.3221893310546875,21.67597198486328,0.20944976806640625,51.32557678222656,0.26074981689453125,0.6273956298828125,0.2956695556640625,0,228417.29357910156,233352.2632446289,0,34088599552,2147483648,8015577088,0
200,1787751178852,3500,3500,3500,3500,3500,3500,3500,3500,3500,3500,3500,3500,3500,3500,3500,3500,3500,3500,3500,3500,2.2200851440429688,0.33617401123046875,0.31418609619140625,0.2955474853515625,0.227630615234375,0.3399200439453125,0.22898101806640625,0.300689697265625,0.27585601806640625,0.29090118408203125,0.313385009765625,2.7919845581054688,0.30728912353515625,0.305938720703125,2.3915481567382813,0.22573089599609375,100,0.135528564453125,1.0915756225585938,0.27260589599609375,0,228426.45086669922,233359.28973388672,0,34088599552,2147483648,8015577088,0
200,1787751179052,3500,3500,3500,3500,3500,3500,3500,3500,3500,3500,3500,3500,3500,3500,3500,3500,3500,3500,3500,3500,0.48972320556640625,2.685028076171875,2.6869277954101563,0.178741455078125,0.1851348876953125,2.6797332763671875,0.0329132080078125,0.12070465087890625,0.12015533447265625,0.137939453125,0.2432098388671875,0.1627044677734375,0.14662933349609375,0.18633270263671875,6.541130065917969,2.6407318115234375,78.70564270019531,0.0036468505859375,22.523414611816406,2.6849822998046875,0,228433.82098388672,233364.546875,0,34088599552,2147483648,8015552512,0
200,1787751179253,3500,3500,3500,3500,3500,3500,3500,3500,3500,3500,3500,3500,3500,3500,3500,3500,3500,3500,3500,3500,28.91869354248047,0.5966567993164063,68.33858489990234,2.9059524536132813,3.5113372802734375,2.5206680297851563,3.1583328247070313,0.5483627319335938,2.0753250122070313,1.4684906005859375,0.59765625,0.5454177856445313,2.6807098388671875,2.9022598266601563,13.529617309570313,0.35430145263671875,14.316192626953125,2.8619003295898438,17.50969696044922,2.4459915161132813,0,228445.09924316406,233373.64013671875,0,34088599552,2147483648,8016998400,0
199,1787751179453,3500,3500,3500,3500,3500,3500,3500,3500,3500,3500,3500,3500,3500,3500,3500,3500,3500,3500,3500,3500,0.6963043212890625,0.39417266845703125,15.720870971679688,0.2792205810546875,0.269287109375,0.35015106201171875,0.33107757568359375,0.34830474853515625,8.874443054199219,2.9100494384765625,0.3767547607421875,0.28665924072265625,0.32898712158203125,0.351348876953125,15.2183837890625,0.28116607666015625,79.40211486816406,0.20165252685546875,26.73442840576172,0.2886505126953125,0,228455.32250976563,233381.73046875,0,34088599552,2147483648,8017883136,0
205,1787751179653,3500,3500,3500,3500,3500,3500,3500,3500,3500,3500,3500,3500,3500,3500,3500,3500,3500,3500,3500,3500,0.5739212036132813,0.354400634765625,8.721023559570313,0.29331207275390625,0.43808746337890625,0.282012939453125,0.2476654052734375,2.854217529296875,0.9830703735351563,0.502685546875,3.06573486328125,0.3986968994140625,2.813568115234375,0.30310821533203125,19.807228088378906,0.2306671142578125,50.38454818725586,0.2073211669921875,76.2676010131836,0.1865234375,0,228466.076171875,233390.35382080078,0,34088599552,2147483648,8018071552,0
200,1787751179859,3500,3500,3500,3500,3500,3500,3500,3500,3500,3500,3500,3500,3500,3500,3500,3500,3500,3500,3500,3500,0.15662384033203125,0,1.2603302001953125,0,0,0,0,0,0.00341796875,0.09735870361328125,0.098236083984375,2.4863739013671875,0,0,8.794670104980469,0,98.96160125732422,0,2.21893310546875,0,0,228475.05303955078,233397.09912109375,0,34088599552,2147483648,8018071552,0
200,1787751180059,3500,3500,3500,3500,3500,3500,3500,3500,3500,3500,3500,3500,3500,3500,3500,3500,3500,3500,3500,3500,1.1551361083984375,3.2305068969726563,0.9506683349609375,0.6703033447265625,1.4656982421875,3.1332244873046875,0.6437454223632813,0.6050949096679688,5.543067932128906,4.3878326416015625,1.2851028442382813,0.8383636474609375,1.4068069458007813,0.649566650390625,18.052734375,3.121337890625,86.99142456054688,0.5092544555664063,8.618949890136719,3.1316299438476563,0,228484.7032470703,233404.6483154297,0,34088599552,2147483648,8020176896,0
200,1787751180260,3500,3500,3500,3500,3500,3500,3500,3500,3500,3500,3500,3500,3500,3500,3500,3500,3500,3500,3500,3500,3.943023681640625,0.365631103515625,10.963653564453125,2.9950637817382813,2.8559112548828125,0.3482208251953125,2.860748291015625,0.3156585693359375,0.558441162109375,0.5501632690429688,0.5382919311523438,0.4681243896484375,0.352813720703125,2.8643417358398438,8.953460693359375,0.27919769287109375,45.33529281616211,2.7529678344726563,49.2081413269043,0.27166748046875,0,228494.1339111328,233411.94189453125,0,34088599552,2147483648,8020549632,0
200,1787751180460,3500,3500,3500,3500,3500,3500,3500,3500,3500,3500,3500,3500,3500,3500,3500,3500,3500,3500,3500,3500,1.1423263549804688,0.27812957763671875,9.656097412109375,0.24956512451171875,0.33495330810546875,0.20482635498046875,0.19049835205078125,0.27443695068359375,0.5162582397460938,2.9837646484375,0.49019622802734375,0.33609771728515625,0.7877960205078125,0.249420166015625,3.1882400512695313,0.219757080078125,41.119693756103516,0.19348907470703125,52.583770751953125,0.1709747314453125,0,228503.4434814453,233419.13696289063,0,34088599552,2147483648,8020381696,0
200,1787751180660,3500,3500,3500,3500,3500,3500,3500,3500,3500,3500,3500,3500,3500,3500,3500,3500,3500,3500,3500,3500,1.5065765380859375,0.29559326171875,3.8129348754882813,0.27203369140625,0.20574951171875,0.2584075927734375,0.28311920166015625,2.76641845703125,3.9872894287109375,0.26914215087890625,2.8608627319335938,0.3110198974609375,3.503814697265625,0.315460205078125,10.844169616699219,0.3084716796875,97.4057846069336,0.11785125732421875,6.268089294433594,0.26305389404296875,0,228513.01037597656,233426.5565185547,0,34088599552,2147483648,8022740992,0
200,1787751180861,3500,3500,3500,3500,3500,3500,3500,3500,3500,3500,3500,3500,3500,3500,3500,3500,3500,3500,3500,3500,0.553436279296875,0.36302947998046875,0.437957763671875,0.441650390625,0.34420013427734375,0.34639739990234375,0.3007965087890625,0.3517913818359375,0.3329620361328125,0.360382080078125,0.28615570068359375,2.8186874389648438,0.33355712890625,0.3444976806640625,5.407356262207031,0.28231048583984375,70.10598754882813,0.20743560791015625,27.806686401367188,0.3090362548828125,0,228522.7191772461,233434.14715576172,0,34088599552,2147483648,8022933504,0
200,1787751181061,3500,3500,3500,3500,3500,3500,3500,3500,3500,3500,3500,3500,3500,3500,3500,3500,3500,3500,3500,3500,0.5564804077148438,2.8361663818359375,0.40467071533203125,0.30571746826171875,0.23011016845703125,2.8164215087890625,0.2741546630859375,0.30088043212890625,0.43129730224609375,0.28322601318359375,0.3557891845703125,0.24542236328125,0.29315185546875,0.3102569580078125,9.199043273925781,2.7766189575195313,49.503841400146484,0.21370697021484375,50.5809440612793,2.7388687133789063,0,228532.2032470703,233441.49713134766,0,34088599552,2147483648,8023060480,0
200,1787751181261,3500,3500,3500,3500,3500,3500,3500,3500,3500,3500,3500,3500,3500,3500,3500,3500,3500,3500,3500,3500,3.060302734375,0.2657012939453125,2.797698974609375,2.1737747192382813,2.7675857543945313,0.2547149658203125,2.8032379150390625,0.28302764892578125,0.49779510498046875,0.29276275634765625,0.270294189453125,0.2956085205078125,0.3005523681640625,2.8039398193359375,10.398941040039063,0.26384735107421875,94.81001281738281,2.6480941772460938,3.5526504516601563,0.35692596435546875,0,228540.9337158203,233448.08947753906,0,34088599552,2147483648,8023060480,0
200,1787751181462,3500,3500,3500,3500,3500,3500,3500,3500,3500,3500,3500,3500,3500,3500,3500,3500,3500,3500,3500,3500,0.6233749389648438,0.3020782470703125,38.63674545288086,0.870330810546875,0.45700836181640625,0.5040969848632813,0.32199859619140625,0.33313751220703125,0.2718658447265625,2.8324356079101563,0.25629425048828125,0.28675079345703125,0.291290283203125,0.27980804443359375,5.225090026855469,0.2089080810546875,63.05733108520508,0.17745208740234375,20.766998291015625,0.32733917236328125,0,228549.88494873047,233454.896484375,0,34088599552,2147483648,8026492928,0
200,1787751181662,3500,3500,3500,3500,3500,3500,3500,3500,3500,3500,3500,3500,3500,3500,3500,3500,3500,3500,3500,3500,0.7375564575195313,0.36595916748046875,0.3082427978515625,0.34162139892578125,0.5078125,0.33127593994140625,0.27411651611328125,2.8424530029296875,3.9123916625976563,0.291656494140625,2.779296875,0.26631927490234375,2.8272628784179688,0.33946990966796875,18.04755401611328,0.2713165283203125,77.20076751708984,0.18442535400390625,8.694793701171875,0.2873077392578125,0,228558.03881835938,233460.91931152344,0,34088599552,2147483648,8021250048,0
200,1787751181862,3500,3500,3500,3500,3500,3500,3500,3500,3500,3500,3500,3500,3500,3500,3500,3500,3500,3500,3500,3500,0.5269012451171875,0.33632659912109375,0.3202056884765625,0.31396484375,0.356292724609375,0.2276611328125,0.27004241943359375,0.2878570556640625,0.29824066162109375,0.29425048828125,0.28072357177734375,2.7838058471679688,0.31336212158203125,0.31052398681640625,21.69005584716797,0.28127288818359375,65.72340393066406,0.1873321533203125,16.031959533691406,0.302032470703125,0,228567.63116455078,233468.38677978516,0,34088599552,2147483648,8021229568,0
199,1787751182062,3500,3500,3500,3500,3500,3500,3500,3500,3500,3500,3500,3500,3500,3500,3500,3500,3500,3500,3500,3500,0.45302581787109375,0.27329254150390625,6.614891052246094,0.24950408935546875,0.24395751953125,2.80126953125,0.17383575439453125,0.19222259521484375,0.2443084716796875,0.2564544677734375,0.18762969970703125,0.25789642333984375,0.24475860595703125,0.2624969482421875,5.250221252441406,2.7596282958984375,93.54190063476563,0.0981597900390625,1.5190658569335938,2.7803726196289063,0,228578.37823486328,233477.02026367188,0,34088599552,2147483648,8021000192,0
200,1787751182262,3500,3500,3500,3500,3500,3500,3500,3500,3500,3500,3500,3500,3500,3500,3500,3500,3500,3500,3500,3500,3.099517822265625,2.842559814453125,2.8151168823242188,0.31598663330078125,2.862701416015625,0.300994873046875,2.783233642578125,0.2845001220703125,0.9309768676757813,0.24921417236328125,0.26930999755859375,0.26175689697265625,0.29749298095703125,2.813323974609375,22.229812622070313,0.2037811279296875,65.34111022949219,2.7424468994140625,24.153396606445313,0.2566070556640625,0,228587.5698852539,233484.06396484375,0,34088599552,2147483648,8020770816,0
200,1787751182463,3500,3500,3500,3500,3500,3500,3500,3500,3500,3500,3500,3500,3500,3500,3500,3500,3500,3500,3500,3500,0.4741363525390625,0.23722076416015625,0.237518310546875,2.7614974975585938,0.2366180419921875,0.19428253173828125,0.2633819580078125,0.16806793212890625,0.33892822265625,2.8183670043945313,0.17011260986328125,0.20086669921875,0.25959014892578125,0.3062744140625,8.15191650390625,0.18569183349609375,65.49087524414063,0.104400634765625,31.027435302734375,0.196624755859375,0,228596.99835205078,233491.37341308594,0,34088599552,2147483648,8020680704,0
200,1787751182663,3500,3500,3500,3500,3500,3500,3500,3500,3500,3500,3500,3500,3500,3500,3500,3500,3500,3500,3500,3500,0.5991897583007813,0.3453369140625,0.3798370361328125,0.33794403076171875,0.35821533203125,0.30039215087890625,0.31732177734375,2.853607177734375,2.889312744140625,0.3691558837890625,2.7928924560546875,0.3286590576171875,2.9375457763671875,0.4359130859375,2.9339523315429688,0.287261962890625,100,0.17511749267578125,0.6820831298828125,0.34832763671875,0,228605.9285888672,233498.19049072266,0,34088599552,2147483648,8020795392,0
199,1787751182863,3500,3500,3500,3500,3500,3500,3500,3500,3500,3500,3500,3500,3500,3500,3500,3500,3500,3500,3500,3500,2.2688446044921875,0.2900390625,24.37957000732422,0.27581787109375,0.29193878173828125,0.28400421142578125,0.28864288330078125,0.26499176025390625,0.2899932861328125,0.22296905517578125,0.2350006103515625,2.8065109252929688,0.38805389404296875,0.38530731201171875,9.072074890136719,0.22052764892578125,71.42179870605469,0.16553497314453125,2.2189865112304688,0.33161163330078125,0,228615.61450195313,233505.7393798828,0,34088599552,2147483648,8020787200,0
200,1787751183063,3500,3500,3500,3500,3500,3500,3500,3500,3500,3500,3500,3500,3500,3500,3500,3500,3500,3500,3500,3500,0.676361083984375,0.28444671630859375,35.026695251464844,0.26250457763671875,0.2653045654296875,2.8949127197265625,0.219024658203125,0.28134918212890625,0.25775909423828125,0.33782958984375,0.257904052734375,0.28899383544921875,0.402008056640625,0.39646148681640625,16.99170684814453,2.7346725463867188,29.849647521972656,0.2052764892578125,31.606422424316406,2.7526168823242188,0,228624.51391601563,233512.5098876953,0,34088599552,2147483648,8020779008,0
200,1787751183263,3500,3500,3500,3500,3500,3500,3500,3500,3500,3500,3500,3500,3500,3500,3500,3500,3500,3500,3500,3500,3.0726318359375,2.8037796020507813,2.8054275512695313,0.28783416748046875,2.7872390747070313,0.326507568359375,2.7941360473632813,0.2567138671875,0.4969329833984375,0.252716064453125,0.274749755859375,0.30133056640625,0.39270782470703125,2.9209442138671875,3.7869033813476563,0.20949554443359375,99.14288330078125,2.6743240356445313,4.035667419433594,0.3203125,0,228632.28631591797,233518.1541748047,0,34088599552,2147483648,8021102592,0
200,1787751183464,3500,3500,3500,3500,3500,3500,3500,3500,3500,3500,3500,3500,3500,3500,3500,3500,3500,3500,3500,3500,0.4844818115234375,0.33522796630859375,0.265594482421875,2.798248291015625,0.27518463134765625,0.2926177978515625,0.34272003173828125,0.2165374755859375,0.314697265625,2.7733230590820313,0.2574005126953125,0.2876739501953125,0.37068939208984375,0.36479949951171875,10.616386413574219,0.2377166748046875,94.79643249511719,0.10105133056640625,0.2913665771484375,0.26849365234375,0,228640.65209960938,233524.39880371094,0,34088599552,2147483648,8021098496,0
199,1787751183664,3500,3500,3500,3500,3500,3500,3500,3500,3500,3500,3500,3500,3500,3500,3500,3500,3500,3500,3500,3500,0.5542984008789063,0.3701019287109375,2.0724945068359375,0.3032073974609375,0.31888580322265625,0.30644989013671875,0.23287200927734375,2.8136444091796875,3.2838287353515625,0.2770538330078125,2.78424072265625,0.29737091064453125,2.987213134765625,0.44522857666015625,6.7844085693359375,0.22388458251953125,88.23745727539063,0.1575469970703125,11.384407043457031,0.3233795166015625,0,228650.1336669922,233531.740234375,0,34088599552,2147483648,8021229568,0
200,1787751183864,3500,3500,3500,3500,3500,3500,3500,3500,3500,3500,3500,3500,3500,3500,3500,3500,3500,3500,3500,3500,0.55224609375,0.32500457763671875,0.407867431640625,0.41376495361328125,0.2868194580078125,0.31640625,0.27727508544921875,0.2770233154296875,0.37622833251953125,0.34044647216796875,0.444549560546875,2.776336669921875,0.523712158203125,0.523712158203125,9.630729675292969,0.235992431640625,92.7344970703125,0.15972900390625,0.8214797973632813,0.490875244140625,0,228659.02056884766,233538.50915527344,0,34088599552,2147483648,8021229568,0
199,1787751184064,3500,3500,3500,3500,3500,3500,3500,3500,3500,3500,3500,3500,3500,3500,3500,3500,3500,3500,3500,3500,0.6516494750976563,0.34352874755859375,0.42827606201171875,0.38523101806640625,0.339385986328125,2.8964996337890625,0.2983856201171875,0.3274993896484375,0.43206787109375,0.47351837158203125,0.5032806396484375,0.4711761474609375,0.501434326171875,0.499237060546875,7.028694152832031,2.741790771484375,100,0.11800384521484375,0.39591217041015625,2.9172286987304688,0,228668.26806640625,233545.6411743164,0,34088599552,2147483648,8021225472,0
199,1787751184264,3500,3500,3500,3500,3500,3500,3500,3500,3500,3500,3500,3500,3500,3500,3500,3500,3500,3500,3500,3500,3.1262893676757813,2.7987060546875,22.00519561767578,0.32988739013671875,2.8809890747070313,0.30638885498046875,2.7930526733398438,0.310791015625,0.45680999755859375,0.2771453857421875,0.3127899169921875,0.22530364990234375,0.4046173095703125,1.0011520385742188,8.7178955078125,0.19596099853515625,59.687679290771484,2.6933212280273438,23.230506896972656,0.2555999755859375,0,228677.09259033203,233552.33471679688,0,34088599552,2147483648,8021135360,0
200,1787751184464,3500,3500,3500,3500,3500,3500,3500,3500,3500,3500,3500,3500,3500,3500,3500,3500,3500,3500,3500,3500,3.7354049682617188,0.29752349853515625,50.120018005371094,2.7492523193359375,0.26653289794921875,0.2841796875,0.23664093017578125,0.3296661376953125,0.3889007568359375,0.33226776123046875,0.27033233642578125,0.29407501220703125,7.974021911621094,2.23577880859375,18.393875122070313,0.2849273681640625,25.250389099121094,0.22684478759765625,27.611488342285156,0.2785797119140625,0,228687.81317138672,233560.91217041016,0,34088599552,2147483648,8019984384,0
200,1787751184664,3500,3500,3500,3500,3500,3500,3500,3500,3500,3500,3500,3500,3500,3500,3500,3500,3500,3500,3500,3500,1.6252975463867188,0.3285369873046875,37.84755325317383,0.2576446533203125,0.276824951171875,0.35466766357421875,0.24295806884765625,2.8388290405273438,2.7834243774414063,2.8163986206054688,2.8716506958007813,0.2920684814453125,2.9612808227539063,0.37060546875,16.689788818359375,0.25274658203125,37.281005859375,0.2250213623046875,23.765525817871094,0.303009033203125,0,228697.01824951172,233567.99377441406,0,34088599552,2147483648,8019902464,0
199,1787751184865,3500,3500,3500,3500,3500,3500,3500,3500,3500,3500,3500,3500,3500,3500,3500,3500,3500,3500,3500,3500,0.5661239624023438,0.31512451171875,0.33148193359375,0.32186126708984375,0.227508544921875,0.30615234375,0.2834625244140625,0.2803192138671875,0.32839202880859375,0.3214111328125,0.271392822265625,2.8159027099609375,0.3293914794921875,0.3037109375,11.20416259765625,0.2576751708984375,46.011383056640625,0.18985748291015625,46.605133056640625,0.2185821533203125,0,228705.16333007813,233574.00506591797,0,34088599552,2147483648,8019873792,0
200,1787751185065,3500,3500,3500,3500,3500,3500,3500,3500,3500,3500,3500,3500,3500,3500,3500,3500,3500,3500,3500,3500,0.58709716796875,0.26361846923828125,0.37206268310546875,0.32573699951171875,0.2875518798828125,2.7635345458984375,0.2492218017578125,0.24822235107421875,0.32648468017578125,0.40699005126953125,0.4224853515625,0.297698974609375,0.279205322265625,0.29534912109375,12.262779235839844,2.75244140625,98.1533432006836,0.1089935302734375,2.4050216674804688,2.8144607543945313,0,228714.65240478516,233581.37158203125,0,34088599552,2147483648,8019873792,0
200,1787751185265,3500,3500,3500,3500,3500,3500,3500,3500,3500,3500,3500,3500,3500,3500,3500,3500,3500,3500,3500,3500,3.24713134765625,2.8953475952148438,2.9342269897460938,0.4040374755859375,2.791839599609375,0.18375396728515625,2.8682479858398438,0.22982025146484375,0.57257080078125,0.4433135986328125,0.49517059326171875,0.36371612548828125,0.291351318359375,0.30377960205078125,16.96215057373047,0.217437744140625,49.059993743896484,2.7356948852539063,45.05693435668945,0.2402496337890625,0,228722.3394165039,233586.92547607422,0,34088599552,2147483648,8019996672,0
200,1787751185466,3500,3500,3500,3500,3500,3500,3500,3500,3500,3500,3500,3500,3500,3500,3500,3500,3500,3500,3500,3500,0.5001449584960938,0.3846282958984375,0.45055389404296875,2.9462432861328125,0.23748779296875,0.2974700927734375,0.31235504150390625,0.32828521728515625,0.3268890380859375,0.353912353515625,0.29277801513671875,0.34601593017578125,0.3250885009765625,2.8251266479492188,2.6574172973632813,0.2246551513671875,17.321861267089844,0.27539825439453125,87.80931854248047,0.16371917724609375,0,228731.15106201172,233594.05047607422,0,34088599552,2147483648,8019976192,0
200,1787751185666,3500,3500,3500,3500,3500,3500,3500,3500,3500,3500,3500,3500,3500,3500,3500,3500,3500,3500,3500,3500,0.550933837890625,0.3629608154296875,0.30283355712890625,0.32421112060546875,0.21738433837890625,0.3019866943359375,0.2796630859375,2.8179397583007813,3.313690185546875,2.7600631713867188,2.80615234375,0.25714111328125,2.8070526123046875,0.31841278076171875,11.127983093261719,0.2313232421875,86.00458526611328,0.1387786865234375,6.129180908203125,0.3000335693359375,0,228740.91625976563,233601.6025390625,0,34088599552,2147483648,8020090880,0
200,1787751185866,3500,3500,3500,3500,3500,3500,3500,3500,3500,3500,3500,3500,3500,3500,3500,3500,3500,3500,3500,3500,0.4694671630859375,0.2794036865234375,0.595458984375,0.27989959716796875,0.20754241943359375,0.1964569091796875,0.2204742431640625,0.2799530029296875,0.23480987548828125,0.22492218017578125,0.2559814453125,0.63720703125,0.2640228271484375,0.267120361328125,13.15057373046875,0.171783447265625,92.23988342285156,0.11176300048828125,3.2813262939453125,0.24509429931640625,0,228748.88806152344,233607.28253173828,0,34088599552,2147483648,8020086784,0
199,1787751186066,3500,3500,3500,3500,3500,3500,3500,3500,3500,3500,3500,3500,3500,3500,3500,3500,3500,3500,3500,3500,0.5916366577148438,0.3126678466796875,29.803329467773438,0.2617950439453125,0.3222503662109375,2.8405075073242188,0.28615570068359375,0.26369476318359375,0.3176116943359375,0.24791717529296875,0.2906036376953125,2.4477157592773438,0.3067779541015625,0.30687713623046875,4.35980224609375,2.8026123046875,71.29397583007813,0.19724273681640625,1.8079986572265625,2.768768310546875,0,228756.59118652344,233612.7280883789,0,34088599552,2147483648,8020086784,0
200,1787751186267,3500,3500,3500,3500,3500,3500,3500,3500,3500,3500,3500,3500,3500,3500,3500,3500,3500,3500,3500,3500,0.552520751953125,2.8334426879882813,34.394073486328125,0.219482421875,2.8595352172851563,0.23717498779296875,2.82379150390625,0.24871826171875,0.74591064453125,0.31710052490234375,0.26906585693359375,0.2871551513671875,0.29370880126953125,0.2998504638671875,2.33544921875,0.2108306884765625,46.63860321044922,2.7640609741210938,27.008445739746094,0.2525177001953125,0,228766.24084472656,233620.2869873047,0,34088599552,2147483648,8020033536,0
200,1787751186467,3500,3500,3500,3500,3500,3500,3500,3500,3500,3500,3500,3500,3500,3500,3500,3500,3500,3500,3500,3500,3.0191268920898438,0.32962799072265625,0.31560516357421875,2.8405380249023438,0.272979736328125,0.32373809814453125,0.3265380859375,0.30197906494140625,0.24343109130859375,0.2764739990234375,0.29808807373046875,0.24163055419921875,0.28675079345703125,2.80474853515625,1.8936767578125,0.27013397216796875,64.55601501464844,0.18353271484375,38.9732780456543,0.2523651123046875,0,228775.17993164063,233627.02410888672,0,34088599552,2147483648,8020000768,0
200,1787751186667,3500,3500,3500,3500,3500,3500,3500,3500,3500,3500,3500,3500,3500,3500,3500,3500,3500,3500,3500,3500,1.10968017578125,0.40702056884765625,17.233291625976563,0.25643157958984375,0.287811279296875,0.32003021240234375,0.29259490966796875,2.7471389770507813,2.7526321411132813,2.765350341796875,2.7543716430664063,0.273193359375,3.175811767578125,0.26092529296875,10.05975341796875,0.20151519775390625,66.29402923583984,0.15582275390625,35.50489044189453,0.2500457763671875,0,228784.7413330078,233634.45635986328,0,34088599552,2147483648,8023015424,0
200,1787751186868,3500,3500,3500,3500,3500,3500,3500,3500,3500,3500,3500,3500,3500,3500,3500,3500,3500,3500,3500,3500,2.2345428466796875,0.33135223388671875,0.8779067993164063,0.341827392578125,0.27091217041015625,0.273101806640625,0.31707763671875,0.319671630859375,0.28733062744140625,0.2541351318359375,0.29161834716796875,0.362091064453125,0.32122039794921875,0.314178466796875,10.62591552734375,0.2738037109375,43.812252044677734,0.20981597900390625,51.9720458984375,0.1991424560546875,0,228795.27056884766,233642.8408203125,0,34088599552,2147483648,8023015424,0
200,1787751187068,3500,3500,3500,3500,3500,3500,3500,3500,3500,3500,3500,3500,3500,3500,3500,3500,3500,3500,3500,3500,0.49138641357421875,0.30450439453125,0.27506256103515625,0.30010986328125,0.282745361328125,2.7214202880859375,0.238037109375,0.25255584716796875,0.31533050537109375,0.22580718994140625,0.18084716796875,2.7857894897460938,0.25130462646484375,0.2871856689453125,13.421150207519531,1.594024658203125,92.44834899902344,0.1097869873046875,0.54632568359375,2.7829971313476563,0,228802.27215576172,233647.71319580078,0,34088599552,2147483648,8023007232,0
200,1787751187268,3500,3500,3500,3500,3500,3500,3500,3500,3500,3500,3500,3500,3500,3500,3500,3500,3500,3500,3500,3500,0.642974853515625,2.8179092407226563,2.82879638671875,0.31577301025390625,1.366607666015625,0.2996368408203125,2.8678970336914063,0.24225616455078125,0.32061767578125,0.289703369140625,0.25354766845703125,0.308380126953125,0.3334503173828125,0.2948455810546875,17.972869873046875,1.4108505249023438,69.47738647460938,2.6872177124023438,21.93010711669922,0.23561859130859375,0,228811.90997314453,233655.21630859375,0,34088599552,2147483648,8023007232,0
200,1787751187469,3500,3500,3500,3500,3500,3500,3500,3500,3500,3500,3500,3500,3500,3500,3500,3500,3500,3500,3500,3500,3.0692138671875,0.31424713134765625,75.33558654785156,2.6816177368164063,1.603515625,0.3332061767578125,0.24314117431640625,0.2476348876953125,0.27093505859375,0.29079437255859375,0.311004638671875,0.22812652587890625,0.2598114013671875,2.8103485107421875,10.389076232910156,0.18805694580078125,22.18292999267578,0.19953155517578125,1.0145416259765625,0.26699066162109375,0,228820.64068603516,233661.8094482422,0,34088599552,2147483648,8023007232,0
199,1787751187669,3500,3500,3500,3500,3500,3500,3500,3500,3500,3500,3500,3500,3500,3500,3500,3500,3500,3500,3500,3500,0.5809707641601563,0.3313751220703125,0.5103530883789063,0.31646728515625,0.2707366943359375,0.3251953125,0.31636810302734375,2.8530807495117188,2.8360748291015625,2.8239059448242188,2.8122329711914063,0.33576202392578125,2.8427581787109375,0.31566619873046875,3.7661209106445313,0.266693115234375,2.726165771484375,0.24884033203125,99.66084289550781,0.1493072509765625,0,228830.64862060547,233669.70458984375,0,34088599552,2147483648,8023138304,0
200,1787751187869,3500,3500,3500,3500,3500,3500,3500,3500,3500,3500,3500,3500,3500,3500,3500,3500,3500,3500,3500,3500,0.5383834838867188,0.274017333984375,0.26122283935546875,0.28046417236328125,0.277618408203125,0.32344818115234375,0.43731689453125,0.4093780517578125,0.29901123046875,0.2141876220703125,0.28441619873046875,0.204437255859375,0.29256439208984375,0.272216796875,2.8222427368164063,0.2109375,98.69759368896484,0.111114501953125,1.8835296630859375,0.27971649169921875,0,228838.7586669922,233675.6929321289,0,34088599552,2147483648,8023138304,0
199,1787751188070,3500,3500,3500,3500,3500,3500,3500,3500,3500,3500,3500,3500,3500,3500,3500,3500,3500,3500,3500,3500,0.8462905883789063,0.30501556396484375,0.8476333618164063,0.2611541748046875,0.29463958740234375,2.86932373046875,0.3865966796875,0.39357757568359375,0.42596435546875,0.37062835693359375,0.33550262451171875,2.8908309936523438,0.2855072021484375,0.2842559814453125,23.692596435546875,0.19484710693359375,77.8072280883789,0.17932891845703125,7.802650451660156,2.8079986572265625,0,228848.79486083984,233683.5899658203,0,34088599552,2147483648,8023138304,0
200,1787751188270,3500,3500,3500,3500,3500,3500,3500,3500,3500,3500,3500,3500,3500,3500,3500,3500,3500,3500,3500,3500,0.5313262939453125,2.839202880859375,2.817413330078125,0.31279754638671875,0.36757659912109375,0.290802001953125,2.8487014770507813,0.352386474609375,1.8792266845703125,0.45314788818359375,0.38587188720703125,0.44390106201171875,0.35113525390625,0.32684326171875,10.910919189453125,2.7548370361328125,69.05623626708984,2.6968002319335938,26.051788330078125,0.26680755615234375,0,228857.4072265625,233690.06677246094,0,34088599552,2147483648,8023138304,0
200,1787751188470,3500,3500,3500,3500,3500,3500,3500,3500,3500,3500,3500,3500,3500,3500,3500,3500,3500,3500,3500,3500,3.0744247436523438,0.25370025634765625,39.25265121459961,2.7519454956054688,2.9068679809570313,0.31359100341796875,0.315887451171875,0.33640289306640625,0.236175537109375,0.29332733154296875,0.2980194091796875,0.2402191162109375,0.3181304931640625,2.7809906005859375,6.781562805175781,0.21302032470703125,51.85654067993164,0.16106414794921875,8.164154052734375,0.29956817626953125,0,228865.28002929688,233695.84887695313,0,34088599552,2147483648,8023121920,0
199,1787751188671,3500,3500,3500,3500,3500,3500,3500,3500,3500,3500,3500,3500,3500,3500,3500,3500,3500,3500,3500,3500,0.5292282104492188,0.32254791259765625,0.3121185302734375,0.3453369140625,0.497406005859375,0.38903045654296875,0.4316253662109375,2.9906845092773438,2.8289413452148438,2.8504867553710938,2.754425048828125,0.3527679443359375,2.90130615234375,0.36917877197265625,3.3339767456054688,0.364990234375,100,0.15985107421875,0.386932373046875,0.39650726318359375,0,228875.38696289063,233703.8295288086,0,34088599552,2147483648,8023252992,0
199,1787751188871,3500,3500,3500,3500,3500,3500,3500,3500,3500,3500,3500,3500,3500,3500,3500,3500,3500,3500,3500,3500,0.4710845947265625,0.24321746826171875,0.2031707763671875,0.25661468505859375,0.38714599609375,0.2574615478515625,0.27761077880859375,0.32405853271484375,0.2013702392578125,0.19837188720703125,0.210174560546875,0.18842315673828125,0.33190155029296875,0.33985137939453125,4.952278137207031,0.1429290771484375,99.94055938720703,0.06219482421875,0.5156326293945313,0.25821685791015625,0,228885.75756835938,233712.06561279297,0,34088599552,2147483648,8023257088,0
200,1787751189071,3500,3500,3500,3500,3500,3500,3500,3500,3500,3500,3500,3500,3500,3500,3500,3500,3500,3500,3500,3500,0.6328048706054688,0.4019317626953125,0.3896331787109375,0.37683868408203125,0.5557327270507813,2.9556045532226563,0.45716094970703125,0.4345703125,0.4496612548828125,0.3995819091796875,0.36928558349609375,2.9204177856445313,0.4104766845703125,0.431671142578125,13.395591735839844,0.3090057373046875,70.11500549316406,0.24957275390625,23.636940002441406,2.8562850952148438,0,228895.5076904297,233719.6900024414,0,34088599552,2147483648,8023257088,0
200,1787751189271,3500,3500,3500,3500,3500,3500,3500,3500,3500,3500,3500,3500,3500,3500,3500,3500,3500,3500,3500,3500,1.8994522094726563,3.1044769287109375,9.982109069824219,0.25110626220703125,1.3011550903320313,0.29308319091796875,2.8386459350585938,0.30401611328125,2.6795806884765625,0.30306243896484375,0.20354461669921875,0.2552490234375,2.5612335205078125,0.22210693359375,17.66582489013672,2.7112197875976563,38.001590728759766,0.177337646484375,15.623817443847656,0.24671173095703125,0,228903.45574951172,233725.48596191406,0,34088599552,2147483648,8023433216,0
199,1787751189471,3500,3500,3500,3500,3500,3500,3500,3500,3500,3500,3500,3500,3500,3500,3500,3500,3500,3500,3500,3500,3.1078414916992188,0.3363037109375,0.37064361572265625,2.86053466796875,2.994842529296875,0.5020599365234375,0.474456787109375,0.42888641357421875,0.30750274658203125,0.28939056396484375,0.3412933349609375,0.3497314453125,0.3311614990234375,2.8714599609375,13.721092224121094,0.25974273681640625,66.51811218261719,2.729217529296875,24.270751953125,0.32791900634765625,0,228912.8569946289,233732.7442626953,0,34088599552,2147483648,8023433216,0
200,1787751189672,3500,3500,3500,3500,3500,3500,3500,3500,3500,3500,3500,3500,3500,3500,3500,3500,3500,3500,3500,3500,0.5946044921875,0.2866058349609375,0.3228912353515625,0.30379486083984375,0.524871826171875,0.38626861572265625,0.33003997802734375,2.8471450805664063,3.2289199829101563,2.8168563842773438,2.9059295654296875,0.32808685302734375,2.8004608154296875,0.28890228271484375,2.7201919555664063,0.23561859130859375,100,0.12261199951171875,0.27805328369140625,0.30849456787109375,0,228922.5655517578,233740.34997558594,0,34088599552,2147483648,8023564288,0
200,1787751189872,3500,3500,3500,3500,3500,3500,3500,3500,3500,3500,3500,3500,3500,3500,3500,3500,3500,3500,3500,3500,0.481719970703125,0.32147979736328125,0.4008026123046875,0.39835357666015625,0.408294677734375,0.480072021484375,0.5067977905273438,0.37567901611328125,0.5005035400390625,0.5131912231445313,0.506744384765625,0.4145355224609375,0.301300048828125,0.301300048828125,2.3975067138671875,0.24040985107421875,100,0.133819580078125,0.3677825927734375,0.378570556640625,0,228931.60455322266,233747.28295898438,0,34088599552,2147483648,8023552000,0
200,1787751190072,3500,3500,3500,3500,3500,3500,3500,3500,3500,3500,3500,3500,3500,3500,3500,3500,3500,3500,3500,3500,0.49749755859375,0.30158233642578125,0.3784637451171875,0.3799591064453125,0.35620880126953125,2.9801025390625,0.41358184814453125,0.33769989013671875,0.382354736328125,0.25363922119140625,0.3318634033203125,2.8064422607421875,0.27843475341796875,0.27918243408203125,16.78789520263672,0.18938446044921875,92.58940124511719,0.12671661376953125,0.847076416015625,2.8629150390625,0,228940.6473388672,233754.17895507813,0,34088599552,2147483648,8023552000,0
200,1787751190273,3500,3500,3500,3500,3500,3500,3500,3500,3500,3500,3500,3500,3500,3500,3500,3500,3500,3500,3500,3500,0.5443038940429688,2.82025146484375,3.9930267333984375,0.322296142578125,0.38764190673828125,0.48943328857421875,2.9283370971679688,0.37616729736328125,0.6461410522460938,0.28515625,0.31999969482421875,0.27217864990234375,0.3195037841796875,0.36358642578125,12.140625,2.7269973754882813,60.553348541259766,0.19000244140625,6.2842559814453125,0.23657989501953125,0,228948.40423583984,233759.80212402344,0,34088599552,2147483648,8024014848,0
200,1787751190473,3500,3500,3500,3500,3500,3500,3500,3500,3500,3500,3500,3500,3500,3500,3500,3500,3500,3500,3500,3500,3.0382919311523438,0.3257293701171875,15.618049621582031,2.8026351928710938,2.9802398681640625,0.49221038818359375,0.42607879638671875,0.43231201171875,0.2796478271484375,0.31690216064453125,0.307525634765625,0.30239105224609375,0.39056396484375,2.9296188354492188,1.9528274536132813,0.21715545654296875,50.277774810791016,2.7318649291992188,41.24662780761719,0.24957275390625,0,228956.07446289063,233765.5322265625,0,34088599552,2147483648,8024014848,0
200,1787751190673,3500,3500,3500,3500,3500,3500,3500,3500,3500,3500,3500,3500,3500,3500,3500,3500,3500,3500,3500,3500,0.5313949584960938,0.32328033447265625,0.33457183837890625,0.302642822265625,0.5013656616210938,0.480377197265625,0.41277313232421875,2.9256744384765625,2.7925186157226563,2.8259963989257813,2.8507766723632813,0.24134063720703125,2.9320755004882813,0.41387176513671875,15.3553466796875,0.278564453125,87.60360717773438,0.16764068603515625,0.3837432861328125,0.3966827392578125,0,228964.2105102539,233771.56024169922,0,34088599552,2147483648,8024145920,0
200,1787751190873,3500,3500,3500,3500,3500,3500,3500,3500,3500,3500,3500,3500,3500,3500,3500,3500,3500,3500,3500,3500,2.157257080078125,0.29257965087890625,0.3165435791015625,0.2728118896484375,0.4132537841796875,0.45699310302734375,0.38893890380859375,0.44795989990234375,0.365875244140625,0.2893829345703125,0.2965240478515625,0.3798065185546875,0.33636474609375,0.3258819580078125,3.86590576171875,0.21035003662109375,100,0.11688232421875,0.37425994873046875,0.38230133056640625,0,228971.8165283203,233777.26678466797,0,34088599552,2147483648,8024145920,0
200,1787751191074,3500,3500,3500,3500,3500,3500,3500,3500,3500,3500,3500,3500,3500,3500,3500,3500,3500,3500,3500,3500,2.149200439453125,0.32799530029296875,2.7611312866210938,0.32390594482421875,0.38768768310546875,2.9633560180664063,0.3671722412109375,0.36518096923828125,0.3129730224609375,0.328094482421875,0.3029937744140625,2.8840560913085938,0.285675048828125,0.27269744873046875,28.455490112304688,0.1855621337890625,30.09996795654297,0.2183990478515625,11.474525451660156,2.8453750610351563,0,228980.99420166016,233783.86785888672,0,34088599552,2147483648,8025317376,0
200,1787751191274,3500,3500,3500,3500,3500,3500,3500,3500,3500,3500,3500,3500,3500,3500,3500,3500,3500,3500,3500,3500,0.6341476440429688,3.0660934448242188,3.7565994262695313,0.2469940185546875,0.32550048828125,0.165740966796875,2.7757568359375,0.1876373291015625,0.44521331787109375,0.3350830078125,0.4048614501953125,0.44246673583984375,0.25208282470703125,0.2408599853515625,8.896919250488281,2.6878204345703125,10.356346130371094,0.2212066650390625,2.5733489990234375,0.2740325927734375,0,228988.9564819336,233789.68341064453,0,34088599552,2147483648,8025309184,0
200,1787751191475,3500,3500,3500,3500,3500,3500,3500,3500,3500,3500,3500,3500,3500,3500,3500,3500,3500,3500,3500,3500,2.6453857421875,0.21054840087890625,0,2.3445587158203125,2.3023681640625,0,0,0,0.007049560546875,0,0,0,0,2.36395263671875,14.161285400390625,0,11.887557983398438,2.3009185791015625,2.5737533569335938,0,0,228995.33374023438,233793.88653564453,0,34088599552,2147483648,8025309184,0
200,1787751191675,3500,3500,3500,3500,3500,3500,3500,3500,3500,3500,3500,3500,3500,3500,3500,3500,3500,3500,3500,3500,1.0184707641601563,1.144775390625,0.8964614868164063,0.8723526000976563,0.9003524780273438,0.835479736328125,0.845703125,3.3791351318359375,3.63134765625,3.5108795166015625,3.496856689453125,0.9477615356445313,0.9819412231445313,0.6856155395507813,9.908050537109375,0.8038406372070313,8.683479309082031,0.84381103515625,1.1775588989257813,0.9514007568359375,0,229002.86639404297,233799.3173828125,0,34088599552,2147483648,8021999616,0
199,1787751191875,3500,3500,3500,3500,3500,3500,3500,3500,3500,3500,3500,3500,3500,3500,3500,3500,3500,3500,3500,3500,0.7590789794921875,1.0646286010742188,0.601715087890625,0.6064529418945313,0.670135498046875,0.6697921752929688,0.59552001953125,0.5594406127929688,0.69464111328125,0.6843643188476563,0.5804977416992188,0.6809158325195313,2.7272186279296875,0.44544219970703125,15.726669311523438,0.3810577392578125,9.391822814941406,0.492462158203125,0.7634201049804688,0.4689483642578125,0,229010.22509765625,233804.55249023438,0,34088599552,2147483648,8022130688,0
200,1787751192075,3500,3500,3500,3500,3500,3500,3500,3500,3500,3500,3500,3500,3500,3500,3500,3500,3500,3500,3500,3500,0.5814285278320313,0.8327560424804688,0.3489837646484375,0.36772918701171875,0.4025115966796875,2.7895355224609375,0.274169921875,0.2640228271484375,0.4684295654296875,0.46382904052734375,0.4103546142578125,2.864349365234375,0.27877044677734375,0.2792205810546875,13.315032958984375,0.19930267333984375,7.96820068359375,0.237335205078125,0.5115585327148438,2.7701950073242188,0,229017.35040283203,233809.54412841797,0,34088599552,2147483648,8022130688,0
200,1787751192276,3500,3500,3500,3500,3500,3500,3500,3500,3500,3500,3500,3500,3500,3500,3500,3500,3500,3500,3500,3500,0.6190185546875,3.1569366455078125,2.9570770263671875,0.29363250732421875,0.3689727783203125,0.42794036865234375,2.9268722534179688,0.310455322265625,0.5239028930664063,0.4557952880859375,0.46762847900390625,0.32403564453125,0.24005889892578125,0.26522064208984375,11.808082580566406,2.7068862915039063,11.36785888671875,0.24155426025390625,0.5580520629882813,0.25344085693359375,0,229024.16040039063,233814.23272705078,0,34088599552,2147483648,8022130688,0
199,1787751192476,3500,3500,3500,3500,3500,3500,3500,3500,3500,3500,3500,3500,3500,3500,3500,3500,3500,3500,3500,3500,4.28057861328125,0.8810348510742188,3.02685546875,2.9229278564453125,2.9519500732421875,0.468292236328125,0.552032470703125,0.4363250732421875,0.44251251220703125,0.56549072265625,0.497222900390625,0.41413116455078125,0.375732421875,2.8911590576171875,17.982315063476563,0.30975341796875,15.346199035644531,2.8767471313476563,5.8440093994140625,0.36321258544921875,0,229031.54907226563,233819.46380615234,0,34088599552,2147483648,8022327296,0
200,1787751192676,3500,3500,3500,3500,3500,3500,3500,3500,3500,3500,3500,3500,3500,3500,3500,3500,3500,3500,3500,3500,0.6195526123046875,0.5803070068359375,0.37174224853515625,0.36789703369140625,0.29650115966796875,0.22611236572265625,0.367340087890625,2.863861083984375,2.864959716796875,2.9083023071289063,2.8784103393554688,0.3459930419921875,0.31275177001953125,0.299652099609375,13.933952331542969,0.20816802978515625,8.799491882324219,0.30735015869140625,2.5062637329101563,0.2899017333984375,0,229037.72442626953,233823.5004272461,0,34088599552,2147483648,8022446080,0
201,1787751192877,3500,3500,3500,3500,3500,3500,3500,3500,3500,3500,3500,3500,3500,3500,3500,3500,3500,3500,3500,3500,0.543548583984375,1.0100173950195313,0.27635955810546875,0.2929229736328125,0.266082763671875,0.281097412109375,0.2938232421875,0.27895355224609375,0.2903289794921875,0.3003082275390625,0.24109649658203125,0.30419921875,2.9100341796875,0.372589111328125,12.369888305664063,0.178436279296875,7.390434265136719,0.2626953125,0.5883941650390625,0.33233642578125,0,229044.6240234375,233828.2691040039,0,34088599552,2147483648,8022446080,0
199,1787751193078,3500,3500,3500,3500,3500,3500,3500,3500,3500,3500,3500,3500,3500,3500,3500,3500,3500,3500,3500,3500,0.20175933837890625,0.41210174560546875,0,0,0,2.2829055786132813,0,0,0,0,0,2.3343658447265625,0,0,10.112709045410156,0,8.436485290527344,0,0,2.2164840698242188,0,229052.96405029297,233834.44134521484,0,34088599552,2147483648,8022511616,0
200,1787751193278,3500,3500,3500,3500,3500,3500,3500,3500,3500,3500,3500,3500,3500,3500,3500,3500,3500,3500,3500,3500,1.057220458984375,3.6166152954101563,3.2311172485351563,0.7775650024414063,0.7168502807617188,0.7462158203125,3.2689361572265625,0.673614501953125,1.1409149169921875,0.6976470947265625,0.7516860961914063,0.7592010498046875,0.82916259765625,0.8484725952148438,15.732368469238281,3.1928482055664063,8.32537841796875,0.7597503662109375,1.4089736938476563,0.9872055053710938,0,229059.47216796875,233838.8403930664,0,34088599552,2147483648,8022511616,0
199,1787751193478,3500,3500,3500,3500,3500,3500,3500,3500,3500,3500,3500,3500,3500,3500,3500,3500,3500,3500,3500,3500,3.3617630004882813,0.3240966796875,0.5489425659179688,2.847198486328125,2.7726516723632813,0.329681396484375,0.3289337158203125,0.2637176513671875,0.28472137451171875,0.3431549072265625,0.304534912109375,0.2989959716796875,0.3994903564453125,2.9471511840820313,1.3010711669921875,8.326042175292969,15.775794982910156,2.8138656616210938,4.8477630615234375,0.3043365478515625,0,229067.94116210938,233845.18634033203,0,34088599552,2147483648,8022577152,0
200,1787751193678,3500,3500,3500,3500,3500,3500,3500,3500,3500,3500,3500,3500,3500,3500,3500,3500,3500,3500,3500,3500,1.225799560546875,0.19951629638671875,0.33646392822265625,0.284881591796875,0.33031463623046875,0.2339019775390625,0.203765869140625,2.8135986328125,2.8109970092773438,2.8229904174804688,2.8805160522460938,0.2451019287109375,0.30107879638671875,0.29148101806640625,0.27373504638671875,10.975547790527344,5.890388488769531,0.30966949462890625,0.3677520751953125,0.412933349609375,0,229076.2485961914,233851.35516357422,0,34088599552,2147483648,8022839296,0
200,1787751193879,3500,3500,3500,3500,3500,3500,3500,3500,3500,3500,3500,3500,3500,3500,3500,3500,3500,3500,3500,3500,1.103973388671875,0.2371978759765625,0.32611083984375,0.3238677978515625,0.336395263671875,0.30345916748046875,0.28839111328125,0.3018646240234375,0.4314422607421875,0.755859375,0.39342498779296875,0.420562744140625,2.87225341796875,0.373260498046875,0.24628448486328125,12.935066223144531,5.584495544433594,0.34033203125,0.38983154296875,0.41562652587890625,0,229083.69171142578,233856.6739501953,0,34088599552,2147483648,8024133632,0
200,1787751194079,3500,3500,3500,3500,3500,3500,3500,3500,3500,3500,3500,3500,3500,3500,3500,3500,3500,3500,3500,3500,0.9776687622070313,0.20458984375,2.795196533203125,0.280731201171875,0.2705535888671875,2.7380142211914063,0.20917510986328125,0.225494384765625,0.4691009521484375,0.42504119873046875,0.343109130859375,2.9122085571289063,0.375091552734375,0.379486083984375,0.223846435546875,22.747482299804688,11.009780883789063,0.269805908203125,2.4156646728515625,0.37589263916015625,0,229090.9959716797,233861.82720947266,0,34088599552,2147483648,8025509888,0
199,1787751194280,3500,3500,3500,3500,3500,3500,3500,3500,3500,3500,3500,3500,3500,3500,3500,3500,3500,3500,3500,3500,0.9791717529296875,2.8482666015625,10.374290466308594,0.29669189453125,0.49190521240234375,0.345184326171875,2.9650115966796875,0.410888671875,0.36009979248046875,8.919975280761719,0.2513427734375,0.30377197265625,0.3970184326171875,0.41358184814453125,2.7962875366210938,25.172752380371094,15.934234619140625,0.26815032958984375,53.45669174194336,2.7583160400390625,0,229100.9796142578,233869.61303710938,0,34088599552,2147483648,8041058304,0
200,1787751194480,3500,3500,3500,3500,3500,3500,3500,3500,3500,3500,3500,3500,3500,3500,3500,3500,3500,3500,3500,3500,3.571502685546875,0.25864410400390625,3.0891036987304688,2.86700439453125,3.0041732788085938,0.42281341552734375,0.5076904296875,0.5137405395507813,0.29589080810546875,37.20462417602539,0.24114990234375,0.25679779052734375,0.3903656005859375,2.8897933959960938,0.4013671875,23.674148559570313,14.145393371582031,2.8035125732421875,16.25890350341797,0.32308197021484375,0,229111.5467529297,233878.00518798828,0,34088599552,2147483648,8044818432,0
199,1787751194680,3500,3500,3500,3500,3500,3500,3500,3500,3500,3500,3500,3500,3500,3500,3500,3500,3500,3500,3500,3500,1.090118408203125,0.2373046875,0.4261322021484375,0.273590087890625,0.35684967041015625,0.37047576904296875,0.4654693603515625,2.9962692260742188,2.8123321533203125,2.7376022338867188,2.2466278076171875,0.25542449951171875,0.321014404296875,0.31656646728515625,0.40007781982421875,38.40843200683594,15.698799133300781,0.17061614990234375,9.58331298828125,0.29290771484375,0,229120.09521484375,233884.35034179688,0,34088599552,2147483648,8045498368,0
200,1787751194880,3500,3500,3500,3500,3500,3500,3500,3500,3500,3500,3500,3500,3500,3500,3500,3500,3500,3500,3500,3500,2.7293624877929688,0.30448150634765625,0.29463958740234375,0.27744293212890625,0.40836334228515625,0.47734832763671875,0.41156005859375,0.47609710693359375,0.35457611083984375,0.45035552978515625,1.030181884765625,0.4113616943359375,2.8113479614257813,0.263092041015625,0.3547210693359375,34.14159393310547,17.70915985107422,0.2060546875,18.72394561767578,0.26104736328125,0,229129.08026123047,233891.11602783203,0,34088599552,2147483648,8047894528,0
200,1787751195080,3500,3500,3500,3500,3500,3500,3500,3500,3500,3500,3500,3500,3500,3500,3500,3500,3500,3500,3500,3500,1.077056884765625,0.2952117919921875,0.515167236328125,0.387054443359375,0.46759796142578125,3.07977294921875,0.495880126953125,0.5363082885742188,0.5396575927734375,0.5433502197265625,0.5648880004882813,3.0929183959960938,0.34857940673828125,0.34603118896484375,0.43462371826171875,34.19293212890625,19.828392028808594,0.31859588623046875,16.470741271972656,0.3277435302734375,0,229137.92974853516,233897.76556396484,0,34088599552,2147483648,8050601984,0
200,1787751195281,3500,3500,3500,3500,3500,3500,3500,3500,3500,3500,3500,3500,3500,3500,3500,3500,3500,3500,3500,3500,1.0584640502929688,2.7522201538085938,2.8031082153320313,0.2818450927734375,0.3783721923828125,0.48668670654296875,0.401641845703125,0.4840850830078125,0.4798431396484375,0.6772918701171875,0.49697113037109375,0.395751953125,0.25463104248046875,0.308013916015625,2.9640579223632813,40.7687873840332,19.556640625,0.19789886474609375,17.27881622314453,2.7967147827148438,0,229147.7767944336,233905.3687133789,0,34088599552,2147483648,8050077696,0
200,1787751195481,3500,3500,3500,3500,3500,3500,3500,3500,3500,3500,3500,3500,3500,3500,3500,3500,3500,3500,3500,3500,9.647476196289063,0.24965667724609375,10.705734252929688,2.8641891479492188,2.8874130249023438,0.30544281005859375,2.8642349243164063,0.3480377197265625,0.5538482666015625,0.545806884765625,0.5342254638671875,0.4381866455078125,0.30619049072265625,2.8286285400390625,0.39014434814453125,42.224430084228516,23.04314422607422,2.76934814453125,25.646987915039063,0.276824951171875,0,229159.0707397461,233914.43292236328,0,34088599552,2147483648,8051576832,0
200,1787751195681,3500,3500,3500,3500,3500,3500,3500,3500,3500,3500,3500,3500,3500,3500,3500,3500,3500,3500,3500,3500,3.2028045654296875,0.3140716552734375,0.4228057861328125,0.32651519775390625,0.26819610595703125,0.3468475341796875,0.26929473876953125,2.7982864379882813,2.9923248291015625,2.9351043701171875,0.47607421875,0.38292694091796875,0.32126617431640625,0.30582427978515625,0.37673187255859375,32.97846984863281,16.270660400390625,0.21237945556640625,36.44807052612305,0.2764434814453125,0,229168.5584716797,233921.7283935547,0,34088599552,2147483648,8053448704,0
200,1787751195881,3500,3500,3500,3500,3500,3500,3500,3500,3500,3500,3500,3500,3500,3500,3500,3500,3500,3500,3500,3500,1.0065841674804688,0.18373870849609375,0.25504302978515625,0.2388153076171875,0.40543365478515625,0.45481109619140625,0.36214447021484375,0.43039703369140625,0.4302978515625,0.6294631958007813,2.9908981323242188,0.3660888671875,2.7649154663085938,0.25029754638671875,0.3928985595703125,36.906097412109375,17.146507263183594,0.141998291015625,13.418350219726563,0.2965850830078125,0,229176.9630126953,233927.92218017578,0,34088599552,2147483648,8053948416,0
200,1787751196081,3500,3500,3500,3500,3500,3500,3500,3500,3500,3500,3500,3500,3500,3500,3500,3500,3500,3500,3500,3500,1.1994705200195313,0.38062286376953125,0.43932342529296875,0.4034881591796875,0.40897369384765625,0.38581085205078125,0.4217071533203125,0.40123748779296875,0.5893783569335938,0.7788162231445313,0.6011581420898438,3.0333938598632813,0.38965606689453125,0.40818023681640625,0.6491317749023438,50.117332458496094,13.684677124023438,0.34603118896484375,0.5111083984375,0.45240020751953125,0,229185.1583251953,233933.9237060547,0,34088599552,2147483648,8054439936,0
200,1787751196282,3500,3500,3500,3500,3500,3500,3500,3500,3500,3500,3500,3500,3500,3500,3500,3500,3500,3500,3500,3500,1.1470718383789063,2.8754348754882813,10.400833129882813,0.34943389892578125,0.26200103759765625,2.77996826171875,0.30307769775390625,0.40163421630859375,0.42758941650390625,0.5115814208984375,0.5071334838867188,0.3961944580078125,1.7772750854492188,0.35657501220703125,2.8968429565429688,27.05408477783203,14.785102844238281,0.278472900390625,31.666770935058594,2.8194427490234375,0,229194.5200805664,233941.04266357422,0,34088599552,2147483648,8052760576,0
200,1787751196482,3500,3500,3500,3500,3500,3500,3500,3500,3500,3500,3500,3500,3500,3500,3500,3500,3500,3500,3500,3500,3.381988525390625,0.35652923583984375,1.4517745971679688,3.0601425170898438,2.8224716186523438,0.29241180419921875,2.842529296875,0.29810333251953125,0.373748779296875,3.91986083984375,0.44031524658203125,0.329986572265625,0.33452606201171875,2.8187255859375,0.309478759765625,23.50788116455078,13.651168823242188,2.77716064453125,33.44706726074219,0.2768402099609375,0,229203.77020263672,233948.1010131836,0,34088599552,2147483648,8053133312,0
199,1787751196683,3500,3500,3500,3500,3500,3500,3500,3500,3500,3500,3500,3500,3500,3500,3500,3500,3500,3500,3500,3500,0.9405364990234375,0.2338104248046875,0.3227081298828125,0.38246917724609375,0.25281524658203125,0.23905181884765625,0.299560546875,1.98797607421875,2.9086074829101563,2.8684005737304688,0.40277099609375,0.2826995849609375,0.37339019775390625,0.26853179931640625,0.35523223876953125,31.32294464111328,19.376670837402344,0.21425628662109375,22.756149291992188,0.24503326416015625,0,229211.7855834961,233954.0111694336,0,34088599552,2147483648,8053014528,0
200,1787751196883,3500,3500,3500,3500,3500,3500,3500,3500,3500,3500,3500,3500,3500,3500,3500,3500,3500,3500,3500,3500,1.0917739868164063,0.26020050048828125,0.5835723876953125,0.6092147827148438,0.34816741943359375,0.2646484375,0.3377685546875,1.179046630859375,0.34986114501953125,0.3704071044921875,2.8163604736328125,0.3052825927734375,2.8596954345703125,0.35546112060546875,0.48535919189453125,55.862632751464844,7.823524475097656,0.2543487548828125,5.108673095703125,0.3406219482421875,0,229221.14739990234,233961.61541748047,0,34088599552,2147483648,8052264960,0
200,1787751197083,3500,3500,3500,3500,3500,3500,3500,3500,3500,3500,3500,3500,3500,3500,3500,3500,3500,3500,3500,3500,0.8021697998046875,0.24246978759765625,0.5127792358398438,0.5796890258789063,0.3022918701171875,0.28609466552734375,0.305938720703125,0.25146484375,0.28009796142578125,3.823516845703125,0.22747802734375,2.7969131469726563,0.287750244140625,0.32418060302734375,0.46614837646484375,35.29515838623047,9.535469055175781,0.2249298095703125,16.577720642089844,0.2919921875,0,229229.99627685547,233967.91430664063,0,34088599552,2147483648,8053415936,0
199,1787751197283,3500,3500,3500,3500,3500,3500,3500,3500,3500,3500,3500,3500,3500,3500,3500,3500,3500,3500,3500,3500,1.9583358764648438,2.8630828857421875,11.452880859375,0.431396484375,0.26886749267578125,2.7581939697265625,0.283050537109375,0.2612762451171875,0.2693634033203125,0.33634185791015625,0.36606597900390625,0.26667022705078125,15.670486450195313,0.261627197265625,2.8536911010742188,44.27922821044922,17.311607360839844,0.199493408203125,28.960372924804688,2.7896575927734375,0,229238.19207763672,233973.8980102539,0,34088599552,2147483648,8052572160,0
200,1787751197483,3500,3500,3500,3500,3500,3500,3500,3500,3500,3500,3500,3500,3500,3500,3500,3500,3500,3500,3500,3500,4.277099609375,0.2477874755859375,3.3201828002929688,2.8312606811523438,2.8135147094726563,0.2588348388671875,2.8597488403320313,0.279571533203125,0.24683380126953125,54.459068298339844,0.18886566162109375,0.2225494384765625,1.7868881225585938,2.8421554565429688,0.27227783203125,17.57154083251953,9.481925964355469,2.77178955078125,20.051010131835938,0.32140350341796875,0,229246.62561035156,233980.1885986328,0,34088599552,2147483648,8051294208,0
200,1787751197683,3500,3500,3500,3500,3500,3500,3500,3500,3500,3500,3500,3500,3500,3500,3500,3500,3500,3500,3500,3500,0.8370819091796875,0.22919464111328125,1.364898681640625,0.272796630859375,0.2330474853515625,0.1696624755859375,0.2033233642578125,0.29422760009765625,2.6395492553710938,94.57586669921875,0.11627197265625,0.1215667724609375,0.25601959228515625,0.28398895263671875,0.2783966064453125,12.068580627441406,43.41436767578125,0.17305755615234375,5.6023406982421875,0.26700592041015625,0,229255.65228271484,233987.20959472656,0,34088599552,2147483648,8069160960,0
200,1787751197884,3500,3500,3500,3500,3500,3500,3500,3500,3500,3500,3500,3500,3500,3500,3500,3500,3500,3500,3500,3500,0.8772811889648438,0.34814453125,0.7697830200195313,0.6015243530273438,0.74017333984375,0.3696136474609375,0.30286407470703125,2.935791015625,0.281890869140625,26.202423095703125,3.0167236328125,0.3187408447265625,2.9276046752929688,0.44075775146484375,0.3371124267578125,25.950035095214844,13.053329467773438,0.272857666015625,20.735092163085938,0.34474945068359375,0,229264.55603027344,233993.5082397461,0,34088599552,2147483648,8069132288,0
200,1787751198084,3500,3500,3500,3500,3500,3500,3500,3500,3500,3500,3500,3500,3500,3500,3500,3500,3500,3500,3500,3500,0.9572677612304688,0.32051849365234375,3.468353271484375,0.5328826904296875,0.457489013671875,0.45249176025390625,0.35717010498046875,0.44475555419921875,0.3783416748046875,4.644325256347656,0.350128173828125,2.8491287231445313,0.32706451416015625,0.3361968994140625,0.5626983642578125,51.91381072998047,28.664527893066406,0.232635498046875,7.224266052246094,0.30913543701171875,0,229274.0323486328,234000.78192138672,0,34088599552,2147483648,8071737344,0
200,1787751198285,3500,3500,3500,3500,3500,3500,3500,3500,3500,3500,3500,3500,3500,3500,3500,3500,3500,3500,3500,3500,1.049957275390625,2.7975997924804688,3.75653076171875,0.35308074951171875,0.3132781982421875,2.82513427734375,0.23162841796875,0.3064422607421875,0.34903717041015625,4.334259033203125,0.2874908447265625,0.28813934326171875,0.3053436279296875,0.29167938232421875,2.8175506591796875,46.2459831237793,15.066986083984375,0.26399993896484375,33.10369873046875,2.7474746704101563,0,229282.57830810547,234007.12145996094,0,34088599552,2147483648,8073449472,0
200,1787751198485,3500,3500,3500,3500,3500,3500,3500,3500,3500,3500,3500,3500,3500,3500,3500,3500,3500,3500,3500,3500,3.1640548706054688,0.320068359375,27.09986114501953,2.89263916015625,31.678085327148438,0.2638702392578125,2.8612136840820313,0.2545318603515625,0.26467132568359375,54.8570556640625,0.227203369140625,0.2870025634765625,0.3125762939453125,2.8373336791992188,0.338104248046875,10.223167419433594,42.65630340576172,2.7652969360351563,42.06901168823242,0.2702178955078125,0,229291.75762939453,234014.12927246094,0,34088599552,2147483648,8075788288,0
199,1787751198685,3500,3500,3500,3500,3500,3500,3500,3500,3500,3500,3500,3500,3500,3500,3500,3500,3500,3500,3500,3500,0.7565383911132813,0.2993621826171875,0.2880401611328125,0.25934600830078125,0.257598876953125,0.28154754638671875,0.29372406005859375,0.2588958740234375,0.29906463623046875,12.6016845703125,0.363922119140625,0.25270843505859375,0.27262115478515625,0.26134490966796875,0.33109283447265625,63.12826156616211,30.822509765625,0.17757415771484375,72.34709167480469,0.1488800048828125,0,229300.8978881836,234021.07696533203,0,34088599552,2147483648,8079925248,0
200,1787751198885,3500,3500,3500,3500,3500,3500,3500,3500,3500,3500,3500,3500,3500,3500,3500,3500,3500,3500,3500,3500,2.3117904663085938,0.35650634765625,0.37314605712890625,0.3421173095703125,0.5421066284179688,0.47479248046875,0.434967041015625,2.9731292724609375,3.03924560546875,0.49088287353515625,2.9280548095703125,0.46869659423828125,2.8550949096679688,0.33351898193359375,0.38549041748046875,68.33722686767578,63.75716781616211,0.191741943359375,44.36356735229492,0.233673095703125,0,229312.7435913086,234030.7534790039,0,34088599552,2147483648,8073928704,0
200,1787751199085,3500,3500,3500,3500,3500,3500,3500,3500,3500,3500,3500,3500,3500,3500,3500,3500,3500,3500,3500,3500,2.634429931640625,0.36756134033203125,15.053375244140625,0.3310546875,0.46924591064453125,0.38069915771484375,0.41705322265625,0.389190673828125,0.32916259765625,4.6811065673828125,0.36841583251953125,2.8216094970703125,0.30109405517578125,0.3006439208984375,0.3700103759765625,46.928985595703125,55.328189849853516,0.18353271484375,53.91151809692383,0.24001312255859375,0,229322.40423583984,234038.22521972656,0,34088599552,2147483648,8073932800,0
200,1787751199286,3500,3500,3500,3500,3500,3500,3500,3500,3500,3500,3500,3500,3500,3500,3500,3500,3500,3500,3500,3500,0.78521728515625,0.468475341796875,38.969276428222656,0.23264312744140625,0.2305908203125,2.796417236328125,0.29367828369140625,0.22515106201171875,0.4207611083984375,0.33950042724609375,0.34763336181640625,0.3889617919921875,0.26922607421875,0.2775115966796875,2.8647003173828125,28.61219024658203,42.8984489440918,0.14189910888671875,62.757728576660156,2.682769775390625,0,229333.37170410156,234046.98321533203,0,34088599552,2147483648,8073940992,0
199,1787751199486,3500,3500,3500,3500,3500,3500,3500,3500,3500,3500,3500,3500,3500,3500,3500,3500,3500,3500,3500,3500,3.09686279296875,2.7206954956054688,19.833229064941406,0.3473358154296875,2.9643325805664063,0.30107879638671875,2.90093994140625,0.34429168701171875,0.32570648193359375,33.22491455078125,0.25711822509765625,0.32041168212890625,0.342437744140625,2.8483352661132813,0.41033172607421875,24.829078674316406,67.74485778808594,2.7510223388671875,45.18788528442383,0.2236480712890625,0,229344.7540283203,234056.19415283203,0,34088599552,2147483648,8078913536,0
200,1787751199686,3500,3500,3500,3500,3500,3500,3500,3500,3500,3500,3500,3500,3500,3500,3500,3500,3500,3500,3500,3500,0.5486602783203125,0.32244110107421875,0.32763671875,2.80059814453125,0.3032989501953125,0.3223876953125,0.252410888671875,0.2955474853515625,0.2484130859375,4.490928649902344,0.3238372802734375,0.240570068359375,0.3074951171875,0.27475738525390625,0.37992095947265625,63.823482513427734,70.61857604980469,0.15069580078125,32.85779571533203,0.18048858642578125,0,229354.412109375,234063.6943359375,0,34088599552,2147483648,8073248768,0
200,1787751199886,3500,3500,3500,3500,3500,3500,3500,3500,3500,3500,3500,3500,3500,3500,3500,3500,3500,3500,3500,3500,0.6298065185546875,0.32546234130859375,0.38217926025390625,0.34478759765625,0.6369476318359375,0.40399169921875,0.36285400390625,2.8386993408203125,2.89031982421875,0.792816162109375,2.89251708984375,0.20519256591796875,2.8418960571289063,0.29335784912109375,0.624664306640625,29.941375732421875,50.62501525878906,0.16260528564453125,51.6713981628418,0.2170257568359375,0,229362.71252441406,234069.83038330078,0,34088599552,2147483648,8073854976,0
199,1787751200087,3500,3500,3500,3500,3500,3500,3500,3500,3500,3500,3500,3500,3500,3500,3500,3500,3500,3500,3500,3500,0.6801834106445313,0.31060028076171875,0.3817596435546875,0.3436126708984375,0.5074539184570313,0.53741455078125,0.5023117065429688,0.5006103515625,0.3028106689453125,0.5705718994140625,0.26496124267578125,2.789337158203125,0.31769561767578125,0.29217529296875,0.596435546875,34.52915954589844,97.76805114746094,0.1523590087890625,0.30471038818359375,0.32593536376953125,0,229370.24713134766,234075.1996459961,0,34088599552,2147483648,8073142272,0
200,1787751200287,3500,3500,3500,3500,3500,3500,3500,3500,3500,3500,3500,3500,3500,3500,3500,3500,3500,3500,3500,3500,0.7429885864257813,0.26313018798828125,5.433380126953125,0.27117156982421875,0.45017242431640625,2.9826126098632813,0.45557403564453125,0.45072174072265625,0.24868011474609375,0.48961639404296875,0.18804931640625,0.2324371337890625,0.3176116943359375,0.2757720947265625,3.0133056640625,31.045875549316406,89.66253662109375,0.10951995849609375,15.361953735351563,2.69744873046875,0,229381.08294677734,234083.84033203125,0,34088599552,2147483648,8074637312,0
199,1787751200487,3500,3500,3500,3500,3500,3500,3500,3500,3500,3500,3500,3500,3500,3500,3500,3500,3500,3500,3500,3500,3.1024246215820313,2.8600387573242188,8.408714294433594,0.3101806640625,2.959503173828125,0.44476318359375,2.980133056640625,0.44725799560546875,0.3310089111328125,1.2610397338867188,0.27860260009765625,0.27216339111328125,0.3147735595703125,2.8338088989257813,0.543975830078125,30.284507751464844,55.199485778808594,2.7555313110351563,47.77830123901367,0.17644500732421875,0,229389.53448486328,234090.10522460938,0,34088599552,2147483648,8073461760,0
200,1787751200687,3500,3500,3500,3500,3500,3500,3500,3500,3500,3500,3500,3500,3500,3500,3500,3500,3500,3500,3500,3500,16.770339965820313,0.29912567138671875,42.87833023071289,2.8086318969726563,12.999908447265625,0.3437652587890625,0.36795806884765625,0.28028106689453125,0.36685943603515625,15.813339233398438,5.898735046386719,5.425956726074219,20.21410369873047,0.3023223876953125,0.42284393310546875,39.903194427490234,81.27471160888672,0.16495513916015625,52.45466995239258,0.23088836669921875,0,229402.0997314453,234100.41284179688,0,34088599552,2147483648,8093949952,0
200,1787751200887,3500,3500,3500,3500,3500,3500,3500,3500,3500,3500,3500,3500,3500,3500,3500,3500,3500,3500,3500,3500,39.1144905090332,0.465850830078125,53.823509216308594,0.36389923095703125,1.6177215576171875,1.4732513427734375,0.6900177001953125,2.9510955810546875,3.1573486328125,19.720779418945313,4.513175964355469,1.3129653930664063,17.665802001953125,0.29163360595703125,0.31629180908203125,60.92862319946289,97.87361145019531,0.168975830078125,94.85858917236328,0.17780303955078125,0,229416.916015625,234112.98114013672,0,34088599552,2147483648,8109981696,0
199,1787751201088,3500,3500,3500,3500,3500,3500,3500,3500,3500,3500,3500,3500,3500,3500,3500,3500,3500,3500,3500,3500,16.990280151367188,0.35363006591796875,56.439117431640625,0.27645111083984375,4.463676452636719,0.3454437255859375,0.41005706787109375,0.37563323974609375,0.23209381103515625,20.24872589111328,0.599639892578125,2.940093994140625,2.9696807861328125,0.34934234619140625,0.499114990234375,43.96589660644531,80.94182586669922,0.17951202392578125,69.58392333984375,0.25684356689453125,0,229429.15368652344,234122.91033935547,0,34088599552,2147483648,8102629376,0
200,1787751201288,3500,3500,3500,3500,3500,3500,3500,3500,3500,3500,3500,3500,3500,3500,3500,3500,3500,3500,3500,3500,2.2975921630859375,0.3839263916015625,35.10243225097656,0.30654144287109375,0.35472869873046875,2.8293380737304688,0.3558807373046875,0.31583404541015625,0.37122344970703125,0.2999420166015625,0.43511199951171875,0.35472869873046875,16.855857849121094,0.3099365234375,3.0064010620117188,25.315872192382813,39.63123321533203,0.2646942138671875,24.297523498535156,2.7992477416992188,0,229440.34912109375,234131.96258544922,0,34088599552,2147483648,8083099648,0
200,1787751201488,3500,3500,3500,3500,3500,3500,3500,3500,3500,3500,3500,3500,3500,3500,3500,3500,3500,3500,3500,3500,3.1178512573242188,2.8223800659179688,2.8170394897460938,0.30055999755859375,2.789794921875,0.2710723876953125,2.8218765258789063,0.19902801513671875,0.34087371826171875,1.8216629028320313,0.2783050537109375,0.300262451171875,0.34362030029296875,1.6771697998046875,0.6049118041992188,31.841018676757813,76.11845397949219,2.6676101684570313,26.55718994140625,0.1714324951171875,0,229451.66192626953,234141.08459472656,0,34088599552,2147483648,8084094976,0
200,1787751201688,3500,3500,3500,3500,3500,3500,3500,3500,3500,3500,3500,3500,3500,3500,3500,3500,3500,3500,3500,3500,0.7518386840820313,0.33935546875,18.61217498779297,2.802490234375,0.9994964599609375,0.3595733642578125,0.46939849853515625,0.41353607177734375,0.33985137939453125,1.8330535888671875,0.24904632568359375,0.375396728515625,0.31609344482421875,1.4166717529296875,0.5350875854492188,25.909141540527344,74.15815734863281,0.1748199462890625,18.92816162109375,0.33945465087890625,0,229460.6392211914,234147.9051513672,0,34088599552,2147483648,8081596416,0
200,1787751201889,3500,3500,3500,3500,3500,3500,3500,3500,3500,3500,3500,3500,3500,3500,3500,3500,3500,3500,3500,3500,3.6873397827148438,0.34876251220703125,31.864517211914063,0.27599334716796875,0.5006256103515625,0.4635162353515625,0.468353271484375,3.0240859985351563,2.896759033203125,13.084968566894531,2.8663406372070313,0.29450225830078125,3.9373550415039063,0.28696441650390625,0.47015380859375,25.000625610351563,63.10078048706055,0.192108154296875,22.185157775878906,0.23195648193359375,0,229471.3080444336,234156.3699951172,0,34088599552,2147483648,8058114048,0
200,1787751202089,3500,3500,3500,3500,3500,3500,3500,3500,3500,3500,3500,3500,3500,3500,3500,3500,3500,3500,3500,3500,8.301231384277344,0.359466552734375,0.8519058227539063,0.27439117431640625,0.40582275390625,0.36945343017578125,0.35242462158203125,0.3237457275390625,0.2894287109375,0.40352630615234375,0.2757415771484375,2.7952041625976563,0.6327133178710938,0.30926513671875,0.5689239501953125,35.79625701904297,57.07427215576172,0.17638397216796875,33.373016357421875,0.2418212890625,0,229480.8935546875,234163.78778076172,0,34088599552,2147483648,8057122816,0
200,1787751202290,3500,3500,3500,3500,3500,3500,3500,3500,3500,3500,3500,3500,3500,3500,3500,3500,3500,3500,3500,3500,0.766693115234375,0.2662811279296875,0.2330322265625,0.2738189697265625,0.253997802734375,2.795989990234375,0.2181549072265625,0.2262420654296875,0.2516021728515625,0.38214874267578125,0.2813568115234375,0.23053741455078125,0.25115203857421875,0.23458099365234375,3.0437545776367188,30.923667907714844,100,0.08061981201171875,3.6702651977539063,2.7249526977539063,0,229493.2074584961,234173.9139404297,0,34088599552,2147483648,8057192448,0
199,1787751202490,3500,3500,3500,3500,3500,3500,3500,3500,3500,3500,3500,3500,3500,3500,3500,3500,3500,3500,3500,3500,3.2361526489257813,2.8354339599609375,38.24949645996094,0.293670654296875,2.8106918334960938,0.32878875732421875,2.8310928344726563,0.23705291748046875,0.3613128662109375,2.4413909912109375,0.30499267578125,0.3053436279296875,0.3114776611328125,0.34295654296875,0.574371337890625,30.163925170898438,27.57537078857422,2.7491302490234375,41.471282958984375,0.21450042724609375,0,229503.7387084961,234182.2720336914,0,34088599552,2147483648,8056905728,0
200,1787751202690,3500,3500,3500,3500,3500,3500,3500,3500,3500,3500,3500,3500,3500,3500,3500,3500,3500,3500,3500,3500,0.7159194946289063,0.33658599853515625,36.46541976928711,2.8239898681640625,0.33199310302734375,0.26689910888671875,0.25655364990234375,0.33168792724609375,0.3589324951171875,0.27320098876953125,0.32004547119140625,0.32384490966796875,0.34688568115234375,2.9096755981445313,0.32024383544921875,33.295188903808594,37.662750244140625,0.2107086181640625,55.313716888427734,0.21381378173828125,0,229514.23052978516,234190.56579589844,0,34088599552,2147483648,8063508480,0
200,1787751202890,3500,3500,3500,3500,3500,3500,3500,3500,3500,3500,3500,3500,3500,3500,3500,3500,3500,3500,3500,3500,2.3021316528320313,0.3125457763671875,11.297103881835938,0.30664825439453125,0.2809295654296875,0.2783355712890625,0.2375335693359375,2.852752685546875,2.7677993774414063,3.6812667846679688,2.8770751953125,0.34320831298828125,2.8948593139648438,0.387359619140625,0.3339691162109375,48.75601577758789,55.540950775146484,0.18743896484375,44.387630462646484,0.2031707763671875,0,229522.76922607422,234196.96643066406,0,34088599552,2147483648,8055746560,0
199,1787751203091,3500,3500,3500,3500,3500,3500,3500,3500,3500,3500,3500,3500,3500,3500,3500,3500,3500,3500,3500,3500,5.9455413818359375,0.31940460205078125,66.614501953125,0.22248077392578125,0.34255218505859375,0.2342071533203125,0.29376220703125,0.275909423828125,0.33995819091796875,0.41039276123046875,0.39427947998046875,0.45339202880859375,0.32918548583984375,0.29132080078125,0.2448272705078125,26.542991638183594,41.89521408081055,0.18042755126953125,41.04868698120117,0.18636322021484375,0,229534.71459960938,234206.7319946289,0,34088599552,2147483648,8058191872,0
200,1787751203291,3500,3500,3500,3500,3500,3500,3500,3500,3500,3500,3500,3500,3500,3500,3500,3500,3500,3500,3500,3500,4.415504455566406,0.27941131591796875,92.20341491699219,0.154022216796875,0.31739044189453125,2.8830337524414063,0.271759033203125,0.1927032470703125,0.25696563720703125,0.6709060668945313,0.30998992919921875,2.8093185424804688,1.022430419921875,0.34627532958984375,2.7957305908203125,17.88085174560547,34.07795715332031,0.24007415771484375,73.88484191894531,2.7536468505859375,0,229545.8233642578,234216.3253173828,0,34088599552,2147483648,8058286080,0
200,1787751203491,3500,3500,3500,3500,3500,3500,3500,3500,3500,3500,3500,3500,3500,3500,3500,3500,3500,3500,3500,3500,2.5270919799804688,2.8900146484375,41.580204010009766,0.30516815185546875,2.8821258544921875,0.29543304443359375,2.9149703979492188,0.34085845947265625,0.3386077880859375,0.5182952880859375,0.32378387451171875,0.26743316650390625,0.330322265625,0.32028961181640625,0.26818084716796875,43.100555419921875,67.29386901855469,2.7441177368164063,76.48190307617188,0.18787384033203125,0,229557.36212158203,234225.07360839844,0,34088599552,2147483648,8060493824,0
200,1787751203692,3500,3500,3500,3500,3500,3500,3500,3500,3500,3500,3500,3500,3500,3500,3500,3500,3500,3500,3500,3500,3.0815353393554688,0.34609222412109375,92.05668640136719,2.6711883544921875,0.34090423583984375,0.2784423828125,0.30797576904296875,0.2212677001953125,0.27564239501953125,0.28687286376953125,0.29071044921875,0.252197265625,0.33905792236328125,2.8186111450195313,0.23268890380859375,13.270217895507813,14.644050598144531,0.27898406982421875,88.12586975097656,0.17067718505859375,0,229567.826171875,234233.37475585938,0,34088599552,2147483648,8060329984,0
200,1787751203892,3500,3500,3500,3500,3500,3500,3500,3500,3500,3500,3500,3500,3500,3500,3500,3500,3500,3500,3500,3500,0.858734130859375,0.32344818115234375,84.82159423828125,0.17931365966796875,0.20623779296875,0.290924072265625,0.3320465087890625,2.7915420532226563,2.827911376953125,3.0205612182617188,2.7693099975585938,0.275238037109375,2.816619873046875,0.2872772216796875,0.26004791259765625,15.896247863769531,46.20763397216797,0.25360107421875,49.50583267211914,0.260345458984375,0,229578.91015625,234242.3074951172,0,34088599552,2147483648,8063471616,0
200,1787751204092,3500,3500,3500,3500,3500,3500,3500,3500,3500,3500,3500,3500,3500,3500,3500,3500,3500,3500,3500,3500,1.056793212890625,0.3390350341796875,29.50799560546875,0.2647705078125,0.36721038818359375,0.48520660400390625,0.35289764404296875,0.34955596923828125,0.29773712158203125,0.300628662109375,0.2467193603515625,0.26302337646484375,0.28247833251953125,0.29553985595703125,0.27249908447265625,58.693016052246094,52.59318542480469,0.17420196533203125,59.109500885009766,0.197296142578125,0,229590.19079589844,234252.03643798828,0,34088599552,2147483648,8083628032,0
200,1787751204292,3500,3500,3500,3500,3500,3500,3500,3500,3500,3500,3500,3500,3500,3500,3500,3500,3500,3500,3500,3500,8.821830749511719,0.29502105712890625,84.73445129394531,0.16280364990234375,0.3685302734375,2.9323348999023438,0.2973175048828125,0.35428619384765625,0.39466094970703125,0.41230010986328125,0.32210540771484375,2.769927978515625,0.31011199951171875,0.3195037841796875,2.7085189819335938,80.66181182861328,11.392379760742188,0.252349853515625,20.383956909179688,2.7430496215820313,0,229602.80041503906,234262.47497558594,0,34088599552,2147483648,8083607552,0
200,1787751204493,3500,3500,3500,3500,3500,3500,3500,3500,3500,3500,3500,3500,3500,3500,3500,3500,3500,3500,3500,3500,1.4984970092773438,2.959014892578125,7.402793884277344,0.3268890380859375,0.287261962890625,0.282470703125,2.8129348754882813,0.388275146484375,0.3167572021484375,0.42710113525390625,0.27333831787109375,0.28272247314453125,0.32997894287109375,0.3294830322265625,0.26395416259765625,10.314842224121094,95.86538696289063,2.7360763549804688,97.42122650146484,0.180511474609375,0,229614.5375366211,234271.4461669922,0,34088599552,2147483648,8083886080,0
200,1787751204693,3500,3500,3500,3500,3500,3500,3500,3500,3500,3500,3500,3500,3500,3500,3500,3500,3500,3500,3500,3500,4.120208740234375,0.3547821044921875,76.7679443359375,2.6800689697265625,2.97564697265625,0.43762969970703125,0.346954345703125,0.44815826416015625,0.27008819580078125,0.26874542236328125,0.28694915771484375,0.2794189453125,0.27971649169921875,2.8123931884765625,0.16619110107421875,84.83651733398438,31.621604919433594,0.19547271728515625,16.000144958496094,0.247100830078125,0,229624.88244628906,234279.63934326172,0,34088599552,2147483648,8079319040,0
199,1787751204894,3500,3500,3500,3500,3500,3500,3500,3500,3500,3500,3500,3500,3500,3500,3500,3500,3500,3500,3500,3500,6.512626647949219,0.35825347900390625,72.04951477050781,0.21405792236328125,0.48717498779296875,0.3199615478515625,0.33748626708984375,2.9871368408203125,2.7957000732421875,2.9738540649414063,2.8300018310546875,0.31876373291015625,18.67272186279297,0.26398468017578125,0.679412841796875,39.91889190673828,30.16742706298828,0.23497772216796875,31.429840087890625,0.31821441650390625,0,229634.7144165039,234287.29150390625,0,34088599552,2147483648,8048140288,0
200,1787751205094,3500,3500,3500,3500,3500,3500,3500,3500,3500,3500,3500,3500,3500,3500,3500,3500,3500,3500,3500,3500,0.798095703125,0.28064727783203125,0.28614044189453125,0.31723785400390625,0.32028961181640625,0.2615966796875,0.32698822021484375,0.29669189453125,0.26764678955078125,0.3732757568359375,0.252899169921875,0.29894256591796875,0.2801971435546875,0.32293701171875,0.21051025390625,14.145538330078125,92.51416015625,0.1397705078125,0.51409912109375,0.50885009765625,0,229644.97888183594,234295.4155883789,0,34088599552,2147483648,8048271360,0
200,1787751205294,3500,3500,3500,3500,3500,3500,3500,3500,3500,3500,3500,3500,3500,3500,3500,3500,3500,3500,3500,3500,0.8774795532226563,0.2749176025390625,0.3304443359375,0.32889556884765625,0.251495361328125,2.8394317626953125,0.32100677490234375,0.31456756591796875,0.31711578369140625,0.3238525390625,0.27631378173828125,2.84912109375,0.33933258056640625,0.30358123779296875,2.7876968383789063,6.4722442626953125,100,0.14472198486328125,0.43471527099609375,2.961181640625,0,229653.70251464844,234302.0050048828,0,34088599552,2147483648,8048263168,0
200,1787751205494,3500,3500,3500,3500,3500,3500,3500,3500,3500,3500,3500,3500,3500,3500,3500,3500,3500,3500,3500,3500,0.7543716430664063,2.7910919189453125,2.8924942016601563,0.274383544921875,0.6474227905273438,0.2652435302734375,2.7500839233398438,0.2590484619140625,0.28997039794921875,1.148834228515625,0.23577117919921875,0.24761199951171875,0.24765777587890625,0.28557586669921875,0.19925689697265625,7.3702545166015625,99.0045166015625,0.10399627685546875,1.9130477905273438,0.25055694580078125,0,229662.0933227539,234308.2607421875,0,34088599552,2147483648,8048177152,0
200,1787751205694,3500,3500,3500,3500,3500,3500,3500,3500,3500,3500,3500,3500,3500,3500,3500,3500,3500,3500,3500,3500,3.3143234252929688,0.3082275390625,0.31252288818359375,2.8608245849609375,2.8088836669921875,0.23731231689453125,0.30283355712890625,0.34173583984375,0.27576446533203125,0.28220367431640625,0.31201934814453125,0.32445526123046875,0.32320404052734375,2.8102340698242188,0.291595458984375,5.5288238525390625,83.09251403808594,2.6839370727539063,24.311134338378906,0.28859710693359375,0,229670.9434814453,234314.96716308594,0,34088599552,2147483648,8048054272,0
200,1787751205895,3500,3500,3500,3500,3500,3500,3500,3500,3500,3500,3500,3500,3500,3500,3500,3500,3500,3500,3500,3500,0.6835250854492188,0.3206939697265625,0.3358001708984375,0.3047332763671875,0.2874755859375,0.3062286376953125,0.2706146240234375,2.8277740478515625,2.79864501953125,2.9015884399414063,2.8447341918945313,0.22258758544921875,2.8614883422851563,0.30333709716796875,0.261688232421875,9.625,66.67570495605469,0.17914581298828125,28.591659545898438,0.26662445068359375,0,229679.78546142578,234321.68017578125,0,34088599552,2147483648,8047988736,0
199,1787751206095,3500,3500,3500,3500,3500,3500,3500,3500,3500,3500,3500,3500,3500,3500,3500,3500,3500,3500,3500,3500,0.5653533935546875,0.2055816650390625,0.233123779296875,0.2831268310546875,0.22743988037109375,0.24275970458984375,0.280029296875,0.1670074462890625,0.141510009765625,0.26311492919921875,0.16077423095703125,0.254180908203125,0.22968292236328125,0.2761383056640625,0.19061279296875,7.3862762451171875,97.06776428222656,0.062469482421875,1.0518569946289063,0.24849700927734375,0,229688.6162109375,234328.3823852539,0,34088599552,2147483648,8048119808,0
200,1787751206295,3500,3500,3500,3500,3500,3500,3500,3500,3500,3500,3500,3500,3500,3500,3500,3500,3500,3500,3500,3500,0.882537841796875,0.3109893798828125,4.212799072265625,0.302093505859375,0.7007980346679688,2.8292388916015625,0.31938934326171875,0.3312835693359375,0.3595733642578125,9.534553527832031,0.28754425048828125,2.795654296875,0.322784423828125,0.32433319091796875,2.8069000244140625,34.3857421875,55.725284576416016,0.21897125244140625,21.206092834472656,2.814697265625,0,229698.99786376953,234336.6085205078,0,34088599552,2147483648,8047403008,0
199,1787751206495,3500,3500,3500,3500,3500,3500,3500,3500,3500,3500,3500,3500,3500,3500,3500,3500,3500,3500,3500,3500,1.223785400390625,2.8201370239257813,22.7109375,0.26270294189453125,0.22791290283203125,0.2916412353515625,2.8435287475585938,0.2356109619140625,0.2898406982421875,0.6425552368164063,0.27854156494140625,0.2280120849609375,0.27794647216796875,0.2579498291015625,0.2161712646484375,8.004035949707031,79.208740234375,0.13719940185546875,0.40564727783203125,0.24146270751953125,0,229707.50317382813,234342.98553466797,0,34088599552,2147483648,8047403008,0
200,1787751206695,3500,3500,3500,3500,3500,3500,3500,3500,3500,3500,3500,3500,3500,3500,3500,3500,3500,3500,3500,3500,3.4127197265625,0.31848907470703125,16.13262176513672,2.798431396484375,2.7637481689453125,0.27471160888671875,0.35797119140625,0.32708740234375,0.26671600341796875,0.29119873046875,0.3238372802734375,0.33812713623046875,0.3003997802734375,2.8447113037109375,0.25911712646484375,3.22796630859375,86.83492279052734,2.6817398071289063,3.646148681640625,0.262420654296875,0,229716.49884033203,234349.85552978516,0,34088599552,2147483648,8047403008,0
200,1787751206896,3500,3500,3500,3500,3500,3500,3500,3500,3500,3500,3500,3500,3500,3500,3500,3500,3500,3500,3500,3500,2.4063949584960938,0.32030487060546875,2.19610595703125,0.35364532470703125,0.3559417724609375,0.32270050048828125,0.349456787109375,2.8167953491210938,2.8079605102539063,2.8469467163085938,2.7956771850585938,0.29205322265625,2.9188690185546875,0.360137939453125,0.30228424072265625,9.553153991699219,51.162418365478516,0.228912353515625,43.08374786376953,0.235595703125,0,229725.4539794922,234356.67749023438,0,34088599552,2147483648,8035651584,0
200,1787751207096,3500,3500,3500,3500,3500,3500,3500,3500,3500,3500,3500,3500,3500,3500,3500,3500,3500,3500,3500,3500,0.6820220947265625,0.2764892578125,20.77814483642578,0.290863037109375,0.25408935546875,0.25827789306640625,0.280181884765625,0.2853240966796875,0.234527587890625,0.27544403076171875,0.20543670654296875,0.29151153564453125,0.3752899169921875,0.3444061279296875,0.2168121337890625,7.329978942871094,34.93492889404297,0.2225494384765625,48.465675354003906,0.19565582275390625,0,229735.60321044922,234364.67529296875,0,34088599552,2147483648,8035762176,0
200,1787751207297,3500,3500,3500,3500,3500,3500,3500,3500,3500,3500,3500,3500,3500,3500,3500,3500,3500,3500,3500,3500,0.9945220947265625,0.32109832763671875,0.2447662353515625,0.30667877197265625,0.31041717529296875,2.7797088623046875,0.26726531982421875,0.22969818115234375,0.2830810546875,0.21547698974609375,0.26631927490234375,2.8055038452148438,0.38141632080078125,0.38031768798828125,1.8649139404296875,10.022537231445313,93.0015869140625,0.11295318603515625,0.2832794189453125,2.77471923828125,0,229744.64123535156,234371.5849609375,0,34088599552,2147483648,8035762176,0
199,1787751207498,3500,3500,3500,3500,3500,3500,3500,3500,3500,3500,3500,3500,3500,3500,3500,3500,3500,3500,3500,3500,0.4665069580078125,2.5324554443359375,2.5821990966796875,0.0103302001953125,0,0.11325836181640625,2.67041015625,0.06720733642578125,0.0075836181640625,0.03852081298828125,0.07254791259765625,0.0532379150390625,0.04505157470703125,0.04669952392578125,0.8924484252929688,8.460777282714844,98.90447998046875,0,0.553619384765625,0.04979705810546875,0,229754.92236328125,234379.7364501953,0,34088599552,2147483648,8035741696,0
200,1787751207697,3500,3500,3500,3500,3500,3500,3500,3500,3500,3500,3500,3500,3500,3500,3500,3500,3500,3500,3500,3500,3.519256591796875,0.529022216796875,0.5128021240234375,3.0454254150390625,3.1707687377929688,0.5885009765625,0.573028564453125,0.5958786010742188,0.5484771728515625,3.2840423583984375,0.53216552734375,0.5021743774414063,0.5252304077148438,3.0466766357421875,0.47782135009765625,27.35699462890625,51.98501968383789,2.9461288452148438,30.86707305908203,0.46021270751953125,0,229764.08837890625,234386.7681274414,0,34088599552,2147483648,8035721216,0
199,1787751207898,3500,3500,3500,3500,3500,3500,3500,3500,3500,3500,3500,3500,3500,3500,3500,3500,3500,3500,3500,3500,2.1243515014648438,0.34491729736328125,25.152915954589844,0.32498931884765625,0.47509002685546875,0.4010162353515625,0.3727874755859375,2.9533462524414063,2.8467025756835938,3.0003509521484375,2.8742218017578125,0.2831268310546875,0.5325393676757813,0.3125,0.2924652099609375,18.78575897216797,76.66697692871094,0.235321044921875,52.09125518798828,0.24546051025390625,0,229775.95568847656,234396.45776367188,0,34088599552,2147483648,8056016896,0
200,1787751208098,3500,3500,3500,3500,3500,3500,3500,3500,3500,3500,3500,3500,3500,3500,3500,3500,3500,3500,3500,3500,0.8070297241210938,0.3045654296875,0.31101226806640625,0.29517364501953125,0.47966766357421875,0.34465789794921875,0.35935211181640625,0.45647430419921875,0.3161163330078125,0.43762969970703125,0.27512359619140625,0.30596923828125,2.9254074096679688,0.36724853515625,0.2527313232421875,9.427146911621094,80.64073944091797,0.16900634765625,16.27459716796875,0.285369873046875,0,229784.4819946289,234402.85900878906,0,34088599552,2147483648,8056086528,0
200,1787751208298,3500,3500,3500,3500,3500,3500,3500,3500,3500,3500,3500,3500,3500,3500,3500,3500,3500,3500,3500,3500,0.8261032104492188,0.23548126220703125,0.25827789306640625,0.30910491943359375,0.44377899169921875,2.8814849853515625,0.3248138427734375,0.34232330322265625,0.40302276611328125,0.2908935546875,0.32950592041015625,2.887115478515625,0.3264617919921875,0.3207244873046875,0.199371337890625,9.236312866210938,94.15862274169922,0.112823486328125,0.303314208984375,2.7847137451171875,0,229794.05096435547,234410.3104248047,0,34088599552,2147483648,8056086528,0
200,1787751208499,3500,3500,3500,3500,3500,3500,3500,3500,3500,3500,3500,3500,3500,3500,3500,3500,3500,3500,3500,3500,1.4688720703125,2.8226242065429688,13.078140258789063,0.26055908203125,0.4682464599609375,0.29561614990234375,2.8727035522460938,0.32030487060546875,0.25995635986328125,0.86566162109375,0.27642059326171875,0.27048492431640625,0.49492645263671875,0.2812042236328125,2.756988525390625,24.73853302001953,82.87490844726563,0.1362152099609375,18.8031005859375,0.24414825439453125,0,229802.6473388672,234416.72357177734,0,34088599552,2147483648,8057090048,0
200,1787751208699,3500,3500,3500,3500,3500,3500,3500,3500,3500,3500,3500,3500,3500,3500,3500,3500,3500,3500,3500,3500,3.4359970092773438,0.32996368408203125,20.425277709960938,2.8617706298828125,2.8443450927734375,0.3059539794921875,0.352325439453125,0.245513916015625,0.33730316162109375,0.6088180541992188,0.347930908203125,0.34079742431640625,0.5773773193359375,2.830718994140625,0.29003143310546875,2.8875732421875,25.24781036376953,2.7840576171875,82.5323715209961,0.18157958984375,0,229812.56951904297,234424.96661376953,0,34088599552,2147483648,8061976576,0
200,1787751208899,3500,3500,3500,3500,3500,3500,3500,3500,3500,3500,3500,3500,3500,3500,3500,3500,3500,3500,3500,3500,0.7689208984375,0.32015228271484375,0.46689605712890625,0.471435546875,0.243804931640625,0.3050689697265625,0.313507080078125,2.7050933837890625,2.7911224365234375,3.2788314819335938,2.7964096069335938,0.2973785400390625,0.37247467041015625,0.27765655517578125,0.3278350830078125,3.6555023193359375,92.65603637695313,0.13895416259765625,8.005279541015625,0.30622100830078125,0,229822.1981201172,234432.0322265625,0,34088599552,2147483648,8062218240,0
200,1787751209100,3500,3500,3500,3500,3500,3500,3500,3500,3500,3500,3500,3500,3500,3500,3500,3500,3500,3500,3500,3500,0.7025222778320313,0.26904296875,0.41037750244140625,0.46387481689453125,0.2723846435546875,0.2933502197265625,0.27413177490234375,0.3243408203125,0.328826904296875,0.364959716796875,0.3202972412109375,0.274383544921875,2.7986679077148438,0.3168487548828125,0.23615264892578125,15.881393432617188,89.30976867675781,0.1418304443359375,0.4625244140625,0.33327484130859375,0,229830.00537109375,234437.8267211914,0,34088599552,2147483648,8062349312,0
200,1787751209300,3500,3500,3500,3500,3500,3500,3500,3500,3500,3500,3500,3500,3500,3500,3500,3500,3500,3500,3500,3500,0.8376312255859375,0.32696533203125,4.21722412109375,0.37740325927734375,0.22943878173828125,2.7737960815429688,0.32128143310546875,0.27149200439453125,0.4004058837890625,0.33984375,0.4133758544921875,3.003387451171875,0.30292510986328125,0.259765625,0.3233795166015625,8.92913818359375,6.309196472167969,0.27298736572265625,94.19462585449219,0.13434600830078125,0,229838.98754882813,234444.52813720703,0,34088599552,2147483648,8062492672,0
200,1787751209500,3500,3500,3500,3500,3500,3500,3500,3500,3500,3500,3500,3500,3500,3500,3500,3500,3500,3500,3500,3500,0.73876953125,2.76690673828125,33.78016662597656,0.266510009765625,0.346710205078125,0.28753662109375,2.81414794921875,0.276702880859375,0.39000701904296875,1.8589019775390625,0.38082122802734375,0.44773101806640625,0.31829833984375,0.30191802978515625,2.7893753051757813,9.543739318847656,8.940200805664063,0.2072906494140625,57.722415924072266,2.7448348999023438,0,229847.39025878906,234450.80236816406,0,34088599552,2147483648,8062500864,0
199,1787751209701,3500,3500,3500,3500,3500,3500,3500,3500,3500,3500,3500,3500,3500,3500,3500,3500,3500,3500,3500,3500,3.2432785034179688,0.31319427490234375,7.993659973144531,2.8408660888671875,2.8636703491210938,0.25511932373046875,0.27582550048828125,0.2162017822265625,0.2378997802734375,0.372222900390625,0.18087005615234375,0.31833648681640625,0.37047576904296875,2.8463058471679688,0.2657470703125,4.2328643798828125,91.15800476074219,2.6473770141601563,6.83154296875,0.27976226806640625,0,229856.05798339844,234457.3409423828,0,34088599552,2147483648,8062480384,0
200,1787751209901,3500,3500,3500,3500,3500,3500,3500,3500,3500,3500,3500,3500,3500,3500,3500,3500,3500,3500,3500,3500,0.7599716186523438,0.3631439208984375,8.003753662109375,0.27014923095703125,0.2779388427734375,0.21587371826171875,0.2866363525390625,2.8016586303710938,2.7756729125976563,2.9617691040039063,2.2054977416992188,0.2572021484375,0.2815399169921875,0.28578948974609375,0.2109832763671875,3.8217239379882813,84.55607604980469,0.1270751953125,8.330513000488281,0.263702392578125,0,229864.10540771484,234463.25787353516,0,34088599552,2147483648,8062447616,0
200,1787751210101,3500,3500,3500,3500,3500,3500,3500,3500,3500,3500,3500,3500,3500,3500,3500,3500,3500,3500,3500,3500,0.734375,0.284332275390625,43.95351028442383,0.27104949951171875,0.312896728515625,0.31079864501953125,0.32263946533203125,0.25936126708984375,0.2602081298828125,0.4077911376953125,0.9349517822265625,0.20122528076171875,2.8262252807617188,0.2806854248046875,0.2562103271484375,13.046905517578125,75.9480972290039,0.17055511474609375,14.834648132324219,0.263702392578125,0,229872.51043701172,234469.5073852539,0,34088599552,2147483648,8060768256,0
200,1787751210301,3500,3500,3500,3500,3500,3500,3500,3500,3500,3500,3500,3500,3500,3500,3500,3500,3500,3500,3500,3500,0.9952545166015625,0.3728790283203125,8.387672424316406,0.41944122314453125,15.50762939453125,2.8299484252929688,0.4617156982421875,0.39568328857421875,0.2783966064453125,9.715927124023438,0.36100006103515625,2.8597946166992188,0.34922027587890625,0.3723297119140625,0.2555389404296875,36.096649169921875,53.62039566040039,0.21805572509765625,5.6107330322265625,0.310638427734375,0,229879.58331298828,234474.45281982422,0,34088599552,2147483648,8060739584,0
200,1787751210502,3500,3500,3500,3500,3500,3500,3500,3500,3500,3500,3500,3500,3500,3500,3500,3500,3500,3500,3500,3500,0.6567611694335938,2.8468246459960938,2.8183670043945313,0.3046417236328125,0.4992218017578125,0.35710906982421875,0.37218475341796875,0.4503021240234375,0.3187713623046875,1.9085769653320313,0.2560272216796875,0.31552886962890625,0.28537750244140625,0.30304718017578125,2.7486343383789063,11.731964111328125,77.9029541015625,0.149200439453125,17.319778442382813,2.8003997802734375,0,229888.08172607422,234480.83489990234,0,34088599552,2147483648,8060518400,0
199,1787751210702,3500,3500,3500,3500,3500,3500,3500,3500,3500,3500,3500,3500,3500,3500,3500,3500,3500,3500,3500,3500,3.783172607421875,0.3023223876953125,35.56480407714844,2.7509078979492188,2.7564010620117188,0.24214935302734375,2.7949676513671875,0.22403717041015625,0.29184722900390625,0.27752685546875,0.279022216796875,0.248687744140625,0.27118682861328125,2.7848434448242188,0.2110137939453125,15.784858703613281,74.02861022949219,2.6610488891601563,25.545318603515625,0.1941986083984375,0,229896.5844116211,234487.1372680664,0,34088599552,2147483648,8062386176,0
200,1787751210902,3500,3500,3500,3500,3500,3500,3500,3500,3500,3500,3500,3500,3500,3500,3500,3500,3500,3500,3500,3500,2.378814697265625,0.2541961669921875,7.1530914306640625,0.30828857421875,0.2720947265625,0.33808135986328125,0.2673492431640625,2.8474197387695313,2.8693161010742188,3.2485885620117188,0.30423736572265625,0.296142578125,0.3732757568359375,0.3298797607421875,0.28314208984375,4.01043701171875,89.4533462524414,0.14566802978515625,11.825691223144531,0.25859832763671875,0,229906.55743408203,234494.98278808594,0,34088599552,2147483648,8062976000,0
200,1787751211103,3500,3500,3500,3500,3500,3500,3500,3500,3500,3500,3500,3500,3500,3500,3500,3500,3500,3500,3500,3500,0.763336181640625,0.29047393798828125,0.5025177001953125,0.4152984619140625,0.40380859375,0.38388824462890625,0.289031982421875,0.32736968994140625,0.29042816162109375,0.41259765625,2.7854385375976563,0.29097747802734375,2.920196533203125,0.4013671875,0.27045440673828125,5.0791473388671875,61.09929656982422,0.20794677734375,39.802589416503906,0.23964691162109375,0,229915.10766601563,234501.42626953125,0,34088599552,2147483648,8063098880,0
200,1787751211303,3500,3500,3500,3500,3500,3500,3500,3500,3500,3500,3500,3500,3500,3500,3500,3500,3500,3500,3500,3500,0.9129180908203125,0.25458526611328125,0.5941619873046875,0.37673187255859375,0.473114013671875,1.8682861328125,0.3663482666015625,0.41733551025390625,0.298828125,0.32135009765625,0.2704620361328125,2.8394775390625,0.30461883544921875,0.30167388916015625,0.2206268310546875,3.7645339965820313,99.9680404663086,0.12863922119140625,0.7155609130859375,0.32474517822265625,0,229924.57025146484,234508.7578125,0,34088599552,2147483648,8063094784,0
200,1787751211503,3500,3500,3500,3500,3500,3500,3500,3500,3500,3500,3500,3500,3500,3500,3500,3500,3500,3500,3500,3500,0.61077880859375,2.8153533935546875,21.66179656982422,0.29894256591796875,0.2810516357421875,1.2889633178710938,0.294342041015625,0.311737060546875,0.2946929931640625,3.2930526733398438,0.2667083740234375,0.33696746826171875,0.27490234375,0.2671051025390625,2.7542343139648438,19.412139892578125,83.60200500488281,0.1724090576171875,4.5261993408203125,2.8012619018554688,0,229935.86206054688,234517.90234375,0,34088599552,2147483648,8063356928,0
200,1787751211703,3500,3500,3500,3500,3500,3500,3500,3500,3500,3500,3500,3500,3500,3500,3500,3500,3500,3500,3500,3500,3.289581298828125,0.31714630126953125,0.33371734619140625,2.815277099609375,2.8656768798828125,0.274383544921875,2.8432693481445313,0.32393646240234375,0.39420318603515625,0.344146728515625,0.38936614990234375,0.33062744140625,0.33461761474609375,2.8384780883789063,0.275177001953125,11.961128234863281,87.32133483886719,2.711822509765625,12.383575439453125,0.2928466796875,0,229945.66455078125,234525.58459472656,0,34088599552,2147483648,8063336448,0
200,1787751211904,3500,3500,3500,3500,3500,3500,3500,3500,3500,3500,3500,3500,3500,3500,3500,3500,3500,3500,3500,3500,0.7779006958007813,0.2775421142578125,0.3125457763671875,0.29482269287109375,0.2686004638671875,0.33296966552734375,0.3401641845703125,2.8623123168945313,2.934967041015625,2.8991622924804688,0.4486236572265625,0.35314178466796875,0.29901123046875,0.3026580810546875,0.20708465576171875,13.029449462890625,93.21934509277344,0.15155792236328125,0.44657135009765625,0.32508087158203125,0,229952.67724609375,234530.47637939453,0,34088599552,2147483648,8045027328,0
200,1787751212104,3500,3500,3500,3500,3500,3500,3500,3500,3500,3500,3500,3500,3500,3500,3500,3500,3500,3500,3500,3500,0.6238632202148438,0.2669677734375,0.3188934326171875,0.2994232177734375,0.3047637939453125,0.307708740234375,0.465484619140625,0.38669586181640625,0.23236846923828125,0.2608795166015625,2.8325576782226563,0.2807464599609375,2.8035507202148438,0.236663818359375,0.23276519775390625,6.184074401855469,100,0.092315673828125,0.5059280395507813,0.24794769287109375,0,229961.56384277344,234537.2391357422,0,34088599552,2147483648,8045023232,0
200,1787751212304,3500,3500,3500,3500,3500,3500,3500,3500,3500,3500,3500,3500,3500,3500,3500,3500,3500,3500,3500,3500,6.404365539550781,0.26963043212890625,0.9704360961914063,0.37067413330078125,0.33660888671875,0.3530731201171875,0.46539306640625,0.4650421142578125,0.31237030029296875,0.3736724853515625,0.3474884033203125,2.8499069213867188,0.2691802978515625,0.306488037109375,0.260101318359375,14.142715454101563,76.05452728271484,0.138702392578125,18.254234313964844,0.32678985595703125,0,229970.9317626953,234544.46356201172,0,34088599552,2147483648,8045879296,0
199,1787751212505,3500,3500,3500,3500,3500,3500,3500,3500,3500,3500,3500,3500,3500,3500,3500,3500,3500,3500,3500,3500,0.7393341064453125,2.7828445434570313,2.9273223876953125,0.4531707763671875,0.3462982177734375,2.803070068359375,0.2716827392578125,0.32466888427734375,0.27707672119140625,1.678436279296875,0.3448486328125,0.28217315673828125,0.33255767822265625,0.307342529296875,2.7628707885742188,6.259223937988281,100,0.14453125,0.8773727416992188,2.9231796264648438,0,229979.291015625,234550.69897460938,0,34088599552,2147483648,8045879296,0
200,1787751212705,3500,3500,3500,3500,3500,3500,3500,3500,3500,3500,3500,3500,3500,3500,3500,3500,3500,3500,3500,3500,3.2324905395507813,0.299072265625,0.30152130126953125,2.8454055786132813,2.7829818725585938,0.33600616455078125,2.8303604125976563,0.21685791015625,0.47074127197265625,0.48433685302734375,0.4013214111328125,0.3397979736328125,0.30776214599609375,2.7824325561523438,0.2758331298828125,7.879554748535156,62.5159797668457,2.6969680786132813,40.89113235473633,0.2551422119140625,0,229987.64459228516,234556.9242553711,0,34088599552,2147483648,8045879296,0
200,1787751212905,3500,3500,3500,3500,3500,3500,3500,3500,3500,3500,3500,3500,3500,3500,3500,3500,3500,3500,3500,3500,0.867950439453125,0.33397674560546875,3.1727066040039063,0.27652740478515625,0.2842254638671875,0.2924652099609375,0.3108978271484375,0.3919677734375,3.0064620971679688,2.9227447509765625,0.30335235595703125,0.3224334716796875,0.38237762451171875,0.36029815673828125,0.261444091796875,9.699081420898438,81.37033081054688,0.13507080078125,17.888092041015625,0.2656402587890625,0,229997.33917236328,234564.48168945313,0,34088599552,2147483648,8045944832,0
200,1787751213105,3500,3500,3500,3500,3500,3500,3500,3500,3500,3500,3500,3500,3500,3500,3500,3500,3500,3500,3500,3500,0.6844711303710938,0.3325958251953125,0.5511932373046875,0.29822540283203125,0.45462799072265625,0.45548248291015625,0.3824005126953125,3.0224609375,0.25975799560546875,0.278594970703125,2.7793807983398438,0.33943939208984375,3.0520782470703125,0.537200927734375,0.2456207275390625,5.425041198730469,99.62489318847656,0.12353515625,1.3756332397460938,0.2872314453125,0,230006.64727783203,234571.6752319336,0,34088599552,2147483648,8046063616,0
200,1787751213305,3500,3500,3500,3500,3500,3500,3500,3500,3500,3500,3500,3500,3500,3500,3500,3500,3500,3500,3500,3500,0.8870620727539063,0.29068756103515625,0.31357574462890625,0.32447052001953125,0.5425491333007813,0.48947906494140625,0.3961334228515625,0.48853302001953125,0.30377960205078125,0.34410858154296875,0.26465606689453125,2.765228271484375,0.5308074951171875,0.5483016967773438,0.25560760498046875,18.109161376953125,77.20821380615234,0.1579132080078125,8.277755737304688,0.28948974609375,0,230016.79077148438,234579.6990966797,0,34088599552,2147483648,8046063616,0
200,1787751213506,3500,3500,3500,3500,3500,3500,3500,3500,3500,3500,3500,3500,3500,3500,3500,3500,3500,3500,3500,3500,0.746856689453125,2.7867813110351563,18.152175903320313,0.24753570556640625,0.32901763916015625,2.8411178588867188,0.28745269775390625,0.28505706787109375,0.5084991455078125,0.5668792724609375,0.38649749755859375,0.3548126220703125,0.5042572021484375,0.5033111572265625,2.7646255493164063,7.5619964599609375,84.85265350341797,0.14350128173828125,0.6285018920898438,2.8022003173828125,0,230025.43829345703,234586.2261352539,0,34088599552,2147483648,8046063616,0
200,1787751213706,3500,3500,3500,3500,3500,3500,3500,3500,3500,3500,3500,3500,3500,3500,3500,3500,3500,3500,3500,3500,7.1826629638671875,0.2503662109375,25.08074951171875,2.79144287109375,2.8276138305664063,0.26772308349609375,2.818084716796875,0.248321533203125,0.2994537353515625,0.3011474609375,0.32424163818359375,0.30065155029296875,1.0716018676757813,3.0144271850585938,0.27361297607421875,12.617294311523438,62.197998046875,2.6964187622070313,38.8409309387207,0.23260498046875,0,230035.4512939453,234594.05535888672,0,34088599552,2147483648,8048099328,0
200,1787751213907,3500,3500,3500,3500,3500,3500,3500,3500,3500,3500,3500,3500,3500,3500,3500,3500,3500,3500,3500,3500,0.7527542114257813,0.28604888916015625,0.30979156494140625,0.28050994873046875,0.24953460693359375,0.23207855224609375,0.31981658935546875,0.2586669921875,1.3313369750976563,2.865570068359375,0.31761932373046875,0.41876983642578125,0.39438629150390625,0.390838623046875,0.2046966552734375,16.344261169433594,78.24227142333984,0.16669464111328125,9.031394958496094,0.3120880126953125,0,230045.03259277344,234601.5298461914,0,34088599552,2147483648,8048099328,0
200,1787751214107,3500,3500,3500,3500,3500,3500,3500,3500,3500,3500,3500,3500,3500,3500,3500,3500,3500,3500,3500,3500,0.948516845703125,0.424713134765625,0.376220703125,0.26409912109375,0.2368316650390625,0.19832611083984375,0.23028564453125,2.8181381225585938,1.85528564453125,0.3043060302734375,2.745269775390625,0.25011444091796875,2.837310791015625,0.31134796142578125,0.23108673095703125,12.943290710449219,17.396957397460938,0.23857879638671875,75.24179077148438,0.13594818115234375,0,230054.51922607422,234608.9135131836,0,34088599552,2147483648,8048230400,0
200,1787751214307,3500,3500,3500,3500,3500,3500,3500,3500,3500,3500,3500,3500,3500,3500,3500,3500,3500,3500,3500,3500,0.8882522583007813,0.31752777099609375,0.36168670654296875,0.358795166015625,0.3558502197265625,0.32281494140625,0.29796600341796875,0.33383941650390625,0.38199615478515625,0.4983673095703125,0.40190887451171875,2.8997421264648438,0.4604949951171875,0.46094512939453125,0.25070953369140625,18.210220336914063,75.53787994384766,0.2008514404296875,10.025321960449219,0.36358642578125,0,230063.49243164063,234616.03930664063,0,34088599552,2147483648,8048230400,0
199,1787751214508,3500,3500,3500,3500,3500,3500,3500,3500,3500,3500,3500,3500,3500,3500,3500,3500,3500,3500,3500,3500,1.0047225952148438,2.7602310180664063,1.2904891967773438,0.29833984375,0.27623748779296875,2.7391281127929688,0.1790008544921875,0.28327178955078125,0.24919891357421875,0.45149993896484375,0.19347381591796875,0.236572265625,0.38040924072265625,0.37287139892578125,2.73309326171875,15.70025634765625,75.62301635742188,0.1591949462890625,29.310447692871094,2.7716598510742188,0,230073.4464111328,234624.18060302734,0,34088599552,2147483648,8048222208,0
200,1787751214708,3500,3500,3500,3500,3500,3500,3500,3500,3500,3500,3500,3500,3500,3500,3500,3500,3500,3500,3500,3500,3.2818603515625,0.26169586181640625,2.785858154296875,2.8462295532226563,2.7753143310546875,0.22711181640625,2.7728652954101563,0.32672119140625,0.379852294921875,0.34081268310546875,0.4204864501953125,0.3280181884765625,0.26734161376953125,2.8436813354492188,0.26444244384765625,14.056182861328125,91.65072631835938,2.65435791015625,3.1101760864257813,0.2962799072265625,0,230082.2788696289,234630.25103759766,0,34088599552,2147483648,8048222208,0
200,1787751214908,3500,3500,3500,3500,3500,3500,3500,3500,3500,3500,3500,3500,3500,3500,3500,3500,3500,3500,3500,3500,2.3544158935546875,0.2649993896484375,0.3656158447265625,0.41049957275390625,0.2375335693359375,0.3128814697265625,0.2415771484375,0.23883056640625,0.43871307373046875,2.8692779541015625,0.35687255859375,0.31757354736328125,0.28397369384765625,0.307342529296875,0.27443695068359375,16.573471069335938,77.75762939453125,0.13936614990234375,10.340629577636719,0.25725555419921875,0,230091.87475585938,234637.7255859375,0,34088599552,2147483648,8048222208,0
200,1787751215108,3500,3500,3500,3500,3500,3500,3500,3500,3500,3500,3500,3500,3500,3500,3500,3500,3500,3500,3500,3500,0.97796630859375,0.29868316650390625,25.58251953125,0.337371826171875,0.25464630126953125,0.28459930419921875,0.32169342041015625,2.759063720703125,2.8088912963867188,1.9197845458984375,2.8070907592773438,0.24062347412109375,2.8301544189453125,0.26233673095703125,0.221954345703125,17.10938262939453,50.28227996826172,0.16259765625,27.18061065673828,0.2267913818359375,0,230103.58978271484,234647.28674316406,0,34088599552,2147483648,8047960064,0
200,1787751215309,3500,3500,3500,3500,3500,3500,3500,3500,3500,3500,3500,3500,3500,3500,3500,3500,3500,3500,3500,3500,0.8404388427734375,0.2898712158203125,0.4570159912109375,0.41350555419921875,0.383026123046875,0.22466278076171875,0.270263671875,0.32215118408203125,0.3608245849609375,0.6240005493164063,0.35672760009765625,2.8178176879882813,0.31711578369140625,0.31067657470703125,0.2603912353515625,4.253570556640625,100,0.1341094970703125,0.6288909912109375,0.33896636962890625,0,230112.53955078125,234654.64709472656,0,34088599552,2147483648,8048353280,0
200,1787751215509,3500,3500,3500,3500,3500,3500,3500,3500,3500,3500,3500,3500,3500,3500,3500,3500,3500,3500,3500,3500,0.7145767211914063,0.23504638671875,0.30139923095703125,0.30389404296875,0.12915802001953125,2.6731414794921875,0.174285888671875,0.17873382568359375,0.28157806396484375,0.6677474975585938,0.37967681884765625,0.26869964599609375,0.2205657958984375,0.15746307373046875,2.6393890380859375,7.5068359375,100,0.0257110595703125,0.17488861083984375,2.7398910522460938,0,230121.94073486328,234661.38635253906,0,34088599552,2147483648,8048349184,0
200,1787751215710,3500,3500,3500,3500,3500,3500,3500,3500,3500,3500,3500,3500,3500,3500,3500,3500,3500,3500,3500,3500,3.3551712036132813,2.8853073120117188,10.918350219726563,0.48082733154296875,2.8779830932617188,0.38909912109375,2.9521255493164063,0.39727020263671875,0.52557373046875,0.4937286376953125,0.5756454467773438,0.5286636352539063,0.48705291748046875,2.9837646484375,0.34534454345703125,14.38458251953125,78.64547729492188,2.7691650390625,9.310943603515625,0.361541748046875,0,230130.25048828125,234667.5909423828,0,34088599552,2147483648,8048332800,0
200,1787751215910,3500,3500,3500,3500,3500,3500,3500,3500,3500,3500,3500,3500,3500,3500,3500,3500,3500,3500,3500,3500,0.6232833862304688,0.2731781005859375,0.8633880615234375,2.8638534545898438,0.25644683837890625,0.27108001708984375,0.2432098388671875,0.2161865234375,0.3509979248046875,2.9319305419921875,0.39910125732421875,0.37872314453125,0.37183380126953125,0.3871612548828125,0.2458038330078125,11.954658508300781,96.9615707397461,0.1210784912109375,5.5294036865234375,0.2480010986328125,0,230139.28247070313,234674.43560791016,0,34088599552,2147483648,8048349184,0
200,1787751216110,3500,3500,3500,3500,3500,3500,3500,3500,3500,3500,3500,3500,3500,3500,3500,3500,3500,3500,3500,3500,0.6344757080078125,0.3118438720703125,0.30106353759765625,0.31329345703125,0.27664947509765625,0.2870330810546875,0.33935546875,2.7878952026367188,2.9709243774414063,0.355133056640625,2.9856033325195313,0.46097564697265625,2.9078140258789063,0.39412689208984375,0.30381011962890625,4.559562683105469,87.33602905273438,0.1469879150390625,14.025886535644531,0.3202362060546875,0,230146.6121826172,234679.6475830078,0,34088599552,2147483648,8048480256,0
200,1787751216310,3500,3500,3500,3500,3500,3500,3500,3500,3500,3500,3500,3500,3500,3500,3500,3500,3500,3500,3500,3500,0.7979507446289063,0.3118896484375,0.309844970703125,0.35332489013671875,0.28218841552734375,0.2822418212890625,0.32651519775390625,0.2642669677734375,0.5020294189453125,0.4311981201171875,0.5005874633789063,3.0410537719726563,0.415771484375,0.42725372314453125,0.3635101318359375,10.394584655761719,35.89942169189453,0.28528594970703125,57.75505447387695,0.27869415283203125,0,230154.89404296875,234685.82208251953,0,34088599552,2147483648,8048480256,0
200,1787751216511,3500,3500,3500,3500,3500,3500,3500,3500,3500,3500,3500,3500,3500,3500,3500,3500,3500,3500,3500,3500,0.7185516357421875,0.26273345947265625,0.2850341796875,0.29376983642578125,0.27231597900390625,2.7935333251953125,0.25115966796875,0.274810791015625,0.4790191650390625,1.0501861572265625,0.48725128173828125,0.4701385498046875,0.379486083984375,0.38776397705078125,2.7943801879882813,22.630706787109375,37.920570373535156,0.2368927001953125,46.58625411987305,2.7285690307617188,0,230163.8173828125,234692.6085205078,0,34088599552,2147483648,8048480256,0
200,1787751216711,3500,3500,3500,3500,3500,3500,3500,3500,3500,3500,3500,3500,3500,3500,3500,3500,3500,3500,3500,3500,21.248214721679688,2.7753524780273438,83.18852996826172,0.16878509521484375,2.8178253173828125,0.1869964599609375,2.7267913818359375,0.2057647705078125,0.40254974365234375,0.9805145263671875,0.438232421875,0.40479278564453125,14.704116821289063,2.7602310180664063,0.16179656982421875,53.39356994628906,36.993228912353516,2.7732086181640625,46.48849868774414,0.1891937255859375,0,230176.10430908203,234702.67376708984,0,34088599552,2147483648,8071999488,0
200,1787751216911,3500,3500,3500,3500,3500,3500,3500,3500,3500,3500,3500,3500,3500,3500,3500,3500,3500,3500,3500,3500,0.7977981567382813,0.3244171142578125,9.421157836914063,2.85418701171875,0.31197357177734375,0.33220672607421875,0.3275146484375,0.3317108154296875,0.45294952392578125,3.1632156372070313,0.5042037963867188,0.5118484497070313,0.38895416259765625,0.33016204833984375,0.299835205078125,10.034912109375,86.72428894042969,0.17060089111328125,0.44710540771484375,0.36013031005859375,0,230185.7275390625,234710.19122314453,0,34088599552,2147483648,8046080000,0
200,1787751217112,3500,3500,3500,3500,3500,3500,3500,3500,3500,3500,3500,3500,3500,3500,3500,3500,3500,3500,3500,3500,0.6474761962890625,0.32244110107421875,15.195388793945313,0.26303863525390625,0.3006591796875,0.3402252197265625,0.2865142822265625,2.7803955078125,2.870025634765625,0.7714767456054688,2.8427963256835938,0.32489013671875,2.8291549682617188,0.312896728515625,0.33068084716796875,3.745513916015625,70.39927673339844,0.13184356689453125,16.720703125,0.21767425537109375,0,230194.021484375,234716.35089111328,0,34088599552,2147483648,8046194688,0
200,1787751217312,3500,3500,3500,3500,3500,3500,3500,3500,3500,3500,3500,3500,3500,3500,3500,3500,3500,3500,3500,3500,5.412300109863281,0.241607666015625,6.5166015625,0.2373199462890625,0.248443603515625,0.25812530517578125,0.31166839599609375,0.2735443115234375,0.30428314208984375,0.21800994873046875,0.2857666015625,2.7779006958007813,0.28726959228515625,0.2686004638671875,0.20693206787109375,20.93907928466797,86.68092346191406,0.1217041015625,11.961380004882813,0.26276397705078125,0,230204.77264404297,234724.93487548828,0,34088599552,2147483648,8046112768,0
200,1787751217512,3500,3500,3500,3500,3500,3500,3500,3500,3500,3500,3500,3500,3500,3500,3500,3500,3500,3500,3500,3500,0.827728271484375,0.280487060546875,0.5787124633789063,0.41536712646484375,0.298370361328125,2.7783203125,0.33858489990234375,0.3304443359375,0.37285614013671875,0.3647613525390625,0.49024200439453125,0.5013351440429688,0.298370361328125,0.329742431640625,2.7804641723632813,6.247245788574219,100,0.1446685791015625,0.43804168701171875,2.851348876953125,0,230212.70837402344,234730.7606201172,0,34088599552,2147483648,8046108672,0
200,1787751217712,3500,3500,3500,3500,3500,3500,3500,3500,3500,3500,3500,3500,3500,3500,3500,3500,3500,3500,3500,3500,3.4680099487304688,2.9396438598632813,2.907073974609375,0.4029693603515625,2.8376312255859375,0.35491180419921875,2.7693862915039063,0.26093292236328125,0.271881103515625,0.5756759643554688,0.23395538330078125,0.33432769775390625,0.29331207275390625,2.833282470703125,0.25229644775390625,6.0354156494140625,100,2.658477783203125,3.3214797973632813,0.275970458984375,0,230222.26135253906,234738.18603515625,0,34088599552,2147483648,8046108672,0
200,1787751217913,3500,3500,3500,3500,3500,3500,3500,3500,3500,3500,3500,3500,3500,3500,3500,3500,3500,3500,3500,3500,0.8253021240234375,0.2679290771484375,95.37911987304688,2.6141891479492188,0.23163604736328125,0.17218017578125,0.18975067138671875,0.24871063232421875,0.32813262939453125,1.454010009765625,0.238372802734375,0.2361297607421875,0.2403717041015625,0.24356842041015625,0.242767333984375,2.4509963989257813,8.8253173828125,0.289947509765625,0.47220611572265625,0.2662811279296875,0,230230.2021484375,234743.99145507813,0,34088599552,2147483648,8046108672,0
199,1787751218113,3500,3500,3500,3500,3500,3500,3500,3500,3500,3500,3500,3500,3500,3500,3500,3500,3500,3500,3500,3500,28.633323669433594,0.28589630126953125,80.76427459716797,0.2022857666015625,0.37195587158203125,0.27750396728515625,0.2571258544921875,2.7869110107421875,2.7173385620117188,3.24737548828125,2.7873153686523438,0.30742645263671875,29.155517578125,0.24224090576171875,0.228057861328125,49.834373474121094,43.81846618652344,0.22206878662109375,50.40657043457031,0.25368499755859375,0,230241.39599609375,234752.88885498047,0,34088599552,2147483648,8112369664,0
200,1787751218313,3500,3500,3500,3500,3500,3500,3500,3500,3500,3500,3500,3500,3500,3500,3500,3500,3500,3500,3500,3500,14.397598266601563,0.3253173828125,28.647789001464844,0.2950286865234375,0.30322265625,0.27812957763671875,0.34496307373046875,0.3650054931640625,0.23938751220703125,0.34101104736328125,0.4209442138671875,2.8067474365234375,20.855934143066406,0.3354644775390625,0.23009490966796875,54.892276763916016,57.61134719848633,0.26927947998046875,59.07438278198242,0.2600860595703125,0,230251.44653320313,234760.73413085938,0,34088599552,2147483648,8098791424,0
200,1787751218513,3500,3500,3500,3500,3500,3500,3500,3500,3500,3500,3500,3500,3500,3500,3500,3500,3500,3500,3500,3500,0.7167205810546875,0.30281829833984375,0.31783294677734375,0.32003021240234375,0.25014495849609375,2.8160171508789063,0.33394622802734375,0.26755523681640625,0.3366851806640625,0.29473876953125,0.31224822998046875,0.21787261962890625,0.31394195556640625,0.30052947998046875,2.7474288940429688,14.792915344238281,92.0313491821289,0.14495086669921875,0.31763458251953125,2.8377609252929688,0,230259.03515625,234766.1922607422,0,34088599552,2147483648,8098516992,0
200,1787751218714,3500,3500,3500,3500,3500,3500,3500,3500,3500,3500,3500,3500,3500,3500,3500,3500,3500,3500,3500,3500,3.3089141845703125,2.7768173217773438,2.815704345703125,0.29120635986328125,2.334320068359375,0.30193328857421875,2.8272857666015625,0.2217254638671875,0.2712860107421875,0.3703155517578125,0.279571533203125,0.2852630615234375,0.32180023193359375,0.2880096435546875,0.25041961669921875,11.460670471191406,94.06481170654297,2.6565704345703125,2.903106689453125,0.27138519287109375,0,230266.08599853516,234771.1075439453,0,34088599552,2147483648,8098496512,0
200,1787751218914,3500,3500,3500,3500,3500,3500,3500,3500,3500,3500,3500,3500,3500,3500,3500,3500,3500,3500,3500,3500,6.853240966796875,0.26609039306640625,16.247695922851563,2.8366012573242188,0.7932357788085938,0.43907928466796875,0.32814788818359375,0.4456634521484375,0.29230499267578125,0.3104248046875,0.32649993896484375,0.32869720458984375,1.1630172729492188,2.86865234375,0.24367523193359375,18.36554718017578,63.28852844238281,0.21941375732421875,32.122154235839844,0.29235076904296875,0,230274.92449951172,234777.78491210938,0,34088599552,2147483648,8098856960,0
199,1787751219115,3500,3500,3500,3500,3500,3500,3500,3500,3500,3500,3500,3500,3500,3500,3500,3500,3500,3500,3500,3500,0.5603256225585938,0.280364990234375,15.986259460449219,0.2536773681640625,0.2653961181640625,0.20070648193359375,0.23931121826171875,2.81005859375,2.7791900634765625,3.26055908203125,2.7279129028320313,0.244354248046875,2.787567138671875,0.26938629150390625,0.22519683837890625,7.4350738525390625,78.91239929199219,0.15506744384765625,3.9554061889648438,0.2955780029296875,0,230284.06854248047,234784.8057861328,0,34088599552,2147483648,8098988032,0
200,1787751219315,3500,3500,3500,3500,3500,3500,3500,3500,3500,3500,3500,3500,3500,3500,3500,3500,3500,3500,3500,3500,0.9004364013671875,0.3342437744140625,0.42363739013671875,0.42862701416015625,0.3003082275390625,0.26837921142578125,0.34438323974609375,0.310455322265625,0.5096817016601563,0.4205322265625,0.39745330810546875,0.5014877319335938,0.43277740478515625,0.3964996337890625,0.2462921142578125,9.468452453613281,94.36613464355469,0.1681976318359375,0.6724777221679688,0.32094573974609375,0,230293.37335205078,234791.98291015625,0,34088599552,2147483648,8098988032,0
200,1787751219515,3500,3500,3500,3500,3500,3500,3500,3500,3500,3500,3500,3500,3500,3500,3500,3500,3500,3500,3500,3500,2.9580841064453125,0.3212738037109375,14.53790283203125,0.3511505126953125,0.302093505859375,2.7831878662109375,0.18084716796875,0.28350830078125,0.294097900390625,1.3269729614257813,0.29219818115234375,2.813812255859375,1.0435638427734375,0.3657379150390625,2.7364273071289063,19.73004150390625,54.0014762878418,0.23165130615234375,36.1639289855957,2.7620010375976563,0,230302.2430419922,234798.703125,0,34088599552,2147483648,8099180544,0
200,1787751219715,3500,3500,3500,3500,3500,3500,3500,3500,3500,3500,3500,3500,3500,3500,3500,3500,3500,3500,3500,3500,3.8401641845703125,2.8069305419921875,20.67066192626953,0.297515869140625,0.30035400390625,0.23921966552734375,2.8985137939453125,0.21106719970703125,0.25678253173828125,0.3714752197265625,0.30464935302734375,0.24805450439453125,0.30859375,0.2985076904296875,0.23317718505859375,17.254478454589844,72.37306213378906,2.6842041015625,2.9240646362304688,0.295867919921875,0,230310.95043945313,234805.28100585938,0,34088599552,2147483648,8099180544,0
200,1787751219916,3500,3500,3500,3500,3500,3500,3500,3500,3500,3500,3500,3500,3500,3500,3500,3500,3500,3500,3500,3500,3.2398300170898438,0.27288818359375,0.31304931640625,2.8596343994140625,2.8277587890625,0.33055877685546875,0.29613494873046875,0.2792205810546875,0.30127716064453125,0.32562255859375,0.26505279541015625,0.34228515625,0.3263702392578125,2.825408935546875,0.266204833984375,8.275482177734375,75.78687286376953,0.15560150146484375,24.319290161132813,0.26869964599609375,0,230318.5033569336,234810.70025634766,0,34088599552,2147483648,8099098624,0
199,1787751220116,3500,3500,3500,3500,3500,3500,3500,3500,3500,3500,3500,3500,3500,3500,3500,3500,3500,3500,3500,3500,0.719879150390625,0.3063507080078125,0.33863067626953125,0.27771759033203125,0.40618896484375,0.23384857177734375,0.262725830078125,2.8896255493164063,2.737274169921875,2.89996337890625,2.8831787109375,0.34152984619140625,2.85589599609375,0.299957275390625,0.21331024169921875,5.7072906494140625,77.98014831542969,0.1466064453125,22.43602752685547,0.25368499755859375,0,230328.43310546875,234818.5020751953,0,34088599552,2147483648,8099229696,0
199,1787751220316,3500,3500,3500,3500,3500,3500,3500,3500,3500,3500,3500,3500,3500,3500,3500,3500,3500,3500,3500,3500,5.530723571777344,0.2783660888671875,10.986518859863281,0.26862335205078125,0.31740570068359375,0.240631103515625,0.3229522705078125,0.18694305419921875,0.25452423095703125,0.25252532958984375,0.2902679443359375,0.24267578125,2.9043426513671875,0.37824249267578125,0.26592254638671875,14.469642639160156,62.127685546875,0.16445159912109375,34.9329833984375,0.2800140380859375,0,230338.70916748047,234826.6219482422,0,34088599552,2147483648,8099299328,0
200,1787751220516,3500,3500,3500,3500,3500,3500,3500,3500,3500,3500,3500,3500,3500,3500,3500,3500,3500,3500,3500,3500,0.7875747680664063,0.31897735595703125,0.403106689453125,0.35442352294921875,0.32363128662109375,2.8355178833007813,0.200103759765625,0.267242431640625,0.25719451904296875,0.30853271484375,0.29608154296875,2.85791015625,0.40935516357421875,0.40845489501953125,2.7850799560546875,10.325393676757813,68.8064193725586,0.174560546875,25.030105590820313,2.8015213012695313,0,230347.21368408203,234833.00268554688,0,34088599552,2147483648,8099274752,0
200,1787751220716,3500,3500,3500,3500,3500,3500,3500,3500,3500,3500,3500,3500,3500,3500,3500,3500,3500,3500,3500,3500,0.7978897094726563,2.8017425537109375,2.85540771484375,0.353057861328125,0.402435302734375,0.304534912109375,2.8052291870117188,0.3062286376953125,0.2813873291015625,0.405029296875,0.2886199951171875,0.25006866455078125,0.3964996337890625,0.38114166259765625,0.249969482421875,7.803535461425781,98.13928985595703,0.1303253173828125,4.9039459228515625,0.27475738525390625,0,230357.30114746094,234840.9560546875,0,34088599552,2147483648,8099274752,0
200,1787751220917,3500,3500,3500,3500,3500,3500,3500,3500,3500,3500,3500,3500,3500,3500,3500,3500,3500,3500,3500,3500,3.2151031494140625,0.275543212890625,0.29492950439453125,2.83843994140625,3.0057144165039063,0.44121551513671875,0.38825225830078125,0.36457061767578125,0.271392822265625,0.2868804931640625,0.34249114990234375,0.32869720458984375,0.388458251953125,2.91033935546875,0.213287353515625,9.718856811523438,72.6468505859375,2.687652587890625,24.260902404785156,0.33284759521484375,0,230366.50213623047,234848.05145263672,0,34088599552,2147483648,8099135488,0
200,1787751221117,3500,3500,3500,3500,3500,3500,3500,3500,3500,3500,3500,3500,3500,3500,3500,3500,3500,3500,3500,3500,9.395256042480469,0.27547454833984375,62.72111892700195,0.15267181396484375,1.0362014770507813,0.28564453125,0.281707763671875,2.7844390869140625,2.7676849365234375,4.157859802246094,2.9562225341796875,0.17102813720703125,18.330703735351563,0.2438507080078125,0.21262359619140625,40.777713775634766,36.922908782958984,0.201904296875,34.84632110595703,0.21497344970703125,0,230377.99060058594,234857.81665039063,0,34088599552,2147483648,8102805504,0
200,1787751221317,3500,3500,3500,3500,3500,3500,3500,3500,3500,3500,3500,3500,3500,3500,3500,3500,3500,3500,3500,3500,0.8577117919921875,0.26534271240234375,5.650825500488281,0.3914947509765625,0.33935546875,0.34690093994140625,0.2928619384765625,0.2844696044921875,0.32497406005859375,0.278076171875,0.2932586669921875,0.306793212890625,0.33316802978515625,0.31708526611328125,0.289764404296875,15.510696411132813,65.95326232910156,0.21669769287109375,17.298675537109375,0.35808563232421875,0,230387.51751708984,234865.16192626953,0,34088599552,2147483648,8102785024,0
201,1787751221518,3500,3500,3500,3500,3500,3500,3500,3500,3500,3500,3500,3500,3500,3500,3500,3500,3500,3500,3500,3500,0.7355804443359375,0.28876495361328125,0.39421844482421875,0.42620849609375,0.32749176025390625,2.8071365356445313,0.17612457275390625,0.308929443359375,0.30538177490234375,0.25018310546875,0.25487518310546875,2.82769775390625,0.28896331787109375,0.3099212646484375,2.7822799682617188,2.8731613159179688,24.746604919433594,0.2261810302734375,76.28866577148438,2.6801223754882813,0,230397.38275146484,234872.7469482422,0,34088599552,2147483648,8102785024,0
200,1787751221719,3500,3500,3500,3500,3500,3500,3500,3500,3500,3500,3500,3500,3500,3500,3500,3500,3500,3500,3500,3500,0.07361602783203125,2.1170654296875,3.676300048828125,0,0,0,2.1394882202148438,0,0,1.7327957153320313,0,0,0,0,0,11.136589050292969,98.7431640625,0,6.3785552978515625,0,0,230407.82165527344,234880.72283935547,0,34088599552,2147483648,8102789120,0
200,1787751221920,3500,3500,3500,3500,3500,3500,3500,3500,3500,3500,3500,3500,3500,3500,3500,3500,3500,3500,3500,3500,3.84039306640625,0.96282958984375,80.73512268066406,3.338470458984375,3.4679336547851563,0.935150146484375,0.9452667236328125,0.8659515380859375,1.10711669921875,1.038421630859375,1.0973968505859375,1.1163482666015625,0.9557342529296875,3.4477462768554688,0.8723526000976563,18.743408203125,11.581108093261719,3.387481689453125,4.26885986328125,0.9235916137695313,0,230418.09802246094,234888.9107055664,0,34088599552,2147483648,8102789120,0
199,1787751222120,3500,3500,3500,3500,3500,3500,3500,3500,3500,3500,3500,3500,3500,3500,3500,3500,3500,3500,3500,3500,0.6833877563476563,0.3054656982421875,0.3325653076171875,0.33734893798828125,0.33695220947265625,0.33864593505859375,0.24968719482421875,2.779449462890625,2.90289306640625,2.8604812622070313,2.8174209594726563,0.38809967041015625,2.843170166015625,0.311004638671875,0.27532958984375,12.39251708984375,95.48788452148438,0.1561279296875,1.4769973754882813,0.3712310791015625,0,230428.50909423828,234897.1788330078,0,34088599552,2147483648,8049008640,0
200,1787751222320,3500,3500,3500,3500,3500,3500,3500,3500,3500,3500,3500,3500,3500,3500,3500,3500,3500,3500,3500,3500,0.7615890502929688,0.28748321533203125,0.2901763916015625,0.2710418701171875,0.32691192626953125,0.256591796875,0.2195587158203125,0.26824188232421875,0.1901702880859375,0.28917694091796875,0.25269317626953125,0.28093719482421875,0.2721405029296875,0.27838134765625,0.1915740966796875,19.54497528076172,83.39105987548828,0.13474273681640625,0.6940155029296875,0.37514495849609375,0,230436.5844116211,234903.1400756836,0,34088599552,2147483648,8048992256,0
200,1787751222520,3500,3500,3500,3500,3500,3500,3500,3500,3500,3500,3500,3500,3500,3500,3500,3500,3500,3500,3500,3500,0.77313232421875,0.30376434326171875,20.354591369628906,0.2573394775390625,0.2529449462890625,2.80194091796875,0.28537750244140625,0.29396820068359375,0.36597442626953125,0.30246734619140625,0.27283477783203125,2.6843643188476563,0.29986572265625,0.26348876953125,2.7692108154296875,14.83551025390625,84.71271514892578,0.138916015625,19.689598083496094,2.813232421875,0,230446.40301513672,234910.77569580078,0,34088599552,2147483648,8050921472,0
200,1787751222720,3500,3500,3500,3500,3500,3500,3500,3500,3500,3500,3500,3500,3500,3500,3500,3500,3500,3500,3500,3500,0.7464752197265625,2.77813720703125,33.616065979003906,0.156494140625,0.20352935791015625,0.20117950439453125,2.74639892578125,0.16948699951171875,0.24910736083984375,1.2452468872070313,0.20722198486328125,0.18363189697265625,0.30854034423828125,0.26385498046875,0.174835205078125,6.880744934082031,69.7335205078125,0.0830230712890625,1.5769729614257813,0.1617431640625,0,230455.39282226563,234917.64447021484,0,34088599552,2147483648,8050921472,0
200,1787751222920,3500,3500,3500,3500,3500,3500,3500,3500,3500,3500,3500,3500,3500,3500,3500,3500,3500,3500,3500,3500,4.998161315917969,0.3494415283203125,69.70970153808594,2.8393402099609375,2.8911666870117188,0.38385009765625,0.36397552490234375,0.39368438720703125,0.40941619873046875,0.32657623291015625,0.38649749755859375,0.4263916015625,0.4635467529296875,2.9442520141601563,0.34600067138671875,8.943954467773438,20.594024658203125,2.8391876220703125,10.695266723632813,0.3740081787109375,0,230463.26678466797,234923.39135742188,0,34088599552,2147483648,8050921472,0
199,1787751223121,3500,3500,3500,3500,3500,3500,3500,3500,3500,3500,3500,3500,3500,3500,3500,3500,3500,3500,3500,3500,0.664703369140625,0.26830291748046875,24.22021484375,0.24277496337890625,0.2655029296875,0.357696533203125,0.36504364013671875,2.8448104858398438,2.84820556640625,4.101158142089844,2.8151931762695313,0.19942474365234375,2.8365249633789063,0.2678985595703125,0.22699737548828125,4.70892333984375,76.65361022949219,0.12041473388671875,0.5063323974609375,0.2602081298828125,0,230472.17999267578,234930.1724243164,0,34088599552,2147483648,8051052544,0
200,1787751223321,3500,3500,3500,3500,3500,3500,3500,3500,3500,3500,3500,3500,3500,3500,3500,3500,3500,3500,3500,3500,0.7878189086914063,0.3298797607421875,46.03163528442383,0.24338531494140625,0.4924163818359375,0.48487091064453125,0.4856719970703125,0.48612213134765625,0.36875152587890625,0.353759765625,0.48492431640625,0.36420440673828125,0.31548309326171875,0.3062896728515625,0.23789215087890625,10.961128234863281,57.49897384643555,0.20041656494140625,3.2347564697265625,0.28720855712890625,0,230483.1235961914,234938.96978759766,0,34088599552,2147483648,8051318784,0
200,1787751223521,3500,3500,3500,3500,3500,3500,3500,3500,3500,3500,3500,3500,3500,3500,3500,3500,3500,3500,3500,3500,8.584053039550781,0.34429931640625,53.88336944580078,0.24864959716796875,0.3941650390625,2.9874801635742188,0.44718170166015625,0.44863128662109375,0.38516998291015625,0.36693572998046875,0.43769073486328125,2.9925765991210938,0.3513946533203125,0.32335662841796875,2.8045883178710938,0.3410491943359375,18.095809936523438,0.3043212890625,24.67535400390625,2.791290283203125,0,230492.74810791016,234946.47637939453,0,34088599552,2147483648,8051318784,0
200,1787751223721,3500,3500,3500,3500,3500,3500,3500,3500,3500,3500,3500,3500,3500,3500,3500,3500,3500,3500,3500,3500,11.190048217773438,2.87274169921875,65.27616119384766,0.154876708984375,0.298065185546875,0.32964324951171875,2.9207000732421875,0.32709503173828125,0.45848846435546875,0.38304901123046875,0.35491943359375,0.49141693115234375,7.936309814453125,0.28702545166015625,0.27632904052734375,2.8132400512695313,15.41497802734375,0.22797393798828125,9.469001770019531,0.27388763427734375,0,230501.33361816406,234952.93743896484,0,34088599552,2147483648,8051318784,0
199,1787751223921,3500,3500,3500,3500,3500,3500,3500,3500,3500,3500,3500,3500,3500,3500,3500,3500,3500,3500,3500,3500,7.601814270019531,0.3067169189453125,57.22014617919922,2.7256393432617188,2.8727569580078125,0.3908538818359375,0.43282318115234375,0.4441986083984375,0.4670562744140625,0.46146392822265625,0.36534881591796875,0.46566009521484375,0.2748260498046875,2.8254470825195313,0.2790679931640625,0.28215789794921875,17.95636749267578,2.7741928100585938,48.50605773925781,0.165130615234375,0,230512.01928710938,234961.44696044922,0,34088599552,2147483648,8051245056,0
200,1787751224122,3500,3500,3500,3500,3500,3500,3500,3500,3500,3500,3500,3500,3500,3500,3500,3500,3500,3500,3500,3500,6.044410705566406,0.264923095703125,45.37129592895508,0.20843505859375,0.33050537109375,0.3115081787109375,0.38763427734375,2.9412765502929688,2.9695205688476563,2.9685211181640625,2.9088897705078125,0.4207763671875,8.184974670410156,0.23828125,0.27822113037109375,0.255126953125,13.807106018066406,0.1982879638671875,34.1005859375,0.1694488525390625,0,230520.5629272461,234967.88787841797,0,34088599552,2147483648,8051376128,0
199,1787751224322,3500,3500,3500,3500,3500,3500,3500,3500,3500,3500,3500,3500,3500,3500,3500,3500,3500,3500,3500,3500,0.5891036987304688,0.35284423828125,38.47173309326172,0.27455902099609375,0.31145477294921875,0.30821990966796875,0.31060791015625,0.36312103271484375,0.5148544311523438,0.4544219970703125,0.40116119384765625,0.5494155883789063,2.8392715454101563,0.35284423828125,0.2966461181640625,0.368804931640625,33.92189025878906,0.2478790283203125,31.81952667236328,0.24364471435546875,0,230528.9051513672,234974.11346435547,0,34088599552,2147483648,8051380224,0
200,1787751224522,3500,3500,3500,3500,3500,3500,3500,3500,3500,3500,3500,3500,3500,3500,3500,3500,3500,3500,3500,3500,8.323104858398438,0.3354034423828125,63.82795715332031,0.1606292724609375,0.2881622314453125,2.7586517333984375,0.21636962890625,0.22132110595703125,0.3916473388671875,0.38779449462890625,0.26621246337890625,2.8919830322265625,0.2784576416015625,0.25481414794921875,0.2750091552734375,0.27385711669921875,10.591522216796875,0.2337188720703125,21.29443359375,2.6972579956054688,0,230538.3052368164,234981.408203125,0,34088599552,2147483648,8051380224,0
200,1787751224723,3500,3500,3500,3500,3500,3500,3500,3500,3500,3500,3500,3500,3500,3500,3500,3500,3500,3500,3500,3500,9.073478698730469,2.7704849243164063,33.518394470214844,0.20954132080078125,0.2304840087890625,0.32189178466796875,2.789581298828125,0.17234039306640625,0.2775115966796875,0.26479339599609375,0.25327301025390625,0.23407745361328125,0.28763580322265625,0.25347900390625,2.79547119140625,2.7978591918945313,6.773841857910156,0.2674407958984375,66.63829040527344,0.15074920654296875,0,230548.60546875,234989.54974365234,0,34088599552,2147483648,8051380224,0
200,1787751224923,3500,3500,3500,3500,3500,3500,3500,3500,3500,3500,3500,3500,3500,3500,3500,3500,3500,3500,3500,3500,17.57073974609375,0.306610107421875,39.454429626464844,2.7933807373046875,2.8655166625976563,0.29482269287109375,0.3127593994140625,0.27144622802734375,0.3655548095703125,0.3392333984375,0.3120574951171875,0.336883544921875,0.33368682861328125,2.8604660034179688,0.34417724609375,0.32933807373046875,23.47020721435547,2.8239059448242188,31.42340850830078,0.26300048828125,0,230558.53515625,234997.36450195313,0,34088599552,2147483648,8051380224,0
200,1787751225123,3500,3500,3500,3500,3500,3500,3500,3500,3500,3500,3500,3500,3500,3500,3500,3500,3500,3500,3500,3500,8.983993530273438,0.30889129638671875,24.46160125732422,0.29077911376953125,0.248321533203125,0.32276153564453125,0.31218719482421875,2.767303466796875,2.7865066528320313,2.826873779296875,2.7510833740234375,0.27371978759765625,0.35329437255859375,0.3050994873046875,0.29911041259765625,0.29077911376953125,16.358619689941406,0.258148193359375,57.72043991088867,0.18810272216796875,0,230568.61450195313,235005.31549072266,0,34088599552,2147483648,8051380224,0
200,1787751225323,3500,3500,3500,3500,3500,3500,3500,3500,3500,3500,3500,3500,3500,3500,3500,3500,3500,3500,3500,3500,0.8412933349609375,0.238677978515625,17.719253540039063,0.27230072021484375,0.2852935791015625,0.299285888671875,0.23297882080078125,0.2647552490234375,0.3654327392578125,0.21219635009765625,0.25171661376953125,0.2530670166015625,2.81256103515625,0.30577850341796875,0.26740264892578125,0.3011322021484375,33.26728057861328,0.2164459228515625,52.411800384521484,0.21678924560546875,0,230577.1851196289,235011.76275634766,0,34088599552,2147483648,8051372032,0
199,1787751225524,3500,3500,3500,3500,3500,3500,3500,3500,3500,3500,3500,3500,3500,3500,3500,3500,3500,3500,3500,3500,25.194320678710938,0.21401214599609375,44.9019660949707,0.159271240234375,0.24073028564453125,2.822021484375,0.1986236572265625,0.193084716796875,0.1903839111328125,0.26270294189453125,0.20906829833984375,2.7132415771484375,0.28357696533203125,0.2176055908203125,0.210662841796875,0.2518157958984375,24.79047393798828,0.19597625732421875,12.758026123046875,0.32178497314453125,0,230587.21228027344,235019.65600585938,0,34088599552,2147483648,8051503104,0
200,1787751225724,3500,3500,3500,3500,3500,3500,3500,3500,3500,3500,3500,3500,3500,3500,3500,3500,3500,3500,3500,3500,8.575614929199219,2.896392822265625,30.239501953125,0.3399505615234375,0.3779754638671875,0.33890533447265625,2.80810546875,0.33805084228515625,0.3513946533203125,0.3009796142578125,0.9501571655273438,0.3373565673828125,8.360069274902344,0.42708587646484375,2.9262237548828125,2.9813308715820313,28.556228637695313,0.26575469970703125,33.081085205078125,2.5913619995117188,0,230595.85913085938,235026.1734008789,0,34088599552,2147483648,8051503104,0
200,1787751225924,3500,3500,3500,3500,3500,3500,3500,3500,3500,3500,3500,3500,3500,3500,3500,3500,3500,3500,3500,3500,18.62427520751953,0.30633544921875,30.406875610351563,2.7631454467773438,2.81732177734375,0.29480743408203125,0.23767852783203125,0.3539276123046875,0.30493927001953125,0.356719970703125,0.25835418701171875,0.290557861328125,16.044334411621094,2.8620147705078125,0.40705108642578125,0.4102020263671875,12.648536682128906,2.77996826171875,34.55146789550781,0.21660614013671875,0,230603.36206054688,235031.57293701172,0,34088599552,2147483648,8051503104,0
200,1787751226124,3500,3500,3500,3500,3500,3500,3500,3500,3500,3500,3500,3500,3500,3500,3500,3500,3500,3500,3500,3500,22.866622924804688,0.23256683349609375,53.96136474609375,0.1787872314453125,0.3662567138671875,0.39312744140625,0.40895843505859375,2.916748046875,2.7081985473632813,2.7458038330078125,2.665496826171875,0.2487030029296875,0.3456878662109375,0.33464813232421875,0.29898834228515625,0.329254150390625,15.055809020996094,0.1346893310546875,18.33721923828125,0.17124176025390625,0,230612.6314086914,235038.69580078125,0,34088599552,2147483648,8051494912,0
200,1787751226325,3500,3500,3500,3500,3500,3500,3500,3500,3500,3500,3500,3500,3500,3500,3500,3500,3500,3500,3500,3500,0.7879104614257813,0.34214019775390625,17.278648376464844,0.31848907470703125,0.49532318115234375,0.4921722412109375,0.40335845947265625,0.487335205078125,0.3165435791015625,0.32741546630859375,0.2481842041015625,0.26210784912109375,2.9282608032226563,0.39762115478515625,0.41049957275390625,0.41309356689453125,26.166458129882813,0.2383575439453125,61.426151275634766,0.20821380615234375,0,230621.46295166016,235045.45294189453,0,34088599552,2147483648,8051494912,0
200,1787751226525,3500,3500,3500,3500,3500,3500,3500,3500,3500,3500,3500,3500,3500,3500,3500,3500,3500,3500,3500,3500,8.218307495117188,0.32210540771484375,39.300445556640625,0.30657958984375,0.5019073486328125,2.9558181762695313,0.38651275634765625,0.5023574829101563,0.3084716796875,0.27371978759765625,0.27567291259765625,2.871337890625,0.40055084228515625,0.3539581298828125,0.420867919921875,0.4201202392578125,42.67219161987305,0.22548675537109375,13.935066223144531,0.270477294921875,0,230630.4356689453,235052.73809814453,0,34088599552,2147483648,8051625984,0
200,1787751226725,3500,3500,3500,3500,3500,3500,3500,3500,3500,3500,3500,3500,3500,3500,3500,3500,3500,3500,3500,3500,0.7844772338867188,2.8054885864257813,36.001312255859375,0.24555206298828125,0.25443267822265625,0.28179168701171875,1.191314697265625,0.26377105712890625,0.3475341796875,0.2752532958984375,1.053985595703125,0.2357177734375,0.292327880859375,0.30271148681640625,2.8604965209960938,2.9027786254882813,13.941680908203125,0.2798919677734375,57.21851348876953,2.68658447265625,0,230639.75970458984,235059.92645263672,0,34088599552,2147483648,8051552256,0
200,1787751226926,3500,3500,3500,3500,3500,3500,3500,3500,3500,3500,3500,3500,3500,3500,3500,3500,3500,3500,3500,3500,26.18151092529297,0.21125030517578125,34.75238800048828,2.7115859985351563,2.7505416870117188,0.19278717041015625,1.8973312377929688,0.2069091796875,0.247955322265625,0.219573974609375,0.2953948974609375,0.2857208251953125,0.2887115478515625,2.7768325805664063,0.3832855224609375,0.37760162353515625,5.9045257568359375,2.7979812622070313,49.711238861083984,0.176483154296875,0,230649.80541992188,235067.37280273438,0,34088599552,2147483648,8051556352,0
200,1787751227126,3500,3500,3500,3500,3500,3500,3500,3500,3500,3500,3500,3500,3500,3500,3500,3500,3500,3500,3500,3500,9.423500061035156,0.291107177734375,52.94095993041992,0.18712615966796875,0.31275177001953125,0.23021697998046875,0.2572479248046875,2.75433349609375,2.759521484375,2.8574752807617188,0.741912841796875,0.2520599365234375,0.3329010009765625,0.26816558837890625,0.40362548828125,0.3923492431640625,4.509712219238281,0.27320098876953125,40.479896545410156,0.224578857421875,0,230658.14678955078,235073.59576416016,0,34088599552,2147483648,8044462080,0
199,1787751227327,3500,3500,3500,3500,3500,3500,3500,3500,3500,3500,3500,3500,3500,3500,3500,3500,3500,3500,3500,3500,17.246360778808594,0.4000701904296875,50.54806137084961,0.2295074462890625,0.292694091796875,0.30281829833984375,0.30226898193359375,0.29693603515625,0.34999847412109375,0.3079071044921875,2.7818756103515625,0.30645751953125,2.9499893188476563,0.41552734375,0.4329833984375,0.43248748779296875,14.255126953125,0.287109375,22.705482482910156,0.28292083740234375,0,230667.35693359375,235080.67810058594,0,34088599552,2147483648,8044462080,0
200,1787751227527,3500,3500,3500,3500,3500,3500,3500,3500,3500,3500,3500,3500,3500,3500,3500,3500,3500,3500,3500,3500,0.5970458984375,0.30841827392578125,73.33226013183594,0.17255401611328125,0.316619873046875,2.9431304931640625,0.2579345703125,0.263427734375,0.2161407470703125,0.23523712158203125,0.24933624267578125,2.8151626586914063,0.31092071533203125,0.31856536865234375,0.37705230712890625,0.36700439453125,4.6850738525390625,0.265777587890625,26.534271240234375,0.15355682373046875,0,230677.29779052734,235088.5069580078,0,34088599552,2147483648,8044367872,0
200,1787751227727,3500,3500,3500,3500,3500,3500,3500,3500,3500,3500,3500,3500,3500,3500,3500,3500,3500,3500,3500,3500,19.88043975830078,2.8160247802734375,65.38803100585938,0.16637420654296875,0.46080780029296875,0.43312835693359375,0.33754730224609375,0.404052734375,0.25991058349609375,0.273101806640625,0.798309326171875,0.3115234375,0.3318023681640625,0.31806182861328125,2.7971343994140625,2.8450546264648438,27.06109619140625,0.2587127685546875,17.25397491455078,2.7299346923828125,0,230686.10455322266,235095.15893554688,0,34088599552,2147483648,8044339200,0
200,1787751227927,3500,3500,3500,3500,3500,3500,3500,3500,3500,3500,3500,3500,3500,3500,3500,3500,3500,3500,3500,3500,3.2312088012695313,0.329833984375,24.14905548095703,2.8190841674804688,3.0214767456054688,0.38169097900390625,2.9072189331054688,0.45603179931640625,0.33683013916015625,0.25225067138671875,0.2971649169921875,0.34502410888671875,0.3234405517578125,2.8059005737304688,0.29705810546875,0.320892333984375,26.93242645263672,2.7667770385742188,57.32081985473633,0.1692657470703125,0,230694.82751464844,235101.75982666016,0,34088599552,2147483648,8044339200,0
200,1787751228128,3500,3500,3500,3500,3500,3500,3500,3500,3500,3500,3500,3500,3500,3500,3500,3500,3500,3500,3500,3500,0.8304977416992188,0.31969451904296875,68.14323425292969,0.16443634033203125,0.43076324462890625,0.33844757080078125,0.30597686767578125,2.9171218872070313,2.753082275390625,2.7741317749023438,0.23635101318359375,0.216552734375,0.2736053466796875,0.2665252685546875,0.28069305419921875,0.272064208984375,19.833534240722656,0.27196502685546875,18.47681427001953,0.17969512939453125,0,230702.94067382813,235107.7373046875,0,34088599552,2147483648,8044257280,0
200,1787751228328,3500,3500,3500,3500,3500,3500,3500,3500,3500,3500,3500,3500,3500,3500,3500,3500,3500,3500,3500,3500,6.280586242675781,0.31446075439453125,59.56452178955078,0.21642303466796875,0.32460784912109375,0.28057861328125,0.306915283203125,0.2856292724609375,0.3260040283203125,0.26019287109375,2.8108139038085938,0.28478240966796875,2.8060226440429688,0.3034210205078125,0.27973175048828125,0.31516265869140625,10.861595153808594,0.22521209716796875,28.438514709472656,0.23496246337890625,0,230712.23126220703,235114.91284179688,0,34088599552,2147483648,8044261376,0
200,1787751228528,3500,3500,3500,3500,3500,3500,3500,3500,3500,3500,3500,3500,3500,3500,3500,3500,3500,3500,3500,3500,7.8761444091796875,0.28818511962890625,60.069889068603516,0.21439361572265625,0.45462799072265625,0.4238433837890625,0.3769989013671875,0.33458709716796875,0.2169342041015625,0.25749969482421875,0.2500152587890625,2.7584686279296875,0.276458740234375,0.29277801513671875,0.35369873046875,0.37549591064453125,17.96611785888672,0.2243194580078125,20.87885284423828,0.19722747802734375,0,230721.90814208984,235122.4617919922,0,34088599552,2147483648,8044347392,0
200,1787751228729,3500,3500,3500,3500,3500,3500,3500,3500,3500,3500,3500,3500,3500,3500,3500,3500,3500,3500,3500,3500,0.5998306274414063,2.796417236328125,10.831451416015625,0.3319091796875,0.39815521240234375,2.9231643676757813,0.31988525390625,0.42536163330078125,0.3152923583984375,0.26751708984375,0.4482269287109375,0.223541259765625,0.2848358154296875,0.30200958251953125,2.9738845825195313,2.9713897705078125,34.84819793701172,0.2005767822265625,62.20542907714844,2.695037841796875,0,230730.3003540039,235128.73858642578,0,34088599552,2147483648,8044347392,0
200,1787751228929,3500,3500,3500,3500,3500,3500,3500,3500,3500,3500,3500,3500,3500,3500,3500,3500,3500,3500,3500,3500,11.056716918945313,0.30178070068359375,41.567012786865234,2.7376480102539063,2.9443511962890625,0.38287353515625,2.91546630859375,0.4698028564453125,0.31546783447265625,0.35134124755859375,0.27459716796875,0.25536346435546875,0.30017852783203125,2.8178863525390625,0.510528564453125,0.5294647216796875,13.093475341796875,2.7849655151367188,46.119388580322266,0.19416046142578125,0,230738.73779296875,235135.0526123047,0,34088599552,2147483648,8044347392,0
200,1787751229129,3500,3500,3500,3500,3500,3500,3500,3500,3500,3500,3500,3500,3500,3500,3500,3500,3500,3500,3500,3500,8.538528442382813,0.245269775390625,58.93029022216797,0.17174530029296875,0.7682952880859375,0.43548583984375,0.34783935546875,2.7970809936523438,2.7239608764648438,2.740081787109375,0.5538253784179688,0.28070831298828125,0.4286956787109375,0.2720184326171875,0.4040374755859375,0.42435455322265625,15.526390075683594,0.20174407958984375,27.933517456054688,0.18552398681640625,0,230747.63275146484,235141.81121826172,0,34088599552,2147483648,8044339200,0
200,1787751229330,3500,3500,3500,3500,3500,3500,3500,3500,3500,3500,3500,3500,3500,3500,3500,3500,3500,3500,3500,3500,7.26739501953125,0.28638458251953125,44.98853302001953,0.161895751953125,0.44104766845703125,0.37506866455078125,0.3283843994140625,0.5753631591796875,0.24034881591796875,0.28115081787109375,2.7278060913085938,0.23700714111328125,2.7917938232421875,0.2916259765625,0.39815521240234375,0.389678955078125,16.28862762451172,0.19391632080078125,36.13957595825195,0.15885162353515625,0,230757.0654296875,235149.13592529297,0,34088599552,2147483648,8044326912,0
200,1787751229530,3500,3500,3500,3500,3500,3500,3500,3500,3500,3500,3500,3500,3500,3500,3500,3500,3500,3500,3500,3500,6.421897888183594,0.35266876220703125,32.375144958496094,0.33348846435546875,0.5189666748046875,0.391937255859375,0.387237548828125,0.5227584838867188,0.33953094482421875,0.30621337890625,0.325042724609375,2.8520355224609375,0.36815643310546875,0.42255401611328125,0.461517333984375,0.4408416748046875,5.348602294921875,0.258056640625,61.10429763793945,0.24442291259765625,0,230765.93914794922,235155.89337158203,0,34088599552,2147483648,8044453888,0
200,1787751229730,3500,3500,3500,3500,3500,3500,3500,3500,3500,3500,3500,3500,3500,3500,3500,3500,3500,3500,3500,3500,28.72223663330078,2.6698532104492188,42.02134323120117,0.182952880859375,0.32220458984375,2.8025588989257813,0.36905670166015625,0.3762969970703125,0.188446044921875,0.1544342041015625,0.5524139404296875,0.15943145751953125,0.30492401123046875,0.2550811767578125,2.7616500854492188,2.7967147827148438,5.412422180175781,0.20587921142578125,33.18787384033203,2.6850814819335938,0,230775.57763671875,235163.400390625,0,34088599552,2147483648,8044453888,0
199,1787751229930,3500,3500,3500,3500,3500,3500,3500,3500,3500,3500,3500,3500,3500,3500,3500,3500,3500,3500,3500,3500,12.81207275390625,0.32791900634765625,52.123252868652344,2.77972412109375,2.899261474609375,0.3589324951171875,2.8894805908203125,0.30350494384765625,0.28443145751953125,0.32183074951171875,0.356536865234375,0.27379608154296875,0.342803955078125,2.864013671875,0.44896697998046875,0.44756317138671875,7.040061950683594,2.8011398315429688,44.97468566894531,0.22216033935546875,0,230784.8316040039,235170.53912353516,0,34088599552,2147483648,8044584960,0
200,1787751230130,3500,3500,3500,3500,3500,3500,3500,3500,3500,3500,3500,3500,3500,3500,3500,3500,3500,3500,3500,3500,18.268150329589844,0.2870941162109375,37.45222091674805,0.2926483154296875,0.39642333984375,0.4360198974609375,0.28754425048828125,0.3734283447265625,2.814666748046875,2.762176513671875,0.3488311767578125,0.2593994140625,0.30129241943359375,0.30849456787109375,0.404876708984375,0.43302154541015625,7.111305236816406,0.29009246826171875,44.12390899658203,0.19916534423828125,0,230794.07299804688,235177.65661621094,0,34088599552,2147483648,8044572672,0
200,1787751230330,3500,3500,3500,3500,3500,3500,3500,3500,3500,3500,3500,3500,3500,3500,3500,3500,3500,3500,3500,3500,6.250129699707031,0.3391265869140625,47.31697082519531,0.21834564208984375,0.475433349609375,0.4759368896484375,0.38665771484375,3.001312255859375,0.36444091796875,0.21280670166015625,2.759002685546875,0.31810760498046875,2.8510208129882813,0.2725677490234375,0.36034393310546875,0.340576171875,12.709312438964844,0.26822662353515625,38.1655387878418,0.1766510009765625,0,230802.88647460938,235184.3634033203,0,34088599552,2147483648,8044572672,0
200,1787751230531,3500,3500,3500,3500,3500,3500,3500,3500,3500,3500,3500,3500,3500,3500,3500,3500,3500,3500,3500,3500,8.579330444335938,0.32389068603515625,35.746246337890625,0.239593505859375,0.46036529541015625,0.3443145751953125,0.33751678466796875,0.4599609375,0.25087738037109375,0.1994476318359375,0.282440185546875,2.7939453125,0.26326751708984375,0.28963470458984375,0.29721832275390625,0.2604217529296875,32.91205596923828,0.18491363525390625,32.82726287841797,0.19020843505859375,0,230810.6870727539,235190.01776123047,0,34088599552,2147483648,8044642304,0
200,1787751230731,3500,3500,3500,3500,3500,3500,3500,3500,3500,3500,3500,3500,3500,3500,3500,3500,3500,3500,3500,3500,37.71245193481445,2.765411376953125,70.89509582519531,0.16446685791015625,1.1953811645507813,2.96551513671875,0.45865631103515625,0.46075439453125,0.262847900390625,0.19411468505859375,11.264495849609375,0.7191085815429688,44.26355743408203,0.2569580078125,20.691619873046875,2.772796630859375,63.124351501464844,0.24582672119140625,60.099388122558594,2.7517318725585938,0,230825.77893066406,235202.85638427734,0,34088599552,2147483648,8073723904,0
200,1787751230931,3500,3500,3500,3500,3500,3500,3500,3500,3500,3500,3500,3500,3500,3500,3500,3500,3500,3500,3500,3500,45.272132873535156,0.25498199462890625,80.35911560058594,2.796417236328125,3.01422119140625,0.5006332397460938,2.938873291015625,0.4242401123046875,0.4401092529296875,0.5152053833007813,0.836151123046875,0.401031494140625,47.709529876708984,2.7581405639648438,13.587783813476563,0.3287811279296875,83.51405334472656,2.7763595581054688,47.63493347167969,0.245849609375,0,230841.57342529297,235216.4989013672,0,34088599552,2147483648,8081018880,0
199,1787751231132,3500,3500,3500,3500,3500,3500,3500,3500,3500,3500,3500,3500,3500,3500,3500,3500,3500,3500,3500,3500,24.603172302246094,0.302886962890625,46.80646514892578,0.30823516845703125,0.5093460083007813,0.4398956298828125,0.4992523193359375,0.4681243896484375,0.3531036376953125,2.8867950439453125,0.4561309814453125,0.34825897216796875,47.395809173583984,0.263763427734375,11.734054565429688,0.32592010498046875,42.79255294799805,0.250823974609375,58.08708572387695,0.2126007080078125,0,230853.15301513672,235225.9024658203,0,34088599552,2147483648,8052723712,0
200,1787751231332,3500,3500,3500,3500,3500,3500,3500,3500,3500,3500,3500,3500,3500,3500,3500,3500,3500,3500,3500,3500,18.765586853027344,0.287933349609375,50.817665100097656,0.2173004150390625,0.256744384765625,0.265838623046875,0.30612945556640625,2.7816162109375,2.8342056274414063,0.271240234375,2.8424530029296875,0.28833770751953125,2.828155517578125,0.2904815673828125,0.26828765869140625,0.31247711181640625,10.870033264160156,0.2613372802734375,24.787322998046875,0.21559906005859375,0,230860.89318847656,235231.51336669922,0,34088599552,2147483648,8052727808,0
200,1787751231532,3500,3500,3500,3500,3500,3500,3500,3500,3500,3500,3500,3500,3500,3500,3500,3500,3500,3500,3500,3500,8.293846130371094,0.31586456298828125,46.9274787902832,0.2245941162109375,0.25335693359375,0.3056793212890625,0.32425689697265625,0.24506378173828125,0.33194732666015625,0.28520965576171875,0.23262786865234375,2.8628311157226563,0.29564666748046875,0.305084228515625,0.28446197509765625,0.30683135986328125,3.489471435546875,0.37673187255859375,46.431610107421875,0.21625518798828125,0,230868.56268310547,235237.05010986328,0,34088599552,2147483648,8052666368,0
200,1787751231732,3500,3500,3500,3500,3500,3500,3500,3500,3500,3500,3500,3500,3500,3500,3500,3500,3500,3500,3500,3500,16.536277770996094,1.617523193359375,24.377166748046875,0.3011627197265625,0.36971282958984375,2.9027557373046875,0.30570220947265625,0.42159271240234375,0.29288482666015625,0.2675933837890625,1.5015411376953125,0.2892913818359375,0.3196258544921875,0.2988739013671875,2.8109130859375,2.7617721557617188,19.68846893310547,0.190765380859375,47.016178131103516,2.7177734375,0,230876.07299804688,235242.42938232422,0,34088599552,2147483648,8050188288,0
200,1787751231933,3500,3500,3500,3500,3500,3500,3500,3500,3500,3500,3500,3500,3500,3500,3500,3500,3500,3500,3500,3500,20.29095458984375,1.4108734130859375,49.453365325927734,0.21140289306640625,2.8427734375,0.1976165771484375,2.753509521484375,0.27179718017578125,0.2310791015625,0.1892242431640625,0.31066131591796875,0.24571990966796875,0.28348541259765625,2.78887939453125,0.26419830322265625,0.24237060546875,5.997306823730469,2.7251358032226563,40.08348083496094,0.1526031494140625,0,230885.5298461914,235249.75659179688,0,34088599552,2147483648,8049782784,0
199,1787751232133,3500,3500,3500,3500,3500,3500,3500,3500,3500,3500,3500,3500,3500,3500,3500,3500,3500,3500,3500,3500,9.85577392578125,0.34812164306640625,35.80986022949219,2.7679824829101563,0.32140350341796875,0.3262939453125,0.28150177001953125,0.33933258056640625,0.29613494873046875,2.8642120361328125,0.318756103515625,0.2790069580078125,8.215950012207031,0.2964324951171875,0.31241607666015625,0.3169097900390625,19.072586059570313,0.27935791015625,34.825721740722656,0.23645782470703125,0,230895.8521118164,235258.15924072266,0,34088599552,2147483648,8048312320,0
200,1787751232333,3500,3500,3500,3500,3500,3500,3500,3500,3500,3500,3500,3500,3500,3500,3500,3500,3500,3500,3500,3500,22.737266540527344,0.30175018310546875,33.97858428955078,0.2951507568359375,0.3260345458984375,0.25278472900390625,0.34746551513671875,2.8319168090820313,2.9964065551757813,0.45709228515625,2.9237518310546875,0.39438629150390625,2.8448104858398438,0.31558990478515625,0.33142852783203125,0.33362579345703125,12.586669921875,0.27501678466796875,35.946876525878906,0.212554931640625,0,230904.9253540039,235265.3973388672,0,34088599552,2147483648,8048025600,0
200,1787751232533,3500,3500,3500,3500,3500,3500,3500,3500,3500,3500,3500,3500,3500,3500,3500,3500,3500,3500,3500,3500,8.481925964355469,0.27519989013671875,49.96689987182617,0.201751708984375,0.3805389404296875,0.283935546875,0.33331298828125,0.35453033447265625,0.45073699951171875,0.28957366943359375,0.37230682373046875,2.8606109619140625,0.29906463623046875,0.2604217529296875,0.29232025146484375,0.24828338623046875,3.4757080078125,0.22512054443359375,42.88532257080078,0.16485595703125,0,230914.8348388672,235272.76446533203,0,34088599552,2147483648,8048021504,0
200,1787751232734,3500,3500,3500,3500,3500,3500,3500,3500,3500,3500,3500,3500,3500,3500,3500,3500,3500,3500,3500,3500,21.345924377441406,0.3416900634765625,39.68815231323242,0.20883941650390625,0.382080078125,2.944732666015625,0.3625640869140625,0.37110137939453125,0.4783935546875,0.47149658203125,0.36156463623046875,0.43025970458984375,0.26026153564453125,0.306396484375,2.7899627685546875,2.8341903686523438,8.718162536621094,0.2210693359375,40.13583755493164,2.7094268798828125,0,230923.72814941406,235279.7847290039,0,34088599552,2147483648,8047980544,0
199,1787751232934,3500,3500,3500,3500,3500,3500,3500,3500,3500,3500,3500,3500,3500,3500,3500,3500,3500,3500,3500,3500,11.001007080078125,2.82525634765625,86.87430572509766,0.15695953369140625,2.8829574584960938,0.3307037353515625,2.81341552734375,0.29578399658203125,0.4550933837890625,0.482513427734375,0.38155364990234375,0.49210357666015625,0.31021881103515625,2.8289031982421875,0.3059234619140625,0.31092071533203125,2.9404525756835938,2.7958831787109375,11.488716125488281,0.28754425048828125,0,230933.0844116211,235286.6827392578,0,34088599552,2147483648,8047960064,0
199,1787751233134,3500,3500,3500,3500,3500,3500,3500,3500,3500,3500,3500,3500,3500,3500,3500,3500,3500,3500,3500,3500,30.675254821777344,0.28774261474609375,58.01146697998047,2.704833984375,0.3016357421875,0.24634552001953125,0.24684906005859375,0.32088470458984375,0.42555999755859375,3.0246124267578125,0.36837005615234375,0.35367584228515625,0.7323455810546875,0.27059173583984375,0.30728912353515625,0.2715911865234375,15.004295349121094,0.20500946044921875,4.6643218994140625,0.22295379638671875,0,230942.04296875,235293.53314208984,0,34088599552,2147483648,8047890432,0
200,1787751233334,3500,3500,3500,3500,3500,3500,3500,3500,3500,3500,3500,3500,3500,3500,3500,3500,3500,3500,3500,3500,21.20958709716797,0.24968719482421875,48.42041015625,0.2472381591796875,0.3806610107421875,0.3472137451171875,0.33856964111328125,3.022064208984375,3.0094680786132813,0.43859100341796875,3.5959243774414063,0.474884033203125,2.8485565185546875,0.2896270751953125,0.355712890625,0.33481597900390625,10.877799987792969,0.27448272705078125,24.50103759765625,0.230194091796875,0,230950.9835205078,235300.34204101563,0,34088599552,2147483648,8047767552,0
200,1787751233534,3500,3500,3500,3500,3500,3500,3500,3500,3500,3500,3500,3500,3500,3500,3500,3500,3500,3500,3500,3500,32.09376525878906,0.2487640380859375,49.73789978027344,0.23987579345703125,0.32202911376953125,0.3155364990234375,0.3239288330078125,0.43245697021484375,0.36078643798828125,0.37192535400390625,1.515869140625,2.9572677612304688,33.764060974121094,0.223297119140625,0.28582000732421875,0.27703094482421875,41.743438720703125,0.2310333251953125,73.42202758789063,0.1823883056640625,0,230964.47192382813,235311.63787841797,0,34088599552,2147483648,8063791104,0
200,1787751233735,3500,3500,3500,3500,3500,3500,3500,3500,3500,3500,3500,3500,3500,3500,3500,3500,3500,3500,3500,3500,8.713287353515625,0.293609619140625,50.64410400390625,0.1998748779296875,0.41202545166015625,2.8969650268554688,0.38144683837890625,0.473785400390625,0.43387603759765625,0.4489898681640625,0.5997848510742188,0.5120391845703125,5.935844421386719,0.3635406494140625,2.8311233520507813,2.8065261840820313,16.140663146972656,0.228759765625,25.487564086914063,2.7625350952148438,0,230974.2759399414,235319.32293701172,0,34088599552,2147483648,8063791104,0
200,1787751233935,3500,3500,3500,3500,3500,3500,3500,3500,3500,3500,3500,3500,3500,3500,3500,3500,3500,3500,3500,3500,18.67865753173828,2.829681396484375,37.790531158447266,0.2409820556640625,0.40484619140625,0.35649871826171875,2.87298583984375,0.4055938720703125,0.3742828369140625,0.36669158935546875,0.8492965698242188,0.3917083740234375,10.995101928710938,2.6442947387695313,0.2978668212890625,0.31989288330078125,38.07890701293945,2.7894287109375,6.265144348144531,0.22095489501953125,0,230983.3914794922,235326.30645751953,0,34088599552,2147483648,8063791104,0
200,1787751234135,3500,3500,3500,3500,3500,3500,3500,3500,3500,3500,3500,3500,3500,3500,3500,3500,3500,3500,3500,3500,13.90576171875,0.2859649658203125,15.621871948242188,2.8064193725585938,2.802978515625,0.27115631103515625,0.26726531982421875,0.23694610595703125,0.4633636474609375,1.8252792358398438,0.47443389892578125,0.39633941650390625,0.28971099853515625,0.4153900146484375,0.2552947998046875,0.27639007568359375,24.206756591796875,0.2037811279296875,55.60335922241211,0.1505126953125,0,230993.50329589844,235334.2928466797,0,34088599552,2147483648,8063684608,0
199,1787751234336,3500,3500,3500,3500,3500,3500,3500,3500,3500,3500,3500,3500,3500,3500,3500,3500,3500,3500,3500,3500,0.9778366088867188,0.31879425048828125,36.74772262573242,0.19670867919921875,0.308258056640625,0.31554412841796875,0.3295745849609375,2.7339630126953125,2.9077606201171875,1.4708786010742188,2.8957290649414063,0.33935546875,2.8282470703125,0.28076171875,0.31031036376953125,0.2837066650390625,13.667228698730469,0.244873046875,54.61963653564453,0.17040252685546875,0,231002.36212158203,235341.03033447266,0,34088599552,2147483648,8063574016,0
200,1787751234536,3500,3500,3500,3500,3500,3500,3500,3500,3500,3500,3500,3500,3500,3500,3500,3500,3500,3500,3500,3500,16.449562072753906,0.37483978271484375,39.58477783203125,0.28173065185546875,0.21630859375,0.32346343994140625,0.276580810546875,0.3035736083984375,0.30731964111328125,0.27618408203125,0.229400634765625,2.8335952758789063,0.32550811767578125,0.2966766357421875,0.3446044921875,0.30926513671875,18.359146118164063,0.217559814453125,30.373138427734375,0.20441436767578125,0,231010.70977783203,235347.25091552734,0,34088599552,2147483648,8063627264,0
200,1787751234736,3500,3500,3500,3500,3500,3500,3500,3500,3500,3500,3500,3500,3500,3500,3500,3500,3500,3500,3500,3500,5.32861328125,0.364166259765625,54.57636642456055,0.24663543701171875,0.4831390380859375,2.8069686889648438,0.323974609375,0.3410491943359375,0.3495330810546875,0.31273651123046875,1.65081787109375,0.367156982421875,0.45452880859375,0.462615966796875,2.8697280883789063,2.8685836791992188,18.244712829589844,0.3078460693359375,26.201156616210938,2.7618408203125,0,231018.14190673828,235352.5718383789,0,34088599552,2147483648,8063582208,0
200,1787751234936,3500,3500,3500,3500,3500,3500,3500,3500,3500,3500,3500,3500,3500,3500,3500,3500,3500,3500,3500,3500,4.764320373535156,2.833282470703125,62.30509567260742,0.18830108642578125,0.28253173828125,0.1572265625,2.8617095947265625,0.29351806640625,0.23441314697265625,0.2741851806640625,0.2869720458984375,0.24475860595703125,0.3822021484375,0.38959503173828125,0.2605438232421875,0.2832794189453125,7.320823669433594,2.7475967407226563,42.12289047241211,0.14788055419921875,0,231027.2352294922,235359.53546142578,0,34088599552,2147483648,8063586304,0
200,1787751235136,3500,3500,3500,3500,3500,3500,3500,3500,3500,3500,3500,3500,3500,3500,3500,3500,3500,3500,3500,3500,14.10595703125,0.290557861328125,38.06549072265625,2.7817230224609375,2.8167190551757813,0.2659454345703125,0.24457550048828125,0.25466156005859375,0.38631439208984375,0.43039703369140625,0.34717559814453125,0.39090728759765625,0.3878631591796875,2.9115753173828125,0.28186798095703125,0.33968353271484375,33.54705810546875,0.1996002197265625,6.3484039306640625,0.22505950927734375,0,231036.04345703125,235366.20025634766,0,34088599552,2147483648,8061779968,0
199,1787751235337,3500,3500,3500,3500,3500,3500,3500,3500,3500,3500,3500,3500,3500,3500,3500,3500,3500,3500,3500,3500,0.9680252075195313,0.34381103515625,17.057212829589844,0.3067169189453125,0.27027130126953125,0.3043670654296875,0.29264068603515625,2.8667831420898438,2.8540496826171875,2.88824462890625,4.173622131347656,0.37461090087890625,3.0051651000976563,0.42208099365234375,0.43181610107421875,0.44699859619140625,18.378173828125,0.282501220703125,54.290462493896484,0.24007415771484375,0,231044.98712158203,235373.00946044922,0,34088599552,2147483648,8061411328,0
200,1787751235537,3500,3500,3500,3500,3500,3500,3500,3500,3500,3500,3500,3500,3500,3500,3500,3500,3500,3500,3500,3500,0.6058197021484375,0.2943115234375,2.0146484375,0.27787017822265625,0.31835174560546875,0.28656768798828125,0.23043060302734375,0.274566650390625,0.2368316650390625,0.26776885986328125,0.2083892822265625,1.9539642333984375,0.411529541015625,0.3883819580078125,0.3890838623046875,0.39608001708984375,8.134918212890625,0.22483062744140625,94.62730407714844,0.13495635986328125,0,231053.9698486328,235379.865234375,0,34088599552,2147483648,8061349888,0
200,1787751235737,3500,3500,3500,3500,3500,3500,3500,3500,3500,3500,3500,3500,3500,3500,3500,3500,3500,3500,3500,3500,49.90504455566406,0.25675201416015625,63.215492248535156,0.2698211669921875,0.25894927978515625,2.8183975219726563,0.31027984619140625,0.3076324462890625,0.2512664794921875,0.27989959716796875,2.1938018798828125,1.1129150390625,32.924781799316406,0.223876953125,25.906654357910156,2.8725204467773438,55.489009857177734,0.19684600830078125,42.74055862426758,2.7609786987304688,0,231067.3585205078,235391.03442382813,0,34088599552,2147483648,8073924608,0
200,1787751235938,3500,3500,3500,3500,3500,3500,3500,3500,3500,3500,3500,3500,3500,3500,3500,3500,3500,3500,3500,3500,0.69415283203125,2.7962722778320313,28.36773681640625,0.2964019775390625,0.262969970703125,0.287872314453125,2.7520675659179688,0.2727508544921875,0.235626220703125,0.25713348388671875,0.42998504638671875,0.30922698974609375,0.28781890869140625,0.2877197265625,0.5047378540039063,0.498046875,28.202720642089844,2.772125244140625,42.21099090576172,0.17095947265625,0,231076.8667602539,235398.39739990234,0,34088599552,2147483648,8073871360,0
200,1787751236138,3500,3500,3500,3500,3500,3500,3500,3500,3500,3500,3500,3500,3500,3500,3500,3500,3500,3500,3500,3500,3.0845108032226563,0.30850982666015625,28.475135803222656,2.7929840087890625,2.7732620239257813,0.363739013671875,0.2948760986328125,0.30535888671875,0.3879547119140625,0.3467559814453125,0.36133575439453125,0.297119140625,0.28873443603515625,2.8181991577148438,0.5170364379882813,0.5155410766601563,54.919715881347656,0.19425201416015625,26.063613891601563,0.17702484130859375,0,231084.99243164063,235404.40032958984,0,34088599552,2147483648,8073859072,0
200,1787751236338,3500,3500,3500,3500,3500,3500,3500,3500,3500,3500,3500,3500,3500,3500,3500,3500,3500,3500,3500,3500,0.71173095703125,0.25656890869140625,35.648712158203125,0.1968536376953125,0.4261322021484375,0.43306732177734375,0.37210845947265625,2.9346847534179688,2.8043365478515625,2.8261337280273438,3.6306533813476563,0.2909393310546875,2.7853240966796875,0.26055908203125,0.4750213623046875,0.48046112060546875,51.682655334472656,0.167022705078125,18.046424865722656,0.18178558349609375,0,231093.33203125,235410.61810302734,0,34088599552,2147483648,8073625600,0
200,1787751236539,3500,3500,3500,3500,3500,3500,3500,3500,3500,3500,3500,3500,3500,3500,3500,3500,3500,3500,3500,3500,3.9774932861328125,0.3729705810546875,6.808113098144531,0.26894378662109375,0.4240875244140625,0.4647674560546875,0.3784637451171875,0.500457763671875,0.32445526123046875,0.28821563720703125,2.651275634765625,0.330291748046875,5.3396453857421875,0.31621551513671875,1.7963180541992188,0.4141998291015625,19.923789978027344,0.2594146728515625,20.704971313476563,0.24169158935546875,0,231101.59436035156,235416.70385742188,0,34088599552,2147483648,8073748480,0
200,1787751236739,3500,3500,3500,3500,3500,3500,3500,3500,3500,3500,3500,3500,3500,3500,3500,3500,3500,3500,3500,3500,0.9675445556640625,0.28558349609375,1.5924606323242188,0.23572540283203125,0.3583984375,2.8814697265625,0.38645172119140625,0.44893646240234375,0.271453857421875,0.292266845703125,0.3189697265625,2.783599853515625,0.27215576171875,0.30694580078125,2.8160400390625,2.18548583984375,10.352012634277344,0.19783782958984375,10.129318237304688,2.7548980712890625,0,231108.73236083984,235421.69287109375,0,34088599552,2147483648,8073945088,0
200,1787751236940,3500,3500,3500,3500,3500,3500,3500,3500,3500,3500,3500,3500,3500,3500,3500,3500,3500,3500,3500,3500,1.2512283325195313,2.8085098266601563,28.902267456054688,0.2448577880859375,0.2608184814453125,0.312530517578125,2.8200759887695313,0.36649322509765625,0.2381744384765625,0.2297515869140625,0.28639984130859375,0.28939056396484375,0.3056488037109375,0.26590728759765625,0.27991485595703125,0.849029541015625,10.7557373046875,0.40219879150390625,13.733261108398438,0.2353363037109375,0,231116.2474975586,235427.26599121094,0,34088599552,2147483648,8076177408,0
200,1787751237140,3500,3500,3500,3500,3500,3500,3500,3500,3500,3500,3500,3500,3500,3500,3500,3500,3500,3500,3500,3500,3.8539505004882813,0.3163299560546875,2.3638992309570313,2.9939651489257813,3.004638671875,0.49463653564453125,0.42258453369140625,0.487213134765625,0.417449951171875,0.4801788330078125,0.43994140625,0.5175247192382813,0.37392425537109375,2.8826751708984375,0.37361907958984375,0.36504364013671875,14.53314208984375,2.607879638671875,8.598106384277344,0.31937408447265625,0,231123.2338256836,235432.16650390625,0,34088599552,2147483648,8051146752,0
200,1787751237340,3500,3500,3500,3500,3500,3500,3500,3500,3500,3500,3500,3500,3500,3500,3500,3500,3500,3500,3500,3500,0.9465560913085938,0.22101593017578125,0.5529403686523438,0.30794525146484375,0.3429107666015625,0.463165283203125,0.35465240478515625,2.9174041748046875,2.8809890747070313,2.8873291015625,3.2744064331054688,0.3055419921875,2.82952880859375,0.3032989501953125,0.28646087646484375,0.2987518310546875,15.362831115722656,0.228759765625,4.421844482421875,0.2447967529296875,0,231131.3536376953,235437.99639892578,0,34088599552,2147483648,8050921472,0
200,1787751237541,3500,3500,3500,3500,3500,3500,3500,3500,3500,3500,3500,3500,3500,3500,3500,3500,3500,3500,3500,3500,2.7378082275390625,0.26294708251953125,7.310874938964844,0.29177093505859375,0.39144134521484375,0.5058517456054688,0.37615203857421875,0.454742431640625,0.27953338623046875,0.28522491455078125,0.2799835205078125,0.2650909423828125,0.3026123046875,0.29741668701171875,0.32219696044921875,0.28627777099609375,26.118385314941406,0.2359619140625,9.526435852050781,0.27722930908203125,0,231139.33715820313,235443.93951416016,0,34088599552,2147483648,8051245056,0
200,1787751237741,3500,3500,3500,3500,3500,3500,3500,3500,3500,3500,3500,3500,3500,3500,3500,3500,3500,3500,3500,3500,1.2612075805664063,0.260589599609375,1.0764389038085938,0.38115692138671875,0.2835845947265625,2.8650131225585938,0.34050750732421875,0.29840087890625,0.41552734375,0.3240966796875,0.922698974609375,2.9276199340820313,0.285980224609375,0.3063812255859375,2.7981185913085938,0.3096771240234375,16.883995056152344,0.22652435302734375,6.0059356689453125,2.7814102172851563,0,231147.36199951172,235449.61364746094,0,34088599552,2147483648,8051253248,0
200,1787751237941,3500,3500,3500,3500,3500,3500,3500,3500,3500,3500,3500,3500,3500,3500,3500,3500,3500,3500,3500,3500,0.7350311279296875,2.7520904541015625,3.3774566650390625,0.3380126953125,0.23514556884765625,0.1923675537109375,2.7775421142578125,0.27507781982421875,0.38742828369140625,0.33841705322265625,0.46509552001953125,0.3334197998046875,0.26863861083984375,0.264495849609375,0.25545501708984375,2.7761459350585938,8.947021484375,0.18802642822265625,8.347412109375,0.23259735107421875,0,231155.32025146484,235455.46563720703,0,34088599552,2147483648,8051253248,0
200,1787751238141,3500,3500,3500,3500,3500,3500,3500,3500,3500,3500,3500,3500,3500,3500,3500,3500,3500,3500,3500,3500,3.606292724609375,0.21860504150390625,0.5846328735351563,2.7669906616210938,2.7426605224609375,0.27350616455078125,0.26271820068359375,0.1656036376953125,0.30213165283203125,0.31421661376953125,0.4468536376953125,0.3100738525390625,0.27080535888671875,2.7546005249023438,0.2694091796875,0.2410888671875,20.214859008789063,2.704193115234375,10.7127685546875,0.206512451171875,0,231162.43353271484,235460.4389038086,0,34088599552,2147483648,8051261440,0
200,1787751238342,3500,3500,3500,3500,3500,3500,3500,3500,3500,3500,3500,3500,3500,3500,3500,3500,3500,3500,3500,3500,0.7945098876953125,0.3432464599609375,2.1929779052734375,0.34699249267578125,0.29750823974609375,0.38739013671875,0.34879302978515625,2.9075927734375,2.999969482421875,3.051849365234375,4.93109130859375,0.43682861328125,2.8769760131835938,0.3406524658203125,0.455352783203125,0.42259979248046875,9.912956237792969,0.25441741943359375,8.48468017578125,0.35079193115234375,0,231170.64239501953,235466.49877929688,0,34088599552,2147483648,8051249152,0
200,1787751238542,3500,3500,3500,3500,3500,3500,3500,3500,3500,3500,3500,3500,3500,3500,3500,3500,3500,3500,3500,3500,0.8399124145507813,0.2259674072265625,0.54327392578125,0.22371673583984375,0.22571563720703125,0.199859619140625,0.2171783447265625,0.1691131591796875,0.41803741455078125,0.42801666259765625,0.4645538330078125,0.44898223876953125,0.28571319580078125,0.23000335693359375,0.31536102294921875,0.32294464111328125,15.636016845703125,0.108062744140625,6.122886657714844,0.17679595947265625,0,231177.82739257813,235471.57452392578,0,34088599552,2147483648,8051384320,0
200,1787751238743,3500,3500,3500,3500,3500,3500,3500,3500,3500,3500,3500,3500,3500,3500,3500,3500,3500,3500,3500,3500,0.986785888671875,0.35840606689453125,0.423492431640625,0.3857879638671875,0.4160614013671875,2.9020462036132813,0.35471343994140625,0.37346649169921875,0.5041885375976563,0.55810546875,0.70538330078125,3.0658340454101563,0.49481201171875,0.4730682373046875,2.9880294799804688,0.47222137451171875,11.679351806640625,0.34688568115234375,9.312721252441406,2.8595504760742188,0,231185.9956665039,235477.6131591797,0,34088599552,2147483648,8051388416,0
200,1787751238943,3500,3500,3500,3500,3500,3500,3500,3500,3500,3500,3500,3500,3500,3500,3500,3500,3500,3500,3500,3500,2.41351318359375,2.7934722900390625,2.8474273681640625,0.29271697998046875,0.2820892333984375,0.26885986328125,2.803955078125,0.288726806640625,0.49115753173828125,0.49983978271484375,0.4274749755859375,0.401123046875,0.3417816162109375,0.3421783447265625,0.30524444580078125,2.7882308959960938,9.156761169433594,0.21366119384765625,8.492469787597656,0.2367706298828125,0,231193.6043701172,235483.10192871094,0,34088599552,2147483648,8051388416,0
200,1787751239143,3500,3500,3500,3500,3500,3500,3500,3500,3500,3500,3500,3500,3500,3500,3500,3500,3500,3500,3500,3500,6.838737487792969,0.2611541748046875,6.756065368652344,2.8282089233398438,2.8310012817382813,0.27368927001953125,0.2457122802734375,0.33477783203125,0.3933258056640625,0.4900360107421875,0.44692230224609375,0.3626556396484375,0.4263916015625,2.8375473022460938,0.2963714599609375,0.34157562255859375,18.117691040039063,2.76336669921875,13.881126403808594,0.25180816650390625,0,231200.38110351563,235487.73217773438,0,34088599552,2147483648,8051462144,0
200,1787751239344,3500,3500,3500,3500,3500,3500,3500,3500,3500,3500,3500,3500,3500,3500,3500,3500,3500,3500,3500,3500,1.2327117919921875,0.28676605224609375,1.2053756713867188,0.23259735107421875,0.37530517578125,0.20571136474609375,0.26506805419921875,2.8087615966796875,2.7777862548828125,2.8371429443359375,3.0799636840820313,0.27320098876953125,2.8824844360351563,0.33739471435546875,0.2764434814453125,0.23802947998046875,11.16351318359375,0.20755767822265625,10.20819091796875,0.2104949951171875,0,231207.91888427734,235493.1407470703,0,34088599552,2147483648,8051527680,0
200,1787751239544,3500,3500,3500,3500,3500,3500,3500,3500,3500,3500,3500,3500,3500,3500,3500,3500,3500,3500,3500,3500,0.8221359252929688,0.28600311279296875,1.7322921752929688,0.29749298095703125,0.28814697265625,0.2821044921875,0.30588531494140625,0.3491973876953125,0.2604217529296875,0.33470916748046875,0.5782012939453125,0.3288116455078125,0.38686370849609375,0.34869384765625,0.3782196044921875,0.3552398681640625,11.911102294921875,0.25102996826171875,7.004066467285156,0.2919464111328125,0,231215.08856201172,235498.1767578125,0,34088599552,2147483648,8051662848,0
200,1787751239744,3500,3500,3500,3500,3500,3500,3500,3500,3500,3500,3500,3500,3500,3500,3500,3500,3500,3500,3500,3500,1.1144180297851563,0.29106903076171875,0.6359786987304688,0.33303070068359375,0.2896728515625,2.7962570190429688,0.33628082275390625,0.3055877685546875,0.2921142578125,0.31531524658203125,0.8318328857421875,2.8008956909179688,0.4063873291015625,0.4102325439453125,2.869903564453125,0.29331207275390625,13.299186706542969,0.234832763671875,4.98602294921875,2.8200607299804688,0,231222.3455810547,235503.31115722656,0,34088599552,2147483648,8051859456,0
200,1787751239945,3500,3500,3500,3500,3500,3500,3500,3500,3500,3500,3500,3500,3500,3500,3500,3500,3500,3500,3500,3500,0.8753890991210938,2.7411270141601563,4.006744384765625,0.21991729736328125,0.36541748046875,0.35298919677734375,2.966339111328125,0.3554840087890625,0.2715301513671875,0.2075958251953125,0.4552154541015625,0.24088287353515625,0.339813232421875,0.34735107421875,0.2292022705078125,2.7910385131835938,12.037445068359375,0.175048828125,7.848121643066406,0.2593994140625,0,231228.98364257813,235507.81927490234,0,34088599552,2147483648,8052060160,0
200,1787751240145,3500,3500,3500,3500,3500,3500,3500,3500,3500,3500,3500,3500,3500,3500,3500,3500,3500,3500,3500,3500,10.243934631347656,0.32352447509765625,3.5819931030273438,2.8101272583007813,2.9489974975585938,0.26747894287109375,0.39289093017578125,0.34716796875,0.25312042236328125,0.3654632568359375,7.150627136230469,0.238006591796875,0.4054107666015625,2.9467544555664063,0.33838653564453125,0.3053741455078125,14.628067016601563,2.7938690185546875,15.031280517578125,0.2731170654296875,0,231236.2197265625,235512.89587402344,0,34088599552,2147483648,8053764096,0
199,1787751240345,3500,3500,3500,3500,3500,3500,3500,3500,3500,3500,3500,3500,3500,3500,3500,3500,3500,3500,3500,3500,3.4640274047851563,0.31435394287109375,1.40087890625,0.30071258544921875,0.369049072265625,0.24017333984375,0.2821807861328125,2.80145263671875,2.823333740234375,2.8973617553710938,6.031196594238281,0.356964111328125,1.5335464477539063,0.42839813232421875,0.3354339599609375,0.295318603515625,10.589485168457031,0.236175537109375,4.6770782470703125,0.277984619140625,0,231243.92602539063,235518.46850585938,0,34088599552,2147483648,8053891072,0
199,1787751240545,3500,3500,3500,3500,3500,3500,3500,3500,3500,3500,3500,3500,3500,3500,3500,3500,3500,3500,3500,3500,2.312957763671875,0.25914764404296875,6.366851806640625,0.3910369873046875,0.310821533203125,0.344757080078125,0.364105224609375,0.27623748779296875,0.273284912109375,0.228057861328125,0.42992401123046875,0.37549591064453125,4.292549133300781,0.34975433349609375,0.3233184814453125,0.3278656005859375,18.557540893554688,0.239349365234375,8.526473999023438,0.27388763427734375,0,231251.98321533203,235524.3882446289,0,34088599552,2147483648,8054013952,0
200,1787751240745,3500,3500,3500,3500,3500,3500,3500,3500,3500,3500,3500,3500,3500,3500,3500,3500,3500,3500,3500,3500,1.0861587524414063,0.18603515625,1.8064498901367188,0.34612274169921875,0.40850067138671875,2.8872146606445313,0.286346435546875,0.263458251953125,0.28899383544921875,0.3434295654296875,0.7118453979492188,2.82928466796875,0.2738494873046875,0.284149169921875,0.283447265625,0.286346435546875,14.787452697753906,0.2392120361328125,5.152252197265625,2.7735061645507813,0,231259.4471435547,235529.72064208984,0,34088599552,2147483648,8054013952,0
200,1787751240946,3500,3500,3500,3500,3500,3500,3500,3500,3500,3500,3500,3500,3500,3500,3500,3500,3500,3500,3500,3500,0.7701339721679688,2.7358551025390625,4.223945617675781,0.21678924560546875,0.306976318359375,0.3212890625,2.84918212890625,0.43896484375,0.4092864990234375,0.34912872314453125,0.5736007690429688,0.32059478759765625,0.26717376708984375,0.28228759765625,2.7917709350585938,2.753662109375,10.39300537109375,0.22386932373046875,8.839164733886719,0.20391845703125,0,231266.6123046875,235534.7576904297,0,34088599552,2147483648,8054153216,0
200,1787751241146,3500,3500,3500,3500,3500,3500,3500,3500,3500,3500,3500,3500,3500,3500,3500,3500,3500,3500,3500,3500,3.3920516967773438,0.33823394775390625,2.02655029296875,2.9625244140625,2.8879928588867188,0.31977081298828125,0.3773956298828125,0.35179901123046875,0.31269073486328125,0.3583831787109375,0.9292373657226563,0.43670654296875,0.35085296630859375,2.8725814819335938,0.453369140625,0.44329071044921875,13.508888244628906,2.794708251953125,11.926284790039063,0.2933807373046875,0,231274.9910888672,235541.0146484375,0,34088599552,2147483648,8054157312,0
200,1787751241347,3500,3500,3500,3500,3500,3500,3500,3500,3500,3500,3500,3500,3500,3500,3500,3500,3500,3500,3500,3500,0.9737777709960938,0.2334136962890625,0.7441635131835938,0.3472747802734375,0.1951446533203125,0.2244720458984375,0.239410400390625,2.8121261596679688,2.8896713256835938,2.8898696899414063,3.3535003662109375,0.2745361328125,0.29526519775390625,0.25469970703125,0.341583251953125,0.33678436279296875,13.563987731933594,0.16626739501953125,9.431350708007813,0.26214599609375,0,231281.822265625,235545.69702148438,0,34088599552,2147483648,8054161408,0
200,1787751241547,3500,3500,3500,3500,3500,3500,3500,3500,3500,3500,3500,3500,3500,3500,3500,3500,3500,3500,3500,3500,0.9024658203125,0.07367706298828125,0.38887786865234375,0.255218505859375,0.17519378662109375,0.1370086669921875,0.1444549560546875,0.09716796875,0.25926971435546875,0.09467315673828125,0.22013092041015625,0.19158935546875,2.6808090209960938,0.16899871826171875,0.2144317626953125,0.2129364013671875,17.96453857421875,0.018890380859375,5.03436279296875,0.069976806640625,0,231289.67309570313,235551.42401123047,0,34088599552,2147483648,8054292480,0
200,1787751241748,3500,3500,3500,3500,3500,3500,3500,3500,3500,3500,3500,3500,3500,3500,3500,3500,3500,3500,3500,3500,1.1810073852539063,0.32884979248046875,0.605010986328125,0.4364776611328125,0.5897293090820313,3.0937576293945313,0.56689453125,0.564605712890625,0.6122207641601563,0.4576263427734375,0.5682830810546875,2.978363037109375,0.40567779541015625,0.3989105224609375,0.5005645751953125,0.49813079833984375,14.306976318359375,0.34442138671875,6.197608947753906,2.8747177124023438,0,231296.56494140625,235556.56494140625,0,34088599552,2147483648,8054341632,0
200,1787751241948,3500,3500,3500,3500,3500,3500,3500,3500,3500,3500,3500,3500,3500,3500,3500,3500,3500,3500,3500,3500,0.8925704956054688,2.9318695068359375,5.1548614501953125,0.4306640625,0.5677261352539063,0.5991744995117188,3.011688232421875,0.6035614013671875,0.6321640014648438,0.496002197265625,0.5219039916992188,0.48676300048828125,0.44918060302734375,0.41423797607421875,2.9823837280273438,3.0024490356445313,8.550537109375,0.3870391845703125,5.474113464355469,0.381195068359375,0,231304.93658447266,235562.81896972656,0,34088599552,2147483648,8054484992,0
200,1787751242148,3500,3500,3500,3500,3500,3500,3500,3500,3500,3500,3500,3500,3500,3500,3500,3500,3500,3500,3500,3500,3.8292999267578125,0.27806854248046875,12.437614440917969,2.7903518676757813,2.9601364135742188,0.4720916748046875,0.479522705078125,0.3952789306640625,0.4756317138671875,0.34659576416015625,0.3624114990234375,0.329986572265625,0.265350341796875,2.8028182983398438,0.26769256591796875,0.29178619384765625,17.48851776123047,2.7586288452148438,10.795646667480469,0.2586669921875,0,231311.8999633789,235567.52514648438,0,34088599552,2147483648,8063713280,0
200,1787751242349,3500,3500,3500,3500,3500,3500,3500,3500,3500,3500,3500,3500,3500,3500,3500,3500,3500,3500,3500,3500,0.9109039306640625,0.31928253173828125,1.3871536254882813,0.33960723876953125,0.49433135986328125,0.53118896484375,0.36937713623046875,2.890777587890625,2.9004135131835938,2.8960189819335938,2.957244873046875,0.32122802734375,0.3397064208984375,0.33206939697265625,0.31363677978515625,0.3336181640625,12.960540771484375,0.25984954833984375,4.782051086425781,0.31253814697265625,0,231319.71337890625,235572.95635986328,0,34088599552,2147483648,8063692800,0
200,1787751242549,3500,3500,3500,3500,3500,3500,3500,3500,3500,3500,3500,3500,3500,3500,3500,3500,3500,3500,3500,3500,0.885833740234375,0.239288330078125,0.30652618408203125,0.306427001953125,0.2922515869140625,0.28351593017578125,0.2105865478515625,0.261749267578125,0.27233123779296875,0.229705810546875,0.31630706787109375,0.2788238525390625,2.8011550903320313,0.27962493896484375,0.2836151123046875,0.2860107421875,13.303176879882813,0.23140716552734375,2.5697021484375,0.3081207275390625,0,231326.3477783203,235577.46520996094,0,34088599552,2147483648,8064114688,0
200,1787751242749,3500,3500,3500,3500,3500,3500,3500,3500,3500,3500,3500,3500,3500,3500,3500,3500,3500,3500,3500,3500,1.4794158935546875,0.23450469970703125,3.8567581176757813,0.4817352294921875,0.35477447509765625,2.787933349609375,0.27803802490234375,0.23160552978515625,0.32871246337890625,0.28887176513671875,0.6559295654296875,2.7752532958984375,0.29376983642578125,0.30535125732421875,0.30859375,0.27569580078125,13.491233825683594,0.19306182861328125,5.947120666503906,0.292266845703125,0,231333.35412597656,235582.34442138672,0,34088599552,2147483648,8065622016,0
199,1787751242950,3500,3500,3500,3500,3500,3500,3500,3500,3500,3500,3500,3500,3500,3500,3500,3500,3500,3500,3500,3500,2.3727951049804688,2.7868881225585938,3.0289688110351563,0.5397491455078125,0.30341339111328125,0.411102294921875,2.9256668090820313,0.424224853515625,0.2845001220703125,0.37677001953125,0.334503173828125,0.3457794189453125,0.26763153076171875,0.31269073486328125,2.8001632690429688,2.77630615234375,10.307479858398438,0.24736785888671875,6.0278472900390625,2.7632369995117188,0,231340.46856689453,235587.3423461914,0,34088599552,2147483648,8065871872,0
199,1787751243150,3500,3500,3500,3500,3500,3500,3500,3500,3500,3500,3500,3500,3500,3500,3500,3500,3500,3500,3500,3500,3.3020477294921875,0.30316925048828125,2.76898193359375,2.8751373291015625,2.9324111938476563,0.4336090087890625,0.39777374267578125,0.385284423828125,0.4339599609375,0.5103759765625,0.518768310546875,0.511474609375,0.3430023193359375,2.88128662109375,0.40682220458984375,0.377532958984375,13.438743591308594,2.768829345703125,9.406814575195313,0.29537200927734375,0,231348.47436523438,235593.21075439453,0,34088599552,2147483648,8068104192,0
200,1787751243350,3500,3500,3500,3500,3500,3500,3500,3500,3500,3500,3500,3500,3500,3500,3500,3500,3500,3500,3500,3500,0.845855712890625,0.29779815673828125,0.3844146728515625,0.29349517822265625,0.2777557373046875,0.33758544921875,0.2522125244140625,2.7995376586914063,2.885955810546875,2.9645309448242188,3.659637451171875,0.333587646484375,0.38451385498046875,0.39471435546875,0.3963623046875,0.40261077880859375,11.606849670410156,0.223175048828125,4.502647399902344,0.4250030517578125,0,231356.5731201172,235599.18438720703,0,34088599552,2147483648,8068300800,0
200,1787751243550,3500,3500,3500,3500,3500,3500,3500,3500,3500,3500,3500,3500,3500,3500,3500,3500,3500,3500,3500,3500,9.677841186523438,0,7.376869201660156,0.0538177490234375,0,0,0.00504302978515625,0,0,0,0.016876220703125,0.0277099609375,11.093414306640625,0.000701904296875,0.796234130859375,0.0822296142578125,12.493606567382813,0,10.585411071777344,0,0,231365.34497070313,235605.78283691406,0,34088599552,2147483648,8070529024,0
200,1787751243750,3500,3500,3500,3500,3500,3500,3500,3500,3500,3500,3500,3500,3500,3500,3500,3500,3500,3500,3500,3500,1.3120269775390625,0.5150375366210938,0.65234375,0.6659774780273438,0.5333709716796875,3.1041793823242188,0.5223846435546875,0.4823760986328125,0.555145263671875,0.5710830688476563,0.6803131103515625,3.0734176635742188,0.5497055053710938,0.5655364990234375,0.6633834838867188,0.656036376953125,12.198715209960938,0.48282623291015625,4.5789794921875,0.5600433349609375,0,231372.35235595703,235610.69256591797,0,34088599552,2147483648,8070529024,0
199,1787751243951,3500,3500,3500,3500,3500,3500,3500,3500,3500,3500,3500,3500,3500,3500,3500,3500,3500,3500,3500,3500,0.62567138671875,2.9356918334960938,2.9544143676757813,0.4017181396484375,0.41020965576171875,0.3109588623046875,0.38564300537109375,0.34481048583984375,0.362030029296875,0.26922607421875,0.450439453125,0.35564422607421875,0.38619232177734375,0.35344696044921875,2.9386367797851563,2.91082763671875,37.99911117553711,0.3078155517578125,41.94771194458008,2.7874755859375,0,231381.6270751953,235617.82983398438,0,34088599552,2147483648,8070529024,0
200,1787751244151,3500,3500,3500,3500,3500,3500,3500,3500,3500,3500,3500,3500,3500,3500,3500,3500,3500,3500,3500,3500,3.5233230590820313,0.30959320068359375,17.868988037109375,2.8391799926757813,2.7350311279296875,0.25811767578125,2.801300048828125,0.2824554443359375,0.32568359375,0.2492218017578125,0.31548309326171875,0.26586151123046875,0.28470611572265625,2.8231887817382813,0.40248870849609375,0.385498046875,51.47970962524414,2.7121429443359375,40.101558685302734,0.1967010498046875,0,231391.23309326172,235625.31219482422,0,34088599552,2147483648,8070529024,0
200,1787751244351,3500,3500,3500,3500,3500,3500,3500,3500,3500,3500,3500,3500,3500,3500,3500,3500,3500,3500,3500,3500,0.52783203125,0.28713226318359375,2.507659912109375,0.25612640380859375,0.27445220947265625,0.2912750244140625,0.3070526123046875,2.7952423095703125,2.924652099609375,2.8638916015625,0.371612548828125,0.2932281494140625,0.282989501953125,0.28199005126953125,0.3848419189453125,0.3755035400390625,15.805107116699219,0.2126922607421875,88.77005004882813,0.11318206787109375,0,231400.0054321289,235631.95904541016,0,34088599552,2147483648,8070520832,0
199,1787751244551,3500,3500,3500,3500,3500,3500,3500,3500,3500,3500,3500,3500,3500,3500,3500,3500,3500,3500,3500,3500,0.564727783203125,0.31949615478515625,0.427093505859375,0.32448577880859375,0.33431243896484375,0.37030029296875,0.36879730224609375,0.3349609375,0.32613372802734375,0.2956390380859375,2.87469482421875,0.26360321044921875,2.8531875610351563,0.2877044677734375,0.31400299072265625,0.30771636962890625,47.61542510986328,0.186248779296875,55.582759857177734,0.212646484375,0,231408.92083740234,235638.76135253906,0,34088599552,2147483648,8070651904,0
200,1787751244751,3500,3500,3500,3500,3500,3500,3500,3500,3500,3500,3500,3500,3500,3500,3500,3500,3500,3500,3500,3500,0.5345916748046875,0.3519439697265625,0.30960845947265625,0.39813232421875,0.32190704345703125,2.851348876953125,0.364288330078125,0.3214569091796875,0.22573089599609375,0.24692535400390625,0.48895263671875,2.8764419555664063,0.31375885009765625,0.33515167236328125,0.32080078125,0.3196563720703125,33.467628479003906,0.2606201171875,69.32574462890625,0.1872406005859375,0,231417.1181640625,235644.84539794922,0,34088599552,2147483648,8070651904,0
200,1787751244952,3500,3500,3500,3500,3500,3500,3500,3500,3500,3500,3500,3500,3500,3500,3500,3500,3500,3500,3500,3500,0.49742889404296875,2.7910842895507813,2.7636184692382813,0.2659912109375,0.21311187744140625,0.2265472412109375,0.25994873046875,0.22674560546875,0.2472686767578125,0.24676513671875,0.463226318359375,0.24811553955078125,0.31267547607421875,0.27577972412109375,2.7540817260742188,2.7984237670898438,34.262725830078125,0.1837005615234375,69.77757263183594,2.656463623046875,0,231426.60668945313,235652.21795654297,0,34088599552,2147483648,8070914048,0
199,1787751245152,3500,3500,3500,3500,3500,3500,3500,3500,3500,3500,3500,3500,3500,3500,3500,3500,3500,3500,3500,3500,8.650566101074219,0.29314422607421875,52.630104064941406,2.7248306274414063,2.7996139526367188,0.2362823486328125,2.7663726806640625,0.2537078857421875,0.2481689453125,0.23613739013671875,0.22515106201171875,0.3033294677734375,0.28171539306640625,2.80645751953125,0.28656005859375,0.27477264404296875,21.673606872558594,2.7034683227539063,32.877220153808594,0.19130706787109375,0,231435.55828857422,235659.02490234375,0,34088599552,2147483648,8070914048,0
200,1787751245352,3500,3500,3500,3500,3500,3500,3500,3500,3500,3500,3500,3500,3500,3500,3500,3500,3500,3500,3500,3500,8.268608093261719,0.347869873046875,39.824039459228516,0.30483245849609375,0.35477447509765625,0.31172943115234375,0.24709320068359375,2.8607635498046875,2.7681808471679688,2.8594131469726563,0.7380828857421875,0.370819091796875,0.310333251953125,0.3397216796875,0.36956787109375,0.31282806396484375,26.426422119140625,0.24764251708984375,30.599342346191406,0.2238006591796875,0,231444.90814208984,235666.2505493164,0,34088599552,2147483648,8070979584,0
200,1787751245552,3500,3500,3500,3500,3500,3500,3500,3500,3500,3500,3500,3500,3500,3500,3500,3500,3500,3500,3500,3500,5.60272216796875,0.43183135986328125,71.2519760131836,0.17856597900390625,0.3067474365234375,0.26364898681640625,0.26409912109375,0.27883148193359375,0.252166748046875,0.25846099853515625,2.7933197021484375,0.26435089111328125,2.80560302734375,0.26819610595703125,0.2975616455078125,0.2780303955078125,3.3046951293945313,0.26030731201171875,25.114013671875,0.1894989013671875,0,231453.86877441406,235673.0926513672,0,34088599552,2147483648,8071110656,0
200,1787751245753,3500,3500,3500,3500,3500,3500,3500,3500,3500,3500,3500,3500,3500,3500,3500,3500,3500,3500,3500,3500,12.40228271484375,0.25433349609375,54.988468170166016,0.18161773681640625,0.281646728515625,0.2957763671875,0.2318115234375,0.2247161865234375,0.26656341552734375,0.21652984619140625,0.29018402099609375,2.7781524658203125,0.2725067138671875,0.25553131103515625,0.28324127197265625,0.26016998291015625,11.659820556640625,0.2603759765625,29.720382690429688,0.22042083740234375,0,231463.39294433594,235680.49395751953,0,34088599552,2147483648,8071245824,0
199,1787751245953,3500,3500,3500,3500,3500,3500,3500,3500,3500,3500,3500,3500,3500,3500,3500,3500,3500,3500,3500,3500,8.170555114746094,2.8619003295898438,41.96419906616211,0.2559661865234375,0.40415191650390625,2.791778564453125,0.3237457275390625,0.34687042236328125,0.35201263427734375,0.3131561279296875,0.5990371704101563,0.294677734375,0.321044921875,0.33343505859375,2.9073028564453125,2.8737335205078125,4.020774841308594,0.30027008056640625,53.94890213012695,2.7267990112304688,0,231472.1791381836,235687.14349365234,0,34088599552,2147483648,8071311360,0
200,1787751246153,3500,3500,3500,3500,3500,3500,3500,3500,3500,3500,3500,3500,3500,3500,3500,3500,3500,3500,3500,3500,11.946907043457031,0.29279327392578125,34.963050842285156,2.782257080078125,2.7899551391601563,0.25579833984375,2.8306961059570313,0.29459381103515625,0.30673980712890625,0.43381500244140625,0.40662384033203125,0.440460205078125,0.3140869140625,2.8153457641601563,0.38232421875,0.3665313720703125,26.455162048339844,2.7939529418945313,40.19157409667969,0.18671417236328125,0,231482.56036376953,235695.40673828125,0,34088599552,2147483648,8071311360,0
200,1787751246353,3500,3500,3500,3500,3500,3500,3500,3500,3500,3500,3500,3500,3500,3500,3500,3500,3500,3500,3500,3500,8.791290283203125,0.3252105712890625,48.03569030761719,0.16480255126953125,0.2588958740234375,0.31566619873046875,0.2616424560546875,1.3559951782226563,2.9371566772460938,3.0073699951171875,0.41595458984375,0.403411865234375,0.34519195556640625,0.3300018310546875,0.373382568359375,0.40840911865234375,30.85082244873047,0.20063018798828125,19.26868438720703,0.2312164306640625,0,231492.3851928711,235703.10223388672,0,34088599552,2147483648,8071835648,0
200,1787751246553,3500,3500,3500,3500,3500,3500,3500,3500,3500,3500,3500,3500,3500,3500,3500,3500,3500,3500,3500,3500,19.59319305419922,0.20279693603515625,51.96823501586914,0.1389617919921875,0.15894317626953125,0.17822265625,0.2052459716796875,1.6279449462890625,0.40764617919921875,0.4371185302734375,2.9329071044921875,0.3141937255859375,2.8625259399414063,0.29815673828125,0.3222808837890625,0.32238006591796875,13.678520202636719,0.17588043212890625,61.57886505126953,0.0912628173828125,0,231501.54669189453,235710.13305664063,0,34088599552,2147483648,8094019584,0
200,1787751246753,3500,3500,3500,3500,3500,3500,3500,3500,3500,3500,3500,3500,3500,3500,3500,3500,3500,3500,3500,3500,16.26642608642578,0.4439697265625,53.213348388671875,0.294586181640625,0.38562774658203125,0.33910369873046875,0.37908935546875,0.3375091552734375,0.57135009765625,0.5743942260742188,0.5841293334960938,3.0053863525390625,0.5233840942382813,0.49358367919921875,0.49912261962890625,0.4947357177734375,18.486587524414063,0.37758636474609375,17.145835876464844,0.36016845703125,0,231511.4458618164,235717.91235351563,0,34088599552,2147483648,8094019584,0
200,1787751246954,3500,3500,3500,3500,3500,3500,3500,3500,3500,3500,3500,3500,3500,3500,3500,3500,3500,3500,3500,3500,10.226760864257813,2.8049697875976563,51.296875,0.22919464111328125,0.36710357666015625,2.86334228515625,0.38343048095703125,0.325164794921875,0.5017242431640625,0.49118804931640625,0.5348281860351563,0.39241790771484375,0.4223785400390625,0.38672637939453125,2.9146194458007813,2.9241561889648438,24.428260803222656,0.2722320556640625,25.064651489257813,2.7410507202148438,0,231520.25799560547,235724.6011352539,0,34088599552,2147483648,8094015488,0
200,1787751247154,3500,3500,3500,3500,3500,3500,3500,3500,3500,3500,3500,3500,3500,3500,3500,3500,3500,3500,3500,3500,18.25165557861328,0.26015472412109375,49.74760437011719,2.6913604736328125,2.9205322265625,0.3933258056640625,2.96044921875,0.41173553466796875,0.44646453857421875,0.44980621337890625,0.31429290771484375,0.29233551025390625,0.37641143798828125,2.9265670776367188,0.354156494140625,0.3770599365234375,21.977149963378906,2.7423553466796875,25.29639434814453,0.1702423095703125,0,231530.05389404297,235732.26959228516,0,34088599552,2147483648,8094208000,0
200,1787751247354,3500,3500,3500,3500,3500,3500,3500,3500,3500,3500,3500,3500,3500,3500,3500,3500,3500,3500,3500,3500,14.203666687011719,0.30281829833984375,17.677276611328125,0.28040313720703125,0.4123382568359375,0.49048614501953125,0.5229949951171875,0.4974822998046875,2.9761810302734375,2.9979095458984375,0.8422470092773438,0.37018585205078125,0.721099853515625,0.5309371948242188,0.33557891845703125,0.3460693359375,19.006370544433594,0.24744415283203125,58.26355743408203,0.177978515625,0,231539.75994873047,235739.8514404297,0,34088599552,2147483648,8086188032,0
200,1787751247555,3500,3500,3500,3500,3500,3500,3500,3500,3500,3500,3500,3500,3500,3500,3500,3500,3500,3500,3500,3500,0.5775604248046875,0.3106842041015625,37.43661880493164,0.25101470947265625,0.35942840576171875,0.354888916015625,0.4284820556640625,2.9901351928710938,0.462005615234375,0.47148895263671875,2.9426422119140625,0.488555908203125,3.0266571044921875,0.5141448974609375,0.2968597412109375,0.27431488037109375,11.802139282226563,0.23973846435546875,56.2610969543457,0.17781829833984375,0,231548.87133789063,235747.2938232422,0,34088599552,2147483648,8086159360,0
200,1787751247755,3500,3500,3500,3500,3500,3500,3500,3500,3500,3500,3500,3500,3500,3500,3500,3500,3500,3500,3500,3500,20.15863800048828,0.29383087158203125,31.5155029296875,0.2259674072265625,0.4246063232421875,0.37943267822265625,0.43959808349609375,0.48931884765625,0.35509490966796875,0.3529510498046875,0.41211700439453125,2.8922958374023438,0.39447784423828125,0.39592742919921875,0.3015289306640625,0.280792236328125,27.142250061035156,0.26180267333984375,27.678443908691406,0.2088775634765625,0,231557.3666381836,235753.40802001953,0,34088599552,2147483648,8086138880,0
199,1787751247956,3500,3500,3500,3500,3500,3500,3500,3500,3500,3500,3500,3500,3500,3500,3500,3500,3500,3500,3500,3500,25.38951873779297,2.7943267822265625,38.511131286621094,0.20323944091796875,0.4016876220703125,2.9703826904296875,0.35794830322265625,0.4617919921875,0.2574005126953125,0.24294281005859375,0.4607391357421875,0.2508697509765625,0.38114166259765625,0.384429931640625,2.83367919921875,2.803253173828125,10.531326293945313,0.265380859375,35.34175109863281,2.6748275756835938,0,231566.30249023438,235760.20703125,0,34088599552,2147483648,8086405120,0
200,1787751248156,3500,3500,3500,3500,3500,3500,3500,3500,3500,3500,3500,3500,3500,3500,3500,3500,3500,3500,3500,3500,11.32574462890625,0.33579254150390625,40.727535247802734,2.8065719604492188,2.9127731323242188,0.44818878173828125,2.9541549682617188,0.44834136962890625,0.27101898193359375,0.33348846435546875,0.43968963623046875,0.30835723876953125,0.31829833984375,2.8660964965820313,0.41715240478515625,0.3954620361328125,14.409584045410156,2.7566986083984375,50.86094284057617,0.21739959716796875,0,231576.73345947266,235768.9556274414,0,34088599552,2147483648,8086372352,0
200,1787751248356,3500,3500,3500,3500,3500,3500,3500,3500,3500,3500,3500,3500,3500,3500,3500,3500,3500,3500,3500,3500,20.005905151367188,0.27626800537109375,61.2530403137207,0.22112274169921875,0.45043182373046875,0.4702911376953125,0.47608184814453125,0.48571014404296875,0.27611541748046875,2.8348770141601563,0.292236328125,0.29363250732421875,8.096061706542969,0.212188720703125,0.2955322265625,0.2913360595703125,3.427978515625,0.22501373291015625,13.694496154785156,0.24462890625,0,231586.974609375,235776.43981933594,0,34088599552,2147483648,8086286336,0
199,1787751248556,3500,3500,3500,3500,3500,3500,3500,3500,3500,3500,3500,3500,3500,3500,3500,3500,3500,3500,3500,3500,13.110206604003906,0.28990936279296875,11.325607299804688,0.2366180419921875,0.27323150634765625,0.31282806396484375,0.28521728515625,2.874664306640625,2.7453689575195313,0.26154327392578125,2.7909088134765625,0.24875640869140625,2.9102249145507813,0.34484100341796875,0.28296661376953125,0.2596435546875,26.45598602294922,0.17224884033203125,54.4162483215332,0.1535186767578125,0,231597.20776367188,235784.5532836914,0,34088599552,2147483648,8086364160,0
200,1787751248756,3500,3500,3500,3500,3500,3500,3500,3500,3500,3500,3500,3500,3500,3500,3500,3500,3500,3500,3500,3500,14.251838684082031,0.28977203369140625,56.905540466308594,0.25254058837890625,0.34819793701171875,0.38527679443359375,0.3593902587890625,0.5043258666992188,0.30736541748046875,0.2621307373046875,0.2493896484375,2.8503799438476563,0.296417236328125,0.340301513671875,0.32625579833984375,0.3105621337890625,18.018905639648438,0.31626129150390625,18.367645263671875,0.21929931640625,0,231606.53442382813,235791.7437133789,0,34088599552,2147483648,8086761472,0
200,1787751248957,3500,3500,3500,3500,3500,3500,3500,3500,3500,3500,3500,3500,3500,3500,3500,3500,3500,3500,3500,3500,0.6783447265625,0.38457489013671875,61.56456756591797,0.17896270751953125,0.37808990478515625,2.7594375610351563,0.329193115234375,0.3175201416015625,0.32704925537109375,0.31732177734375,0.5052642822265625,0.19628143310546875,0.292724609375,0.2827911376953125,2.8267898559570313,2.7978515625,40.655426025390625,0.201568603515625,2.544097900390625,2.7453689575195313,0,231615.5430908203,235798.6224975586,0,34088599552,2147483648,8085450752,0
206,1787751249157,3500,3500,3500,3500,3500,3500,3500,3500,3500,3500,3500,3500,3500,3500,3500,3500,3500,3500,3500,3500,10.835777282714844,2.8460235595703125,72.4422607421875,0.20725250244140625,2.808990478515625,0.21538543701171875,2.7965621948242188,0.296051025390625,0.28142547607421875,0.3247528076171875,0.372222900390625,0.21738433837890625,0.30933380126953125,2.8022003173828125,0.35056304931640625,0.31507110595703125,12.784309387207031,2.765411376953125,18.861366271972656,0.19671630859375,0,231625.7772216797,235806.73419189453,0,34088599552,2147483648,8085450752,0
200,1787751249364,3500,3500,3500,3500,3500,3500,3500,3500,3500,3500,3500,3500,3500,3500,3500,3500,3500,3500,3500,3500,19.96686553955078,0.068115234375,36.351036071777344,2.45556640625,0.0812530517578125,0.08435821533203125,0.0872650146484375,0.16400909423828125,0.0951690673828125,2.5522384643554688,0.13443756103515625,0.11257171630859375,0.17787933349609375,0.12236785888671875,0.202117919921875,0.2062835693359375,9.023727416992188,0.068603515625,50.082515716552734,0.01551055908203125,0,231635.1763305664,235813.9017944336,0,34088599552,2147483648,8085254144,0
200,1787751249564,3500,3500,3500,3500,3500,3500,3500,3500,3500,3500,3500,3500,3500,3500,3500,3500,3500,3500,3500,3500,1.913238525390625,0.50335693359375,55.27126693725586,0.45523834228515625,0.43665313720703125,0.4532928466796875,0.44118499755859375,2.9976577758789063,2.9886932373046875,0.49169921875,2.9284133911132813,0.4672393798828125,3.0931472778320313,0.5625839233398438,0.58001708984375,0.57159423828125,20.882179260253906,0.46300506591796875,32.40351867675781,0.39197540283203125,0,231643.25219726563,235819.8603515625,0,34088599552,2147483648,8085843968,0
200,1787751249765,3500,3500,3500,3500,3500,3500,3500,3500,3500,3500,3500,3500,3500,3500,3500,3500,3500,3500,3500,3500,15.708320617675781,0.310943603515625,40.20009994506836,0.30132293701171875,0.30261993408203125,0.2884063720703125,0.28815460205078125,0.27593231201171875,0.30844879150390625,0.2834625244140625,0.3023681640625,2.8329620361328125,0.4228515625,0.4129791259765625,0.4200592041015625,0.41487884521484375,26.03936767578125,0.23883056640625,22.979942321777344,0.24212646484375,0,231651.46270751953,235826.14453125,0,34088599552,2147483648,8085827584,0
200,1787751249965,3500,3500,3500,3500,3500,3500,3500,3500,3500,3500,3500,3500,3500,3500,3500,3500,3500,3500,3500,3500,7.913139343261719,0.29895782470703125,18.867568969726563,0.2486724853515625,1.5510482788085938,2.7398757934570313,0.32387542724609375,0.2604522705078125,0.31233978271484375,0.25726318359375,0.5081253051757813,0.3466949462890625,0.4174957275390625,0.40636444091796875,2.8599700927734375,2.8547286987304688,51.13951873779297,0.17626953125,25.862220764160156,2.737579345703125,0,231660.07232666016,235832.4390258789,0,34088599552,2147483648,8085827584,0
200,1787751250165,3500,3500,3500,3500,3500,3500,3500,3500,3500,3500,3500,3500,3500,3500,3500,3500,3500,3500,3500,3500,12.370277404785156,2.81121826171875,61.899696350097656,0.21199798583984375,2.7978363037109375,0.24990081787109375,2.731414794921875,0.31327056884765625,0.24240875244140625,0.25264739990234375,0.246856689453125,0.2750701904296875,0.27811431884765625,2.7881011962890625,0.252899169921875,0.2818145751953125,6.3206024169921875,2.765472412109375,35.87023162841797,0.1845245361328125,0,231668.74017333984,235838.97497558594,0,34088599552,2147483648,8086421504,0
200,1787751250365,3500,3500,3500,3500,3500,3500,3500,3500,3500,3500,3500,3500,3500,3500,3500,3500,3500,3500,3500,3500,1.1383438110351563,0.36440277099609375,71.20101165771484,2.7278900146484375,0.3497161865234375,0.24539947509765625,0.2958831787109375,0.2876434326171875,0.2779541015625,2.866363525390625,0.3274993896484375,0.364501953125,0.32250213623046875,0.37613677978515625,0.29628753662109375,0.30806732177734375,19.89472198486328,0.21598052978515625,16.20257568359375,0.26187896728515625,0,231677.56127929688,235845.6880493164,0,34088599552,2147483648,8086421504,0
200,1787751250566,3500,3500,3500,3500,3500,3500,3500,3500,3500,3500,3500,3500,3500,3500,3500,3500,3500,3500,3500,3500,3.4405593872070313,0.330169677734375,25.954452514648438,0.238067626953125,0.27211761474609375,0.23297882080078125,0.35693359375,2.8118667602539063,2.9391632080078125,0.4051055908203125,2.9835891723632813,0.45113372802734375,2.94085693359375,0.4238739013671875,0.33760833740234375,0.30820465087890625,22.863929748535156,0.27561187744140625,52.25006103515625,0.1948394775390625,0,231688.64434814453,235854.65008544922,0,34088599552,2147483648,8086552576,0
200,1787751250766,3500,3500,3500,3500,3500,3500,3500,3500,3500,3500,3500,3500,3500,3500,3500,3500,3500,3500,3500,3500,8.355644226074219,0.28145599365234375,44.23113250732422,0.2558441162109375,0.266876220703125,0.29758453369140625,0.3547515869140625,0.2850494384765625,0.4671478271484375,0.4081268310546875,0.38835906982421875,2.8785171508789063,0.3985443115234375,0.40013885498046875,0.309417724609375,0.3018798828125,19.787879943847656,0.21819305419921875,31.777481079101563,0.24001312255859375,0,231696.93188476563,235860.81268310547,0,34088599552,2147483648,8086552576,0
200,1787751250966,3500,3500,3500,3500,3500,3500,3500,3500,3500,3500,3500,3500,3500,3500,3500,3500,3500,3500,3500,3500,10.467735290527344,0.21132659912109375,49.44218444824219,0.13768768310546875,0.39948272705078125,2.783416748046875,0.2139739990234375,0.2031402587890625,0.3856048583984375,0.283660888671875,0.6026229858398438,0.42389678955078125,7.852058410644531,0.28351593017578125,2.7756271362304688,2.740234375,14.196746826171875,0.1583099365234375,29.380172729492188,2.690155029296875,0,231706.1293334961,235867.88330078125,0,34088599552,2147483648,8087076864,0
200,1787751251167,3500,3500,3500,3500,3500,3500,3500,3500,3500,3500,3500,3500,3500,3500,3500,3500,3500,3500,3500,3500,33.67274475097656,2.7823028564453125,54.61336898803711,0.274200439453125,0.311676025390625,0.33282470703125,2.7887344360351563,0.3442535400390625,0.49158477783203125,0.3968353271484375,0.5191726684570313,0.3960418701171875,0.42023468017578125,2.9148101806640625,0.28218841552734375,0.33811187744140625,4.533348083496094,2.7952194213867188,21.036666870117188,0.29775238037109375,0,231714.89154052734,235874.52282714844,0,34088599552,2147483648,8087060480,0
200,1787751251367,3500,3500,3500,3500,3500,3500,3500,3500,3500,3500,3500,3500,3500,3500,3500,3500,3500,3500,3500,3500,0.6523818969726563,0.34705352783203125,51.66878890991211,2.764495849609375,2.8100128173828125,0.31396484375,0.289459228515625,0.286163330078125,0.46508026123046875,2.9177627563476563,0.7488021850585938,0.3693084716796875,0.38742828369140625,0.3873291015625,0.3238983154296875,0.31880950927734375,20.67186737060547,0.280426025390625,35.03938293457031,0.2732391357421875,0,231724.44244384766,235881.95135498047,0,34088599552,2147483648,8087060480,0
200,1787751251567,3500,3500,3500,3500,3500,3500,3500,3500,3500,3500,3500,3500,3500,3500,3500,3500,3500,3500,3500,3500,0.9945144653320313,0.258636474609375,60.437774658203125,0.17678070068359375,0.23827362060546875,0.18671417236328125,0.27126312255859375,2.7411346435546875,2.834014892578125,0.36464691162109375,2.7774200439453125,0.33240509033203125,10.562004089355469,0.28748321533203125,0.23258209228515625,0.25714111328125,16.60401153564453,0.1856689453125,25.235275268554688,0.2136688232421875,0,231733.39990234375,235888.77319335938,0,34088599552,2147483648,8087588864,0
200,1787751251768,3500,3500,3500,3500,3500,3500,3500,3500,3500,3500,3500,3500,3500,3500,3500,3500,3500,3500,3500,3500,9.301170349121094,0.34264373779296875,41.82243347167969,0.33849334716796875,0.235321044921875,0.34264373779296875,0.26055145263671875,0.36777496337890625,0.4818878173828125,0.48892974853515625,0.438018798828125,2.9790496826171875,0.41339111328125,0.4310760498046875,0.33574676513671875,0.33349609375,17.014434814453125,0.27154541015625,37.32008743286133,0.23451995849609375,0,231741.85760498047,235895.11950683594,0,34088599552,2147483648,8087654400,0
200,1787751251968,3500,3500,3500,3500,3500,3500,3500,3500,3500,3500,3500,3500,3500,3500,3500,3500,3500,3500,3500,3500,0.6639328002929688,0.2808074951171875,70.04608917236328,0.18731689453125,0.22696685791015625,2.794708251953125,0.26312255859375,0.20654296875,0.27101898193359375,0.2799072265625,0.5112686157226563,0.27606201171875,0.381134033203125,0.38782501220703125,2.8064956665039063,2.788116455078125,29.46710968017578,0.19710540771484375,4.920494079589844,2.8061904907226563,0,231749.8712158203,235900.9966430664,0,34088599552,2147483648,8087642112,0
200,1787751252168,3500,3500,3500,3500,3500,3500,3500,3500,3500,3500,3500,3500,3500,3500,3500,3500,3500,3500,3500,3500,19.236068725585938,2.770263671875,47.794803619384766,0.2091217041015625,0.23155975341796875,0.26123809814453125,2.778289794921875,0.28388214111328125,0.34243011474609375,0.243682861328125,0.25251007080078125,0.252960205078125,0.4042205810546875,2.9135971069335938,0.31125640869140625,0.2834320068359375,16.681259155273438,2.7443771362304688,30.871559143066406,0.2050323486328125,0,231758.61151123047,235907.61602783203,0,34088599552,2147483648,8087642112,0
200,1787751252369,3500,3500,3500,3500,3500,3500,3500,3500,3500,3500,3500,3500,3500,3500,3500,3500,3500,3500,3500,3500,11.615890502929688,0.24263763427734375,60.024417877197266,2.716796875,2.8315505981445313,0.28580474853515625,0.3143310546875,0.251678466796875,0.28295135498046875,1.8973541259765625,0.25482940673828125,0.2935943603515625,0.2713623046875,0.30937957763671875,0.326568603515625,0.27141571044921875,20.83465576171875,0.22365570068359375,30.01905059814453,0.220611572265625,0,231768.4111328125,235915.2621459961,0,34088599552,2147483648,8088231936,0
200,1787751252569,3500,3500,3500,3500,3500,3500,3500,3500,3500,3500,3500,3500,3500,3500,3500,3500,3500,3500,3500,3500,2.48681640625,0.30120086669921875,57.39381408691406,0.188690185546875,0.270660400390625,0.273406982421875,0.2177276611328125,2.8075714111328125,2.8461837768554688,1.1584396362304688,2.8336105346679688,0.3730926513671875,2.8291702270507813,0.27275848388671875,0.3557281494140625,0.3329315185546875,10.822364807128906,0.2722625732421875,38.47333526611328,0.21443939208984375,0,231777.33154296875,235922.0458984375,0,34088599552,2147483648,8088342528,0
200,1787751252769,3500,3500,3500,3500,3500,3500,3500,3500,3500,3500,3500,3500,3500,3500,3500,3500,3500,3500,3500,3500,6.2445220947265625,0.32187652587890625,61.72079086303711,0.23519134521484375,0.32916259765625,0.3003997802734375,0.3049468994140625,0.28711700439453125,0.51641845703125,0.37490081787109375,0.414947509765625,2.8980560302734375,0.289215087890625,0.3491363525390625,0.4431610107421875,0.41645050048828125,21.40966796875,0.2144622802734375,16.536529541015625,0.20337677001953125,0,231785.8807373047,235928.47735595703,0,34088599552,2147483648,8088342528,0
200,1787751252970,3500,3500,3500,3500,3500,3500,3500,3500,3500,3500,3500,3500,3500,3500,3500,3500,3500,3500,3500,3500,14.869720458984375,0.29084014892578125,70.31019592285156,0.17969512939453125,0.27032470703125,2.775421142578125,0.286102294921875,0.31061553955078125,0.5060958862304688,0.49126434326171875,0.5285110473632813,0.37392425537109375,0.30857086181640625,0.3004302978515625,2.9246597290039063,2.9267578125,19.00164794921875,0.24915313720703125,1.097564697265625,2.7963409423828125,0,231795.31115722656,235935.7811279297,0,34088599552,2147483648,8088346624,0
200,1787751253170,3500,3500,3500,3500,3500,3500,3500,3500,3500,3500,3500,3500,3500,3500,3500,3500,3500,3500,3500,3500,31.900779724121094,2.7428131103515625,49.228633880615234,0.2288818359375,0.28973388671875,0.23975372314453125,2.7967758178710938,0.26345062255859375,0.4731292724609375,0.4664459228515625,0.34180450439453125,0.34828948974609375,1.0507965087890625,0.342803955078125,0.38465118408203125,0.38983154296875,27.6651611328125,2.7605133056640625,10.425888061523438,0.22808837890625,0,231804.8442993164,235943.16204833984,0,34088599552,2147483648,8088743936,0
200,1787751253370,3500,3500,3500,3500,3500,3500,3500,3500,3500,3500,3500,3500,3500,3500,3500,3500,3500,3500,3500,3500,16.448104858398438,0.55364990234375,32.747596740722656,2.807891845703125,2.855010986328125,0.26947784423828125,0.3304901123046875,0.29961395263671875,0.5035858154296875,0.5037841796875,0.3666229248046875,0.6828231811523438,0.3802642822265625,2.9531021118164063,0.3538818359375,0.33019256591796875,14.805984497070313,15.574851989746094,28.761947631835938,0.2138671875,0,231813.59301757813,235949.79064941406,0,34088599552,2147483648,8088743936,0
200,1787751253570,3500,3500,3500,3500,3500,3500,3500,3500,3500,3500,3500,3500,3500,3500,3500,3500,3500,3500,3500,3500,16.249710083007813,1.3491058349609375,23.38251495361328,0.21710968017578125,0.2741851806640625,0.2078704833984375,0.22165679931640625,2.7493896484375,2.8807144165039063,2.7534332275390625,2.8559494018554688,0.17331695556640625,2.8614425659179688,0.321868896484375,0.26384735107421875,0.2993011474609375,0.1985321044921875,24.739356994628906,39.368080139160156,0.1898956298828125,0,231822.24407958984,235956.31909179688,0,34088599552,2147483648,8088875008,0
200,1787751253771,3500,3500,3500,3500,3500,3500,3500,3500,3500,3500,3500,3500,3500,3500,3500,3500,3500,3500,3500,3500,16.71129608154297,1.6214675903320313,54.266624450683594,0.2025299072265625,0.25152587890625,0.2693023681640625,0.2772979736328125,0.261810302734375,0.20447540283203125,0.266754150390625,0.27849578857421875,2.4150924682617188,0.277496337890625,0.3045654296875,0.2863311767578125,0.279541015625,0.1725616455078125,4.462135314941406,29.091102600097656,0.20502471923828125,0,231831.50537109375,235963.44427490234,0,34088599552,2147483648,8089006080,0
200,1787751253971,3500,3500,3500,3500,3500,3500,3500,3500,3500,3500,3500,3500,3500,3500,3500,3500,3500,3500,3500,3500,16.469932556152344,0.9296340942382813,30.193885803222656,0.27094268798828125,0.5125350952148438,2.9231338500976563,0.415252685546875,0.42967987060546875,0.584014892578125,0.35021209716796875,0.3383331298828125,0.8017501831054688,0.3251495361328125,0.34442138671875,2.8245925903320313,2.855194091796875,0.2655029296875,20.372215270996094,40.70179748535156,2.76763916015625,0,231840.04107666016,235969.84637451172,0,34088599552,2147483648,8088989696,0
199,1787751254171,3500,3500,3500,3500,3500,3500,3500,3500,3500,3500,3500,3500,3500,3500,3500,3500,3500,3500,3500,3500,7.559989929199219,3.9190292358398438,76.00804138183594,0.16614532470703125,1.3153915405273438,0.40157318115234375,2.9760818481445313,0.509857177734375,0.29772186279296875,0.253631591796875,0.24310302734375,8.760406494140625,0.4250640869140625,0.4137420654296875,0.28839874267578125,0.32221221923828125,0.232879638671875,13.19866943359375,33.41709899902344,0.2078399658203125,0,231850.0115966797,235977.67626953125,0,34088599552,2147483648,8106147840,0
200,1787751254371,3500,3500,3500,3500,3500,3500,3500,3500,3500,3500,3500,3500,3500,3500,3500,3500,3500,3500,3500,3500,27.894927978515625,0.43621826171875,75.40139770507813,2.6980209350585938,2.914031982421875,0.45206451416015625,0.37554168701171875,0.35900115966796875,0.25714111328125,0.29947662353515625,0.281280517578125,0.2716827392578125,0.44136810302734375,2.9338226318359375,0.30092620849609375,0.30297088623046875,2.76019287109375,45.82347106933594,27.793869018554688,0.22835540771484375,0,231858.8572998047,235984.3871459961,0,34088599552,2147483648,8113807360,0
200,1787751254572,3500,3500,3500,3500,3500,3500,3500,3500,3500,3500,3500,3500,3500,3500,3500,3500,3500,3500,3500,3500,17.618148803710938,0.8215408325195313,39.98588562011719,0.20307159423828125,0.34601593017578125,0.48096466064453125,0.4316253662109375,2.9709091186523438,2.7917098999023438,2.7729339599609375,2.7995529174804688,0.281890869140625,2.8174819946289063,0.2636566162109375,0.3045654296875,0.2609100341796875,0.3690948486328125,22.21270751953125,46.53898239135742,0.1623687744140625,0,231869.23852539063,235992.8286743164,0,34088599552,2147483648,8115040256,0
199,1787751254772,3500,3500,3500,3500,3500,3500,3500,3500,3500,3500,3500,3500,3500,3500,3500,3500,3500,3500,3500,3500,17.825180053710938,1.2584457397460938,60.10647964477539,0.1785125732421875,0.35223388671875,0.4866485595703125,0.36072540283203125,0.428802490234375,0.25508880615234375,0.34973907470703125,0.348388671875,0.38979339599609375,0.32201385498046875,0.36531829833984375,0.29589080810546875,0.31871795654296875,0.3910980224609375,20.073204040527344,27.361557006835938,0.24554443359375,0,231878.76416015625,236000.33532714844,0,34088599552,2147483648,8115625984,0
200,1787751254972,3500,3500,3500,3500,3500,3500,3500,3500,3500,3500,3500,3500,3500,3500,3500,3500,3500,3500,3500,3500,6.433647155761719,0.9957962036132813,45.04400634765625,0.230682373046875,0.5563201904296875,2.9768447875976563,0.30049896240234375,0.36456298828125,0.9452743530273438,0.38170623779296875,0.3096923828125,3.6790390014648438,0.40933990478515625,0.4113922119140625,2.8165283203125,1.9292755126953125,0.3701629638671875,31.180221557617188,40.07412338256836,2.7078781127929688,0,231887.1664428711,236006.41333007813,0,34088599552,2147483648,8115970048,0
200,1787751255172,3500,3500,3500,3500,3500,3500,3500,3500,3500,3500,3500,3500,3500,3500,3500,3500,3500,3500,3500,3500,19.494003295898438,3.5230712890625,43.627113342285156,0.2313232421875,0.338470458984375,0.27631378173828125,2.7981338500976563,0.32999420166015625,0.29886627197265625,0.3264007568359375,0.34780120849609375,0.28185272216796875,8.356292724609375,0.3841705322265625,0.29332733154296875,1.1694717407226563,0.3145751953125,18.85247039794922,39.73508834838867,0.2421417236328125,0,231895.7925415039,236012.97009277344,0,34088599552,2147483648,8116408320,0
200,1787751255373,3500,3500,3500,3500,3500,3500,3500,3500,3500,3500,3500,3500,3500,3500,3500,3500,3500,3500,3500,3500,13.231399536132813,1.0377578735351563,42.442543029785156,2.7700424194335938,2.8994064331054688,0.34062957763671875,0.37845611572265625,0.3168182373046875,0.24834442138671875,0.31557464599609375,0.27484893798828125,0.28298187255859375,0.6098403930664063,2.85723876953125,0.32535552978515625,0.2791900634765625,2.9344482421875,22.6866455078125,55.62598419189453,0.2036285400390625,0,231907.25274658203,236021.97247314453,0,34088599552,2147483648,8116592640,0
200,1787751255573,3500,3500,3500,3500,3500,3500,3500,3500,3500,3500,3500,3500,3500,3500,3500,3500,3500,3500,3500,3500,2.4393539428710938,1.1500778198242188,91.65467071533203,0.15763092041015625,0.2941741943359375,0.27124786376953125,0.3318023681640625,2.8489913940429688,2.888458251953125,2.8939056396484375,2.929229736328125,0.3979949951171875,2.83575439453125,0.28948211669921875,0.3619232177734375,0.33814239501953125,0.396148681640625,13.58056640625,14.210685729980469,0.21369171142578125,0,231916.33587646484,236028.89666748047,0,34088599552,2147483648,8116850688,0
200,1787751255774,3500,3500,3500,3500,3500,3500,3500,3500,3500,3500,3500,3500,3500,3500,3500,3500,3500,3500,3500,3500,10.985504150390625,1.3600006103515625,45.713321685791016,0.21953582763671875,0.21485137939453125,0.2762908935546875,0.28047943115234375,0.3134918212890625,0.29828643798828125,0.286712646484375,0.24147796630859375,0.25499725341796875,0.2833251953125,0.29164886474609375,0.38581085205078125,0.3762359619140625,0.44011688232421875,13.94085693359375,48.75669479370117,0.17255401611328125,0,231925.9351196289,236036.3575439453,0,34088599552,2147483648,8116912128,0
200,1787751255974,3500,3500,3500,3500,3500,3500,3500,3500,3500,3500,3500,3500,3500,3500,3500,3500,3500,3500,3500,3500,18.642959594726563,1.0384140014648438,60.0399169921875,0.223236083984375,0.353790283203125,2.85302734375,0.32015228271484375,0.27828216552734375,0.3106231689453125,0.26520538330078125,0.27274322509765625,3.013275146484375,1.6002655029296875,0.295745849609375,2.8833160400390625,0.35353851318359375,0.39371490478515625,33.02716827392578,26.05358123779297,2.7749710083007813,0,231935.53778076172,236043.7836303711,0,34088599552,2147483648,8118689792,0
200,1787751256174,3500,3500,3500,3500,3500,3500,3500,3500,3500,3500,3500,3500,3500,3500,3500,3500,3500,3500,3500,3500,3.1286697387695313,2.8801116943359375,52.9495735168457,0,0,0,2.4901275634765625,0,0,0,0.08988189697265625,0,18.924293518066406,0.0638885498046875,8.085426330566406,2.5380172729492188,0.0841827392578125,21.546096801757813,34.06462860107422,0,0,231945.46545410156,236051.509765625,0,34088599552,2147483648,8121020416,0
200,1787751256375,3500,3500,3500,3500,3500,3500,3500,3500,3500,3500,3500,3500,3500,3500,3500,3500,3500,3500,3500,3500,3.5091018676757813,1.3799667358398438,70.15619659423828,2.9848098754882813,3.1242828369140625,0.6383743286132813,0.562530517578125,0.6339874267578125,0.5862884521484375,0.563079833984375,0.57080078125,0.6166610717773438,0.6858291625976563,3.1707916259765625,0.60430908203125,0.5878753662109375,3.186676025390625,26.67450714111328,25.97643280029297,0.48580169677734375,0,231954.83709716797,236058.74438476563,0,34088599552,2147483648,8120733696,0
197,1787751256578,3500,3500,3500,3500,3500,3500,3500,3500,3500,3500,3500,3500,3500,3500,3500,3500,3500,3500,3500,3500,0.0738525390625,0.361297607421875,50.04413604736328,0,0,0,0,2.437469482421875,2.2473602294921875,2.1847457885742188,2.2481536865234375,0,2.2831192016601563,0,0,0,0,36.828060150146484,34.03968811035156,0,0,231964.29638671875,236066.03289794922,0,34088599552,2147483648,8121065472,0
200,1787751256775,3500,3500,3500,3500,3500,3500,3500,3500,3500,3500,3500,3500,3500,3500,3500,3500,3500,3500,3500,3500,20.00121307373047,1.2323455810546875,53.082584381103516,0.722869873046875,0.880035400390625,1.0132064819335938,0.9044189453125,0.890869140625,0.735321044921875,0.7392959594726563,0.8747406005859375,0.7847976684570313,0.8125152587890625,0.7946243286132813,0.7921524047851563,0.8445587158203125,0.7842483520507813,39.7882194519043,22.63526153564453,0.74383544921875,0,231975.01873779297,236074.6033935547,0,34088599552,2147483648,8122523648,0
200,1787751256975,3500,3500,3500,3500,3500,3500,3500,3500,3500,3500,3500,3500,3500,3500,3500,3500,3500,3500,3500,3500,17.968360900878906,0.8170623779296875,30.487380981445313,0.229949951171875,0.28771209716796875,2.9222183227539063,0.317138671875,0.3906402587890625,0.2470855712890625,0.2645263671875,0.30304718017578125,3.001068115234375,0.36376190185546875,0.33697509765625,2.79150390625,0.2801666259765625,0.3032989501953125,32.563507080078125,46.58823013305664,2.6960678100585938,0,231984.0947265625,236081.52990722656,0,34088599552,2147483648,8123760640,0
200,1787751257176,3500,3500,3500,3500,3500,3500,3500,3500,3500,3500,3500,3500,3500,3500,3500,3500,3500,3500,3500,3500,8.822097778320313,3.5038986206054688,54.58364486694336,0.21221923828125,0.5328140258789063,0.5067672729492188,2.9771270751953125,0.4160003662109375,0.5109100341796875,0.5289688110351563,0.51873779296875,0.44818878173828125,0.4053192138671875,0.368499755859375,0.332122802734375,2.827178955078125,0.35302734375,36.444515228271484,35.028106689453125,0.25457763671875,0,231993.7947998047,236089.05450439453,0,34088599552,2147483648,8125767680,0
200,1787751257376,3500,3500,3500,3500,3500,3500,3500,3500,3500,3500,3500,3500,3500,3500,3500,3500,3500,3500,3500,3500,11.027519226074219,0.9486160278320313,46.138084411621094,2.7537612915039063,2.9236373901367188,0.49700164794921875,0.38579559326171875,0.39588165283203125,0.5079879760742188,0.5044403076171875,0.47193145751953125,0.4267425537109375,8.206245422363281,2.8046417236328125,0.31618499755859375,0.28063201904296875,2.8390960693359375,32.976951599121094,43.593055725097656,0.23848724365234375,0,232003.21673583984,236096.35131835938,0,34088599552,2147483648,8125640704,0
200,1787751257576,3500,3500,3500,3500,3500,3500,3500,3500,3500,3500,3500,3500,3500,3500,3500,3500,3500,3500,3500,3500,25.733055114746094,0.7807159423828125,51.78208923339844,0.2168121337890625,0.3602752685546875,0.45749664306640625,0.4519500732421875,2.9513931274414063,2.8656997680664063,2.8392410278320313,2.8559188842773438,0.31418609619140625,10.474418640136719,0.29730987548828125,0.359375,0.3394012451171875,0.29256439208984375,14.026817321777344,30.366561889648438,0.2413330078125,0,232012.95233154297,236103.91564941406,0,34088599552,2147483648,8125763584,0
200,1787751257777,3500,3500,3500,3500,3500,3500,3500,3500,3500,3500,3500,3500,3500,3500,3500,3500,3500,3500,3500,3500,7.950706481933594,1.0601043701171875,23.471107482910156,0.276153564453125,0.3621978759765625,0.47946929931640625,0.486907958984375,0.4739837646484375,0.27519989013671875,0.3051300048828125,0.316558837890625,0.26383209228515625,0.3126678466796875,0.29665374755859375,0.33147430419921875,0.341400146484375,0.30278778076171875,29.508956909179688,62.77019500732422,0.17244720458984375,0,232021.74829101563,236110.5672607422,0,34088599552,2147483648,8125861888,0
200,1787751257977,3500,3500,3500,3500,3500,3500,3500,3500,3500,3500,3500,3500,3500,3500,3500,3500,3500,3500,3500,3500,14.5347900390625,0.8003692626953125,58.2686653137207,0.1438140869140625,0.3798980712890625,2.9486160278320313,0.413330078125,0.3974151611328125,0.27899932861328125,0.29880523681640625,0.24431610107421875,2.9691238403320313,0.386688232421875,0.25409698486328125,2.7806015014648438,0.2442169189453125,0.35410308837890625,29.36974334716797,21.411285400390625,2.6911239624023438,0,232031.33966064453,236117.99584960938,0,34088599552,2147483648,8123449344,0
200,1787751258177,3500,3500,3500,3500,3500,3500,3500,3500,3500,3500,3500,3500,3500,3500,3500,3500,3500,3500,3500,3500,9.803108215332031,3.4805831909179688,60.75090026855469,0.22342681884765625,0.4199981689453125,0.5073318481445313,3.0416183471679688,0.43647003173828125,0.5426712036132813,0.5352325439453125,0.5390243530273438,0.516021728515625,0.43482208251953125,0.4265899658203125,0.33187103271484375,2.839752197265625,0.40158843994140625,27.295936584472656,28.893096923828125,0.266143798828125,0,232040.04132080078,236124.5595703125,0,34088599552,2147483648,8123924480,0
200,1787751258378,3500,3500,3500,3500,3500,3500,3500,3500,3500,3500,3500,3500,3500,3500,3500,3500,3500,3500,3500,3500,4.186088562011719,0.974334716796875,51.62399673461914,2.7955169677734375,2.8331527709960938,0.3982696533203125,0.402313232421875,0.3901824951171875,0.48382568359375,0.5126724243164063,0.49739837646484375,0.4856719970703125,0.40775299072265625,2.938018798828125,0.3197021484375,0.3011322021484375,2.866241455078125,23.67133331298828,52.30582809448242,0.1833343505859375,0,232048.99841308594,236131.34130859375,0,34088599552,2147483648,8124833792,0
200,1787751258578,3500,3500,3500,3500,3500,3500,3500,3500,3500,3500,3500,3500,3500,3500,3500,3500,3500,3500,3500,3500,16.687469482421875,0.7276840209960938,52.181827545166016,0.1659393310546875,0.2766571044921875,0.2356109619140625,0.21196746826171875,2.74169921875,2.855865478515625,2.9501800537109375,2.9423980712890625,2.3639984130859375,10.598976135253906,0.23256683349609375,0.2545166015625,0.27451324462890625,0.27112579345703125,12.546768188476563,32.60132598876953,0.1837921142578125,0,232056.7435913086,236136.9359741211,0,34088599552,2147483648,8125136896,0
200,1787751258778,3500,3500,3500,3500,3500,3500,3500,3500,3500,3500,3500,3500,3500,3500,3500,3500,3500,3500,3500,3500,0.719635009765625,1.0875244140625,57.542633056640625,0.175750732421875,0.30548858642578125,0.25238800048828125,0.3477020263671875,0.29195404052734375,0.494781494140625,0.33171844482421875,0.3303680419921875,0.4041595458984375,0.291351318359375,0.2931976318359375,0.37313079833984375,0.325775146484375,0.2735137939453125,41.083988189697266,29.077056884765625,0.18408966064453125,0,232067.28326416016,236145.30499267578,0,34088599552,2147483648,8129069056,0
200,1787751258979,3500,3500,3500,3500,3500,3500,3500,3500,3500,3500,3500,3500,3500,3500,3500,3500,3500,3500,3500,3500,15.153182983398438,0.7164154052734375,50.40327453613281,0.26700592041015625,0.8408126831054688,2.8639602661132813,0.49669647216796875,0.38242340087890625,0.5076675415039063,0.391448974609375,0.38282012939453125,5.75390625,6.3712158203125,0.3175811767578125,1.0416259765625,0.40915679931640625,0.34920501708984375,25.923683166503906,50.252288818359375,2.7339248657226563,0,232078.94073486328,236154.77966308594,0,34088599552,2147483648,8127275008,0
199,1787751259179,3500,3500,3500,3500,3500,3500,3500,3500,3500,3500,3500,3500,3500,3500,3500,3500,3500,3500,3500,3500,14.958152770996094,3.8110275268554688,39.96757507324219,0.28865814208984375,2.0162887573242188,0.28795623779296875,2.8561325073242188,0.24346923828125,0.37178802490234375,0.39446258544921875,0.359710693359375,0.45467376708984375,1.7228851318359375,0.31291961669921875,2.2134628295898438,2.8631744384765625,0.3568572998046875,23.495895385742188,42.87783432006836,0.2145538330078125,0,232087.9268798828,236161.63305664063,0,34088599552,2147483648,8127864832,0
200,1787751259379,3500,3500,3500,3500,3500,3500,3500,3500,3500,3500,3500,3500,3500,3500,3500,3500,3500,3500,3500,3500,10.593894958496094,0.6541900634765625,45.088802337646484,2.7565155029296875,2.8148422241210938,0.2766876220703125,0.30017852783203125,0.33502197265625,0.47516632080078125,0.334869384765625,0.4061431884765625,0.44602203369140625,0.43508148193359375,2.8433303833007813,0.39574432373046875,0.38924407958984375,2.8636245727539063,22.15740203857422,51.67076873779297,0.1932220458984375,0,232097.36279296875,236168.92071533203,0,34088599552,2147483648,8127713280,0
200,1787751259580,3500,3500,3500,3500,3500,3500,3500,3500,3500,3500,3500,3500,3500,3500,3500,3500,3500,3500,3500,3500,16.540077209472656,1.0018692016601563,42.23740768432617,0.19896697998046875,0.2515411376953125,0.27628326416015625,0.29074859619140625,2.776824951171875,2.8851089477539063,2.7708892822265625,2.8073959350585938,1.5493927001953125,0.30226898193359375,0.30521392822265625,0.2949371337890625,0.27907562255859375,0.277923583984375,39.078712463378906,31.148025512695313,0.2075958251953125,0,232109.73040771484,236179.11669921875,0,34088599552,2147483648,8127864832,0
200,1787751259780,3500,3500,3500,3500,3500,3500,3500,3500,3500,3500,3500,3500,3500,3500,3500,3500,3500,3500,3500,3500,31.78595733642578,0.7674560546875,43.00865173339844,0.2237701416015625,0.28595733642578125,0.23870086669921875,0.31137847900390625,0.2586822509765625,0.4016876220703125,0.30788421630859375,0.3030853271484375,0.29529571533203125,2.8779373168945313,0.2999420166015625,0.28485870361328125,0.33675384521484375,0.27166748046875,33.67865753173828,20.26422882080078,0.271270751953125,0,232120.42852783203,236187.6548461914,0,34088599552,2147483648,8128270336,0
200,1787751259980,3500,3500,3500,3500,3500,3500,3500,3500,3500,3500,3500,3500,3500,3500,3500,3500,3500,3500,3500,3500,24.01335906982422,1.00396728515625,47.23358917236328,0.16707611083984375,0.33879852294921875,2.8575057983398438,0.23879241943359375,0.37322998046875,3.9380340576171875,0.2892913818359375,0.36200714111328125,3.0082168579101563,0.29932403564453125,0.29558563232421875,0.24747467041015625,0.278564453125,0.298675537109375,20.142349243164063,34.126625061035156,0.31035614013671875,0,232130.2232055664,236195.29931640625,0,34088599552,2147483648,8130883584,0
200,1787751260181,3500,3500,3500,3500,3500,3500,3500,3500,3500,3500,3500,3500,3500,3500,3500,3500,3500,3500,3500,3500,24.64111328125,3.0427322387695313,44.16437911987305,0.287689208984375,0.49059295654296875,0.4445343017578125,3.0729217529296875,0.44483184814453125,0.5363540649414063,0.47502899169921875,0.49883270263671875,0.5571670532226563,0.6403579711914063,0.34417724609375,3.0995712280273438,2.8867874145507813,0.32097625732421875,30.65955352783203,34.17151641845703,2.59185791015625,0,232140.60260009766,236203.52111816406,0,34088599552,2147483648,8131080192,0
199,1787751260381,3500,3500,3500,3500,3500,3500,3500,3500,3500,3500,3500,3500,3500,3500,3500,3500,3500,3500,3500,3500,34.65478515625,0.905792236328125,25.117095947265625,2.7380905151367188,2.9270095825195313,0.3769378662109375,0.39156341552734375,0.37668609619140625,0.434600830078125,0.4206695556640625,0.35651397705078125,0.46500396728515625,16.146217346191406,2.7637481689453125,0.31333160400390625,0.25531768798828125,2.7422866821289063,28.059432983398438,23.816055297851563,0.21657562255859375,0,232149.95043945313,236211.04034423828,0,34088599552,2147483648,8130985984,0
199,1787751260581,3500,3500,3500,3500,3500,3500,3500,3500,3500,3500,3500,3500,3500,3500,3500,3500,3500,3500,3500,3500,15.446273803710938,0.9816818237304688,39.51457595825195,0.25469207763671875,1.1427459716796875,0.2856903076171875,0.30428314208984375,2.8305740356445313,3.04217529296875,2.9202499389648438,2.9512939453125,3.5491104125976563,3.2617721557617188,0.29073333740234375,0.45130157470703125,0.285736083984375,0.40496063232421875,23.509429931640625,61.3554801940918,0.17630767822265625,0,232159.47747802734,236218.5785522461,0,34088599552,2147483648,8136392704,0
200,1787751260781,3500,3500,3500,3500,3500,3500,3500,3500,3500,3500,3500,3500,3500,3500,3500,3500,3500,3500,3500,3500,26.1358642578125,0.39302825927734375,39.44315719604492,0.2588043212890625,3.2913284301757813,0.26975250244140625,0.4271240234375,0.32224273681640625,1.4226531982421875,0.213409423828125,0.2179107666015625,80.99774932861328,20.42290496826172,0.31989288330078125,13.044288635253906,0.33199310302734375,0.3322906494140625,35.6441650390625,60.673622131347656,0.21475982666015625,0,232170.33001708984,236227.08978271484,0,34088599552,2147483648,8158498816,0
200,1787751260981,3500,3500,3500,3500,3500,3500,3500,3500,3500,3500,3500,3500,3500,3500,3500,3500,3500,3500,3500,3500,26.55322265625,0.3296051025390625,81.71446228027344,0.213653564453125,7.68536376953125,2.9691696166992188,0.47112274169921875,0.2492218017578125,1.2961273193359375,0.340545654296875,0.238983154296875,21.36090850830078,27.595733642578125,0.28194427490234375,35.88964080810547,0.29637908935546875,0.2391357421875,60.38457107543945,72.35106658935547,0.22894287109375,0,232185.32299804688,236240.16009521484,0,34088599552,2147483648,8166686720,0
200,1787751261182,3500,3500,3500,3500,3500,3500,3500,3500,3500,3500,3500,3500,3500,3500,3500,3500,3500,3500,3500,3500,44.71563720703125,2.8196868896484375,85.59413146972656,0.2028961181640625,0.9692001342773438,0.2802886962890625,0.38936614990234375,0.31381988525390625,0.3572845458984375,0.2705535888671875,0.31896209716796875,7.320396423339844,60.195796966552734,0.2841796875,35.00688934326172,2.8819580078125,0.2753448486328125,45.47885513305664,65.15054321289063,2.7707366943359375,0,232198.44256591797,236250.34991455078,0,34088599552,2147483648,8183508992,0
200,1787751261382,3500,3500,3500,3500,3500,3500,3500,3500,3500,3500,3500,3500,3500,3500,3500,3500,3500,3500,3500,3500,46.804691314697266,0.20790863037109375,54.29181671142578,2.7150802612304688,42.188880920410156,0.212249755859375,2.7468414306640625,0.216644287109375,14.39251708984375,0.14644622802734375,0.17725372314453125,74.84596252441406,19.328025817871094,2.8668670654296875,12.045814514160156,0.40583038330078125,2.8236312866210938,17.852096557617188,25.91796112060547,0.22308349609375,0,232210.34173583984,236260.0639038086,0,34088599552,2147483648,8146788352,0
200,1787751261582,3500,3500,3500,3500,3500,3500,3500,3500,3500,3500,3500,3500,3500,3500,3500,3500,3500,3500,3500,3500,15.006370544433594,0.27376556396484375,15.618911743164063,0.224273681640625,15.301254272460938,0.256683349609375,0.20220184326171875,2.7713775634765625,3.2789535522460938,2.7407684326171875,0.16893768310546875,62.368675231933594,0.5561599731445313,0.5384368896484375,0.5052261352539063,0.508270263671875,0.2667694091796875,1.9596328735351563,79.20308685302734,0.16234588623046875,0,232220.50073242188,236268.07275390625,0,34088599552,2147483648,8145104896,0
200,1787751261783,3500,3500,3500,3500,3500,3500,3500,3500,3500,3500,3500,3500,3500,3500,3500,3500,3500,3500,3500,3500,23.238609313964844,1.2828750610351563,60.43048858642578,0.20014190673828125,0.30895233154296875,0.28888702392578125,0.28404998779296875,0.28614044189453125,0.29811859130859375,0.34818267822265625,2.8010330200195313,0.31668853759765625,2.8745574951171875,0.36055755615234375,0.38466644287109375,0.4014892578125,0.30211639404296875,29.2960205078125,17.583335876464844,0.2766571044921875,0,232231.2041015625,236276.60540771484,0,34088599552,2147483648,8145096704,0
200,1787751261983,3500,3500,3500,3500,3500,3500,3500,3500,3500,3500,3500,3500,3500,3500,3500,3500,3500,3500,3500,3500,18.106307983398438,0.9152603149414063,39.60176086425781,0.29613494873046875,0.29248809814453125,0.36808013916015625,0.27396392822265625,0.34516143798828125,0.305267333984375,0.328887939453125,0.2889404296875,2.8749618530273438,8.142356872558594,0.31036376953125,0.36029052734375,0.316253662109375,0.31580352783203125,42.19826126098633,22.39897918701172,0.27745819091796875,0,232240.8321533203,236284.0623779297,0,34088599552,2147483648,8144801792,0
200,1787751262183,3500,3500,3500,3500,3500,3500,3500,3500,3500,3500,3500,3500,3500,3500,3500,3500,3500,3500,3500,3500,25.369346618652344,3.1856307983398438,24.027748107910156,0.24594879150390625,0.33234405517578125,2.7908172607421875,0.281951904296875,0.26831817626953125,0.2537384033203125,0.27690887451171875,0.30806732177734375,0.33179473876953125,5.256385803222656,0.2795562744140625,2.8600311279296875,2.8428497314453125,0.6432571411132813,32.7020263671875,46.79793930053711,2.7088699340820313,0,232250.28454589844,236291.34771728516,0,34088599552,2147483648,8144826368,0
200,1787751262383,3500,3500,3500,3500,3500,3500,3500,3500,3500,3500,3500,3500,3500,3500,3500,3500,3500,3500,3500,3500,24.304412841796875,0.44184112548828125,59.41548156738281,2.7410354614257813,2.7834548950195313,0.27202606201171875,2.8160934448242188,0.28255462646484375,0.31858062744140625,0.2515106201171875,0.26239013671875,0.2848968505859375,1.8255615234375,2.81085205078125,0.2972259521484375,0.3208770751953125,3.3640823364257813,36.27267074584961,42.34101486206055,0.219024658203125,0,232261.8507080078,236300.7501220703,0,34088599552,2147483648,8146120704,0
200,1787751262584,3500,3500,3500,3500,3500,3500,3500,3500,3500,3500,3500,3500,3500,3500,3500,3500,3500,3500,3500,3500,25.453392028808594,0.5410614013671875,36.67430877685547,0.21396636962890625,0.3093719482421875,0.3356781005859375,0.35005950927734375,2.8050918579101563,2.886566162109375,2.9860610961914063,0.45259857177734375,0.39827728271484375,0.33597564697265625,0.31980133056640625,0.30707550048828125,0.33113861083984375,0.33652496337890625,36.652992248535156,36.65943145751953,0.25086212158203125,0,232271.62329101563,236308.35705566406,0,34088599552,2147483648,8145162240,0
200,1787751262784,3500,3500,3500,3500,3500,3500,3500,3500,3500,3500,3500,3500,3500,3500,3500,3500,3500,3500,3500,3500,22.170814514160156,0.48038482666015625,55.43995666503906,0.19902801513671875,0.33011627197265625,0.33325958251953125,0.22900390625,0.188385009765625,0.24578857421875,0.25897216796875,2.7430191040039063,0.2828521728515625,11.883842468261719,0.2739105224609375,5.552284240722656,0.25247955322265625,0.26581573486328125,44.13346481323242,50.87321853637695,0.20722198486328125,0,232281.6298828125,236316.16845703125,0,34088599552,2147483648,8146968576,0
200,1787751262984,3500,3500,3500,3500,3500,3500,3500,3500,3500,3500,3500,3500,3500,3500,3500,3500,3500,3500,3500,3500,0.638519287109375,0.7045745849609375,42.32505798339844,0.1877593994140625,0.3114166259765625,0.316009521484375,0.30731964111328125,0.26490020751953125,0.27674102783203125,0.35498046875,0.25415802001953125,3.0217361450195313,0.3143157958984375,0.303924560546875,0.30442047119140625,0.31011962890625,0.32695770263671875,42.18291091918945,50.889434814453125,0.2101898193359375,0,232291.9140625,236324.28729248047,0,34088599552,2147483648,8147787776,0
200,1787751263184,3500,3500,3500,3500,3500,3500,3500,3500,3500,3500,3500,3500,3500,3500,3500,3500,3500,3500,3500,3500,9.910545349121094,3.12652587890625,48.2581901550293,0.13732147216796875,0.30091094970703125,2.75445556640625,0.204833984375,0.2209625244140625,0.24193572998046875,0.263214111328125,0.23125457763671875,0.2278594970703125,0.27344512939453125,0.25107574462890625,2.7673873901367188,2.7857666015625,0.15350341796875,73.5790023803711,36.29328918457031,2.6899871826171875,0,232304.56121826172,236334.76538085938,0,34088599552,2147483648,8148209664,0
200,1787751263385,3500,3500,3500,3500,3500,3500,3500,3500,3500,3500,3500,3500,3500,3500,3500,3500,3500,3500,3500,3500,40.909034729003906,0.9142074584960938,36.70231628417969,2.8258743286132813,2.8076095581054688,0.32183837890625,2.79443359375,0.37090301513671875,0.31620025634765625,0.37718963623046875,0.2634429931640625,0.29927825927734375,0.8839111328125,2.8651580810546875,0.4637908935546875,0.34380340576171875,2.8346633911132813,37.60324478149414,35.336341857910156,0.2623443603515625,0,232314.73553466797,236342.7631225586,0,34088599552,2147483648,8148566016,0
200,1787751263585,3500,3500,3500,3500,3500,3500,3500,3500,3500,3500,3500,3500,3500,3500,3500,3500,3500,3500,3500,3500,19.979095458984375,0.7367019653320313,25.601417541503906,0.25858306884765625,0.28090667724609375,0.26438140869140625,0.3148193359375,2.8219223022460938,2.7818222045898438,2.8504409790039063,0.30548095703125,2.6087799072265625,0.4189910888671875,0.3195648193359375,0.31067657470703125,0.3056793212890625,0.3296966552734375,32.508087158203125,57.18907165527344,0.1801300048828125,0,232325.0294189453,236350.90014648438,0,34088599552,2147483648,8147824640,0
199,1787751263785,3500,3500,3500,3500,3500,3500,3500,3500,3500,3500,3500,3500,3500,3500,3500,3500,3500,3500,3500,3500,30.2340087890625,0.689788818359375,58.13066101074219,0.19948577880859375,0.27098846435546875,0.1612396240234375,0.26969146728515625,0.26450347900390625,0.254913330078125,0.2695465087890625,2.8299102783203125,0.27848052978515625,2.8499374389648438,0.25750732421875,0.28562164306640625,0.27079010009765625,0.30684661865234375,34.534332275390625,20.925254821777344,0.17821502685546875,0,232334.0493774414,236357.73992919922,0,34088599552,2147483648,8147914752,0
200,1787751263985,3500,3500,3500,3500,3500,3500,3500,3500,3500,3500,3500,3500,3500,3500,3500,3500,3500,3500,3500,3500,14.620758056640625,0.7199020385742188,43.49049758911133,0.17688751220703125,0.457244873046875,0.25516510009765625,0.2694549560546875,0.3133392333984375,0.26190948486328125,0.29364776611328125,0.29125213623046875,3.079833984375,8.978202819824219,0.3780670166015625,0.30689239501953125,0.28400421142578125,0.29854583740234375,29.987503051757813,36.80485153198242,0.20672607421875,0,232343.57525634766,236365.11962890625,0,34088599552,2147483648,8149848064,0
200,1787751264185,3500,3500,3500,3500,3500,3500,3500,3500,3500,3500,3500,3500,3500,3500,3500,3500,3500,3500,3500,3500,9.769515991210938,3.4603271484375,35.1185302734375,0.2674407958984375,0.27223968505859375,2.8684921264648438,0.3379364013671875,0.3066558837890625,0.36446380615234375,0.29721832275390625,0.2840728759765625,0.30875396728515625,0.5120468139648438,0.3133544921875,2.856353759765625,2.825225830078125,0.2297210693359375,24.666702270507813,46.88777160644531,2.7260055541992188,0,232353.59448242188,236373.00231933594,0,34088599552,2147483648,8131612672,0
200,1787751264386,3500,3500,3500,3500,3500,3500,3500,3500,3500,3500,3500,3500,3500,3500,3500,3500,3500,3500,3500,3500,11.214935302734375,1.3194961547851563,30.398712158203125,2.776641845703125,2.8560867309570313,0.29100799560546875,2.8321990966796875,0.27480316162109375,0.2920074462890625,0.25754547119140625,0.2979888916015625,0.31475067138671875,0.3599853515625,2.81768798828125,0.3226776123046875,0.3148956298828125,2.7716522216796875,36.92047882080078,35.62492370605469,0.21520233154296875,0,232363.41912841797,236380.68518066406,0,34088599552,2147483648,8131596288,0
200,1787751264586,3500,3500,3500,3500,3500,3500,3500,3500,3500,3500,3500,3500,3500,3500,3500,3500,3500,3500,3500,3500,13.328369140625,1.3319244384765625,48.246585845947266,0.269073486328125,0.32065582275390625,0.220184326171875,0.326202392578125,0.2081451416015625,2.80633544921875,2.791900634765625,0.23406219482421875,0.282958984375,0.32559967041015625,0.30417633056640625,0.28325653076171875,0.302978515625,0.32025909423828125,10.205917358398438,33.021575927734375,0.2110443115234375,0,232371.82391357422,236386.96978759766,0,34088599552,2147483648,8130953216,0
200,1787751264787,3500,3500,3500,3500,3500,3500,3500,3500,3500,3500,3500,3500,3500,3500,3500,3500,3500,3500,3500,3500,8.624404907226563,1.2946548461914063,32.36286926269531,0.24362945556640625,0.358856201171875,0.47737884521484375,0.47568511962890625,2.923370361328125,0.37886810302734375,0.35002899169921875,2.8485183715820313,0.35686492919921875,2.93365478515625,0.4001312255859375,0.307708740234375,0.31658935546875,0.389251708984375,27.704978942871094,35.86328125,0.2352447509765625,0,232380.2364501953,236393.24993896484,0,34088599552,2147483648,8130711552,0
200,1787751264987,3500,3500,3500,3500,3500,3500,3500,3500,3500,3500,3500,3500,3500,3500,3500,3500,3500,3500,3500,3500,8.542205810546875,1.01104736328125,56.77605056762695,0.21346282958984375,2.1427078247070313,0.4098358154296875,0.336334228515625,0.43181610107421875,0.27057647705078125,0.22949981689453125,0.25273895263671875,2.7541122436523438,0.42132568359375,0.374603271484375,0.34497833251953125,0.29116058349609375,0.203369140625,24.0748291015625,17.68372344970703,0.1929779052734375,0,232389.294921875,236400.16967773438,0,34088599552,2147483648,8131043328,0
200,1787751265187,3500,3500,3500,3500,3500,3500,3500,3500,3500,3500,3500,3500,3500,3500,3500,3500,3500,3500,3500,3500,0.6932525634765625,1.3548355102539063,69.458984375,0.154296875,0.2384796142578125,2.777740478515625,0.30022430419921875,0.2721405029296875,0.32276153564453125,0.333282470703125,0.29673004150390625,0.42041015625,0.3899383544921875,0.38056182861328125,2.8772811889648438,2.875335693359375,0.2507476806640625,3.5411605834960938,32.617820739746094,2.7607803344726563,0,232397.8438720703,236406.5880126953,0,34088599552,2147483648,8131170304,0
200,1787751265388,3500,3500,3500,3500,3500,3500,3500,3500,3500,3500,3500,3500,3500,3500,3500,3500,3500,3500,3500,3500,26.81220245361328,3.4925003051757813,41.05006408691406,0.2704925537109375,2.8448410034179688,0.303955078125,2.9448318481445313,0.31772613525390625,0.45790863037109375,0.43426513671875,0.44918060302734375,0.5255813598632813,11.934013366699219,2.8575057983398438,0.44115447998046875,0.44210052490234375,2.8123245239257813,26.956375122070313,7.7840728759765625,0.2814178466796875,0,232407.7225341797,236414.46063232422,0,34088599552,2147483648,8131170304,0
200,1787751265588,3500,3500,3500,3500,3500,3500,3500,3500,3500,3500,3500,3500,3500,3500,3500,3500,3500,3500,3500,3500,6.348320007324219,1.3609085083007813,43.045780181884766,2.6825332641601563,0.31256103515625,0.16513824462890625,0.208770751953125,0.140228271484375,0.3429107666015625,2.8822174072265625,0.30811309814453125,0.37386322021484375,3.1817474365234375,0.19449615478515625,0.34300994873046875,0.320892333984375,0.16329193115234375,25.502212524414063,46.28059768676758,0.16419219970703125,0,232416.44622802734,236421.17407226563,0,34088599552,2147483648,8131375104,0
200,1787751265789,3500,3500,3500,3500,3500,3500,3500,3500,3500,3500,3500,3500,3500,3500,3500,3500,3500,3500,3500,3500,16.261322021484375,1.6994171142578125,29.525146484375,0.32051849365234375,0.4267730712890625,0.3072509765625,0.3422698974609375,2.8215103149414063,2.9010772705078125,0.32855224609375,2.90386962890625,0.36406707763671875,2.9780044555664063,0.36870574951171875,0.45735931396484375,0.4571533203125,0.27701568603515625,28.66266632080078,29.201385498046875,0.24768829345703125,0,232424.79412841797,236427.39434814453,0,34088599552,2147483648,8131375104,0
200,1787751265989,3500,3500,3500,3500,3500,3500,3500,3500,3500,3500,3500,3500,3500,3500,3500,3500,3500,3500,3500,3500,12.905807495117188,1.3404769897460938,47.88035583496094,0.1995086669921875,0.2724761962890625,0.268035888671875,0.23157501220703125,0.29392242431640625,0.2674407958984375,0.26538848876953125,0.323394775390625,2.8424530029296875,0.27831268310546875,0.32105255126953125,0.398162841796875,0.39771270751953125,0.21077728271484375,14.651580810546875,29.832748413085938,0.2403564453125,0,232434.6724243164,236434.88775634766,0,34088599552,2147483648,8131371008,0
200,1787751266189,3500,3500,3500,3500,3500,3500,3500,3500,3500,3500,3500,3500,3500,3500,3500,3500,3500,3500,3500,3500,10.763969421386719,1.6335525512695313,36.99612045288086,0.2009124755859375,0.21654510498046875,2.835968017578125,0.16889190673828125,0.29901885986328125,0.281280517578125,0.28263092041015625,0.2425689697265625,0.2443695068359375,0.4734039306640625,0.25910186767578125,2.8180389404296875,2.7854156494140625,0.2472686767578125,26.260520935058594,31.8082275390625,2.7235260009765625,0,232443.7137451172,236441.80096435547,0,34088599552,2147483648,8131485696,0
200,1787751266389,3500,3500,3500,3500,3500,3500,3500,3500,3500,3500,3500,3500,3500,3500,3500,3500,3500,3500,3500,3500,15.913841247558594,3.4728469848632813,61.23046112060547,0.157012939453125,0.172637939453125,0.3047332763671875,2.7740936279296875,0.22063446044921875,0.371002197265625,0.27996063232421875,0.40186309814453125,0.4277801513671875,0.26912689208984375,2.7743453979492188,0.25014495849609375,0.265777587890625,0.24365234375,15.212440490722656,24.02283477783203,0.1610565185546875,0,232453.2042236328,236449.15661621094,0,34088599552,2147483648,8131883008,0
200,1787751266590,3500,3500,3500,3500,3500,3500,3500,3500,3500,3500,3500,3500,3500,3500,3500,3500,3500,3500,3500,3500,8.488082885742188,1.2038040161132813,72.764892578125,2.708648681640625,2.8126754760742188,0.300537109375,0.256317138671875,0.27960205078125,0.46987152099609375,2.9109573364257813,0.451934814453125,0.4688720703125,0.2959442138671875,0.28789520263671875,0.25786590576171875,0.3054351806640625,2.7244338989257813,9.764236450195313,13.387191772460938,0.2165985107421875,0,232461.4580078125,236455.2943725586,0,34088599552,2147483648,8131883008,0
199,1787751266790,3500,3500,3500,3500,3500,3500,3500,3500,3500,3500,3500,3500,3500,3500,3500,3500,3500,3500,3500,3500,6.317359924316406,1.4566268920898438,62.546302795410156,0.2417144775390625,0.3350677490234375,0.337860107421875,0.29761505126953125,2.905670166015625,2.8294677734375,0.39012908935546875,2.87335205078125,0.29871368408203125,2.9053726196289063,0.33267974853515625,0.367034912109375,0.3642425537109375,0.28031158447265625,9.743362426757813,25.327194213867188,0.2783203125,0,232471.0023803711,236462.71368408203,0,34088599552,2147483648,8131883008,0
200,1787751266990,3500,3500,3500,3500,3500,3500,3500,3500,3500,3500,3500,3500,3500,3500,3500,3500,3500,3500,3500,3500,5.054435729980469,1.382415771484375,63.10889434814453,0.165191650390625,0.6130828857421875,0.26790618896484375,0.22182464599609375,0.232421875,0.2544097900390625,0.25791168212890625,0.2632598876953125,2.7516403198242188,0.29864501953125,0.26645660400390625,0.2656097412109375,0.28759765625,0.222320556640625,5.714851379394531,30.837371826171875,0.15709686279296875,0,232480.23626708984,236469.822265625,0,34088599552,2147483648,8131883008,0
200,1787751267191,3500,3500,3500,3500,3500,3500,3500,3500,3500,3500,3500,3500,3500,3500,3500,3500,3500,3500,3500,3500,5.992866516113281,1.1205062866210938,29.46893310546875,0.21490478515625,0.20806884765625,2.7368087768554688,0.23445892333984375,0.24188995361328125,0.2093658447265625,0.21160888671875,0.28343963623046875,0.2825469970703125,0.24692535400390625,0.25116729736328125,2.8205642700195313,2.8244094848632813,0.1559906005859375,12.629890441894531,68.2812271118164,2.6708602905273438,0,232489.60998535156,236477.0499267578,0,34088599552,2147483648,8132669440,0
200,1787751267391,3500,3500,3500,3500,3500,3500,3500,3500,3500,3500,3500,3500,3500,3500,3500,3500,3500,3500,3500,3500,10.94744873046875,4.0916595458984375,54.966304779052734,0.28531646728515625,0.35654449462890625,0.32147979736328125,2.861083984375,0.31903076171875,0.367828369140625,0.31018829345703125,0.2946014404296875,0.34305572509765625,8.1435546875,2.8951034545898438,0.34685516357421875,0.33650970458984375,0.2902069091796875,12.016677856445313,27.60308074951172,0.29465484619140625,0,232499.57543945313,236484.88403320313,0,34088599552,2147483648,8132669440,0
199,1787751267591,3500,3500,3500,3500,3500,3500,3500,3500,3500,3500,3500,3500,3500,3500,3500,3500,3500,3500,3500,3500,8.154304504394531,0.9413299560546875,14.962409973144531,2.7703323364257813,2.8084564208984375,0.22147369384765625,0.240936279296875,0.17401123046875,0.27835845947265625,2.8431396484375,0.3282623291015625,0.9320907592773438,0.289642333984375,0.26618194580078125,0.27626800537109375,0.24846649169921875,2.7811126708984375,18.884414672851563,70.7310562133789,0.0948638916015625,0,232507.91375732422,236491.0909423828,0,34088599552,2147483648,8132874240,0
200,1787751267791,3500,3500,3500,3500,3500,3500,3500,3500,3500,3500,3500,3500,3500,3500,3500,3500,3500,3500,3500,3500,13.301322937011719,1.2722854614257813,54.65525817871094,0.19188690185546875,0.3455352783203125,0.2332763671875,0.27455902099609375,2.816436767578125,2.7616500854492188,0.21437835693359375,2.8267822265625,0.25821685791015625,2.8442230224609375,0.28395843505859375,0.3052978515625,0.2844085693359375,0.22122955322265625,11.210098266601563,29.078887939453125,0.19098663330078125,0,232516.36767578125,236497.40576171875,0,34088599552,2147483648,8133070848,0
200,1787751267992,3500,3500,3500,3500,3500,3500,3500,3500,3500,3500,3500,3500,3500,3500,3500,3500,3500,3500,3500,3500,21.89037322998047,1.045074462890625,48.933658599853516,0.22039794921875,2.1864089965820313,0.25055694580078125,0.27422332763671875,0.262542724609375,0.6346359252929688,0.2942962646484375,0.33014678955078125,6.983551025390625,11.70465087890625,0.28656005859375,2.3642654418945313,0.3113250732421875,0.21575164794921875,41.75332260131836,45.58678436279297,0.21166229248046875,0,232527.47143554688,236506.31201171875,0,34088599552,2147483648,8170459136,0
200,1787751268192,3500,3500,3500,3500,3500,3500,3500,3500,3500,3500,3500,3500,3500,3500,3500,3500,3500,3500,3500,3500,16.6021728515625,0.3022613525390625,92.13594055175781,0.17174530029296875,0.24144744873046875,2.8355178833007813,0.3166046142578125,0.29161834716796875,0.37216949462890625,0.41278839111328125,0.38401031494140625,0.43787384033203125,2.1432571411132813,0.31984710693359375,2.8402175903320313,2.8232803344726563,0.22845458984375,25.64539337158203,32.11913299560547,2.8262786865234375,0,232537.19262695313,236513.89349365234,0,34088599552,2147483648,8180006912,0
200,1787751268392,3500,3500,3500,3500,3500,3500,3500,3500,3500,3500,3500,3500,3500,3500,3500,3500,3500,3500,3500,3500,6.1341400146484375,3.6901626586914063,36.39356231689453,0.23114013671875,0.2401275634765625,0.28757476806640625,2.793182373046875,0.27683258056640625,0.2736358642578125,0.28083038330078125,0.29461669921875,0.26474761962890625,0.34940338134765625,0.33282470703125,0.2741851806640625,0.27968597412109375,0.23583221435546875,15.589065551757813,81.18559265136719,0.13454437255859375,0,232547.4891357422,236522.02264404297,0,34088599552,2147483648,8188506112,0
200,1787751268592,3500,3500,3500,3500,3500,3500,3500,3500,3500,3500,3500,3500,3500,3500,3500,3500,3500,3500,3500,3500,1.5106658935546875,1.0750579833984375,50.99647903442383,2.723876953125,2.7632293701171875,0.2079315185546875,0.34014892578125,0.33002471923828125,0.272369384765625,2.1599884033203125,0.273468017578125,0.2896270751953125,0.5176544189453125,2.8186416625976563,0.28957366943359375,0.323486328125,2.7418289184570313,17.88758087158203,44.12873458862305,0.21002197265625,0,232556.70733642578,236529.1049194336,0,34088599552,2147483648,8193908736,0
200,1787751268793,3500,3500,3500,3500,3500,3500,3500,3500,3500,3500,3500,3500,3500,3500,3500,3500,3500,3500,3500,3500,0.8368911743164063,1.0554656982421875,66.02996826171875,0.18851470947265625,0.29296112060546875,0.27478790283203125,0.2624053955078125,2.7600021362304688,2.8375320434570313,0.8846664428710938,2.8174667358398438,0.26450347900390625,2.8115692138671875,0.2833709716796875,0.30513763427734375,0.27298736572265625,0.20095062255859375,24.4649658203125,18.66149139404297,0.2256622314453125,0,232566.31860351563,236536.5772705078,0,34088599552,2147483648,8194949120,0
199,1787751268993,3500,3500,3500,3500,3500,3500,3500,3500,3500,3500,3500,3500,3500,3500,3500,3500,3500,3500,3500,3500,0.8885879516601563,1.6318206787109375,44.27813720703125,0.2750701904296875,0.37162017822265625,0.3412017822265625,0.28470611572265625,0.30239105224609375,0.27056884765625,0.28350830078125,0.329559326171875,1.203857421875,0.2977447509765625,0.311431884765625,0.3189239501953125,0.303436279296875,0.3797607421875,14.826942443847656,54.0147705078125,0.23120880126953125,0,232576.5372314453,236544.6640625,0,34088599552,2147483648,8194220032,0
200,1787751269193,3500,3500,3500,3500,3500,3500,3500,3500,3500,3500,3500,3500,3500,3500,3500,3500,3500,3500,3500,3500,1.1408920288085938,1.0276641845703125,44.63185119628906,0.24334716796875,0.3045806884765625,2.8506011962890625,0.327728271484375,0.2917327880859375,0.30413055419921875,0.2631378173828125,0.24379730224609375,4.44873046875,0.2797393798828125,0.2947845458984375,2.8068084716796875,2.8022613525390625,0.37056732177734375,16.121414184570313,58.76687240600586,2.724578857421875,0,232585.38842773438,236551.38055419922,0,34088599552,2147483648,8194813952,0
200,1787751269393,3500,3500,3500,3500,3500,3500,3500,3500,3500,3500,3500,3500,3500,3500,3500,3500,3500,3500,3500,3500,25.57672119140625,2.9232635498046875,30.35588836669922,0.265411376953125,0.299591064453125,0.2340850830078125,2.825927734375,0.1783294677734375,0.38867950439453125,0.308685302734375,0.32956695556640625,0.3605499267578125,34.158843994140625,0.2529754638671875,13.770698547363281,0.27361297607421875,0.318878173828125,25.06707763671875,55.946353912353516,0.1920166015625,0,232595.53051757813,236559.32653808594,0,34088599552,2147483648,8199475200,0
200,1787751269593,3500,3500,3500,3500,3500,3500,3500,3500,3500,3500,3500,3500,3500,3500,3500,3500,3500,3500,3500,3500,14.315673828125,0.5532302856445313,66.61058044433594,2.7201461791992188,2.922149658203125,0.33049774169921875,0.27121734619140625,0.2537384033203125,0.5530776977539063,0.5192718505859375,0.5122756958007813,0.7137298583984375,0.45245361328125,2.8448486328125,0.42718505859375,0.41504669189453125,2.8420486450195313,29.150657653808594,16.990875244140625,0.320159912109375,0,232603.4102783203,236565.07055664063,0,34088599552,2147483648,8200130560,0
200,1787751269794,3500,3500,3500,3500,3500,3500,3500,3500,3500,3500,3500,3500,3500,3500,3500,3500,3500,3500,3500,3500,17.4566650390625,0.6875152587890625,27.951675415039063,0.24329376220703125,0.32757568359375,0.29290008544921875,0.39476776123046875,2.8371505737304688,2.8339996337890625,2.8699722290039063,2.841094970703125,1.735382080078125,2.9025421142578125,0.29964447021484375,0.36833953857421875,0.36399078369140625,0.2052764892578125,51.24974060058594,35.18524932861328,0.1879425048828125,0,232610.8480834961,236570.36547851563,0,34088599552,2147483648,8202235904,0
200,1787751269994,3500,3500,3500,3500,3500,3500,3500,3500,3500,3500,3500,3500,3500,3500,3500,3500,3500,3500,3500,3500,1.3577041625976563,1.1280746459960938,47.88782501220703,0.2135009765625,0.49750518798828125,0.367340087890625,0.4986572265625,0.39599609375,0.21929168701171875,0.2824554443359375,0.2910919189453125,0.36858367919921875,0.42855072021484375,0.359344482421875,0.39824676513671875,0.3937530517578125,0.22003936767578125,19.50336456298828,45.29254913330078,0.16017913818359375,0,232621.95349121094,236579.3189086914,0,34088599552,2147483648,8202772480,0
200,1787751270194,3500,3500,3500,3500,3500,3500,3500,3500,3500,3500,3500,3500,3500,3500,3500,3500,3500,3500,3500,3500,13.213859558105469,1.4975128173828125,33.54267883300781,0.26303863525390625,0.45627593994140625,2.9406967163085938,0.4495849609375,0.44289398193359375,0.29744720458984375,0.25405120849609375,0.25914764404296875,3.1717300415039063,0.9969406127929688,0.3748931884765625,2.9087905883789063,0.386322021484375,0.2612457275390625,11.607048034667969,48.29429626464844,2.7415695190429688,0,232631.26928710938,236586.509765625,0,34088599552,2147483648,8202903552,0
200,1787751270394,3500,3500,3500,3500,3500,3500,3500,3500,3500,3500,3500,3500,3500,3500,3500,3500,3500,3500,3500,3500,8.890617370605469,3.5423126220703125,41.46494674682617,0.25951385498046875,15.57708740234375,0.25193023681640625,2.8225479125976563,0.24234771728515625,0.4313507080078125,0.28162384033203125,0.26630401611328125,10.763832092285156,0.6163558959960938,0.288360595703125,0.28841400146484375,2.8203582763671875,0.21909332275390625,32.479103088378906,26.662071228027344,0.18779754638671875,0,232640.3037109375,236593.42401123047,0,34088599552,2147483648,8202948608,0
200,1787751270595,3500,3500,3500,3500,3500,3500,3500,3500,3500,3500,3500,3500,3500,3500,3500,3500,3500,3500,3500,3500,16.32202911376953,1.3513565063476563,61.204952239990234,2.6996612548828125,2.84906005859375,0.29878997802734375,0.2977447509765625,0.2207489013671875,0.35118865966796875,0.27249908447265625,0.3204498291015625,0.4279327392578125,0.30872344970703125,2.7992095947265625,0.29839324951171875,0.32159423828125,2.7751083374023438,22.409255981445313,8.893325805664063,0.29769134521484375,0,232649.33203125,236600.31689453125,0,34088599552,2147483648,8202924032,0
200,1787751270795,3500,3500,3500,3500,3500,3500,3500,3500,3500,3500,3500,3500,3500,3500,3500,3500,3500,3500,3500,3500,19.191505432128906,1.23736572265625,27.77423095703125,0.240570068359375,0.28725433349609375,0.20320892333984375,0.231842041015625,2.7512741088867188,2.8311309814453125,2.774810791015625,2.78125,0.26351165771484375,3.0155868530273438,0.31952667236328125,0.29224395751953125,0.26665496826171875,0.214630126953125,20.010284423828125,41.82666778564453,0.2237091064453125,0,232659.48974609375,236608.33520507813,0,34088599552,2147483648,8203485184,0
200,1787751270996,3500,3500,3500,3500,3500,3500,3500,3500,3500,3500,3500,3500,3500,3500,3500,3500,3500,3500,3500,3500,16.615341186523438,1.6523590087890625,39.11021041870117,0.17559814453125,0.28464508056640625,0.22612762451171875,0.17580413818359375,0.22588348388671875,0.26642608642578125,0.25693511962890625,0.2740631103515625,0.30042266845703125,0.267120361328125,0.24150848388671875,0.26612091064453125,0.222686767578125,0.24625396728515625,9.047401428222656,39.80862045288086,0.1750030517578125,0,232668.03106689453,236614.85192871094,0,34088599552,2147483648,8203902976,0
200,1787751271196,3500,3500,3500,3500,3500,3500,3500,3500,3500,3500,3500,3500,3500,3500,3500,3500,3500,3500,3500,3500,17.135536193847656,1.1291046142578125,17.89313507080078,0.31501007080078125,0.41670989990234375,2.8705368041992188,0.34073638916015625,0.33713531494140625,0.41706085205078125,0.41251373291015625,0.35282135009765625,3.5916671752929688,0.3697052001953125,0.36121368408203125,2.8882217407226563,0.35272216796875,0.32415008544921875,18.01921844482422,57.084495544433594,2.7500457763671875,0,232677.75622558594,236622.4276123047,0,34088599552,2147483648,8204169216,0
200,1787751271396,3500,3500,3500,3500,3500,3500,3500,3500,3500,3500,3500,3500,3500,3500,3500,3500,3500,3500,3500,3500,21.1497802734375,4.075492858886719,80.27374267578125,0.12491607666015625,0.35289764404296875,0.31107330322265625,2.8203048706054688,0.2248382568359375,0.2624664306640625,0.316070556640625,0.26276397705078125,0.25737762451171875,0.253631591796875,0.29261016845703125,0.2550811767578125,2.8123703002929688,0.238311767578125,3.7568283081054688,1.96258544921875,0.23935699462890625,0,232687.21130371094,236629.96435546875,0,34088599552,2147483648,8204304384,0
200,1787751271596,3500,3500,3500,3500,3500,3500,3500,3500,3500,3500,3500,3500,3500,3500,3500,3500,3500,3500,3500,3500,26.95801544189453,0.9194183349609375,24.699935913085938,2.755615234375,2.9419708251953125,0.27939605712890625,0.28618621826171875,0.33750152587890625,0.3119659423828125,0.31127166748046875,0.28704071044921875,0.3793182373046875,8.143630981445313,2.8282089233398438,0.31511688232421875,0.34389495849609375,2.8430938720703125,22.769065856933594,30.397872924804688,0.2376251220703125,0,232695.54077148438,236636.39434814453,0,34088599552,2147483648,8204423168,0
200,1787751271797,3500,3500,3500,3500,3500,3500,3500,3500,3500,3500,3500,3500,3500,3500,3500,3500,3500,3500,3500,3500,8.413871765136719,1.3022994995117188,41.251399993896484,0.20766448974609375,0.2553253173828125,0.26910400390625,0.2971038818359375,2.8178482055664063,2.7015609741210938,2.769683837890625,2.8149566650390625,0.7796096801757813,2.7870025634765625,0.2556304931640625,0.25518035888671875,0.26586151123046875,0.22443389892578125,1.8906097412109375,51.916812896728516,0.173431396484375,0,232705.61688232422,236643.81219482422,0,34088599552,2147483648,8204558336,0
200,1787751271997,3500,3500,3500,3500,3500,3500,3500,3500,3500,3500,3500,3500,3500,3500,3500,3500,3500,3500,3500,3500,16.416763305664063,1.652618408203125,54.02259826660156,0.25762176513671875,0.323974609375,0.26256561279296875,0.27309417724609375,0.347137451171875,0.34339141845703125,0.35213470458984375,0.31673431396484375,0.256622314453125,0.31658172607421875,0.3429412841796875,0.31523895263671875,0.322174072265625,0.31618499755859375,16.91053009033203,16.6414794921875,0.29596710205078125,0,232713.41455078125,236649.49591064453,0,34088599552,2147483648,8204546048,0
200,1787751272197,3500,3500,3500,3500,3500,3500,3500,3500,3500,3500,3500,3500,3500,3500,3500,3500,3500,3500,3500,3500,0.7139663696289063,1.4326248168945313,52.829811096191406,0.18909454345703125,0.26296234130859375,2.8129806518554688,0.29393768310546875,0.21288299560546875,0.20690155029296875,0.18300628662109375,0.29538726806640625,2.9768829345703125,23.688491821289063,0.2144775390625,2.7683868408203125,0.24051666259765625,0.252288818359375,13.086158752441406,19.352806091308594,2.7274322509765625,0,232720.4849243164,236654.4267578125,0,34088599552,2147483648,8205131776,0
200,1787751272398,3500,3500,3500,3500,3500,3500,3500,3500,3500,3500,3500,3500,3500,3500,3500,3500,3500,3500,3500,3500,1.3098678588867188,4.0945892333984375,58.724082946777344,0.20612335205078125,0.292266845703125,0.261871337890625,2.8456192016601563,0.27465057373046875,0.35315704345703125,0.30190277099609375,0.2701568603515625,0.194000244140625,0.29436492919921875,0.302947998046875,0.31103515625,2.8077850341796875,0.27080535888671875,16.8145751953125,29.643653869628906,0.23447418212890625,0,232730.50231933594,236662.32360839844,0,34088599552,2147483648,8205119488,0
200,1787751272598,3500,3500,3500,3500,3500,3500,3500,3500,3500,3500,3500,3500,3500,3500,3500,3500,3500,3500,3500,3500,3.1227340698242188,1.3321609497070313,61.49763488769531,2.71209716796875,2.8038482666015625,0.26172637939453125,0.31634521484375,0.30426025390625,0.34035491943359375,0.34439849853515625,0.31389617919921875,0.20212554931640625,0.345794677734375,2.8350982666015625,0.30975341796875,0.32088470458984375,2.8043975830078125,21.621726989746094,24.97344207763672,0.27570343017578125,0,232738.6792602539,236668.37475585938,0,34088599552,2147483648,8203038720,0
200,1787751272798,3500,3500,3500,3500,3500,3500,3500,3500,3500,3500,3500,3500,3500,3500,3500,3500,3500,3500,3500,3500,3.7302093505859375,1.3315887451171875,31.651397705078125,0.195587158203125,0.2740936279296875,0.26709747314453125,0.24745941162109375,2.7436294555664063,2.7504196166992188,2.7787551879882813,2.764312744140625,2.9361190795898438,2.82012939453125,0.2715911865234375,0.26944732666015625,0.278289794921875,0.15496063232421875,39.045955657958984,29.774673461914063,0.141571044921875,0,232748.58807373047,236676.15155029297,0,34088599552,2147483648,8202924032,0
200,1787751272999,3500,3500,3500,3500,3500,3500,3500,3500,3500,3500,3500,3500,3500,3500,3500,3500,3500,3500,3500,3500,8.113815307617188,1.2982025146484375,64.87210083007813,0.1994171142578125,0.24272918701171875,0.25115966796875,0.26702117919921875,0.21318817138671875,0.25923919677734375,0.23978424072265625,0.3009033203125,0.29486083984375,0.26497650146484375,0.28697967529296875,0.29032135009765625,0.2670745849609375,0.202117919921875,8.486160278320313,24.396827697753906,0.2080535888671875,0,232758.24780273438,236683.68487548828,0,34088599552,2147483648,8202911744,0
200,1787751273199,3500,3500,3500,3500,3500,3500,3500,3500,3500,3500,3500,3500,3500,3500,3500,3500,3500,3500,3500,3500,1.8033676147460938,1.80487060546875,81.43592071533203,0.17301177978515625,0.5020599365234375,2.8090896606445313,0.2469329833984375,0.34552764892578125,0.31191253662109375,0.2505340576171875,0.2790985107421875,3.1326446533203125,0.31951141357421875,0.2990264892578125,2.18865966796875,0.29962921142578125,0.224761962890625,3.1414337158203125,20.52637481689453,2.7442626953125,0,232766.88165283203,236690.18701171875,0,34088599552,2147483648,8203022336,0
200,1787751273399,3500,3500,3500,3500,3500,3500,3500,3500,3500,3500,3500,3500,3500,3500,3500,3500,3500,3500,3500,3500,8.525161743164063,3.5441665649414063,35.95904541015625,0.22988128662109375,0.36685943603515625,0.30283355712890625,2.7358551025390625,0.284027099609375,0.346343994140625,0.27285003662109375,0.30577850341796875,0.4074249267578125,0.30927276611328125,0.31700897216796875,0.9276199340820313,2.8010711669921875,0.2025909423828125,24.301376342773438,38.08633041381836,0.2415618896484375,0,232776.45013427734,236697.6427001953,0,34088599552,2147483648,8203010048,0
199,1787751273600,3500,3500,3500,3500,3500,3500,3500,3500,3500,3500,3500,3500,3500,3500,3500,3500,3500,3500,3500,3500,3.0187301635742188,0.9215545654296875,63.39952850341797,2.718231201171875,2.8213424682617188,0.30224609375,0.2770538330078125,0.2475738525390625,0.281646728515625,0.28029632568359375,0.31122589111328125,0.27172088623046875,0.3270416259765625,2.7923126220703125,0.39034271240234375,0.36734771728515625,2.749755859375,15.324478149414063,32.3463134765625,0.20986175537109375,0,232784.9771118164,236704.05548095703,0,34088599552,2147483648,8203059200,0
200,1787751273800,3500,3500,3500,3500,3500,3500,3500,3500,3500,3500,3500,3500,3500,3500,3500,3500,3500,3500,3500,3500,21.65961456298828,1.2677459716796875,46.25863265991211,0.23430633544921875,0.31034088134765625,0.25049591064453125,0.22835540771484375,2.8090286254882813,2.8286285400390625,2.8660659790039063,2.74444580078125,1.0853271484375,2.930206298828125,0.4024200439453125,0.4080657958984375,0.40541839599609375,0.2717437744140625,2.0709304809570313,34.04045867919922,0.245697021484375,0,232794.56256103516,236711.51245117188,0,34088599552,2147483648,8203051008,0
200,1787751274000,3500,3500,3500,3500,3500,3500,3500,3500,3500,3500,3500,3500,3500,3500,3500,3500,3500,3500,3500,3500,0.7715301513671875,1.2210922241210938,65.23670959472656,0.18897247314453125,0.2290802001953125,0.19866180419921875,0.30109405517578125,0.2360687255859375,0.280517578125,0.25974273681640625,0.2463531494140625,0.2537994384765625,0.390533447265625,0.364715576171875,0.36077117919921875,0.33844757080078125,0.26103973388671875,10.048851013183594,39.90500259399414,0.16970062255859375,0,232803.97845458984,236718.79217529297,0,34088599552,2147483648,8203051008,0
200,1787751274200,3500,3500,3500,3500,3500,3500,3500,3500,3500,3500,3500,3500,3500,3500,3500,3500,3500,3500,3500,3500,1.7434234619140625,1.8140792846679688,33.21258544921875,0.2657318115234375,0.56396484375,2.8887786865234375,0.27277374267578125,0.29129791259765625,0.47678375244140625,0.2843017578125,0.30902099609375,3.1570587158203125,0.4207611083984375,0.409332275390625,0.3015289306640625,0.33164215087890625,0.27501678466796875,15.679481506347656,55.37289810180664,2.7178192138671875,0,232811.45416259766,236724.13745117188,0,34088599552,2147483648,8203182080,0
200,1787751274401,3500,3500,3500,3500,3500,3500,3500,3500,3500,3500,3500,3500,3500,3500,3500,3500,3500,3500,3500,3500,8.601959228515625,4.0900726318359375,50.01891326904297,0.23394012451171875,0.35839080810546875,0.22475433349609375,2.7899398803710938,0.29711151123046875,0.3160247802734375,0.31732177734375,0.2193145751953125,0.33293914794921875,0.3930206298828125,0.37640380859375,2.78564453125,2.7902374267578125,0.18727874755859375,38.96559143066406,11.244842529296875,0.24376678466796875,0,232821.3074951172,236731.85443115234,0,34088599552,2147483648,8203177984,0
200,1787751274601,3500,3500,3500,3500,3500,3500,3500,3500,3500,3500,3500,3500,3500,3500,3500,3500,3500,3500,3500,3500,20.755958557128906,1.5710067749023438,58.88480758666992,2.7051849365234375,2.8799591064453125,0.4128875732421875,0.3111419677734375,0.3907928466796875,0.3661041259765625,0.26320648193359375,0.31243896484375,0.23876953125,0.39139556884765625,2.9005126953125,0.37194061279296875,0.2864990234375,2.7289276123046875,25.88831329345703,5.305534362792969,0.2232513427734375,0,232830.7943725586,236739.224609375,0,34088599552,2147483648,8203165696,0
200,1787751274802,3500,3500,3500,3500,3500,3500,3500,3500,3500,3500,3500,3500,3500,3500,3500,3500,3500,3500,3500,3500,15.939697265625,1.3302383422851563,30.427215576171875,0.21825408935546875,0.46454620361328125,0.436614990234375,0.4361114501953125,2.9729080200195313,2.9045257568359375,2.8785858154296875,2.87200927734375,0.259307861328125,1.4918899536132813,0.3904266357421875,0.40070343017578125,0.3547210693359375,0.2268829345703125,17.77812957763672,40.496864318847656,0.176361083984375,0,232839.86590576172,236746.17181396484,0,34088599552,2147483648,8203157504,0
200,1787751275002,3500,3500,3500,3500,3500,3500,3500,3500,3500,3500,3500,3500,3500,3500,3500,3500,3500,3500,3500,3500,2.4059219360351563,1.1063079833984375,35.089202880859375,0.041900634765625,0.16277313232421875,0.03845977783203125,0.1278076171875,0.07672119140625,0.2308197021484375,0.289886474609375,0.29242706298828125,0.3271484375,1.58551025390625,0.19061279296875,0.17514801025390625,0.15345001220703125,0.0258941650390625,3.3767471313476563,64.72477722167969,0,0,232847.52734375,236751.7446899414,0,34088599552,2147483648,8203292672,0
200,1787751275203,3500,3500,3500,3500,3500,3500,3500,3500,3500,3500,3500,3500,3500,3500,3500,3500,3500,3500,3500,3500,10.349449157714844,1.5173263549804688,39.30035400390625,0.46581268310546875,0.9201583862304688,3.002777099609375,0.4210662841796875,0.5613021850585938,0.591583251953125,0.4392242431640625,0.5436935424804688,4.916725158691406,0.571380615234375,0.5909881591796875,0.5938339233398438,0.5922317504882813,0.43842315673828125,11.939567565917969,46.50718688964844,0.39048004150390625,0,232855.80682373047,236758.15869140625,0,34088599552,2147483648,8203423744,0
199,1787751275403,3500,3500,3500,3500,3500,3500,3500,3500,3500,3500,3500,3500,3500,3500,3500,3500,3500,3500,3500,3500,14.108139038085938,4.00201416015625,57.690975189208984,0.2036590576171875,0.2275848388671875,0.2684478759765625,2.7360458374023438,0.30007171630859375,0.32654571533203125,0.2903289794921875,0.375946044921875,0.31156158447265625,0.372406005859375,0.377044677734375,2.7878952026367188,2.8292083740234375,0.2176971435546875,2.0977401733398438,32.55522918701172,2.7228622436523438,0,232864.89813232422,236764.92150878906,0,34088599552,2147483648,8203423744,0
200,1787751275603,3500,3500,3500,3500,3500,3500,3500,3500,3500,3500,3500,3500,3500,3500,3500,3500,3500,3500,3500,3500,3.1302108764648438,1.2727813720703125,63.01041030883789,2.7235488891601563,2.817718505859375,0.29230499267578125,0.27240753173828125,0.25426483154296875,0.4069671630859375,0.4166107177734375,0.48229217529296875,0.5655136108398438,0.37552642822265625,2.9187850952148438,0.304046630859375,0.27825927734375,2.7360916137695313,13.836761474609375,32.68186950683594,0.23142242431640625,0,232875.33221435547,236773.51220703125,0,34088599552,2147483648,8203423744,0
200,1787751275803,3500,3500,3500,3500,3500,3500,3500,3500,3500,3500,3500,3500,3500,3500,3500,3500,3500,3500,3500,3500,1.5987396240234375,1.338287353515625,35.81763458251953,0.2666473388671875,0.25850677490234375,0.2879791259765625,0.34152984619140625,2.8853225708007813,2.8753890991210938,2.8277816772460938,2.8807296752929688,0.8397064208984375,0.37255096435546875,0.34442138671875,0.378143310546875,0.369049072265625,0.28757476806640625,4.3841094970703125,66.0912094116211,0.22509002685546875,0,232884.06842041016,236779.8617553711,0,34088599552,2147483648,8203509760,0
199,1787751276003,3500,3500,3500,3500,3500,3500,3500,3500,3500,3500,3500,3500,3500,3500,3500,3500,3500,3500,3500,3500,8.368370056152344,1.60693359375,74.6772232055664,0.21396636962890625,0.4924774169921875,0.37837982177734375,0.49308013916015625,0.42104339599609375,0.3607940673828125,0.49088287353515625,0.4034576416015625,0.41849517822265625,2.8158493041992188,0.31838226318359375,0.4307861328125,0.4129486083984375,0.262725830078125,4.2046661376953125,16.441139221191406,0.2570343017578125,0,232893.587890625,236787.2543334961,0,34088599552,2147483648,8203509760,0
200,1787751276203,3500,3500,3500,3500,3500,3500,3500,3500,3500,3500,3500,3500,3500,3500,3500,3500,3500,3500,3500,3500,7.027351379394531,1.7612838745117188,57.88722610473633,0.17685699462890625,0.45914459228515625,2.848785400390625,0.46028900146484375,0.3661651611328125,0.3877105712890625,0.40195465087890625,0.293182373046875,2.8901214599609375,0.2993316650390625,0.26378631591796875,0.3897552490234375,0.36126708984375,0.2640380859375,16.28662872314453,24.816879272460938,0.2239990234375,0,232903.84637451172,236795.31127929688,0,34088599552,2147483648,8203640832,0
200,1787751276404,3500,3500,3500,3500,3500,3500,3500,3500,3500,3500,3500,3500,3500,3500,3500,3500,3500,3500,3500,3500,0.47203826904296875,4.153068542480469,48.16626739501953,0.238433837890625,0.371551513671875,0.5182876586914063,1.5738677978515625,0.492340087890625,0.245574951171875,0.31632232666015625,0.30898284912109375,0.3195648193359375,0.30614471435546875,0.293121337890625,2.8214340209960938,2.8594970703125,0.22925567626953125,17.350135803222656,39.56995391845703,2.7397079467773438,0,232912.20220947266,236801.5474243164,0,34088599552,2147483648,8203640832,0
200,1787751276604,3500,3500,3500,3500,3500,3500,3500,3500,3500,3500,3500,3500,3500,3500,3500,3500,3500,3500,3500,3500,24.800567626953125,0.9848480224609375,55.25227355957031,2.6924972534179688,2.784210205078125,0.2110595703125,1.66448974609375,0.219390869140625,0.240997314453125,0.2171478271484375,0.20616912841796875,0.23166656494140625,0.18950653076171875,2.7844085693359375,0.2298736572265625,0.2389068603515625,2.7056732177734375,5.9349517822265625,30.063369750976563,0.16550445556640625,0,232920.73614501953,236808.45776367188,0,34088599552,2147483648,8203776000,0
200,1787751276805,3500,3500,3500,3500,3500,3500,3500,3500,3500,3500,3500,3500,3500,3500,3500,3500,3500,3500,3500,3500,1.5057907104492188,1.4354248046875,70.77947235107422,0.24828338623046875,0.34876251220703125,0.3185882568359375,0.31201171875,2.8706588745117188,2.8762435913085938,2.843780517578125,2.8434295654296875,0.363616943359375,0.3667144775390625,0.370452880859375,0.35843658447265625,0.393890380859375,0.30503082275390625,17.276649475097656,14.460090637207031,0.30881500244140625,0,232930.876953125,236815.97009277344,0,34088599552,2147483648,8203771904,0
200,1787751277005,3500,3500,3500,3500,3500,3500,3500,3500,3500,3500,3500,3500,3500,3500,3500,3500,3500,3500,3500,3500,20.227874755859375,1.568206787109375,39.65763473510742,0.26096343994140625,0.33136749267578125,0.2764892578125,0.2642059326171875,0.23000335693359375,0.36283111572265625,0.22255706787109375,0.30445098876953125,0.26999664306640625,2.8198318481445313,0.2850799560546875,0.32781982421875,0.301055908203125,0.265106201171875,17.111976623535156,25.91851806640625,0.23079681396484375,0,232939.7481689453,236822.7227783203,0,34088599552,2147483648,8203771904,0
199,1787751277205,3500,3500,3500,3500,3500,3500,3500,3500,3500,3500,3500,3500,3500,3500,3500,3500,3500,3500,3500,3500,12.975563049316406,1.52630615234375,53.52128219604492,0.20749664306640625,0.20800018310546875,2.8034896850585938,0.24712371826171875,0.24617767333984375,0.22496795654296875,0.2236175537109375,0.290985107421875,2.8736572265625,1.6291046142578125,0.2571563720703125,0.3075103759765625,0.252960205078125,0.1996612548828125,13.065986633300781,28.167098999023438,0.2404327392578125,0,232949.48345947266,236830.32049560547,0,34088599552,2147483648,8204029952,0
199,1787751277405,3500,3500,3500,3500,3500,3500,3500,3500,3500,3500,3500,3500,3500,3500,3500,3500,3500,3500,3500,3500,15.779701232910156,4.0272674560546875,55.881988525390625,0.203643798828125,0.2580108642578125,0.28130340576171875,0.23647308349609375,0.25811004638671875,0.296844482421875,0.249267578125,0.2817535400390625,0.25971221923828125,0.36145782470703125,0.342071533203125,2.8966140747070313,2.8821258544921875,0.201141357421875,2.2675018310546875,32.75987243652344,2.7105178833007813,0,232958.61895751953,236837.3367919922,0,34088599552,2147483648,8204029952,0
199,1787751277605,3500,3500,3500,3500,3500,3500,3500,3500,3500,3500,3500,3500,3500,3500,3500,3500,3500,3500,3500,3500,26.128662109375,1.615631103515625,61.54951095581055,2.734619140625,2.8496551513671875,0.274322509765625,2.8420562744140625,0.21112823486328125,0.4486541748046875,0.32086944580078125,0.44660186767578125,0.38506317138671875,0.34876251220703125,2.8890533447265625,0.40625762939453125,0.3998565673828125,2.7694625854492188,13.484413146972656,10.167755126953125,0.25537109375,0,232967.7603149414,236844.35974121094,0,34088599552,2147483648,8204029952,0
200,1787751277806,3500,3500,3500,3500,3500,3500,3500,3500,3500,3500,3500,3500,3500,3500,3500,3500,3500,3500,3500,3500,4.078422546386719,1.3472824096679688,71.27645111083984,0.20653533935546875,0.26670074462890625,0.3075714111328125,0.32051849365234375,2.8662643432617188,2.873260498046875,2.8811569213867188,2.912139892578125,0.7966461181640625,0.34450531005859375,0.3244171142578125,0.428558349609375,0.4225616455078125,0.28069305419921875,3.8603439331054688,26.239364624023438,0.28293609619140625,0,232976.43481445313,236850.8980102539,0,34088599552,2147483648,8204029952,0
200,1787751278006,3500,3500,3500,3500,3500,3500,3500,3500,3500,3500,3500,3500,3500,3500,3500,3500,3500,3500,3500,3500,28.019485473632813,1.27606201171875,55.24161148071289,0.16799163818359375,0.241546630859375,0.345123291015625,0.26287078857421875,0.29123687744140625,0.3491668701171875,0.301025390625,0.26102447509765625,0.32819366455078125,2.9245147705078125,0.341827392578125,0.38262176513671875,0.3762359619140625,0.230316162109375,13.107612609863281,12.653778076171875,0.24199676513671875,0,232986.01397705078,236858.34838867188,0,34088599552,2147483648,8204226560,0
200,1787751278206,3500,3500,3500,3500,3500,3500,3500,3500,3500,3500,3500,3500,3500,3500,3500,3500,3500,3500,3500,3500,8.431861877441406,1.6681289672851563,0.9886398315429688,0.33608245849609375,0.3029632568359375,0.9126739501953125,0.2590179443359375,0.2803192138671875,0.4519500732421875,0.32281494140625,0.30660247802734375,2.9327392578125,0.4260101318359375,0.410247802734375,0.41663360595703125,0.40576171875,0.23403167724609375,13.928543090820313,84.23478698730469,0.17322540283203125,0,232994.79083251953,236864.9984741211,0,34088599552,2147483648,8204505088,0
200,1787751278407,3500,3500,3500,3500,3500,3500,3500,3500,3500,3500,3500,3500,3500,3500,3500,3500,3500,3500,3500,3500,8.632247924804688,4.10943603515625,41.70439529418945,0.20417022705078125,0.18087005615234375,2.078369140625,0.314788818359375,0.301910400390625,0.27497100830078125,0.2515716552734375,0.3334503173828125,0.296875,0.3118896484375,0.274169921875,2.8500900268554688,2.8173065185546875,0.25041961669921875,22.104278564453125,33.56565856933594,2.721710205078125,0,233002.49853515625,236870.58575439453,0,34088599552,2147483648,8204476416,0
200,1787751278607,3500,3500,3500,3500,3500,3500,3500,3500,3500,3500,3500,3500,3500,3500,3500,3500,3500,3500,3500,3500,3.2340927124023438,1.200958251953125,64.14884948730469,2.739776611328125,2.8276290893554688,0.22806549072265625,2.7989883422851563,0.28778839111328125,0.36109161376953125,0.23261260986328125,0.2271728515625,0.265594482421875,0.33165740966796875,2.7908477783203125,0.39557647705078125,0.3788299560546875,2.7882003784179688,10.478927612304688,39.63787841796875,0.198333740234375,0,233012.99267578125,236878.9512939453,0,34088599552,2147483648,8204738560,0
199,1787751278807,3500,3500,3500,3500,3500,3500,3500,3500,3500,3500,3500,3500,3500,3500,3500,3500,3500,3500,3500,3500,8.326759338378906,1.220733642578125,38.54254913330078,0.2453155517578125,0.2792816162109375,0.29361724853515625,0.3095550537109375,2.8745574951171875,2.825653076171875,2.863616943359375,0.3102569580078125,0.30620574951171875,0.3241424560546875,0.318145751953125,0.39212799072265625,0.38338470458984375,0.306854248046875,5.6826324462890625,51.81005096435547,0.19686126708984375,0,233022.3461303711,236886.18017578125,0,34088599552,2147483648,8204734464,0
200,1787751279007,3500,3500,3500,3500,3500,3500,3500,3500,3500,3500,3500,3500,3500,3500,3500,3500,3500,3500,3500,3500,9.068954467773438,1.3488540649414063,61.34675216674805,0.214263916015625,0.2554931640625,0.2845306396484375,0.24614715576171875,0.19696807861328125,0.27313995361328125,0.31632232666015625,2.7899627685546875,0.27239227294921875,2.7958602905273438,0.2802886962890625,0.404937744140625,0.37490081787109375,0.2046661376953125,14.522483825683594,20.699012756347656,0.19451904296875,0,233031.33685302734,236893.0401611328,0,34088599552,2147483648,8204734464,0
200,1787751279208,3500,3500,3500,3500,3500,3500,3500,3500,3500,3500,3500,3500,3500,3500,3500,3500,3500,3500,3500,3500,11.215576171875,1.6609954833984375,56.66930389404297,0.2207183837890625,0.31134796142578125,0.22914886474609375,0.31279754638671875,0.27922821044921875,0.3071136474609375,0.3175811767578125,0.2667083740234375,2.9868545532226563,0.2869110107421875,0.28890228271484375,0.38726806640625,0.377288818359375,0.253143310546875,2.3761215209960938,36.84642028808594,0.19986724853515625,0,233039.5089111328,236899.09033203125,0,34088599552,2147483648,8204865536,0
200,1787751279408,3500,3500,3500,3500,3500,3500,3500,3500,3500,3500,3500,3500,3500,3500,3500,3500,3500,3500,3500,3500,7.156639099121094,3.8725967407226563,46.76063919067383,0.2361297607421875,0.26385498046875,2.834014892578125,0.29622650146484375,0.32340240478515625,0.2812347412109375,0.2527618408203125,0.32440185546875,0.350677490234375,23.84796142578125,0.279937744140625,5.083366394042969,2.9912185668945313,0.2355804443359375,25.842552185058594,23.028518676757813,2.8266677856445313,0,233049.3875732422,236906.8212890625,0,34088599552,2147483648,8205189120,0
200,1787751279608,3500,3500,3500,3500,3500,3500,3500,3500,3500,3500,3500,3500,3500,3500,3500,3500,3500,3500,3500,3500,3.10382080078125,1.4229660034179688,54.25541305541992,2.7528762817382813,2.8002777099609375,0.269775390625,2.7844924926757813,0.331512451171875,0.32721710205078125,0.27532196044921875,0.271026611328125,0.28795623779296875,8.103240966796875,2.8038787841796875,0.46807861328125,0.46962738037109375,2.7676620483398438,12.005912780761719,34.462196350097656,0.21033477783203125,0,233059.4305419922,236914.74774169922,0,34088599552,2147483648,8205189120,0
200,1787751279808,3500,3500,3500,3500,3500,3500,3500,3500,3500,3500,3500,3500,3500,3500,3500,3500,3500,3500,3500,3500,8.740730285644531,1.1967697143554688,17.258682250976563,0.26812744140625,0.240753173828125,0.27301788330078125,0.33945465087890625,2.8524703979492188,2.8108139038085938,2.801177978515625,0.27666473388671875,0.758270263671875,0.347991943359375,0.2871551513671875,0.31027984619140625,0.32231903076171875,0.25528717041015625,15.83404541015625,63.15027618408203,0.18311309814453125,0,233069.25177001953,236922.4454345703,0,34088599552,2147483648,8205176832,0
200,1787751280009,3500,3500,3500,3500,3500,3500,3500,3500,3500,3500,3500,3500,3500,3500,3500,3500,3500,3500,3500,3500,16.585861206054688,1.5892868041992188,23.45703887939453,0.23154449462890625,0.37123870849609375,0.39119720458984375,0.505401611328125,0.4551544189453125,0.25499725341796875,0.23448944091796875,2.7842330932617188,0.27170562744140625,2.9163970947265625,0.36600494384765625,0.297149658203125,0.2871246337890625,0.16458892822265625,49.460575103759766,13.895820617675781,0.24920654296875,0,233078.74060058594,236929.81176757813,0,34088599552,2147483648,8205176832,0
200,1787751280209,3500,3500,3500,3500,3500,3500,3500,3500,3500,3500,3500,3500,3500,3500,3500,3500,3500,3500,3500,3500,2.3755950927734375,1.20233154296875,11.73370361328125,0.25005340576171875,0.31678009033203125,0.277130126953125,0.25135040283203125,0.20566558837890625,0.26605987548828125,0.32525634765625,0.35582733154296875,3.0670013427734375,0.5510711669921875,0.32032012939453125,0.276580810546875,0.25469207763671875,0.26900482177734375,19.975852966308594,27.29773712158203,0.2648162841796875,0,233086.4028930664,236935.3159790039,0,34088599552,2147483648,8208654336,0
200,1787751280410,3500,3500,3500,3500,3500,3500,3500,3500,3500,3500,3500,3500,3500,3500,3500,3500,3500,3500,3500,3500,3.0339126586914063,3.7741317749023438,80.46041870117188,0.1840362548828125,0.30522918701171875,2.7989044189453125,0.2789459228515625,0.258544921875,0.300689697265625,0.3033294677734375,0.353057861328125,0.2474212646484375,0.306427001953125,0.32213592529296875,2.802947998046875,2.8287811279296875,0.30522918701171875,2.0553436279296875,20.896438598632813,2.7430496215820313,0,233095.74969482422,236942.52709960938,0,34088599552,2147483648,8208723968,0
200,1787751280610,3500,3500,3500,3500,3500,3500,3500,3500,3500,3500,3500,3500,3500,3500,3500,3500,3500,3500,3500,3500,6.8162078857421875,1.2321090698242188,70.74980926513672,2.67706298828125,2.1338577270507813,0.265594482421875,2.7646331787109375,0.24967193603515625,0.30974578857421875,0.24224090576171875,0.29772186279296875,0.2320098876953125,0.278717041015625,2.7758560180664063,0.30471038818359375,0.281005859375,2.7875823974609375,20.8409423828125,13.28973388671875,0.183563232421875,0,233104.83032226563,236949.48724365234,0,34088599552,2147483648,8208855040,0
200,1787751280810,3500,3500,3500,3500,3500,3500,3500,3500,3500,3500,3500,3500,3500,3500,3500,3500,3500,3500,3500,3500,1.9846954345703125,1.2290420532226563,39.29602813720703,0.24660491943359375,0.8478012084960938,0.32857513427734375,0.4084014892578125,0.87066650390625,2.8332443237304688,2.8369827270507813,0.2543487548828125,0.2687225341796875,0.29618072509765625,0.336517333984375,0.31884002685546875,0.305267333984375,0.2122650146484375,38.93680191040039,25.089935302734375,0.2863922119140625,0,233113.94506835938,236956.48852539063,0,34088599552,2147483648,8208842752,0
200,1787751281011,3500,3500,3500,3500,3500,3500,3500,3500,3500,3500,3500,3500,3500,3500,3500,3500,3500,3500,3500,3500,0.643218994140625,1.086212158203125,5.9967498779296875,0.2584381103515625,0.25798797607421875,0.2773590087890625,0.25724029541015625,2.15185546875,0.231475830078125,0.24031829833984375,2.7874908447265625,0.26552581787109375,2.802215576171875,0.26721954345703125,0.28484344482421875,0.278900146484375,0.2082672119140625,28.222816467285156,21.830001831054688,0.28829193115234375,0,233122.21447753906,236962.59375,0,34088599552,2147483648,8211320832,0
199,1787751281211,3500,3500,3500,3500,3500,3500,3500,3500,3500,3500,3500,3500,3500,3500,3500,3500,3500,3500,3500,3500,0.6491012573242188,1.1830825805664063,10.863143920898438,0.409332275390625,0.32375335693359375,0.3031463623046875,0.36386871337890625,0.3088836669921875,0.3192596435546875,0.372802734375,0.26132965087890625,3.269500732421875,0.321807861328125,0.32694244384765625,0.33258056640625,0.3216094970703125,0.24730682373046875,40.6707878112793,54.956172943115234,0.22255706787109375,0,233132.2642211914,236970.52838134766,0,34088599552,2147483648,8212180992,0
199,1787751281411,3500,3500,3500,3500,3500,3500,3500,3500,3500,3500,3500,3500,3500,3500,3500,3500,3500,3500,3500,3500,0.46305084228515625,4.0524749755859375,0.38011932373046875,0.3436737060546875,0.2614898681640625,2.8239898681640625,0.2935333251953125,0.2534942626953125,0.31748199462890625,0.2956390380859375,0.29378509521484375,0.22895050048828125,0.2949371337890625,0.30423736572265625,2.8096466064453125,2.8217926025390625,0.171966552734375,34.704551696777344,67.31776428222656,2.6891708374023438,0,233140.95904541016,236977.10021972656,0,34088599552,2147483648,8212180992,0
200,1787751281611,3500,3500,3500,3500,3500,3500,3500,3500,3500,3500,3500,3500,3500,3500,3500,3500,3500,3500,3500,3500,10.63555908203125,1.5561904907226563,10.740859985351563,2.8244552612304688,0.23760223388671875,0.253692626953125,2.7769775390625,0.24274444580078125,0.2139129638671875,0.22040557861328125,0.25234222412109375,0.22440338134765625,0.28478240966796875,2.761932373046875,0.2567901611328125,0.28533172607421875,2.6945114135742188,37.096275329589844,54.58283996582031,0.15533447265625,0,233149.79583740234,236983.83178710938,0,34088599552,2147483648,8212172800,0
200,1787751281811,3500,3500,3500,3500,3500,3500,3500,3500,3500,3500,3500,3500,3500,3500,3500,3500,3500,3500,3500,3500,5.566612243652344,1.0983810424804688,10.840286254882813,0.27640533447265625,2.7982940673828125,0.2357330322265625,0.20540618896484375,0.202911376953125,2.35125732421875,2.787506103515625,0.244476318359375,0.22869110107421875,0.3589019775390625,0.23343658447265625,0.35400390625,0.213897705078125,0.17547607421875,13.958755493164063,61.86511993408203,0.14260101318359375,0,233159.94506835938,236991.80920410156,0,34088599552,2147483648,8214007808,0
200,1787751282012,3500,3500,3500,3500,3500,3500,3500,3500,3500,3500,3500,3500,3500,3500,3500,3500,3500,3500,3500,3500,1.6612167358398438,1.1457672119140625,6.259284973144531,0.35829925537109375,0.2748565673828125,0.401641845703125,0.28827667236328125,2.81719970703125,0.6249771118164063,0.3400421142578125,2.8540115356445313,0.39809417724609375,2.9736099243164063,0.35834503173828125,0.3307647705078125,0.37909698486328125,0.27475738525390625,24.530609130859375,14.243865966796875,0.335357666015625,0,233168.38946533203,236998.09521484375,0,34088599552,2147483648,8216285184,0
200,1787751282212,3500,3500,3500,3500,3500,3500,3500,3500,3500,3500,3500,3500,3500,3500,3500,3500,3500,3500,3500,3500,0.6276321411132813,1.230438232421875,4.317543029785156,0.3340911865234375,0.378326416015625,0.27379608154296875,0.28885650634765625,0.294891357421875,1.6404800415039063,0.31468963623046875,0.2776336669921875,2.813812255859375,0.294189453125,0.3004302978515625,0.3285064697265625,0.2852630615234375,0.25848388671875,10.565170288085938,11.245170593261719,0.29199981689453125,0,233175.71826171875,237003.29248046875,0,34088599552,2147483648,8218583040,0
200,1787751282413,3500,3500,3500,3500,3500,3500,3500,3500,3500,3500,3500,3500,3500,3500,3500,3500,3500,3500,3500,3500,0.66058349609375,1.69989013671875,2.4830093383789063,0.29692840576171875,0.34735107421875,2.8745498657226563,0.319671630859375,0.3133392333984375,0.3696441650390625,0.29558563232421875,0.32476043701171875,0.32550811767578125,0.32625579833984375,0.33223724365234375,2.915191650390625,2.8639755249023438,0.2455596923828125,9.621101379394531,9.493331909179688,2.78472900390625,0,233183.81634521484,237009.24279785156,0,34088599552,2147483648,8219758592,0
200,1787751282613,3500,3500,3500,3500,3500,3500,3500,3500,3500,3500,3500,3500,3500,3500,3500,3500,3500,3500,3500,3500,3.05206298828125,3.4778594970703125,2.7758255004882813,0.27494049072265625,0.22180938720703125,0.273895263671875,2.8186187744140625,0.19065093994140625,0.253265380859375,0.2501220703125,0.218017578125,0.23793792724609375,0.23883819580078125,2.7860107421875,0.360382080078125,0.34239959716796875,2.740570068359375,13.895896911621094,13.636184692382813,0.2050323486328125,0,233190.46337890625,237013.76037597656,0,34088599552,2147483648,8222167040,0
200,1787751282814,3500,3500,3500,3500,3500,3500,3500,3500,3500,3500,3500,3500,3500,3500,3500,3500,3500,3500,3500,3500,3.370513916015625,0.7164993286132813,5.43243408203125,2.854736328125,4.159095764160156,0.34568023681640625,0.32024383544921875,0.31839752197265625,0.8496856689453125,2.8849639892578125,0.37516021728515625,2.4955368041992188,1.4993515014648438,0.310516357421875,0.44709014892578125,0.45931243896484375,0.26531982421875,10.913894653320313,13.938278198242188,0.32582855224609375,0,233198.3729248047,237019.77111816406,0,34088599552,2147483648,8222990336,0
200,1787751283014,3500,3500,3500,3500,3500,3500,3500,3500,3500,3500,3500,3500,3500,3500,3500,3500,3500,3500,3500,3500,0.625518798828125,1.1151504516601563,2.0668716430664063,0.2475128173828125,0.20185089111328125,0.274505615234375,0.27785491943359375,2.78460693359375,2.791839599609375,0.21387481689453125,2.7732772827148438,0.29471588134765625,3.4182510375976563,0.2739105224609375,0.27625274658203125,0.2744598388671875,0.2158203125,11.057273864746094,9.448646545410156,0.23029327392578125,0,233206.1806640625,237025.1942138672,0,34088599552,2147483648,8223514624,0
200,1787751283215,3500,3500,3500,3500,3500,3500,3500,3500,3500,3500,3500,3500,3500,3500,3500,3500,3500,3500,3500,3500,7.2082366943359375,1.02069091796875,7.579536437988281,0.2278594970703125,0.17656707763671875,0.24127960205078125,0.24941253662109375,0.2528533935546875,0.183349609375,0.237335205078125,0.23773193359375,3.0771865844726563,6.0393218994140625,0.31995391845703125,1.8903045654296875,0.2497100830078125,0.17082977294921875,15.230659484863281,12.168540954589844,0.1988677978515625,0,233213.15496826172,237029.99517822266,0,34088599552,2147483648,8224448512,0
200,1787751283415,3500,3500,3500,3500,3500,3500,3500,3500,3500,3500,3500,3500,3500,3500,3500,3500,3500,3500,3500,3500,0.6158370971679688,1.1039199829101563,7.722564697265625,0.42612457275390625,0.41245269775390625,2.9127273559570313,0.48873138427734375,0.39429473876953125,0.37609100341796875,0.38232421875,0.328643798828125,0.355133056640625,0.38507080078125,0.358978271484375,2.9468002319335938,2.9289398193359375,0.33373260498046875,8.992202758789063,9.342849731445313,2.8411941528320313,0,233221.17224121094,237035.88580322266,0,34088599552,2147483648,8225185792,0
200,1787751283615,3500,3500,3500,3500,3500,3500,3500,3500,3500,3500,3500,3500,3500,3500,3500,3500,3500,3500,3500,3500,3.1304397583007813,3.1098709106445313,11.416206359863281,0.300048828125,0.42227935791015625,0.39676666259765625,3.0278778076171875,0.439361572265625,0.245819091796875,0.29140472412109375,0.20597076416015625,0.37639617919921875,0.36780548095703125,2.868896484375,0.2993011474609375,0.29665374755859375,1.7378158569335938,2.8513641357421875,10.468879699707031,0.17041778564453125,0,233228.69885253906,237041.2802734375,0,34088599552,2147483648,8225316864,0
200,1787751283816,3500,3500,3500,3500,3500,3500,3500,3500,3500,3500,3500,3500,3500,3500,3500,3500,3500,3500,3500,3500,0.7427444458007813,1.0041275024414063,6.307373046875,2.8049545288085938,3.3524017333984375,0.318084716796875,0.3615264892578125,0.325164794921875,0.370147705078125,2.87432861328125,0.32581329345703125,0.39997100830078125,0.3017730712890625,0.28397369384765625,0.30322265625,0.28212738037109375,1.497711181640625,0.3613739013671875,11.152900695800781,0.25574493408203125,0,233235.99853515625,237046.4560546875,0,34088599552,2147483648,8225427456,0
199,1787751284016,3500,3500,3500,3500,3500,3500,3500,3500,3500,3500,3500,3500,3500,3500,3500,3500,3500,3500,3500,3500,0.7341766357421875,0.810333251953125,10.456398010253906,0.2546844482421875,0.45107269287109375,0.4763031005859375,0.4772491455078125,3.0234375,2.789703369140625,0.28769683837890625,2.8224639892578125,0.29701995849609375,2.9007644653320313,0.3388671875,0.3740234375,0.34295654296875,0.3112335205078125,0.29607391357421875,12.6297607421875,0.1972808837890625,0,233244.6146850586,237052.94146728516,0,34088599552,2147483648,8225869824,0
200,1787751284216,3500,3500,3500,3500,3500,3500,3500,3500,3500,3500,3500,3500,3500,3500,3500,3500,3500,3500,3500,3500,0.6770095825195313,1.1938018798828125,3.0147323608398438,0.28429412841796875,0.669158935546875,0.407318115234375,0.4431610107421875,0.5154953002929688,0.32403564453125,0.3036346435546875,0.34658050537109375,2.8287200927734375,0.31903076171875,0.336334228515625,0.43436431884765625,0.44251251220703125,0.35962677001953125,0.3276824951171875,11.706840515136719,0.270843505859375,0,233252.66632080078,237058.86560058594,0,34088599552,2147483648,8226004992,0
200,1787751284417,3500,3500,3500,3500,3500,3500,3500,3500,3500,3500,3500,3500,3500,3500,3500,3500,3500,3500,3500,3500,0.5848617553710938,1.2929611206054688,3.6444778442382813,0.26801300048828125,0.3355712890625,2.7966537475585938,0.312652587890625,0.33272552490234375,0.22052001953125,0.330230712890625,0.33382415771484375,0.21622467041015625,0.24004364013671875,0.29936981201171875,2.9090652465820313,2.9011764526367188,0.30301666259765625,0.2760009765625,11.32958984375,2.77862548828125,0,233258.80487060547,237062.88885498047,0,34088599552,2147483648,8226004992,0
200,1787751284617,3500,3500,3500,3500,3500,3500,3500,3500,3500,3500,3500,3500,3500,3500,3500,3500,3500,3500,3500,3500,1.8257522583007813,3.4566726684570313,10.686912536621094,0.08370208740234375,0.07706451416015625,0.00080108642578125,2.5635223388671875,0.07057952880859375,0.10524749755859375,0.1033477783203125,0.0579071044921875,0.00139617919921875,0.09297943115234375,2.66473388671875,0.2952423095703125,0.27783203125,0.0534210205078125,2.639495849609375,13.884605407714844,0.02329254150390625,0,233266.47924804688,237068.38800048828,0,34088599552,2147483648,8226070528,0
200,1787751284818,3500,3500,3500,3500,3500,3500,3500,3500,3500,3500,3500,3500,3500,3500,3500,3500,3500,3500,3500,3500,2.8293685913085938,1.4275436401367188,5.771797180175781,3.444580078125,3.4243545532226563,0.9281768798828125,0.9774017333984375,0.8911514282226563,0.9218978881835938,3.4668045043945313,1.0895156860351563,1.0466156005859375,0.9633560180664063,0.9601669311523438,1.1670989990234375,1.1722259521484375,3.485687255859375,0.9412765502929688,13.29107666015625,0.8746109008789063,0,233273.0044555664,237072.82092285156,0,34088599552,2147483648,8226070528,0
200,1787751285018,3500,3500,3500,3500,3500,3500,3500,3500,3500,3500,3500,3500,3500,3500,3500,3500,3500,3500,3500,3500,0.6070938110351563,1.2522659301757813,6.0191802978515625,0.27115631103515625,0.3373870849609375,0.249542236328125,0.2828826904296875,2.8499526977539063,2.8308944702148438,0.341278076171875,2.8860931396484375,0.2964630126953125,2.8336334228515625,0.30619049072265625,0.5155105590820313,0.523193359375,0.3027496337890625,0.31497955322265625,10.855918884277344,0.20243072509765625,0,233280.05603027344,237077.73596191406,0,34088599552,2147483648,8226201600,0
199,1787751285219,3500,3500,3500,3500,3500,3500,3500,3500,3500,3500,3500,3500,3500,3500,3500,3500,3500,3500,3500,3500,0.482940673828125,0.8391876220703125,8.9912109375,0.071136474609375,0.971771240234375,0.02997589111328125,0.02378082275390625,0.06369781494140625,0.205474853515625,0.000152587890625,0.0818328857421875,2.5471878051757813,0.09291839599609375,0.04526519775390625,0.2900543212890625,0.2888031005859375,0.1081085205078125,0.12918853759765625,12.446624755859375,0,0,233287.32189941406,237082.86126708984,0,34088599552,2147483648,8226254848,0
200,1787751285419,3500,3500,3500,3500,3500,3500,3500,3500,3500,3500,3500,3500,3500,3500,3500,3500,3500,3500,3500,3500,0.8650436401367188,1.1422195434570313,4.844398498535156,0.5232162475585938,0.46434783935546875,2.97088623046875,0.5033111572265625,0.5261611938476563,0.521820068359375,0.501617431640625,0.5392837524414063,0.5078048706054688,0.5016632080078125,0.5211715698242188,3.2053070068359375,3.1918869018554688,0.6265869140625,0.6355667114257813,9.514198303222656,2.9611053466796875,0,233294.98529052734,237088.42846679688,0,34088599552,2147483648,8226254848,0
199,1787751285619,3500,3500,3500,3500,3500,3500,3500,3500,3500,3500,3500,3500,3500,3500,3500,3500,3500,3500,3500,3500,0.8768692016601563,3.3098220825195313,10.034576416015625,0.314971923828125,0.3763275146484375,0.22298431396484375,2.8458023071289063,0.279998779296875,0.237396240234375,0.27750396728515625,0.37054443359375,0.2205352783203125,0.30159759521484375,2.8108291625976563,0.3677978515625,0.40765380859375,0.32619476318359375,2.7896270751953125,11.828720092773438,0.22228240966796875,0,233302.83142089844,237094.13079833984,0,34088599552,2147483648,8226258944,0
200,1787751285819,3500,3500,3500,3500,3500,3500,3500,3500,3500,3500,3500,3500,3500,3500,3500,3500,3500,3500,3500,3500,3.7015609741210938,0.8828353881835938,9.020805358886719,2.8906478881835938,3.4770584106445313,0.2734832763671875,0.3732452392578125,0.33560943603515625,0.25864410400390625,1.1904067993164063,0.32036590576171875,0.29473114013671875,0.57720947265625,0.308624267578125,0.39908599853515625,0.41837310791015625,2.818878173828125,0.30162811279296875,13.363304138183594,0.25049591064453125,0,233312.10180664063,237101.2933959961,0,34088599552,2147483648,8226258944,0
199,1787751286020,3500,3500,3500,3500,3500,3500,3500,3500,3500,3500,3500,3500,3500,3500,3500,3500,3500,3500,3500,3500,5.630271911621094,0.797760009765625,14.017593383789063,0.28639984130859375,0.2083282470703125,0.31775665283203125,0.2749176025390625,2.7952957153320313,2.8875961303710938,1.9300384521484375,2.9766616821289063,0.28655242919921875,4.989921569824219,0.28620147705078125,0.4090118408203125,0.40302276611328125,0.32105255126953125,0.31006622314453125,15.606719970703125,0.226348876953125,0,233318.8432006836,237105.88897705078,0,34088599552,2147483648,8226459648,0
200,1787751286220,3500,3500,3500,3500,3500,3500,3500,3500,3500,3500,3500,3500,3500,3500,3500,3500,3500,3500,3500,3500,1.2242965698242188,1.7353897094726563,1.488861083984375,0.3607940673828125,0.3578033447265625,0.2824554443359375,0.3190765380859375,0.28265380859375,1.731689453125,0.38597869873046875,0.4539337158203125,0.392425537109375,0.30733489990234375,0.318328857421875,0.3894805908203125,0.4146575927734375,0.32012939453125,0.35245513916015625,19.522293090820313,0.253570556640625,0,233325.39892578125,237110.3077392578,0,34088599552,2147483648,8227057664,0
200,1787751286420,3500,3500,3500,3500,3500,3500,3500,3500,3500,3500,3500,3500,3500,3500,3500,3500,3500,3500,3500,3500,0.7495651245117188,1.019927978515625,10.574821472167969,0.3640594482421875,0.3505401611328125,2.8494949340820313,0.28926849365234375,0.2563934326171875,0.24486541748046875,0.27559661865234375,0.3215484619140625,2.8012008666992188,0.3085784912109375,0.31610870361328125,2.8922042846679688,2.8705520629882813,0.40930938720703125,0.428070068359375,10.037590026855469,2.7462234497070313,0,233333.4385986328,237116.22625732422,0,34088599552,2147483648,8227319808,0
199,1787751286620,3500,3500,3500,3500,3500,3500,3500,3500,3500,3500,3500,3500,3500,3500,3500,3500,3500,3500,3500,3500,0.6044998168945313,3.3937835693359375,10.223487854003906,0.322296142578125,0.2544403076171875,0.24750518798828125,2.86627197265625,0.27336883544921875,0.27651214599609375,0.26287841796875,0.30861663818359375,0.26512908935546875,0.29798126220703125,0.31146240234375,0.2991790771484375,0.29543304443359375,0.3927459716796875,2.9336318969726563,15.811843872070313,0.20116424560546875,0,233340.76641845703,237121.41540527344,0,34088599552,2147483648,8227770368,0
200,1787751286820,3500,3500,3500,3500,3500,3500,3500,3500,3500,3500,3500,3500,3500,3500,3500,3500,3500,3500,3500,3500,5.831733703613281,0.7742080688476563,8.026199340820313,2.8571090698242188,2.8272171020507813,0.2743682861328125,0.27646636962890625,0.34284210205078125,0.28751373291015625,0.29210662841796875,0.24802398681640625,0.27921295166015625,0.3095550537109375,2.8263168334960938,0.3137054443359375,0.27686309814453125,2.9121932983398438,0.40997314453125,12.124473571777344,0.26831817626953125,0,233348.57904052734,237127.11602783203,0,34088599552,2147483648,8227708928,0
200,1787751287021,3500,3500,3500,3500,3500,3500,3500,3500,3500,3500,3500,3500,3500,3500,3500,3500,3500,3500,3500,3500,1.1712493896484375,0.5744857788085938,18.873367309570313,0.2696380615234375,0.29001617431640625,0.216888427734375,0.251007080078125,2.8657379150390625,2.7544937133789063,2.8620376586914063,2.81793212890625,0.2169342041015625,2.78851318359375,0.26918792724609375,0.2806243896484375,0.27777862548828125,0.34445953369140625,0.36229705810546875,13.967384338378906,0.213287353515625,0,233356.13610839844,237132.5343017578,0,34088599552,2147483648,8229232640,0
200,1787751287221,3500,3500,3500,3500,3500,3500,3500,3500,3500,3500,3500,3500,3500,3500,3500,3500,3500,3500,3500,3500,2.6467742919921875,0.89324951171875,7.617378234863281,0.26393890380859375,0.6375579833984375,0.344390869140625,0.3311004638671875,0.23520660400390625,0.46800994873046875,0.40155029296875,0.448028564453125,0.36957550048828125,0.2877197265625,0.24755096435546875,0.34378814697265625,0.32975006103515625,0.2725830078125,0.2872772216796875,13.445098876953125,0.19852447509765625,0,233363.81719970703,237138.10583496094,0,34088599552,2147483648,8229502976,0
200,1787751287421,3500,3500,3500,3500,3500,3500,3500,3500,3500,3500,3500,3500,3500,3500,3500,3500,3500,3500,3500,3500,0.8910751342773438,0.7592849731445313,9.594741821289063,0.25797271728515625,0.30957794189453125,2.9390869140625,0.388763427734375,0.39785003662109375,0.49652099609375,0.468292236328125,0.4916229248046875,3.03570556640625,0.5785980224609375,0.296295166015625,2.8331832885742188,0.27895355224609375,0.2970428466796875,0.30423736572265625,9.034378051757813,2.738861083984375,0,233370.96563720703,237143.19696044922,0,34088599552,2147483648,8229638144,0
200,1787751287622,3500,3500,3500,3500,3500,3500,3500,3500,3500,3500,3500,3500,3500,3500,3500,3500,3500,3500,3500,3500,0.7144012451171875,3.4451522827148438,7.03326416015625,0.2715606689453125,0.2165069580078125,0.28247833251953125,2.7290573120117188,0.29026031494140625,0.47081756591796875,0.35378265380859375,0.393280029296875,0.41546630859375,0.3171844482421875,0.30925750732421875,0.36620330810546875,2.8830337524414063,0.2907562255859375,0.26363372802734375,12.2235107421875,0.2313690185546875,0,233378.7432861328,237148.7622680664,0,34088599552,2147483648,8229855232,0
200,1787751287822,3500,3500,3500,3500,3500,3500,3500,3500,3500,3500,3500,3500,3500,3500,3500,3500,3500,3500,3500,3500,3.2543869018554688,1.2325363159179688,6.041511535644531,2.8487777709960938,5.59625244140625,0.3449554443359375,0.3219146728515625,0.3280487060546875,0.5463104248046875,0.4138336181640625,0.3985748291015625,0.40700531005859375,0.3712921142578125,2.8831405639648438,0.42291259765625,0.39568328857421875,2.8337631225585938,2.8830947875976563,10.922065734863281,0.248992919921875,0,233386.79370117188,237154.69506835938,0,34088599552,2147483648,8230617088,0
200,1787751288022,3500,3500,3500,3500,3500,3500,3500,3500,3500,3500,3500,3500,3500,3500,3500,3500,3500,3500,3500,3500,2.9614028930664063,0.6703109741210938,7.4276885986328125,0.2666168212890625,0.8148345947265625,0.1808929443359375,0.2835540771484375,2.860137939453125,2.9502105712890625,2.9329757690429688,2.897705078125,0.351043701171875,2.949859619140625,0.38336181640625,0.3933563232421875,0.35353851318359375,0.32012176513671875,0.29604339599609375,10.082405090332031,0.1841888427734375,0,233393.82543945313,237159.6029663086,0,34088599552,2147483648,8231276544,0
199,1787751288222,3500,3500,3500,3500,3500,3500,3500,3500,3500,3500,3500,3500,3500,3500,3500,3500,3500,3500,3500,3500,0.8495407104492188,1.3482208251953125,3.6874008178710938,0.29048919677734375,0.668914794921875,0.32219696044921875,0.4724578857421875,0.4423980712890625,0.44689178466796875,0.48848724365234375,0.36688995361328125,0.36174774169921875,0.38666534423828125,0.4138336181640625,0.29473114013671875,0.29657745361328125,0.29718017578125,0.34102630615234375,13.328315734863281,0.250091552734375,0,233400.66400146484,237164.32818603516,0,34088599552,2147483648,8232235008,0
200,1787751288422,3500,3500,3500,3500,3500,3500,3500,3500,3500,3500,3500,3500,3500,3500,3500,3500,3500,3500,3500,3500,2.2052230834960938,1.0592498779296875,2.8278884887695313,0.29036712646484375,0.35774993896484375,2.9642486572265625,0.45632171630859375,0.4704132080078125,0.3332061767578125,0.3625946044921875,0.28127288818359375,2.8209457397460938,0.29876708984375,0.29851531982421875,2.8091964721679688,0.30211639404296875,0.41173553466796875,0.39568328857421875,12.763946533203125,2.7500152587890625,0,233408.1082763672,237169.63916015625,0,34088599552,2147483648,8233775104,0
199,1787751288623,3500,3500,3500,3500,3500,3500,3500,3500,3500,3500,3500,3500,3500,3500,3500,3500,3500,3500,3500,3500,0.5370254516601563,3.3010025024414063,7.783866882324219,0.19644927978515625,0.2514801025390625,0.21128082275390625,2.7422561645507813,0.3155059814453125,0.15185546875,0.11840057373046875,0.0824432373046875,0.115753173828125,0.15425872802734375,0.1705322265625,0.1724853515625,2.6751861572265625,0.2049407958984375,0.21637725830078125,12.243362426757813,0.0684661865234375,0,233416.0125732422,237175.4234008789,0,34088599552,2147483648,8234995712,0
200,1787751288823,3500,3500,3500,3500,3500,3500,3500,3500,3500,3500,3500,3500,3500,3500,3500,3500,3500,3500,3500,3500,8.2774658203125,0.8630599975585938,12.108070373535156,3.021270751953125,3.012176513671875,0.428955078125,0.463134765625,0.48082733154296875,0.5544815063476563,0.4022674560546875,0.49481964111328125,0.45413970947265625,2.9429168701171875,2.9106369018554688,0.48717498779296875,0.4487457275390625,2.9868927001953125,2.9201278686523438,14.283126831054688,0.31996917724609375,0,233424.46240234375,237181.7371826172,0,34088599552,2147483648,8237350912,0
200,1787751289023,3500,3500,3500,3500,3500,3500,3500,3500,3500,3500,3500,3500,3500,3500,3500,3500,3500,3500,3500,3500,0.5542449951171875,1.0996475219726563,3.9572219848632813,0.279693603515625,0.2982330322265625,0.22612762451171875,0.275299072265625,2.7882156372070313,2.8695220947265625,2.8634719848632813,2.9328842163085938,0.36260223388671875,2.7829208374023438,0.26755523681640625,0.37479400634765625,0.37249755859375,0.2852935791015625,0.2589111328125,13.191047668457031,0.23577117919921875,0,233431.84149169922,237186.99853515625,0,34088599552,2147483648,8238944256,0
200,1787751289223,3500,3500,3500,3500,3500,3500,3500,3500,3500,3500,3500,3500,3500,3500,3500,3500,3500,3500,3500,3500,0.5914764404296875,1.3189239501953125,5.597572326660156,0.348114013671875,0.5245361328125,0.32421875,0.30745697021484375,0.30596160888671875,0.47406005859375,0.4160003662109375,0.558502197265625,0.5606002807617188,0.36417388916015625,0.348358154296875,0.46358489990234375,0.45574951171875,0.35549163818359375,0.34915924072265625,39.47795867919922,0.27678680419921875,0,233439.1962890625,237192.23028564453,0,34088599552,2147483648,8239661056,0
200,1787751289424,3500,3500,3500,3500,3500,3500,3500,3500,3500,3500,3500,3500,3500,3500,3500,3500,3500,3500,3500,3500,0.9771347045898438,0.41599273681640625,77.19493103027344,0.2103424072265625,0.29969024658203125,2.8464431762695313,0.30542755126953125,0.2725372314453125,0.43959808349609375,0.38195037841796875,0.42058563232421875,3.0370712280273438,0.3152618408203125,0.3126678466796875,2.9501724243164063,0.41034698486328125,0.34366607666015625,0.30263519287109375,25.689552307128906,2.7639389038085938,0,233448.8978881836,237199.8104248047,0,34088599552,2147483648,8239570944,0
199,1787751289624,3500,3500,3500,3500,3500,3500,3500,3500,3500,3500,3500,3500,3500,3500,3500,3500,3500,3500,3500,3500,3.000274658203125,2.7942047119140625,63.602020263671875,0.189910888671875,0.26761627197265625,0.27854156494140625,2.7736587524414063,0.257843017578125,0.47573089599609375,0.384918212890625,0.36087799072265625,0.4969329833984375,0.30327606201171875,0.29071044921875,0.39488983154296875,2.897491455078125,0.3253173828125,0.27544403076171875,41.000213623046875,0.2142486572265625,0,233459.27032470703,237208.06439208984,0,34088599552,2147483648,8239517696,0
200,1787751289824,3500,3500,3500,3500,3500,3500,3500,3500,3500,3500,3500,3500,3500,3500,3500,3500,3500,3500,3500,3500,9.673126220703125,0.2740631103515625,53.17934799194336,2.7128677368164063,2.7359619140625,0.1780242919921875,0.27541351318359375,0.29970550537109375,0.482879638671875,0.373046875,0.35250091552734375,0.488128662109375,0.25496673583984375,2.8049545288085938,0.38254547119140625,0.38414764404296875,2.7995529174804688,2.812652587890625,44.19707489013672,0.15818023681640625,0,233468.4898071289,237215.18420410156,0,34088599552,2147483648,8239517696,0
200,1787751290025,3500,3500,3500,3500,3500,3500,3500,3500,3500,3500,3500,3500,3500,3500,3500,3500,3500,3500,3500,3500,1.0634765625,0.32872772216796875,53.3501091003418,0.18518829345703125,0.87799072265625,0.27172088623046875,0.32283782958984375,2.8670501708984375,2.9377212524414063,2.9138259887695313,2.9028091430664063,0.39849853515625,3.3264389038085938,0.2978515625,0.40119171142578125,0.393463134765625,0.4027862548828125,0.4058837890625,51.54015350341797,0.1803436279296875,0,233478.3448486328,237222.90301513672,0,34088599552,2147483648,8239570944,0
200,1787751290225,3500,3500,3500,3500,3500,3500,3500,3500,3500,3500,3500,3500,3500,3500,3500,3500,3500,3500,3500,3500,0.9144287109375,0.28910064697265625,54.962913513183594,0.21207427978515625,1.1952438354492188,0.38360595703125,0.3772125244140625,0.36772918701171875,0.49668121337890625,0.343719482421875,0.3783111572265625,0.5097579956054688,0.28376007080078125,0.31705474853515625,0.410614013671875,0.4222412109375,0.42429351806640625,0.40167236328125,48.57868194580078,0.2320404052734375,0,233486.5762939453,237229.01977539063,0,34088599552,2147483648,8239759360,0
200,1787751290425,3500,3500,3500,3500,3500,3500,3500,3500,3500,3500,3500,3500,3500,3500,3500,3500,3500,3500,3500,3500,0.6026153564453125,0.32590484619140625,58.478511810302734,0.16982269287109375,0.6537094116210938,2.8310165405273438,0.3016815185546875,0.21042633056640625,0.47150421142578125,0.42165374755859375,0.4107208251953125,2.9939956665039063,0.2801513671875,0.3161163330078125,2.8902053833007813,0.3673095703125,0.39313507080078125,0.4071197509765625,45.624759674072266,2.7614898681640625,0,233496.7260131836,237237.07055664063,0,34088599552,2147483648,8240377856,0
200,1787751290626,3500,3500,3500,3500,3500,3500,3500,3500,3500,3500,3500,3500,3500,3500,3500,3500,3500,3500,3500,3500,11.045112609863281,2.7979888916015625,64.86882019042969,0.19123077392578125,3.09124755859375,0.8189620971679688,2.8411865234375,0.27848052978515625,2.6421661376953125,0.49063873291015625,0.42795562744140625,0.4812469482421875,10.492240905761719,0.3120880126953125,12.240837097167969,2.8127212524414063,2.711334228515625,0.4082794189453125,57.62004470825195,0.18589019775390625,0,233506.69482421875,237244.8560180664,0,34088599552,2147483648,8253739008,0
199,1787751290826,3500,3500,3500,3500,3500,3500,3500,3500,3500,3500,3500,3500,3500,3500,3500,3500,3500,3500,3500,3500,48.34891128540039,0.27020263671875,60.345767974853516,2.7915573120117188,5.9609832763671875,1.1798324584960938,0.8705596923828125,0.29443359375,1.0665206909179688,0.26445770263671875,0.33965301513671875,0.29582977294921875,77.0513687133789,2.7391891479492188,45.47441864013672,0.23842620849609375,45.214256286621094,2.8608016967773438,58.174407958984375,0.25341796875,0,233524.63110351563,237260.61688232422,0,34088599552,2147483648,8277889024,0
200,1787751291026,3500,3500,3500,3500,3500,3500,3500,3500,3500,3500,3500,3500,3500,3500,3500,3500,3500,3500,3500,3500,42.11811828613281,0.28250885009765625,76.23768615722656,0.2073822021484375,1.7296066284179688,0.32559967041015625,0.389678955078125,2.9155349731445313,3.9732589721679688,2.8599014282226563,2.7747344970703125,0.25511932373046875,65.86748504638672,0.23987579345703125,20.43255615234375,0.28851318359375,23.64910125732422,0.27801513671875,54.66524124145508,0.21648406982421875,0,233538.1053466797,237271.8934326172,0,34088599552,2147483648,8286699520,0
200,1787751291226,3500,3500,3500,3500,3500,3500,3500,3500,3500,3500,3500,3500,3500,3500,3500,3500,3500,3500,3500,3500,15.869499206542969,0.3364715576171875,71.12303924560547,0.2695159912109375,0.6281356811523438,0.30065155029296875,0.407867431640625,0.4016265869140625,0.6053390502929688,0.345703125,0.3453521728515625,0.339111328125,9.195220947265625,0.288177490234375,10.773796081542969,0.3767852783203125,31.294769287109375,0.30792999267578125,35.26246643066406,0.24337005615234375,0,233547.45190429688,237279.08917236328,0,34088599552,2147483648,8255016960,0
200,1787751291426,3500,3500,3500,3500,3500,3500,3500,3500,3500,3500,3500,3500,3500,3500,3500,3500,3500,3500,3500,3500,0.536041259765625,0.3428802490234375,61.058292388916016,0.17058563232421875,0.30921173095703125,2.8428192138671875,0.435089111328125,0.39118194580078125,0.2506103515625,0.260406494140625,0.27313995361328125,2.8025054931640625,0.299468994140625,0.29207611083984375,0.36700439453125,0.38758087158203125,0.2817840576171875,0.29427337646484375,42.41118621826172,2.69610595703125,0,233556.69995117188,237286.21264648438,0,34088599552,2147483648,8254885888,0
200,1787751291627,3500,3500,3500,3500,3500,3500,3500,3500,3500,3500,3500,3500,3500,3500,3500,3500,3500,3500,3500,3500,3.3447494506835938,2.8638916015625,74.52545166015625,0.1675567626953125,0.4796142578125,0.451416015625,3.0041046142578125,0.46958160400390625,0.27523040771484375,0.318695068359375,0.25652313232421875,0.2950897216796875,0.29369354248046875,0.2935943603515625,2.8162918090820313,2.80291748046875,0.3097076416015625,0.2891998291015625,29.277450561523438,0.2356109619140625,0,233566.14935302734,237293.53411865234,0,34088599552,2147483648,8251117568,0
199,1787751291827,3500,3500,3500,3500,3500,3500,3500,3500,3500,3500,3500,3500,3500,3500,3500,3500,3500,3500,3500,3500,10.870742797851563,0.3138427734375,78.76982879638672,2.7057952880859375,2.8648910522460938,0.3352813720703125,0.4347686767578125,0.4004364013671875,0.26717376708984375,0.2615814208984375,0.24694061279296875,0.2626800537109375,0.2921600341796875,2.8047332763671875,0.27477264404296875,0.3118438720703125,2.813323974609375,2.797637939453125,20.826187133789063,0.200469970703125,0,233574.9644165039,237300.22985839844,0,34088599552,2147483648,8251109376,0
200,1787751292027,3500,3500,3500,3500,3500,3500,3500,3500,3500,3500,3500,3500,3500,3500,3500,3500,3500,3500,3500,3500,0.9560928344726563,0.29811859130859375,73.28347778320313,0.181304931640625,2.1059417724609375,0.3197174072265625,0.26273345947265625,2.7563705444335938,3.17926025390625,2.8113021850585938,2.811553955078125,0.260284423828125,1.1943359375,0.28482818603515625,0.28417205810546875,0.28322601318359375,0.27127838134765625,0.26898193359375,32.56861877441406,0.1940460205078125,0,233583.79650878906,237306.9200439453,0,34088599552,2147483648,8250970112,0
199,1787751292227,3500,3500,3500,3500,3500,3500,3500,3500,3500,3500,3500,3500,3500,3500,3500,3500,3500,3500,3500,3500,0.7976608276367188,0.3323211669921875,32.54132080078125,0.2401580810546875,0.31768798828125,0.33332061767578125,0.3244781494140625,0.2770233154296875,0.30139923095703125,0.31288909912109375,0.322479248046875,0.2811737060546875,2.0324783325195313,0.37567901611328125,0.3173828125,0.3266754150390625,0.30664825439453125,0.3411102294921875,70.6353759765625,0.2014007568359375,0,233592.7562866211,237313.7685546875,0,34088599552,2147483648,8250564608,0
200,1787751292427,3500,3500,3500,3500,3500,3500,3500,3500,3500,3500,3500,3500,3500,3500,3500,3500,3500,3500,3500,3500,1.1181411743164063,0.3051910400390625,75.30137634277344,0.15624237060546875,0.38001251220703125,2.7771377563476563,0.23656463623046875,0.24346160888671875,0.3311309814453125,0.2872467041015625,0.30133819580078125,2.7697372436523438,0.2767486572265625,0.27774810791015625,0.302642822265625,0.25490570068359375,0.27124786376953125,0.2867431640625,29.0654296875,0.19428253173828125,0,233600.75360107422,237319.6460571289,0,34088599552,2147483648,8250564608,0
200,1787751292627,3500,3500,3500,3500,3500,3500,3500,3500,3500,3500,3500,3500,3500,3500,3500,3500,3500,3500,3500,3500,4.219993591308594,2.8232879638671875,55.09577178955078,0.1838226318359375,0.31324005126953125,0.31308746337890625,2.7625808715820313,0.24213409423828125,0.26761627197265625,0.38433837890625,0.22664642333984375,0.250579833984375,0.29360198974609375,0.2991485595703125,2.8171920776367188,2.832977294921875,0.3399200439453125,0.33252716064453125,51.999820709228516,2.7416458129882813,0,233609.63372802734,237326.39904785156,0,34088599552,2147483648,8250540032,0
200,1787751292828,3500,3500,3500,3500,3500,3500,3500,3500,3500,3500,3500,3500,3500,3500,3500,3500,3500,3500,3500,3500,11.530654907226563,0.3287200927734375,83.22998809814453,2.7025299072265625,6.3707122802734375,0.24796295166015625,0.300872802734375,0.31958770751953125,0.24796295166015625,0.3036651611328125,0.32607269287109375,0.39789581298828125,9.831802368164063,2.8482208251953125,0.2896881103515625,0.33361053466796875,2.8279571533203125,2.880767822265625,7.846954345703125,0.24517059326171875,0,233619.89123535156,237334.51470947266,0,34088599552,2147483648,8250605568,0
199,1787751293028,3500,3500,3500,3500,3500,3500,3500,3500,3500,3500,3500,3500,3500,3500,3500,3500,3500,3500,3500,3500,0.7652969360351563,0.30035400390625,73.53193664550781,0.1472320556640625,1.7284393310546875,0.26381683349609375,0.210418701171875,2.8108596801757813,2.7790145874023438,2.7891464233398438,2.742584228515625,0.19963836669921875,0.3731689453125,0.38803863525390625,0.2808380126953125,0.2915191650390625,0.29405975341796875,0.2548828125,33.2138671875,0.23876190185546875,0,233628.28515625,237341.25268554688,0,34088599552,2147483648,8250736640,0
200,1787751293228,3500,3500,3500,3500,3500,3500,3500,3500,3500,3500,3500,3500,3500,3500,3500,3500,3500,3500,3500,3500,0.7058181762695313,0.272003173828125,77.31172180175781,0.16152191162109375,0.2729034423828125,0.29869842529296875,0.24385833740234375,0.275299072265625,0.30124664306640625,0.24495697021484375,0.2761993408203125,0.25550079345703125,2.9136199951171875,0.3876800537109375,0.296142578125,0.3125457763671875,0.26490020751953125,0.33458709716796875,26.48554229736328,0.21561431884765625,0,233637.7745361328,237348.6241455078,0,34088599552,2147483648,8250867712,0
200,1787751293429,3500,3500,3500,3500,3500,3500,3500,3500,3500,3500,3500,3500,3500,3500,3500,3500,3500,3500,3500,3500,1.2898025512695313,0.303375244140625,75.68347930908203,0.16358184814453125,0.5101470947265625,2.8321151733398438,0.2729034423828125,0.30921173095703125,0.276641845703125,0.25405120849609375,0.28472137451171875,2.7797012329101563,0.39244842529296875,0.396087646484375,0.27036285400390625,0.334747314453125,0.2811279296875,0.32721710205078125,31.34600830078125,0.201385498046875,0,233646.9310913086,237355.2211303711,0,34088599552,2147483648,8250847232,0
200,1787751293629,3500,3500,3500,3500,3500,3500,3500,3500,3500,3500,3500,3500,3500,3500,3500,3500,3500,3500,3500,3500,8.189903259277344,2.8259353637695313,50.364707946777344,0.21111297607421875,0.27722930908203125,0.26714324951171875,2.8265838623046875,0.32111358642578125,0.3138275146484375,0.21366119384765625,0.30129241943359375,0.31906890869140625,0.34808349609375,0.36031341552734375,2.8128585815429688,2.8440170288085938,0.41254425048828125,0.424224853515625,47.42467498779297,2.7252731323242188,0,233656.3067626953,237362.43310546875,0,34088599552,2147483648,8250847232,0
200,1787751293829,3500,3500,3500,3500,3500,3500,3500,3500,3500,3500,3500,3500,3500,3500,3500,3500,3500,3500,3500,3500,10.737136840820313,0.3043365478515625,62.3854866027832,2.744293212890625,2.932830810546875,0.24643707275390625,0.30687713623046875,0.30373382568359375,0.2994842529296875,0.288848876953125,0.32122039794921875,0.25832366943359375,0.30008697509765625,2.8516464233398438,0.3109283447265625,0.3157196044921875,2.856842041015625,2.8819198608398438,35.311683654785156,0.1998748779296875,0,233665.3569946289,237369.36853027344,0,34088599552,2147483648,8250847232,0
200,1787751294030,3500,3500,3500,3500,3500,3500,3500,3500,3500,3500,3500,3500,3500,3500,3500,3500,3500,3500,3500,3500,0.5292510986328125,0.26764678955078125,69.87908172607422,0.16014862060546875,0.6008682250976563,0.2105560302734375,0.24114227294921875,2.7626495361328125,2.712738037109375,2.7453765869140625,2.8036727905273438,0.17896270751953125,0.26519775390625,0.24364471435546875,0.261810302734375,0.24219512939453125,0.35089111328125,0.3668060302734375,36.60675048828125,0.140533447265625,0,233674.46923828125,237376.35833740234,0,34088599552,2147483648,8250982400,0
200,1787751294230,3500,3500,3500,3500,3500,3500,3500,3500,3500,3500,3500,3500,3500,3500,3500,3500,3500,3500,3500,3500,21.206619262695313,0.25751495361328125,68.09737396240234,0.163299560546875,0.27751922607421875,0.2438507080078125,0.312530517578125,0.29482269287109375,0.26325225830078125,0.33802032470703125,0.22669219970703125,0.31667327880859375,5.057640075683594,0.28574371337890625,0.301605224609375,0.27581787109375,0.34864044189453125,0.3631591796875,26.09333038330078,0.19776153564453125,0,233683.6332397461,237383.36877441406,0,34088599552,2147483648,8250982400,0
199,1787751294430,3500,3500,3500,3500,3500,3500,3500,3500,3500,3500,3500,3500,3500,3500,3500,3500,3500,3500,3500,3500,45.086727142333984,0.257781982421875,35.37200164794922,0.2645721435546875,0.47496795654296875,2.8747711181640625,0.3049774169921875,0.303924560546875,0.360107421875,0.43946075439453125,0.4179840087890625,2.974853515625,8.084831237792969,0.33014678955078125,0.330841064453125,0.32665252685546875,0.33099365234375,0.360107421875,17.115447998046875,0.27301788330078125,0,233692.97784423828,237390.5909423828,0,34088599552,2147483648,8250982400,0
199,1787751294630,3500,3500,3500,3500,3500,3500,3500,3500,3500,3500,3500,3500,3500,3500,3500,3500,3500,3500,3500,3500,42.91389083862305,2.7375259399414063,45.542144775390625,0.2002410888671875,0.42107391357421875,0.327850341796875,2.9029769897460938,0.4267730712890625,0.253570556640625,0.310302734375,0.3084564208984375,0.31740570068359375,0.4778594970703125,0.394134521484375,2.8392410278320313,2.8129501342773438,0.31720733642578125,0.29856109619140625,17.518959045410156,2.7526702880859375,0,233703.18621826172,237398.68481445313,0,34088599552,2147483648,8250982400,0
200,1787751294830,3500,3500,3500,3500,3500,3500,3500,3500,3500,3500,3500,3500,3500,3500,3500,3500,3500,3500,3500,3500,48.14813995361328,0.17784881591796875,35.05998992919922,2.6941757202148438,2.7637557983398438,0.31615447998046875,0.21538543701171875,0.1953887939453125,0.28086090087890625,0.270965576171875,0.22502899169921875,0.2613677978515625,1.0983123779296875,2.8482284545898438,0.7654190063476563,0.26806640625,2.7809982299804688,2.77325439453125,27.185592651367188,0.1955413818359375,0,233712.08038330078,237405.45458984375,0,34088599552,2147483648,8250970112,0
200,1787751295031,3500,3500,3500,3500,3500,3500,3500,3500,3500,3500,3500,3500,3500,3500,3500,3500,3500,3500,3500,3500,21.842742919921875,0.2234954833984375,72.42572021484375,0.17101287841796875,0.38697052001953125,0.24230194091796875,0.24364471435546875,2.7660675048828125,2.7202224731445313,2.814605712890625,1.5939788818359375,0.21067047119140625,1.2400360107421875,0.2555694580078125,0.36347198486328125,0.3763427734375,0.24788665771484375,0.2554168701171875,52.715232849121094,0.1368408203125,0,233721.2147216797,237412.4169921875,0,34088599552,2147483648,8275496960,0
200,1787751295231,3500,3500,3500,3500,3500,3500,3500,3500,3500,3500,3500,3500,3500,3500,3500,3500,3500,3500,3500,3500,33.57635498046875,0.3121795654296875,47.259803771972656,0.26157379150390625,0.3379058837890625,0.35935211181640625,0.36269378662109375,0.36234283447265625,0.41040802001953125,0.5172576904296875,1.4722976684570313,0.37799835205078125,10.809349060058594,0.3205108642578125,0.45343780517578125,0.42815399169921875,0.371368408203125,0.366180419921875,17.662918090820313,0.28974151611328125,0,233731.77270507813,237420.85919189453,0,34088599552,2147483648,8275496960,0
200,1787751295431,3500,3500,3500,3500,3500,3500,3500,3500,3500,3500,3500,3500,3500,3500,3500,3500,3500,3500,3500,3500,36.1537971496582,0.24990081787109375,11.46075439453125,0.24684906005859375,0.41595458984375,0.27503204345703125,0.32190704345703125,0.2892303466796875,0.8499908447265625,0.4816131591796875,0.4099578857421875,2.8978652954101563,16.370819091796875,0.29227447509765625,0.3056182861328125,0.32100677490234375,0.32665252685546875,0.29532623291015625,41.18074417114258,0.2020263671875,0,233739.6011352539,237426.57739257813,0,34088599552,2147483648,8275431424,0
200,1787751295632,3500,3500,3500,3500,3500,3500,3500,3500,3500,3500,3500,3500,3500,3500,3500,3500,3500,3500,3500,3500,10.436065673828125,2.7553939819335938,61.99360656738281,0.1254730224609375,0.2605743408203125,2.7966842651367188,0.35094451904296875,0.2271270751953125,0.3653717041015625,0.432830810546875,0.44835662841796875,0.35404205322265625,19.418624877929688,0.22707366943359375,2.7429656982421875,2.7636337280273438,0.22428131103515625,0.24654388427734375,18.03076934814453,2.682098388671875,0,233749.0880126953,237433.91790771484,0,34088599552,2147483648,8275427328,0
200,1787751295832,3500,3500,3500,3500,3500,3500,3500,3500,3500,3500,3500,3500,3500,3500,3500,3500,3500,3500,3500,3500,32.3399658203125,0.2944793701171875,42.39581298828125,2.771820068359375,2.909027099609375,0.3708953857421875,2.9773101806640625,0.443817138671875,0.4957275390625,0.41497039794921875,0.5322113037109375,0.45245361328125,3.71875,2.9280929565429688,0.31015777587890625,0.31349945068359375,2.848236083984375,2.8407516479492188,30.37297821044922,0.24352264404296875,0,233757.37573242188,237440.09197998047,0,34088599552,2147483648,8275423232,0
200,1787751296032,3500,3500,3500,3500,3500,3500,3500,3500,3500,3500,3500,3500,3500,3500,3500,3500,3500,3500,3500,3500,45.8118896484375,0.20975494384765625,41.77579116821289,0.20446014404296875,0.30017852783203125,0.27710723876953125,0.25179290771484375,2.8211135864257813,2.9274673461914063,2.8739395141601563,0.4138641357421875,0.43059539794921875,0.9228973388671875,0.38295745849609375,0.3074188232421875,0.2991790771484375,0.3034210205078125,0.3872528076171875,19.142059326171875,0.20815277099609375,0,233764.3212890625,237444.90661621094,0,34088599552,2147483648,8275537920,0
200,1787751296233,3500,3500,3500,3500,3500,3500,3500,3500,3500,3500,3500,3500,3500,3500,3500,3500,3500,3500,3500,3500,29.483924865722656,0.20902252197265625,54.21321487426758,0.18854522705078125,0.21631622314453125,0.20937347412109375,0.25018310546875,0.28754425048828125,0.262969970703125,0.25887298583984375,2.7938461303710938,0.27884674072265625,10.479171752929688,0.31076812744140625,8.277694702148438,0.27989959716796875,0.373748779296875,0.39252471923828125,5.4594268798828125,0.270660400390625,0,233773.38024902344,237451.84741210938,0,34088599552,2147483648,8275521536,0
200,1787751296433,3500,3500,3500,3500,3500,3500,3500,3500,3500,3500,3500,3500,3500,3500,3500,3500,3500,3500,3500,3500,30.44256591796875,0.2548370361328125,48.39166259765625,0.2042083740234375,0.33782196044921875,0.26397705078125,0.26442718505859375,0.27960205078125,0.33946990966796875,0.2641754150390625,0.3058624267578125,2.8122940063476563,8.19488525390625,0.31734466552734375,0.31549835205078125,0.2891845703125,0.40627288818359375,0.414459228515625,21.595855712890625,0.29732513427734375,0,233783.65789794922,237459.98278808594,0,34088599552,2147483648,8275525632,0
200,1787751296633,3500,3500,3500,3500,3500,3500,3500,3500,3500,3500,3500,3500,3500,3500,3500,3500,3500,3500,3500,3500,51.129615783691406,2.76129150390625,21.782264709472656,0.26465606689453125,0.40032958984375,2.82568359375,0.2880706787109375,0.27324676513671875,0.2943572998046875,0.237701416015625,0.3610992431640625,0.2943115234375,0.3750762939453125,0.2989501953125,2.8279800415039063,2.8151016235351563,0.4185028076171875,0.4280853271484375,33.505462646484375,2.764190673828125,0,233793.30810546875,237467.51501464844,0,34088599552,2147483648,8275525632,0
200,1787751296834,3500,3500,3500,3500,3500,3500,3500,3500,3500,3500,3500,3500,3500,3500,3500,3500,3500,3500,3500,3500,46.70948791503906,0.2230682373046875,47.579383850097656,2.7416839599609375,2.8505706787109375,0.2901611328125,2.8551177978515625,0.2124786376953125,0.356414794921875,0.28437042236328125,0.3883209228515625,0.30938720703125,2.4372940063476563,2.7973480224609375,0.36325836181640625,0.339691162109375,2.9029464721679688,2.8841171264648438,11.670684814453125,0.237945556640625,0,233801.7173461914,237473.79949951172,0,34088599552,2147483648,8275525632,0
200,1787751297034,3500,3500,3500,3500,3500,3500,3500,3500,3500,3500,3500,3500,3500,3500,3500,3500,3500,3500,3500,3500,16.38341522216797,0.24761199951171875,49.94420623779297,0.16286468505859375,0.14246368408203125,0.25225067138671875,0.26352691650390625,2.1250152587890625,2.9191360473632813,2.9425811767578125,0.3924713134765625,0.3232879638671875,0.28762054443359375,0.24277496337890625,0.3522186279296875,0.34996795654296875,0.25405120849609375,0.2530517578125,39.90761947631836,0.14002227783203125,0,233809.38232421875,237479.32836914063,0,34088599552,2147483648,8275656704,0
200,1787751297235,3500,3500,3500,3500,3500,3500,3500,3500,3500,3500,3500,3500,3500,3500,3500,3500,3500,3500,3500,3500,33.06648254394531,0.1949920654296875,41.79829788208008,0.1974334716796875,0.30345916748046875,0.17823028564453125,0.2862548828125,0.8302764892578125,0.3113861083984375,0.2598724365234375,2.8519439697265625,0.20964813232421875,21.011505126953125,0.24027252197265625,1.3875198364257813,0.27861785888671875,11.15966796875,0.21453857421875,22.575363159179688,0.1786346435546875,0,233819.64965820313,237487.42504882813,0,34088599552,2147483648,8275656704,0
199,1787751297435,3500,3500,3500,3500,3500,3500,3500,3500,3500,3500,3500,3500,3500,3500,3500,3500,3500,3500,3500,3500,35.91593933105469,0.35803985595703125,32.094947814941406,0.29998779296875,1.0287857055664063,0.37958526611328125,0.32018280029296875,0.3759918212890625,0.495941162109375,0.5302505493164063,0.46183013916015625,3.0738906860351563,8.280807495117188,0.36566925048828125,0.36138153076171875,0.412200927734375,0.36232757568359375,0.411407470703125,28.452651977539063,0.2958984375,0,233827.5516357422,237493.21551513672,0,34088599552,2147483648,8275656704,0
199,1787751297635,3500,3500,3500,3500,3500,3500,3500,3500,3500,3500,3500,3500,3500,3500,3500,3500,3500,3500,3500,3500,37.300106048583984,2.7552032470703125,36.29238510131836,0.20880889892578125,0.24965667724609375,2.7711029052734375,0.30689239501953125,0.2743988037109375,0.39377593994140625,0.4926605224609375,0.39682769775390625,0.5230026245117188,8.16998291015625,0.27610015869140625,2.8115463256835938,2.7835006713867188,0.302093505859375,0.33203887939453125,24.98761749267578,2.7318572998046875,0,233836.64349365234,237500.18591308594,0,34088599552,2147483648,8275636224,0
200,1787751297835,3500,3500,3500,3500,3500,3500,3500,3500,3500,3500,3500,3500,3500,3500,3500,3500,3500,3500,3500,3500,13.531753540039063,0.2227630615234375,43.558265686035156,2.707611083984375,0.30304718017578125,0.22165679931640625,2.7674026489257813,0.188812255859375,0.3672332763671875,0.423370361328125,0.32479095458984375,0.3925323486328125,34.48571014404297,2.7469558715820313,0.41237640380859375,0.2318572998046875,2.849884033203125,2.8620834350585938,22.843711853027344,0.19066619873046875,0,233846.01763916016,237507.43017578125,0,34088599552,2147483648,8264851456,0
200,1787751298035,3500,3500,3500,3500,3500,3500,3500,3500,3500,3500,3500,3500,3500,3500,3500,3500,3500,3500,3500,3500,10.9542236328125,0.34525299072265625,14.364692687988281,0.32538604736328125,3.3866653442382813,0.3093109130859375,0.25629425048828125,0.35204315185546875,2.9064788818359375,2.8699874877929688,0.35079193115234375,0.35149383544921875,18.37835693359375,0.28549957275390625,0.36362457275390625,0.31090545654296875,0.354583740234375,0.39197540283203125,64.10291290283203,0.17491912841796875,0,233853.55633544922,237512.8408203125,0,34088599552,2147483648,8264933376,0
200,1787751298236,3500,3500,3500,3500,3500,3500,3500,3500,3500,3500,3500,3500,3500,3500,3500,3500,3500,3500,3500,3500,32.31523132324219,0.25182342529296875,39.64683532714844,0.23960113525390625,0.46337890625,0.38881683349609375,0.393157958984375,3.0064926147460938,0.2437896728515625,0.25252532958984375,2.8346176147460938,0.30432891845703125,10.331008911132813,0.2682952880859375,0.43119049072265625,0.39191436767578125,0.4151153564453125,0.40448760986328125,25.14532470703125,0.216644287109375,0,233862.6558227539,237520.25842285156,0,34088599552,2147483648,8264933376,0
200,1787751298436,3500,3500,3500,3500,3500,3500,3500,3500,3500,3500,3500,3500,3500,3500,3500,3500,3500,3500,3500,3500,7.287132263183594,0.29061126708984375,76.01959228515625,0.1610870361328125,0.6726531982421875,0.36236572265625,0.39087677001953125,0.46807861328125,0.423736572265625,0.3057403564453125,0.29845428466796875,2.766357421875,0.2843170166015625,0.304046630859375,0.3917236328125,0.38678741455078125,0.392425537109375,0.39417266845703125,22.10736083984375,0.2285919189453125,0,233870.5684814453,237525.70050048828,0,34088599552,2147483648,8264929280,0
200,1787751298636,3500,3500,3500,3500,3500,3500,3500,3500,3500,3500,3500,3500,3500,3500,3500,3500,3500,3500,3500,3500,25.02227783203125,2.8097915649414063,47.66591262817383,0.1823883056640625,0.32654571533203125,2.8566970825195313,0.37470245361328125,0.40848541259765625,0.29036712646484375,0.27425384521484375,0.27594757080078125,0.25968170166015625,0.3991546630859375,0.27295684814453125,2.9041519165039063,2.8820953369140625,0.374603271484375,0.38348388671875,34.30314636230469,2.7245101928710938,0,233878.21221923828,237531.46575927734,0,34088599552,2147483648,8264994816,0
200,1787751298837,3500,3500,3500,3500,3500,3500,3500,3500,3500,3500,3500,3500,3500,3500,3500,3500,3500,3500,3500,3500,41.88921356201172,0.2472991943359375,33.87798309326172,0.22643280029296875,0.3646392822265625,0.4180145263671875,3.0133590698242188,0.405975341796875,0.2841033935546875,0.2997283935546875,0.2746124267578125,0.2567901611328125,23.671340942382813,2.75592041015625,0.3529052734375,0.35369873046875,2.868011474609375,2.891632080078125,12.197288513183594,0.269317626953125,0,233888.10382080078,237538.88305664063,0,34088599552,2147483648,8264978432,0
200,1787751299037,3500,3500,3500,3500,3500,3500,3500,3500,3500,3500,3500,3500,3500,3500,3500,3500,3500,3500,3500,3500,15.776077270507813,0.27016448974609375,33.854835510253906,2.7198410034179688,2.91143798828125,0.47805023193359375,0.47299957275390625,0.38614654541015625,0.21112823486328125,2.7559585571289063,0.284149169921875,0.27561187744140625,0.2824554443359375,0.27780914306640625,0.2895965576171875,0.28040313720703125,0.2783050537109375,0.28734588623046875,57.10975646972656,0.1989898681640625,0,233899.09844970703,237547.76055908203,0,34088599552,2147483648,8265035776,0
200,1787751299237,3500,3500,3500,3500,3500,3500,3500,3500,3500,3500,3500,3500,3500,3500,3500,3500,3500,3500,3500,3500,33.01557159423828,0.25945281982421875,33.76695251464844,0.24411773681640625,0.33135223388671875,0.292327880859375,0.28333282470703125,2.8130264282226563,2.8296127319335938,0.31116485595703125,2.7529220581054688,0.22628021240234375,2.8806228637695313,0.329254150390625,0.30661773681640625,0.3056182861328125,0.3158111572265625,0.30896759033203125,39.598602294921875,0.22863006591796875,0,233908.14129638672,237554.68536376953,0,34088599552,2147483648,8265035776,0
200,1787751299438,3500,3500,3500,3500,3500,3500,3500,3500,3500,3500,3500,3500,3500,3500,3500,3500,3500,3500,3500,3500,27.267990112304688,0.22429656982421875,55.77509689331055,0.1929168701171875,0.46161651611328125,0.29338836669921875,0.3068084716796875,0.2418060302734375,0.20209503173828125,0.294586181640625,0.24559783935546875,2.7327728271484375,8.142585754394531,0.26964569091796875,0.26390838623046875,0.26650238037109375,0.266204833984375,0.29703521728515625,16.13037109375,0.20394134521484375,0,233918.55493164063,237562.95184326172,0,34088599552,2147483648,8265302016,0
200,1787751299638,3500,3500,3500,3500,3500,3500,3500,3500,3500,3500,3500,3500,3500,3500,3500,3500,3500,3500,3500,3500,48.25019073486328,0.8514633178710938,38.669437408447266,0.21485137939453125,0.363861083984375,2.8030624389648438,0.3038177490234375,0.3238525390625,0.3218536376953125,0.36061859130859375,0.372406005859375,0.282440185546875,8.197578430175781,0.3303985595703125,10.694976806640625,2.8179473876953125,0.39563751220703125,0.41656494140625,2.215301513671875,2.7440185546875,0,233926.67071533203,237568.94409179688,0,34088599552,2147483648,8265302016,0
200,1787751299838,3500,3500,3500,3500,3500,3500,3500,3500,3500,3500,3500,3500,3500,3500,3500,3500,3500,3500,3500,3500,26.96233367919922,2.1587295532226563,35.050132751464844,0.201995849609375,0.27947998046875,0.3307647705078125,2.7354965209960938,0.2583770751953125,0.4800262451171875,0.49005889892578125,0.40814208984375,0.38588714599609375,15.951904296875,2.8364715576171875,0.33535003662109375,0.27458953857421875,0.394622802734375,2.9252700805664063,33.335365295410156,0.21446990966796875,0,233936.97076416016,237577.13299560547,0,34088599552,2147483648,8264515584,0
200,1787751300039,3500,3500,3500,3500,3500,3500,3500,3500,3500,3500,3500,3500,3500,3500,3500,3500,3500,3500,3500,3500,33.59490966796875,0.28911590576171875,52.247474670410156,2.6863327026367188,13.245475769042969,0.2420196533203125,0.2166748046875,0.272003173828125,0.6628875732421875,3.0059280395507813,0.36859130859375,0.37596893310546875,1.211578369140625,0.37911224365234375,0.377471923828125,0.34344482421875,2.8767623901367188,0.337554931640625,25.50397491455078,0.24710845947265625,0,233946.2772216797,237584.2826538086,0,34088599552,2147483648,8266481664,0
200,1787751300239,3500,3500,3500,3500,3500,3500,3500,3500,3500,3500,3500,3500,3500,3500,3500,3500,3500,3500,3500,3500,28.32946014404297,0.29058837890625,60.42244338989258,0.17351531982421875,0.29962158203125,0.26570892333984375,0.4368743896484375,2.9030990600585938,2.8755264282226563,0.289337158203125,2.8179397583007813,0.326446533203125,6.155418395996094,0.3238983154296875,0.3880767822265625,0.366455078125,0.3017730712890625,0.3046722412109375,16.051437377929688,0.22965240478515625,0,233955.62060546875,237591.4927368164,0,34088599552,2147483648,8266207232,0
200,1787751300439,3500,3500,3500,3500,3500,3500,3500,3500,3500,3500,3500,3500,3500,3500,3500,3500,3500,3500,3500,3500,36.692710876464844,0.25110626220703125,57.20143127441406,0.185546875,0.6691207885742188,0.3589935302734375,0.45688629150390625,0.4747314453125,0.39217376708984375,0.35164642333984375,0.33196258544921875,2.9993362426757813,0.461334228515625,0.29578399658203125,0.29618072509765625,0.3244171142578125,0.33245849609375,0.2922821044921875,10.47735595703125,0.2360687255859375,0,233965.65753173828,237599.41766357422,0,34088599552,2147483648,8266272768,0
200,1787751300640,3500,3500,3500,3500,3500,3500,3500,3500,3500,3500,3500,3500,3500,3500,3500,3500,3500,3500,3500,3500,31.6649169921875,0.2002716064453125,39.71710968017578,0.13787078857421875,0.44782257080078125,2.8751068115234375,0.42258453369140625,0.39545440673828125,0.34781646728515625,0.20116424560546875,0.233489990234375,0.2299957275390625,15.823501586914063,0.2736968994140625,2.7571868896484375,2.7530517578125,0.25438690185546875,0.2501983642578125,17.605079650878906,2.6998291015625,0,233976.28985595703,237607.93591308594,0,34088599552,2147483648,8266272768,0
200,1787751300840,3500,3500,3500,3500,3500,3500,3500,3500,3500,3500,3500,3500,3500,3500,3500,3500,3500,3500,3500,3500,44.503089904785156,2.7934341430664063,31.26300811767578,0.2266082763671875,0.38297271728515625,0.35082244873046875,3.0311813354492188,0.5032424926757813,0.4967498779296875,0.47493743896484375,0.4052886962890625,0.49280548095703125,9.96966552734375,2.8927841186523438,0.3175201416015625,0.31267547607421875,0.28212738037109375,2.844512939453125,37.2882194519043,0.19255828857421875,0,233986.46954345703,237615.95416259766,0,34088599552,2147483648,8266604544,0
200,1787751301040,3500,3500,3500,3500,3500,3500,3500,3500,3500,3500,3500,3500,3500,3500,3500,3500,3500,3500,3500,3500,29.714797973632813,0.22021484375,35.02783203125,2.710357666015625,2.8484344482421875,0.30399322509765625,0.4661712646484375,0.44356536865234375,0.34366607666015625,2.9565658569335938,0.35195159912109375,0.46701812744140625,0.5763015747070313,0.418914794921875,8.038810729980469,0.32759857177734375,2.841949462890625,0.36392974853515625,37.92372131347656,0.17694854736328125,0,233996.56115722656,237623.91790771484,0,34088599552,2147483648,8266731520,0
199,1787751301241,3500,3500,3500,3500,3500,3500,3500,3500,3500,3500,3500,3500,3500,3500,3500,3500,3500,3500,3500,3500,27.120849609375,0.3341827392578125,25.201141357421875,0.325653076171875,0.3998870849609375,0.41260528564453125,0.5383682250976563,3.0130615234375,2.923919677734375,0.41510009765625,2.9213714599609375,0.44687652587890625,37.90081024169922,0.31333160400390625,0.41265869140625,0.38033294677734375,0.47835540771484375,0.46533966064453125,17.001632690429688,0.28604888916015625,0,234006.45178222656,237631.6821899414,0,34088599552,2147483648,8266731520,0
200,1787751301441,3500,3500,3500,3500,3500,3500,3500,3500,3500,3500,3500,3500,3500,3500,3500,3500,3500,3500,3500,3500,32.801063537597656,0.2991943359375,42.226783752441406,0.19464874267578125,0.41707611083984375,0.3312225341796875,0.47664642333984375,0.34851837158203125,0.7412567138671875,0.34651947021484375,0.33312225341796875,2.3560562133789063,11.817802429199219,0.28530120849609375,0.26895904541015625,0.32242584228515625,0.3855438232421875,0.39404296875,18.221969604492188,0.21443939208984375,0,234015.65490722656,237638.7607421875,0,34088599552,2147483648,8266731520,0
199,1787751301641,3500,3500,3500,3500,3500,3500,3500,3500,3500,3500,3500,3500,3500,3500,3500,3500,3500,3500,3500,3500,36.42464065551758,0.28751373291015625,38.9462776184082,0.23899078369140625,1.4740753173828125,3.006866455078125,0.5634765625,0.488128662109375,3.5972213745117188,0.6846466064453125,0.6302337646484375,1.283905029296875,17.603775024414063,0.27716827392578125,9.58612060546875,2.84552001953125,0.7776870727539063,0.41082763671875,50.00197219848633,2.7710723876953125,0,234025.55157470703,237646.49212646484,0,34088599552,2147483648,8273616896,0
200,1787751301841,3500,3500,3500,3500,3500,3500,3500,3500,3500,3500,3500,3500,3500,3500,3500,3500,3500,3500,3500,3500,13.447074890136719,2.7809677124023438,52.119422912597656,0.2028961181640625,0.25582122802734375,0.297454833984375,2.8291473388671875,0.2677154541015625,0.5002517700195313,0.379608154296875,0.44483184814453125,0.4834136962890625,8.249504089355469,0.39960479736328125,0.314697265625,0.3105926513671875,0.31844329833984375,2.8324432373046875,34.796470642089844,0.19989776611328125,0,234033.38256835938,237652.20001220703,0,34088599552,2147483648,8273616896,0
200,1787751302041,3500,3500,3500,3500,3500,3500,3500,3500,3500,3500,3500,3500,3500,3500,3500,3500,3500,3500,3500,3500,27.879501342773438,0.23493194580078125,58.20316696166992,2.6849899291992188,3.5015106201171875,0.3129119873046875,0.4081573486328125,0.3958282470703125,0.44919586181640625,0.3155517578125,0.32459259033203125,0.33477783203125,0.3287353515625,2.779693603515625,0.27606964111328125,0.2643890380859375,2.7696075439453125,0.30037689208984375,22.945632934570313,0.20572662353515625,0,234042.91455078125,237659.6112060547,0,34088599552,2147483648,8273166336,0
200,1787751302241,3500,3500,3500,3500,3500,3500,3500,3500,3500,3500,3500,3500,3500,3500,3500,3500,3500,3500,3500,3500,12.809867858886719,0.29061126708984375,70.26866912841797,0.18373870849609375,0.41086578369140625,0.2804718017578125,0.30179595947265625,2.8734893798828125,2.7499313354492188,2.8884201049804688,2.8182525634765625,0.279571533203125,2.8386306762695313,0.30139923095703125,0.30344390869140625,0.27613067626953125,0.28202056884765625,0.2700347900390625,28.106582641601563,0.21105194091796875,0,234052.3129272461,237666.8916015625,0,34088599552,2147483648,8273240064,0
200,1787751302442,3500,3500,3500,3500,3500,3500,3500,3500,3500,3500,3500,3500,3500,3500,3500,3500,3500,3500,3500,3500,24.197540283203125,0.27498626708984375,33.8526611328125,0.20275115966796875,1.543060302734375,0.316741943359375,0.27294158935546875,0.26071929931640625,0.30406951904296875,0.29419708251953125,0.24036407470703125,0.269500732421875,15.898246765136719,0.24680328369140625,0.3740692138671875,0.3526611328125,0.2996826171875,0.2802276611328125,33.239524841308594,0.15839385986328125,0,234061.36669921875,237673.7876586914,0,34088599552,2147483648,8273575936,0
200,1787751302642,3500,3500,3500,3500,3500,3500,3500,3500,3500,3500,3500,3500,3500,3500,3500,3500,3500,3500,3500,3500,12.195930480957031,0.3156890869140625,45.862674713134766,0.24456024169921875,0.39923858642578125,2.81414794921875,0.3190765380859375,0.3140411376953125,0.34466552734375,0.25753021240234375,0.3338470458984375,2.8291168212890625,0.3619232177734375,0.32711029052734375,2.9498214721679688,2.929718017578125,0.318084716796875,0.33713531494140625,46.572505950927734,2.7530975341796875,0,234071.29998779297,237681.60540771484,0,34088599552,2147483648,8273276928,0
200,1787751302843,3500,3500,3500,3500,3500,3500,3500,3500,3500,3500,3500,3500,3500,3500,3500,3500,3500,3500,3500,3500,36.15156173706055,2.774017333984375,40.20066452026367,0.173553466796875,3.0374374389648438,0.2707061767578125,2.8280563354492188,0.24275970458984375,0.2381744384765625,0.30877685546875,0.24720001220703125,0.2291412353515625,4.4564361572265625,0.29221343994140625,0.339813232421875,0.3163604736328125,0.26097869873046875,2.4328079223632813,27.896224975585938,0.18737030029296875,0,234081.04907226563,237689.2182006836,0,34088599552,2147483648,8273276928,0
200,1787751303043,3500,3500,3500,3500,3500,3500,3500,3500,3500,3500,3500,3500,3500,3500,3500,3500,3500,3500,3500,3500,7.976951599121094,0.30995941162109375,82.25482177734375,2.7042770385742188,2.8755111694335938,0.27471923828125,0.29608154296875,0.27631378173828125,0.27341461181640625,0.345703125,0.312255859375,0.2501068115234375,0.47370147705078125,2.8019790649414063,0.39537811279296875,0.394927978515625,2.8596878051757813,0.7706832885742188,21.63463592529297,0.2355804443359375,0,234090.70538330078,237696.73120117188,0,34088599552,2147483648,8273899520,0
200,1787751303243,3500,3500,3500,3500,3500,3500,3500,3500,3500,3500,3500,3500,3500,3500,3500,3500,3500,3500,3500,3500,4.888999938964844,0.316986083984375,93.8491439819336,0.1319122314453125,0.24853515625,0.19461822509765625,0.26062774658203125,2.8383636474609375,2.7427749633789063,2.8374099731445313,2.8022842407226563,0.2783660888671875,2.8181228637695313,0.276519775390625,0.366302490234375,0.3331298828125,0.39109039306640625,0.38379669189453125,7.739250183105469,0.26902008056640625,0,234098.47790527344,237702.37731933594,0,34088599552,2147483648,8273879040,0
200,1787751303444,3500,3500,3500,3500,3500,3500,3500,3500,3500,3500,3500,3500,3500,3500,3500,3500,3500,3500,3500,3500,21.365463256835938,0.2878570556640625,70.80035400390625,0.17675018310546875,0.4820709228515625,0.28870391845703125,0.3579864501953125,0.33856964111328125,0.28371429443359375,0.27013397216796875,0.28720855712890625,0.331878662109375,0.30452728271484375,0.3371734619140625,0.42617034912109375,0.40869903564453125,0.41339111328125,0.41748809814453125,12.327339172363281,0.29344940185546875,0,234107.6416015625,237709.41815185547,0,34088599552,2147483648,8274366464,0
200,1787751303644,3500,3500,3500,3500,3500,3500,3500,3500,3500,3500,3500,3500,3500,3500,3500,3500,3500,3500,3500,3500,11.676788330078125,0.32286834716796875,59.0131950378418,0.18526458740234375,0.2965850830078125,2.8971786499023438,0.2601165771484375,0.30757904052734375,0.2545166015625,0.27240753173828125,0.3344573974609375,2.765472412109375,0.303985595703125,0.30248260498046875,2.8871841430664063,0.36379241943359375,0.407257080078125,0.39546966552734375,33.34022521972656,2.73779296875,0,234117.18884277344,237716.85900878906,0,34088599552,2147483648,8274366464,0
200,1787751303844,3500,3500,3500,3500,3500,3500,3500,3500,3500,3500,3500,3500,3500,3500,3500,3500,3500,3500,3500,3500,35.72785949707031,2.8108139038085938,33.24949645996094,0.1853179931640625,0.22519683837890625,0.221405029296875,2.7968368530273438,0.18856048583984375,0.212371826171875,0.26238250732421875,0.21656036376953125,0.315582275390625,33.66545104980469,0.28314208984375,2.4539031982421875,2.91387939453125,0.3522186279296875,0.3544158935546875,20.52960205078125,0.1623077392578125,0,234126.7427368164,237724.25372314453,0,34088599552,2147483648,8275812352,0
200,1787751304044,3500,3500,3500,3500,3500,3500,3500,3500,3500,3500,3500,3500,3500,3500,3500,3500,3500,3500,3500,3500,30.527145385742188,0.2459716796875,43.95952606201172,2.7311859130859375,3.777862548828125,0.21585845947265625,0.3155975341796875,0.32448577880859375,0.318939208984375,0.31165313720703125,0.3121490478515625,0.4189300537109375,8.812416076660156,2.8817138671875,0.4234771728515625,0.4119415283203125,2.8020095825195313,2.7931671142578125,25.216957092285156,0.21276092529296875,0,234136.66540527344,237732.05352783203,0,34088599552,2147483648,8275808256,0
200,1787751304245,3500,3500,3500,3500,3500,3500,3500,3500,3500,3500,3500,3500,3500,3500,3500,3500,3500,3500,3500,3500,28.513832092285156,0.24282073974609375,66.03629302978516,0.19178009033203125,0.35619354248046875,0.28437042236328125,0.30924224853515625,2.813262939453125,2.9565505981445313,2.9675827026367188,2.8991622924804688,0.4089813232421875,2.868499755859375,0.334564208984375,0.4051361083984375,0.426055908203125,0.32497406005859375,0.35034942626953125,9.834732055664063,0.25255584716796875,0,234145.8003540039,237739.06774902344,0,34088599552,2147483648,8275804160,0
200,1787751304445,3500,3500,3500,3500,3500,3500,3500,3500,3500,3500,3500,3500,3500,3500,3500,3500,3500,3500,3500,3500,24.50604248046875,0.2473297119140625,44.2435302734375,0.17469024658203125,0.5182647705078125,0.2584075927734375,0.294952392578125,0.29131317138671875,0.32515716552734375,0.3452301025390625,0.31192779541015625,0.3367919921875,16.201866149902344,0.274932861328125,0.43743896484375,0.302093505859375,0.4662933349609375,0.4881134033203125,23.581336975097656,0.18996429443359375,0,234155.21417236328,237746.43719482422,0,34088599552,2147483648,8276140032,0
201,1787751304645,3500,3500,3500,3500,3500,3500,3500,3500,3500,3500,3500,3500,3500,3500,3500,3500,3500,3500,3500,3500,56.91970443725586,0.2033843994140625,24.230918884277344,0.22306060791015625,0.29192352294921875,2.7961807250976563,0.24958038330078125,0.22965240478515625,0.2830352783203125,0.298614501953125,0.30290985107421875,2.8166580200195313,0.5714645385742188,0.3006134033203125,2.8382797241210938,0.2667083740234375,0.49691009521484375,0.5187301635742188,24.46771240234375,2.7227783203125,0,234166.00567626953,237755.43963623047,0,34088599552,2147483648,8276967424,0
200,1787751304846,3500,3500,3500,3500,3500,3500,3500,3500,3500,3500,3500,3500,3500,3500,3500,3500,3500,3500,3500,3500,19.715911865234375,2.222076416015625,65.24960327148438,0,0,0,2.2581558227539063,0,0,0,0,0,0,0,0,2.2450103759765625,0,0,22.83880615234375,0,0,234175.9711303711,237762.8282470703,0,34088599552,2147483648,8277037056,0
200,1787751305047,3500,3500,3500,3500,3500,3500,3500,3500,3500,3500,3500,3500,3500,3500,3500,3500,3500,3500,3500,3500,42.314388275146484,0.7908172607421875,32.652496337890625,3.3432769775390625,3.4346160888671875,0.8390960693359375,0.79156494140625,0.8628387451171875,0.9681854248046875,1.0663833618164063,0.8848953247070313,1.0343475341796875,9.709571838378906,3.3638381958007813,0.96307373046875,0.9478225708007813,3.4309463500976563,3.4266204833984375,26.398849487304688,0.7764129638671875,0,234187.04174804688,237771.78674316406,0,34088599552,2147483648,8277090304,0
200,1787751305247,3500,3500,3500,3500,3500,3500,3500,3500,3500,3500,3500,3500,3500,3500,3500,3500,3500,3500,3500,3500,32.498329162597656,0.20148468017578125,37.92542266845703,0.1816253662109375,0.2589111328125,0.24324798583984375,0.27178955078125,2.8277816772460938,2.8380126953125,2.8367156982421875,2.852783203125,0.30611419677734375,3.3213119506835938,0.26659393310546875,0.37227630615234375,0.3418426513671875,0.27927398681640625,0.29613494873046875,36.133140563964844,0.19724273681640625,0,234195.64154052734,237778.23077392578,0,34088599552,2147483648,8279580672,0
200,1787751305447,3500,3500,3500,3500,3500,3500,3500,3500,3500,3500,3500,3500,3500,3500,3500,3500,3500,3500,3500,3500,31.80797576904297,0.260284423828125,17.86920928955078,0.274322509765625,0.342132568359375,0.28351593017578125,0.3583221435546875,0.2464447021484375,0.49798583984375,0.3308868408203125,0.26873016357421875,0.34307861328125,16.17414093017578,0.263031005859375,0.37191009521484375,0.31545257568359375,0.304656982421875,0.31060028076171875,40.21076583862305,0.1851348876953125,0,234204.53509521484,237785.00610351563,0,34088599552,2147483648,8279969792,0
199,1787751305647,3500,3500,3500,3500,3500,3500,3500,3500,3500,3500,3500,3500,3500,3500,3500,3500,3500,3500,3500,3500,51.57569885253906,0.2381744384765625,34.87487030029297,0.22458648681640625,0.3715362548828125,2.8136138916015625,0.29184722900390625,0.2952423095703125,0.4604644775390625,0.44828033447265625,0.3902587890625,2.8650436401367188,0.430206298828125,0.3614501953125,2.917266845703125,0.34967041015625,0.32724761962890625,0.335784912109375,18.064743041992188,2.7974853515625,0,234213.6925048828,237792.046875,0,34088599552,2147483648,8280141824,0
199,1787751305847,3500,3500,3500,3500,3500,3500,3500,3500,3500,3500,3500,3500,3500,3500,3500,3500,3500,3500,3500,3500,41.042091369628906,2.7518844604492188,20.022964477539063,0.2523193359375,0.24897003173828125,0.2389678955078125,2.8550949096679688,0.24456787109375,0.310699462890625,0.316741943359375,0.308746337890625,0.3314361572265625,8.0506591796875,0.2812042236328125,0.5662612915039063,2.845550537109375,0.31634521484375,0.33783721923828125,36.98299789428711,0.1845855712890625,0,234222.80810546875,237799.03143310547,0,34088599552,2147483648,8280207360,0
199,1787751306048,3500,3500,3500,3500,3500,3500,3500,3500,3500,3500,3500,3500,3500,3500,3500,3500,3500,3500,3500,3500,38.174808502197266,0.2703704833984375,27.154556274414063,2.7403945922851563,3.2625885009765625,0.236328125,0.24512481689453125,0.27227020263671875,0.2350311279296875,0.277618408203125,0.23468017578125,0.2580718994140625,17.51483917236328,2.783477783203125,0.231781005859375,0.293060302734375,2.8616561889648438,2.8595046997070313,32.058555603027344,0.1667022705078125,0,234232.9246826172,237807.0048828125,0,34088599552,2147483648,8282472448,0
200,1787751306248,3500,3500,3500,3500,3500,3500,3500,3500,3500,3500,3500,3500,3500,3500,3500,3500,3500,3500,3500,3500,10.824073791503906,0.25879669189453125,55.122249603271484,0.1999664306640625,0.326416015625,0.27274322509765625,0.2726898193359375,2.8341140747070313,2.8293685913085938,2.7612991333007813,2.8336639404296875,0.2519989013671875,10.828468322753906,0.3469085693359375,0.31812286376953125,0.27259063720703125,0.2984771728515625,0.347564697265625,29.912132263183594,0.18282318115234375,0,234241.75036621094,237813.7247314453,0,34088599552,2147483648,8282533888,0
200,1787751306448,3500,3500,3500,3500,3500,3500,3500,3500,3500,3500,3500,3500,3500,3500,3500,3500,3500,3500,3500,3500,40.07918930053711,0.220916748046875,34.17272186279297,0.1957244873046875,0.33492279052734375,0.2854766845703125,0.29940032958984375,0.240081787109375,0.27874755859375,0.26462554931640625,0.2841796875,0.27684783935546875,0.48175048828125,0.3659515380859375,0.26757049560546875,0.29900360107421875,0.30788421630859375,0.306884765625,30.732452392578125,0.25240325927734375,0,234250.5785522461,237820.42614746094,0,34088599552,2147483648,8282669056,0
200,1787751306648,3500,3500,3500,3500,3500,3500,3500,3500,3500,3500,3500,3500,3500,3500,3500,3500,3500,3500,3500,3500,32.3336181640625,0.30020904541015625,59.974609375,0.2062835693359375,0.26538848876953125,2.820037841796875,0.30985260009765625,0.25479888916015625,0.27068328857421875,0.329132080078125,0.35236358642578125,2.7693252563476563,0.3108978271484375,0.32553863525390625,0.33133697509765625,0.30780029296875,0.3243408203125,0.31005096435546875,11.470634460449219,2.8333206176757813,0,234259.2445678711,237826.95971679688,0,34088599552,2147483648,8282775552,0
200,1787751306849,3500,3500,3500,3500,3500,3500,3500,3500,3500,3500,3500,3500,3500,3500,3500,3500,3500,3500,3500,3500,21.848236083984375,2.7681961059570313,47.38741683959961,0.15990447998046875,0.2407379150390625,0.20284271240234375,2.7880172729492188,0.282867431640625,0.2448272705078125,0.29006195068359375,0.1776275634765625,0.2352447509765625,27.96215057373047,0.23299407958984375,2.78662109375,2.7592086791992188,0.27443695068359375,0.2569122314453125,22.47857666015625,0.20264434814453125,0,234268.52404785156,237834.0997314453,0,34088599552,2147483648,8283734016,0
200,1787751307049,3500,3500,3500,3500,3500,3500,3500,3500,3500,3500,3500,3500,3500,3500,3500,3500,3500,3500,3500,3500,19.638259887695313,0.29370880126953125,41.536319732666016,2.7919692993164063,2.7775344848632813,0.1992034912109375,0.36403656005859375,0.2816162109375,0.29755401611328125,0.253997802734375,0.2657318115234375,0.313934326171875,0.37987518310546875,2.7923202514648438,0.3000030517578125,0.30794525146484375,2.9040603637695313,2.8560562133789063,49.4072380065918,0.2081451416015625,0,234279.25555419922,237842.69842529297,0,34088599552,2147483648,8283709440,0
200,1787751307249,3500,3500,3500,3500,3500,3500,3500,3500,3500,3500,3500,3500,3500,3500,3500,3500,3500,3500,3500,3500,12.703712463378906,0.26433563232421875,70.18243408203125,0.17833709716796875,0.2596435546875,0.24471282958984375,0.3350067138671875,2.7995452880859375,2.7739791870117188,2.81488037109375,2.8444442749023438,0.276123046875,1.1959915161132813,0.2885589599609375,0.32996368408203125,0.2907562255859375,0.5069046020507813,0.49666595458984375,23.53742218017578,0.22188568115234375,0,234287.09228515625,237848.42010498047,0,34088599552,2147483648,8283705344,0
199,1787751307449,3500,3500,3500,3500,3500,3500,3500,3500,3500,3500,3500,3500,3500,3500,3500,3500,3500,3500,3500,3500,32.714805603027344,0.23429107666015625,63.81726837158203,0.15880584716796875,0.25177001953125,0.30133819580078125,0.30898284912109375,0.23099517822265625,0.31432342529296875,0.22455596923828125,0.27722930908203125,0.2224578857421875,1.944091796875,0.2740325927734375,0.260955810546875,0.29450225830078125,0.491455078125,0.49120330810546875,11.33929443359375,0.24013519287109375,0,234297.77465820313,237856.95825195313,0,34088599552,2147483648,8284880896,0
200,1787751307649,3500,3500,3500,3500,3500,3500,3500,3500,3500,3500,3500,3500,3500,3500,3500,3500,3500,3500,3500,3500,36.691158294677734,0.25295257568359375,18.61827850341797,0.26674652099609375,0.3104705810546875,2.7747726440429688,0.3398590087890625,0.2946319580078125,0.32216644287109375,0.28104400634765625,0.34815216064453125,2.9052505493164063,15.768142700195313,0.33725738525390625,0.31667327880859375,0.32906341552734375,0.5355453491210938,0.5372467041015625,33.763519287109375,0.58251953125,0,234306.94940185547,237864.00494384766,0,34088599552,2147483648,8284999680,0
200,1787751307849,3500,3500,3500,3500,3500,3500,3500,3500,3500,3500,3500,3500,3500,3500,3500,3500,3500,3500,3500,3500,33.249046325683594,2.7776031494140625,19.87415313720703,0.278656005859375,0.27165985107421875,0.24481964111328125,2.8892440795898438,0.29769134521484375,0.33812713623046875,0.286102294921875,0.27695465087890625,0.30039215087890625,37.78982925415039,0.229827880859375,2.8143844604492188,2.8265304565429688,0.5350723266601563,0.5220260620117188,17.197799682617188,2.3842620849609375,0,234316.60546875,237871.55407714844,0,34088599552,2147483648,8285069312,0
200,1787751308050,3500,3500,3500,3500,3500,3500,3500,3500,3500,3500,3500,3500,3500,3500,3500,3500,3500,3500,3500,3500,13.6934814453125,0.28363037109375,31.82025909423828,2.742919921875,2.8004837036132813,0.26880645751953125,0.22531890869140625,0.248687744140625,0.24803924560546875,0.2907257080078125,0.18033599853515625,0.296661376953125,2.1082992553710938,2.8046798706054688,0.292572021484375,0.2718505859375,2.9045867919921875,2.91107177734375,63.955997467041016,0.16770172119140625,0,234326.61877441406,237879.42266845703,0,34088599552,2147483648,8285134848,0
200,1787751308250,3500,3500,3500,3500,3500,3500,3500,3500,3500,3500,3500,3500,3500,3500,3500,3500,3500,3500,3500,3500,25.07384490966797,0.228179931640625,18.792678833007813,0.19333648681640625,0.7904205322265625,0.34368896484375,0.3059539794921875,2.7894744873046875,2.72088623046875,2.78558349609375,2.8300628662109375,0.2776031494140625,0.5887985229492188,0.383331298828125,0.289581298828125,0.27700042724609375,0.25933074951171875,0.29152679443359375,64.18462371826172,0.139373779296875,0,234334.97198486328,237885.63702392578,0,34088599552,2147483648,8285675520,0
200,1787751308450,3500,3500,3500,3500,3500,3500,3500,3500,3500,3500,3500,3500,3500,3500,3500,3500,3500,3500,3500,3500,11.717475891113281,0.27816009521484375,54.84869384765625,0.2335662841796875,0.592926025390625,0.46738433837890625,0.4949493408203125,0.37220001220703125,0.2577362060546875,0.3357391357421875,0.3391876220703125,0.2901458740234375,2.8845367431640625,0.3908233642578125,0.33339691162109375,0.29349517822265625,0.29669189453125,0.34532928466796875,38.94042205810547,0.21039581298828125,0,234343.61657714844,237892.16314697266,0,34088599552,2147483648,8285659136,0
200,1787751308651,3500,3500,3500,3500,3500,3500,3500,3500,3500,3500,3500,3500,3500,3500,3500,3500,3500,3500,3500,3500,44.1533088684082,0.2154541015625,17.981468200683594,0.200958251953125,0.392974853515625,2.9836807250976563,0.393829345703125,0.34696197509765625,0.19371795654296875,0.2779541015625,0.24123382568359375,2.7638320922851563,0.46128082275390625,0.3492584228515625,0.37409210205078125,0.36539459228515625,0.26966094970703125,0.26885986328125,41.96043014526367,0.14599609375,0,234352.6268310547,237899.06182861328,0,34088599552,2147483648,8285790208,0
200,1787751308851,3500,3500,3500,3500,3500,3500,3500,3500,3500,3500,3500,3500,3500,3500,3500,3500,3500,3500,3500,3500,31.697731018066406,2.8219985961914063,33.94195556640625,0.23746490478515625,0.30358123779296875,0.3082733154296875,2.881927490234375,0.30503082275390625,0.3437957763671875,0.3075714111328125,0.30323028564453125,0.30821990966796875,23.634872436523438,0.345947265625,2.8990402221679688,2.9116134643554688,0.33077239990234375,0.34943389892578125,16.937225341796875,2.7876663208007813,0,234361.98291015625,237906.283203125,0,34088599552,2147483648,8285790208,0
200,1787751309051,3500,3500,3500,3500,3500,3500,3500,3500,3500,3500,3500,3500,3500,3500,3500,3500,3500,3500,3500,3500,24.38172149658203,0.20331573486328125,61.05422592163086,2.707489013671875,2.7882461547851563,0.247406005859375,0.265716552734375,0.19378662109375,0.22202301025390625,0.20182037353515625,0.25060272216796875,0.2786865234375,0.29534149169921875,2.7740325927734375,0.251251220703125,0.23908233642578125,2.791290283203125,2.7289352416992188,28.369308471679688,0.14884185791015625,0,234371.4122314453,237913.58123779297,0,34088599552,2147483648,8287256576,0
200,1787751309252,3500,3500,3500,3500,3500,3500,3500,3500,3500,3500,3500,3500,3500,3500,3500,3500,3500,3500,3500,3500,30.47936248779297,0.2531280517578125,46.61760711669922,0.2865447998046875,0.37195587158203125,0.40167236328125,0.30637359619140625,2.9317779541015625,2.8610992431640625,2.7968215942382813,2.8037109375,0.26471710205078125,16.132102966308594,0.29518890380859375,0.302276611328125,0.32485198974609375,0.346282958984375,0.3152618408203125,11.809562683105469,0.314666748046875,0,234379.8603515625,237919.91326904297,0,34088599552,2147483648,8287506432,0
200,1787751309452,3500,3500,3500,3500,3500,3500,3500,3500,3500,3500,3500,3500,3500,3500,3500,3500,3500,3500,3500,3500,18.890121459960938,0.2821807861328125,68.73724365234375,0.1435089111328125,0.31774139404296875,0.33267974853515625,0.2592010498046875,0.29296875,0.22238922119140625,0.30230712890625,0.2900238037109375,0.223785400390625,2.8640899658203125,0.25710296630859375,0.28667449951171875,0.28392791748046875,0.37773895263671875,0.32808685302734375,17.718093872070313,0.211395263671875,0,234388.20080566406,237926.12396240234,0,34088599552,2147483648,8287830016,0
200,1787751309652,3500,3500,3500,3500,3500,3500,3500,3500,3500,3500,3500,3500,3500,3500,3500,3500,3500,3500,3500,3500,45.872310638427734,0.17435455322265625,31.020973205566406,0.1653594970703125,0.206787109375,2.7239608764648438,0.255218505859375,0.24432373046875,0.227081298828125,0.248565673828125,0.209136962890625,2.7648391723632813,1.4515838623046875,0.25177001953125,0.260711669921875,0.2489166259765625,0.36275482177734375,0.34801483154296875,38.916595458984375,0.16706085205078125,0,234397.0675048828,237932.83917236328,0,34088599552,2147483648,8290877440,0
200,1787751309852,3500,3500,3500,3500,3500,3500,3500,3500,3500,3500,3500,3500,3500,3500,3500,3500,3500,3500,3500,3500,32.0311279296875,2.8448410034179688,35.24152374267578,0.2607269287109375,0.34484100341796875,0.349884033203125,2.8431396484375,0.38547515869140625,0.31264495849609375,0.364959716796875,0.3750457763671875,0.35657501220703125,12.251838684082031,0.3011627197265625,2.8433914184570313,2.8442916870117188,0.44622802734375,0.43898773193359375,27.112449645996094,2.7911224365234375,0,234407.03643798828,237940.6787109375,0,34088599552,2147483648,8290861056,0
199,1787751310052,3500,3500,3500,3500,3500,3500,3500,3500,3500,3500,3500,3500,3500,3500,3500,3500,3500,3500,3500,3500,36.00386047363281,0.25043487548828125,33.66468048095703,2.6964111328125,2.9355545043945313,0.37140655517578125,0.32147979736328125,0.42812347412109375,0.3958740234375,0.2772979736328125,0.30675506591796875,0.30370330810546875,4.14349365234375,2.7787399291992188,8.244697570800781,0.23320770263671875,2.9421005249023438,2.855926513671875,29.496925354003906,0.225921630859375,0,234415.552734375,237947.0775756836,0,34088599552,2147483648,8290914304,0
199,1787751310253,3500,3500,3500,3500,3500,3500,3500,3500,3500,3500,3500,3500,3500,3500,3500,3500,3500,3500,3500,3500,47.904197692871094,0.22772979736328125,31.61687469482422,0.180145263671875,0.636810302734375,0.38238525390625,0.42287445068359375,2.9658203125,2.8830947875976563,2.85150146484375,0.37833404541015625,0.34294891357421875,8.130889892578125,0.25432586669921875,0.27141571044921875,0.271820068359375,0.27197265625,0.2950592041015625,17.06304168701172,0.16104888916015625,0,234424.2821044922,237953.70135498047,0,34088599552,2147483648,8291110912,0
200,1787751310453,3500,3500,3500,3500,3500,3500,3500,3500,3500,3500,3500,3500,3500,3500,3500,3500,3500,3500,3500,3500,39.72539520263672,0.26387786865234375,49.377716064453125,0.18524932861328125,0.7627944946289063,0.24468231201171875,0.2425384521484375,0.3063201904296875,0.45827484130859375,0.33135986328125,2.8854827880859375,0.47052764892578125,11.651687622070313,0.284576416015625,0.3775482177734375,0.30767059326171875,0.30461883544921875,0.29327392578125,11.796501159667969,0.222686767578125,0,234432.81799316406,237960.09399414063,0,34088599552,2147483648,8293109760,0
200,1787751310653,3500,3500,3500,3500,3500,3500,3500,3500,3500,3500,3500,3500,3500,3500,3500,3500,3500,3500,3500,3500,31.86370086669922,0.312286376953125,48.650909423828125,0.20416259765625,0.31667327880859375,0.31732177734375,0.2978057861328125,0.31842041015625,0.39215087890625,0.3658447265625,0.37957000732421875,2.9686355590820313,0.36743927001953125,0.30764007568359375,0.3393402099609375,0.31777191162109375,0.30489349365234375,0.34093475341796875,23.050743103027344,0.2076568603515625,0,234441.89642333984,237967.05145263672,0,34088599552,2147483648,8293236736,0
200,1787751310853,3500,3500,3500,3500,3500,3500,3500,3500,3500,3500,3500,3500,3500,3500,3500,3500,3500,3500,3500,3500,47.62739944458008,2.7664794921875,28.927268981933594,0.2628021240234375,0.3824462890625,2.9238128662109375,0.3612823486328125,0.31740570068359375,0.22316741943359375,0.3051300048828125,0.29604339599609375,0.29888916015625,8.388084411621094,0.301239013671875,2.8034133911132813,2.81439208984375,0.29599761962890625,0.29199981689453125,21.827392578125,2.7150192260742188,0,234450.4620361328,237973.4974975586,0,34088599552,2147483648,8293236736,0
200,1787751311053,3500,3500,3500,3500,3500,3500,3500,3500,3500,3500,3500,3500,3500,3500,3500,3500,3500,3500,3500,3500,25.126983642578125,0.25673675537109375,27.957199096679688,2.739715576171875,2.786712646484375,0.26897430419921875,2.7662353515625,0.33130645751953125,0.27870941162109375,0.2360076904296875,0.296844482421875,0.3074798583984375,23.756149291992188,2.8096389770507813,0.42555999755859375,0.28745269775390625,2.934112548828125,2.9040451049804688,33.87981414794922,0.19394683837890625,0,234458.83197021484,237979.74224853516,0,34088599552,2147483648,8293236736,0
200,1787751311254,3500,3500,3500,3500,3500,3500,3500,3500,3500,3500,3500,3500,3500,3500,3500,3500,3500,3500,3500,3500,22.028228759765625,0.2822265625,54.84125900268555,0.17142486572265625,0.4326019287109375,0.2509002685546875,0.31131744384765625,1.3778228759765625,3.1256790161132813,2.784027099609375,0.2679595947265625,0.25524139404296875,0.4809417724609375,0.38116455078125,0.3469390869140625,0.33650970458984375,0.38205718994140625,0.38864898681640625,33.4041748046875,0.18973541259765625,0,234468.77923583984,237987.78619384766,0,34088599552,2147483648,8295088128,0
199,1787751311454,3500,3500,3500,3500,3500,3500,3500,3500,3500,3500,3500,3500,3500,3500,3500,3500,3500,3500,3500,3500,23.80956268310547,0.23479461669921875,40.200130462646484,0.17629241943359375,0.38338470458984375,0.28066253662109375,0.317596435546875,1.8303680419921875,0.28745269775390625,0.29119110107421875,2.7593994140625,0.26523590087890625,2.9149246215820313,0.34949493408203125,0.37335205078125,0.37714385986328125,0.33571624755859375,0.29628753662109375,41.325172424316406,0.20778656005859375,0,234478.58557128906,237995.5615234375,0,34088599552,2147483648,8295206912,0
200,1787751311654,3500,3500,3500,3500,3500,3500,3500,3500,3500,3500,3500,3500,3500,3500,3500,3500,3500,3500,3500,3500,45.4510612487793,0.2652740478515625,17.827194213867188,0.26042938232421875,0.40773773193359375,0.38909912109375,0.501220703125,0.5113143920898438,0.3436279296875,0.27996826171875,0.33718109130859375,2.8620834350585938,16.5361328125,0.29755401611328125,0.35501861572265625,0.36376190185546875,0.34502410888671875,0.3254852294921875,24.719207763671875,0.2568817138671875,0,234487.50549316406,238002.0620727539,0,34088599552,2147483648,8295329792,0
200,1787751311855,3500,3500,3500,3500,3500,3500,3500,3500,3500,3500,3500,3500,3500,3500,3500,3500,3500,3500,3500,3500,22.896705627441406,2.7722854614257813,62.71217346191406,0.1653594970703125,0.2880096435546875,2.7533950805664063,0.29270172119140625,0.2574310302734375,0.2757720947265625,0.216522216796875,0.250244140625,0.2683258056640625,0.29010772705078125,0.273468017578125,2.77587890625,2.7941665649414063,0.26747894287109375,0.26787567138671875,23.51714324951172,2.7312698364257813,0,234496.8349609375,238009.65563964844,0,34088599552,2147483648,8297353216,0
200,1787751312055,3500,3500,3500,3500,3500,3500,3500,3500,3500,3500,3500,3500,3500,3500,3500,3500,3500,3500,3500,3500,30.64690399169922,0.19298553466796875,43.955204010009766,2.6992034912109375,2.1183013916015625,0.2526397705078125,2.8154220581054688,0.2231597900390625,0.2321929931640625,0.25508880615234375,0.27374267578125,0.19672393798828125,1.16943359375,2.7764129638671875,1.751983642578125,0.25977325439453125,2.7634963989257813,2.7712249755859375,33.65486145019531,0.17887115478515625,0,234505.92095947266,238016.19104003906,0,34088599552,2147483648,8297353216,0
200,1787751312255,3500,3500,3500,3500,3500,3500,3500,3500,3500,3500,3500,3500,3500,3500,3500,3500,3500,3500,3500,3500,32.438018798828125,0.26146697998046875,11.018272399902344,0.27608489990234375,1.0017623901367188,0.33127593994140625,0.36914825439453125,0.32498931884765625,1.130645751953125,2.8220062255859375,0.34035491943359375,0.3494415283203125,0.4085693359375,0.327880859375,0.32828521728515625,0.33092498779296875,0.3130645751953125,0.323394775390625,61.03281784057617,0.2098236083984375,0,234514.58740234375,238022.72143554688,0,34088599552,2147483648,8297472000,0
200,1787751312456,3500,3500,3500,3500,3500,3500,3500,3500,3500,3500,3500,3500,3500,3500,3500,3500,3500,3500,3500,3500,15.948890686035156,0.3112030029296875,40.27472686767578,0.15882110595703125,0.526824951171875,0.23409271240234375,0.24786376953125,2.805572509765625,1.95062255859375,0.32822418212890625,2.7445297241210938,0.32347869873046875,10.8848876953125,0.26264190673828125,0.2534027099609375,0.2921905517578125,0.30101776123046875,0.2716217041015625,41.47816467285156,0.185577392578125,0,234523.24194335938,238029.2533569336,0,34088599552,2147483648,8297734144,0
200,1787751312656,3500,3500,3500,3500,3500,3500,3500,3500,3500,3500,3500,3500,3500,3500,3500,3500,3500,3500,3500,3500,27.68012237548828,0.25537109375,45.356449127197266,0.16333770751953125,0.2294921875,0.30168914794921875,0.22049713134765625,0.2697601318359375,0.2873992919921875,0.252471923828125,0.24053192138671875,2.79345703125,16.515228271484375,0.2364349365234375,0.27890777587890625,0.28490447998046875,0.27725982666015625,0.25397491455078125,31.037445068359375,0.17173004150390625,0,234533.7344970703,238037.60583496094,0,34088599552,2147483648,8300158976,0
200,1787751312856,3500,3500,3500,3500,3500,3500,3500,3500,3500,3500,3500,3500,3500,3500,3500,3500,3500,3500,3500,3500,36.87843704223633,2.7976837158203125,41.597896575927734,0.22394561767578125,0.334869384765625,2.8402938842773438,0.346893310546875,0.3082733154296875,0.4623565673828125,0.4117584228515625,0.528472900390625,0.4019317626953125,8.348289489746094,0.40582275390625,2.8385467529296875,2.828521728515625,0.3029327392578125,0.3511810302734375,18.74439239501953,2.7637557983398438,0,234542.45538330078,238044.20361328125,0,34088599552,2147483648,8300617728,0
200,1787751313056,3500,3500,3500,3500,3500,3500,3500,3500,3500,3500,3500,3500,3500,3500,3500,3500,3500,3500,3500,3500,26.523643493652344,0.25980377197265625,49.36882019042969,1.028533935546875,0.3406982421875,0.2451171875,2.8177032470703125,0.278594970703125,0.47209930419921875,0.4288787841796875,0.46994781494140625,0.3882598876953125,8.207099914550781,2.8269500732421875,8.200706481933594,0.287689208984375,2.7927780151367188,2.7744369506835938,20.70671844482422,0.22573089599609375,0,234551.93615722656,238051.5590209961,0,34088599552,2147483648,8300617728,0
200,1787751313257,3500,3500,3500,3500,3500,3500,3500,3500,3500,3500,3500,3500,3500,3500,3500,3500,3500,3500,3500,3500,37.18148422241211,0.26363372802734375,14.39971923828125,1.8613967895507813,2.9946441650390625,0.392181396484375,0.5054168701171875,0.4763336181640625,0.5283660888671875,3.009307861328125,0.5053176879882813,0.4012603759765625,25.51207733154297,0.27301025390625,0.3658905029296875,0.37946319580078125,0.31256866455078125,0.30109405517578125,28.481727600097656,0.17259979248046875,0,234561.58154296875,238059.08660888672,0,34088599552,2147483648,8300724224,0
200,1787751313457,3500,3500,3500,3500,3500,3500,3500,3500,3500,3500,3500,3500,3500,3500,3500,3500,3500,3500,3500,3500,10.515281677246094,0.23259735107421875,74.23634338378906,0.1235809326171875,0.34889984130859375,0.3580780029296875,0.4597625732421875,2.9126739501953125,3.3914871215820313,0.37349700927734375,2.9542312622070313,0.41036224365234375,8.6810302734375,0.24327850341796875,0.37923431396484375,0.372650146484375,0.26647186279296875,0.2728118896484375,14.82598876953125,3.0733261108398438,0,234569.50897216797,238064.87884521484,0,34088599552,2147483648,8302923776,0
199,1787751313658,3500,3500,3500,3500,3500,3500,3500,3500,3500,3500,3500,3500,3500,3500,3500,3500,3500,3500,3500,3500,25.112701416015625,0.16094207763671875,68.27687072753906,0.1277618408203125,0.2716827392578125,0.2777252197265625,0.43846893310546875,0.3138580322265625,0.39490509033203125,0.42035675048828125,0.33167266845703125,2.9539566040039063,8.28900146484375,0.2017669677734375,0.36595916748046875,0.3480377197265625,0.24239349365234375,0.255767822265625,0.17382049560546875,2.8098297119140625,0,234577.57275390625,238070.82153320313,0,34088599552,2147483648,8303120384,0
200,1787751313858,3500,3500,3500,3500,3500,3500,3500,3500,3500,3500,3500,3500,3500,3500,3500,3500,3500,3500,3500,3500,37.93293380737305,0.26297760009765625,45.76971435546875,0.20836639404296875,0.35126495361328125,2.8765029907226563,0.498870849609375,0.38814544677734375,0.5002670288085938,0.5122146606445313,0.43181610107421875,0.5333480834960938,8.100654602050781,0.30190277099609375,2.8945388793945313,2.938262939453125,0.34162139892578125,0.38714599609375,0.3289337158203125,14.695556640625,0,234587.3271484375,238078.46728515625,0,34088599552,2147483648,8303099904,0
200,1787751314058,3500,3500,3500,3500,3500,3500,3500,3500,3500,3500,3500,3500,3500,3500,3500,3500,3500,3500,3500,3500,21.90782928466797,2.7872772216796875,76.5024185180664,0.19811248779296875,0.3679656982421875,0.35942840576171875,3.0487518310546875,0.440765380859375,0.5053176879882813,0.5102615356445313,0.37390899658203125,0.4978790283203125,8.010833740234375,2.788970947265625,0.31185150146484375,0.2957763671875,0.34989166259765625,2.86456298828125,2.8177337646484375,7.823158264160156,0,234597.5122680664,238086.51971435547,0,34088599552,2147483648,8304349184,0
200,1787751314259,3500,3500,3500,3500,3500,3500,3500,3500,3500,3500,3500,3500,3500,3500,3500,3500,3500,3500,3500,3500,30.407142639160156,0.2517242431640625,52.82255554199219,2.7273941040039063,2.849517822265625,0.31667327880859375,0.359771728515625,0.37209320068359375,0.43425750732421875,2.96844482421875,0.35887908935546875,0.4632415771484375,0.42657470703125,0.37653350830078125,0.39893341064453125,0.3951416015625,2.9181137084960938,0.37868499755859375,0.24259185791015625,21.55877685546875,0,234606.68383789063,238093.5888671875,0,34088599552,2147483648,8304336896,0
199,1787751314459,3500,3500,3500,3500,3500,3500,3500,3500,3500,3500,3500,3500,3500,3500,3500,3500,3500,3500,3500,3500,31.922576904296875,0.20000457763671875,40.63477325439453,0.203399658203125,0.30802154541015625,0.32329559326171875,0.36627197265625,2.9026336669921875,2.75628662109375,0.21433258056640625,2.8379440307617188,0.280517578125,2.878326416015625,0.346710205078125,0.34780120849609375,0.3333282470703125,0.40999603271484375,0.3837432861328125,0.213836669921875,34.340293884277344,0,234615.43463134766,238100.20477294922,0,34088599552,2147483648,8304398336,0
200,1787751314659,3500,3500,3500,3500,3500,3500,3500,3500,3500,3500,3500,3500,3500,3500,3500,3500,3500,3500,3500,3500,39.326663970947266,0.2321014404296875,54.38323211669922,0.1683807373046875,0.2152099609375,0.30782318115234375,0.299224853515625,0.31966400146484375,0.27793121337890625,0.27483367919921875,0.23974609375,2.8165664672851563,0.46820068359375,0.2937774658203125,0.4046783447265625,0.4129791259765625,0.4102783203125,0.3961334228515625,0.2406463623046875,10.47039794921875,0,234623.41638183594,238106.07385253906,0,34088599552,2147483648,8304517120,0
200,1787751314860,3500,3500,3500,3500,3500,3500,3500,3500,3500,3500,3500,3500,3500,3500,3500,3500,3500,3500,3500,3500,48.00757598876953,0.19556427001953125,44.95011520385742,0.1620941162109375,0.30753326416015625,2.7869873046875,0.246734619140625,0.24718475341796875,0.18553924560546875,0.29915618896484375,0.32109832763671875,0.26573944091796875,0.2942657470703125,0.3065338134765625,2.8834991455078125,2.8787078857421875,0.31760406494140625,0.3200531005859375,0.22917938232421875,17.962677001953125,0,234631.55029296875,238112.0805053711,0,34088599552,2147483648,8304914432,0
200,1787751315060,3500,3500,3500,3500,3500,3500,3500,3500,3500,3500,3500,3500,3500,3500,3500,3500,3500,3500,3500,3500,30.45819854736328,2.7087173461914063,31.451919555664063,0.22727203369140625,0.27358245849609375,1.4046401977539063,2.7626266479492188,0.2701873779296875,0.335784912109375,0.375701904296875,0.25640106201171875,0.2516021728515625,3.3579025268554688,2.8715362548828125,0.2759857177734375,0.29351806640625,0.36236572265625,2.8598480224609375,2.6998748779296875,43.3801155090332,0,234641.45306396484,238119.8466796875,0,34088599552,2147483648,8304975872,0
200,1787751315260,3500,3500,3500,3500,3500,3500,3500,3500,3500,3500,3500,3500,3500,3500,3500,3500,3500,3500,3500,3500,28.491790771484375,0.2950897216796875,44.246395111083984,2.7133331298828125,2.8199462890625,0.2503662109375,0.2276611328125,0.290252685546875,0.27567291259765625,2.8504486083984375,0.2378387451171875,0.2881011962890625,1.1394424438476563,0.415283203125,0.34525299072265625,0.3234405517578125,2.8327789306640625,0.3076171875,0.2304534912109375,36.05263900756836,0,234650.5859375,238126.85723876953,0,34088599552,2147483648,8304939008,0
200,1787751315461,3500,3500,3500,3500,3500,3500,3500,3500,3500,3500,3500,3500,3500,3500,3500,3500,3500,3500,3500,3500,25.867286682128906,0.25725555419921875,58.47039031982422,0.19077301025390625,0.24289703369140625,0.33660888671875,0.3063812255859375,2.7986602783203125,3.412322998046875,0.35436248779296875,2.830230712890625,0.2840423583984375,2.9543228149414063,0.39815521240234375,0.41506195068359375,0.40618896484375,0.3137664794921875,0.31327056884765625,0.2830963134765625,20.85724639892578,0,234660.36138916016,238134.50555419922,0,34088599552,2147483648,8305070080,0
200,1787751315661,3500,3500,3500,3500,3500,3500,3500,3500,3500,3500,3500,3500,3500,3500,3500,3500,3500,3500,3500,3500,35.41486358642578,0.20325469970703125,32.72643280029297,0.1922760009765625,0.26305389404296875,0.28087615966796875,0.23709869384765625,0.21523284912109375,0.48502349853515625,0.4113006591796875,0.34032440185546875,1.5357437133789063,30.68859100341797,0.25531768798828125,0.4449462890625,0.35015869140625,0.2598114013671875,0.29754638671875,0.20714569091796875,18.8682861328125,0,234670.19158935547,238142.1812133789,0,34088599552,2147483648,8305225728,0
200,1787751315861,3500,3500,3500,3500,3500,3500,3500,3500,3500,3500,3500,3500,3500,3500,3500,3500,3500,3500,3500,3500,60.09910202026367,0.18114471435546875,24.809486389160156,0.21019744873046875,0.45972442626953125,2.8950729370117188,0.40251922607421875,0.33443450927734375,0.47454833984375,0.35225677490234375,0.35045623779296875,1.8323593139648438,0.4745025634765625,0.27243804931640625,2.8467025756835938,2.8259353637695313,0.30149078369140625,0.28083038330078125,0.263702392578125,20.81586456298828,0,234678.6990966797,238148.58142089844,0,34088599552,2147483648,8305225728,0
200,1787751316062,3500,3500,3500,3500,3500,3500,3500,3500,3500,3500,3500,3500,3500,3500,3500,3500,3500,3500,3500,3500,33.54539489746094,2.7941970825195313,52.9454460144043,0.197052001953125,0.36661529541015625,0.34925079345703125,2.9235382080078125,0.37215423583984375,0.49491119384765625,0.36806488037109375,0.36013031005859375,0.5171127319335938,0.3351287841796875,0.30733489990234375,0.29735565185546875,0.31591796875,0.29904937744140625,2.8238372802734375,2.7528839111328125,21.621246337890625,0,234688.8394165039,238156.6007080078,0,34088599552,2147483648,8305364992,0
200,1787751316262,3500,3500,3500,3500,3500,3500,3500,3500,3500,3500,3500,3500,3500,3500,3500,3500,3500,3500,3500,3500,47.00310134887695,0.14702606201171875,26.783309936523438,2.6981582641601563,2.7823257446289063,0.6206436157226563,0.2738800048828125,0.26404571533203125,0.42259979248046875,2.9058837890625,0.34227752685546875,0.34522247314453125,0.32230377197265625,2.7485809326171875,0.25830078125,0.2325439453125,2.7457809448242188,0.2320404052734375,0.14682769775390625,33.513221740722656,0,234697.9652709961,238163.59704589844,0,34088599552,2147483648,8305549312,0
200,1787751316462,3500,3500,3500,3500,3500,3500,3500,3500,3500,3500,3500,3500,3500,3500,3500,3500,3500,3500,3500,3500,20.771347045898438,0.27132415771484375,39.3829345703125,0.2027435302734375,0.34648895263671875,0.454254150390625,0.33556365966796875,2.8792953491210938,2.8489990234375,0.2683258056640625,2.8214950561523438,0.28993988037109375,11.310951232910156,0.28345489501953125,0.31824493408203125,0.30541229248046875,0.3065643310546875,0.302764892578125,0.20613861083984375,37.29010772705078,0,234708.89862060547,238172.41046142578,0,34088599552,2147483648,8305750016,0
200,1787751316663,3500,3500,3500,3500,3500,3500,3500,3500,3500,3500,3500,3500,3500,3500,3500,3500,3500,3500,3500,3500,35.68495178222656,0.2282562255859375,13.221466064453125,0.28018951416015625,0.2579193115234375,0.2477264404296875,0.3072509765625,0.3876953125,0.28458404541015625,0.29051971435546875,0.3336639404296875,0.23184967041015625,15.829536437988281,0.3277740478515625,0.29961395263671875,0.321380615234375,0.31908416748046875,0.3090972900390625,0.20198822021484375,40.64642333984375,0,234718.56860351563,238179.96368408203,0,34088599552,2147483648,8305868800,0
200,1787751316863,3500,3500,3500,3500,3500,3500,3500,3500,3500,3500,3500,3500,3500,3500,3500,3500,3500,3500,3500,3500,33.71171569824219,0.21734619140625,52.82916259765625,0.18976593017578125,0.29589080810546875,2.8832244873046875,0.34008026123046875,0.30242919921875,0.34436798095703125,0.274749755859375,0.25055694580078125,2.860931396484375,0.461517333984375,0.38112640380859375,2.8562469482421875,0.901641845703125,0.3125,0.37249755859375,0.27075958251953125,19.635025024414063,0,234728.43359375,238188.16796875,0,34088599552,2147483648,8305868800,0
199,1787751317063,3500,3500,3500,3500,3500,3500,3500,3500,3500,3500,3500,3500,3500,3500,3500,3500,3500,3500,3500,3500,37.25547790527344,2.7536163330078125,35.25007629394531,0.19831085205078125,0.25353240966796875,0.23345947265625,2.7477798461914063,0.25608062744140625,0.3327178955078125,0.28693389892578125,0.34329986572265625,0.34784698486328125,0.3137969970703125,0.2642669677734375,0.3707122802734375,2.2506942749023438,0.37206268310546875,0.3749542236328125,2.7229156494140625,36.0230598449707,0,234737.8989868164,238195.3911743164,0,34088599552,2147483648,8306356224,0
200,1787751317263,3500,3500,3500,3500,3500,3500,3500,3500,3500,3500,3500,3500,3500,3500,3500,3500,3500,3500,3500,3500,19.836769104003906,0.1869964599609375,22.846275329589844,2.7052230834960938,2.739501953125,0.20903778076171875,0.20208740234375,0.2418670654296875,0.227325439453125,0.255859375,0.2145843505859375,0.16220855712890625,16.098907470703125,2.7422027587890625,0.34186553955078125,0.34610748291015625,2.8380508422851563,2.8549880981445313,0.12328338623046875,49.9503288269043,0,234748.2843017578,238203.3955078125,0,34088599552,2147483648,8306356224,0
200,1787751317464,3500,3500,3500,3500,3500,3500,3500,3500,3500,3500,3500,3500,3500,3500,3500,3500,3500,3500,3500,3500,38.21117401123047,0.30211639404296875,34.54254150390625,0.2805633544921875,0.33834075927734375,0.3428802490234375,0.3982086181640625,2.8967056274414063,2.8378829956054688,2.8750991821289063,2.8728103637695313,0.30974578857421875,10.665962219238281,0.32007598876953125,0.4885711669921875,0.46038055419921875,0.47629547119140625,0.4859771728515625,0.29742431640625,25.01293182373047,0,234758.27471923828,238211.1703491211,0,34088599552,2147483648,8306548736,0
200,1787751317664,3500,3500,3500,3500,3500,3500,3500,3500,3500,3500,3500,3500,3500,3500,3500,3500,3500,3500,3500,3500,60.27972412109375,0.13983917236328125,24.630210876464844,0.19582366943359375,0.2899627685546875,0.19268035888671875,0.24691009521484375,0.25494384765625,0.30204010009765625,0.2079925537109375,0.25803375244140625,0.27579498291015625,0.409149169921875,0.3175048828125,0.3689422607421875,0.36978912353515625,0.37073516845703125,0.36859130859375,0.18733978271484375,19.412818908691406,0,234766.3521118164,238217.1187133789,0,34088599552,2147483648,8306679808,0
200,1787751317865,3500,3500,3500,3500,3500,3500,3500,3500,3500,3500,3500,3500,3500,3500,3500,3500,3500,3500,3500,3500,59.83650588989258,0.19486236572265625,27.04796600341797,0.221954345703125,0.34188079833984375,2.877593994140625,0.34716796875,0.369873046875,0.274383544921875,0.234222412109375,0.2723388671875,2.8066024780273438,8.440864562988281,0.346923828125,2.9196014404296875,0.38897705078125,0.400054931640625,0.4128265380859375,0.25323486328125,15.448440551757813,0,234776.3715209961,238225.0008544922,0,34088599552,2147483648,8306954240,0
200,1787751318065,3500,3500,3500,3500,3500,3500,3500,3500,3500,3500,3500,3500,3500,3500,3500,3500,3500,3500,3500,3500,21.365432739257813,2.790313720703125,35.10310363769531,0.21672821044921875,0.3144073486328125,0.29892730712890625,2.912109375,0.401397705078125,0.31356048583984375,0.24858856201171875,0.2285614013671875,0.20864105224609375,0.37602996826171875,0.28150177001953125,23.411476135253906,2.7719802856445313,0.3900604248046875,0.3968048095703125,2.7272872924804688,28.62116241455078,0,234785.8754272461,238232.38214111328,0,34088599552,2147483648,8306946048,0
199,1787751318265,3500,3500,3500,3500,3500,3500,3500,3500,3500,3500,3500,3500,3500,3500,3500,3500,3500,3500,3500,3500,28.870140075683594,0.260650634765625,38.593589782714844,2.737091064453125,2.8289337158203125,0.2777862548828125,0.2606048583984375,0.2841796875,0.37896728515625,0.40094757080078125,0.46517181396484375,0.41342926025390625,0.6518096923828125,2.7979202270507813,16.001617431640625,0.27184295654296875,2.9070968627929688,2.9029998779296875,0.23677825927734375,24.42559051513672,0,234793.7509765625,238238.13940429688,0,34088599552,2147483648,8306921472,0
200,1787751318465,3500,3500,3500,3500,3500,3500,3500,3500,3500,3500,3500,3500,3500,3500,3500,3500,3500,3500,3500,3500,41.8035774230957,0.21807861328125,21.019027709960938,0.2123260498046875,0.31499481201171875,2.7798080444335938,0.30704498291015625,2.773956298828125,2.77105712890625,2.9228057861328125,2.7742080688476563,0.27400970458984375,3.1171951293945313,0.2594146728515625,0.30554962158203125,0.2810516357421875,0.395263671875,0.40021514892578125,0.25091552734375,43.49140548706055,0,234804.19091796875,238246.45245361328,0,34088599552,2147483648,8307314688,0
200,1787751318666,3500,3500,3500,3500,3500,3500,3500,3500,3500,3500,3500,3500,3500,3500,3500,3500,3500,3500,3500,3500,24.864524841308594,0.21051788330078125,28.300193786621094,0.16638946533203125,0.28549957275390625,0.2895965576171875,0.3170013427734375,0.22110748291015625,0.3761138916015625,0.4261322021484375,0.412750244140625,0.3645782470703125,8.187629699707031,0.29244232177734375,0.32408905029296875,0.2680816650390625,0.372314453125,0.37890625,0.172576904296875,43.149497985839844,0,234812.23986816406,238252.3768310547,0,34088599552,2147483648,8307507200,0
200,1787751318866,3500,3500,3500,3500,3500,3500,3500,3500,3500,3500,3500,3500,3500,3500,3500,3500,3500,3500,3500,3500,54.810672760009766,0.16403961181640625,9.147315979003906,0.2383880615234375,0.36232757568359375,2.9320755004882813,0.38300323486328125,0.3063507080078125,0.46184539794921875,0.405517578125,0.5010452270507813,2.997039794921875,0.5716018676757813,0.41361236572265625,2.8412399291992188,0.30135345458984375,0.40317535400390625,0.4047698974609375,0.21572113037109375,41.87470245361328,0,234822.54150390625,238260.56365966797,0,34088599552,2147483648,8307552256,0
200,1787751319066,3500,3500,3500,3500,3500,3500,3500,3500,3500,3500,3500,3500,3500,3500,3500,3500,3500,3500,3500,3500,57.26124954223633,2.694091796875,22.148101806640625,0.23879241943359375,0.25251007080078125,0.23120880126953125,2.8932266235351563,0.2794952392578125,0.39762115478515625,0.35332489013671875,0.3628997802734375,0.4863128662109375,0.5844802856445313,0.3132171630859375,0.29869842529296875,2.8252334594726563,0.3852996826171875,0.404449462890625,0.23250579833984375,27.92437744140625,0,234833.04571533203,238268.94409179688,0,34088599552,2147483648,8307691520,0
200,1787751319267,3500,3500,3500,3500,3500,3500,3500,3500,3500,3500,3500,3500,3500,3500,3500,3500,3500,3500,3500,3500,16.574905395507813,0.2694091796875,58.793174743652344,2.6937255859375,2.805267333984375,0.34405517578125,0.2669677734375,0.2611236572265625,0.3605804443359375,0.32723236083984375,0.3231353759765625,0.49703216552734375,8.49627685546875,2.7637710571289063,0.29053497314453125,0.28159332275390625,2.8130035400390625,2.8231887817382813,2.749298095703125,29.478744506835938,0,234842.15887451172,238275.91412353516,0,34088599552,2147483648,8308056064,0
200,1787751319467,3500,3500,3500,3500,3500,3500,3500,3500,3500,3500,3500,3500,3500,3500,3500,3500,3500,3500,3500,3500,22.621322631835938,0.3297271728515625,33.85283660888672,0.2744140625,0.33667755126953125,0.580810546875,0.29575347900390625,2.84234619140625,2.9100494384765625,2.9230880737304688,2.8625259399414063,0.45938873291015625,7.021492004394531,0.309844970703125,0.29644775390625,0.341522216796875,0.38184356689453125,0.4081268310546875,0.202362060546875,46.38752365112305,0,234851.17333984375,238282.79486083984,0,34088599552,2147483648,8307990528,0
200,1787751319667,3500,3500,3500,3500,3500,3500,3500,3500,3500,3500,3500,3500,3500,3500,3500,3500,3500,3500,3500,3500,28.435142517089844,0.2320098876953125,17.325531005859375,0.295654296875,0.32476043701171875,0.41106414794921875,0.2468414306640625,0.28742218017578125,0.392242431640625,0.3986358642578125,0.36908721923828125,0.5309600830078125,22.486572265625,0.25193023681640625,0.33988189697265625,0.27164459228515625,0.407318115234375,0.4046783447265625,0.20316314697265625,47.1973762512207,0,234859.0033569336,238288.505859375,0,34088599552,2147483648,8308121600,0
199,1787751319868,3500,3500,3500,3500,3500,3500,3500,3500,3500,3500,3500,3500,3500,3500,3500,3500,3500,3500,3500,3500,50.40858459472656,0.190582275390625,17.262161254882813,0.23657989501953125,0.2891693115234375,2.763519287109375,0.2275543212890625,0.34345245361328125,0.2850799560546875,0.34439849853515625,0.24237060546875,2.8607025146484375,0.35771942138671875,0.2527008056640625,0.93914794921875,0.283233642578125,0.346893310546875,0.359466552734375,0.184051513671875,39.156951904296875,0,234867.8504638672,238295.20684814453,0,34088599552,2147483648,8308326400,0
199,1787751320068,3500,3500,3500,3500,3500,3500,3500,3500,3500,3500,3500,3500,3500,3500,3500,3500,3500,3500,3500,3500,21.22541046142578,2.8286895751953125,66.38441467285156,0.18527984619140625,0.2628936767578125,0.23520660400390625,2.8483810424804688,0.319976806640625,0.28093719482421875,0.2860870361328125,0.265045166015625,0.27074432373046875,8.486862182617188,0.28563690185546875,2.1902923583984375,2.8471298217773438,0.28563690185546875,0.33391571044921875,0.21666717529296875,14.395095825195313,0,234878.4129638672,238303.65045166016,0,34088599552,2147483648,8308330496,0
200,1787751320268,3500,3500,3500,3500,3500,3500,3500,3500,3500,3500,3500,3500,3500,3500,3500,3500,3500,3500,3500,3500,24.94861602783203,0.206787109375,32.94959259033203,2.7924423217773438,2.8693466186523438,0.5809326171875,0.4317169189453125,0.44800567626953125,0.3650054931640625,0.48268890380859375,0.36080169677734375,0.3835906982421875,8.774658203125,2.8466644287109375,0.34796142578125,0.30368804931640625,2.8505096435546875,2.8339157104492188,2.7848434448242188,40.68281173706055,0,234887.3980102539,238310.51892089844,0,34088599552,2147483648,8308330496,0
200,1787751320468,3500,3500,3500,3500,3500,3500,3500,3500,3500,3500,3500,3500,3500,3500,3500,3500,3500,3500,3500,3500,32.520530700683594,0.241790771484375,62.444515228271484,0.19255828857421875,0.451904296875,0.6124801635742188,0.46532440185546875,2.9833526611328125,2.9085693359375,2.8978500366210938,2.8534011840820313,0.38011932373046875,3.0116806030273438,0.27635955810546875,0.30300140380859375,0.30599212646484375,0.27730560302734375,0.31806182861328125,0.25501251220703125,10.864822387695313,0,234894.7989501953,238315.8067626953,0,34088599552,2147483648,8308719616,0
200,1787751320668,3500,3500,3500,3500,3500,3500,3500,3500,3500,3500,3500,3500,3500,3500,3500,3500,3500,3500,3500,3500,42.65898895263672,0.261749267578125,59.64452362060547,0.16961669921875,0.34128570556640625,17.51617431640625,1.07257080078125,0.4913177490234375,12.799629211425781,0.28778076171875,0.2174835205078125,0.22772216796875,38.253353118896484,0.252655029296875,18.717147827148438,0.24106597900390625,13.380729675292969,0.24481201171875,0.2581024169921875,24.172264099121094,0,234906.0157470703,238324.7896118164,0,34088599552,2147483648,8331763712,0
200,1787751320869,3500,3500,3500,3500,3500,3500,3500,3500,3500,3500,3500,3500,3500,3500,3500,3500,3500,3500,3500,3500,32.24144744873047,0.2790069580078125,79.08822631835938,0.1960906982421875,0.26596832275390625,3.7253952026367188,0.967437744140625,1.0450057983398438,1.1272659301757813,0.944610595703125,0.28565216064453125,2.8615493774414063,59.928165435791016,0.2488861083984375,49.983192443847656,0.2436981201171875,32.78218078613281,0.284454345703125,0.257080078125,64.82537841796875,0,234921.71362304688,238338.2930908203,0,34088599552,2147483648,8348323840,0
199,1787751321069,3500,3500,3500,3500,3500,3500,3500,3500,3500,3500,3500,3500,3500,3500,3500,3500,3500,3500,3500,3500,20.17292022705078,2.83099365234375,80.85478210449219,0.263397216796875,0.26294708251953125,0.5467300415039063,2.8415374755859375,0.3344573974609375,0.357940673828125,0.27823638916015625,0.3208160400390625,0.3293609619140625,21.610130310058594,0.266845703125,22.781295776367188,2.827301025390625,75.84001159667969,0.1939849853515625,0.24176025390625,63.021793365478516,0,234936.36560058594,238350.76971435547,0,34088599552,2147483648,8356257792,0
200,1787751321269,3500,3500,3500,3500,3500,3500,3500,3500,3500,3500,3500,3500,3500,3500,3500,3500,3500,3500,3500,3500,25.464218139648438,0.36321258544921875,55.025272369384766,2.7934188842773438,2.9211273193359375,0.405303955078125,0.3348236083984375,0.258453369140625,0.5260086059570313,0.5420989990234375,0.5004119873046875,0.488922119140625,11.656455993652344,2.8460006713867188,26.36963653564453,0.30023956298828125,8.5279541015625,2.8514022827148438,2.8494033813476563,33.27418518066406,0,234948.57348632813,238360.83526611328,0,34088599552,2147483648,8320872448,0
200,1787751321469,3500,3500,3500,3500,3500,3500,3500,3500,3500,3500,3500,3500,3500,3500,3500,3500,3500,3500,3500,3500,10.777320861816406,0.302581787109375,47.89395523071289,0.18523406982421875,0.2723846435546875,0.5212173461914063,0.251220703125,2.7615509033203125,2.8805007934570313,2.9614105224609375,2.8696670532226563,0.316009521484375,31.680076599121094,0.23659515380859375,0.2751312255859375,0.31671142578125,0.30702972412109375,0.27333831787109375,0.22826385498046875,16.68842315673828,0,234957.68103027344,238367.79956054688,0,34088599552,2147483648,8320491520,0
199,1787751321670,3500,3500,3500,3500,3500,3500,3500,3500,3500,3500,3500,3500,3500,3500,3500,3500,3500,3500,3500,3500,16.980422973632813,0.2069244384765625,56.10923767089844,0.12924957275390625,0.1762237548828125,0.24211883544921875,0.2446136474609375,0.185211181640625,0.29444122314453125,0.34865570068359375,0.26119232177734375,0.341064453125,5.009010314941406,0.31630706787109375,0.2227020263671875,0.22154998779296875,0.30092620849609375,0.2462615966796875,0.12580108642578125,30.260345458984375,0,234966.95379638672,238374.93389892578,0,34088599552,2147483648,8319991808,0
200,1787751321870,3500,3500,3500,3500,3500,3500,3500,3500,3500,3500,3500,3500,3500,3500,3500,3500,3500,3500,3500,3500,31.981040954589844,0.32895660400390625,46.68151092529297,0.251678466796875,0.3572540283203125,2.8092269897460938,0.29071807861328125,0.32720947265625,0.4261322021484375,0.46802520751953125,0.36505126953125,3.0587081909179688,15.883995056152344,0.3308563232421875,0.33620452880859375,0.33795928955078125,0.4407806396484375,0.4273834228515625,0.28147125244140625,10.246192932128906,0,234975.7130126953,238381.583984375,0,34088599552,2147483648,8319848448,0
200,1787751322070,3500,3500,3500,3500,3500,3500,3500,3500,3500,3500,3500,3500,3500,3500,3500,3500,3500,3500,3500,3500,40.020233154296875,2.72296142578125,27.796676635742188,0.21561431884765625,0.32865142822265625,0.2364044189453125,2.8140106201171875,0.2471771240234375,0.40374755859375,0.37627410888671875,0.3333892822265625,0.475250244140625,0.9077682495117188,0.2926025390625,2.7986068725585938,2.8520584106445313,0.3975677490234375,0.38913726806640625,0.19905853271484375,42.02476119995117,0,234984.2435913086,238387.97985839844,0,34088599552,2147483648,8318570496,0
200,1787751322270,3500,3500,3500,3500,3500,3500,3500,3500,3500,3500,3500,3500,3500,3500,3500,3500,3500,3500,3500,3500,14.358650207519531,0.2511444091796875,36.14256286621094,2.744384765625,2.9071884155273438,0.7020797729492188,0.36254119873046875,0.41754150390625,0.36139678955078125,0.4678497314453125,0.34886932373046875,0.5123748779296875,16.466140747070313,2.8838272094726563,15.712005615234375,0.36119842529296875,2.9552459716796875,2.9144744873046875,2.7461318969726563,26.88018035888672,0,234993.49493408203,238395.09704589844,0,34088599552,2147483648,8318578688,0
200,1787751322471,3500,3500,3500,3500,3500,3500,3500,3500,3500,3500,3500,3500,3500,3500,3500,3500,3500,3500,3500,3500,30.61652374267578,0.19054412841796875,49.00709915161133,0.21909332275390625,0.26061248779296875,0.4105377197265625,0.2440948486328125,2.7895584106445313,2.935089111328125,2.9801025390625,2.9290008544921875,0.485198974609375,8.334091186523438,0.34575653076171875,0.3366241455078125,0.3580322265625,0.4344940185546875,0.40644073486328125,0.22847747802734375,18.77740478515625,0,235003.3504638672,238402.82550048828,0,34088599552,2147483648,8318394368,0
200,1787751322671,3500,3500,3500,3500,3500,3500,3500,3500,3500,3500,3500,3500,3500,3500,3500,3500,3500,3500,3500,3500,35.027809143066406,0.217987060546875,40.02231216430664,0.195404052734375,0.261749267578125,0.24651336669921875,0.23522186279296875,0.30336761474609375,0.28783416748046875,0.335693359375,0.2417144775390625,0.25395965576171875,14.560127258300781,0.2839813232421875,0.27933502197265625,0.30826568603515625,0.3238525390625,0.3701171875,0.26584625244140625,18.00176239013672,0,235011.31774902344,238408.65533447266,0,34088599552,2147483648,8318521344,0
200,1787751322871,3500,3500,3500,3500,3500,3500,3500,3500,3500,3500,3500,3500,3500,3500,3500,3500,3500,3500,3500,3500,59.18079376220703,0.1553497314453125,14.470993041992188,0.2285308837890625,0.2392120361328125,2.8075942993164063,0.3644256591796875,0.19376373291015625,0.27837371826171875,0.30840301513671875,0.32506561279296875,2.8189697265625,0.5140838623046875,0.3234710693359375,0.30620574951171875,0.2801666259765625,0.2846527099609375,0.3050079345703125,0.197601318359375,33.544525146484375,0,235020.86553955078,238416.06658935547,0,34088599552,2147483648,8318521344,0
200,1787751323072,3500,3500,3500,3500,3500,3500,3500,3500,3500,3500,3500,3500,3500,3500,3500,3500,3500,3500,3500,3500,26.597816467285156,2.7373275756835938,52.92909240722656,0.19116973876953125,0.264495849609375,0.26784515380859375,2.8022689819335938,0.26204681396484375,0.29436492919921875,0.28517913818359375,0.24451446533203125,0.2970123291015625,15.952369689941406,0.2876739501953125,2.795074462890625,2.8482742309570313,0.2726898193359375,0.30605316162109375,0.21239471435546875,15.58636474609375,0,235029.52899169922,238422.6011352539,0,34088599552,2147483648,8318521344,0
200,1787751323272,3500,3500,3500,3500,3500,3500,3500,3500,3500,3500,3500,3500,3500,3500,3500,3500,3500,3500,3500,3500,29.497634887695313,0.28440093994140625,69.66561889648438,2.7273635864257813,2.8703842163085938,0.2741241455078125,0.25518035888671875,0.30265045166015625,0.25293731689453125,0.3112335205078125,0.32604217529296875,0.367584228515625,0.35541534423828125,2.8223648071289063,0.318359375,0.30953216552734375,2.82989501953125,2.818328857421875,2.7747879028320313,10.647994995117188,0,235039.0421142578,238429.98095703125,0,34088599552,2147483648,8318521344,0
200,1787751323472,3500,3500,3500,3500,3500,3500,3500,3500,3500,3500,3500,3500,3500,3500,3500,3500,3500,3500,3500,3500,33.887916564941406,0.2111358642578125,38.60974884033203,0.19875335693359375,0.2577667236328125,0.34299468994140625,0.31243896484375,2.7125015258789063,2.7592315673828125,2.8037109375,0.25926971435546875,0.22536468505859375,0.800018310546875,0.26770782470703125,0.27294921875,0.25962066650390625,0.251129150390625,0.3144378662109375,0.1786346435546875,33.07426452636719,0,235047.93981933594,238436.75384521484,0,34088599552,2147483648,8318398464,0
200,1787751323673,3500,3500,3500,3500,3500,3500,3500,3500,3500,3500,3500,3500,3500,3500,3500,3500,3500,3500,3500,3500,10.176177978515625,0.24835968017578125,51.580055236816406,0.16678619384765625,0.39104461669921875,0.470123291015625,0.501708984375,0.4384918212890625,0.2797393798828125,0.233489990234375,2.882171630859375,0.29605865478515625,10.668006896972656,0.274749755859375,0.29520416259765625,0.279693603515625,0.28707122802734375,0.28816986083984375,0.20026397705078125,36.68316650390625,0,235057.9150390625,238444.99377441406,0,34088599552,2147483648,8318537728,0
200,1787751323873,3500,3500,3500,3500,3500,3500,3500,3500,3500,3500,3500,3500,3500,3500,3500,3500,3500,3500,3500,3500,41.974552154541016,0.22760772705078125,38.974609375,0.1860504150390625,0.468902587890625,2.3818435668945313,0.41486358642578125,0.46511077880859375,0.2039337158203125,0.29973602294921875,0.2623748779296875,2.8137359619140625,0.35163116455078125,0.29503631591796875,0.3060302734375,0.2757568359375,0.3882904052734375,0.3816986083984375,0.24399566650390625,23.28258514404297,0,235065.97589111328,238450.98864746094,0,34088599552,2147483648,8318537728,0
200,1787751324073,3500,3500,3500,3500,3500,3500,3500,3500,3500,3500,3500,3500,3500,3500,3500,3500,3500,3500,3500,3500,13.102523803710938,2.7932357788085938,18.787010192871094,0.2192840576171875,0.31064605712890625,0.9092636108398438,1.6502456665039063,0.18772125244140625,0.307098388671875,0.27618408203125,0.22298431396484375,0.26044464111328125,15.995918273925781,0.32373809814453125,19.59172821044922,2.7582244873046875,0.37503814697265625,0.37853240966796875,0.20849609375,45.97865295410156,0,235074.9344482422,238457.4859008789,0,34088599552,2147483648,8318537728,0
200,1787751324273,3500,3500,3500,3500,3500,3500,3500,3500,3500,3500,3500,3500,3500,3500,3500,3500,3500,3500,3500,3500,5.793060302734375,0.27349090576171875,51.3229866027832,2.7620086669921875,2.8002853393554688,0.25910186767578125,1.4417724609375,0.32436370849609375,0.32720947265625,0.26529693603515625,0.2593536376953125,0.3551483154296875,15.950965881347656,2.8022384643554688,14.734413146972656,0.27034759521484375,2.8776931762695313,2.897979736328125,2.783599853515625,25.344398498535156,0,235083.8585205078,238464.56536865234,0,34088599552,2147483648,8318545920,0
199,1787751324474,3500,3500,3500,3500,3500,3500,3500,3500,3500,3500,3500,3500,3500,3500,3500,3500,3500,3500,3500,3500,28.553024291992188,0.2272186279296875,9.064704895019531,0.21056365966796875,0.34386444091796875,0.24222564697265625,0.339080810546875,2.8034591674804688,2.7964248657226563,2.8638534545898438,0.26337432861328125,0.27639007568359375,22.051895141601563,0.26337432861328125,0.28916168212890625,0.3300018310546875,0.3009796142578125,0.3108062744140625,0.1785430908203125,50.06565475463867,0,235092.01531982422,238470.17041015625,0,34088599552,2147483648,8318545920,0
200,1787751324674,3500,3500,3500,3500,3500,3500,3500,3500,3500,3500,3500,3500,3500,3500,3500,3500,3500,3500,3500,3500,34.26524353027344,0.24040985107421875,30.088653564453125,0.26505279541015625,0.3789825439453125,0.3939361572265625,0.30919647216796875,0.30684661865234375,0.5961990356445313,0.2779998779296875,2.8550643920898438,0.2593536376953125,11.733963012695313,0.35749053955078125,0.315948486328125,0.32714080810546875,0.3608856201171875,0.36438751220703125,0.2238616943359375,32.237632751464844,0,235102.43725585938,238478.47747802734,0,34088599552,2147483648,8318676992,0
199,1787751324874,3500,3500,3500,3500,3500,3500,3500,3500,3500,3500,3500,3500,3500,3500,3500,3500,3500,3500,3500,3500,37.212867736816406,0.18991851806640625,35.955474853515625,0.239044189453125,0.2738494873046875,0.2760467529296875,0.23863983154296875,0.26033782958984375,0.25165557861328125,0.2596893310546875,0.28731536865234375,2.80072021484375,0.40601348876953125,0.37239837646484375,0.30487060546875,0.263427734375,0.33050537109375,0.37369537353515625,0.2156524658203125,32.19794464111328,0,235110.73315429688,238484.65356445313,0,34088599552,2147483648,8318676992,0
199,1787751325074,3500,3500,3500,3500,3500,3500,3500,3500,3500,3500,3500,3500,3500,3500,3500,3500,3500,3500,3500,3500,29.606430053710938,2.7397918701171875,46.680580139160156,0.173004150390625,0.28697967529296875,2.6704635620117188,0.333465576171875,0.2588348388671875,0.23648834228515625,0.27233123779296875,0.259185791015625,0.20944976806640625,15.757492065429688,0.3380126953125,2.8465652465820313,2.8164215087890625,0.2698822021484375,0.2748260498046875,0.21369171142578125,20.20244598388672,0,235120.45819091797,238492.24682617188,0,34088599552,2147483648,8318676992,0
200,1787751325275,3500,3500,3500,3500,3500,3500,3500,3500,3500,3500,3500,3500,3500,3500,3500,3500,3500,3500,3500,3500,26.141685485839844,0.25769805908203125,57.444156646728516,2.7618026733398438,2.8244247436523438,0.3095245361328125,2.8334197998046875,0.24310302734375,0.30562591552734375,0.23940277099609375,0.29998016357421875,0.266143798828125,0.49520111083984375,2.9408798217773438,0.4139862060546875,0.407135009765625,2.8473663330078125,2.9118423461914063,2.7616500854492188,23.076805114746094,0,235130.81665039063,238500.48345947266,0,34088599552,2147483648,8318676992,0
200,1787751325475,3500,3500,3500,3500,3500,3500,3500,3500,3500,3500,3500,3500,3500,3500,3500,3500,3500,3500,3500,3500,23.773452758789063,0.15444183349609375,35.11732482910156,0.1456146240234375,0.19863128662109375,0.22026824951171875,0.244903564453125,0.8924026489257813,2.731964111328125,2.7387466430664063,0.2032623291015625,0.1902008056640625,8.368850708007813,0.3281402587890625,1.0099945068359375,0.34279632568359375,0.34609222412109375,0.34534454345703125,0.1602783203125,37.51716613769531,0,235138.8428955078,238506.36846923828,0,34088599552,2147483648,8318595072,0
200,1787751325675,3500,3500,3500,3500,3500,3500,3500,3500,3500,3500,3500,3500,3500,3500,3500,3500,3500,3500,3500,3500,16.163360595703125,0.26171112060546875,22.338668823242188,0.29323577880859375,0.31597137451171875,0.53436279296875,0.3107757568359375,2.0953903198242188,0.32961273193359375,0.30142974853515625,2.9135513305664063,0.29009246826171875,18.115707397460938,0.35439300537109375,27.64354705810547,0.27754974365234375,3.988525390625,0.3056793212890625,0.2161407470703125,37.57969284057617,0,235149.97326660156,238515.35858154297,0,34088599552,2147483648,8318865408,0
200,1787751325876,3500,3500,3500,3500,3500,3500,3500,3500,3500,3500,3500,3500,3500,3500,3500,3500,3500,3500,3500,3500,16.8209228515625,0.25321197509765625,35.05064392089844,0.22840118408203125,0.275421142578125,0.320343017578125,0.2593994140625,0.32224273681640625,0.3243865966796875,0.29319000244140625,0.27347564697265625,2.8691558837890625,0.6035003662109375,0.37274932861328125,0.329376220703125,0.32134246826171875,0.37055206298828125,0.30606842041015625,0.265838623046875,20.87371826171875,0,235157.1566772461,238520.40625,0,34088599552,2147483648,8318939136,0
199,1787751326076,3500,3500,3500,3500,3500,3500,3500,3500,3500,3500,3500,3500,3500,3500,3500,3500,3500,3500,3500,3500,25.253616333007813,2.8024215698242188,40.996337890625,0.2193756103515625,0.37143707275390625,3.0306777954101563,0.4477386474609375,0.3857574462890625,0.2906951904296875,0.29947662353515625,0.20874786376953125,0.37198638916015625,7.516120910644531,0.26459503173828125,2.7816085815429688,2.8026657104492188,0.31145477294921875,0.27996063232421875,0.20191192626953125,37.35692596435547,0,235164.90618896484,238526.0219116211,0,34088599552,2147483648,8318939136,0
199,1787751326276,3500,3500,3500,3500,3500,3500,3500,3500,3500,3500,3500,3500,3500,3500,3500,3500,3500,3500,3500,3500,21.569747924804688,0.21613311767578125,44.6251335144043,2.7532501220703125,2.8978042602539063,0.47420501708984375,2.9496383666992188,0.4132232666015625,0.3182525634765625,0.26746368408203125,0.22847747802734375,0.2532196044921875,9.935638427734375,2.7816390991210938,0.3054046630859375,0.27521514892578125,2.8017349243164063,2.8027877807617188,2.745452880859375,31.066268920898438,0,235175.49169921875,238534.4884033203,0,34088599552,2147483648,8318939136,0
200,1787751326476,3500,3500,3500,3500,3500,3500,3500,3500,3500,3500,3500,3500,3500,3500,3500,3500,3500,3500,3500,3500,48.93913269042969,0.16571044921875,23.665992736816406,0.211151123046875,0.27063751220703125,0.252197265625,0.2851409912109375,0.30558013916015625,2.7539443969726563,2.799835205078125,0.2614898681640625,0.264892578125,0.5683212280273438,0.2885894775390625,0.2972869873046875,0.260040283203125,0.279388427734375,0.28748321533203125,0.2384490966796875,15.215400695800781,0,235185.29193115234,238542.1453857422,0,34088599552,2147483648,8318926848,0
200,1787751326676,3500,3500,3500,3500,3500,3500,3500,3500,3500,3500,3500,3500,3500,3500,3500,3500,3500,3500,3500,3500,3.3937454223632813,0.26497650146484375,39.98829650878906,0.20485687255859375,0.45220947265625,0.51806640625,0.35649871826171875,2.9466781616210938,0.27276611328125,0.2969818115234375,2.7849044799804688,0.26851654052734375,2.817962646484375,0.27086639404296875,0.34271240234375,0.28179931640625,0.28464508056640625,0.3111572265625,0.24790191650390625,22.789138793945313,0,235195.1280517578,238549.84954833984,0,34088599552,2147483648,8319123456,0
200,1787751326877,3500,3500,3500,3500,3500,3500,3500,3500,3500,3500,3500,3500,3500,3500,3500,3500,3500,3500,3500,3500,0.7150039672851563,0.2867889404296875,78.35504150390625,0.17945098876953125,0.5020675659179688,0.39632415771484375,0.4100494384765625,0.47382354736328125,0.29772186279296875,0.29167938232421875,0.26323699951171875,2.8299713134765625,0.3017120361328125,0.30290985107421875,0.37012481689453125,0.32675933837890625,0.31713104248046875,0.32176971435546875,0.25530242919921875,25.02105712890625,0,235204.5780029297,238557.16607666016,0,34088599552,2147483648,8319123456,0
200,1787751327077,3500,3500,3500,3500,3500,3500,3500,3500,3500,3500,3500,3500,3500,3500,3500,3500,3500,3500,3500,3500,1.0783767700195313,2.8390045166015625,74.21234893798828,0.1461334228515625,0.22417449951171875,2.784332275390625,0.2499847412109375,0.3373565673828125,0.30605316162109375,0.33121490478515625,0.30640411376953125,0.21149444580078125,0.2783966064453125,0.2809906005859375,2.85113525390625,2.8240280151367188,0.2435455322265625,0.30590057373046875,0.17005157470703125,32.39330291748047,0,235212.76489257813,238563.22845458984,0,34088599552,2147483648,8319123456,0
200,1787751327277,3500,3500,3500,3500,3500,3500,3500,3500,3500,3500,3500,3500,3500,3500,3500,3500,3500,3500,3500,3500,20.73699951171875,0.28565216064453125,28.431930541992188,2.7663040161132813,0.2930450439453125,0.32497406005859375,2.821563720703125,0.25182342529296875,0.32212066650390625,0.34720611572265625,0.369293212890625,0.3660888671875,0.415557861328125,2.8354568481445313,0.35565185546875,0.33371734619140625,2.8797760009765625,2.9052581787109375,2.7255783081054688,62.67857360839844,0,235220.55688476563,238568.89263916016,0,34088599552,2147483648,8319123456,0
200,1787751327477,3500,3500,3500,3500,3500,3500,3500,3500,3500,3500,3500,3500,3500,3500,3500,3500,3500,3500,3500,3500,2.0067138671875,0.2570953369140625,13.193038940429688,0.29993438720703125,2.7581939697265625,0.224945068359375,0.23892974853515625,0.25909423828125,0.32498931884765625,2.94879150390625,0.42383575439453125,0.3289337158203125,0.25530242919921875,0.2993316650390625,0.3651275634765625,0.369476318359375,0.335174560546875,0.35305023193359375,0.210723876953125,12.951622009277344,0,235228.13458251953,238574.34252929688,0,34088599552,2147483648,8319176704,0
200,1787751327678,3500,3500,3500,3500,3500,3500,3500,3500,3500,3500,3500,3500,3500,3500,3500,3500,3500,3500,3500,3500,4.383369445800781,0.2957763671875,10.950447082519531,0.3243560791015625,0.29088592529296875,0.37688446044921875,0.2309722900390625,2.8299713134765625,2.8430938720703125,0.28424835205078125,2.8128662109375,0.27611541748046875,2.8937759399414063,0.3882598876953125,0.4141998291015625,0.39833831787109375,0.41609954833984375,0.4154510498046875,0.2237396240234375,23.512405395507813,0,235236.09228515625,238580.1312866211,0,34088599552,2147483648,8319508480,0
200,1787751327878,3500,3500,3500,3500,3500,3500,3500,3500,3500,3500,3500,3500,3500,3500,3500,3500,3500,3500,3500,3500,1.4712600708007813,0.21099090576171875,6.824409484863281,0.2841339111328125,0.352783203125,1.284515380859375,0.2904205322265625,0.2156829833984375,0.247467041015625,0.30329132080078125,0.24631500244140625,2.834808349609375,0.2920684814453125,0.299896240234375,0.41205596923828125,0.3995361328125,0.35198974609375,0.385467529296875,0.26532745361328125,16.172195434570313,0,235243.6485595703,238585.56280517578,0,34088599552,2147483648,8319639552,0
199,1787751328079,3500,3500,3500,3500,3500,3500,3500,3500,3500,3500,3500,3500,3500,3500,3500,3500,3500,3500,3500,3500,1.5135345458984375,2.5981521606445313,7.1190032958984375,0.2460174560546875,0.273406982421875,2.8770523071289063,0.21833038330078125,0.24980926513671875,0.3077392578125,0.2185821533203125,0.23184967041015625,0.2581939697265625,0.36336517333984375,0.2881317138671875,2.8138809204101563,2.8502044677734375,0.35129547119140625,0.3597259521484375,0.23040008544921875,17.30370330810547,0,235250.00317382813,238589.75170898438,0,34088599552,2147483648,8319836160,0
199,1787751328279,3500,3500,3500,3500,3500,3500,3500,3500,3500,3500,3500,3500,3500,3500,3500,3500,3500,3500,3500,3500,4.584556579589844,0.28585052490234375,9.074493408203125,0.246917724609375,0.259063720703125,0.7046661376953125,2.8335418701171875,0.27671051025390625,0.29090118408203125,0.2871551513671875,0.26445770263671875,0.245819091796875,0.40351104736328125,2.797607421875,0.28200531005859375,0.26476287841796875,0.934783935546875,2.8430404663085938,2.7013931274414063,11.357574462890625,0,235257.1693725586,238594.77825927734,0,34088599552,2147483648,8319897600,0
200,1787751328479,3500,3500,3500,3500,3500,3500,3500,3500,3500,3500,3500,3500,3500,3500,3500,3500,3500,3500,3500,3500,2.0236053466796875,0.27408599853515625,7.2694244384765625,2.8868026733398438,2.8223724365234375,0.550872802734375,0.32321929931640625,0.36695098876953125,2.1281661987304688,2.8812484741210938,0.27513885498046875,0.29552459716796875,0.3311614990234375,0.3632965087890625,0.44211578369140625,0.39653778076171875,2.2775039672851563,0.4560089111328125,0.30242156982421875,10.534965515136719,0,235265.27728271484,238600.767578125,0,34088599552,2147483648,8319897600,0
199,1787751328679,3500,3500,3500,3500,3500,3500,3500,3500,3500,3500,3500,3500,3500,3500,3500,3500,3500,3500,3500,3500,1.2636184692382813,0.21756744384765625,4.011451721191406,0.38123321533203125,0.25408935546875,0.44380950927734375,0.3126220703125,2.742401123046875,2.817047119140625,0.27185821533203125,2.8597183227539063,0.32061004638671875,2.853179931640625,0.26262664794921875,0.35533905029296875,0.34146881103515625,0.307830810546875,0.33003997802734375,0.2205047607421875,18.09111785888672,0,235272.3009033203,238605.67236328125,0,34088599552,2147483648,8320094208,0
200,1787751328879,3500,3500,3500,3500,3500,3500,3500,3500,3500,3500,3500,3500,3500,3500,3500,3500,3500,3500,3500,3500,1.1295089721679688,0.240264892578125,5.799491882324219,0.3053436279296875,0.3170928955078125,0.41925811767578125,0.2989959716796875,0.27005767822265625,0.30979156494140625,0.290252685546875,0.2647552490234375,2.8483657836914063,0.28565216064453125,0.3038482666015625,0.4112091064453125,0.3922119140625,0.3182373046875,0.3192901611328125,0.2382659912109375,10.845993041992188,0,235280.69006347656,238611.92016601563,0,34088599552,2147483648,8320077824,0
200,1787751329080,3500,3500,3500,3500,3500,3500,3500,3500,3500,3500,3500,3500,3500,3500,3500,3500,3500,3500,3500,3500,6.8864288330078125,0.19013214111328125,11.821823120117188,0.18209075927734375,0.27532958984375,2.794219970703125,0.28566741943359375,0.2183990478515625,0.19817352294921875,0.2998046875,0.249664306640625,0.252410888671875,4.403602600097656,0.26993560791015625,2.8733749389648438,2.8357162475585938,0.28707122802734375,0.30779266357421875,0.19147491455078125,21.588119506835938,0,235289.9412841797,238619.19189453125,0,34088599552,2147483648,8320221184,0
200,1787751329280,3500,3500,3500,3500,3500,3500,3500,3500,3500,3500,3500,3500,3500,3500,3500,3500,3500,3500,3500,3500,1.89776611328125,2.7516632080078125,8.669387817382813,0.29180908203125,0.43801116943359375,0.5187835693359375,2.8703994750976563,0.46353912353515625,0.312591552734375,0.28296661376953125,0.24535369873046875,0.26563262939453125,0.29221343994140625,2.812255859375,0.41129302978515625,0.3958587646484375,0.2806243896484375,2.807464599609375,2.7316360473632813,11.338233947753906,0,235297.67791748047,238624.69818115234,0,34088599552,2147483648,8320290816,0
200,1787751329480,3500,3500,3500,3500,3500,3500,3500,3500,3500,3500,3500,3500,3500,3500,3500,3500,3500,3500,3500,3500,3.0468292236328125,0.22618865966796875,7.972404479980469,2.8240890502929688,2.9964981079101563,0.5582275390625,0.4080352783203125,0.5151901245117188,0.274169921875,2.82513427734375,0.2841033935546875,0.3454742431640625,0.34002685546875,0.31865692138671875,0.3900604248046875,0.375030517578125,2.8657302856445313,0.35495758056640625,0.2686767578125,10.847877502441406,0,235305.2783203125,238630.11553955078,0,34088599552,2147483648,8320696320,0
200,1787751329680,3500,3500,3500,3500,3500,3500,3500,3500,3500,3500,3500,3500,3500,3500,3500,3500,3500,3500,3500,3500,1.8657455444335938,0.21317291259765625,5.0726776123046875,0.253387451171875,0.295440673828125,0.49298095703125,0.3016357421875,2.8795318603515625,4.140861511230469,0.24109649658203125,2.807708740234375,0.30342864990234375,4.861900329589844,0.29868316650390625,0.39458465576171875,0.3791046142578125,0.40097808837890625,0.37155914306640625,0.21022796630859375,13.733802795410156,0,235311.86322021484,238634.68670654297,0,34088599552,2147483648,8321495040,0
199,1787751329881,3500,3500,3500,3500,3500,3500,3500,3500,3500,3500,3500,3500,3500,3500,3500,3500,3500,3500,3500,3500,1.1173858642578125,0.22064971923828125,5.6323394775390625,0.31053924560546875,0.3109893798828125,0.5054855346679688,0.3231201171875,0.27291107177734375,0.2849884033203125,0.27410888671875,0.29946136474609375,2.843170166015625,0.3710784912109375,0.34513092041015625,0.3988800048828125,0.39733123779296875,0.43536376953125,0.41774749755859375,0.29177093505859375,12.175529479980469,0,235318.76885986328,238639.60772705078,0,34088599552,2147483648,8321904640,0
200,1787751330081,3500,3500,3500,3500,3500,3500,3500,3500,3500,3500,3500,3500,3500,3500,3500,3500,3500,3500,3500,3500,4.737663269042969,0.20548248291015625,6.440483093261719,0.28096771240234375,0.3087158203125,10.127899169921875,1.0286941528320313,0.27101898193359375,1.1520843505859375,0.34436798095703125,0.34326171875,0.33731842041015625,0.30912017822265625,0.2962188720703125,2.8231048583984375,2.8259048461914063,0.39810943603515625,0.39090728759765625,0.271270751953125,17.555435180664063,0,235326.26733398438,238644.7071533203,0,34088599552,2147483648,8283148288,0
200,1787751330281,3500,3500,3500,3500,3500,3500,3500,3500,3500,3500,3500,3500,3500,3500,3500,3500,3500,3500,3500,3500,2.7449951171875,2.6656341552734375,11.353599548339844,0.19182586669921875,0.21723175048828125,3.0642013549804688,2.6983718872070313,0.18099212646484375,7.04400634765625,0.2139892578125,0.18727874755859375,0.1663665771484375,0.1808929443359375,1.9204940795898438,0.2166290283203125,0.20824432373046875,0.28751373291015625,2.81842041015625,2.664031982421875,9.765792846679688,0,235331.970703125,238648.22296142578,0,34088599552,2147483648,8283250688,0
200,1787751330481,3500,3500,3500,3500,3500,3500,3500,3500,3500,3500,3500,3500,3500,3500,3500,3500,3500,3500,3500,3500,13.84698486328125,0.27724456787109375,11.183998107910156,2.8850860595703125,2.8853378295898438,14.660903930664063,0.28108978271484375,0.283935546875,1.492828369140625,2.8488998413085938,0.378662109375,0.29032135009765625,9.137031555175781,1.1256484985351563,0.4415435791015625,0.407806396484375,2.9012069702148438,0.32610321044921875,0.29416656494140625,18.15662384033203,0,235339.5259399414,238653.60516357422,0,34088599552,2147483648,8283156480,0
199,1787751330682,3500,3500,3500,3500,3500,3500,3500,3500,3500,3500,3500,3500,3500,3500,3500,3500,3500,3500,3500,3500,5.171875,0.24303436279296875,13.676132202148438,0.35851287841796875,0.29840087890625,0.642333984375,0.35781097412109375,2.8448715209960938,2.9377288818359375,0.3625030517578125,2.7915496826171875,0.271392822265625,5.789192199707031,0.353118896484375,0.30454254150390625,0.3705902099609375,0.339691162109375,0.32106781005859375,0.31168365478515625,10.319976806640625,0,235347.75018310547,238659.82244873047,0,34088599552,2147483648,8283484160,0
200,1787751330882,3500,3500,3500,3500,3500,3500,3500,3500,3500,3500,3500,3500,3500,3500,3500,3500,3500,3500,3500,3500,1.414215087890625,0.18268585205078125,3.039215087890625,0.30994415283203125,0.33123779296875,0.6078948974609375,0.19228363037109375,0.22542572021484375,0.40930938720703125,0.2291717529296875,0.19193267822265625,0.244720458984375,0.27111053466796875,0.26735687255859375,0.265106201171875,0.2337188720703125,0.25226593017578125,0.260009765625,0.19353485107421875,17.83342742919922,0,235355.51245117188,238665.48614501953,0,34088599552,2147483648,8283553792,0
200,1787751331082,3500,3500,3500,3500,3500,3500,3500,3500,3500,3500,3500,3500,3500,3500,3500,3500,3500,3500,3500,3500,3.1386566162109375,0.226043701171875,9.313987731933594,0.38043975830078125,0.29166412353515625,3.7193984985351563,0.31381988525390625,0.255340576171875,0.3292388916015625,0.34575653076171875,0.3345794677734375,2.8229446411132813,0.36102294921875,0.381439208984375,2.8153076171875,2.8764877319335938,0.348052978515625,0.30478668212890625,0.340118408203125,13.651092529296875,0,235362.36279296875,238670.16326904297,0,34088599552,2147483648,8283672576,0
200,1787751331283,3500,3500,3500,3500,3500,3500,3500,3500,3500,3500,3500,3500,3500,3500,3500,3500,3500,3500,3500,3500,2.90740966796875,2.7278823852539063,12.194473266601563,0.26947021484375,0.3226470947265625,0.8535537719726563,2.821807861328125,0.31047821044921875,0.27231597900390625,0.276153564453125,0.3065338134765625,0.28368377685546875,0.290069580078125,0.27166748046875,0.27919769287109375,0.3000030517578125,0.27809906005859375,2.7877426147460938,2.7623977661132813,9.084884643554688,0,235370.84454345703,238676.40454101563,0,34088599552,2147483648,8283803648,0
200,1787751331483,3500,3500,3500,3500,3500,3500,3500,3500,3500,3500,3500,3500,3500,3500,3500,3500,3500,3500,3500,3500,3.67193603515625,0.173980712890625,5.7882843017578125,2.781097412109375,2.8062744140625,0.3830413818359375,0.20355987548828125,0.2098541259765625,0.26267242431640625,1.910491943359375,0.240234375,0.236785888671875,0.275360107421875,2.75750732421875,0.25787353515625,0.26561737060546875,2.7796478271484375,0.2452850341796875,0.23848724365234375,12.713188171386719,0,235378.74700927734,238682.1742553711,0,34088599552,2147483648,8283869184,0
200,1787751331683,3500,3500,3500,3500,3500,3500,3500,3500,3500,3500,3500,3500,3500,3500,3500,3500,3500,3500,3500,3500,3.8410720825195313,0.27618408203125,11.703155517578125,0.3551483154296875,0.4422454833984375,0.4407501220703125,0.37087249755859375,2.8629837036132813,2.863983154296875,1.2255172729492188,2.789306640625,0.38469696044921875,2.9000167846679688,0.36138916015625,0.33393096923828125,0.3509521484375,0.35045623779296875,0.3425140380859375,0.3481597900390625,15.056007385253906,0,235385.64288330078,238686.94897460938,0,34088599552,2147483648,8284241920,0
200,1787751331884,3500,3500,3500,3500,3500,3500,3500,3500,3500,3500,3500,3500,3500,3500,3500,3500,3500,3500,3500,3500,1.6688156127929688,0.16748809814453125,3.58642578125,0.3610687255859375,0.43743133544921875,0.3557281494140625,0.34949493408203125,0.32799530029296875,0.3355255126953125,0.21257781982421875,0.297271728515625,0.27921295166015625,0.3190155029296875,0.32550048828125,0.30939483642578125,0.26934051513671875,0.296173095703125,0.30385589599609375,0.25228118896484375,13.096549987792969,0,235392.38165283203,238691.56286621094,0,34088599552,2147483648,8284241920,0
200,1787751332084,3500,3500,3500,3500,3500,3500,3500,3500,3500,3500,3500,3500,3500,3500,3500,3500,3500,3500,3500,3500,8.279953002929688,0.2471466064453125,12.365707397460938,0.2959747314453125,0.4156341552734375,2.9874954223632813,0.39458465576171875,0.35268402099609375,0.30365753173828125,0.27597808837890625,0.171783447265625,2.8536224365234375,4.58319091796875,0.25801849365234375,2.7994537353515625,0.2783203125,0.2886962890625,0.2774200439453125,0.2348785400390625,21.519775390625,0,235400.66387939453,238697.68255615234,0,34088599552,2147483648,8284246016,0
200,1787751332284,3500,3500,3500,3500,3500,3500,3500,3500,3500,3500,3500,3500,3500,3500,3500,3500,3500,3500,3500,3500,1.2152786254882813,2.7412872314453125,8.243087768554688,0.23931884765625,0.33309173583984375,0.45706939697265625,2.8961715698242188,0.32550048828125,0.23732757568359375,0.23687744140625,0.244415283203125,0.2682342529296875,0.46421051025390625,0.37378692626953125,0.2665863037109375,2.7904205322265625,0.302337646484375,0.26248931884765625,2.7384414672851563,14.427299499511719,0,235408.39776611328,238703.2914428711,0,34088599552,2147483648,8284250112,0
199,1787751332485,3500,3500,3500,3500,3500,3500,3500,3500,3500,3500,3500,3500,3500,3500,3500,3500,3500,3500,3500,3500,4.952156066894531,0.21700286865234375,6.280616760253906,2.7974929809570313,2.89202880859375,0.3204193115234375,0.3198699951171875,0.27426910400390625,0.33673095703125,0.390106201171875,0.3099365234375,0.29756927490234375,0.39185333251953125,2.9051437377929688,0.2796630859375,0.32091522216796875,2.8040771484375,2.8614959716796875,0.26624298095703125,12.937820434570313,0,235415.6273803711,238708.37396240234,0,34088599552,2147483648,8284250112,0
200,1787751332685,3500,3500,3500,3500,3500,3500,3500,3500,3500,3500,3500,3500,3500,3500,3500,3500,3500,3500,3500,3500,2.1561431884765625,0.17411041259765625,8.348495483398438,0.20540618896484375,0.3030853271484375,0.5399856567382813,0.3671722412109375,2.9333343505859375,2.8196563720703125,2.7598724365234375,2.8950881958007813,0.271942138671875,2.9555282592773438,0.41936492919921875,0.292938232421875,0.30938720703125,0.3128814697265625,0.29084014892578125,0.24555206298828125,12.814949035644531,0,235421.26446533203,238711.88287353516,0,34088599552,2147483648,8284446720,0
199,1787751332885,3500,3500,3500,3500,3500,3500,3500,3500,3500,3500,3500,3500,3500,3500,3500,3500,3500,3500,3500,3500,0.9957733154296875,0.221527099609375,2.5549087524414063,0.31060791015625,0.47283172607421875,2.4426956176757813,0.5054550170898438,0.47447967529296875,0.432861328125,0.4288177490234375,0.5107040405273438,0.5168991088867188,0.394744873046875,0.3887939453125,0.30831146240234375,0.274688720703125,0.30136871337890625,0.3318939208984375,0.25310516357421875,12.589286804199219,0,235428.70220947266,238717.21099853516,0,34088599552,2147483648,8284512256,0
200,1787751333085,3500,3500,3500,3500,3500,3500,3500,3500,3500,3500,3500,3500,3500,3500,3500,3500,3500,3500,3500,3500,4.5361328125,0.22344207763671875,7.301055908203125,0.28521728515625,0.44693756103515625,2.9712753295898438,0.5001144409179688,0.47582244873046875,0.39105987548828125,0.43349456787109375,0.5096588134765625,2.9901657104492188,0.36507415771484375,0.308349609375,2.8254013061523438,0.3108978271484375,0.31200408935546875,0.32019805908203125,0.2142486572265625,13.071243286132813,0,235435.2625732422,238721.64813232422,0,34088599552,2147483648,8284766208,0
202,1787751333285,3500,3500,3500,3500,3500,3500,3500,3500,3500,3500,3500,3500,3500,3500,3500,3500,3500,3500,3500,3500,1.0426025390625,2.67236328125,7.473358154296875,0.26340484619140625,0.32520294189453125,0.4404144287109375,2.9877853393554688,0.42508697509765625,0.44715118408203125,0.459381103515625,0.4588775634765625,0.42852783203125,0.35570526123046875,0.332244873046875,0.26979827880859375,2.7931594848632813,0.3109283447265625,0.35146331787109375,2.7305679321289063,10.854385375976563,0,235443.18572998047,238727.46197509766,0,34088599552,2147483648,8285179904,0
200,1787751333488,3500,3500,3500,3500,3500,3500,3500,3500,3500,3500,3500,3500,3500,3500,3500,3500,3500,3500,3500,3500,4.7241668701171875,0.22379302978515625,10.411415100097656,2.6262359619140625,2.708038330078125,0.283935546875,0.30999755859375,0.2966461181640625,0.32216644287109375,0.42241668701171875,0.425384521484375,0.31415557861328125,0.325775146484375,2.7981948852539063,0.3050994873046875,0.24199676513671875,2.7585830688476563,2.7729263305664063,0.17250823974609375,12.148506164550781,0,235450.04327392578,238732.14459228516,0,34088599552,2147483648,8285822976,0
199,1787751333688,3500,3500,3500,3500,3500,3500,3500,3500,3500,3500,3500,3500,3500,3500,3500,3500,3500,3500,3500,3500,1.2365188598632813,0.29480743408203125,4.537361145019531,0.411407470703125,0.33643341064453125,0.4598236083984375,0.31032562255859375,2.87615966796875,3.2070541381835938,2.90985107421875,2.8704681396484375,0.32190704345703125,2.9502334594726563,0.3600921630859375,0.4879302978515625,0.49102020263671875,0.37267303466796875,0.38649749755859375,0.28931427001953125,11.510322570800781,0,235457.73834228516,238737.74053955078,0,34088599552,2147483648,8286900224,0
199,1787751333888,3500,3500,3500,3500,3500,3500,3500,3500,3500,3500,3500,3500,3500,3500,3500,3500,3500,3500,3500,3500,7.1903228759765625,0.22414398193359375,6.943229675292969,0.30832672119140625,0.3651123046875,0.26953887939453125,0.34021759033203125,0.28363037109375,0.3473663330078125,0.3360748291015625,0.24079132080078125,0.28713226318359375,2.9849014282226563,0.31087493896484375,1.50469970703125,0.41805267333984375,0.335723876953125,0.3203277587890625,0.3067779541015625,19.05565643310547,0,235466.46307373047,238744.32489013672,0,34088599552,2147483648,8288010240,0
199,1787751334088,3500,3500,3500,3500,3500,3500,3500,3500,3500,3500,3500,3500,3500,3500,3500,3500,3500,3500,3500,3500,3.4074554443359375,0.19657135009765625,5.438972473144531,0.35695648193359375,0.2373046875,2.958740234375,0.27333831787109375,0.3182220458984375,0.4739532470703125,0.45096588134765625,0.29937744140625,2.956787109375,0.8631973266601563,0.30507659912109375,2.9366989135742188,0.2872314453125,0.31097412109375,0.3018798828125,0.2871856689453125,11.909477233886719,0,235472.87188720703,238748.607421875,0,34088599552,2147483648,8289730560,0
199,1787751334288,3500,3500,3500,3500,3500,3500,3500,3500,3500,3500,3500,3500,3500,3500,3500,3500,3500,3500,3500,3500,1.09857177734375,2.7561569213867188,6.793182373046875,0.2475128173828125,0.42250823974609375,0.5152740478515625,2.9309005737304688,0.2668609619140625,0.5677032470703125,0.49417877197265625,0.363128662109375,0.5082244873046875,0.298095703125,0.24741363525390625,0.296600341796875,2.76385498046875,0.2819061279296875,0.30759429931640625,2.3702926635742188,10.65435791015625,0,235478.89862060547,238752.52252197266,0,34088599552,2147483648,8291848192,0
200,1787751334488,3500,3500,3500,3500,3500,3500,3500,3500,3500,3500,3500,3500,3500,3500,3500,3500,3500,3500,3500,3500,5.394294738769531,0.2176971435546875,4.108757019042969,2.7825775146484375,2.7839736938476563,0.3646087646484375,0.31307220458984375,0.26088714599609375,0.49938201904296875,0.5051803588867188,0.37985992431640625,0.50982666015625,0.5367202758789063,2.822418212890625,0.4027557373046875,0.39000701904296875,2.7899246215820313,2.8620529174804688,0.6473464965820313,11.777442932128906,0,235486.86071777344,238758.37048339844,0,34088599552,2147483648,8294641664,0
200,1787751334689,3500,3500,3500,3500,3500,3500,3500,3500,3500,3500,3500,3500,3500,3500,3500,3500,3500,3500,3500,3500,1.168853759765625,0.2351226806640625,27.086685180664063,0.22867584228515625,0.2761993408203125,0.8752822875976563,0.28598785400390625,2.8930130004882813,2.9007492065429688,2.8645095825195313,2.8453903198242188,0.37359619140625,2.7852859497070313,0.2644195556640625,0.37998199462890625,0.36705780029296875,0.2699127197265625,0.28858184814453125,0.1853485107421875,42.38695526123047,0,235494.64807128906,238764.03076171875,0,34088599552,2147483648,8296706048,0
199,1787751334889,3500,3500,3500,3500,3500,3500,3500,3500,3500,3500,3500,3500,3500,3500,3500,3500,3500,3500,3500,3500,0.7380523681640625,0.34561920166015625,53.00672149658203,0.236572265625,0.39212799072265625,0.39173126220703125,0.5551223754882813,0.49462890625,0.2878265380859375,0.3719482421875,0.34227752685546875,0.2777862548828125,0.35910797119140625,0.32299041748046875,0.4363861083984375,0.42559814453125,0.32159423828125,0.32863616943359375,0.2231903076171875,49.890380859375,0,235503.02752685547,238770.31414794922,0,34088599552,2147483648,8296701952,0
200,1787751335089,3500,3500,3500,3500,3500,3500,3500,3500,3500,3500,3500,3500,3500,3500,3500,3500,3500,3500,3500,3500,6.670310974121094,0.28815460205078125,46.57511520385742,0.21344757080078125,0.2989044189453125,2.85833740234375,0.25157928466796875,0.25292205810546875,0.34527587890625,0.19260406494140625,0.23943328857421875,2.8455963134765625,0.8954086303710938,0.274566650390625,2.9156646728515625,0.37561798095703125,0.28156280517578125,0.28350830078125,0.17071533203125,54.026885986328125,0,235511.80029296875,238776.96069335938,0,34088599552,2147483648,8296984576,0
200,1787751335289,3500,3500,3500,3500,3500,3500,3500,3500,3500,3500,3500,3500,3500,3500,3500,3500,3500,3500,3500,3500,10.86114501953125,2.8766555786132813,85.60326385498047,0.1680908203125,0.28176116943359375,0.5740432739257813,2.8508148193359375,0.296722412109375,0.3191680908203125,0.31368255615234375,0.30944061279296875,0.30574798583984375,0.33168792724609375,0.2911834716796875,0.37084197998046875,2.8658294677734375,0.33807373046875,0.29906463623046875,0.22928619384765625,15.889129638671875,0,235523.56799316406,238786.61199951172,0,34088599552,2147483648,8298561536,0
200,1787751335490,3500,3500,3500,3500,3500,3500,3500,3500,3500,3500,3500,3500,3500,3500,3500,3500,3500,3500,3500,3500,3.33837890625,0.266021728515625,61.8731575012207,2.7488555908203125,2.81951904296875,0.34551239013671875,0.29476165771484375,0.28203582763671875,0.25653839111328125,0.3199615478515625,0.28702545166015625,0.28772735595703125,0.31976318359375,2.8201675415039063,0.404693603515625,0.42659759521484375,2.8712615966796875,2.8493118286132813,2.7314910888671875,41.409934997558594,0,235531.5365600586,238792.94256591797,0,34088599552,2147483648,8298569728,0
200,1787751335690,3500,3500,3500,3500,3500,3500,3500,3500,3500,3500,3500,3500,3500,3500,3500,3500,3500,3500,3500,3500,1.0204238891601563,0.26673126220703125,64.6474838256836,0.18389129638671875,0.40366363525390625,0.47223663330078125,0.335601806640625,2.8050079345703125,2.8088531494140625,2.8073501586914063,2.8233718872070313,0.2420806884765625,2.8309097290039063,0.32332611083984375,0.4044647216796875,0.41060638427734375,0.399078369140625,0.41324615478515625,0.22321319580078125,40.01262664794922,0,235540.87854003906,238799.89569091797,0,34088599552,2147483648,8299024384,0
200,1787751335890,3500,3500,3500,3500,3500,3500,3500,3500,3500,3500,3500,3500,3500,3500,3500,3500,3500,3500,3500,3500,9.375114440917969,0.19277191162109375,75.68746185302734,0.09688568115234375,0.42687225341796875,0.36991119384765625,0.4324188232421875,0.32988739013671875,0.35227203369140625,0.36415863037109375,0.28316497802734375,0.27301788330078125,2.4026260375976563,0.2341461181640625,0.34227752685546875,0.34177398681640625,0.3319854736328125,0.3476715087890625,0.1684417724609375,21.20037078857422,0,235548.65399169922,238805.78881835938,0,34088599552,2147483648,8299991040,0
200,1787751336090,3500,3500,3500,3500,3500,3500,3500,3500,3500,3500,3500,3500,3500,3500,3500,3500,3500,3500,3500,3500,25.096939086914063,0.27620697021484375,22.779006958007813,0.29303741455078125,0.42432403564453125,2.9175949096679688,0.517364501953125,0.41168975830078125,0.5399322509765625,0.49588775634765625,0.5243988037109375,2.979766845703125,29.573562622070313,0.307220458984375,1.5759048461914063,0.4432525634765625,0.43640899658203125,0.41933441162109375,0.2678680419921875,31.18097686767578,0,235557.8399658203,238812.54791259766,0,34088599552,2147483648,8299991040,0
200,1787751336291,3500,3500,3500,3500,3500,3500,3500,3500,3500,3500,3500,3500,3500,3500,3500,3500,3500,3500,3500,3500,38.69557571411133,2.7277755737304688,57.91437530517578,0.196258544921875,0.25707244873046875,0.35657501220703125,2.8678665161132813,0.30680084228515625,0.5262222290039063,0.5052032470703125,0.5056076049804688,0.40760040283203125,7.9445343017578125,0.28702545166015625,1.7141189575195313,2.869964599609375,0.3109893798828125,0.30789947509765625,0.33435821533203125,3.2041244506835938,0,235567.689453125,238820.1446533203,0,34088599552,2147483648,8300052480,0
200,1787751336491,3500,3500,3500,3500,3500,3500,3500,3500,3500,3500,3500,3500,3500,3500,3500,3500,3500,3500,3500,3500,27.67235565185547,0.22945404052734375,28.568199157714844,2.7588119506835938,2.808929443359375,0.316253662109375,0.30402374267578125,0.30297088623046875,0.3817901611328125,0.35418701171875,0.3708038330078125,0.3523406982421875,1.0523223876953125,2.8663253784179688,0.305816650390625,0.2770233154296875,2.7801284790039063,2.795501708984375,2.7113494873046875,49.53483200073242,0,235576.47869873047,238826.81024169922,0,34088599552,2147483648,8300052480,0
200,1787751336691,3500,3500,3500,3500,3500,3500,3500,3500,3500,3500,3500,3500,3500,3500,3500,3500,3500,3500,3500,3500,33.35778045654297,0.18097686767578125,18.934974670410156,0.23229217529296875,0.256072998046875,0.32877349853515625,0.238983154296875,2.7337875366210938,2.9882583618164063,2.777252197265625,2.727935791015625,0.32637786865234375,41.20652770996094,0.20111083984375,0.29399871826171875,0.2655181884765625,0.25792694091796875,0.2729644775390625,0.24903106689453125,18.49407958984375,0,235585.06866455078,238833.26458740234,0,34088599552,2147483648,8301772800,0
200,1787751336892,3500,3500,3500,3500,3500,3500,3500,3500,3500,3500,3500,3500,3500,3500,3500,3500,3500,3500,3500,3500,19.06639862060547,0.25547027587890625,74.1572265625,0.20597076416015625,0.31235504150390625,0.2859039306640625,0.31739044189453125,0.251678466796875,0.3102569580078125,0.30442047119140625,0.28101348876953125,0.32167816162109375,8.132011413574219,0.3294677734375,0.30277252197265625,0.31864166259765625,0.322479248046875,0.30950927734375,0.2352142333984375,2.8143539428710938,0,235594.0316772461,238840.10479736328,0,34088599552,2147483648,8301772800,0
200,1787751337092,3500,3500,3500,3500,3500,3500,3500,3500,3500,3500,3500,3500,3500,3500,3500,3500,3500,3500,3500,3500,32.03385925292969,0.21123504638671875,44.88056564331055,0.17078399658203125,0.3111114501953125,2.835357666015625,0.243194580078125,0.25972747802734375,0.38697052001953125,0.28998565673828125,0.32439422607421875,2.9090194702148438,0.49462890625,0.2681121826171875,0.29193878173828125,0.27081298828125,0.28060150146484375,0.29128265380859375,0.2149810791015625,31.395401000976563,0,235603.2455444336,238847.21057128906,0,34088599552,2147483648,8301760512,0
200,1787751337292,3500,3500,3500,3500,3500,3500,3500,3500,3500,3500,3500,3500,3500,3500,3500,3500,3500,3500,3500,3500,44.10873794555664,2.7147598266601563,36.82424545288086,0.169158935546875,0.473480224609375,0.38370513916015625,3.0230255126953125,0.3976898193359375,0.36029052734375,0.4954986572265625,0.3454132080078125,0.358795166015625,8.261512756347656,0.29383087158203125,2.8703384399414063,2.81341552734375,0.2766571044921875,0.2984771728515625,0.26238250732421875,18.90290069580078,0,235612.99365234375,238854.84399414063,0,34088599552,2147483648,8301752320,0
199,1787751337492,3500,3500,3500,3500,3500,3500,3500,3500,3500,3500,3500,3500,3500,3500,3500,3500,3500,3500,3500,3500,34.13910675048828,0.2274017333984375,45.30850601196289,2.7081451416015625,2.9789810180664063,0.432861328125,0.492279052734375,0.4621429443359375,0.374237060546875,0.46584320068359375,0.3444976806640625,0.35039520263671875,0.3519439697265625,2.8255996704101563,0.41701507568359375,0.4329071044921875,2.9078598022460938,2.933746337890625,2.7692184448242188,31.755569458007813,0,235621.30841064453,238861.0210571289,0,34088599552,2147483648,8302170112,0
200,1787751337692,3500,3500,3500,3500,3500,3500,3500,3500,3500,3500,3500,3500,3500,3500,3500,3500,3500,3500,3500,3500,18.64331817626953,0.254486083984375,53.57086944580078,0.2120513916015625,0.3879241943359375,0.8414688110351563,0.5016250610351563,3.0150909423828125,3.0457839965820313,2.79864501953125,2.800140380859375,0.3757781982421875,0.33335113525390625,0.2974700927734375,0.3111114501953125,0.3418426513671875,0.544952392578125,0.530364990234375,0.22060394287109375,33.39878845214844,0,235629.6279296875,238867.2255859375,0,34088599552,2147483648,8302440448,0
200,1787751337893,3500,3500,3500,3500,3500,3500,3500,3500,3500,3500,3500,3500,3500,3500,3500,3500,3500,3500,3500,3500,34.17152404785156,0.29886627197265625,38.49043655395508,0.2667388916015625,0.44565582275390625,0.445709228515625,0.5436019897460938,0.5326690673828125,0.32765960693359375,0.35943603515625,0.36891937255859375,0.3044586181640625,10.693862915039063,0.3314971923828125,0.36283111572265625,0.3536529541015625,0.586456298828125,0.5842666625976563,0.3078460693359375,25.08191680908203,0,235639.0535888672,238874.52166748047,0,34088599552,2147483648,8302440448,0
200,1787751338093,3500,3500,3500,3500,3500,3500,3500,3500,3500,3500,3500,3500,3500,3500,3500,3500,3500,3500,3500,3500,37.512088775634766,0.142822265625,43.000831604003906,0.15950775146484375,0.3153228759765625,2.8136062622070313,0.3756866455078125,0.39487457275390625,0.3033294677734375,0.20348358154296875,0.2177276611328125,2.7563934326171875,2.8138580322265625,0.26140594482421875,0.25545501708984375,0.2208251953125,0.48137664794921875,0.4545440673828125,0.198089599609375,30.81507110595703,0,235647.7837524414,238881.11297607422,0,34088599552,2147483648,8303734784,0
200,1787751338293,3500,3500,3500,3500,3500,3500,3500,3500,3500,3500,3500,3500,3500,3500,3500,3500,3500,3500,3500,3500,40.808074951171875,2.8142471313476563,20.996170043945313,0.288299560546875,0.33965301513671875,0.28804779052734375,2.9104690551757813,0.378021240234375,0.5517196655273438,0.52789306640625,0.3961029052734375,0.40294647216796875,8.972091674804688,0.3222198486328125,2.8871841430664063,2.8699493408203125,0.5332870483398438,0.5407257080078125,0.2813568115234375,39.63005065917969,0,235656.89282226563,238888.10583496094,0,34088599552,2147483648,8303734784,0
200,1787751338494,3500,3500,3500,3500,3500,3500,3500,3500,3500,3500,3500,3500,3500,3500,3500,3500,3500,3500,3500,3500,34.97864532470703,0.2178497314453125,27.282363891601563,2.698089599609375,2.7815017700195313,0.28514862060546875,0.29886627197265625,0.26663970947265625,0.49262237548828125,0.5007553100585938,0.368804931640625,0.35977935791015625,0.4595489501953125,2.7959671020507813,0.2848968505859375,0.302459716796875,2.8729934692382813,2.84844970703125,2.7146530151367188,44.0421028137207,0,235667.3345336914,238896.42706298828,0,34088599552,2147483648,8303972352,0
200,1787751338694,3500,3500,3500,3500,3500,3500,3500,3500,3500,3500,3500,3500,3500,3500,3500,3500,3500,3500,3500,3500,20.27135467529297,0.23194122314453125,82.54237365722656,0.13109588623046875,0.2794647216796875,0.464874267578125,0.330535888671875,2.88970947265625,2.84832763671875,2.8376388549804688,2.8038406372070313,0.31296539306640625,0.3240966796875,0.2818145751953125,0.29718780517578125,0.25839996337890625,0.29459381103515625,0.285308837890625,0.20034027099609375,3.1940383911132813,0,235676.322265625,238903.28387451172,0,34088599552,2147483648,8303964160,0
200,1787751338894,3500,3500,3500,3500,3500,3500,3500,3500,3500,3500,3500,3500,3500,3500,3500,3500,3500,3500,3500,3500,22.155487060546875,0.19940948486328125,50.02772903442383,0.14974212646484375,0.30083465576171875,0.2437286376953125,0.2536163330078125,0.25341796875,0.3353118896484375,0.32381439208984375,0.32646942138671875,0.27590179443359375,2.9014739990234375,0.27460479736328125,0.26006317138671875,0.2725067138671875,0.28060150146484375,0.26021575927734375,0.18671417236328125,40.483314514160156,0,235685.44366455078,238910.27471923828,0,34088599552,2147483648,8304164864,0
200,1787751339094,3500,3500,3500,3500,3500,3500,3500,3500,3500,3500,3500,3500,3500,3500,3500,3500,3500,3500,3500,3500,46.473106384277344,0.2252655029296875,31.386459350585938,0.25775146484375,0.3381500244140625,2.8062515258789063,0.34394073486328125,0.26633453369140625,0.3119964599609375,0.32646942138671875,0.4427490234375,2.951080322265625,8.391120910644531,0.3067626953125,0.3779754638671875,0.35077667236328125,0.31240081787109375,0.3401947021484375,0.2737274169921875,19.53863525390625,0,235694.91442871094,238917.61596679688,0,34088599552,2147483648,8304295936,0
199,1787751339295,3500,3500,3500,3500,3500,3500,3500,3500,3500,3500,3500,3500,3500,3500,3500,3500,3500,3500,3500,3500,23.411849975585938,2.743804931640625,51.927188873291016,0.16817474365234375,0.42913055419921875,0.32875823974609375,2.9604949951171875,0.45320892333984375,0.22463226318359375,0.26155853271484375,0.26290130615234375,0.24676513671875,0.5312576293945313,0.268646240234375,3.0392837524414063,2.7954177856445313,0.26345062255859375,0.27034759521484375,0.1817626953125,36.20061111450195,0,235704.98907470703,238925.57495117188,0,34088599552,2147483648,8304295936,0
199,1787751339495,3500,3500,3500,3500,3500,3500,3500,3500,3500,3500,3500,3500,3500,3500,3500,3500,3500,3500,3500,3500,20.550804138183594,0.2635345458984375,56.472930908203125,2.6966476440429688,2.931243896484375,0.3311920166015625,0.40704345703125,0.43517303466796875,0.31565093994140625,0.2298583984375,0.3048553466796875,0.25978851318359375,0.698455810546875,2.7735443115234375,0.327239990234375,0.28836822509765625,2.8054275512695313,2.7977294921875,2.7429656982421875,29.776519775390625,0,235714.0200805664,238932.49475097656,0,34088599552,2147483648,8304295936,0
200,1787751339695,3500,3500,3500,3500,3500,3500,3500,3500,3500,3500,3500,3500,3500,3500,3500,3500,3500,3500,3500,3500,14.963150024414063,0.28717041015625,53.63957214355469,0.21559906005859375,0.3097076416015625,0.317352294921875,0.3550872802734375,2.8551025390625,2.9034805297851563,2.8174209594726563,2.3575286865234375,0.28497314453125,34.499122619628906,0.276824951171875,0.32505035400390625,0.3575897216796875,0.31470489501953125,0.33959197998046875,0.2294921875,19.392135620117188,0,235723.03338623047,238939.35968017578,0,34088599552,2147483648,8304697344,0
200,1787751339895,3500,3500,3500,3500,3500,3500,3500,3500,3500,3500,3500,3500,3500,3500,3500,3500,3500,3500,3500,3500,39.654930114746094,0.20699310302734375,17.525611877441406,0.25322723388671875,0.25702667236328125,0.310211181640625,0.23168182373046875,0.270721435546875,0.258026123046875,0.25612640380859375,0.6305160522460938,0.22638702392578125,18.458641052246094,0.2264862060546875,0.2420806884765625,0.2899169921875,0.261322021484375,0.28366851806640625,0.16355133056640625,30.819549560546875,0,235730.88397216797,238945.08306884766,0,34088599552,2147483648,8304742400,0
200,1787751340095,3500,3500,3500,3500,3500,3500,3500,3500,3500,3500,3500,3500,3500,3500,3500,3500,3500,3500,3500,3500,38.78665542602539,0.24593353271484375,51.01945877075195,0.20594024658203125,0.27541351318359375,2.83154296875,0.30224609375,0.27032470703125,0.289581298828125,0.27371978759765625,0.328033447265625,2.7954330444335938,9.806999206542969,0.30808258056640625,0.33870697021484375,0.30992889404296875,0.29416656494140625,0.31885528564453125,0.3362579345703125,6.203636169433594,0,235739.7264404297,238951.8081665039,0,34088599552,2147483648,8304873472,0
200,1787751340296,3500,3500,3500,3500,3500,3500,3500,3500,3500,3500,3500,3500,3500,3500,3500,3500,3500,3500,3500,3500,32.91400146484375,2.7638397216796875,40.780235290527344,0.2463531494140625,0.26456451416015625,0.20623016357421875,2.8165817260742188,0.28142547607421875,0.26226806640625,0.33681488037109375,0.3257904052734375,0.2412567138671875,8.45953369140625,0.29485321044921875,2.8390350341796875,2.7699813842773438,0.288909912109375,0.32274627685546875,0.20717620849609375,33.12995910644531,0,235748.73504638672,238958.6688232422,0,34088599552,2147483648,8306028544,0
200,1787751340496,3500,3500,3500,3500,3500,3500,3500,3500,3500,3500,3500,3500,3500,3500,3500,3500,3500,3500,3500,3500,26.738136291503906,0.2293548583984375,30.720069885253906,2.7710113525390625,2.8311614990234375,0.3017425537109375,0.30014801025390625,0.25917816162109375,0.24254608154296875,0.338165283203125,0.30239105224609375,0.3086395263671875,0.7285385131835938,3.0228500366210938,0.3525543212890625,0.313232421875,2.8368072509765625,2.8416519165039063,2.7499771118164063,50.075138092041016,0,235756.82000732422,238964.6326904297,0,34088599552,2147483648,8306024448,0
199,1787751340696,3500,3500,3500,3500,3500,3500,3500,3500,3500,3500,3500,3500,3500,3500,3500,3500,3500,3500,3500,3500,16.839256286621094,0.22303009033203125,45.4224967956543,0.1868743896484375,0.25255584716796875,0.22447967529296875,0.236297607421875,2.7480239868164063,2.829620361328125,2.7779998779296875,0.2176971435546875,0.273406982421875,0.45494842529296875,0.38666534423828125,15.996345520019531,0.3334503173828125,0.30023956298828125,0.3878631591796875,0.24213409423828125,28.723487854003906,0,235765.78686523438,238971.46868896484,0,34088599552,2147483648,8306462720,0
200,1787751340897,3500,3500,3500,3500,3500,3500,3500,3500,3500,3500,3500,3500,3500,3500,3500,3500,3500,3500,3500,3500,24.46605682373047,0.2260284423828125,54.800254821777344,0.17154693603515625,0.3034515380859375,0.281707763671875,0.28701019287109375,0.23172760009765625,0.28176116943359375,0.3409423828125,2.7053451538085938,0.23442840576171875,3.0074005126953125,0.43581390380859375,0.2867584228515625,0.3041534423828125,0.38897705078125,0.39447784423828125,0.2555694580078125,24.3575439453125,0,235775.20642089844,238978.77081298828,0,34088599552,2147483648,8306466816,0
200,1787751341097,3500,3500,3500,3500,3500,3500,3500,3500,3500,3500,3500,3500,3500,3500,3500,3500,3500,3500,3500,3500,15.892654418945313,0.2315521240234375,63.03140640258789,0.198760986328125,0.2434234619140625,2.8083724975585938,0.25035858154296875,0.27606201171875,0.20784759521484375,0.26708221435546875,0.244873046875,2.8341217041015625,16.053787231445313,0.3181304931640625,0.29752349853515625,0.3010101318359375,0.3900909423828125,0.392181396484375,0.256500244140625,16.018753051757813,0,235783.3067626953,238985.17553710938,0,34088599552,2147483648,8309477376,0
200,1787751341297,3500,3500,3500,3500,3500,3500,3500,3500,3500,3500,3500,3500,3500,3500,3500,3500,3500,3500,3500,3500,39.26496505737305,2.7633056640625,21.62854766845703,0.2518310546875,0.29105377197265625,0.2835693359375,2.8612060546875,0.25342559814453125,0.38116455078125,0.41410064697265625,0.32787322998046875,0.42392730712890625,0.522125244140625,0.3040771484375,2.84124755859375,2.8764724731445313,0.3637542724609375,0.3478851318359375,0.22443389892578125,47.59654998779297,0,235792.61041259766,238992.1220703125,0,34088599552,2147483648,8309477376,0
200,1787751341498,3500,3500,3500,3500,3500,3500,3500,3500,3500,3500,3500,3500,3500,3500,3500,3500,3500,3500,3500,3500,26.382003784179688,0.28760528564453125,43.113121032714844,2.694061279296875,2.8908615112304688,1.3562164306640625,0.31331634521484375,0.22655487060546875,0.34911346435546875,0.47716522216796875,0.35675048828125,0.45854949951171875,0.4648895263671875,2.7721481323242188,16.0849609375,0.26589202880859375,2.7679519653320313,2.7953567504882813,2.7400970458984375,21.214584350585938,0,235802.8744506836,239000.05053710938,0,34088599552,2147483648,8309444608,0
200,1787751341698,3500,3500,3500,3500,3500,3500,3500,3500,3500,3500,3500,3500,3500,3500,3500,3500,3500,3500,3500,3500,37.51621627807617,0.1741790771484375,31.178817749023438,0.19358062744140625,0.45574188232421875,0.5454254150390625,0.9865493774414063,2.8144073486328125,2.8511199951171875,2.8833389282226563,0.36925506591796875,0.39484405517578125,0.32212066650390625,0.250640869140625,0.354339599609375,0.36815643310546875,0.29936981201171875,0.28241729736328125,0.2007598876953125,36.35020065307617,0,235812.00134277344,239007.06256103516,0,34088599552,2147483648,8310128640,0
200,1787751341898,3500,3500,3500,3500,3500,3500,3500,3500,3500,3500,3500,3500,3500,3500,3500,3500,3500,3500,3500,3500,37.70902633666992,0.20543670654296875,53.590152740478516,0.19016265869140625,0.28365325927734375,0.28923797607421875,0.25514984130859375,0.42729949951171875,0.3329620361328125,0.22141265869140625,2.7906341552734375,0.2535552978515625,5.600433349609375,0.2709197998046875,0.29782867431640625,0.2607421875,0.30152130126953125,0.27266693115234375,0.23668670654296875,16.426910400390625,0,235821.70251464844,239014.6199951172,0,34088599552,2147483648,8315109376,0
200,1787751342099,3500,3500,3500,3500,3500,3500,3500,3500,3500,3500,3500,3500,3500,3500,3500,3500,3500,3500,3500,3500,42.637020111083984,0.2241363525390625,40.99802780151367,0.2278289794921875,0.311431884765625,0.35669708251953125,0.30673980712890625,0.3114776611328125,0.24744415283203125,0.2661590576171875,0.25443267822265625,2.8527145385742188,7.949302673339844,0.3274993896484375,0.32989501953125,0.30858612060546875,0.330047607421875,0.30219268798828125,0.23736572265625,14.34136962890625,0,235830.78869628906,239021.5701904297,0,34088599552,2147483648,8315310080,0
200,1787751342299,3500,3500,3500,3500,3500,3500,3500,3500,3500,3500,3500,3500,3500,3500,3500,3500,3500,3500,3500,3500,25.864036560058594,2.7838668823242188,40.8924560546875,0.20906829833984375,0.49782562255859375,2.8786849975585938,0.49806976318359375,0.4665679931640625,0.21974945068359375,0.3353424072265625,0.25565338134765625,0.36810302734375,7.988189697265625,0.29489898681640625,9.5438232421875,2.8083343505859375,0.31636810302734375,0.32260894775390625,0.2420196533203125,28.26947021484375,0,235839.83587646484,239028.50164794922,0,34088599552,2147483648,8315314176,0
200,1787751342499,3500,3500,3500,3500,3500,3500,3500,3500,3500,3500,3500,3500,3500,3500,3500,3500,3500,3500,3500,3500,47.39250183105469,0.1633758544921875,32.479705810546875,2.7308578491210938,2.9109039306640625,0.4224700927734375,2.9807586669921875,0.3368377685546875,0.26947784423828125,0.16562652587890625,0.316314697265625,0.28995513916015625,14.396453857421875,2.7452316284179688,24.231613159179688,0.20611572265625,4.196891784667969,2.7675018310546875,2.7123794555664063,26.01806640625,0,235851.9168701172,239038.38696289063,0,34088599552,2147483648,8317059072,0
199,1787751342700,3500,3500,3500,3500,3500,3500,3500,3500,3500,3500,3500,3500,3500,3500,3500,3500,3500,3500,3500,3500,40.66669464111328,0.2564849853515625,41.483402252197266,0.24004364013671875,0.42598724365234375,1.090576171875,0.490386962890625,0.454864501953125,2.8930435180664063,2.8513336181640625,0.32497406005859375,0.37563323974609375,12.984535217285156,0.29689788818359375,2.99755859375,0.3203277587890625,0.35100555419921875,0.2933502197265625,0.2838592529296875,11.11541748046875,0,235862.17547607422,239046.53063964844,0,34088599552,2147483648,8317456384,0
200,1787751342900,3500,3500,3500,3500,3500,3500,3500,3500,3500,3500,3500,3500,3500,3500,3500,3500,3500,3500,3500,3500,27.718719482421875,0.2775421142578125,24.728927612304688,0.26619720458984375,0.28619384765625,0.3309783935546875,0.28269195556640625,2.8486175537109375,0.3351287841796875,0.31978607177734375,2.8455657958984375,0.23419952392578125,22.61151123046875,0.35992431640625,0.33902740478515625,0.32593536376953125,0.31108856201171875,0.32863616943359375,0.25334930419921875,32.963645935058594,0,235870.97338867188,239053.2085571289,0,34088599552,2147483648,8317915136,0
200,1787751343100,3500,3500,3500,3500,3500,3500,3500,3500,3500,3500,3500,3500,3500,3500,3500,3500,3500,3500,3500,3500,47.412940979003906,0.20005035400390625,33.76482391357422,0.19150543212890625,0.2867889404296875,0.27954864501953125,0.26821136474609375,0.25518035888671875,0.29627227783203125,0.24094390869140625,0.286041259765625,2.7168197631835938,0.4389495849609375,0.33303070068359375,0.293426513671875,0.31005859375,0.2736053466796875,0.3232421875,0.2142791748046875,23.90936279296875,0,235879.34271240234,239059.44696044922,0,34088599552,2147483648,8318046208,0
200,1787751343300,3500,3500,3500,3500,3500,3500,3500,3500,3500,3500,3500,3500,3500,3500,3500,3500,3500,3500,3500,3500,43.167903900146484,2.7322158813476563,29.045883178710938,0.2203216552734375,0.356292724609375,2.8341598510742188,0.27494049072265625,0.28188323974609375,0.2232208251953125,0.21007537841796875,0.3057708740234375,0.29787445068359375,16.999855041503906,0.35064697265625,2.8337554931640625,2.8245620727539063,0.3908233642578125,0.3912200927734375,0.21927642822265625,28.279129028320313,0,235888.10272216797,239066.06951904297,0,34088599552,2147483648,8320315392,0
200,1787751343500,3500,3500,3500,3500,3500,3500,3500,3500,3500,3500,3500,3500,3500,3500,3500,3500,3500,3500,3500,3500,35.18108367919922,0.25072479248046875,42.670528411865234,2.765533447265625,0.25261688232421875,0.30046844482421875,3.2595367431640625,0.2536163330078125,0.17380523681640625,0.25641632080078125,0.2802886962890625,0.24292755126953125,1.1375350952148438,2.8603744506835938,29.137733459472656,0.21276092529296875,2.702850341796875,2.877410888671875,2.8553848266601563,0.37957763671875,0,235897.08520507813,239072.90740966797,0,34088599552,2147483648,8320512000,0
200,1787751343701,3500,3500,3500,3500,3500,3500,3500,3500,3500,3500,3500,3500,3500,3500,3500,3500,3500,3500,3500,3500,34.03581237792969,0.2358245849609375,25.494110107421875,0.27927398681640625,2.8379058837890625,0.275726318359375,0.4418792724609375,0.250640869140625,0.343963623046875,2.8284759521484375,0.28037261962890625,0.32037353515625,43.96438980102539,0.2452545166015625,3.0581207275390625,0.2747802734375,0.5225296020507813,0.398284912109375,0.4065093994140625,0.42212677001953125,0,235907.4920654297,239081.2056274414,0,34088599552,2147483648,8320909312,0
199,1787751343901,3500,3500,3500,3500,3500,3500,3500,3500,3500,3500,3500,3500,3500,3500,3500,3500,3500,3500,3500,3500,10.215194702148438,0.3077850341796875,64.90779113769531,0.24228668212890625,0.3334197998046875,0.3265838623046875,0.28737640380859375,2.7957687377929688,3.011016845703125,0.45059967041015625,2.872589111328125,0.3650970458984375,30.343948364257813,0.25710296630859375,0.37317657470703125,0.3046417236328125,0.4349365234375,0.429595947265625,0.42710113525390625,0.45264434814453125,0,235916.03240966797,239087.61083984375,0,34088599552,2147483648,8320897024,0
200,1787751344101,3500,3500,3500,3500,3500,3500,3500,3500,3500,3500,3500,3500,3500,3500,3500,3500,3500,3500,3500,3500,15.779518127441406,0.22476959228515625,63.7220458984375,0.1664276123046875,0.45794677734375,0.37335205078125,0.34246063232421875,0.3274078369140625,0.33396148681640625,0.44159698486328125,0.36810302734375,2.8870468139648438,28.017417907714844,0.20917510986328125,3.1955108642578125,0.2620697021484375,0.37865447998046875,0.36035919189453125,0.35965728759765625,0.372955322265625,0,235926.27392578125,239095.7114868164,0,34088599552,2147483648,8322748416,0
200,1787751344302,3500,3500,3500,3500,3500,3500,3500,3500,3500,3500,3500,3500,3500,3500,3500,3500,3500,3500,3500,3500,24.036705017089844,2.8158187866210938,49.33610534667969,0.22135162353515625,0.3090972900390625,2.7658767700195313,0.3336944580078125,0.27951812744140625,0.36397552490234375,0.3462677001953125,0.378692626953125,0.3670654296875,30.485191345214844,0.239410400390625,2.95574951171875,2.8478927612304688,0.4318695068359375,0.41585540771484375,0.37564849853515625,2.926116943359375,0,235936.53192138672,239103.84912109375,0,34088599552,2147483648,8322740224,0
199,1787751344502,3500,3500,3500,3500,3500,3500,3500,3500,3500,3500,3500,3500,3500,3500,3500,3500,3500,3500,3500,3500,5.211112976074219,0.2315673828125,51.894981384277344,0.2104339599609375,0.2874908447265625,0.27159881591796875,2.792327880859375,0.25455474853515625,0.284393310546875,0.3000335693359375,0.23681640625,0.23796844482421875,52.04454803466797,2.71331787109375,0.33435821533203125,0.28359222412109375,0.3154754638671875,2.8377532958984375,2.91595458984375,0.36699676513671875,0,235945.03576660156,239110.23889160156,0,34088599552,2147483648,8322801664,0
199,1787751344702,3500,3500,3500,3500,3500,3500,3500,3500,3500,3500,3500,3500,3500,3500,3500,3500,3500,3500,3500,3500,9.982261657714844,0.2177276611328125,50.33301544189453,2.6859664916992188,2.7481918334960938,0.23137664794921875,0.46639251708984375,0.1734466552734375,0.20642852783203125,2.7384490966796875,0.19408416748046875,0.2391204833984375,32.717018127441406,0.2072296142578125,18.862388610839844,0.234375,2.9163360595703125,0.35428619384765625,0.37302398681640625,0.35343170166015625,0,235955.91064453125,239118.9672241211,0,34088599552,2147483648,8323735552,0
200,1787751344902,3500,3500,3500,3500,3500,3500,3500,3500,3500,3500,3500,3500,3500,3500,3500,3500,3500,3500,3500,3500,1.8080825805664063,0.3310546875,51.322147369384766,0.26624298095703125,0.37348175048828125,0.28003692626953125,0.3366546630859375,2.898040771484375,2.853118896484375,0.32621002197265625,2.8503189086914063,0.35114288330078125,2.9237823486328125,0.35713958740234375,50.14868927001953,0.2830352783203125,0.39471435546875,0.4084625244140625,0.4708709716796875,0.457977294921875,0,235964.5424194336,239125.46630859375,0,34088599552,2147483648,8323735552,0
200,1787751345102,3500,3500,3500,3500,3500,3500,3500,3500,3500,3500,3500,3500,3500,3500,3500,3500,3500,3500,3500,3500,10.084388732910156,0.24689483642578125,68.59025573730469,0.18012237548828125,0.225738525390625,0.28302764892578125,0.1956939697265625,0.329742431640625,0.268310546875,0.17183685302734375,0.264312744140625,2.7770004272460938,1.1923599243164063,0.25513458251953125,25.579849243164063,0.24375152587890625,0.2630157470703125,0.273101806640625,0.39687347412109375,0.37042236328125,0,235973.37182617188,239132.17919921875,0,34088599552,2147483648,8323874816,0
201,1787751345303,3500,3500,3500,3500,3500,3500,3500,3500,3500,3500,3500,3500,3500,3500,3500,3500,3500,3500,3500,3500,12.454841613769531,2.7710723876953125,55.35356140136719,0.200286865234375,0.30037689208984375,2.8273849487304688,0.286651611328125,0.23198699951171875,0.28670501708984375,0.244720458984375,0.325042724609375,0.26129150390625,0.47341156005859375,0.27976226806640625,38.115943908691406,2.7481536865234375,0.2811126708984375,0.31925201416015625,0.39608001708984375,2.9061126708984375,0,235982.78704833984,239139.46685791016,0,34088599552,2147483648,8323858432,0
200,1787751345504,3500,3500,3500,3500,3500,3500,3500,3500,3500,3500,3500,3500,3500,3500,3500,3500,3500,3500,3500,3500,29.857818603515625,0,82.38201904296875,0,0,0,2.0620040893554688,0,0,0,0,0,9.551971435546875,1.997589111328125,3.9874801635742188,0,2.563934326171875,2.00433349609375,2.1116256713867188,0,0,235991.2401123047,239145.74310302734,0,34088599552,2147483648,8324263936,0
199,1787751345704,3500,3500,3500,3500,3500,3500,3500,3500,3500,3500,3500,3500,3500,3500,3500,3500,3500,3500,3500,3500,26.811019897460938,0.9289474487304688,49.38973617553711,3.435699462890625,3.4623184204101563,1.0280532836914063,1.159942626953125,0.9859161376953125,1.1868667602539063,3.6359024047851563,1.1747665405273438,1.1590957641601563,30.87500762939453,0.9579010009765625,1.0753555297851563,1.1204757690429688,3.5287094116210938,1.0357894897460938,1.0345993041992188,1.06256103515625,0,236001.50457763672,239153.89093017578,0,34088599552,2147483648,8324259840,0
200,1787751345904,3500,3500,3500,3500,3500,3500,3500,3500,3500,3500,3500,3500,3500,3500,3500,3500,3500,3500,3500,3500,25.58533477783203,0.2448272705078125,61.549903869628906,0.241424560546875,0.4614715576171875,0.39476776123046875,0.490997314453125,2.9192657470703125,2.9119720458984375,0.30712890625,2.9002304077148438,0.26206207275390625,18.50908660888672,0.33995819091796875,0.4434814453125,0.38617706298828125,0.39911651611328125,0.3569488525390625,0.47625732421875,0.465118408203125,0,236010.4077758789,239160.67388916016,0,34088599552,2147483648,8324259840,0
200,1787751346105,3500,3500,3500,3500,3500,3500,3500,3500,3500,3500,3500,3500,3500,3500,3500,3500,3500,3500,3500,3500,3.9295806884765625,0.336029052734375,56.1463737487793,0.170013427734375,0.46901702880859375,0.36267852783203125,0.475555419921875,0.4077911376953125,0.2926177978515625,0.26117706298828125,0.27814483642578125,2.7540740966796875,29.24907684326172,0.27425384521484375,15.939544677734375,0.29660797119140625,0.37116241455078125,0.350006103515625,0.4371337890625,0.45684051513671875,0,236020.42346191406,239168.94036865234,0,34088599552,2147483648,8324390912,0
200,1787751346305,3500,3500,3500,3500,3500,3500,3500,3500,3500,3500,3500,3500,3500,3500,3500,3500,3500,3500,3500,3500,19.980422973632813,0.2347564697265625,27.172637939453125,0.21869659423828125,0.3729400634765625,2.9366073608398438,0.49001312255859375,0.3690948486328125,0.2613983154296875,0.27965545654296875,0.29351806640625,0.23635101318359375,54.165287017822266,0.18706512451171875,11.00628662109375,2.8253173828125,0.4510040283203125,0.3560791015625,0.42775726318359375,2.9602508544921875,0,236029.42572021484,239175.56018066406,0,34088599552,2147483648,8324861952,0
200,1787751346506,3500,3500,3500,3500,3500,3500,3500,3500,3500,3500,3500,3500,3500,3500,3500,3500,3500,3500,3500,3500,15.545089721679688,2.791015625,84.18067932128906,0.1625213623046875,0.347747802734375,0.31356048583984375,2.903076171875,0.3455047607421875,0.28525543212890625,0.2884979248046875,0.29259490966796875,0.280364990234375,6.24029541015625,2.8032989501953125,0.44632720947265625,0.404449462890625,0.315704345703125,2.833099365234375,2.842132568359375,0.35703277587890625,0,236038.74072265625,239182.62896728516,0,34088599552,2147483648,8324927488,0
200,1787751346706,3500,3500,3500,3500,3500,3500,3500,3500,3500,3500,3500,3500,3500,3500,3500,3500,3500,3500,3500,3500,11.336074829101563,0.2348480224609375,57.981964111328125,2.6970596313476563,2.8579559326171875,0.31519317626953125,0.5428009033203125,0.389801025390625,0.33533477783203125,2.7973403930664063,0.25363922119140625,0.22714996337890625,38.466880798339844,0.2195587158203125,0.5664825439453125,0.5029754638671875,2.8244247436523438,0.28631591796875,0.3006591796875,0.27371978759765625,0,236048.14428710938,239189.9151611328,0,34088599552,2147483648,8325169152,0
200,1787751346906,3500,3500,3500,3500,3500,3500,3500,3500,3500,3500,3500,3500,3500,3500,3500,3500,3500,3500,3500,3500,7.0097503662109375,0.16059112548828125,54.19055938720703,0.13405609130859375,0.28790283203125,0.2755126953125,0.259674072265625,2.8208847045898438,2.7694244384765625,0.1930694580078125,2.8057479858398438,0.280059814453125,50.46963119506836,0.1597442626953125,0.50531005859375,0.4787750244140625,0.3663482666015625,0.31928253173828125,0.27611541748046875,0.246978759765625,0,236056.5360107422,239196.1703491211,0,34088599552,2147483648,8326000640,0
200,1787751347106,3500,3500,3500,3500,3500,3500,3500,3500,3500,3500,3500,3500,3500,3500,3500,3500,3500,3500,3500,3500,34.55970001220703,0.25936126708984375,28.09740447998047,0.28638458251953125,0.27140045166015625,0.28618621826171875,0.32924652099609375,0.33618927001953125,0.31571197509765625,0.2633056640625,0.27764129638671875,2.8252944946289063,32.29893493652344,0.26920318603515625,11.112808227539063,0.46941375732421875,0.43250274658203125,0.4079742431640625,0.281494140625,0.326995849609375,0,236064.01788330078,239201.52947998047,0,34088599552,2147483648,8326619136,0
200,1787751347307,3500,3500,3500,3500,3500,3500,3500,3500,3500,3500,3500,3500,3500,3500,3500,3500,3500,3500,3500,3500,11.482254028320313,0.33676910400390625,41.109954833984375,0.2798919677734375,0.3238983154296875,2.798583984375,0.3195037841796875,0.3237457275390625,0.3257904052734375,0.4233856201171875,0.27735137939453125,0.30124664306640625,38.04549789428711,0.2769012451171875,18.526527404785156,2.909393310546875,0.44203948974609375,0.42038726806640625,0.33831787109375,2.9158248901367188,0,236073.49829101563,239208.88110351563,0,34088599552,2147483648,8326619136,0
200,1787751347507,3500,3500,3500,3500,3500,3500,3500,3500,3500,3500,3500,3500,3500,3500,3500,3500,3500,3500,3500,3500,8.734024047851563,2.7921905517578125,5.132774353027344,0.29111480712890625,0.35709381103515625,0.39292144775390625,3.046173095703125,0.3143157958984375,0.26461029052734375,0.23825836181640625,0.3104248046875,0.35105133056640625,48.06953811645508,0.21600341796875,45.92015838623047,0.22463226318359375,0.37116241455078125,2.8798294067382813,2.9019393920898438,0.37595367431640625,0,236083.77252197266,239217.03436279297,0,34088599552,2147483648,8326725632,0
200,1787751347707,3500,3500,3500,3500,3500,3500,3500,3500,3500,3500,3500,3500,3500,3500,3500,3500,3500,3500,3500,3500,7.1108245849609375,0.21874237060546875,34.06694793701172,2.7438507080078125,2.8047027587890625,0.32407379150390625,0.26906585693359375,0.21889495849609375,0.28653717041015625,2.850830078125,0.30120849609375,0.3107452392578125,19.92316436767578,2.764617919921875,51.74759292602539,0.20876312255859375,2.8865203857421875,0.3495330810546875,0.27260589599609375,0.31339263916015625,0,236092.51654052734,239223.63934326172,0,34088599552,2147483648,8331874304,0
200,1787751347907,3500,3500,3500,3500,3500,3500,3500,3500,3500,3500,3500,3500,3500,3500,3500,3500,3500,3500,3500,3500,7.038360595703125,0.30558013916015625,65.46176147460938,0.18312835693359375,0.35297393798828125,0.27556610107421875,0.47777557373046875,2.7996902465820313,2.8195724487304688,0.24660491943359375,2.7845077514648438,0.2884521484375,33.41783142089844,0.255645751953125,3.92584228515625,0.290252685546875,0.2939453125,0.326507568359375,0.2933502197265625,0.3036346435546875,0,236102.56219482422,239231.5659790039,0,34088599552,2147483648,8332382208,0
200,1787751348108,3500,3500,3500,3500,3500,3500,3500,3500,3500,3500,3500,3500,3500,3500,3500,3500,3500,3500,3500,3500,3.359771728515625,0.2253570556640625,42.495174407958984,0.186187744140625,0.36679840087890625,0.39154052734375,0.562164306640625,0.4340972900390625,0.31740570068359375,0.3254852294921875,0.30792236328125,1.4571533203125,16.388824462890625,0.2490997314453125,43.8105354309082,0.2677154541015625,0.26412200927734375,0.29689788818359375,0.281280517578125,0.289764404296875,0,236110.8529663086,239237.7196044922,0,34088599552,2147483648,8332492800,0
200,1787751348308,3500,3500,3500,3500,3500,3500,3500,3500,3500,3500,3500,3500,3500,3500,3500,3500,3500,3500,3500,3500,2.3406524658203125,0.3347930908203125,88.61395263671875,0.15808868408203125,0.4141387939453125,2.9025497436523438,0.3853912353515625,0.37042236328125,0.41852569580078125,0.4357452392578125,0.36678314208984375,1.8813552856445313,12.76239013671875,0.27970123291015625,2.8801422119140625,2.9081878662109375,0.33049774169921875,0.3174285888671875,0.3142852783203125,2.8325881958007813,0,236118.84210205078,239243.6078491211,0,34088599552,2147483648,8332562432,0
200,1787751348509,3500,3500,3500,3500,3500,3500,3500,3500,3500,3500,3500,3500,3500,3500,3500,3500,3500,3500,3500,3500,10.762847900390625,2.8310928344726563,53.259281158447266,0.19063568115234375,0.25542449951171875,0.227020263671875,2.8144683837890625,0.23091888427734375,0.3276519775390625,0.45868682861328125,0.3371429443359375,0.4157562255859375,45.178466796875,0.197021484375,4.468116760253906,0.2627105712890625,15.101432800292969,0.2337646484375,4.1237945556640625,0.243743896484375,0,236128.46002197266,239251.06854248047,0,34088599552,2147483648,8335880192,0
200,1787751348709,3500,3500,3500,3500,3500,3500,3500,3500,3500,3500,3500,3500,3500,3500,3500,3500,3500,3500,3500,3500,4.5617523193359375,0.3246002197265625,8.698753356933594,2.8538818359375,2.8285140991210938,0.2534942626953125,0.2620849609375,0.29364013671875,0.35790252685546875,0.50469970703125,0.35146331787109375,0.379119873046875,34.677764892578125,2.801300048828125,59.469825744628906,0.21794891357421875,2.8234710693359375,2.8473358154296875,0.311614990234375,0.3490142822265625,0,236137.90295410156,239258.3839111328,0,34088599552,2147483648,8335855616,0
200,1787751348909,3500,3500,3500,3500,3500,3500,3500,3500,3500,3500,3500,3500,3500,3500,3500,3500,3500,3500,3500,3500,5.164764404296875,0.26309967041015625,2.6503829956054688,0.25650787353515625,0.30152130126953125,0.21613311767578125,0.5926971435546875,2.814453125,2.8754119873046875,2.9644393920898438,2.8413314819335938,0.38475799560546875,3.3666839599609375,0.260101318359375,97.15461730957031,0.1295013427734375,0.2919769287109375,0.30971527099609375,0.3101654052734375,0.29217529296875,0,236148.12963867188,239266.49505615234,0,34088599552,2147483648,8336117760,0
200,1787751349109,3500,3500,3500,3500,3500,3500,3500,3500,3500,3500,3500,3500,3500,3500,3500,3500,3500,3500,3500,3500,14.401863098144531,0.269439697265625,67.89141845703125,0.17346954345703125,0.216888427734375,0.23316192626953125,0.33556365966796875,0.25531768798828125,0.481689453125,0.4630279541015625,0.3983001708984375,0.5016555786132813,15.94903564453125,0.2756805419921875,8.040519714355469,0.27173614501953125,0.29604339599609375,0.28736114501953125,0.2953948974609375,0.28061676025390625,0,236156.56219482422,239272.79040527344,0,34088599552,2147483648,8336863232,0
200,1787751349310,3500,3500,3500,3500,3500,3500,3500,3500,3500,3500,3500,3500,3500,3500,3500,3500,3500,3500,3500,3500,21.730613708496094,0.28379058837890625,62.66829299926758,0.16371917724609375,0.25237274169921875,2.847991943359375,0.20772552490234375,0.24358367919921875,0.33403778076171875,0.24463653564453125,0.33933258056640625,2.82177734375,22.94189453125,0.24762725830078125,2.8554840087890625,1.1787185668945313,0.30556488037109375,0.336334228515625,0.2939300537109375,2.8172760009765625,0,236164.8081665039,239278.88775634766,0,34088599552,2147483648,8339210240,0
200,1787751349510,3500,3500,3500,3500,3500,3500,3500,3500,3500,3500,3500,3500,3500,3500,3500,3500,3500,3500,3500,3500,16.80584716796875,2.8007354736328125,50.20948791503906,0.226959228515625,0.34271240234375,0.34430694580078125,3.3659133911132813,0.35224151611328125,0.294891357421875,0.31764984130859375,0.222564697265625,0.24033355712890625,1.1088409423828125,0.27228546142578125,38.93613052368164,1.84967041015625,0.3044281005859375,0.3048248291015625,2.8183517456054688,0.3081207275390625,0,236173.1629638672,239285.1241455078,0,34088599552,2147483648,8339259392,0
200,1787751349710,3500,3500,3500,3500,3500,3500,3500,3500,3500,3500,3500,3500,3500,3500,3500,3500,3500,3500,3500,3500,5.066459655761719,0.34484100341796875,34.392913818359375,2.8249664306640625,2.7506179809570313,0.34539031982421875,0.31493377685546875,0.32207489013671875,0.33895111083984375,0.2347412109375,0.28542327880859375,0.35198211669921875,67.4159927368164,2.7312393188476563,0.3397979736328125,0.3267669677734375,2.8470916748046875,2.82147216796875,0.33345794677734375,0.328369140625,0,236181.9412841797,239291.78497314453,0,34088599552,2147483648,8339271680,0
200,1787751349911,3500,3500,3500,3500,3500,3500,3500,3500,3500,3500,3500,3500,3500,3500,3500,3500,3500,3500,3500,3500,7.35687255859375,0.17084503173828125,73.23090362548828,0.150177001953125,0.2265625,0.20059967041015625,0.4908599853515625,2.7492141723632813,2.7520065307617188,2.70782470703125,2.830841064453125,0.2411346435546875,31.8421630859375,0.28052520751953125,0.48656463623046875,0.31182861328125,0.27623748779296875,0.28741455078125,0.28582000732421875,0.23494720458984375,0,236192.3032836914,239299.99450683594,0,34088599552,2147483648,8341762048,0
200,1787751350111,3500,3500,3500,3500,3500,3500,3500,3500,3500,3500,3500,3500,3500,3500,3500,3500,3500,3500,3500,3500,19.275733947753906,0.2476806640625,53.90338134765625,0.1861724853515625,0.2333526611328125,0.2543182373046875,0.3631591796875,0.2609100341796875,0.26395416259765625,0.29126739501953125,0.32840728759765625,0.31227874755859375,31.65345001220703,0.288421630859375,0.6300582885742188,0.3009490966796875,0.2943572998046875,0.293609619140625,0.2721405029296875,0.300201416015625,0,236201.1925048828,239306.76220703125,0,34088599552,2147483648,8342097920,0
200,1787751350311,3500,3500,3500,3500,3500,3500,3500,3500,3500,3500,3500,3500,3500,3500,3500,3500,3500,3500,3500,3500,13.753662109375,0.29907989501953125,2.8159408569335938,0.42591094970703125,0.3416900634765625,2.8148422241210938,0.33475494384765625,0.28391265869140625,0.31110382080078125,0.26409912109375,0.2801666259765625,2.8454742431640625,40.704654693603516,0.2763214111328125,50.102535247802734,0.2356109619140625,0.3840484619140625,0.41349029541015625,0.3128509521484375,2.8653335571289063,0,236208.85906982422,239312.30535888672,0,34088599552,2147483648,8342167552,0
200,1787751350512,3500,3500,3500,3500,3500,3500,3500,3500,3500,3500,3500,3500,3500,3500,3500,3500,3500,3500,3500,3500,2.57305908203125,2.7542495727539063,42.114402770996094,0.2041473388671875,0.3107147216796875,0.24932098388671875,2.807708740234375,0.1785888671875,0.24787139892578125,0.2235107421875,0.2731781005859375,0.37760162353515625,6.899894714355469,0.254913330078125,55.690982818603516,2.7053298950195313,0.383392333984375,0.3808441162109375,2.80206298828125,0.28870391845703125,0,236218.8862915039,239320.58325195313,0,34088599552,2147483648,8342142976,0
200,1787751350712,3500,3500,3500,3500,3500,3500,3500,3500,3500,3500,3500,3500,3500,3500,3500,3500,3500,3500,3500,3500,27.584671020507813,0.2966766357421875,48.8900032043457,2.7726364135742188,2.8209381103515625,0.3036651611328125,10.100997924804688,3.5500106811523438,1.5545578002929688,0.2135009765625,0.25586700439453125,0.3269500732421875,57.02846908569336,2.7650909423828125,45.05854797363281,0.271697998046875,25.64556121826172,2.8297348022460938,16.20439910888672,0.2888336181640625,0,236231.6212158203,239331.2332763672,0,34088599552,2147483648,8366088192,0
199,1787751350912,3500,3500,3500,3500,3500,3500,3500,3500,3500,3500,3500,3500,3500,3500,3500,3500,3500,3500,3500,3500,57.80502700805664,0.231170654296875,81.27352905273438,0.24383544921875,0.22737884521484375,0.26418304443359375,3.5082321166992188,3.4861373901367188,4.383331298828125,2.8183135986328125,2.8192138671875,0.3795928955078125,52.112789154052734,0.22289276123046875,77.89866638183594,0.16742706298828125,50.986968994140625,0.2684783935546875,14.050979614257813,0.31256103515625,0,236246.25622558594,239343.2964477539,0,34088599552,2147483648,8381595648,0
200,1787751351112,3500,3500,3500,3500,3500,3500,3500,3500,3500,3500,3500,3500,3500,3500,3500,3500,3500,3500,3500,3500,35.56018829345703,0.30251312255859375,83.46029663085938,0.20770263671875,0.34989166259765625,0.3173065185546875,0.37877655029296875,0.29656219482421875,0.35063934326171875,0.33554840087890625,0.34454345703125,0.2872161865234375,44.23442840576172,0.24428558349609375,29.842193603515625,0.29232025146484375,53.08784103393555,0.275177001953125,23.054534912109375,0.29311370849609375,0,236259.99072265625,239354.81604003906,0,34088599552,2147483648,8393494528,0
200,1787751351313,3500,3500,3500,3500,3500,3500,3500,3500,3500,3500,3500,3500,3500,3500,3500,3500,3500,3500,3500,3500,19.05303955078125,0.252044677734375,2.96124267578125,0.3017425537109375,0.16542816162109375,2.7071533203125,49.954345703125,46.19776153564453,0.9673690795898438,0.28705596923828125,0.33740997314453125,2.852203369140625,87.32862091064453,0.1628875732421875,4.588539123535156,0.2895050048828125,2.743560791015625,0.40313720703125,4.3866424560546875,2.9232330322265625,0,236271.5712890625,239364.1255493164,0,34088599552,2147483648,8356114432,0
200,1787751351513,3500,3500,3500,3500,3500,3500,3500,3500,3500,3500,3500,3500,3500,3500,3500,3500,3500,3500,3500,3500,22.900856018066406,2.7836074829101563,56.47493362426758,0.1973419189453125,0.25717926025390625,0.25982666015625,22.501876831054688,0.5687026977539063,3.5021514892578125,0.4814910888671875,0.3437347412109375,0.27965545654296875,40.67313003540039,0.2448883056640625,4.583854675292969,2.9402923583984375,4.585357666015625,0.3665618896484375,5.0067596435546875,0.327301025390625,0,236281.8494873047,239372.23315429688,0,34088599552,2147483648,8353898496,0
200,1787751351713,3500,3500,3500,3500,3500,3500,3500,3500,3500,3500,3500,3500,3500,3500,3500,3500,3500,3500,3500,3500,33.26451873779297,0.19954681396484375,58.56293487548828,2.7364044189453125,2.8515625,0.2599945068359375,0.350677490234375,0.2918243408203125,0.5393295288085938,0.5153427124023438,0.459136962890625,0.40008544921875,16.42272186279297,2.8325271606445313,0.4889678955078125,0.34317779541015625,2.8999252319335938,2.924560546875,1.6856765747070313,0.32604217529296875,0,236290.60180664063,239378.86529541016,0,34088599552,2147483648,8353009664,0
200,1787751351913,3500,3500,3500,3500,3500,3500,3500,3500,3500,3500,3500,3500,3500,3500,3500,3500,3500,3500,3500,3500,12.642173767089844,0.24312591552734375,60.894287109375,0.18068695068359375,0.2734222412109375,0.2662353515625,0.5262832641601563,2.828582763671875,2.9123382568359375,2.9779739379882813,2.85748291015625,0.3122100830078125,19.16558074951172,0.29428863525390625,15.616348266601563,0.3586273193359375,0.37714385986328125,0.338714599609375,0.3072662353515625,0.30641937255859375,0,236299.63037109375,239385.78100585938,0,34088599552,2147483648,8352612352,0
200,1787751352114,3500,3500,3500,3500,3500,3500,3500,3500,3500,3500,3500,3500,3500,3500,3500,3500,3500,3500,3500,3500,12.340950012207031,0.19087982177734375,86.11022186279297,0.14058685302734375,0.197265625,0.23831939697265625,0.24481201171875,0.2459564208984375,0.28621673583984375,0.17017364501953125,0.327972412109375,0.3068695068359375,2.70611572265625,0.27564239501953125,8.486923217773438,0.2259521484375,0.6328964233398438,0.3309173583984375,0.24047088623046875,0.28766632080078125,0,236308.0819091797,239392.07916259766,0,34088599552,2147483648,8351576064,0
200,1787751352314,3500,3500,3500,3500,3500,3500,3500,3500,3500,3500,3500,3500,3500,3500,3500,3500,3500,3500,3500,3500,17.897171020507813,0.25838470458984375,84.8078384399414,0.18611907958984375,0.312744140625,2.7812576293945313,0.334930419921875,0.28067779541015625,0.31329345703125,0.26531219482421875,0.23200225830078125,2.8434982299804688,0.5582046508789063,0.33977508544921875,2.8195571899414063,0.33782958984375,0.29817962646484375,0.34709930419921875,0.31308746337890625,2.84619140625,0,236318.67016601563,239400.53125,0,34088599552,2147483648,8351576064,0
200,1787751352515,3500,3500,3500,3500,3500,3500,3500,3500,3500,3500,3500,3500,3500,3500,3500,3500,3500,3500,3500,3500,10.010330200195313,2.765167236328125,69.68525695800781,0.16786956787109375,0.31620025634765625,0.3067626953125,2.7784042358398438,0.20427703857421875,0.23064422607421875,0.3431243896484375,0.23748779296875,0.2398834228515625,26.188262939453125,0.269256591796875,0.26690673828125,2.8067245483398438,0.37384033203125,0.38932037353515625,0.300323486328125,0.2484283447265625,0,236328.41766357422,239408.1625366211,0,34088599552,2147483648,8351580160,0
200,1787751352715,3500,3500,3500,3500,3500,3500,3500,3500,3500,3500,3500,3500,3500,3500,3500,3500,3500,3500,3500,3500,4.85565185546875,0.26552581787109375,2.3740997314453125,2.854644775390625,2.7905960083007813,0.29425048828125,0.2739715576171875,0.29634857177734375,0.3281707763671875,0.2524871826171875,0.26113128662109375,0.3208770751953125,30.23724365234375,2.7393875122070313,70.435791015625,0.18499755859375,2.8845672607421875,2.9325790405273438,2.826263427734375,0.293304443359375,0,236338.00939941406,239415.62536621094,0,34088599552,2147483648,8351571968,0
200,1787751352915,3500,3500,3500,3500,3500,3500,3500,3500,3500,3500,3500,3500,3500,3500,3500,3500,3500,3500,3500,3500,5.043998718261719,0.27878570556640625,56.410865783691406,0.205474853515625,0.233551025390625,0.2783355712890625,3.1460723876953125,2.8201065063476563,3.1966934204101563,2.7514877319335938,2.79058837890625,0.24676513671875,3.3284072875976563,0.2915496826171875,48.261390686035156,0.20093536376953125,0.335235595703125,0.2595367431640625,0.29404449462890625,0.28287506103515625,0,236347.6919555664,239423.15618896484,0,34088599552,2147483648,8351277056,0
200,1787751353116,3500,3500,3500,3500,3500,3500,3500,3500,3500,3500,3500,3500,3500,3500,3500,3500,3500,3500,3500,3500,25.676193237304688,0.2392730712890625,42.18939971923828,0.23697662353515625,0.3107147216796875,0.2642364501953125,0.291595458984375,0.28430938720703125,0.2870025634765625,0.32349395751953125,0.32928466796875,0.24921417236328125,39.77042770385742,0.22499847412109375,0.3384246826171875,0.332733154296875,0.29299163818359375,0.2945404052734375,0.2976837158203125,0.30936431884765625,0,236356.16094970703,239429.50610351563,0,34088599552,2147483648,8351408128,0
200,1787751353316,3500,3500,3500,3500,3500,3500,3500,3500,3500,3500,3500,3500,3500,3500,3500,3500,3500,3500,3500,3500,2.3090362548828125,0.2288055419921875,82.03160095214844,0.15876007080078125,0.31048583984375,2.77398681640625,0.25661468505859375,0.25437164306640625,0.3529205322265625,0.3749847412109375,0.29201507568359375,2.8365936279296875,19.167945861816406,0.2767333984375,0.30693817138671875,0.32122039794921875,0.29156494140625,0.27973175048828125,0.29759979248046875,2.8128814697265625,0,236364.9862060547,239436.1987915039,0,34088599552,2147483648,8351408128,0
200,1787751353516,3500,3500,3500,3500,3500,3500,3500,3500,3500,3500,3500,3500,3500,3500,3500,3500,3500,3500,3500,3500,3.3081207275390625,2.759307861328125,62.15066909790039,0.18288421630859375,0.2103729248046875,0.21991729736328125,3.3286590576171875,0.331695556640625,0.2758331298828125,0.300811767578125,0.256988525390625,0.24864959716796875,43.077823638916016,0.191131591796875,2.8359603881835938,2.809722900390625,0.284423828125,0.282073974609375,0.3071136474609375,0.263641357421875,0,236374.42584228516,239443.5194091797,0,34088599552,2147483648,8351383552,0
200,1787751353716,3500,3500,3500,3500,3500,3500,3500,3500,3500,3500,3500,3500,3500,3500,3500,3500,3500,3500,3500,3500,24.90497589111328,0.2555694580078125,10.434814453125,2.7838973999023438,2.8041610717773438,0.27971649169921875,0.2640533447265625,0.26958465576171875,0.29283905029296875,0.356109619140625,0.26734161376953125,0.36064910888671875,14.447059631347656,2.7626953125,67.51202392578125,0.1561279296875,2.7932815551757813,2.8099441528320313,2.7984695434570313,0.2901458740234375,0,236382.51727294922,239449.4649658203,0,34088599552,2147483648,8351842304,0
199,1787751353917,3500,3500,3500,3500,3500,3500,3500,3500,3500,3500,3500,3500,3500,3500,3500,3500,3500,3500,3500,3500,18.092857360839844,0.24008941650390625,33.52275848388672,0.1835784912109375,0.25557708740234375,0.1874237060546875,0.5210037231445313,2.7940750122070313,2.8495864868164063,2.7609939575195313,2.72357177734375,0.22235107421875,16.168304443359375,0.27631378173828125,37.909461975097656,0.233795166015625,0.24083709716796875,0.3149871826171875,0.2561798095703125,0.27486419677734375,0,236390.74615478516,239455.5650024414,0,34088599552,2147483648,8351842304,0
200,1787751354117,3500,3500,3500,3500,3500,3500,3500,3500,3500,3500,3500,3500,3500,3500,3500,3500,3500,3500,3500,3500,3.79296875,0.292022705078125,51.909725189208984,0.2646331787109375,0.32021331787109375,0.36474609375,0.3446502685546875,0.3184661865234375,0.3932342529296875,0.34349822998046875,0.32836151123046875,0.345001220703125,48.78512191772461,0.286376953125,3.6175384521484375,0.43006134033203125,0.33420562744140625,0.36743927001953125,0.35340118408203125,0.33235931396484375,0,236399.6378173828,239462.32794189453,0,34088599552,2147483648,8351973376,0
200,1787751354317,3500,3500,3500,3500,3500,3500,3500,3500,3500,3500,3500,3500,3500,3500,3500,3500,3500,3500,3500,3500,22.145065307617188,0.17189788818359375,59.50638961791992,0.17169952392578125,0.3180389404296875,2.8282241821289063,0.371307373046875,0.36431884765625,0.26950836181640625,0.33615875244140625,0.22771453857421875,2.8298721313476563,27.359710693359375,0.2104949951171875,0.8093719482421875,0.31684112548828125,0.33506011962890625,0.34200286865234375,0.26691436767578125,0.24774169921875,0,236408.7515258789,239469.30438232422,0,34088599552,2147483648,8352497664,0
200,1787751354517,3500,3500,3500,3500,3500,3500,3500,3500,3500,3500,3500,3500,3500,3500,3500,3500,3500,3500,3500,3500,9.7718505859375,2.790008544921875,66.79544067382813,0.19792938232421875,0.433502197265625,0.47669219970703125,3.0539474487304688,0.51104736328125,0.501312255859375,0.5048065185546875,0.39849853515625,0.5102996826171875,29.606063842773438,0.264984130859375,2.9027557373046875,2.9262237548828125,0.324951171875,0.33309173583984375,0.31166839599609375,2.8208694458007813,0,236418.45703125,239476.90203857422,0,34088599552,2147483648,8352497664,0
200,1787751354717,3500,3500,3500,3500,3500,3500,3500,3500,3500,3500,3500,3500,3500,3500,3500,3500,3500,3500,3500,3500,5.976875305175781,0.237457275390625,2.735321044921875,2.7810592651367188,2.7949905395507813,0.261322021484375,0.3114013671875,0.20655059814453125,0.38454437255859375,0.49054718017578125,0.3601837158203125,0.46703338623046875,98.29035186767578,2.6497955322265625,0.37641143798828125,0.32952880859375,2.7877960205078125,2.8192062377929688,2.7993316650390625,0.29662322998046875,0,236427.21533203125,239483.54583740234,0,34088599552,2147483648,8352497664,0
200,1787751354918,3500,3500,3500,3500,3500,3500,3500,3500,3500,3500,3500,3500,3500,3500,3500,3500,3500,3500,3500,3500,10.189384460449219,0.23815155029296875,74.17852783203125,0.135223388671875,0.2139892578125,0.27518463134765625,0.5022048950195313,2.8202133178710938,2.8621444702148438,2.8933868408203125,2.8680343627929688,0.32135772705078125,21.86292266845703,0.27608489990234375,0.30753326416015625,0.297698974609375,0.27184295654296875,0.31381988525390625,0.26874542236328125,0.312774658203125,0,236436.42114257813,239490.61767578125,0,34088599552,2147483648,8352485376,0
200,1787751355118,3500,3500,3500,3500,3500,3500,3500,3500,3500,3500,3500,3500,3500,3500,3500,3500,3500,3500,3500,3500,16.781417846679688,0.3279266357421875,42.77274703979492,0.18498992919921875,0.2241973876953125,0.26145172119140625,0.225341796875,0.307403564453125,0.20636749267578125,0.22100067138671875,0.277587890625,0.2733917236328125,13.49609375,0.26839447021484375,3.7708206176757813,0.2547149658203125,2.545562744140625,0.2314910888671875,49.38579559326172,0.19647979736328125,0,236445.4780883789,239497.51416015625,0,34088599552,2147483648,8353144832,0
200,1787751355319,3500,3500,3500,3500,3500,3500,3500,3500,3500,3500,3500,3500,3500,3500,3500,3500,3500,3500,3500,3500,4.64666748046875,0.38549041748046875,78.31534576416016,0.20606231689453125,0.35965728759765625,2.7929306030273438,0.30814361572265625,0.2976226806640625,0.270538330078125,0.3080902099609375,0.3188629150390625,2.8641433715820313,0.6046142578125,0.34140777587890625,0.343048095703125,0.32524871826171875,0.33173370361328125,0.29627227783203125,22.52819061279297,0.33367156982421875,0,236454.42114257813,239504.33526611328,0,34088599552,2147483648,8353144832,0
200,1787751355519,3500,3500,3500,3500,3500,3500,3500,3500,3500,3500,3500,3500,3500,3500,3500,3500,3500,3500,3500,3500,7.443115234375,2.7617874145507813,56.58345031738281,0.18643951416015625,0.31147003173828125,0.23378753662109375,2.8401641845703125,0.3164520263671875,0.30522918701171875,0.21657562255859375,0.2736968994140625,0.31475830078125,42.68660354614258,0.238922119140625,2.8346786499023438,2.7959136962890625,0.286224365234375,0.294952392578125,0.31201171875,2.8075408935546875,0,236463.1336669922,239510.9321899414,0,34088599552,2147483648,8353140736,0
200,1787751355719,3500,3500,3500,3500,3500,3500,3500,3500,3500,3500,3500,3500,3500,3500,3500,3500,3500,3500,3500,3500,18.881797790527344,0.23856353759765625,42.30815887451172,2.7508773803710938,2.882537841796875,0.4271697998046875,0.409454345703125,0.4411468505859375,0.3173675537109375,0.3176727294921875,0.25199127197265625,0.37790679931640625,44.822872161865234,2.7390518188476563,0.2874755859375,0.31891632080078125,2.816009521484375,2.834228515625,2.810272216796875,0.307342529296875,0,236472.9532470703,239518.6300048828,0,34088599552,2147483648,8353140736,0
200,1787751355920,3500,3500,3500,3500,3500,3500,3500,3500,3500,3500,3500,3500,3500,3500,3500,3500,3500,3500,3500,3500,19.070396423339844,0.21733856201171875,65.23536682128906,0.13055419921875,0.38965606689453125,0.433319091796875,1.2958297729492188,2.961944580078125,2.7213516235351563,2.7794418334960938,0.26314544677734375,0.24593353271484375,25.959945678710938,0.222625732421875,0.30167388916015625,0.24228668212890625,0.274078369140625,0.2794189453125,0.270233154296875,0.2635498046875,0,236481.20922851563,239524.94891357422,0,34088599552,2147483648,8353726464,0
200,1787751356120,3500,3500,3500,3500,3500,3500,3500,3500,3500,3500,3500,3500,3500,3500,3500,3500,3500,3500,3500,3500,7.4824676513671875,0.29412078857421875,63.06895446777344,0.20076751708984375,0.5028228759765625,0.5296783447265625,0.3677978515625,0.40688323974609375,0.23760986328125,0.22942352294921875,2.830902099609375,0.31713104248046875,21.45409393310547,0.3006591796875,16.146949768066406,0.31513214111328125,0.33574676513671875,0.30539703369140625,0.29456329345703125,0.322967529296875,0,236489.11492919922,239530.98400878906,0,34088599552,2147483648,8353837056,0
200,1787751356320,3500,3500,3500,3500,3500,3500,3500,3500,3500,3500,3500,3500,3500,3500,3500,3500,3500,3500,3500,3500,3.0636520385742188,0.24326324462890625,76.62855529785156,0.19797515869140625,0.5127944946289063,3.0421829223632813,0.37818145751953125,0.39495849609375,0.33823394775390625,0.358062744140625,0.36530303955078125,3.0009384155273438,23.55658721923828,0.2847137451171875,0.34777069091796875,0.3388824462890625,0.34747314453125,0.29933929443359375,0.3399810791015625,0.37358856201171875,0,236497.9425048828,239537.24432373047,0,34088599552,2147483648,8353837056,0
200,1787751356521,3500,3500,3500,3500,3500,3500,3500,3500,3500,3500,3500,3500,3500,3500,3500,3500,3500,3500,3500,3500,11.69927978515625,2.7230682373046875,74.03429412841797,0.11258697509765625,0.39900970458984375,0.3934173583984375,2.9484329223632813,0.31298828125,0.35951995849609375,0.3985595703125,0.43331146240234375,0.48333740234375,8.414146423339844,0.237152099609375,4.8948516845703125,2.7268600463867188,16.8797607421875,0.23834991455078125,0.3060455322265625,2.8112869262695313,0,236508.18060302734,239545.3345336914,0,34088599552,2147483648,8354504704,0
200,1787751356721,3500,3500,3500,3500,3500,3500,3500,3500,3500,3500,3500,3500,3500,3500,3500,3500,3500,3500,3500,3500,17.229286193847656,0.25328826904296875,60.110198974609375,2.6860733032226563,2.7559280395507813,0.2646636962890625,0.3249969482421875,0.32953643798828125,0.367706298828125,0.47838592529296875,0.36505889892578125,0.4856719970703125,29.497299194335938,2.7689590454101563,0.34046173095703125,0.2982940673828125,3.2530288696289063,2.800140380859375,2.8263397216796875,0.294708251953125,0,236517.5327758789,239552.57293701172,0,34088599552,2147483648,8354643968,0
200,1787751356921,3500,3500,3500,3500,3500,3500,3500,3500,3500,3500,3500,3500,3500,3500,3500,3500,3500,3500,3500,3500,32.53227996826172,0.2250823974609375,69.74711608886719,0.14632415771484375,0.38549041748046875,0.4239501953125,1.1807022094726563,2.8849868774414063,2.9202957153320313,2.99835205078125,0.34609222412109375,0.447723388671875,3.21319580078125,0.237518310546875,0.920257568359375,0.30019378662109375,0.6018905639648438,0.2953033447265625,0.275421142578125,0.30289459228515625,0,236526.46112060547,239559.36456298828,0,34088599552,2147483648,8354635776,0
200,1787751357121,3500,3500,3500,3500,3500,3500,3500,3500,3500,3500,3500,3500,3500,3500,3500,3500,3500,3500,3500,3500,8.086822509765625,0.25646209716796875,93.92254638671875,0.12830352783203125,0.26035308837890625,0.34151458740234375,0.36643218994140625,0.3196868896484375,0.3688812255859375,0.44539642333984375,2.8482666015625,0.4342041015625,5.0979156494140625,0.264801025390625,0.43970489501953125,0.3952484130859375,0.29212188720703125,0.33272552490234375,0.3148956298828125,0.30860137939453125,0,236536.13592529297,239566.9180908203,0,34088599552,2147483648,8354766848,0
200,1787751357322,3500,3500,3500,3500,3500,3500,3500,3500,3500,3500,3500,3500,3500,3500,3500,3500,3500,3500,3500,3500,8.62384033203125,0.28174591064453125,26.082992553710938,0.2469635009765625,0.36368560791015625,2.7425079345703125,0.5127944946289063,0.37960052490234375,0.4340972900390625,0.4992218017578125,0.4477691650390625,2.9371261596679688,73.51669311523438,0.218170166015625,0.7448883056640625,0.39417266845703125,0.32845306396484375,0.34796905517578125,0.3507080078125,0.3204193115234375,0,236545.5164794922,239574.1410522461,0,34088599552,2147483648,8356683776,0
200,1787751357522,3500,3500,3500,3500,3500,3500,3500,3500,3500,3500,3500,3500,3500,3500,3500,3500,3500,3500,3500,3500,37.29384994506836,2.7401657104492188,35.60577392578125,0.16880035400390625,0.3084564208984375,0.4567413330078125,0.42195892333984375,0.25609588623046875,0.3495330810546875,0.4664764404296875,0.4370269775390625,0.34589385986328125,10.298942565917969,0.2508087158203125,26.94873809814453,2.7298355102539063,0.31314849853515625,0.30875396728515625,0.28350067138671875,2.8160324096679688,0,236554.38372802734,239580.90771484375,0,34088599552,2147483648,8356872192,0
200,1787751357722,3500,3500,3500,3500,3500,3500,3500,3500,3500,3500,3500,3500,3500,3500,3500,3500,3500,3500,3500,3500,4.225624084472656,0.34900665283203125,19.07347869873047,0.30251312255859375,2.843719482421875,0.3563995361328125,2.7689056396484375,0.34786224365234375,0.43506622314453125,0.567413330078125,0.43766021728515625,0.4238739013671875,21.40062713623047,2.8315811157226563,62.046730041503906,0.247772216796875,2.8831253051757813,2.8863754272460938,2.893463134765625,0.33777618408203125,0,236563.3662109375,239587.7703857422,0,34088599552,2147483648,8356872192,0
200,1787751357923,3500,3500,3500,3500,3500,3500,3500,3500,3500,3500,3500,3500,3500,3500,3500,3500,3500,3500,3500,3500,4.036567687988281,0.30438995361328125,2.9934158325195313,2.7902374267578125,0.24953460693359375,0.25412750244140625,1.8071365356445313,0.2410430908203125,2.8155670166015625,2.7898941040039063,0.26971435546875,0.31682586669921875,46.7157096862793,0.20702362060546875,53.94252014160156,0.1732025146484375,0.28929901123046875,0.2622222900390625,0.293792724609375,0.28910064697265625,0,236573.3592529297,239595.6294555664,0,34088599552,2147483648,8358494208,0
200,1787751358123,3500,3500,3500,3500,3500,3500,3500,3500,3500,3500,3500,3500,3500,3500,3500,3500,3500,3500,3500,3500,6.877265930175781,0.23973846435546875,27.008544921875,0.19811248779296875,0.19107818603515625,0.235595703125,0.28289794921875,2.8950347900390625,0.2929840087890625,0.23758697509765625,2.7909393310546875,0.32038116455078125,46.25798034667969,0.1616363525390625,42.2176628112793,0.25176239013671875,4.907989501953125,0.25380706787109375,1.4199447631835938,0.280853271484375,0,236582.03540039063,239602.15087890625,0,34088599552,2147483648,8363687936,0
199,1787751358323,3500,3500,3500,3500,3500,3500,3500,3500,3500,3500,3500,3500,3500,3500,3500,3500,3500,3500,3500,3500,3.029998779296875,0.28153228759765625,74.87400817871094,0.18106842041015625,0.3149261474609375,0.323760986328125,0.25144195556640625,0.31182861328125,0.3247528076171875,0.31866455078125,0.4096527099609375,2.8822708129882813,26.40595245361328,0.28857421875,0.37895965576171875,0.35005950927734375,0.32904815673828125,0.2956085205078125,0.35794830322265625,0.3205108642578125,0,236590.31756591797,239608.30639648438,0,34088599552,2147483648,8363831296,0
200,1787751358523,3500,3500,3500,3500,3500,3500,3500,3500,3500,3500,3500,3500,3500,3500,3500,3500,3500,3500,3500,3500,10.000228881835938,2.8289566040039063,46.45063018798828,0.18506622314453125,0.2371063232421875,2.835357666015625,0.2869415283203125,0.286895751953125,0.47141265869140625,0.41641998291015625,0.4881591796875,0.4907073974609375,46.56830978393555,0.20680999755859375,6.2311553955078125,2.7885665893554688,0.2937469482421875,0.2888946533203125,0.3996734619140625,2.8960952758789063,0,236599.01788330078,239614.9024658203,0,34088599552,2147483648,8363982848,0
200,1787751358724,3500,3500,3500,3500,3500,3500,3500,3500,3500,3500,3500,3500,3500,3500,3500,3500,3500,3500,3500,3500,14.1072998046875,0.3136138916015625,47.99312210083008,0.18244171142578125,1.5942840576171875,0.27397918701171875,2.7804107666015625,0.2734375,0.4611663818359375,0.41713714599609375,0.48058319091796875,0.49615478515625,8.448745727539063,2.7824554443359375,36.56221008300781,0.23509979248046875,2.8068161010742188,2.7976303100585938,2.8346633911132813,0.28331756591796875,0,236609.52130126953,239623.28436279297,0,34088599552,2147483648,8366436352,0
200,1787751358924,3500,3500,3500,3500,3500,3500,3500,3500,3500,3500,3500,3500,3500,3500,3500,3500,3500,3500,3500,3500,19.71161651611328,0.27948760986328125,8.331443786621094,2.8124618530273438,1.6075286865234375,0.3319854736328125,0.44879913330078125,0.650299072265625,0.49959564208984375,2.8863601684570313,0.39560699462890625,0.44101715087890625,34.30859375,0.19396209716796875,46.969600677490234,0.2228546142578125,0.290618896484375,0.275146484375,0.27170562744140625,0.26970672607421875,0,236618.96270751953,239630.57537841797,0,34088599552,2147483648,8370405376,0
200,1787751359125,3500,3500,3500,3500,3500,3500,3500,3500,3500,3500,3500,3500,3500,3500,3500,3500,3500,3500,3500,3500,2.3863983154296875,0.264892578125,46.873775482177734,0.2577056884765625,0.307708740234375,0.3009185791015625,0.24652099609375,2.770355224609375,2.8296432495117188,0.24692535400390625,2.803497314453125,0.2256622314453125,26.62212371826172,0.28659820556640625,23.980369567871094,0.2634429931640625,8.596824645996094,0.27721405029296875,0.29099273681640625,0.3315582275390625,0,236628.1275024414,239637.62725830078,0,34088599552,2147483648,8370573312,0
199,1787751359325,3500,3500,3500,3500,3500,3500,3500,3500,3500,3500,3500,3500,3500,3500,3500,3500,3500,3500,3500,3500,27.186622619628906,0.27154541015625,70.7498550415039,0.18785858154296875,0.28769683837890625,0.383148193359375,0.2717437744140625,0.316375732421875,0.308197021484375,0.31792449951171875,0.31024169921875,2.8120651245117188,7.681671142578125,0.40863800048828125,0.38604736328125,0.3124847412109375,0.36205291748046875,0.32859039306640625,0.34136199951171875,0.3569183349609375,0,236636.52404785156,239643.89575195313,0,34088599552,2147483648,8370921472,0
200,1787751359525,3500,3500,3500,3500,3500,3500,3500,3500,3500,3500,3500,3500,3500,3500,3500,3500,3500,3500,3500,3500,4.906150817871094,2.7642669677734375,79.50227355957031,0.1231231689453125,0.24430084228515625,2.8170013427734375,0.700164794921875,0.22015380859375,0.19326019287109375,0.23435211181640625,0.25969696044921875,0.179718017578125,2.0111083984375,0.30309295654296875,26.455718994140625,2.7258682250976563,0.38287353515625,0.338836669921875,0.26799774169921875,2.7376708984375,0,236647.08166503906,239652.31604003906,0,34088599552,2147483648,8372015104,0
200,1787751359725,3500,3500,3500,3500,3500,3500,3500,3500,3500,3500,3500,3500,3500,3500,3500,3500,3500,3500,3500,3500,12.223869323730469,0.3562164306640625,50.529422760009766,0.208831787109375,0.27667999267578125,0.2480010986328125,2.8809356689453125,0.339080810546875,0.4215087890625,0.34012603759765625,0.46837615966796875,0.42395782470703125,8.43182373046875,2.8109893798828125,35.74565887451172,0.28801727294921875,2.2852630615234375,2.8995208740234375,2.8140869140625,0.28527069091796875,0,236655.42572021484,239658.52514648438,0,34088599552,2147483648,8372015104,0
200,1787751359926,3500,3500,3500,3500,3500,3500,3500,3500,3500,3500,3500,3500,3500,3500,3500,3500,3500,3500,3500,3500,3.623779296875,0.30999755859375,11.797691345214844,2.7968063354492188,2.8475189208984375,0.23638153076171875,0.8901596069335938,0.310546875,0.38600921630859375,2.9578704833984375,0.4543914794921875,0.4781951904296875,20.77581787109375,0.25778961181640625,70.56599426269531,0.1758880615234375,1.056365966796875,0.39723968505859375,0.34822845458984375,0.29242706298828125,0,236663.40380859375,239664.39807128906,0,34088599552,2147483648,8372314112,0
200,1787751360126,3500,3500,3500,3500,3500,3500,3500,3500,3500,3500,3500,3500,3500,3500,3500,3500,3500,3500,3500,3500,5.7301177978515625,0.27545928955078125,80.65660095214844,0.18318939208984375,0.35089874267578125,0.285552978515625,4.5890960693359375,2.895660400390625,7.320747375488281,0.34360504150390625,2.846099853515625,0.3353118896484375,8.654197692871094,0.26007843017578125,15.276145935058594,0.2430877685546875,0.3218231201171875,0.305389404296875,0.389862060546875,0.348052978515625,0,236672.41497802734,239671.2537841797,0,34088599552,2147483648,8373403648,0
200,1787751360326,3500,3500,3500,3500,3500,3500,3500,3500,3500,3500,3500,3500,3500,3500,3500,3500,3500,3500,3500,3500,27.707481384277344,0.2403717041015625,25.655563354492188,0.26546478271484375,0.48223114013671875,0.352569580078125,0.48477935791015625,0.36000823974609375,0.25733184814453125,0.28472137451171875,0.27813720703125,2.8448638916015625,18.98260498046875,0.2531890869140625,38.93931198120117,0.2604217529296875,0.31694793701171875,0.29933929443359375,0.39467620849609375,0.37946319580078125,0,236680.7788696289,239677.48571777344,0,34088599552,2147483648,8373669888,0
200,1787751360526,3500,3500,3500,3500,3500,3500,3500,3500,3500,3500,3500,3500,3500,3500,3500,3500,3500,3500,3500,3500,6.001129150390625,2.8835830688476563,48.811683654785156,0.24774932861328125,0.35938262939453125,2.8897781372070313,0.41210174560546875,0.33709716796875,0.40770721435546875,0.2678375244140625,0.2635955810546875,0.32935333251953125,49.369998931884766,0.21746826171875,2.8315658569335938,2.8393096923828125,0.296875,0.32680511474609375,0.40331268310546875,2.9221115112304688,0,236688.88067626953,239683.46258544922,0,34088599552,2147483648,8373669888,0
200,1787751360727,3500,3500,3500,3500,3500,3500,3500,3500,3500,3500,3500,3500,3500,3500,3500,3500,3500,3500,3500,3500,30.715484619140625,0.19062042236328125,50.53158187866211,0.13507843017578125,0.2842254638671875,0.26731109619140625,2.9844512939453125,0.2832794189453125,0.3150177001953125,0.33731842041015625,0.38582611083984375,0.3007965087890625,31.515968322753906,2.7281646728515625,0.44310760498046875,0.24381256103515625,0.26990509033203125,2.7533645629882813,2.8753662109375,0.3203582763671875,0,236696.95849609375,239689.79467773438,0,34088599552,2147483648,8373669888,0
200,1787751360927,3500,3500,3500,3500,3500,3500,3500,3500,3500,3500,3500,3500,3500,3500,3500,3500,3500,3500,3500,3500,21.726852416992188,0.23479461669921875,44.01532745361328,2.7296142578125,2.8811187744140625,0.35749053955078125,1.0733108520507813,0.3852996826171875,0.4424285888671875,2.9806900024414063,0.43778228759765625,0.398681640625,17.125465393066406,0.25257110595703125,25.22771453857422,0.24048614501953125,2.81829833984375,0.2720947265625,0.35749053955078125,0.397735595703125,0,236705.7042236328,239696.21087646484,0,34088599552,2147483648,8373739520,0
200,1787751361127,3500,3500,3500,3500,3500,3500,3500,3500,3500,3500,3500,3500,3500,3500,3500,3500,3500,3500,3500,3500,24.876678466796875,0.231353759765625,33.80902862548828,0.24053192138671875,0.4367523193359375,0.42467498779296875,0.753936767578125,2.9318695068359375,2.7430343627929688,0.235992431640625,2.7966842651367188,0.3442840576171875,12.042228698730469,0.25380706787109375,48.53311538696289,0.21124267578125,7.168121337890625,0.2742156982421875,0.294281005859375,0.2754669189453125,0,236715.69537353516,239704.22357177734,0,34088599552,2147483648,8373739520,0
200,1787751361328,3500,3500,3500,3500,3500,3500,3500,3500,3500,3500,3500,3500,3500,3500,3500,3500,3500,3500,3500,3500,9.178520202636719,0.319610595703125,24.762435913085938,0.280059814453125,0.5217132568359375,0.4467010498046875,0.5774307250976563,0.40874481201171875,0.42071533203125,0.48021697998046875,0.49767303466796875,3.0115890502929688,21.87743377685547,0.2756195068359375,48.212547302246094,0.23612213134765625,0.4474029541015625,0.4472503662109375,0.32898712158203125,0.35268402099609375,0,236725.20349121094,239711.26666259766,0,34088599552,2147483648,8373739520,0
200,1787751361528,3500,3500,3500,3500,3500,3500,3500,3500,3500,3500,3500,3500,3500,3500,3500,3500,3500,3500,3500,3500,2.3171157836914063,0.5688858032226563,25.199981689453125,0.1953277587890625,0.42777252197265625,2.8825531005859375,0.3672637939453125,0.3179931640625,0.44406890869140625,0.47978973388671875,0.4540557861328125,0.42552947998046875,71.28826904296875,0.16109466552734375,9.472770690917969,2.7975540161132813,0.364715576171875,0.3631134033203125,0.31510162353515625,2.8416290283203125,0,236734.82147216797,239718.77435302734,0,34088599552,2147483648,8373780480,0
199,1787751361728,3500,3500,3500,3500,3500,3500,3500,3500,3500,3500,3500,3500,3500,3500,3500,3500,3500,3500,3500,3500,5.225013732910156,2.414337158203125,5.785118103027344,0.278106689453125,0.33876800537109375,0.3563995361328125,2.8342437744140625,0.34041595458984375,0.490753173828125,0.49335479736328125,0.5034408569335938,0.394989013671875,90.59719848632813,2.691741943359375,7.864982604980469,0.24225616455078125,0.6436920166015625,2.9090347290039063,2.8159713745117188,0.30297088623046875,0,236745.85717773438,239727.68194580078,0,34088599552,2147483648,8373772288,0
199,1787751361928,3500,3500,3500,3500,3500,3500,3500,3500,3500,3500,3500,3500,3500,3500,3500,3500,3500,3500,3500,3500,10.09503173828125,0.24047088623046875,3.2988204956054688,2.7191848754882813,2.7828292846679688,0.2309722900390625,0.9838333129882813,0.29241943359375,0.46294403076171875,3.0260467529296875,0.4385986328125,0.36721038818359375,65.01521301269531,0.19322967529296875,30.029464721679688,0.320465087890625,2.9002151489257813,0.35041046142578125,0.28076934814453125,0.28096771240234375,0,236755.07501220703,239734.77130126953,0,34088599552,2147483648,8373772288,0
200,1787751362128,3500,3500,3500,3500,3500,3500,3500,3500,3500,3500,3500,3500,3500,3500,3500,3500,3500,3500,3500,3500,17.196800231933594,0.259979248046875,55.14622116088867,0.21942901611328125,0.3356170654296875,0.3017730712890625,0.3849639892578125,2.8272857666015625,2.8528366088867188,0.3466644287109375,2.8672332763671875,0.36186981201171875,3.6659088134765625,0.27477264404296875,32.63916778564453,0.25357818603515625,0.4203643798828125,0.408111572265625,0.31291961669921875,0.3169708251953125,0,236764.47088623047,239742.04858398438,0,34088599552,2147483648,8373899264,0
200,1787751362329,3500,3500,3500,3500,3500,3500,3500,3500,3500,3500,3500,3500,3500,3500,3500,3500,3500,3500,3500,3500,17.582801818847656,0.25307464599609375,54.072635650634766,0.17974090576171875,0.3098297119140625,0.31801605224609375,0.2839508056640625,0.22730255126953125,0.46878814697265625,0.426177978515625,0.3472442626953125,2.9037399291992188,32.485565185546875,0.29299163818359375,0.3406524658203125,0.29119110107421875,0.40329742431640625,0.41443634033203125,0.32506561279296875,0.2974395751953125,0,236771.9736328125,239747.4337158203,0,34088599552,2147483648,8373899264,0
200,1787751362529,3500,3500,3500,3500,3500,3500,3500,3500,3500,3500,3500,3500,3500,3500,3500,3500,3500,3500,3500,3500,33.08209228515625,0.2306060791015625,56.42485427856445,0.15943145751953125,0.2826690673828125,2.739501953125,0.24053955078125,0.2359466552734375,0.44139862060546875,0.44704437255859375,0.3769073486328125,0.32105255126953125,16.790420532226563,0.2274627685546875,2.7998046875,2.7492904663085938,0.22956085205078125,0.2870635986328125,0.28052520751953125,2.7694015502929688,0,236781.02111816406,239754.34881591797,0,34088599552,2147483648,8373903360,0
200,1787751362729,3500,3500,3500,3500,3500,3500,3500,3500,3500,3500,3500,3500,3500,3500,3500,3500,3500,3500,3500,3500,9.8157958984375,2.786590576171875,65.78267669677734,0.21601104736328125,0.2937469482421875,0.2218475341796875,2.8956222534179688,0.28830718994140625,0.48485565185546875,0.483856201171875,0.38251495361328125,0.35721588134765625,30.542648315429688,0.270050048828125,0.31285858154296875,0.31340789794921875,0.303375244140625,2.837188720703125,2.8604888916015625,0.3302764892578125,0,236789.5064086914,239760.70892333984,0,34088599552,2147483648,8373903360,0
200,1787751362929,3500,3500,3500,3500,3500,3500,3500,3500,3500,3500,3500,3500,3500,3500,3500,3500,3500,3500,3500,3500,6.4064483642578125,0.2152252197265625,13.679496765136719,2.7249298095703125,2.8040771484375,0.35659027099609375,1.0175628662109375,0.23431396484375,0.46707916259765625,3.0189056396484375,0.4057159423828125,0.377685546875,76.05227661132813,2.7096328735351563,13.695442199707031,0.27693939208984375,2.8105239868164063,0.26569366455078125,0.37418365478515625,0.33290863037109375,0,236798.71362304688,239767.7935180664,0,34088599552,2147483648,8373829632,0
200,1787751363130,3500,3500,3500,3500,3500,3500,3500,3500,3500,3500,3500,3500,3500,3500,3500,3500,3500,3500,3500,3500,28.78858184814453,0.2265625,35.634559631347656,0.202972412109375,0.2397308349609375,0.2585296630859375,0.264312744140625,2.8365554809570313,3.0055694580078125,0.45357513427734375,2.9934539794921875,0.4101409912109375,3.5370407104492188,0.3298492431640625,40.8676643371582,0.2594757080078125,0.2877044677734375,0.2615203857421875,0.38944244384765625,0.380615234375,0,236807.53063964844,239774.47998046875,0,34088599552,2147483648,8373960704,0
200,1787751363330,3500,3500,3500,3500,3500,3500,3500,3500,3500,3500,3500,3500,3500,3500,3500,3500,3500,3500,3500,3500,20.801475524902344,0.226898193359375,43.215675354003906,0.20751190185546875,0.30419921875,0.2028656005859375,0.32018280029296875,0.2914581298828125,0.37220001220703125,0.3961334228515625,0.46298980712890625,2.9520339965820313,44.95036697387695,0.22154998779296875,0.403533935546875,0.41037750244140625,0.3056488037109375,0.2918548583984375,0.3953399658203125,0.39513397216796875,0,236816.4047241211,239781.22576904297,0,34088599552,2147483648,8373964800,0
200,1787751363530,3500,3500,3500,3500,3500,3500,3500,3500,3500,3500,3500,3500,3500,3500,3500,3500,3500,3500,3500,3500,10.002273559570313,0.27884674072265625,3.101043701171875,0.297821044921875,0.285888671875,2.7744522094726563,0.377685546875,0.22530364990234375,0.34801483154296875,0.308258056640625,0.2767486572265625,0.253021240234375,50.81248474121094,0.2161102294921875,43.51034927368164,2.7690582275390625,0.30431365966796875,0.30486297607421875,0.36864471435546875,2.8806915283203125,0,236826.1528930664,239788.8578491211,0,34088599552,2147483648,8373960704,0
200,1787751363730,3500,3500,3500,3500,3500,3500,3500,3500,3500,3500,3500,3500,3500,3500,3500,3500,3500,3500,3500,3500,9.738128662109375,2.7478179931640625,12.675918579101563,0.22750091552734375,0.21640777587890625,0.243194580078125,3.312347412109375,0.241241455078125,0.243988037109375,0.24798583984375,0.26238250732421875,0.296905517578125,23.6707763671875,0.23145294189453125,60.82944107055664,0.13945770263671875,0.2857666015625,0.38484954833984375,2.8980178833007813,0.3700103759765625,0,236834.2387084961,239794.8175048828,0,34088599552,2147483648,8373960704,0
200,1787751363931,3500,3500,3500,3500,3500,3500,3500,3500,3500,3500,3500,3500,3500,3500,3500,3500,3500,3500,3500,3500,13.874412536621094,0.292205810546875,25.146987915039063,2.75677490234375,2.841033935546875,0.25661468505859375,0.5668869018554688,0.34700775146484375,0.3399200439453125,0.23480224609375,0.28516387939453125,0.33612823486328125,34.130096435546875,2.759368896484375,22.87493896484375,0.243682861328125,18.11107635498047,2.7050094604492188,0.41614532470703125,0.403167724609375,0,236844.32275390625,239802.7553100586,0,34088599552,2147483648,8373960704,0
200,1787751364131,3500,3500,3500,3500,3500,3500,3500,3500,3500,3500,3500,3500,3500,3500,3500,3500,3500,3500,3500,3500,50.19101333618164,0.21209716796875,29.418441772460938,0.22193145751953125,0.33521270751953125,0.21334075927734375,0.2884521484375,2.8089141845703125,2.9525375366210938,2.9134140014648438,2.9086685180664063,0.3334197998046875,4.355918884277344,0.27063751220703125,24.47528839111328,0.2611541748046875,0.32213592529296875,0.3581695556640625,0.3699493408203125,0.3675994873046875,0,236854.4341430664,239810.7471923828,0,34088599552,2147483648,8374091776,0
199,1787751364331,3500,3500,3500,3500,3500,3500,3500,3500,3500,3500,3500,3500,3500,3500,3500,3500,3500,3500,3500,3500,11.600654602050781,0.22161102294921875,67.81498718261719,0.17914581298828125,0.2523956298828125,0.25848388671875,0.2963104248046875,0.31876373291015625,0.4061431884765625,0.43079376220703125,0.5191192626953125,0.37760162353515625,24.265647888183594,0.2710113525390625,0.34621429443359375,0.3744049072265625,0.32131195068359375,0.34112548828125,0.31243133544921875,0.33907318115234375,0,236863.15771484375,239817.3555908203,0,34088599552,2147483648,8374083584,0
199,1787751364532,3500,3500,3500,3500,3500,3500,3500,3500,3500,3500,3500,3500,3500,3500,3500,3500,3500,3500,3500,3500,5.559906005859375,0.25064849853515625,49.98725509643555,0.22071075439453125,0.26663970947265625,2.7165298461914063,0.34140777587890625,0.31256866455078125,0.346405029296875,0.458160400390625,0.46675872802734375,2.8791656494140625,47.999473571777344,0.2024688720703125,2.9156951904296875,2.9190444946289063,0.3692474365234375,0.3772430419921875,0.2925262451171875,2.7951507568359375,0,236872.7667236328,239824.8370361328,0,34088599552,2147483648,8374083584,0
200,1787751364732,3500,3500,3500,3500,3500,3500,3500,3500,3500,3500,3500,3500,3500,3500,3500,3500,3500,3500,3500,3500,30.665184020996094,2.75640869140625,45.15662384033203,0.19905853271484375,0.293914794921875,0.28957366943359375,2.7706527709960938,0.24169158935546875,0.3291015625,0.43460845947265625,0.4800872802734375,0.3169097900390625,8.701545715332031,0.23554229736328125,24.419837951660156,0.37328338623046875,0.38542938232421875,0.37308502197265625,2.8154830932617188,0.26313018798828125,0,236880.25494384766,239830.19268798828,0,34088599552,2147483648,8374226944,0
200,1787751364932,3500,3500,3500,3500,3500,3500,3500,3500,3500,3500,3500,3500,3500,3500,3500,3500,3500,3500,3500,3500,4.994514465332031,0.2451629638671875,24.567276000976563,2.7458419799804688,2.790740966796875,0.25464630126953125,0.8551788330078125,0.315460205078125,0.33531951904296875,0.33791351318359375,0.491973876953125,0.3276824951171875,78.24153137207031,2.6881179809570313,0.5437088012695313,0.44317626953125,2.8873825073242188,2.9034423828125,0.3537750244140625,0.3175048828125,0,236891.48809814453,239839.3031616211,0,34088599552,2147483648,8374161408,0
200,1787751365133,3500,3500,3500,3500,3500,3500,3500,3500,3500,3500,3500,3500,3500,3500,3500,3500,3500,3500,3500,3500,27.751609802246094,0.2635345458984375,78.16365051269531,0.1614990234375,0.29032135009765625,0.31247711181640625,0.32709503173828125,2.7955780029296875,2.8685684204101563,2.8476181030273438,2.8639297485351563,0.31731414794921875,4.5652618408203125,0.3095855712890625,0.37274932861328125,0.37603759765625,0.36371612548828125,0.38507080078125,0.4192962646484375,0.408966064453125,0,236901.79418945313,239847.48291015625,0,34088599552,2147483648,8374292480,0
200,1787751365333,3500,3500,3500,3500,3500,3500,3500,3500,3500,3500,3500,3500,3500,3500,3500,3500,3500,3500,3500,3500,9.558174133300781,0.205841064453125,93.4913101196289,0.13311767578125,0.32672119140625,0.3057098388671875,0.32822418212890625,0.30181884765625,0.45380401611328125,0.46178436279296875,0.389068603515625,0.3233795166015625,0.5385513305664063,0.362762451171875,0.3607177734375,0.3350067138671875,0.29712677001953125,0.2752685546875,0.38426971435546875,0.3961029052734375,0,236911.0228881836,239854.58990478516,0,34088599552,2147483648,8374358016,0
200,1787751365533,3500,3500,3500,3500,3500,3500,3500,3500,3500,3500,3500,3500,3500,3500,3500,3500,3500,3500,3500,3500,10.213623046875,0.30072021484375,92.2280502319336,0.15285491943359375,0.35687255859375,2.8239059448242188,0.47698211669921875,0.411590576171875,0.5364837646484375,0.496002197265625,0.37569427490234375,2.8918991088867188,0.8703536987304688,0.37754058837890625,2.9691238403320313,0.40200042724609375,0.32472991943359375,0.30086517333984375,0.4026031494140625,2.9047775268554688,0,236919.34716796875,239860.80395507813,0,34088599552,2147483648,8374358016,0
200,1787751365734,3500,3500,3500,3500,3500,3500,3500,3500,3500,3500,3500,3500,3500,3500,3500,3500,3500,3500,3500,3500,7.241973876953125,2.8146896362304688,83.19490051269531,0.16413116455078125,0.37142181396484375,0.3019561767578125,3.4345245361328125,0.3159332275390625,0.4558563232421875,0.5045089721679688,0.35465240478515625,0.3460235595703125,16.069496154785156,0.245269775390625,0.6302642822265625,2.8438339233398438,0.29482269287109375,0.287933349609375,2.9012222290039063,0.37361907958984375,0,236928.5283203125,239867.86358642578,0,34088599552,2147483648,8374345728,0
200,1787751365934,3500,3500,3500,3500,3500,3500,3500,3500,3500,3500,3500,3500,3500,3500,3500,3500,3500,3500,3500,3500,31.034515380859375,0.2450714111328125,18.020416259765625,2.7708358764648438,2.7799224853515625,0.186279296875,0.48744964599609375,0.2620086669921875,0.352020263671875,0.4775543212890625,0.3621673583984375,0.3475799560546875,58.983131408691406,2.7622451782226563,0.416961669921875,0.405426025390625,2.7928619384765625,2.8106460571289063,0.31845855712890625,0.27529144287109375,0,236938.4774169922,239875.90911865234,0,34088599552,2147483648,8374345728,0
200,1787751366134,3500,3500,3500,3500,3500,3500,3500,3500,3500,3500,3500,3500,3500,3500,3500,3500,3500,3500,3500,3500,26.854660034179688,0.19116973876953125,15.125877380371094,0.20206451416015625,0.24881744384765625,0.26924896240234375,0.335235595703125,2.7906036376953125,2.9056930541992188,2.9345169067382813,2.9542007446289063,0.3954315185546875,68.01011657714844,0.181182861328125,0.8111419677734375,0.40991973876953125,0.2666015625,0.2717437744140625,0.27099609375,0.2689971923828125,0,236948.0346069336,239883.6283569336,0,34088599552,2147483648,8374476800,0
200,1787751366334,3500,3500,3500,3500,3500,3500,3500,3500,3500,3500,3500,3500,3500,3500,3500,3500,3500,3500,3500,3500,32.82286834716797,0.2362213134765625,45.873905181884766,0.23957061767578125,0.3023834228515625,0.277618408203125,0.343780517578125,0.24526214599609375,0.39066314697265625,0.5261764526367188,0.44693756103515625,0.5262222290039063,25.734474182128906,0.27866363525390625,0.4129791259765625,0.414825439453125,0.30667877197265625,0.3285980224609375,0.3821258544921875,0.34207916259765625,0,236957.31481933594,239890.41430664063,0,34088599552,2147483648,8374484992,0
200,1787751366534,3500,3500,3500,3500,3500,3500,3500,3500,3500,3500,3500,3500,3500,3500,3500,3500,3500,3500,3500,3500,15.7420654296875,0.26055145263671875,58.438560485839844,0.1494140625,0.20038604736328125,2.8898162841796875,0.280792236328125,0.22367095947265625,0.32611846923828125,0.37558746337890625,0.30127716064453125,2.8653335571289063,29.03466033935547,0.30472564697265625,2.9271011352539063,0.37628936767578125,0.31487274169921875,0.33945465087890625,0.415618896484375,2.9227981567382813,0,236966.38934326172,239897.65399169922,0,34088599552,2147483648,8374484992,0
200,1787751366735,3500,3500,3500,3500,3500,3500,3500,3500,3500,3500,3500,3500,3500,3500,3500,3500,3500,3500,3500,3500,16.423141479492188,2.7377243041992188,61.23672866821289,0.14714813232421875,0.4282684326171875,0.437652587890625,2.8716964721679688,0.31561279296875,0.23729705810546875,0.28411102294921875,0.15708160400390625,0.2276611328125,40.90471267700195,0.21433258056640625,2.6265106201171875,2.765228271484375,0.31650543212890625,0.322296142578125,2.8859176635742188,0.352294921875,0,236975.9110107422,239904.60162353516,0,34088599552,2147483648,8374476800,0
200,1787751366935,3500,3500,3500,3500,3500,3500,3500,3500,3500,3500,3500,3500,3500,3500,3500,3500,3500,3500,3500,3500,22.918502807617188,0.234100341796875,52.31261444091797,2.6876754760742188,2.837890625,0.34404754638671875,1.0884246826171875,0.32842254638671875,0.21209716796875,0.30347442626953125,0.2986297607421875,0.25965118408203125,29.189102172851563,2.7706680297851563,7.618927001953125,0.26389312744140625,3.0668563842773438,2.9092559814453125,0.4185028076171875,0.41790008544921875,0,236984.62298583984,239911.30206298828,0,34088599552,2147483648,8374480896,0
200,1787751367135,3500,3500,3500,3500,3500,3500,3500,3500,3500,3500,3500,3500,3500,3500,3500,3500,3500,3500,3500,3500,5.663993835449219,0.31075286865234375,73.70773315429688,0.195953369140625,0.30316162109375,0.20294189453125,0.24811553955078125,2.8844070434570313,2.81787109375,2.8394317626953125,2.8732757568359375,0.28409576416015625,3.7429885864257813,0.31114959716796875,24.694290161132813,0.2972259521484375,0.40653228759765625,0.4056854248046875,0.4167633056640625,0.4137725830078125,0,236994.59088134766,239919.37072753906,0,34088599552,2147483648,8374603776,0
200,1787751367336,3500,3500,3500,3500,3500,3500,3500,3500,3500,3500,3500,3500,3500,3500,3500,3500,3500,3500,3500,3500,15.585235595703125,0.34130859375,60.416419982910156,0.17990875244140625,0.2915496826171875,0.3568267822265625,0.21759033203125,0.27039337158203125,0.29360198974609375,0.3993988037109375,0.36885833740234375,0.25287628173828125,30.161720275878906,0.25856781005859375,0.46343231201171875,0.4217071533203125,0.3459014892578125,0.3486480712890625,0.411224365234375,0.40703582763671875,0,237003.98760986328,239926.30310058594,0,34088599552,2147483648,8374603776,0
200,1787751367536,3500,3500,3500,3500,3500,3500,3500,3500,3500,3500,3500,3500,3500,3500,3500,3500,3500,3500,3500,3500,11.529426574707031,0.294189453125,68.61659240722656,0.15943145751953125,0.2397003173828125,2.7324142456054688,0.2912445068359375,0.25447845458984375,0.329498291015625,0.4544219970703125,0.48309326171875,2.8654251098632813,0.9591903686523438,0.27396392822265625,3.1676025390625,0.35932159423828125,25.15613555908203,0.27111053466796875,0.36541748046875,2.906280517578125,0,237011.2417602539,239931.43310546875,0,34088599552,2147483648,8374673408,0
200,1787751367736,3500,3500,3500,3500,3500,3500,3500,3500,3500,3500,3500,3500,3500,3500,3500,3500,3500,3500,3500,3500,1.9536514282226563,2.7655410766601563,22.15448760986328,0.23725128173828125,0.2925872802734375,0.27068328857421875,3.3326034545898438,0.2275238037109375,0.4168243408203125,0.47385406494140625,0.47624969482421875,0.36627960205078125,54.643775939941406,0.20252227783203125,0.479888916015625,3.0067367553710938,28.071914672851563,0.2683868408203125,2.7275238037109375,0.35425567626953125,0,237018.64239501953,239936.7042236328,0,34088599552,2147483648,8374673408,0
200,1787751367937,3500,3500,3500,3500,3500,3500,3500,3500,3500,3500,3500,3500,3500,3500,3500,3500,3500,3500,3500,3500,37.917449951171875,0.1799468994140625,53.277732849121094,2.750396728515625,2.8228302001953125,0.29085540771484375,0.7553253173828125,0.27508544921875,1.8477783203125,0.3761138916015625,0.328643798828125,0.30438232421875,54.07718276977539,2.7452621459960938,35.44972229003906,0.28936004638671875,3.59307861328125,2.8032073974609375,10.060646057128906,0.3772125244140625,0,237031.18823242188,239947.07623291016,0,34088599552,2147483648,8390156288,0
200,1787751368137,3500,3500,3500,3500,3500,3500,3500,3500,3500,3500,3500,3500,3500,3500,3500,3500,3500,3500,3500,3500,14.027091979980469,0.27750396728515625,68.98430633544922,0.25592041015625,0.30437469482421875,0.29099273681640625,1.8871612548828125,2.8336105346679688,3.8397140502929688,2.81927490234375,2.866485595703125,0.35343170166015625,78.16134643554688,0.21475982666015625,42.311180114746094,0.23538970947265625,1.65496826171875,0.33495330810546875,0.8103256225585938,0.5436630249023438,0,237042.94653320313,239956.6954345703,0,34088599552,2147483648,8399851520,0
200,1787751368337,3500,3500,3500,3500,3500,3500,3500,3500,3500,3500,3500,3500,3500,3500,3500,3500,3500,3500,3500,3500,9.885627746582031,0.2320404052734375,27.534873962402344,0.23363494873046875,0.3054351806640625,0.29779052734375,0.23947906494140625,0.29354095458984375,0.2481231689453125,0.28910064697265625,0.29494476318359375,0.28334808349609375,46.647247314453125,0.225494384765625,43.77185821533203,0.2018585205078125,34.54426574707031,0.23443603515625,0.39157867431640625,0.40181732177734375,0,237052.96844482422,239964.55499267578,0,34088599552,2147483648,8399794176,0
200,1787751368537,3500,3500,3500,3500,3500,3500,3500,3500,3500,3500,3500,3500,3500,3500,3500,3500,3500,3500,3500,3500,6.149299621582031,0.29903411865234375,12.149429321289063,0.2673187255859375,0.40863800048828125,2.8121795654296875,0.30738067626953125,0.37416839599609375,0.288299560546875,0.26161956787109375,0.28165435791015625,2.9074478149414063,1.1215667724609375,0.3354034423828125,12.251388549804688,0.3073272705078125,77.76008605957031,0.1800384521484375,0.31792449951171875,2.891357421875,0,237062.8442993164,239972.3087158203,0,34088599552,2147483648,8396345344,0
200,1787751368738,3500,3500,3500,3500,3500,3500,3500,3500,3500,3500,3500,3500,3500,3500,3500,3500,3500,3500,3500,3500,18.68944549560547,2.77294921875,46.198699951171875,0.1917724609375,0.46124267578125,0.40615081787109375,2.919708251953125,0.4989166259765625,0.2973175048828125,0.2534027099609375,0.26123809814453125,0.25994110107421875,23.965423583984375,0.247467041015625,19.59246826171875,2.8085784912109375,0.2683258056640625,0.3139801025390625,0.3923797607421875,0.40300750732421875,0,237072.8539428711,239980.19927978516,0,34088599552,2147483648,8396345344,0
200,1787751368938,3500,3500,3500,3500,3500,3500,3500,3500,3500,3500,3500,3500,3500,3500,3500,3500,3500,3500,3500,3500,6.631065368652344,0.22360992431640625,5.1808013916015625,2.8342819213867188,2.8555984497070313,0.362152099609375,0.95526123046875,0.35176849365234375,0.28028106689453125,0.235595703125,0.2363433837890625,0.21791839599609375,40.38438034057617,2.7056732177734375,58.962852478027344,0.16220855712890625,2.7975387573242188,2.7515029907226563,2.8719711303710938,0.3323974609375,0,237081.86779785156,239987.0599975586,0,34088599552,2147483648,8396038144,0
200,1787751369138,3500,3500,3500,3500,3500,3500,3500,3500,3500,3500,3500,3500,3500,3500,3500,3500,3500,3500,3500,3500,11.368423461914063,0.10518646240234375,86.66139221191406,0.01479339599609375,0.19948577880859375,0.13701629638671875,0.21372222900390625,2.6292953491210938,2.6843109130859375,2.6333389282226563,2.6920547485351563,0.1330718994140625,7.377082824707031,0.2019805908203125,0.2723388671875,0.17659759521484375,0.271392822265625,0.1815948486328125,0.26969146728515625,0.27658843994140625,0,237091.7689819336,239994.85614013672,0,34088599552,2147483648,8396234752,0
200,1787751369339,3500,3500,3500,3500,3500,3500,3500,3500,3500,3500,3500,3500,3500,3500,3500,3500,3500,3500,3500,3500,2.8030853271484375,0.40998077392578125,100,0.2652740478515625,0.46587371826171875,0.34136962890625,0.42079925537109375,0.381805419921875,0.3860931396484375,0.36669921875,0.40947723388671875,0.4156646728515625,3.029815673828125,0.4117279052734375,0.41635894775390625,0.4659271240234375,0.409332275390625,0.45186614990234375,0.496795654296875,0.4826812744140625,0,237100.66619873047,240001.61810302734,0,34088599552,2147483648,8396075008,0
200,1787751369539,3500,3500,3500,3500,3500,3500,3500,3500,3500,3500,3500,3500,3500,3500,3500,3500,3500,3500,3500,3500,2.0614089965820313,0.30698394775390625,55.87031936645508,0.1864166259765625,0.3203582763671875,2.8143081665039063,0.28861236572265625,0.32550048828125,0.29344940185546875,0.27313232421875,0.25041961669921875,2.8144073486328125,45.58620834350586,0.229400634765625,0.29524993896484375,0.31182098388671875,0.31182098388671875,0.33678436279296875,0.31401824951171875,2.8068161010742188,0,237109.2640991211,240008.10748291016,0,34088599552,2147483648,8395943936,0
200,1787751369739,3500,3500,3500,3500,3500,3500,3500,3500,3500,3500,3500,3500,3500,3500,3500,3500,3500,3500,3500,3500,4.82110595703125,2.7488632202148438,29.38323211669922,0.19797515869140625,0.30622100830078125,0.23081207275390625,2.9448471069335938,0.3018798828125,0.30138397216796875,0.3094635009765625,0.32263946533203125,0.17681884765625,76.07357788085938,0.1786651611328125,4.622581481933594,2.8456802368164063,0.43732452392578125,0.40009307861328125,0.30876922607421875,0.286163330078125,0,237117.3403930664,240014.05462646484,0,34088599552,2147483648,8396259328,0
200,1787751369939,3500,3500,3500,3500,3500,3500,3500,3500,3500,3500,3500,3500,3500,3500,3500,3500,3500,3500,3500,3500,4.7833099365234375,0.27301788330078125,2.384735107421875,2.7787246704101563,2.7613372802734375,0.32448577880859375,0.2796630859375,0.2477874755859375,0.44620513916015625,0.33408355712890625,0.33587646484375,0.3177947998046875,42.0430793762207,2.72296142578125,58.4815788269043,0.21535491943359375,2.868865966796875,2.9102859497070313,2.8267440795898438,0.279815673828125,0,237127.3455810547,240021.94873046875,0,34088599552,2147483648,8396521472,0
200,1787751370140,3500,3500,3500,3500,3500,3500,3500,3500,3500,3500,3500,3500,3500,3500,3500,3500,3500,3500,3500,3500,32.65031433105469,0.25217437744140625,34.16071319580078,0.2173614501953125,0.37267303466796875,0.43277740478515625,1.2129440307617188,2.88848876953125,2.8889312744140625,2.8682861328125,2.782501220703125,0.31751251220703125,4.1825714111328125,0.22005462646484375,36.771339416503906,0.2404022216796875,0.2845916748046875,0.3118743896484375,0.30364990234375,0.27541351318359375,0,237135.66693115234,240028.13500976563,0,34088599552,2147483648,8396652544,0
200,1787751370340,3500,3500,3500,3500,3500,3500,3500,3500,3500,3500,3500,3500,3500,3500,3500,3500,3500,3500,3500,3500,10.161109924316406,0.27323150634765625,87.12052917480469,0.1427764892578125,0.41660308837890625,0.4815826416015625,0.6525039672851563,0.36305999755859375,0.2901458740234375,0.2694854736328125,0.26459503173828125,0.2578582763671875,8.84002685546875,0.26214599609375,0.30956268310546875,0.29892730712890625,0.39244842529296875,0.3998870849609375,0.289398193359375,0.30921173095703125,0,237142.53350830078,240032.8910522461,0,34088599552,2147483648,8396652544,0
200,1787751370541,3500,3500,3500,3500,3500,3500,3500,3500,3500,3500,3500,3500,3500,3500,3500,3500,3500,3500,3500,3500,15.144638061523438,0.24622344970703125,60.123966217041016,0.15311431884765625,0.4034271240234375,2.9392852783203125,0.510406494140625,0.3971405029296875,0.23126220703125,0.24881744384765625,0.25106048583984375,2.7842788696289063,33.73577880859375,0.21390533447265625,0.5768814086914063,0.24822235107421875,0.36896514892578125,0.3762969970703125,0.260040283203125,0.270263671875,0,237150.6650390625,240038.86462402344,0,34088599552,2147483648,8396001280,0
200,1787751370741,3500,3500,3500,3500,3500,3500,3500,3500,3500,3500,3500,3500,3500,3500,3500,3500,3500,3500,3500,3500,2.1620330810546875,2.7595748901367188,33.40393829345703,0.23381805419921875,0.2484893798828125,0.26775360107421875,2.8711166381835938,0.28951263427734375,0.35748291015625,0.301788330078125,0.3184051513671875,0.3386688232421875,71.01455688476563,0.18355560302734375,2.8091812133789063,2.829742431640625,0.3679656982421875,0.3675689697265625,0.32863616943359375,2.86328125,0,237159.08795166016,240045.1762084961,0,34088599552,2147483648,8396001280,0
200,1787751370942,3500,3500,3500,3500,3500,3500,3500,3500,3500,3500,3500,3500,3500,3500,3500,3500,3500,3500,3500,3500,11.931198120117188,0.242401123046875,50.89606857299805,2.7036209106445313,3.0284042358398438,0.4158477783203125,0.48036956787109375,0.40741729736328125,0.33416748046875,0.41719818115234375,0.29753875732421875,0.309967041015625,7.220634460449219,2.8229293823242188,35.898590087890625,0.22658538818359375,2.824676513671875,2.8363494873046875,2.8190383911132813,0.324188232421875,0,237169.03491210938,240053.31579589844,0,34088599552,2147483648,8396001280,0
200,1787751371142,3500,3500,3500,3500,3500,3500,3500,3500,3500,3500,3500,3500,3500,3500,3500,3500,3500,3500,3500,3500,11.165641784667969,0.1970977783203125,43.35689926147461,0.17242431640625,0.41266632080078125,0.41156768798828125,0.5843429565429688,2.914337158203125,2.84393310546875,2.9337158203125,2.8397369384765625,0.338714599609375,19.025497436523438,0.20029449462890625,53.12943649291992,0.134979248046875,3.4183349609375,0.337066650390625,0.24298858642578125,0.29801177978515625,0,237179.50244140625,240061.56121826172,0,34088599552,2147483648,8395960320,0
200,1787751371342,3500,3500,3500,3500,3500,3500,3500,3500,3500,3500,3500,3500,3500,3500,3500,3500,3500,3500,3500,3500,35.31371307373047,0.25981903076171875,27.5157470703125,0.328643798828125,0.38358306884765625,0.45246124267578125,0.42498779296875,0.369049072265625,0.35291290283203125,0.29522705078125,0.387725830078125,0.33298492431640625,48.165321350097656,0.26116943359375,0.5498504638671875,0.3240966796875,0.5779190063476563,0.416595458984375,0.5041046142578125,0.43477630615234375,0,237190.4979248047,240070.17205810547,0,34088599552,2147483648,8396029952,0
200,1787751371542,3500,3500,3500,3500,3500,3500,3500,3500,3500,3500,3500,3500,3500,3500,3500,3500,3500,3500,3500,3500,41.06608963012695,0.23722076416015625,54.11011505126953,0.18000030517578125,0.24126434326171875,2.7954177856445313,0.24256134033203125,0.31396484375,0.22344207763671875,0.2110595703125,0.3482666015625,2.8330154418945313,8.485206604003906,0.3521575927734375,0.4282073974609375,0.43404388427734375,0.398345947265625,0.39844512939453125,0.36749267578125,0.39659881591796875,0,237199.10668945313,240076.658203125,0,34088599552,2147483648,8396025856,0
200,1787751371743,3500,3500,3500,3500,3500,3500,3500,3500,3500,3500,3500,3500,3500,3500,3500,3500,3500,3500,3500,3500,10.601203918457031,2.77398681640625,65.82887268066406,0.17299652099609375,0.2873382568359375,0.2610626220703125,3.077911376953125,0.264007568359375,0.288787841796875,0.25057220458984375,0.253570556640625,0.2632598876953125,29.931808471679688,0.29817962646484375,2.8504714965820313,2.8745956420898438,0.3874969482421875,0.3887481689453125,0.41457366943359375,2.9240036010742188,0,237207.32299804688,240082.76666259766,0,34088599552,2147483648,8396025856,0
200,1787751371943,3500,3500,3500,3500,3500,3500,3500,3500,3500,3500,3500,3500,3500,3500,3500,3500,3500,3500,3500,3500,6.793037414550781,0.21903228759765625,7.387359619140625,2.773956298828125,2.7730560302734375,0.24689483642578125,0.27031707763671875,0.1669464111328125,0.251495361328125,0.33129119873046875,0.2279205322265625,0.17638397216796875,56.64674377441406,2.7014923095703125,0.42368316650390625,0.36055755615234375,2.8889617919921875,2.8638458251953125,2.9157791137695313,0.360260009765625,0,237215.0947265625,240088.58374023438,0,34088599552,2147483648,8396222464,0
199,1787751372143,3500,3500,3500,3500,3500,3500,3500,3500,3500,3500,3500,3500,3500,3500,3500,3500,3500,3500,3500,3500,6.6994781494140625,0.2588958740234375,83.80078887939453,0.18723297119140625,0.27872467041015625,0.3513946533203125,0.37491607666015625,2.8363113403320313,2.8711166381835938,2.8899002075195313,0.43824005126953125,0.38884735107421875,0.29915618896484375,0.3199310302734375,0.34050750732421875,0.35149383544921875,0.42655181884765625,0.40163421630859375,0.431549072265625,0.39319610595703125,0,237224.25848388672,240095.5985107422,0,34088599552,2147483648,8396353536,0
200,1787751372343,3500,3500,3500,3500,3500,3500,3500,3500,3500,3500,3500,3500,3500,3500,3500,3500,3500,3500,3500,3500,4.336692810058594,0.30127716064453125,98.26950073242188,0.16373443603515625,0.3984375,0.5023956298828125,0.3813934326171875,0.5073928833007813,0.2893829345703125,0.2944793701171875,2.8676910400390625,0.33336639404296875,2.8611907958984375,0.320770263671875,0.32067108154296875,0.3026275634765625,0.405487060546875,0.38744354248046875,0.44347381591796875,0.41722869873046875,0,237233.58203125,240102.9053955078,0,34088599552,2147483648,8396353536,0
200,1787751372543,3500,3500,3500,3500,3500,3500,3500,3500,3500,3500,3500,3500,3500,3500,3500,3500,3500,3500,3500,3500,10.273704528808594,0.26770782470703125,92.89613342285156,0.1464691162109375,0.39093780517578125,2.9796905517578125,0.35950469970703125,0.4591522216796875,0.2865447998046875,0.21813201904296875,0.27864837646484375,2.781097412109375,0.28939056396484375,0.2756500244140625,0.37769317626953125,0.33332061767578125,0.29134368896484375,0.29373931884765625,0.393341064453125,0.38674163818359375,0,237242.8858642578,240110.17999267578,0,34088599552,2147483648,8396341248,0
200,1787751372743,3500,3500,3500,3500,3500,3500,3500,3500,3500,3500,3500,3500,3500,3500,3500,3500,3500,3500,3500,3500,4.4817047119140625,2.7457122802734375,81.72349548339844,0.13402557373046875,0.3709564208984375,0.4275054931640625,2.95172119140625,0.332489013671875,0.23663330078125,0.2961273193359375,0.26230621337890625,0.387542724609375,20.41931915283203,0.20571136474609375,2.8764419555664063,2.85955810546875,0.274749755859375,0.28743743896484375,0.46417236328125,2.9775466918945313,0,237252.73541259766,240118.03259277344,0,34088599552,2147483648,8396341248,0
200,1787751372944,3500,3500,3500,3500,3500,3500,3500,3500,3500,3500,3500,3500,3500,3500,3500,3500,3500,3500,3500,3500,9.75970458984375,0.250885009765625,6.775581359863281,2.8452529907226563,2.7660980224609375,0.291229248046875,0.2884368896484375,0.25867462158203125,0.3816680908203125,0.3765716552734375,0.3625946044921875,0.48748016357421875,14.217765808105469,2.774139404296875,0.43869781494140625,0.39640045166015625,2.7740402221679688,2.8497467041015625,3.0427474975585938,0.49547576904296875,0,237261.54345703125,240124.25775146484,0,34088599552,2147483648,8396345344,0
200,1787751373144,3500,3500,3500,3500,3500,3500,3500,3500,3500,3500,3500,3500,3500,3500,3500,3500,3500,3500,3500,3500,4.8751068115234375,0.27753448486328125,17.60472869873047,0.3067169189453125,0.27658843994140625,0.24237060546875,3.23199462890625,2.7996368408203125,3.0122756958007813,2.8435287475585938,0.353851318359375,0.359588623046875,0.29070281982421875,0.27618408203125,0.38661956787109375,0.38128662109375,0.28232574462890625,0.32108306884765625,0.31868743896484375,0.31439971923828125,0,237266.96014404297,240127.52319335938,0,34088599552,2147483648,8396591104,0
200,1787751373345,3500,3500,3500,3500,3500,3500,3500,3500,3500,3500,3500,3500,3500,3500,3500,3500,3500,3500,3500,3500,13.314590454101563,0.555511474609375,14.470001220703125,6.547996520996094,0.35082244873046875,0.4673309326171875,0.33551025390625,0.46298980712890625,0.2268829345703125,0.202392578125,2.7502288818359375,0.2339630126953125,6.8795166015625,0.22603607177734375,1.359954833984375,0.248382568359375,1.1221466064453125,0.33655548095703125,0.5871353149414063,0.26519012451171875,0,237274.86364746094,240133.27142333984,0,34088599552,2147483648,8396591104,0
199,1787751373545,3500,3500,3500,3500,3500,3500,3500,3500,3500,3500,3500,3500,3500,3500,3500,3500,3500,3500,3500,3500,3.4929428100585938,1.69775390625,0.25347900390625,12.939773559570313,0.42644500732421875,1.1613388061523438,0.4316864013671875,0.43193817138671875,0.37847900390625,0.3087921142578125,0.28802490234375,2.9650650024414063,0.35082244873046875,0.353118896484375,0.45305633544921875,0.4410247802734375,0.48180389404296875,0.45804595947265625,0.36090850830078125,0.36505126953125,0,237281.54296875,240137.82159423828,0,34088599552,2147483648,8396595200,0
200,1787751373745,3500,3500,3500,3500,3500,3500,3500,3500,3500,3500,3500,3500,3500,3500,3500,3500,3500,3500,3500,3500,3.3202743530273438,4.255897521972656,2.7606430053710938,12.535232543945313,0.30503082275390625,2.1454391479492188,0.4205322265625,0.237457275390625,0.31882476806640625,0.32756805419921875,0.21551513671875,0.28833770751953125,0.3303680419921875,0.2928314208984375,2.8457107543945313,2.875946044921875,0.30832672119140625,0.3011322021484375,0.31287384033203125,2.8085250854492188,0,237289.0887451172,240143.24487304688,0,34088599552,2147483648,8396734464,0
200,1787751373945,3500,3500,3500,3500,3500,3500,3500,3500,3500,3500,3500,3500,3500,3500,3500,3500,3500,3500,3500,3500,7.8252716064453125,1.7719802856445313,0.20070648193359375,15.108673095703125,2.7914962768554688,0.224365234375,2.7364425659179688,0.18703460693359375,0.18668365478515625,0.20050811767578125,0.29010772705078125,0.2259674072265625,0.25386810302734375,2.7646408081054688,0.2208709716796875,0.262603759765625,2.7908935546875,2.7638397216796875,2.7572555541992188,0.25850677490234375,0,237296.6591796875,240148.68731689453,0,34088599552,2147483648,8396865536,0
200,1787751374146,3500,3500,3500,3500,3500,3500,3500,3500,3500,3500,3500,3500,3500,3500,3500,3500,3500,3500,3500,3500,3.7721633911132813,1.602264404296875,0.27954864501953125,18.364059448242188,0.3434295654296875,0.33050537109375,0.30939483642578125,0.5463638305664063,2.8783187866210938,2.8096466064453125,0.3479766845703125,0.37567138671875,1.5896377563476563,0.35066986083984375,0.38620758056640625,0.3093414306640625,0.343231201171875,0.36040496826171875,0.33209991455078125,0.38111114501953125,0,237303.62103271484,240153.50915527344,0,34088599552,2147483648,8396992512,0
199,1787751374346,3500,3500,3500,3500,3500,3500,3500,3500,3500,3500,3500,3500,3500,3500,3500,3500,3500,3500,3500,3500,4.8011016845703125,1.2470321655273438,0.2076568603515625,11.543769836425781,0.20595550537109375,0.08989715576171875,0.21234893798828125,2.6613693237304688,0.25315093994140625,0.2451629638671875,2.7318878173828125,0.20505523681640625,6.812835693359375,0.14992523193359375,0.4370880126953125,0.2705841064453125,0.1809844970703125,0.20461273193359375,0.22423553466796875,0.24765777587890625,0,237311.6280517578,240159.38635253906,0,34088599552,2147483648,8397312000,0
200,1787751374546,3500,3500,3500,3500,3500,3500,3500,3500,3500,3500,3500,3500,3500,3500,3500,3500,3500,3500,3500,3500,10.7874755859375,1.5181503295898438,0.30759429931640625,17.4967041015625,0.41242218017578125,0.3446502685546875,0.369171142578125,0.40723419189453125,0.563201904296875,0.48644256591796875,0.50177001953125,3.0007476806640625,8.590354919433594,0.4034881591796875,4.734649658203125,0.36522674560546875,0.505767822265625,0.49303436279296875,0.437744140625,0.4124755859375,0,237318.49383544922,240164.10906982422,0,34088599552,2147483648,8397320192,0
200,1787751374747,3500,3500,3500,3500,3500,3500,3500,3500,3500,3500,3500,3500,3500,3500,3500,3500,3500,3500,3500,3500,4.009300231933594,3.8226318359375,2.7491073608398438,11.418807983398438,0.22403717041015625,2.7479629516601563,0.26505279541015625,0.2734832763671875,0.34308624267578125,0.4737701416015625,0.461395263671875,0.33211517333984375,3.004180908203125,0.2611083984375,2.96221923828125,2.7698135375976563,0.37128448486328125,0.36469268798828125,0.32253265380859375,2.862823486328125,0,237326.3197631836,240169.8055419922,0,34088599552,2147483648,8397582336,0
200,1787751374947,3500,3500,3500,3500,3500,3500,3500,3500,3500,3500,3500,3500,3500,3500,3500,3500,3500,3500,3500,3500,5.6163482666015625,1.3317337036132813,0.23313140869140625,11.0662841796875,0.396759033203125,0.314117431640625,2.8629684448242188,0.1985015869140625,0.33168792724609375,0.410980224609375,0.41297149658203125,0.32874298095703125,1.73382568359375,2.8297348022460938,0.3029937744140625,0.304840087890625,2.80767822265625,2.7993927001953125,2.8687515258789063,0.3242034912109375,0,237333.08618164063,240174.4521484375,0,34088599552,2147483648,8397656064,0
200,1787751375147,3500,3500,3500,3500,3500,3500,3500,3500,3500,3500,3500,3500,3500,3500,3500,3500,3500,3500,3500,3500,4.864021301269531,1.9171600341796875,0.28093719482421875,19.49939727783203,2.6019668579101563,0.28682708740234375,0.35137939453125,2.4338836669921875,0.7571487426757813,2.9216690063476563,0.33636474609375,0.31940460205078125,0.37972259521484375,0.31316375732421875,0.34444427490234375,0.3114166259765625,0.3446502685546875,0.3220977783203125,0.369293212890625,0.33092498779296875,0,237339.78875732422,240179.0161743164,0,34088599552,2147483648,8397922304,0
200,1787751375348,3500,3500,3500,3500,3500,3500,3500,3500,3500,3500,3500,3500,3500,3500,3500,3500,3500,3500,3500,3500,5.004249572753906,1.69561767578125,0.26434326171875,13.372955322265625,0.249725341796875,0.28794097900390625,0.27237701416015625,2.8120193481445313,2.89422607421875,0.34665679931640625,2.8850021362304688,0.41504669189453125,2.96826171875,0.4306182861328125,0.2839508056640625,0.294921875,0.3451080322265625,0.3762359619140625,0.28963470458984375,0.33333587646484375,0,237347.19598388672,240184.30627441406,0,34088599552,2147483648,8397930496,0
200,1787751375548,3500,3500,3500,3500,3500,3500,3500,3500,3500,3500,3500,3500,3500,3500,3500,3500,3500,3500,3500,3500,2.88946533203125,1.7520828247070313,0.206695556640625,13.405738830566406,0.2079925537109375,0.32418060302734375,0.232421875,0.34261322021484375,0.3487548828125,0.30625152587890625,0.30150604248046875,2.9714813232421875,0.3074951171875,0.30175018310546875,0.28387451171875,0.282073974609375,0.327178955078125,0.3304290771484375,0.365692138671875,0.38442230224609375,0,237355.59338378906,240190.5802001953,0,34088599552,2147483648,8398192640,0
199,1787751375749,3500,3500,3500,3500,3500,3500,3500,3500,3500,3500,3500,3500,3500,3500,3500,3500,3500,3500,3500,3500,5.756744384765625,4.073516845703125,2.7995376586914063,12.517227172851563,0.327301025390625,2.86273193359375,0.29776763916015625,0.8635330200195313,0.2708892822265625,0.28380584716796875,0.276824951171875,0.3299407958984375,1.6453170776367188,0.2757720947265625,2.79345703125,2.8073196411132813,0.32350921630859375,0.3635101318359375,0.38809967041015625,2.9101181030273438,0,237362.37573242188,240195.2338256836,0,34088599552,2147483648,8398336000,0
199,1787751375949,3500,3500,3500,3500,3500,3500,3500,3500,3500,3500,3500,3500,3500,3500,3500,3500,3500,3500,3500,3500,5.9779815673828125,1.4620285034179688,0.27062225341796875,9.511192321777344,0.473236083984375,0.36745452880859375,3.0044097900390625,0.46894073486328125,0.37799835205078125,0.37454986572265625,0.5208053588867188,0.40653228759765625,1.1812667846679688,2.8290252685546875,0.32833099365234375,0.30030059814453125,2.2038345336914063,2.8377151489257813,2.95843505859375,0.40258026123046875,0,237370.47521972656,240201.21704101563,0,34088599552,2147483648,8398544896,0
200,1787751376149,3500,3500,3500,3500,3500,3500,3500,3500,3500,3500,3500,3500,3500,3500,3500,3500,3500,3500,3500,3500,11.377159118652344,2.0045394897460938,0.265228271484375,26.25153350830078,3.0069046020507813,0.3397064208984375,0.34999847412109375,0.539794921875,0.34740447998046875,2.9138336181640625,0.42607879638671875,0.3267059326171875,1.6237945556640625,0.3023681640625,1.083892822265625,0.282867431640625,1.3769607543945313,0.2886199951171875,0.33150482177734375,0.3198089599609375,0,237378.04852294922,240206.63635253906,0,34088599552,2147483648,8398876672,0
200,1787751376349,3500,3500,3500,3500,3500,3500,3500,3500,3500,3500,3500,3500,3500,3500,3500,3500,3500,3500,3500,3500,1.0631561279296875,1.29931640625,0.282440185546875,9.815422058105469,0.3022613525390625,0.28163909912109375,0.27899932861328125,2.8482208251953125,2.7879562377929688,0.22906494140625,2.9077377319335938,0.1714019775390625,5.307258605957031,0.2705078125,0.6180572509765625,0.2677154541015625,1.4276275634765625,0.2809906005859375,0.25323486328125,0.28897857666015625,0,237386.25122070313,240212.73889160156,0,34088599552,2147483648,8399720448,0
200,1787751376549,3500,3500,3500,3500,3500,3500,3500,3500,3500,3500,3500,3500,3500,3500,3500,3500,3500,3500,3500,3500,4.39111328125,1.8863677978515625,0.2467193603515625,15.50555419921875,0.5024795532226563,0.5389251708984375,0.3799896240234375,0.35932159423828125,0.238433837890625,0.31851959228515625,0.310882568359375,2.784912109375,0.3200225830078125,0.28736114501953125,0.30089569091796875,0.31282806396484375,0.3189697265625,0.29290771484375,0.29116058349609375,0.32616424560546875,0,237394.3846435547,240218.75616455078,0,34088599552,2147483648,8401350656,0
200,1787751376750,3500,3500,3500,3500,3500,3500,3500,3500,3500,3500,3500,3500,3500,3500,3500,3500,3500,3500,3500,3500,3.0869293212890625,4.290550231933594,0.197235107421875,12.841720581054688,0.35663604736328125,2.9502334594726563,0.37041473388671875,0.31287384033203125,0.314666748046875,0.30059051513671875,0.246490478515625,0.28212738037109375,0.5761795043945313,0.3092803955078125,2.83599853515625,2.7909774780273438,0.2868194580078125,0.279083251953125,0.34311676025390625,2.881866455078125,0,237402.2021484375,240224.91638183594,0,34088599552,2147483648,8402862080,0
200,1787751376951,3500,3500,3500,3500,3500,3500,3500,3500,3500,3500,3500,3500,3500,3500,3500,3500,3500,3500,3500,3500,7.694892883300781,1.0144729614257813,2.4270248413085938,10.239334106445313,0.078857421875,0.09009552001953125,2.6520156860351563,0.11721038818359375,0.17055511474609375,0.10932159423828125,0.08969879150390625,0.177642822265625,5.0611572265625,2.5005874633789063,0,0,0,2.490447998046875,2.5547256469726563,0.03356170654296875,0,237410.7520751953,240230.84790039063,0,34088599552,2147483648,8405295104,0
200,1787751377151,3500,3500,3500,3500,3500,3500,3500,3500,3500,3500,3500,3500,3500,3500,3500,3500,3500,3500,3500,3500,8.045516967773438,1.35028076171875,0.5695419311523438,15.058380126953125,3.31170654296875,0.799407958984375,0.8065261840820313,0.9206619262695313,0.8540573120117188,3.3176803588867188,0.7598342895507813,0.7954254150390625,10.110931396484375,0.6633148193359375,0.7839279174804688,0.636932373046875,3.198516845703125,0.7103042602539063,0.6907958984375,0.7039337158203125,0,237417.88647460938,240235.86590576172,0,34088599552,2147483648,8412581888,0
200,1787751377351,3500,3500,3500,3500,3500,3500,3500,3500,3500,3500,3500,3500,3500,3500,3500,3500,3500,3500,3500,3500,3.346435546875,0.9854583740234375,0.2545318603515625,10.300979614257813,0.37039947509765625,0.469512939453125,0.41768646240234375,2.9790267944335938,2.8464508056640625,0.353240966796875,2.9532394409179688,0.28430938720703125,10.330108642578125,0.2702484130859375,0.30451202392578125,0.29244232177734375,0.34770965576171875,0.35852813720703125,0.3164825439453125,0.3145904541015625,0,237425.16290283203,240241.01806640625,0,34088599552,2147483648,8414453760,0
200,1787751377552,3500,3500,3500,3500,3500,3500,3500,3500,3500,3500,3500,3500,3500,3500,3500,3500,3500,3500,3500,3500,4.94921875,1.6616744995117188,0.2358551025390625,15.185142517089844,0.40677642822265625,0.5016326904296875,0.40233612060546875,0.418212890625,0.263580322265625,0.2232208251953125,0.2757110595703125,2.8487930297851563,1.3034439086914063,0.2906951904296875,0.306732177734375,0.3363494873046875,0.40457916259765625,0.3947906494140625,0.3193206787109375,0.31447601318359375,0,237432.6322631836,240246.3448486328,0,34088599552,2147483648,8414851072,0
199,1787751377752,3500,3500,3500,3500,3500,3500,3500,3500,3500,3500,3500,3500,3500,3500,3500,3500,3500,3500,3500,3500,12.219192504882813,1.146392822265625,0.23748779296875,15.2078857421875,0.3261260986328125,2.8406448364257813,0.2931060791015625,0.7368621826171875,0.2641754150390625,0.2923126220703125,0.29520416259765625,0.33800506591796875,7.3421630859375,0.27759552001953125,4.343994140625,2.820037841796875,0.53314208984375,0.40290069580078125,0.30852508544921875,2.8654861450195313,0,237439.7996826172,240251.38983154297,0,34088599552,2147483648,8415256576,0
200,1787751377952,3500,3500,3500,3500,3500,3500,3500,3500,3500,3500,3500,3500,3500,3500,3500,3500,3500,3500,3500,3500,2.5247802734375,4.10406494140625,2.7707901000976563,12.725440979003906,0.2998504638671875,0.26215362548828125,2.7299957275390625,0.25006103515625,0.32294464111328125,0.33074188232421875,0.2220611572265625,0.2993011474609375,1.0688247680664063,2.7981338500976563,0.48926544189453125,0.29615020751953125,0.3995361328125,2.839324951171875,2.939910888671875,0.41287994384765625,0,237447.7045288086,240257.17236328125,0,34088599552,2147483648,8416026624,0
200,1787751378152,3500,3500,3500,3500,3500,3500,3500,3500,3500,3500,3500,3500,3500,3500,3500,3500,3500,3500,3500,3500,7.426521301269531,1.5301513671875,0.25193023681640625,17.12140655517578,2.8411712646484375,0.22661590576171875,0.35433197021484375,4.005302429199219,0.3015594482421875,2.7860031127929688,0.33670806884765625,0.30315399169921875,3.96661376953125,0.30080413818359375,0.3878326416015625,0.30120849609375,2.8521499633789063,0.3156890869140625,0.5539321899414063,0.543701171875,0,237455.0941772461,240262.42150878906,0,34088599552,2147483648,8416145408,0
199,1787751378353,3500,3500,3500,3500,3500,3500,3500,3500,3500,3500,3500,3500,3500,3500,3500,3500,3500,3500,3500,3500,2.7120208740234375,1.3666763305664063,0.24402618408203125,10.911880493164063,0.3333892822265625,0.286529541015625,0.335784912109375,2.8380584716796875,2.7578811645507813,0.2808380126953125,2.7156219482421875,0.24002838134765625,5.348716735839844,0.2595062255859375,0.25616455078125,0.28673553466796875,0.2771453857421875,0.3391876220703125,0.5161209106445313,0.49604034423828125,0,237461.4473876953,240266.66241455078,0,34088599552,2147483648,8416276480,0
200,1787751378553,3500,3500,3500,3500,3500,3500,3500,3500,3500,3500,3500,3500,3500,3500,3500,3500,3500,3500,3500,3500,1.9894790649414063,1.6122207641601563,0.2078704833984375,9.606971740722656,0.42113494873046875,0.330322265625,0.3698577880859375,2.8169097900390625,0.39389801025390625,0.29048919677734375,0.2689971923828125,2.8020095825195313,0.6369552612304688,0.28958892822265625,0.2794952392578125,0.2557525634765625,0.2949371337890625,0.3125762939453125,0.5044021606445313,0.4910125732421875,0,237467.51947021484,240270.61547851563,0,34088599552,2147483648,8416677888,0
199,1787751378753,3500,3500,3500,3500,3500,3500,3500,3500,3500,3500,3500,3500,3500,3500,3500,3500,3500,3500,3500,3500,6.256752014160156,1.8607177734375,0.2938232421875,11.040138244628906,0.49027252197265625,3.0076751708984375,0.40801239013671875,0.44287872314453125,0.31732177734375,0.35552978515625,0.336578369140625,0.32889556884765625,0.31512451171875,0.369598388671875,2.845947265625,2.839263916015625,0.40761566162109375,0.28778839111328125,0.49990081787109375,3.0079269409179688,0,237473.5121459961,240274.48358154297,0,34088599552,2147483648,8416743424,0
200,1787751378953,3500,3500,3500,3500,3500,3500,3500,3500,3500,3500,3500,3500,3500,3500,3500,3500,3500,3500,3500,3500,5.9552001953125,4.174072265625,2.7404022216796875,11.721168518066406,0.46729278564453125,0.47814178466796875,2.8962860107421875,0.405548095703125,0.2974090576171875,0.30176544189453125,0.27386474609375,0.27701568603515625,0.297760009765625,0.33885955810546875,0.310760498046875,0.2939605712890625,0.42839813232421875,2.9116287231445313,2.85418701171875,0.263519287109375,0,237481.93786621094,240280.8023071289,0,34088599552,2147483648,8416743424,0
200,1787751379153,3500,3500,3500,3500,3500,3500,3500,3500,3500,3500,3500,3500,3500,3500,3500,3500,3500,3500,3500,3500,7.139640808105469,1.390960693359375,0.19708251953125,12.862770080566406,2.9970169067382813,0.4607086181640625,0.3842315673828125,1.3934555053710938,0.8891677856445313,2.8197555541992188,0.23777008056640625,0.213409423828125,3.3515472412109375,2.7866058349609375,0.278350830078125,0.2667236328125,2.9510955810546875,0.41562652587890625,0.258880615234375,0.2710113525390625,0,237490.16973876953,240286.90496826172,0,34088599552,2147483648,8416739328,0
200,1787751379354,3500,3500,3500,3500,3500,3500,3500,3500,3500,3500,3500,3500,3500,3500,3500,3500,3500,3500,3500,3500,3.3689651489257813,1.1275482177734375,0,9.963951110839844,0.14884185791015625,0.120819091796875,0.05654144287109375,2.6090774536132813,2.4725189208984375,0,2.5169219970703125,0,5.203559875488281,0,0.4025726318359375,0.0341644287109375,0.22615814208984375,0.21521759033203125,0,0.0054931640625,0,237497.98748779297,240292.58935546875,0,34088599552,2147483648,8416792576,0
200,1787751379555,3500,3500,3500,3500,3500,3500,3500,3500,3500,3500,3500,3500,3500,3500,3500,3500,3500,3500,3500,3500,0.8740692138671875,1.9956512451171875,0.5770187377929688,15.224494934082031,0.7856063842773438,0.648406982421875,0.6739425659179688,0.6940078735351563,0.5138473510742188,0.6498489379882813,0.6199798583984375,3.1281814575195313,0.6701583862304688,0.6490554809570313,0.7268142700195313,0.7248687744140625,0.8709793090820313,0.8562469482421875,0.6422348022460938,0.6615524291992188,0,237504.4349975586,240296.9234008789,0,34088599552,2147483648,8416989184,0
200,1787751379755,3500,3500,3500,3500,3500,3500,3500,3500,3500,3500,3500,3500,3500,3500,3500,3500,3500,3500,3500,3500,9.906532287597656,1.3523483276367188,0.10326385498046875,13.871047973632813,0.1264190673828125,2.6603240966796875,0.1839141845703125,0.18106842041015625,0.1638031005859375,0.17478179931640625,0.1497802734375,0.2121124267578125,7.644584655761719,0.2081756591796875,4.877601623535156,2.7221145629882813,0.47454071044921875,0.412200927734375,0.2255401611328125,2.7748641967773438,0,237511.94384765625,240302.28839111328,0,34088599552,2147483648,8417124352,0
200,1787751379956,3500,3500,3500,3500,3500,3500,3500,3500,3500,3500,3500,3500,3500,3500,3500,3500,3500,3500,3500,3500,1.4853515625,4.251373291015625,2.86248779296875,10.42254638671875,0.4179534912109375,0.3568115234375,2.8807220458984375,0.3914947509765625,0.425323486328125,0.4042510986328125,0.34316253662109375,0.45612335205078125,0.41262054443359375,0.40948486328125,0.437835693359375,0.43793487548828125,0.6483535766601563,1.5064849853515625,2.9338836669921875,0.39403533935546875,0,237519.1915283203,240307.42028808594,0,34088599552,2147483648,8417390592,0
200,1787751380156,3500,3500,3500,3500,3500,3500,3500,3500,3500,3500,3500,3500,3500,3500,3500,3500,3500,3500,3500,3500,13.582962036132813,1.8744354248046875,0.20609283447265625,24.05217742919922,2.74188232421875,0.28308868408203125,0.37401580810546875,0.488677978515625,0.36248016357421875,0.44940948486328125,0.37591552734375,0.3521881103515625,0.30181884765625,2.8711395263671875,0.3766632080078125,0.33104705810546875,2.931243896484375,1.9836578369140625,0.3005218505859375,0.30487060546875,0,237526.86004638672,240312.96685791016,0,34088599552,2147483648,8417718272,0
200,1787751380356,3500,3500,3500,3500,3500,3500,3500,3500,3500,3500,3500,3500,3500,3500,3500,3500,3500,3500,3500,3500,2.5537643432617188,1.150787353515625,0.231231689453125,45.678016662597656,0.4423675537109375,0.41168212890625,0.55865478515625,3.0441741943359375,2.8971023559570313,2.7482376098632813,2.9058380126953125,0.3418426513671875,4.24749755859375,0.3746185302734375,55.09142303466797,0.267059326171875,0.43358612060546875,0.41567230224609375,0.3609466552734375,0.34033966064453125,0,237536.4786376953,240320.46838378906,0,34088599552,2147483648,8417718272,0
200,1787751380557,3500,3500,3500,3500,3500,3500,3500,3500,3500,3500,3500,3500,3500,3500,3500,3500,3500,3500,3500,3500,10.109970092773438,1.70098876953125,0.23938751220703125,59.76611328125,0.4416961669921875,0.417449951171875,0.573211669921875,0.5131912231445313,0.42009735107421875,0.45337677001953125,0.361572265625,0.3922576904296875,25.83759307861328,0.30279541015625,8.091270446777344,0.30853271484375,0.43306732177734375,0.4097137451171875,0.3246002197265625,0.31287384033203125,0,237545.2728881836,240327.15301513672,0,34088599552,2147483648,8417918976,0
200,1787751380757,3500,3500,3500,3500,3500,3500,3500,3500,3500,3500,3500,3500,3500,3500,3500,3500,3500,3500,3500,3500,30.359619140625,0.5773162841796875,0.17903900146484375,36.95405197143555,0.49530029296875,2.7734756469726563,0.2408905029296875,11.79669189453125,3.2907333374023438,0.5069732666015625,0.526580810546875,2.9102096557617188,86.62860107421875,0.15404510498046875,63.23251724243164,2.709228515625,25.56671142578125,0.2384490966796875,18.464752197265625,2.7698898315429688,0,237558.46173095703,240338.51934814453,0,34088599552,2147483648,8450699264,0
200,1787751380957,3500,3500,3500,3500,3500,3500,3500,3500,3500,3500,3500,3500,3500,3500,3500,3500,3500,3500,3500,3500,35.060638427734375,2.8372726440429688,2.8284378051757813,64.7103271484375,0.5419845581054688,0.34300994873046875,2.8687896728515625,0.6878662109375,0.4738616943359375,0.31324005126953125,0.3648834228515625,0.3650360107421875,75.13546752929688,0.2324371337890625,71.90829467773438,0.1975250244140625,41.80551528930664,0.28397369384765625,39.01179504394531,0.32158660888671875,0,237573.34893798828,240351.5340576172,0,34088599552,2147483648,8463532032,0
200,1787751381158,3500,3500,3500,3500,3500,3500,3500,3500,3500,3500,3500,3500,3500,3500,3500,3500,3500,3500,3500,3500,29.522926330566406,0.2782440185546875,0.255340576171875,47.77220153808594,2.8751373291015625,0.33258819580078125,0.365570068359375,5.012138366699219,16.3599853515625,0.2942657470703125,0.29311370849609375,0.29286956787109375,87.99381256103516,2.6710433959960938,38.93486785888672,0.2402191162109375,26.398880004882813,2.8378067016601563,21.094970703125,0.28289031982421875,0,237588.54077148438,240363.81915283203,0,34088599552,2147483648,8435286016,0
199,1787751381358,3500,3500,3500,3500,3500,3500,3500,3500,3500,3500,3500,3500,3500,3500,3500,3500,3500,3500,3500,3500,9.402046203613281,0.6017379760742188,0.26132965087890625,23.748016357421875,0.31040191650390625,0.31185150146484375,0.2244873046875,2.8250274658203125,61.7144660949707,2.718994140625,2.7270355224609375,0.22613525390625,72.31243896484375,0.15894317626953125,0.35173797607421875,0.32457733154296875,0.48023223876953125,0.4073944091796875,0.29532623291015625,0.3152923583984375,0,237597.8455810547,240370.99548339844,0,34088599552,2147483648,8435027968,0
200,1787751381558,3500,3500,3500,3500,3500,3500,3500,3500,3500,3500,3500,3500,3500,3500,3500,3500,3500,3500,3500,3500,25.61193084716797,1.7023468017578125,0.200225830078125,48.72221374511719,0.29683685302734375,0.24965667724609375,0.27689361572265625,0.353668212890625,0.26070404052734375,0.27899169921875,0.27019500732421875,0.24805450439453125,14.517059326171875,0.31047821044921875,15.913078308105469,0.25205230712890625,0.39409637451171875,0.41838836669921875,0.29698944091796875,0.287841796875,0,237605.76373291016,240376.7769165039,0,34088599552,2147483648,8434343936,0
200,1787751381759,3500,3500,3500,3500,3500,3500,3500,3500,3500,3500,3500,3500,3500,3500,3500,3500,3500,3500,3500,3500,27.10455322265625,1.613006591796875,0.15007781982421875,78.49304962158203,0.27312469482421875,2.788299560546875,0.2427520751953125,0.8216705322265625,0.28464508056640625,0.20554351806640625,0.28973388671875,2.8175811767578125,1.7421875,0.3610076904296875,2.8106460571289063,0.28589630126953125,0.388885498046875,0.39751434326171875,0.29616546630859375,2.8202743530273438,0,237614.76336669922,240383.6498413086,0,34088599552,2147483648,8434106368,0
200,1787751381959,3500,3500,3500,3500,3500,3500,3500,3500,3500,3500,3500,3500,3500,3500,3500,3500,3500,3500,3500,3500,24.40343475341797,3.82794189453125,2.7872848510742188,10.784049987792969,0.2347412109375,0.2973175048828125,2.838134765625,0.26552581787109375,0.3529052734375,0.3048553466796875,0.2242584228515625,0.24736785888671875,67.59970092773438,0.21048736572265625,0.32955169677734375,2.8203201293945313,0.3442230224609375,0.40091705322265625,2.8302001953125,0.30849456787109375,0,237623.97064208984,240390.7335205078,0,34088599552,2147483648,8434057216,0
199,1787751382159,3500,3500,3500,3500,3500,3500,3500,3500,3500,3500,3500,3500,3500,3500,3500,3500,3500,3500,3500,3500,8.230033874511719,1.1346969604492188,0.11063385009765625,67.8917236328125,2.830291748046875,0.37896728515625,0.34358978271484375,0.6751327514648438,0.31255340576171875,0.27672576904296875,0.231658935546875,0.21446990966796875,19.332176208496094,2.7225570678710938,9.890899658203125,0.2962646484375,10.710235595703125,2.8184432983398438,0.4359283447265625,0.2640380859375,0,237631.9273071289,240396.56646728516,0,34088599552,2147483648,8432562176,0
199,1787751382359,3500,3500,3500,3500,3500,3500,3500,3500,3500,3500,3500,3500,3500,3500,3500,3500,3500,3500,3500,3500,3.5984344482421875,1.3059921264648438,0.24097442626953125,16.302406311035156,0.461669921875,0.41448974609375,0.4644622802734375,2.9332656860351563,2.806732177734375,2.7723007202148438,2.7564544677734375,0.3279876708984375,19.73847198486328,0.25072479248046875,70.50975799560547,0.18750762939453125,0.38515472412109375,0.41309356689453125,0.2904052734375,0.31539154052734375,0,237641.98217773438,240404.4868774414,0,34088599552,2147483648,8432590848,0
199,1787751382559,3500,3500,3500,3500,3500,3500,3500,3500,3500,3500,3500,3500,3500,3500,3500,3500,3500,3500,3500,3500,10.947280883789063,1.6590423583984375,0.147857666015625,88.60319519042969,0.2659759521484375,0.298065185546875,0.3531494140625,0.2728729248046875,0.31606292724609375,0.33885955810546875,0.4163360595703125,0.37110137939453125,3.6420974731445313,0.3895416259765625,0.3277130126953125,0.32961273193359375,0.33050537109375,0.33185577392578125,0.3060150146484375,0.3054656982421875,0,237649.6962890625,240410.08770751953,0,34088599552,2147483648,8432713728,0
200,1787751382759,3500,3500,3500,3500,3500,3500,3500,3500,3500,3500,3500,3500,3500,3500,3500,3500,3500,3500,3500,3500,18.25812530517578,1.33856201171875,0.1104888916015625,84.23475646972656,0.25738525390625,2.7440185546875,0.27863311767578125,0.213287353515625,0.32183074951171875,0.24903106689453125,0.249237060546875,2.7811126708984375,1.2844619750976563,0.31533050537109375,2.9145584106445313,0.230987548828125,0.28282928466796875,0.23743438720703125,0.2398834228515625,2.7920150756835938,0,237659.7462158203,240418.0147705078,0,34088599552,2147483648,8432500736,0
200,1787751382960,3500,3500,3500,3500,3500,3500,3500,3500,3500,3500,3500,3500,3500,3500,3500,3500,3500,3500,3500,3500,9.47698974609375,3.8373565673828125,2.685211181640625,65.30551147460938,0.310821533203125,0.21303558349609375,2.8050003051757813,0.25504302978515625,0.462890625,0.2767486572265625,0.31092071533203125,0.31386566162109375,24.333175659179688,0.26058197021484375,8.079574584960938,2.7824020385742188,0.29595947265625,0.2798919677734375,2.8315887451171875,0.26262664794921875,0,237670.1981201172,240426.3226928711,0,34088599552,2147483648,8432513024,0
200,1787751383160,3500,3500,3500,3500,3500,3500,3500,3500,3500,3500,3500,3500,3500,3500,3500,3500,3500,3500,3500,3500,10.651054382324219,1.1644134521484375,0.17858123779296875,70.4955062866211,2.9113311767578125,0.30800628662109375,0.24648284912109375,0.3872222900390625,0.2844696044921875,0.265228271484375,0.3214111328125,0.273406982421875,2.2277145385742188,2.861419677734375,0.4150390625,0.296783447265625,34.194740295410156,2.7566299438476563,0.29624176025390625,0.3236083984375,0,237679.44848632813,240433.45013427734,0,34088599552,2147483648,8432513024,0
200,1787751383361,3500,3500,3500,3500,3500,3500,3500,3500,3500,3500,3500,3500,3500,3500,3500,3500,3500,3500,3500,3500,12.694259643554688,1.6387786865234375,0.159912109375,92.51507568359375,0.286956787109375,0.25792694091796875,0.32476043701171875,2.8304443359375,2.8501510620117188,2.8097000122070313,2.7828598022460938,0.22844696044921875,3.2386550903320313,0.2867584228515625,0.5172958374023438,0.3081512451171875,0.3242645263671875,0.32067108154296875,0.2957305908203125,0.3394775390625,0,237689.11401367188,240440.99224853516,0,34088599552,2147483648,8432496640,0
200,1787751383561,3500,3500,3500,3500,3500,3500,3500,3500,3500,3500,3500,3500,3500,3500,3500,3500,3500,3500,3500,3500,2.3006134033203125,1.4553298950195313,0.16959381103515625,80.18174743652344,0.39129638671875,0.43375396728515625,0.3852996826171875,0.40073394775390625,0.29143524169921875,0.20731353759765625,0.31516265869140625,0.3434906005859375,20.948226928710938,0.261962890625,0.31331634521484375,0.318359375,0.34923553466796875,0.30567169189453125,0.31456756591796875,0.335296630859375,0,237697.03283691406,240446.78869628906,0,34088599552,2147483648,8432615424,0
200,1787751383761,3500,3500,3500,3500,3500,3500,3500,3500,3500,3500,3500,3500,3500,3500,3500,3500,3500,3500,3500,3500,4.286712646484375,1.2516708374023438,0.174774169921875,5.373435974121094,0.38741302490234375,2.94097900390625,0.33678436279296875,0.40691375732421875,0.221466064453125,0.1631011962890625,0.16425323486328125,2.7097854614257813,80.78404998779297,0.09841156005859375,19.980743408203125,0.1973724365234375,0.23548126220703125,0.2256011962890625,0.22859954833984375,2.7354202270507813,0,237707.82391357422,240455.4525756836,0,34088599552,2147483648,8432685056,0
200,1787751383962,3500,3500,3500,3500,3500,3500,3500,3500,3500,3500,3500,3500,3500,3500,3500,3500,3500,3500,3500,3500,1.78057861328125,3.8197174072265625,2.808807373046875,1.0357666015625,0.404754638671875,0.46579742431640625,2.905242919921875,0.6904067993164063,0.6215286254882813,0.35997772216796875,0.314208984375,0.35019683837890625,30.79590606689453,0.39476776123046875,70.1114273071289,2.7582931518554688,0.4073486328125,0.40006256103515625,0.38243865966796875,0.32129669189453125,0,237716.40209960938,240461.89819335938,0,34088599552,2147483648,8432685056,0
200,1787751384162,3500,3500,3500,3500,3500,3500,3500,3500,3500,3500,3500,3500,3500,3500,3500,3500,3500,3500,3500,3500,11.407379150390625,1.1904525756835938,0.22039794921875,41.20503234863281,2.7842483520507813,0.2868499755859375,0.25424957275390625,0.4839324951171875,0.21465301513671875,0.25829315185546875,0.28235626220703125,0.2959442138671875,27.24298858642578,2.7628326416015625,0.9039535522460938,0.3147125244140625,34.370330810546875,2.76727294921875,2.9129714965820313,0.3372802734375,0,237724.77734375,240468.1396484375,0,34088599552,2147483648,8432685056,0
200,1787751384363,3500,3500,3500,3500,3500,3500,3500,3500,3500,3500,3500,3500,3500,3500,3500,3500,3500,3500,3500,3500,29.144371032714844,1.374755859375,0.31170654296875,17.15070343017578,0.34223175048828125,0.357696533203125,0.3419342041015625,2.916961669921875,2.8103179931640625,2.8475265502929688,2.8628387451171875,0.4188995361328125,59.99150848388672,0.24321746826171875,0.47515869140625,0.37375640869140625,0.3442230224609375,0.34881591796875,0.46797943115234375,0.45410919189453125,0,237733.15844726563,240474.4087524414,0,34088599552,2147483648,8432685056,0
200,1787751384563,3500,3500,3500,3500,3500,3500,3500,3500,3500,3500,3500,3500,3500,3500,3500,3500,3500,3500,3500,3500,17.43756103515625,1.285736083984375,0.18304443359375,67.10086059570313,0.23647308349609375,0.29479217529296875,0.23183441162109375,0.31005859375,0.4605255126953125,0.38549041748046875,0.48766326904296875,0.47015380859375,14.607627868652344,0.26555633544921875,8.056182861328125,0.2884063720703125,0.2589263916015625,0.3321075439453125,0.39402008056640625,0.3789520263671875,0,237741.61492919922,240480.7264404297,0,34088599552,2147483648,8432816128,0
200,1787751384763,3500,3500,3500,3500,3500,3500,3500,3500,3500,3500,3500,3500,3500,3500,3500,3500,3500,3500,3500,3500,2.3794326782226563,1.7639083862304688,0.17655181884765625,100,0.371917724609375,2.8336639404296875,0.27687835693359375,0.37715911865234375,0.445404052734375,0.4253997802734375,0.48476409912109375,2.9863204956054688,0.4827728271484375,0.3498687744140625,1.452056884765625,0.33335113525390625,0.34592437744140625,0.3419342041015625,0.4513397216796875,2.942169189453125,0,237750.5743408203,240487.55822753906,0,34088599552,2147483648,8432799744,0
199,1787751384964,3500,3500,3500,3500,3500,3500,3500,3500,3500,3500,3500,3500,3500,3500,3500,3500,3500,3500,3500,3500,9.777374267578125,4.142601013183594,2.660003662109375,77.378173828125,0.2498931884765625,0.28033447265625,2.748077392578125,0.34085845947265625,0.3737945556640625,0.3265380859375,0.4410552978515625,0.33232879638671875,15.798309326171875,0.2850189208984375,1.684234619140625,2.7879486083984375,0.27803802490234375,0.28267669677734375,0.4859619140625,0.5013809204101563,0,237758.72784423828,240493.58459472656,0,34088599552,2147483648,8432799744,0
200,1787751385164,3500,3500,3500,3500,3500,3500,3500,3500,3500,3500,3500,3500,3500,3500,3500,3500,3500,3500,3500,3500,21.034637451171875,0.9169235229492188,0.16301727294921875,70.76286315917969,2.8528900146484375,0.256103515625,0.29694366455078125,0.3365325927734375,0.5246963500976563,0.34197998046875,0.306640625,0.32413482666015625,25.361488342285156,2.7813034057617188,6.98828125,0.2593994140625,12.725715637207031,2.8203506469726563,5.148292541503906,0.47595977783203125,0,237768.96899414063,240501.6707763672,0,34088599552,2147483648,8432803840,0
200,1787751385364,3500,3500,3500,3500,3500,3500,3500,3500,3500,3500,3500,3500,3500,3500,3500,3500,3500,3500,3500,3500,2.27587890625,1.5620574951171875,0.2774505615234375,23.40135955810547,0.2281036376953125,0.3050689697265625,0.27680206298828125,2.7870254516601563,2.9336700439453125,2.9755706787109375,2.8873138427734375,0.33748626708984375,0.5050048828125,0.29567718505859375,0.312164306640625,0.29697418212890625,0.7720108032226563,0.3001708984375,77.60444641113281,0.1778106689453125,0,237776.5629272461,240507.14428710938,0,34088599552,2147483648,8432803840,0
200,1787751385564,3500,3500,3500,3500,3500,3500,3500,3500,3500,3500,3500,3500,3500,3500,3500,3500,3500,3500,3500,3500,18.480690002441406,1.5139312744140625,0.140869140625,83.99459075927734,0.35866546630859375,0.2494659423828125,0.27019500732421875,0.5896987915039063,0.44882965087890625,0.47635650634765625,0.4919891357421875,0.42510223388671875,3.8703231811523438,0.29647064208984375,0.343780517578125,0.30007171630859375,0.30176544189453125,0.3578643798828125,0.3314361572265625,0.3098602294921875,0,237784.9659423828,240513.42651367188,0,34088599552,2147483648,8432910336,0
200,1787751385765,3500,3500,3500,3500,3500,3500,3500,3500,3500,3500,3500,3500,3500,3500,3500,3500,3500,3500,3500,3500,2.1569290161132813,1.6598358154296875,0.1247711181640625,100,0.23715972900390625,2.79986572265625,0.31170654296875,0.27850341796875,0.3399658203125,0.39049530029296875,0.433380126953125,2.9787063598632813,0.3902435302734375,0.29218292236328125,0.27710723876953125,0.31165313720703125,0.4588470458984375,0.47177886962890625,0.30731201171875,2.8205337524414063,0,237793.9458618164,240520.2869873047,0,34088599552,2147483648,8432910336,0
199,1787751385965,3500,3500,3500,3500,3500,3500,3500,3500,3500,3500,3500,3500,3500,3500,3500,3500,3500,3500,3500,3500,10.603164672851563,3.8448410034179688,2.6658096313476563,46.88759231567383,0.2473297119140625,0.227752685546875,2.7598419189453125,0.7854385375976563,0.36553192138671875,0.47718048095703125,0.48027801513671875,0.43997955322265625,24.581825256347656,0.2330474853515625,26.530609130859375,2.7497024536132813,0.4984588623046875,0.5040512084960938,0.26445770263671875,0.29557037353515625,0,237803.24786376953,240527.67694091797,0,34088599552,2147483648,8432910336,0
200,1787751386165,3500,3500,3500,3500,3500,3500,3500,3500,3500,3500,3500,3500,3500,3500,3500,3500,3500,3500,3500,3500,10.504745483398438,1.5714645385742188,0.14356231689453125,72.90979766845703,2.8413543701171875,0.2722320556640625,0.28302764892578125,0.41880035400390625,0.37665557861328125,0.47948455810546875,0.47338104248046875,0.40000152587890625,20.720703125,2.752532958984375,0.515228271484375,0.34856414794921875,10.842056274414063,2.9307861328125,2.8157119750976563,0.272186279296875,0,237814.06732177734,240536.65563964844,0,34088599552,2147483648,8432898048,0
200,1787751386365,3500,3500,3500,3500,3500,3500,3500,3500,3500,3500,3500,3500,3500,3500,3500,3500,3500,3500,3500,3500,3.0558395385742188,1.5851898193359375,0.24889373779296875,47.07753372192383,0.21785736083984375,0.32122802734375,0.3049163818359375,2.8784408569335938,2.90802001953125,2.9802093505859375,2.98126220703125,0.354156494140625,23.271217346191406,0.2901458740234375,31.182960510253906,0.2407073974609375,0.33614349365234375,0.2895965576171875,0.28740692138671875,0.32572174072265625,0,237824.4859008789,240544.52337646484,0,34088599552,2147483648,8432898048,0
200,1787751386566,3500,3500,3500,3500,3500,3500,3500,3500,3500,3500,3500,3500,3500,3500,3500,3500,3500,3500,3500,3500,2.8091278076171875,1.73284912109375,0.12476348876953125,95.60619354248047,0.40723419189453125,0.41881561279296875,0.4080810546875,0.5376434326171875,0.48523712158203125,0.48503875732421875,0.445465087890625,0.3649139404296875,7.7812957763671875,0.280670166015625,0.61993408203125,0.28511810302734375,0.36296844482421875,0.33606719970703125,0.37514495849609375,0.395904541015625,0,237833.17352294922,240551.03094482422,0,34088599552,2147483648,8433025024,0
199,1787751386766,3500,3500,3500,3500,3500,3500,3500,3500,3500,3500,3500,3500,3500,3500,3500,3500,3500,3500,3500,3500,5.4991912841796875,1.4604263305664063,0.14642333984375,75.28231048583984,0.18325042724609375,2.832305908203125,0.24077606201171875,0.33382415771484375,0.3388214111328125,0.39504241943359375,0.33127593994140625,2.8643875122070313,2.6884765625,0.37020111083984375,27.4193115234375,0.3044891357421875,0.317230224609375,0.3055419921875,0.3876953125,0.397186279296875,0,237841.84173583984,240557.55725097656,0,34088599552,2147483648,8433020928,0
199,1787751386966,3500,3500,3500,3500,3500,3500,3500,3500,3500,3500,3500,3500,3500,3500,3500,3500,3500,3500,3500,3500,8.992904663085938,3.8588485717773438,2.6591110229492188,93.39962005615234,0.30791473388671875,0.20700836181640625,2.8182449340820313,0.29462432861328125,0.33990478515625,0.287078857421875,0.27777862548828125,0.28627777099609375,1.4971084594726563,0.32271575927734375,3.236968994140625,2.88116455078125,0.298675537109375,0.29936981201171875,0.3885345458984375,2.930145263671875,0,237849.71044921875,240563.30297851563,0,34088599552,2147483648,8433020928,0
200,1787751387166,3500,3500,3500,3500,3500,3500,3500,3500,3500,3500,3500,3500,3500,3500,3500,3500,3500,3500,3500,3500,10.412895202636719,1.0375900268554688,0.16297149658203125,38.65214157104492,2.7983779907226563,0.268218994140625,0.18335723876953125,0.42613983154296875,0.25687408447265625,0.23983001708984375,0.2626190185546875,0.28685760498046875,4.969261169433594,2.7540969848632813,58.306602478027344,0.1808624267578125,2.792083740234375,2.8030242919921875,2.9032745361328125,0.3737640380859375,0,237858.95281982422,240570.41107177734,0,34088599552,2147483648,8433020928,0
199,1787751387366,3500,3500,3500,3500,3500,3500,3500,3500,3500,3500,3500,3500,3500,3500,3500,3500,3500,3500,3500,3500,13.659294128417969,1.3279876708984375,0.240447998046875,12.696746826171875,0.23625946044921875,0.22907257080078125,0.26953887939453125,2.8812103271484375,2.8276214599609375,2.777923583984375,1.6760635375976563,0.2822113037109375,78.58757781982422,0.159271240234375,6.058753967285156,0.28041839599609375,0.28525543212890625,0.27692413330078125,0.2750244140625,0.32177734375,0,237869.10540771484,240578.43212890625,0,34088599552,2147483648,8433020928,0
200,1787751387566,3500,3500,3500,3500,3500,3500,3500,3500,3500,3500,3500,3500,3500,3500,3500,3500,3500,3500,3500,3500,6.947578430175781,1.3055877685546875,0.21829986572265625,49.14683151245117,0.31482696533203125,0.271881103515625,0.3585662841796875,0.22499847412109375,0.288177490234375,0.34201812744140625,1.4919891357421875,0.33367156982421875,26.297874450683594,0.2513427734375,24.009979248046875,0.27978515625,0.30562591552734375,0.32521820068359375,0.35961151123046875,0.40120697021484375,0,237877.4609375,240584.67962646484,0,34088599552,2147483648,8433131520,0
200,1787751387767,3500,3500,3500,3500,3500,3500,3500,3500,3500,3500,3500,3500,3500,3500,3500,3500,3500,3500,3500,3500,2.1898345947265625,1.661773681640625,0.14601898193359375,85.27638244628906,0.28246307373046875,2.8151321411132813,0.236419677734375,0.25223541259765625,0.261566162109375,0.28206634521484375,0.32666778564453125,2.7611083984375,0.5124969482421875,0.2695465087890625,15.167472839355469,0.2860565185546875,0.29778289794921875,0.3423309326171875,0.4001007080078125,0.41316986083984375,0,237886.78546142578,240591.86944580078,0,34088599552,2147483648,8433131520,0
200,1787751387967,3500,3500,3500,3500,3500,3500,3500,3500,3500,3500,3500,3500,3500,3500,3500,3500,3500,3500,3500,3500,25.06433868408203,4.111053466796875,2.6566619873046875,77.17709350585938,0.2208709716796875,0.30107879638671875,2.8098983764648438,0.4031524658203125,0.27472686767578125,0.253509521484375,0.2807159423828125,0.25725555419921875,0.7487564086914063,0.3111114501953125,2.8027114868164063,2.7988662719726563,0.29199981689453125,0.2816619873046875,0.34650421142578125,2.8816299438476563,0,237895.2039794922,240598.17443847656,0,34088599552,2147483648,8433131520,0
200,1787751388168,3500,3500,3500,3500,3500,3500,3500,3500,3500,3500,3500,3500,3500,3500,3500,3500,3500,3500,3500,3500,12.883155822753906,1.2186203002929688,0.18972015380859375,32.12397766113281,2.8960723876953125,0.25832366943359375,0.27150726318359375,0.4149932861328125,0.26346588134765625,0.23975372314453125,0.265411376953125,0.2473907470703125,77.21294403076172,2.7003097534179688,4.713920593261719,0.24379730224609375,6.876319885253906,2.7716598510742188,2.9698638916015625,0.4359130859375,0,237905.38793945313,240606.1943359375,0,34088599552,2147483648,8433463296,0
199,1787751388368,3500,3500,3500,3500,3500,3500,3500,3500,3500,3500,3500,3500,3500,3500,3500,3500,3500,3500,3500,3500,15.720512390136719,1.3431854248046875,0.172515869140625,53.28310775756836,0.40972137451171875,0.3306732177734375,0.37032318115234375,2.937347412109375,2.7364044189453125,2.7921142578125,0.31182098388671875,0.28314208984375,35.552825927734375,0.22478485107421875,0.2842864990234375,0.2732696533203125,0.28204345703125,0.34249114990234375,0.37296295166015625,0.3890228271484375,0,237913.4061279297,240612.0762939453,0,34088599552,2147483648,8433463296,0
199,1787751388568,3500,3500,3500,3500,3500,3500,3500,3500,3500,3500,3500,3500,3500,3500,3500,3500,3500,3500,3500,3500,13.866378784179688,1.539031982421875,0.25234222412109375,42.0932731628418,0.49748992919921875,0.43587493896484375,0.5356597900390625,0.5255203247070313,0.28961944580078125,0.30435943603515625,2.8137283325195313,0.3350372314453125,34.14501953125,0.24614715576171875,16.11296844482422,0.3797607421875,0.35692596435546875,0.3499298095703125,0.4222869873046875,0.4266815185546875,0,237921.37017822266,240617.91412353516,0,34088599552,2147483648,8433577984,0
200,1787751388768,3500,3500,3500,3500,3500,3500,3500,3500,3500,3500,3500,3500,3500,3500,3500,3500,3500,3500,3500,3500,10.689491271972656,1.7331161499023438,0.17337799072265625,70.46005249023438,0.45320892333984375,2.90692138671875,0.4783477783203125,0.7356414794921875,0.3319091796875,0.30896759033203125,0.23110198974609375,2.7912750244140625,21.85393524169922,0.28588104248046875,0.33990478515625,0.34070587158203125,0.2955780029296875,0.3224639892578125,0.40822601318359375,0.4055328369140625,0,237931.56079101563,240625.97576904297,0,34088599552,2147483648,8433577984,0
199,1787751388969,3500,3500,3500,3500,3500,3500,3500,3500,3500,3500,3500,3500,3500,3500,3500,3500,3500,3500,3500,3500,21.94524383544922,3.8155441284179688,2.731353759765625,31.097320556640625,0.278594970703125,0.33968353271484375,2.884765625,0.3484649658203125,0.3406829833984375,0.25978851318359375,0.2756500244140625,0.2910614013671875,8.709854125976563,0.3282623291015625,49.61602783203125,2.7597808837890625,0.4316558837890625,0.37359619140625,0.35839080810546875,2.7960433959960938,0,237939.5435180664,240631.81213378906,0,34088599552,2147483648,8434970624,0
199,1787751389169,3500,3500,3500,3500,3500,3500,3500,3500,3500,3500,3500,3500,3500,3500,3500,3500,3500,3500,3500,3500,9.629905700683594,1.1467742919921875,0.15718841552734375,71.0236587524414,2.8916244506835938,0.3371734619140625,0.410400390625,0.5214080810546875,0.48836517333984375,0.41324615478515625,0.48667144775390625,0.5095062255859375,30.761878967285156,2.8050003051757813,0.9100112915039063,0.412994384765625,2.9284591674804688,2.9137115478515625,2.8324432373046875,0.33307647705078125,0,237948.21514892578,240638.35870361328,0,34088599552,2147483648,8435830784,0
200,1787751389369,3500,3500,3500,3500,3500,3500,3500,3500,3500,3500,3500,3500,3500,3500,3500,3500,3500,3500,3500,3500,26.939300537109375,1.6051406860351563,0.19415283203125,16.79302978515625,0.22319793701171875,0.22979736328125,0.3536224365234375,2.832611083984375,2.8500137329101563,2.8940505981445313,0.4244537353515625,0.358673095703125,46.50386047363281,0.21755218505859375,14.176216125488281,0.3699188232421875,0.42240142822265625,0.39305877685546875,0.2902374267578125,0.304229736328125,0,237958.0513305664,240646.07360839844,0,34088599552,2147483648,8435818496,0
200,1787751389569,3500,3500,3500,3500,3500,3500,3500,3500,3500,3500,3500,3500,3500,3500,3500,3500,3500,3500,3500,3500,9.224113464355469,1.3416290283203125,0.253143310546875,18.663894653320313,0.256591796875,0.24950408935546875,0.28867340087890625,0.3274993896484375,0.2961578369140625,0.30414581298828125,2.78216552734375,0.273956298828125,28.363365173339844,0.24700927734375,53.60662841796875,0.2123260498046875,0.395965576171875,0.3740081787109375,0.3000030517578125,0.2820892333984375,0,237969.01953125,240654.90167236328,0,34088599552,2147483648,8437387264,0
200,1787751389770,3500,3500,3500,3500,3500,3500,3500,3500,3500,3500,3500,3500,3500,3500,3500,3500,3500,3500,3500,3500,4.34417724609375,1.6618118286132813,0.176177978515625,68.70361328125,0.246856689453125,2.7643661499023438,0.33843994140625,0.42089080810546875,0.30870819091796875,0.26696014404296875,0.27159881591796875,2.8194351196289063,21.944168090820313,0.26267242431640625,8.342193603515625,0.29150390625,0.4105682373046875,0.405426025390625,0.29499053955078125,0.32462310791015625,0,237978.33294677734,240662.08758544922,0,34088599552,2147483648,8437370880,0
200,1787751389970,3500,3500,3500,3500,3500,3500,3500,3500,3500,3500,3500,3500,3500,3500,3500,3500,3500,3500,3500,3500,17.66168212890625,4.122856140136719,2.7143630981445313,50.528533935546875,0.19715118408203125,0.2750091552734375,2.8022613525390625,0.485382080078125,0.26397705078125,0.2724609375,0.2755126953125,0.25405120849609375,35.05584716796875,0.2647247314453125,2.90142822265625,2.8077011108398438,0.3647003173828125,0.34618377685546875,0.298065185546875,2.82037353515625,0,237987.12939453125,240668.75744628906,0,34088599552,2147483648,8437518336,0
200,1787751390170,3500,3500,3500,3500,3500,3500,3500,3500,3500,3500,3500,3500,3500,3500,3500,3500,3500,3500,3500,3500,34.975440979003906,1.394775390625,0.20970916748046875,8.700752258300781,2.7347869873046875,0.2719573974609375,0.300506591796875,2.4009857177734375,0.41796875,0.27574920654296875,0.30130767822265625,0.230926513671875,9.12371826171875,2.785552978515625,56.241641998291016,0.18894195556640625,2.8062210083007813,2.8175048828125,2.7831573486328125,0.28568267822265625,0,237996.0541381836,240675.5557861328,0,34088599552,2147483648,8437809152,0
200,1787751390371,3500,3500,3500,3500,3500,3500,3500,3500,3500,3500,3500,3500,3500,3500,3500,3500,3500,3500,3500,3500,12.79852294921875,0.9339981079101563,0.1550750732421875,45.72195053100586,3.2801513671875,0.26319122314453125,0.20538330078125,9.259529113769531,2.7322921752929688,2.7865524291992188,0.26927947998046875,0.2425079345703125,38.8646354675293,0.1758575439453125,24.69347381591797,0.19544219970703125,0.27252960205078125,0.25688934326171875,0.27227783203125,0.26033782958984375,0,238008.04168701172,240685.39721679688,0,34088599552,2147483648,8442200064,0
200,1787751390571,3500,3500,3500,3500,3500,3500,3500,3500,3500,3500,3500,3500,3500,3500,3500,3500,3500,3500,3500,3500,26.99402618408203,1.2108917236328125,0.28836822509765625,19.487197875976563,0.2762451171875,0.333221435546875,0.34200286865234375,3.1381683349609375,0.30817413330078125,0.36161041259765625,2.7708206176757813,0.332122802734375,37.04981231689453,0.2697601318359375,23.551025390625,0.28577423095703125,0.33017730712890625,0.34349822998046875,0.35073089599609375,0.32952880859375,0,238018.01165771484,240693.22973632813,0,34088599552,2147483648,8443285504,0
200,1787751390771,3500,3500,3500,3500,3500,3500,3500,3500,3500,3500,3500,3500,3500,3500,3500,3500,3500,3500,3500,3500,6.3670806884765625,1.6661758422851563,0.22562408447265625,33.56843566894531,0.3127899169921875,0.33454132080078125,0.23809814453125,0.5220489501953125,0.376007080078125,0.32306671142578125,0.27890777587890625,2.8100051879882813,7.983314514160156,0.30844879150390625,55.1995735168457,0.24224090576171875,0.324310302734375,0.31533050537109375,0.32640838623046875,0.32062530517578125,0,238027.6279296875,240700.72174072266,0,34088599552,2147483648,8443490304,0
200,1787751390972,3500,3500,3500,3500,3500,3500,3500,3500,3500,3500,3500,3500,3500,3500,3500,3500,3500,3500,3500,3500,15.058746337890625,4.041938781738281,2.5986175537109375,86.71778869628906,0.2017059326171875,2.7426528930664063,0.16478729248046875,0.158599853515625,0.22620391845703125,0.2589263916015625,0.211334228515625,0.20738983154296875,3.8910675048828125,0.23867034912109375,2.716461181640625,2.7308807373046875,0.21736907958984375,0.24565887451171875,0.2137298583984375,2.7576675415039063,0,238038.24963378906,240709.20288085938,0,34088599552,2147483648,8445718528,0
200,1787751391172,3500,3500,3500,3500,3500,3500,3500,3500,3500,3500,3500,3500,3500,3500,3500,3500,3500,3500,3500,3500,25.960372924804688,1.4661865234375,0.249542236328125,28.252357482910156,2.5077667236328125,0.35343170166015625,2.8412704467773438,0.626953125,0.37176513671875,0.40323638916015625,0.318572998046875,0.313873291015625,25.508636474609375,2.9205398559570313,32.624794006347656,0.30633544921875,2.8989105224609375,2.87408447265625,2.8964157104492188,0.35118865966796875,0,238047.20880126953,240716.0294189453,0,34088599552,2147483648,8448540672,0
200,1787751391373,3500,3500,3500,3500,3500,3500,3500,3500,3500,3500,3500,3500,3500,3500,3500,3500,3500,3500,3500,3500,27.95355224609375,1.13580322265625,0.18670654296875,56.7977409362793,0.7324600219726563,0.3074188232421875,0.44300079345703125,1.1440277099609375,0.413665771484375,2.7948532104492188,0.25853729248046875,0.2931060791015625,25.031898498535156,0.27001190185546875,0.5523834228515625,0.38533782958984375,0.303131103515625,0.29634857177734375,0.31584930419921875,0.370269775390625,0,238057.33380126953,240724.36029052734,0,34088599552,2147483648,8448397312,0
200,1787751391573,3500,3500,3500,3500,3500,3500,3500,3500,3500,3500,3500,3500,3500,3500,3500,3500,3500,3500,3500,3500,17.40735626220703,1.7165374755859375,0.18720245361328125,67.06597900390625,0.33464813232421875,0.26995086669921875,0.2803802490234375,2.873016357421875,2.9049453735351563,0.29608917236328125,2.8157577514648438,0.24974822998046875,20.900390625,0.34851837158203125,0.7604293823242188,0.49356842041015625,0.3423309326171875,0.27718353271484375,0.3226776123046875,0.28810882568359375,0,238066.30389404297,240731.3106689453,0,34088599552,2147483648,8448581632,0
200,1787751391773,3500,3500,3500,3500,3500,3500,3500,3500,3500,3500,3500,3500,3500,3500,3500,3500,3500,3500,3500,3500,15.263832092285156,1.4243087768554688,0.20937347412109375,61.13889694213867,0.29224395751953125,0.2894439697265625,0.25684356689453125,0.23862457275390625,0.260986328125,0.37176513671875,0.2230987548828125,2.8641433715820313,36.47440719604492,0.2173614501953125,4.459930419921875,0.44854736328125,4.722267150878906,0.29428863525390625,0.303070068359375,0.33417510986328125,0,238076.13928222656,240738.57611083984,0,34088599552,2147483648,8450457600,0
200,1787751391973,3500,3500,3500,3500,3500,3500,3500,3500,3500,3500,3500,3500,3500,3500,3500,3500,3500,3500,3500,3500,1.897430419921875,4.177146911621094,2.666748046875,100,0.28284454345703125,2.8297119140625,0.2918853759765625,0.9040908813476563,0.3168182373046875,0.2996826171875,0.32141876220703125,0.3040771484375,0.484130859375,0.294586181640625,2.9318008422851563,2.912261962890625,0.32721710205078125,0.30193328857421875,0.3238677978515625,2.8498458862304688,0,238084.73767089844,240745.22637939453,0,34088599552,2147483648,8450527232,0
200,1787751392174,3500,3500,3500,3500,3500,3500,3500,3500,3500,3500,3500,3500,3500,3500,3500,3500,3500,3500,3500,3500,12.040824890136719,1.7468414306640625,0.126220703125,82.17489624023438,0.28441619873046875,0.29665374755859375,2.7792510986328125,0.2205810546875,0.16408538818359375,0.305389404296875,0.27437591552734375,0.3199310302734375,12.74951171875,2.7767562866210938,0.37906646728515625,0.3767242431640625,2.8691635131835938,2.84588623046875,2.7726593017578125,0.28685760498046875,0,238092.3702392578,240750.5386352539,0,34088599552,2147483648,8450514944,0
200,1787751392374,3500,3500,3500,3500,3500,3500,3500,3500,3500,3500,3500,3500,3500,3500,3500,3500,3500,3500,3500,3500,6.958854675292969,1.0936203002929688,0.22960662841796875,51.521888732910156,2.7830429077148438,0.3110198974609375,0.33077239990234375,0.4547271728515625,0.314208984375,2.8678436279296875,0.3368072509765625,0.31914520263671875,27.424072265625,0.27490234375,23.942527770996094,0.353118896484375,0.46146392822265625,0.431884765625,0.34139251708984375,0.3886871337890625,0,238101.1449584961,240757.19354248047,0,34088599552,2147483648,8450895872,0
200,1787751392574,3500,3500,3500,3500,3500,3500,3500,3500,3500,3500,3500,3500,3500,3500,3500,3500,3500,3500,3500,3500,33.130043029785156,1.3240280151367188,0.16616058349609375,45.148494720458984,0.24564361572265625,0.266510009765625,0.21558380126953125,2.7942962646484375,2.7609939575195313,0.22986602783203125,2.77911376953125,0.19246673583984375,28.379043579101563,0.19831085205078125,2.4241790771484375,0.28379058837890625,0.3773040771484375,0.36277008056640625,0.26446533203125,0.270904541015625,0,238108.5714111328,240762.47790527344,0,34088599552,2147483648,8451350528,0
199,1787751392775,3500,3500,3500,3500,3500,3500,3500,3500,3500,3500,3500,3500,3500,3500,3500,3500,3500,3500,3500,3500,4.094085693359375,1.7223892211914063,0.17157745361328125,75.66736602783203,0.43395233154296875,0.315093994140625,0.41229248046875,0.32767486572265625,0.31299591064453125,0.28429412841796875,0.34534454345703125,2.7198410034179688,8.004463195800781,0.31699371337890625,15.525657653808594,0.2889404296875,0.44937896728515625,0.42292022705078125,0.4007110595703125,0.42462158203125,0,238118.5668334961,240770.35278320313,0,34088599552,2147483648,8451350528,0
200,1787751392975,3500,3500,3500,3500,3500,3500,3500,3500,3500,3500,3500,3500,3500,3500,3500,3500,3500,3500,3500,3500,2.3625335693359375,4.197319030761719,2.6861801147460938,77.44114685058594,0.3409423828125,2.9739303588867188,0.45726776123046875,0.3382415771484375,0.253204345703125,0.27120208740234375,0.3619842529296875,0.28455352783203125,23.2330322265625,0.283599853515625,2.87664794921875,2.8075103759765625,0.4293212890625,0.38922882080078125,0.3943328857421875,2.9428329467773438,0,238128.42974853516,240778.10473632813,0,34088599552,2147483648,8451338240,0
200,1787751393175,3500,3500,3500,3500,3500,3500,3500,3500,3500,3500,3500,3500,3500,3500,3500,3500,3500,3500,3500,3500,13.528045654296875,1.337310791015625,0.10406494140625,69.05142211914063,0.27462005615234375,0.2625732421875,2.7966690063476563,3.1423797607421875,0.2237091064453125,0.35205078125,0.2109222412109375,0.23110198974609375,26.96776580810547,2.7188873291015625,0.5491867065429688,0.24369049072265625,2.4048080444335938,2.800567626953125,2.8745574951171875,0.3466033935546875,0,238137.45428466797,240784.9838256836,0,34088599552,2147483648,8451616768,0
200,1787751393375,3500,3500,3500,3500,3500,3500,3500,3500,3500,3500,3500,3500,3500,3500,3500,3500,3500,3500,3500,3500,3.7713623046875,1.3965988159179688,0.34793853759765625,20.44178009033203,2.8629837036132813,0.311920166015625,0.323394775390625,0.6943359375,0.788116455078125,2.8442230224609375,0.315765380859375,0.32364654541015625,84.88326263427734,0.1857147216796875,0.5639877319335938,0.3611602783203125,0.662506103515625,0.33960723876953125,0.4268035888671875,0.42910003662109375,0,238146.47778320313,240791.8739013672,0,34088599552,2147483648,8451743744,0
199,1787751393576,3500,3500,3500,3500,3500,3500,3500,3500,3500,3500,3500,3500,3500,3500,3500,3500,3500,3500,3500,3500,9.594764709472656,1.6164169311523438,0.1842041015625,59.12342071533203,0.28139495849609375,0.2499847412109375,0.2476348876953125,2.7421112060546875,2.7833175659179688,0.27675628662109375,2.7794723510742188,0.21466827392578125,36.66264724731445,0.20858001708984375,0.47259521484375,0.3012237548828125,0.31201171875,0.2781982421875,0.37039947509765625,0.38533782958984375,0,238154.52001953125,240797.79962158203,0,34088599552,2147483648,8451870720,0
199,1787751393776,3500,3500,3500,3500,3500,3500,3500,3500,3500,3500,3500,3500,3500,3500,3500,3500,3500,3500,3500,3500,17.089569091796875,1.62554931640625,0.18341064453125,78.11053466796875,0.31694793701171875,0.28176116943359375,0.26531982421875,0.34117889404296875,0.301055908203125,0.2140960693359375,0.22238922119140625,2.8637924194335938,0.46207427978515625,0.29994964599609375,8.000228881835938,0.3563232421875,0.3245391845703125,0.348480224609375,0.41599273681640625,0.41864776611328125,0,238164.09912109375,240805.2635498047,0,34088599552,2147483648,8451870720,0
199,1787751393976,3500,3500,3500,3500,3500,3500,3500,3500,3500,3500,3500,3500,3500,3500,3500,3500,3500,3500,3500,3500,13.007026672363281,3.843170166015625,0.1115570068359375,84.56221008300781,0.25370025634765625,2.7575836181640625,0.18822479248046875,0.53094482421875,0.30123138427734375,0.267547607421875,0.28234100341796875,0.2757415771484375,8.724128723144531,0.2514495849609375,2.902679443359375,2.9056320190429688,0.29033660888671875,0.33206939697265625,0.36650848388671875,2.889984130859375,0,238174.18743896484,240813.2108154297,0,34088599552,2147483648,8452202496,0
200,1787751394176,3500,3500,3500,3500,3500,3500,3500,3500,3500,3500,3500,3500,3500,3500,3500,3500,3500,3500,3500,3500,13.636604309082031,1.3553390502929688,2.7113800048828125,20.93268585205078,0.25086212158203125,0.2423095703125,2.7728729248046875,0.2891082763671875,0.2359619140625,0.29035186767578125,0.2627105712890625,0.27301025390625,25.787742614746094,2.7640228271484375,47.1374626159668,0.24111175537109375,0.329345703125,2.8279190063476563,2.893402099609375,0.3354949951171875,0,238182.6884765625,240819.5952758789,0,34088599552,2147483648,8452198400,0
200,1787751394376,3500,3500,3500,3500,3500,3500,3500,3500,3500,3500,3500,3500,3500,3500,3500,3500,3500,3500,3500,3500,13.739913940429688,1.423431396484375,0.2168426513671875,62.43833923339844,2.888214111328125,0.28537750244140625,0.24381256103515625,0.43892669677734375,0.4080047607421875,2.864837646484375,0.2978668212890625,0.37664031982421875,17.16576385498047,0.27118682861328125,0.34107208251953125,0.34421539306640625,18.91412353515625,0.27758026123046875,0.3612518310546875,0.30490875244140625,0,238191.74780273438,240826.51538085938,0,34088599552,2147483648,8452321280,0
199,1787751394576,3500,3500,3500,3500,3500,3500,3500,3500,3500,3500,3500,3500,3500,3500,3500,3500,3500,3500,3500,3500,11.907981872558594,1.71307373046875,0.1721038818359375,63.2745475769043,0.29706573486328125,0.36186981201171875,0.37079620361328125,3.04815673828125,2.7696990966796875,0.28829193115234375,2.7791748046875,0.35872650146484375,22.008216857910156,0.24388885498046875,8.7359619140625,0.29517364501953125,0.2791595458984375,0.33577728271484375,0.3456573486328125,0.31797027587890625,0,238199.95251464844,240832.61291503906,0,34088599552,2147483648,8452440064,0
200,1787751394777,3500,3500,3500,3500,3500,3500,3500,3500,3500,3500,3500,3500,3500,3500,3500,3500,3500,3500,3500,3500,4.4584808349609375,1.3493728637695313,0.19158172607421875,9.841331481933594,0.25957489013671875,0.17443084716796875,0.27707672119140625,0.28072357177734375,0.2426300048828125,0.2218780517578125,0.1997833251953125,2.7748870849609375,36.988990783691406,0.191131591796875,55.23683547973633,0.20098114013671875,0.26567840576171875,0.2584228515625,0.3345184326171875,0.28557586669921875,0,238208.20867919922,240838.7300415039,0,34088599552,2147483648,8452980736,0
200,1787751394977,3500,3500,3500,3500,3500,3500,3500,3500,3500,3500,3500,3500,3500,3500,3500,3500,3500,3500,3500,3500,2.3340682983398438,1.6399459838867188,0.19303131103515625,63.64424133300781,0.242950439453125,2.749908447265625,0.37502288818359375,0.37776947021484375,0.32520294189453125,0.23700714111328125,0.3416900634765625,0.3037109375,7.707366943359375,0.3149566650390625,32.242889404296875,2.81011962890625,0.3153533935546875,0.3367919921875,0.4156951904296875,2.94189453125,0,238217.55883789063,240845.95245361328,0,34088599552,2147483648,8452980736,0
200,1787751395177,3500,3500,3500,3500,3500,3500,3500,3500,3500,3500,3500,3500,3500,3500,3500,3500,3500,3500,3500,3500,10.873069763183594,3.9043502807617188,2.7101821899414063,41.23535919189453,0.2791748046875,0.2488861083984375,2.7055435180664063,0.327239990234375,0.2588653564453125,0.28896331787109375,0.30632781982421875,0.247833251953125,1.1046371459960938,2.8673858642578125,53.736488342285156,0.2338104248046875,0.26949310302734375,2.7926788330078125,2.903076171875,0.37115478515625,0,238226.2891845703,240852.55975341797,0,34088599552,2147483648,8452980736,0
200,1787751395378,3500,3500,3500,3500,3500,3500,3500,3500,3500,3500,3500,3500,3500,3500,3500,3500,3500,3500,3500,3500,11.538551330566406,0.8801803588867188,0.32595062255859375,22.384193420410156,2.812652587890625,0.26145172119140625,0.25661468505859375,0.48663330078125,0.2982177734375,2.7939453125,0.29167938232421875,0.18567657470703125,32.074684143066406,0.1969451904296875,61.92346954345703,0.1793365478515625,2.9468994140625,0.31427764892578125,0.38426971435546875,0.34571075439453125,0,238234.76123046875,240858.87579345703,0,34088599552,2147483648,8453632000,0
200,1787751395578,3500,3500,3500,3500,3500,3500,3500,3500,3500,3500,3500,3500,3500,3500,3500,3500,3500,3500,3500,3500,10.48211669921875,1.3120498657226563,0.2294158935546875,35.52738952636719,0.30303955078125,0.35962677001953125,0.265777587890625,2.8831863403320313,2.8156051635742188,0.36597442626953125,2.84716796875,0.367523193359375,14.893524169921875,0.33290863037109375,8.1505126953125,0.26827239990234375,38.845726013183594,0.24979400634765625,0.28121185302734375,0.33055877685546875,0,238242.92449951172,240864.9019165039,0,34088599552,2147483648,8454438912,0
200,1787751395778,3500,3500,3500,3500,3500,3500,3500,3500,3500,3500,3500,3500,3500,3500,3500,3500,3500,3500,3500,3500,10.132698059082031,1.6713790893554688,0.16335296630859375,92.06842803955078,0.28253936767578125,0.3424835205078125,0.347320556640625,0.2385711669921875,0.33135223388671875,0.31089019775390625,0.33409881591796875,2.7864151000976563,0.9189376831054688,0.39324188232421875,0.29451751708984375,0.3215179443359375,0.32770538330078125,0.34368133544921875,0.320220947265625,0.30704498291015625,0,238252.5170288086,240872.37133789063,0,34088599552,2147483648,8454422528,0
200,1787751395978,3500,3500,3500,3500,3500,3500,3500,3500,3500,3500,3500,3500,3500,3500,3500,3500,3500,3500,3500,3500,9.152427673339844,1.6234512329101563,0.2400970458984375,38.74320602416992,0.28852081298828125,2.8562774658203125,0.28737640380859375,0.4825897216796875,0.3478851318359375,0.3529815673828125,0.28148651123046875,0.30739593505859375,54.973876953125,0.20424652099609375,2.8369064331054688,2.808502197265625,0.311737060546875,0.3050994873046875,0.321075439453125,2.9085006713867188,0,238263.02014160156,240880.76025390625,0,34088599552,2147483648,8454422528,0
200,1787751396179,3500,3500,3500,3500,3500,3500,3500,3500,3500,3500,3500,3500,3500,3500,3500,3500,3500,3500,3500,3500,29.774917602539063,3.65020751953125,2.71771240234375,7.3087615966796875,0.20703125,0.25849151611328125,2.7906494140625,0.2621917724609375,0.21167755126953125,0.28217315673828125,0.27997589111328125,0.24245452880859375,63.60116958618164,0.15077972412109375,8.652183532714844,0.21402740478515625,0.2643890380859375,2.7903060913085938,2.81793212890625,0.2320098876953125,0,238272.6453857422,240888.24005126953,0,34088599552,2147483648,8456278016,0
199,1787751396379,3500,3500,3500,3500,3500,3500,3500,3500,3500,3500,3500,3500,3500,3500,3500,3500,3500,3500,3500,3500,12.961097717285156,0.819061279296875,0.25826263427734375,37.7021484375,2.8662338256835938,0.312774658203125,0.27935028076171875,0.8432388305664063,0.3706817626953125,2.9055557250976563,0.29448699951171875,0.3063812255859375,59.84587097167969,2.7715530395507813,0.6687698364257813,0.4160003662109375,2.8703765869140625,0.320068359375,0.3644866943359375,0.3971099853515625,0,238280.26849365234,240893.7296142578,0,34088599552,2147483648,8456962048,0
200,1787751396579,3500,3500,3500,3500,3500,3500,3500,3500,3500,3500,3500,3500,3500,3500,3500,3500,3500,3500,3500,3500,1.9950942993164063,1.613983154296875,0.28023529052734375,5.2199554443359375,0.264190673828125,0.25484466552734375,0.2752838134765625,2.8073043823242188,2.8053054809570313,0.296478271484375,2.7968063354492188,0.27508544921875,18.762542724609375,0.24689483642578125,80.48078155517578,0.1729583740234375,0.28333282470703125,0.2947845458984375,0.388214111328125,0.39286041259765625,0,238290.10473632813,240901.44116210938,0,34088599552,2147483648,8457076736,0
200,1787751396779,3500,3500,3500,3500,3500,3500,3500,3500,3500,3500,3500,3500,3500,3500,3500,3500,3500,3500,3500,3500,1.7422103881835938,1.6615982055664063,0.2169342041015625,25.798614501953125,0.3311920166015625,0.30278778076171875,0.2789306640625,0.1854400634765625,0.33348846435546875,0.3282928466796875,0.2741851806640625,1.6288986206054688,0.33498382568359375,0.3271484375,75.18108367919922,0.223724365234375,0.31252288818359375,0.333038330078125,0.43875885009765625,0.4246826171875,0,238298.10552978516,240907.3211669922,0,34088599552,2147483648,8457076736,0
199,1787751396980,3500,3500,3500,3500,3500,3500,3500,3500,3500,3500,3500,3500,3500,3500,3500,3500,3500,3500,3500,3500,3.611358642578125,0.49950408935546875,0,100,0,2.5047149658203125,0.0148162841796875,0,0,0.02474212646484375,0,1.141754150390625,3.18731689453125,0,2.6010208129882813,2.604766845703125,0.0059356689453125,0.01032257080078125,0.0958099365234375,2.6147384643554688,0,238305.50732421875,240912.572265625,0,34088599552,2147483648,8460390400,0
199,1787751397180,3500,3500,3500,3500,3500,3500,3500,3500,3500,3500,3500,3500,3500,3500,3500,3500,3500,3500,3500,3500,3.2860183715820313,3.9048995971679688,2.9370040893554688,77.93014526367188,0.5865631103515625,0.6368865966796875,3.2472686767578125,0.6496047973632813,0.533447265625,0.533599853515625,0.5760879516601563,0.5347976684570313,24.1846923828125,0.5082626342773438,0.6187286376953125,0.5656661987304688,0.5711517333984375,0.5928497314453125,3.1795883178710938,0.7040634155273438,0,238314.0103149414,240918.96209716797,0,34088599552,2147483648,8460390400,0
200,1787751397380,3500,3500,3500,3500,3500,3500,3500,3500,3500,3500,3500,3500,3500,3500,3500,3500,3500,3500,3500,3500,12.933952331542969,0.9551162719726563,0.195648193359375,29.254432678222656,2.887176513671875,0.5023422241210938,0.440826416015625,0.544525146484375,0.28525543212890625,0.23238372802734375,0.312744140625,0.28705596923828125,24.050086975097656,2.7873764038085938,44.939430236816406,0.25186920166015625,2.8791351318359375,2.8255081176757813,0.40674591064453125,0.41353607177734375,0,238323.04248046875,240925.87506103516,0,34088599552,2147483648,8461864960,0
200,1787751397580,3500,3500,3500,3500,3500,3500,3500,3500,3500,3500,3500,3500,3500,3500,3500,3500,3500,3500,3500,3500,10.583038330078125,1.37823486328125,0.21298980712890625,41.927833557128906,0.39093017578125,0.5045928955078125,0.36870574951171875,2.8857192993164063,2.8093109130859375,2.8261947631835938,2.7499847412109375,0.234619140625,5.178153991699219,0.25908660888671875,41.554534912109375,0.19046783447265625,7.904365539550781,0.3008880615234375,0.39192962646484375,0.3817901611328125,0,238331.67431640625,240932.38507080078,0,34088599552,2147483648,8461914112,0
200,1787751397781,3500,3500,3500,3500,3500,3500,3500,3500,3500,3500,3500,3500,3500,3500,3500,3500,3500,3500,3500,3500,19.735031127929688,1.6667709350585938,0.28462982177734375,27.787200927734375,0.30135345458984375,0.419677734375,0.3293609619140625,0.3657073974609375,0.2068939208984375,0.23419952392578125,0.35646820068359375,0.26905059814453125,34.636009216308594,0.230010986328125,23.40607452392578,0.25092315673828125,0.294464111328125,0.32781219482421875,0.3835296630859375,0.406097412109375,0,238341.69708251953,240940.55645751953,0,34088599552,2147483648,8464343040,0
200,1787751397981,3500,3500,3500,3500,3500,3500,3500,3500,3500,3500,3500,3500,3500,3500,3500,3500,3500,3500,3500,3500,1.8825302124023438,1.3970565795898438,0.11449432373046875,95.63483428955078,0.2681121826171875,2.7630233764648438,0.284332275390625,0.7167434692382813,0.32530975341796875,0.19913482666015625,0.28443145751953125,2.7871856689453125,5.296272277832031,0.2355194091796875,2.8050994873046875,2.137115478515625,0.34816741943359375,0.34342193603515625,0.3655853271484375,2.8961334228515625,0,238350.70275878906,240947.30212402344,0,34088599552,2147483648,8464388096,0
200,1787751398181,3500,3500,3500,3500,3500,3500,3500,3500,3500,3500,3500,3500,3500,3500,3500,3500,3500,3500,3500,3500,5.9053802490234375,3.8493881225585938,2.732177734375,15.785247802734375,0.2849578857421875,0.27227020263671875,2.8618698120117188,3.18438720703125,0.36176300048828125,0.30443572998046875,0.35198211669921875,0.32585906982421875,35.681671142578125,0.25959014892578125,47.47200393676758,0.8390960693359375,0.493255615234375,0.49585723876953125,2.9020233154296875,0.38543701171875,0,238359.0692138672,240953.51531982422,0,34088599552,2147483648,8464719872,0
200,1787751398382,3500,3500,3500,3500,3500,3500,3500,3500,3500,3500,3500,3500,3500,3500,3500,3500,3500,3500,3500,3500,22.968460083007813,0.920013427734375,0.24138641357421875,35.202545166015625,2.8191986083984375,0.30692291259765625,0.30727386474609375,0.6257705688476563,0.4786224365234375,0.4903564453125,0.4813232421875,0.392425537109375,13.995857238769531,2.8119583129882813,36.02448272705078,0.2319488525390625,24.759674072265625,2.8462982177734375,1.5999984741210938,0.2900543212890625,0,238369.4189453125,240962.12603759766,0,34088599552,2147483648,8467898368,0
199,1787751398582,3500,3500,3500,3500,3500,3500,3500,3500,3500,3500,3500,3500,3500,3500,3500,3500,3500,3500,3500,3500,6.094795227050781,1.0502471923828125,0.295806884765625,1.5718765258789063,0.2442779541015625,0.27156829833984375,0.28493499755859375,2.8369674682617188,2.8199005126953125,2.8724288940429688,2.7878799438476563,0.243133544921875,76.56282043457031,0.1640167236328125,22.67237091064453,0.33127593994140625,0.26752471923828125,0.35591888427734375,0.29740142822265625,0.3189544677734375,0,238376.16735839844,240966.2276611328,0,34088599552,2147483648,8468115456,0
200,1787751398782,3500,3500,3500,3500,3500,3500,3500,3500,3500,3500,3500,3500,3500,3500,3500,3500,3500,3500,3500,3500,26.11957550048828,1.6146392822265625,0.26146697998046875,28.805328369140625,0.28376007080078125,0.30979156494140625,0.30809783935546875,0.39949798583984375,0.3512725830078125,0.29949951171875,0.33048248291015625,0.27651214599609375,23.666709899902344,0.36212158203125,24.513328552246094,0.2945556640625,0.330780029296875,0.339080810546875,0.3383331298828125,0.34427642822265625,0,238385.8002319336,240973.724609375,0,34088599552,2147483648,8468099072,0
200,1787751398982,3500,3500,3500,3500,3500,3500,3500,3500,3500,3500,3500,3500,3500,3500,3500,3500,3500,3500,3500,3500,17.323699951171875,1.4263076782226563,0.12123870849609375,84.87581634521484,0.26895904541015625,2.8079147338867188,0.17609405517578125,0.2542724609375,0.294281005859375,0.28753662109375,0.25052642822265625,2.7794418334960938,1.15325927734375,0.37136077880859375,2.7806854248046875,0.3155670166015625,0.30657196044921875,0.34908294677734375,0.2954864501953125,2.8093109130859375,0,238394.25421142578,240980.0650024414,0,34088599552,2147483648,8468099072,0
200,1787751399183,3500,3500,3500,3500,3500,3500,3500,3500,3500,3500,3500,3500,3500,3500,3500,3500,3500,3500,3500,3500,35.01348114013672,3.8829116821289063,2.7001190185546875,29.629379272460938,0.227325439453125,0.26467132568359375,2.7472991943359375,0.2730560302734375,0.22287750244140625,0.20619964599609375,0.26576995849609375,0.25019073486328125,43.98347854614258,0.16925811767578125,0.4040679931640625,2.7706146240234375,0.26851654052734375,0.26117706298828125,2.811004638671875,0.309600830078125,0,238403.86267089844,240987.52996826172,0,34088599552,2147483648,8469565440,0
200,1787751399383,3500,3500,3500,3500,3500,3500,3500,3500,3500,3500,3500,3500,3500,3500,3500,3500,3500,3500,3500,3500,32.58972930908203,0.8889999389648438,0.22757720947265625,38.484107971191406,2.799163818359375,0.314453125,0.3055267333984375,0.8233642578125,0.6343460083007813,0.22313690185546875,0.23415374755859375,0.32183837890625,41.76893997192383,2.7041015625,1.7476730346679688,0.30712127685546875,3.0190048217773438,2.82440185546875,0.6701507568359375,0.3787384033203125,0,238411.9500732422,240993.4814453125,0,34088599552,2147483648,8470069248,0
200,1787751399583,3500,3500,3500,3500,3500,3500,3500,3500,3500,3500,3500,3500,3500,3500,3500,3500,3500,3500,3500,3500,1.9740371704101563,1.5715255737304688,0.22191619873046875,46.75323486328125,0.26517486572265625,0.3335723876953125,0.2920074462890625,2.8861236572265625,2.7951431274414063,2.8623428344726563,2.8250198364257813,0.31708526611328125,57.22776412963867,0.22161102294921875,0.8098678588867188,0.31932830810546875,0.30234527587890625,0.35410308837890625,0.33002471923828125,0.37128448486328125,0,238420.6205444336,241000.02825927734,0,34088599552,2147483648,8470253568,0
200,1787751399784,3500,3500,3500,3500,3500,3500,3500,3500,3500,3500,3500,3500,3500,3500,3500,3500,3500,3500,3500,3500,9.623367309570313,1.683441162109375,0.15460205078125,85.12309265136719,0.373291015625,0.2549591064453125,0.36844635009765625,0.3099517822265625,0.35296630859375,0.24246978759765625,0.24851226806640625,0.28443145751953125,8.264419555664063,0.3223419189453125,0.46970367431640625,0.38028717041015625,0.35910797119140625,0.39691925048828125,0.31400299072265625,0.29241943359375,0,238429.4701538086,241006.7598876953,0,34088599552,2147483648,8470237184,0
200,1787751399984,3500,3500,3500,3500,3500,3500,3500,3500,3500,3500,3500,3500,3500,3500,3500,3500,3500,3500,3500,3500,3.7549819946289063,1.09765625,0.16416168212890625,40.534141540527344,0.5326156616210938,2.692352294921875,0.21488189697265625,0.3421173095703125,0.5173187255859375,0.38944244384765625,0.5992279052734375,2.8359756469726563,31.50965118408203,0.1478729248046875,26.20745086669922,0.31388092041015625,8.153663635253906,0.31642913818359375,0.22197723388671875,2.7482223510742188,0,238439.7266845703,241014.8621826172,0,34088599552,2147483648,8470515712,0
199,1787751400184,3500,3500,3500,3500,3500,3500,3500,3500,3500,3500,3500,3500,3500,3500,3500,3500,3500,3500,3500,3500,11.450996398925781,4.370872497558594,2.7536544799804688,58.633148193359375,0.30739593505859375,0.2784271240234375,2.830963134765625,0.3424530029296875,0.37146759033203125,0.3162841796875,0.30794525146484375,0.3640289306640625,34.518310546875,0.27313232421875,0.37042236328125,2.875762939453125,0.40917205810546875,0.43329620361328125,2.833709716796875,0.3426513671875,0,238448.42651367188,241021.4429321289,0,34088599552,2147483648,8470515712,0
200,1787751400384,3500,3500,3500,3500,3500,3500,3500,3500,3500,3500,3500,3500,3500,3500,3500,3500,3500,3500,3500,3500,17.499549865722656,1.0913314819335938,0.18547821044921875,41.46919250488281,2.7935867309570313,0.3219757080078125,0.355865478515625,0.43798065185546875,0.4467315673828125,0.4708709716796875,0.3643646240234375,0.472320556640625,51.27841567993164,2.7113189697265625,0.4393310546875,0.27654266357421875,2.8880996704101563,2.7828903198242188,0.28214263916015625,0.30218505859375,0,238458.09509277344,241028.9881591797,0,34088599552,2147483648,8470577152,0
200,1787751400584,3500,3500,3500,3500,3500,3500,3500,3500,3500,3500,3500,3500,3500,3500,3500,3500,3500,3500,3500,3500,7.132606506347656,1.1966552734375,0.16474151611328125,71.99529266357422,0.35243988037109375,0.3671112060546875,0.3916168212890625,3.000518798828125,2.9018020629882813,2.995025634765625,2.9219131469726563,0.4303436279296875,7.85589599609375,0.24474334716796875,2.4229507446289063,0.2647552490234375,26.517547607421875,0.229766845703125,0.3093719482421875,0.2681427001953125,0,238468.13146972656,241036.86993408203,0,34088599552,2147483648,8471121920,0
200,1787751400785,3500,3500,3500,3500,3500,3500,3500,3500,3500,3500,3500,3500,3500,3500,3500,3500,3500,3500,3500,3500,14.337142944335938,1.381591796875,0.21997833251953125,78.90689849853516,0.336883544921875,0.3690948486328125,0.45539093017578125,0.334686279296875,0.5122146606445313,0.5262527465820313,0.5388336181640625,0.5264511108398438,11.239822387695313,0.280853271484375,0.34487152099609375,0.32454681396484375,0.29174041748046875,0.3868255615234375,0.337982177734375,0.32270050048828125,0,238477.5219116211,241044.16143798828,0,34088599552,2147483648,8471326720,0
200,1787751400985,3500,3500,3500,3500,3500,3500,3500,3500,3500,3500,3500,3500,3500,3500,3500,3500,3500,3500,3500,3500,2.084808349609375,1.7112884521484375,0.24416351318359375,43.05322265625,0.3348236083984375,2.8769454956054688,0.513458251953125,0.660125732421875,0.719970703125,0.32749176025390625,0.25293731689453125,2.9102096557617188,57.83351135253906,0.21149444580078125,2.8423843383789063,0.28974151611328125,0.34325408935546875,0.37946319580078125,0.322357177734375,2.8249282836914063,0,238486.96795654297,241051.47760009766,0,34088599552,2147483648,8471326720,0
200,1787751401185,3500,3500,3500,3500,3500,3500,3500,3500,3500,3500,3500,3500,3500,3500,3500,3500,3500,3500,3500,3500,29.4205322265625,3.80859375,2.6767349243164063,54.20447540283203,0.2706298828125,0.3299560546875,2.8855514526367188,0.3513946533203125,0.2469940185546875,0.27093505859375,0.28682708740234375,0.2187042236328125,20.733154296875,0.24294281005859375,0.2502899169921875,2.7977828979492188,0.287628173828125,0.26238250732421875,2.7931900024414063,0.2622833251953125,0,238495.49267578125,241057.88549804688,0,34088599552,2147483648,8471379968,0
200,1787751401385,3500,3500,3500,3500,3500,3500,3500,3500,3500,3500,3500,3500,3500,3500,3500,3500,3500,3500,3500,3500,11.758956909179688,1.0971298217773438,0.232208251953125,30.57642364501953,3.4351119995117188,0.24944305419921875,0.21831512451171875,0.8638229370117188,0.9637908935546875,0.35665130615234375,0.3839263916015625,0.35524749755859375,55.98983383178711,2.72100830078125,5.634361267089844,0.26717376708984375,29.73352813720703,2.7581253051757813,2.5298690795898438,0.28795623779296875,0,238506.1873779297,241066.43182373047,0,34088599552,2147483648,8472391680,0
200,1787751401586,3500,3500,3500,3500,3500,3500,3500,3500,3500,3500,3500,3500,3500,3500,3500,3500,3500,3500,3500,3500,12.576896667480469,1.407928466796875,0.2576904296875,8.366943359375,0.33971405029296875,0.3111114501953125,0.30422210693359375,2.7766189575195313,2.8463058471679688,2.877655029296875,2.8806991577148438,0.35064697265625,84.56092071533203,0.18505859375,0.35553741455078125,0.30281829833984375,0.3633270263671875,0.4014129638671875,0.32259368896484375,0.3367156982421875,0,238515.63751220703,241073.7440185547,0,34088599552,2147483648,8472506368,0
200,1787751401786,3500,3500,3500,3500,3500,3500,3500,3500,3500,3500,3500,3500,3500,3500,3500,3500,3500,3500,3500,3500,2.297454833984375,1.6983261108398438,0.19797515869140625,32.879844665527344,0.2674713134765625,0.29419708251953125,0.23459625244140625,0.27326202392578125,0.2783050537109375,0.2852020263671875,0.29039764404296875,0.28765106201171875,24.056304931640625,0.28839874267578125,44.265403747558594,0.2175140380859375,0.38980865478515625,0.402099609375,0.28824615478515625,0.3048858642578125,0,238524.17901611328,241080.16357421875,0,34088599552,2147483648,8472506368,0
199,1787751401986,3500,3500,3500,3500,3500,3500,3500,3500,3500,3500,3500,3500,3500,3500,3500,3500,3500,3500,3500,3500,9.398910522460938,1.5535964965820313,0.18802642822265625,1.5445098876953125,0.2124786376953125,2.7770004272460938,0.29805755615234375,0.37509918212890625,0.32649993896484375,0.281036376953125,0.191070556640625,2.8209075927734375,4.871559143066406,0.29610443115234375,90.28572082519531,0.1237030029296875,0.384979248046875,0.390869140625,0.26776123046875,2.8263473510742188,0,238532.82391357422,241086.68627929688,0,34088599552,2147483648,8472506368,0
200,1787751402186,3500,3500,3500,3500,3500,3500,3500,3500,3500,3500,3500,3500,3500,3500,3500,3500,3500,3500,3500,3500,18.742393493652344,3.70428466796875,2.6804962158203125,51.77971649169922,0.2801971435546875,0.28170013427734375,2.8124542236328125,0.272003173828125,0.205474853515625,0.27010345458984375,0.2658538818359375,0.3287353515625,13.463523864746094,0.2294158935546875,23.77630615234375,2.7737655639648438,0.45998382568359375,0.4742279052734375,0.29534149169921875,0.25521087646484375,0,238542.37622070313,241094.11096191406,0,34088599552,2147483648,8473759744,0
200,1787751402386,3500,3500,3500,3500,3500,3500,3500,3500,3500,3500,3500,3500,3500,3500,3500,3500,3500,3500,3500,3500,6.464286804199219,1.3281097412109375,0.18090057373046875,69.97584533691406,2.8543548583984375,0.36104583740234375,0.354400634765625,0.7379837036132813,0.5343475341796875,0.30078125,0.26070404052734375,0.31357574462890625,4.174560546875,2.8401641845703125,0.9170379638671875,0.3498077392578125,3.5512619018554688,2.9624404907226563,33.62853240966797,0.2364654541015625,0,238552.5694580078,241102.17547607422,0,34088599552,2147483648,8474071040,0
200,1787751402587,3500,3500,3500,3500,3500,3500,3500,3500,3500,3500,3500,3500,3500,3500,3500,3500,3500,3500,3500,3500,11.2984619140625,1.0753173828125,0.249237060546875,10.723419189453125,0.327850341796875,0.18914031982421875,0.2685394287109375,2.8281326293945313,2.84344482421875,2.7751617431640625,2.7498703002929688,0.26305389404296875,74.84432983398438,0.1590118408203125,8.292167663574219,0.34949493408203125,0.2822113037109375,0.325103759765625,0.27771759033203125,0.29048919677734375,0,238561.80517578125,241109.26434326172,0,34088599552,2147483648,8473657344,0
200,1787751402787,3500,3500,3500,3500,3500,3500,3500,3500,3500,3500,3500,3500,3500,3500,3500,3500,3500,3500,3500,3500,18.287109375,1.0869140625,0.1904144287109375,33.02980041503906,0.26293182373046875,0.2557373046875,0.28067779541015625,0.18541717529296875,0.27832794189453125,0.25968170166015625,0.21610260009765625,0.28147125244140625,2.4476547241210938,0.25643157958984375,55.38338851928711,0.20595550537109375,0.270477294921875,0.285675048828125,0.267333984375,0.27002716064453125,0,238570.89453125,241116.23211669922,0,34088599552,2147483648,8475541504,0
200,1787751402988,3500,3500,3500,3500,3500,3500,3500,3500,3500,3500,3500,3500,3500,3500,3500,3500,3500,3500,3500,3500,2.523834228515625,1.4385528564453125,0,99.98921966552734,0.03524017333984375,2.5383071899414063,0.104461669921875,0,0.19031524658203125,0.02081298828125,0.1005706787109375,2.6073837280273438,0.5566635131835938,0.07137298583984375,0.4246978759765625,0.06179046630859375,0.067779541015625,0.03952789306640625,0.06343841552734375,2.5508880615234375,0,238580.14630126953,241123.3232421875,0,34088599552,2147483648,8475611136,0
200,1787751403188,3500,3500,3500,3500,3500,3500,3500,3500,3500,3500,3500,3500,3500,3500,3500,3500,3500,3500,3500,3500,24.04743194580078,4.088493347167969,2.9934539794921875,17.713165283203125,0.47672271728515625,0.5932235717773438,3.0687103271484375,3.3169097900390625,0.607818603515625,0.6066665649414063,0.5493927001953125,0.5743942260742188,24.890098571777344,0.5206527709960938,3.3021163940429688,3.1061172485351563,39.03870391845703,0.5287704467773438,0.573150634765625,0.5463485717773438,0,238589.2632446289,241130.3364868164,0,34088599552,2147483648,8476663808,0
199,1787751403389,3500,3500,3500,3500,3500,3500,3500,3500,3500,3500,3500,3500,3500,3500,3500,3500,3500,3500,3500,3500,12.197479248046875,1.1099395751953125,0.2965087890625,10.098304748535156,2.7874526977539063,0.29196929931640625,0.35384368896484375,0.3217620849609375,0.30524444580078125,0.222503662109375,0.31287384033203125,0.342620849609375,51.70380783081055,2.7179412841796875,1.4685745239257813,0.3153228759765625,40.57835006713867,2.76190185546875,2.8166961669921875,0.3073883056640625,0,238599.04693603516,241138.0054321289,0,34088599552,2147483648,8476860416,0
200,1787751403589,3500,3500,3500,3500,3500,3500,3500,3500,3500,3500,3500,3500,3500,3500,3500,3500,3500,3500,3500,3500,26.002334594726563,0.232452392578125,0.41892242431640625,0.37589263916015625,0.30931854248046875,0.182373046875,0.32401275634765625,2.7546844482421875,2.7814712524414063,2.7862167358398438,2.746185302734375,0.2943267822265625,44.238014221191406,0.1865692138671875,36.811458587646484,0.239349365234375,1.7464141845703125,0.31472015380859375,0.27303314208984375,0.29437255859375,0,238608.12969970703,241144.9288330078,0,34088599552,2147483648,8479662080,0
200,1787751403789,3500,3500,3500,3500,3500,3500,3500,3500,3500,3500,3500,3500,3500,3500,3500,3500,3500,3500,3500,3500,16.832748413085938,0.2426300048828125,0.41608428955078125,0.432769775390625,0.3534088134765625,0.1954345703125,0.263702392578125,0.3176422119140625,0.2791900634765625,0.33303070068359375,0.29871368408203125,0.2618560791015625,5.809059143066406,0.27548980712890625,84.5418701171875,0.1667633056640625,0.37857818603515625,0.348358154296875,0.30745697021484375,0.31854248046875,0,238617.1085205078,241151.7841796875,0,34088599552,2147483648,8479649792,0
200,1787751403989,3500,3500,3500,3500,3500,3500,3500,3500,3500,3500,3500,3500,3500,3500,3500,3500,3500,3500,3500,3500,13.361480712890625,0.32138824462890625,0.39875030517578125,0.3993988037109375,0.28961944580078125,2.7980804443359375,0.2037200927734375,0.2721405029296875,0.28577423095703125,0.28797149658203125,0.2372283935546875,2.721221923828125,59.0250129699707,0.15827178955078125,30.65581512451172,0.247467041015625,0.303558349609375,0.27608489990234375,0.27828216552734375,2.8065261840820313,0,238626.6729736328,241159.22192382813,0,34088599552,2147483648,8479645696,0
200,1787751404189,3500,3500,3500,3500,3500,3500,3500,3500,3500,3500,3500,3500,3500,3500,3500,3500,3500,3500,3500,3500,10.076339721679688,2.7908248901367188,2.8968963623046875,0.357757568359375,0.28824615478515625,0.219482421875,2.796966552734375,0.28534698486328125,0.728607177734375,0.29993438720703125,0.19820404052734375,0.27101898193359375,30.219573974609375,0.18621826171875,67.72135925292969,2.6609344482421875,0.2834014892578125,0.27361297607421875,0.259979248046875,0.25543975830078125,0,238636.15789794922,241166.59869384766,0,34088599552,2147483648,8479780864,0
199,1787751404390,3500,3500,3500,3500,3500,3500,3500,3500,3500,3500,3500,3500,3500,3500,3500,3500,3500,3500,3500,3500,8.231132507324219,0.2124481201171875,0.41750335693359375,2.9587173461914063,2.8052444458007813,0.2956695556640625,0.2890777587890625,0.24547576904296875,0.5008316040039063,0.348602294921875,0.2361907958984375,0.22721099853515625,68.9478988647461,2.687103271484375,33.218162536621094,0.239837646484375,3.3697357177734375,2.8017578125,2.8362274169921875,0.29062652587890625,0,238644.02764892578,241172.31353759766,0,34088599552,2147483648,8483708928,0
200,1787751404590,3500,3500,3500,3500,3500,3500,3500,3500,3500,3500,3500,3500,3500,3500,3500,3500,3500,3500,3500,3500,10.585273742675781,0.21308135986328125,0.3043060302734375,0.3113555908203125,0.28931427001953125,0.21918487548828125,0.30725860595703125,2.7265701293945313,2.80169677734375,2.806243896484375,2.8420867919921875,0.37888336181640625,60.10996627807617,0.19948577880859375,34.17108154296875,0.26312255859375,0.30326080322265625,0.2843170166015625,0.27866363525390625,0.35074615478515625,0,238653.52185058594,241179.6788330078,0,34088599552,2147483648,8483790848,0
200,1787751404790,3500,3500,3500,3500,3500,3500,3500,3500,3500,3500,3500,3500,3500,3500,3500,3500,3500,3500,3500,3500,1.2583084106445313,0.30992889404296875,0.36663818359375,0.32462310791015625,0.34300994873046875,0.29264068603515625,0.358245849609375,0.279754638671875,0.28769683837890625,0.301239013671875,0.343902587890625,0.31667327880859375,5.169189453125,0.268310546875,100,0.15483856201171875,0.3354644775390625,0.3223724365234375,0.42999267578125,0.42769622802734375,0,238662.5106201172,241186.56072998047,0,34088599552,2147483648,8483790848,0
200,1787751404990,3500,3500,3500,3500,3500,3500,3500,3500,3500,3500,3500,3500,3500,3500,3500,3500,3500,3500,3500,3500,9.134895324707031,0.228790283203125,0.2500457763671875,0.272552490234375,0.26447296142578125,2.8394622802734375,0.220611572265625,0.13233184814453125,0.2696075439453125,0.24845123291015625,0.22539520263671875,2.7691497802734375,16.53411865234375,0.2139739990234375,89.06880187988281,0.1266937255859375,8.610694885253906,0.22759246826171875,0.37100982666015625,0.37584686279296875,0,238671.9467163086,241193.83770751953,0,34088599552,2147483648,8486088704,0
199,1787751405191,3500,3500,3500,3500,3500,3500,3500,3500,3500,3500,3500,3500,3500,3500,3500,3500,3500,3500,3500,3500,10.413352966308594,2.8260574340820313,2.80010986328125,0.29792022705078125,0.310150146484375,0.2500762939453125,2.7786102294921875,0.22692108154296875,0.290985107421875,0.324920654296875,0.25151824951171875,0.302215576171875,16.764053344726563,0.2203369140625,11.602554321289063,2.7948226928710938,0.5412139892578125,0.2615509033203125,70.31830596923828,2.6978302001953125,0,238681.0171508789,241200.98791503906,0,34088599552,2147483648,8486227968,0
200,1787751405391,3500,3500,3500,3500,3500,3500,3500,3500,3500,3500,3500,3500,3500,3500,3500,3500,3500,3500,3500,3500,13.9053955078125,0.2612457275390625,0.30966949462890625,2.8420562744140625,3.27850341796875,0.5650253295898438,0.568572998046875,0.31801605224609375,3.796051025390625,4.1797332763671875,0.491119384765625,0.6324310302734375,68.09861755371094,2.7226715087890625,24.61339569091797,0.27858734130859375,5.0526275634765625,2.8328094482421875,2.8097763061523438,0.3082733154296875,0,238690.94024658203,241208.70220947266,0,34088599552,2147483648,8487129088,0
200,1787751405591,3500,3500,3500,3500,3500,3500,3500,3500,3500,3500,3500,3500,3500,3500,3500,3500,3500,3500,3500,3500,5.9769439697265625,0.2171630859375,0.25197601318359375,0.2376556396484375,0.26558685302734375,0.1334686279296875,0.1846923828125,2.7647323608398438,2.7470245361328125,2.7195892333984375,0.46329498291015625,0.1787567138671875,66.58334350585938,0.11421966552734375,31.777679443359375,0.26255035400390625,0.35491943359375,0.33636474609375,0.24848175048828125,0.23676300048828125,0,238700.40850830078,241215.95599365234,0,34088599552,2147483648,8487251968,0
200,1787751405792,3500,3500,3500,3500,3500,3500,3500,3500,3500,3500,3500,3500,3500,3500,3500,3500,3500,3500,3500,3500,28.13836669921875,0.3045501708984375,0.357391357421875,0.3518524169921875,0.31755828857421875,0.3507080078125,0.30340576171875,0.40618896484375,0.5391693115234375,0.559661865234375,2.877197265625,0.5356292724609375,11.101394653320313,0.33884429931640625,27.763687133789063,0.29248809814453125,8.725540161132813,0.36810302734375,39.67082595825195,0.3961181640625,0,238709.12420654297,241222.48388671875,0,34088599552,2147483648,8487755776,0
199,1787751405992,3500,3500,3500,3500,3500,3500,3500,3500,3500,3500,3500,3500,3500,3500,3500,3500,3500,3500,3500,3500,5.935020446777344,0.24291229248046875,0.30535888671875,0.2987213134765625,0.398956298828125,2.9552001953125,0.4857177734375,0.43395233154296875,0.440643310546875,0.42012786865234375,0.4342041015625,2.9908981323242188,3.451904296875,0.2740631103515625,39.554473876953125,0.22328948974609375,57.329227447509766,0.2180023193359375,0.5330963134765625,0.52410888671875,0,238718.6586303711,241229.8969116211,0,34088599552,2147483648,8487755776,0
200,1787751406192,3500,3500,3500,3500,3500,3500,3500,3500,3500,3500,3500,3500,3500,3500,3500,3500,3500,3500,3500,3500,2.535614013671875,2.7761383056640625,2.8675613403320313,0.31005096435546875,0.31400299072265625,0.31310272216796875,2.8376235961914063,0.2815093994140625,1.1153564453125,0.44106292724609375,0.38542938232421875,0.4779052734375,25.4130859375,0.20453643798828125,48.72557067871094,2.7378005981445313,0.6060638427734375,0.30515289306640625,31.36273956298828,2.8505172729492188,0,238727.4735107422,241236.58227539063,0,34088599552,2147483648,8487895040,0
200,1787751406393,3500,3500,3500,3500,3500,3500,3500,3500,3500,3500,3500,3500,3500,3500,3500,3500,3500,3500,3500,3500,5.54742431640625,0.2231903076171875,0.3585052490234375,2.8994979858398438,2.9257965087890625,0.3008270263671875,0.21595001220703125,0.24344635009765625,0.8355178833007813,0.47711181640625,0.339599609375,0.46673583984375,45.481998443603516,2.6807022094726563,49.818973541259766,0.16506195068359375,11.038360595703125,2.7763519287109375,2.8096389770507813,0.2411041259765625,0,238736.4741821289,241243.4585571289,0,34088599552,2147483648,8488083456,0
200,1787751406593,3500,3500,3500,3500,3500,3500,3500,3500,3500,3500,3500,3500,3500,3500,3500,3500,3500,3500,3500,3500,10.282600402832031,0.20844268798828125,0.30059814453125,0.3258209228515625,0.343505859375,0.23790740966796875,0.206695556640625,2.8325958251953125,2.9718551635742188,3.004425048828125,0.40604400634765625,0.4560394287109375,12.082191467285156,0.24755096435546875,50.372501373291016,0.2305145263671875,35.02124786376953,0.2419586181640625,0.29724884033203125,0.31053924560546875,0,238746.5,241251.35833740234,0,34088599552,2147483648,8488636416,0
200,1787751406793,3500,3500,3500,3500,3500,3500,3500,3500,3500,3500,3500,3500,3500,3500,3500,3500,3500,3500,3500,3500,1.2901611328125,0.22589874267578125,0.2646636962890625,0.32611083984375,0.341949462890625,0.25138092041015625,0.2997894287109375,0.32032012939453125,0.38616180419921875,0.44960784912109375,2.97857666015625,0.39405059814453125,5.17364501953125,0.26142120361328125,100,0.11429595947265625,0.27520751953125,0.3173675537109375,0.28025054931640625,0.30283355712890625,0,238756.01416015625,241258.75,0,34088599552,2147483648,8488636416,0
200,1787751406994,3500,3500,3500,3500,3500,3500,3500,3500,3500,3500,3500,3500,3500,3500,3500,3500,3500,3500,3500,3500,1.2772140502929688,0.26971435546875,0.31975555419921875,0.31551361083984375,0.237579345703125,2.847442626953125,0.25020599365234375,0.29151153564453125,0.367401123046875,0.39598846435546875,0.37284088134765625,2.8460006713867188,2.671478271484375,0.3000946044921875,100,0.13864898681640625,0.3350677490234375,0.29465484619140625,0.31945037841796875,0.31186676025390625,0,238763.65759277344,241264.2827758789,0,34088599552,2147483648,8488636416,0
199,1787751407194,3500,3500,3500,3500,3500,3500,3500,3500,3500,3500,3500,3500,3500,3500,3500,3500,3500,3500,3500,3500,4.627845764160156,2.7276611328125,2.7830352783203125,0.262176513671875,0.33565521240234375,0.26911163330078125,2.7519073486328125,0.2341461181640625,0.26312255859375,0.21673583984375,0.32158660888671875,0.2436676025390625,62.87892532348633,0.15203857421875,42.99979782104492,2.7338485717773438,1.507415771484375,0.276641845703125,0.31524658203125,2.7899169921875,0,238772.73571777344,241271.21228027344,0,34088599552,2147483648,8488972288,0
200,1787751407394,3500,3500,3500,3500,3500,3500,3500,3500,3500,3500,3500,3500,3500,3500,3500,3500,3500,3500,3500,3500,21.498367309570313,0.2077789306640625,0.28922271728515625,2.8650894165039063,3.0695724487304688,0.22308349609375,0.28497314453125,0.290374755859375,0.43041229248046875,0.3484649658203125,0.4274139404296875,0.2712249755859375,22.193504333496094,2.8023452758789063,66.49656677246094,0.21202850341796875,2.8079986572265625,2.8190994262695313,2.82159423828125,0.293426513671875,0,238781.58917236328,241277.95178222656,0,34088599552,2147483648,8489168896,0
199,1787751407594,3500,3500,3500,3500,3500,3500,3500,3500,3500,3500,3500,3500,3500,3500,3500,3500,3500,3500,3500,3500,2.4010772705078125,0.248260498046875,0.2954254150390625,0.2977752685546875,0.2322235107421875,0.225677490234375,0.28458404541015625,2.7531585693359375,2.8156585693359375,2.8387451171875,0.2345733642578125,0.276336669921875,50.998966217041016,0.22087860107421875,51.1939697265625,0.246063232421875,0.31156158447265625,0.3496856689453125,0.30277252197265625,0.2879791259765625,0,238789.46844482422,241283.71319580078,0,34088599552,2147483648,8489271296,0
200,1787751407794,3500,3500,3500,3500,3500,3500,3500,3500,3500,3500,3500,3500,3500,3500,3500,3500,3500,3500,3500,3500,8.933517456054688,0.32126617431640625,0.30207061767578125,0.2846221923828125,0.3137664794921875,0.26932525634765625,0.271575927734375,0.2445831298828125,0.2531280517578125,0.2978668212890625,2.7860870361328125,0.32346343994140625,5.215782165527344,0.30191802978515625,29.76483917236328,0.37979888916015625,63.217071533203125,0.2159881591796875,0.33945465087890625,0.30411529541015625,0,238797.4705810547,241289.58868408203,0,34088599552,2147483648,8489271296,0
200,1787751407995,3500,3500,3500,3500,3500,3500,3500,3500,3500,3500,3500,3500,3500,3500,3500,3500,3500,3500,3500,3500,2.7518157958984375,0.24562835693359375,0.269622802734375,0.31742095947265625,0.3202667236328125,0.27671051025390625,0.2215728759765625,0.23624420166015625,0.26288604736328125,0.26528167724609375,0.313629150390625,2.7855453491210938,10.677169799804688,0.21219635009765625,24.88782501220703,0.237091064453125,68.77851867675781,0.19058990478515625,0.35813140869140625,0.32924652099609375,0,238807.68188476563,241297.65618896484,0,34088599552,2147483648,8489598976,0
200,1787751408195,3500,3500,3500,3500,3500,3500,3500,3500,3500,3500,3500,3500,3500,3500,3500,3500,3500,3500,3500,3500,3.0956192016601563,2.7927627563476563,2.8466720581054688,0.31069183349609375,3.1205520629882813,2.85345458984375,0.288543701171875,0.31632232666015625,1.4249343872070313,0.5991363525390625,0.3054046630859375,0.2608184814453125,19.464599609375,0.2416229248046875,8.273208618164063,2.8142013549804688,77.56251525878906,0.19524383544921875,0.415069580078125,2.9243698120117188,0,238816.0814819336,241303.9375,0,34088599552,2147483648,8489930752,0
200,1787751408395,3500,3500,3500,3500,3500,3500,3500,3500,3500,3500,3500,3500,3500,3500,3500,3500,3500,3500,3500,3500,4.455986022949219,0.2528839111328125,0.30992889404296875,0.2815093994140625,2.82745361328125,0.281951904296875,2.7522125244140625,0.26741790771484375,0.3878631591796875,0.23754119873046875,0.21675872802734375,0.28090667724609375,4.123176574707031,2.76275634765625,1.0354995727539063,0.263671875,90.50682830810547,2.6536483764648438,14.966484069824219,0.3003387451171875,0,238825.2670288086,241310.99676513672,0,34088599552,2147483648,8489930752,0
200,1787751408596,3500,3500,3500,3500,3500,3500,3500,3500,3500,3500,3500,3500,3500,3500,3500,3500,3500,3500,3500,3500,9.727340698242188,0.2920684814453125,0.291473388671875,2.7998809814453125,0.24759674072265625,0.24945068359375,0.25904083251953125,0.30815887451171875,2.8220672607421875,2.825469970703125,0.264190673828125,0.24639892578125,22.658859252929688,0.18468475341796875,60.25606155395508,0.17803955078125,3.6009445190429688,0.3108062744140625,27.37957000732422,0.29232025146484375,0,238835.05926513672,241318.62036132813,0,34088599552,2147483648,8490315776,0
200,1787751408796,3500,3500,3500,3500,3500,3500,3500,3500,3500,3500,3500,3500,3500,3500,3500,3500,3500,3500,3500,3500,16.736984252929688,0.22855377197265625,0.32617950439453125,0.29647064208984375,0.27614593505859375,0.2819366455078125,0.29317474365234375,2.8318939208984375,0.30130767822265625,0.29302215576171875,2.784454345703125,0.23059844970703125,5.791473388671875,0.27559661865234375,26.202110290527344,0.24603271484375,58.648555755615234,0.20308685302734375,0.2804412841796875,0.34470367431640625,0,238844.37103271484,241325.8143310547,0,34088599552,2147483648,8490315776,0
200,1787751408996,3500,3500,3500,3500,3500,3500,3500,3500,3500,3500,3500,3500,3500,3500,3500,3500,3500,3500,3500,3500,8.315498352050781,0.20723724365234375,0.29062652587890625,0.2734375,0.42082977294921875,0.44775390625,0.44055938720703125,0.39844512939453125,0.21783447265625,0.163177490234375,0.253204345703125,2.8272247314453125,78.44508361816406,0.1014251708984375,16.10700225830078,0.25605010986328125,0.30097198486328125,0.25714874267578125,0.27474212646484375,0.25106048583984375,0,238854.4493408203,241333.76818847656,0,34088599552,2147483648,8490315776,0
200,1787751409197,3500,3500,3500,3500,3500,3500,3500,3500,3500,3500,3500,3500,3500,3500,3500,3500,3500,3500,3500,3500,3.53192138671875,2.7991714477539063,2.9092025756835938,0.37400054931640625,0.262481689453125,2.7816238403320313,0.37718963623046875,0.3604888916015625,0.25624847412109375,0.25829315185546875,0.31467437744140625,0.36428070068359375,99.81629180908203,0.15494537353515625,4.3498687744140625,2.841552734375,0.3341217041015625,0.3101348876953125,0.3404998779296875,2.8499221801757813,0,238865.33270263672,241342.53485107422,0,34088599552,2147483648,8490315776,0
199,1787751409397,3500,3500,3500,3500,3500,3500,3500,3500,3500,3500,3500,3500,3500,3500,3500,3500,3500,3500,3500,3500,15.870948791503906,0.247314453125,0.34285736083984375,0.3579254150390625,0.2713623046875,0.3014984130859375,2.8255767822265625,0.33392333984375,1.365386962890625,0.29935455322265625,0.28199005126953125,0.3980865478515625,78.34174346923828,2.6134872436523438,7.852882385253906,0.26317596435546875,3.4681320190429688,2.7448043823242188,9.043251037597656,0.20435333251953125,0,238874.47052001953,241349.5346069336,0,34088599552,2147483648,8490844160,0
200,1787751409597,3500,3500,3500,3500,3500,3500,3500,3500,3500,3500,3500,3500,3500,3500,3500,3500,3500,3500,3500,3500,10.027008056640625,0.296295166015625,0.426300048828125,2.9743881225585938,2.7957992553710938,0.29099273681640625,0.35712432861328125,0.39595794677734375,0.3766632080078125,3.010772705078125,0.3922576904296875,0.45883941650390625,37.932621002197266,0.25830841064453125,32.24425506591797,0.32958221435546875,0.4528350830078125,0.330780029296875,24.953216552734375,0.3119354248046875,0,238882.73443603516,241355.67163085938,0,34088599552,2147483648,8490954752,0
200,1787751409797,3500,3500,3500,3500,3500,3500,3500,3500,3500,3500,3500,3500,3500,3500,3500,3500,3500,3500,3500,3500,22.232810974121094,0.2618865966796875,0.4199066162109375,0.43894195556640625,0.336669921875,0.31189727783203125,0.304901123046875,2.8679428100585938,2.8340682983398438,0.3169403076171875,2.8687896728515625,0.37264251708984375,35.44499969482422,0.2079315185546875,48.47262954711914,0.31409454345703125,0.32653045654296875,0.31009674072265625,0.325531005859375,0.31703948974609375,0,238891.58178710938,241362.40142822266,0,34088599552,2147483648,8490954752,0
200,1787751409998,3500,3500,3500,3500,3500,3500,3500,3500,3500,3500,3500,3500,3500,3500,3500,3500,3500,3500,3500,3500,3.2096176147460938,0.24639129638671875,0.27010345458984375,0.30129241943359375,0.25168609619140625,0.244598388671875,0.25522613525390625,0.302093505859375,0.35030364990234375,0.30443572998046875,0.41024017333984375,2.9580307006835938,4.1632537841796875,0.27913665771484375,25.296104431152344,0.23516845703125,73.3509521484375,0.16469573974609375,0.3114776611328125,0.284027099609375,0,238900.94763183594,241369.6396484375,0,34088599552,2147483648,8490954752,0
200,1787751410198,3500,3500,3500,3500,3500,3500,3500,3500,3500,3500,3500,3500,3500,3500,3500,3500,3500,3500,3500,3500,4.71875,2.75433349609375,1.8924789428710938,0.2818145751953125,0.305511474609375,2.8046188354492188,0.21212005615234375,0.27338409423828125,0.6509780883789063,0.22414398193359375,0.2725372314453125,0.2490386962890625,11.270606994628906,0.2811126708984375,56.5739860534668,2.7534866333007813,17.905426025390625,0.30675506591796875,23.31366729736328,2.7703475952148438,0,238910.9638671875,241377.51068115234,0,34088599552,2147483648,8491569152,0
200,1787751410398,3500,3500,3500,3500,3500,3500,3500,3500,3500,3500,3500,3500,3500,3500,3500,3500,3500,3500,3500,3500,3.815948486328125,0.26166534423828125,1.1838455200195313,0.31310272216796875,0.234344482421875,0.2933807373046875,2.796173095703125,0.28128814697265625,0.28887939453125,0.26445770263671875,0.28203582763671875,0.232391357421875,3.997100830078125,2.7914276123046875,9.235580444335938,0.35211181640625,92.18994903564453,2.6687088012695313,2.8425216674804688,0.3159027099609375,0,238920.53356933594,241384.9647216797,0,34088599552,2147483648,8491831296,0
200,1787751410599,3500,3500,3500,3500,3500,3500,3500,3500,3500,3500,3500,3500,3500,3500,3500,3500,3500,3500,3500,3500,2.19696044921875,0.23553466796875,0.26506805419921875,2.7826766967773438,2.7651138305664063,0.18389892578125,0.28153228759765625,0.229248046875,0.280181884765625,2.6948165893554688,0.29465484619140625,0.2307891845703125,34.761924743652344,0.16832733154296875,68.32029724121094,0.1495208740234375,1.900665283203125,0.2692108154296875,0.2553863525390625,0.277191162109375,0,238930.46337890625,241392.76531982422,0,34088599552,2147483648,8491937792,0
200,1787751410799,3500,3500,3500,3500,3500,3500,3500,3500,3500,3500,3500,3500,3500,3500,3500,3500,3500,3500,3500,3500,32.406349182128906,0.24599456787109375,41.52366256713867,0.26696014404296875,0.7905044555664063,0.27115631103515625,0.26381683349609375,2.7164459228515625,11.711311340332031,1.9142608642578125,2.9419326782226563,0.2407073974609375,59.20479202270508,0.21210479736328125,72.40087127685547,0.17510986328125,60.84595489501953,0.2122039794921875,50.194007873535156,0.2447509765625,0,238944.2914428711,241404.35076904297,0,34088599552,2147483648,8528019456,0
200,1787751410999,3500,3500,3500,3500,3500,3500,3500,3500,3500,3500,3500,3500,3500,3500,3500,3500,3500,3500,3500,3500,22.749794006347656,0.3242034912109375,59.37398147583008,0.2921295166015625,0.3401947021484375,0.40289306640625,0.2784881591796875,0.35283660888671875,0.8498611450195313,0.415283203125,0.41493988037109375,2.9022140502929688,43.60487365722656,0.23557281494140625,25.64166259765625,0.2686004638671875,68.57234191894531,0.2526092529296875,78.27767944335938,0.22138214111328125,0,238955.49530029297,241413.39971923828,0,34088599552,2147483648,8539246592,0
200,1787751411200,3500,3500,3500,3500,3500,3500,3500,3500,3500,3500,3500,3500,3500,3500,3500,3500,3500,3500,3500,3500,28.092758178710938,2.8512344360351563,50.17605209350586,0.2679290771484375,25.425132751464844,2.8751373291015625,0.3388824462890625,0.3329925537109375,23.443344116210938,0.9504318237304688,0.36467742919921875,0.32122039794921875,21.99677276611328,0.31533050537109375,63.43315887451172,2.8147659301757813,37.84801483154297,0.28614044189453125,10.417045593261719,2.8380126953125,0,238966.4901123047,241422.18927001953,0,34088599552,2147483648,8510242816,0
200,1787751411400,3500,3500,3500,3500,3500,3500,3500,3500,3500,3500,3500,3500,3500,3500,3500,3500,3500,3500,3500,3500,4.830894470214844,0.23731231689453125,2.8396377563476563,0.273773193359375,74.84819030761719,0.162506103515625,2.6709365844726563,0.15166473388671875,9.149200439453125,0.38922882080078125,0.2013092041015625,0.22628021240234375,2.5799484252929688,2.73126220703125,100,0.09967803955078125,1.7581863403320313,2.9152450561523438,2.8192596435546875,0.25724029541015625,0,238976.71173095703,241430.59240722656,0,34088599552,2147483648,8506621952,0
199,1787751411600,3500,3500,3500,3500,3500,3500,3500,3500,3500,3500,3500,3500,3500,3500,3500,3500,3500,3500,3500,3500,4.827362060546875,0.2833709716796875,0.29090118408203125,2.8337478637695313,2.8703079223632813,0.3180389404296875,0.45969390869140625,0.28057861328125,0.30945587158203125,2.8126449584960938,0.26441192626953125,0.2388763427734375,18.810348510742188,0.2372283935546875,59.86205291748047,0.19518280029296875,29.792831420898438,0.25618743896484375,2.8692092895507813,0.29364776611328125,0,238984.53881835938,241436.42022705078,0,34088599552,2147483648,8506122240,0
200,1787751411800,3500,3500,3500,3500,3500,3500,3500,3500,3500,3500,3500,3500,3500,3500,3500,3500,3500,3500,3500,3500,10.131172180175781,0.2577667236328125,0.3762359619140625,0.32575225830078125,0.429718017578125,0.37203216552734375,0.505096435546875,2.96148681640625,2.8735122680664063,0.30660247802734375,2.8079833984375,0.32779693603515625,56.99011993408203,0.2151336669921875,0.6153106689453125,0.284759521484375,39.179412841796875,0.26177215576171875,0.2793121337890625,0.34864044189453125,0,238994.2329711914,241443.6767578125,0,34088599552,2147483648,8506077184,0
200,1787751412001,3500,3500,3500,3500,3500,3500,3500,3500,3500,3500,3500,3500,3500,3500,3500,3500,3500,3500,3500,3500,1.3066177368164063,0.27257537841796875,0.42996978759765625,0.44927978515625,0.418243408203125,0.39423370361328125,0.5302200317382813,0.48162078857421875,0.336395263671875,0.29412841796875,0.313446044921875,2.7903518676757813,2.9042816162109375,0.30291748046875,6.423713684082031,0.3116455078125,93.91338348388672,0.171417236328125,0.3464813232421875,0.327117919921875,0,239004.21740722656,241451.3949584961,0,34088599552,2147483648,8505872384,0
199,1787751412201,3500,3500,3500,3500,3500,3500,3500,3500,3500,3500,3500,3500,3500,3500,3500,3500,3500,3500,3500,3500,10.139732360839844,0.260772705078125,0.369873046875,0.3746185302734375,0.3121490478515625,2.8806991577148438,0.25867462158203125,0.28885650634765625,0.7735214233398438,0.23218536376953125,0.255828857421875,0.2805633544921875,6.78240966796875,0.23108673095703125,33.09239959716797,2.7827529907226563,59.13486862182617,0.15142822265625,0.3279876708984375,2.8282318115234375,0,239014.68817138672,241459.73754882813,0,34088599552,2147483648,8505327616,0
199,1787751412401,3500,3500,3500,3500,3500,3500,3500,3500,3500,3500,3500,3500,3500,3500,3500,3500,3500,3500,3500,3500,4.962715148925781,2.766143798828125,2.8473129272460938,0.3080291748046875,0.2518463134765625,0.19351959228515625,2.855010986328125,0.31392669677734375,0.3913421630859375,0.45766448974609375,0.4840545654296875,0.519989013671875,27.417686462402344,2.7349090576171875,37.326969146728516,0.26459503173828125,39.358055114746094,2.7389068603515625,2.8826446533203125,0.3713531494140625,0,239021.87463378906,241464.7921142578,0,34088599552,2147483648,8505409536,0
200,1787751412601,3500,3500,3500,3500,3500,3500,3500,3500,3500,3500,3500,3500,3500,3500,3500,3500,3500,3500,3500,3500,8.074058532714844,0.24913787841796875,0.28647613525390625,2.8000106811523438,2.8297042846679688,0.3082275390625,0.3675079345703125,0.302276611328125,0.3986053466796875,2.8763427734375,0.4386444091796875,0.4662322998046875,18.14698028564453,0.29927825927734375,83.4561767578125,0.1507110595703125,2.8447952270507813,0.27918243408203125,0.28243255615234375,0.29438018798828125,0,239030.24060058594,241471.0352783203,0,34088599552,2147483648,8505372672,0
200,1787751412801,3500,3500,3500,3500,3500,3500,3500,3500,3500,3500,3500,3500,3500,3500,3500,3500,3500,3500,3500,3500,12.491706848144531,0.27643585205078125,0.40064239501953125,0.39405059814453125,0.33296966552734375,0.254608154296875,0.36438751220703125,2.8731842041015625,2.831634521484375,0.32537841796875,2.8789825439453125,0.30260467529296875,22.923110961914063,0.25525665283203125,72.3637466430664,0.17459869384765625,0.315093994140625,0.31249237060546875,0.30660247802734375,0.30660247802734375,0,239038.64489746094,241477.30987548828,0,34088599552,2147483648,8505434112,0
200,1787751413002,3500,3500,3500,3500,3500,3500,3500,3500,3500,3500,3500,3500,3500,3500,3500,3500,3500,3500,3500,3500,3.61517333984375,0.19960784912109375,0.3170318603515625,0.31587982177734375,0.18373870849609375,0.21193695068359375,0.156494140625,0.20270538330078125,0.21802520751953125,0.20275115966796875,0.19327545166015625,2.7100982666015625,20.94495391845703,0.14227294921875,66.5272216796875,0.10494232177734375,16.68299102783203,0.2120819091796875,0.20989227294921875,0.22690582275390625,0,239047.17248535156,241483.7056274414,0,34088599552,2147483648,8505696256,0
200,1787751413202,3500,3500,3500,3500,3500,3500,3500,3500,3500,3500,3500,3500,3500,3500,3500,3500,3500,3500,3500,3500,3.6775665283203125,0.300537109375,0.5071487426757813,0.49811553955078125,0.28192901611328125,2.8506317138671875,0.423095703125,0.32143402099609375,0.4219512939453125,0.35216522216796875,0.3442840576171875,0.37461090087890625,47.089385986328125,0.25264739990234375,4.0439453125,2.88958740234375,7.358329772949219,0.34857177734375,48.453895568847656,2.802398681640625,0,239057.05822753906,241491.47039794922,0,34088599552,2147483648,8505696256,0
199,1787751413402,3500,3500,3500,3500,3500,3500,3500,3500,3500,3500,3500,3500,3500,3500,3500,3500,3500,3500,3500,3500,24.912643432617188,2.7585906982421875,2.8935165405273438,0.3763580322265625,0.303192138671875,0.2416229248046875,2.7747802734375,0.246673583984375,0.2413787841796875,0.23712921142578125,0.3116912841796875,0.28095245361328125,20.212051391601563,0.2074432373046875,60.583431243896484,0.20819091796875,0.590850830078125,2.8183059692382813,2.8123092651367188,0.264312744140625,0,239066.64373779297,241498.92254638672,0,34088599552,2147483648,8505655296,0
200,1787751413602,3500,3500,3500,3500,3500,3500,3500,3500,3500,3500,3500,3500,3500,3500,3500,3500,3500,3500,3500,3500,4.909400939941406,0.24637603759765625,0.4002532958984375,2.9069290161132813,2.8421096801757813,0.26851654052734375,0.2489776611328125,0.23398590087890625,0.3459320068359375,2.7566070556640625,0.24633026123046875,0.35347747802734375,34.05078125,2.7369155883789063,54.24457931518555,0.21874237060546875,18.434852600097656,0.2711181640625,0.2953033447265625,0.31119537353515625,0,239075.56213378906,241505.7196044922,0,34088599552,2147483648,8505589760,0
199,1787751413803,3500,3500,3500,3500,3500,3500,3500,3500,3500,3500,3500,3500,3500,3500,3500,3500,3500,3500,3500,3500,8.163307189941406,0.24500274658203125,0.39466094970703125,0.41158294677734375,0.224334716796875,0.31304168701171875,0.218048095703125,2.8233566284179688,2.8778152465820313,0.33180999755859375,2.8994293212890625,0.39780426025390625,48.81867218017578,0.22039031982421875,31.15477752685547,0.31124114990234375,34.780426025390625,0.20177459716796875,2.0601959228515625,0.27759552001953125,0,239084.76153564453,241512.75775146484,0,34088599552,2147483648,8505655296,0
199,1787751414003,3500,3500,3500,3500,3500,3500,3500,3500,3500,3500,3500,3500,3500,3500,3500,3500,3500,3500,3500,3500,1.6908416748046875,0.2631683349609375,0.41590118408203125,0.43004608154296875,0.25841522216796875,0.28081512451171875,0.30490875244140625,0.27376556396484375,0.284912109375,0.30956268310546875,0.2590179443359375,2.6629180908203125,58.030433654785156,0.18657684326171875,0.41144561767578125,0.41179656982421875,43.40053939819336,0.285064697265625,0.33255767822265625,0.3263092041015625,0,239093.5503540039,241519.41925048828,0,34088599552,2147483648,8505655296,0
199,1787751414203,3500,3500,3500,3500,3500,3500,3500,3500,3500,3500,3500,3500,3500,3500,3500,3500,3500,3500,3500,3500,2.9035568237304688,0.22431182861328125,0.32894134521484375,0.33658599853515625,0.5879440307617188,2.7658843994140625,0.21800994873046875,0.2068634033203125,0.43067169189453125,0.47360992431640625,0.279449462890625,0.38347625732421875,19.478065490722656,0.167266845703125,54.283226013183594,2.6684494018554688,32.267784118652344,0.32733917236328125,0.24570465087890625,2.8218231201171875,0,239103.61193847656,241527.3653564453,0,34088599552,2147483648,8505786368,0
200,1787751414403,3500,3500,3500,3500,3500,3500,3500,3500,3500,3500,3500,3500,3500,3500,3500,3500,3500,3500,3500,3500,1.7770767211914063,2.7702713012695313,2.8278121948242188,0.31073760986328125,0.24845123291015625,0.270843505859375,2.8811492919921875,0.30843353271484375,0.4635009765625,0.30463409423828125,0.2815399169921875,0.283294677734375,2.6709976196289063,0.26644134521484375,0.289886474609375,0.2989349365234375,100,0.12957000732421875,2.938690185546875,0.423614501953125,0,239113.83081054688,241535.46197509766,0,34088599552,2147483648,8505786368,0
200,1787751414603,3500,3500,3500,3500,3500,3500,3500,3500,3500,3500,3500,3500,3500,3500,3500,3500,3500,3500,3500,3500,6.6400909423828125,0.2860260009765625,0.3972015380859375,2.849945068359375,2.8058013916015625,0.2595062255859375,0.2417755126953125,0.25811004638671875,0.447845458984375,0.19647979736328125,0.2258453369140625,0.3026123046875,5.2039031982421875,2.8148880004882813,26.862167358398438,0.24847412109375,76.51992797851563,2.6894302368164063,1.89666748046875,0.41957855224609375,0,239122.88385009766,241542.3861694336,0,34088599552,2147483648,8505921536,0
200,1787751414803,3500,3500,3500,3500,3500,3500,3500,3500,3500,3500,3500,3500,3500,3500,3500,3500,3500,3500,3500,3500,9.356216430664063,0.30764007568359375,0.472137451171875,0.4582672119140625,0.3242034912109375,0.44439697265625,0.30001068115234375,2.8842239379882813,2.9187469482421875,2.9145584106445313,2.819061279296875,0.3495025634765625,37.243892669677734,0.27520751953125,60.2952766418457,0.26782989501953125,0.409271240234375,0.33408355712890625,0.3997955322265625,0.431427001953125,0,239130.69018554688,241548.0687866211,0,34088599552,2147483648,8505913344,0
200,1787751415004,3500,3500,3500,3500,3500,3500,3500,3500,3500,3500,3500,3500,3500,3500,3500,3500,3500,3500,3500,3500,3.03155517578125,0.317901611328125,0.4487457275390625,0.4503936767578125,0.29913330078125,0.263092041015625,0.27152252197265625,0.30252838134765625,0.4306793212890625,0.2643890380859375,0.238128662109375,0.227447509765625,90.735595703125,0.12245941162109375,9.981834411621094,0.2884521484375,0.28235626220703125,0.30422210693359375,0.293792724609375,0.3013763427734375,0,239140.48376464844,241555.73712158203,0,34088599552,2147483648,8505909248,0
200,1787751415204,3500,3500,3500,3500,3500,3500,3500,3500,3500,3500,3500,3500,3500,3500,3500,3500,3500,3500,3500,3500,31.96501922607422,0.1770172119140625,0.4680328369140625,0.4842987060546875,0.191436767578125,2.8114013671875,0.24811553955078125,0.25704193115234375,2.1952896118164063,0.24871063232421875,0.27031707763671875,2.8740158081054688,38.035003662109375,0.1956787109375,39.985572814941406,0.2035064697265625,8.506149291992188,0.2449188232421875,0.25649261474609375,2.7809677124023438,0,239149.50225830078,241562.60693359375,0,34088599552,2147483648,8506130432,0
200,1787751415404,3500,3500,3500,3500,3500,3500,3500,3500,3500,3500,3500,3500,3500,3500,3500,3500,3500,3500,3500,3500,3.2654647827148438,2.7964859008789063,2.915618896484375,0.42288970947265625,0.27700042724609375,0.2823486328125,2.8125152587890625,0.30561065673828125,0.33032989501953125,0.273956298828125,0.26526641845703125,0.2238311767578125,3.374359130859375,0.3110504150390625,0.44366455078125,2.8003311157226563,100,0.12567138671875,2.8201522827148438,0.2807464599609375,0,239159.2606201172,241570.2456665039,0,34088599552,2147483648,8506130432,0
200,1787751415605,3500,3500,3500,3500,3500,3500,3500,3500,3500,3500,3500,3500,3500,3500,3500,3500,3500,3500,3500,3500,27.064437866210938,0.20351409912109375,0.4027252197265625,2.907135009765625,2.779388427734375,0.3128814697265625,0.2921600341796875,0.33086395263671875,0.39328765869140625,0.29500579833984375,0.320770263671875,0.34114837646484375,26.18896484375,2.7531661987304688,1.1678314208984375,0.330963134765625,35.522613525390625,2.7944717407226563,67.62979125976563,0.19586944580078125,0,239169.16430664063,241577.95782470703,0,34088599552,2147483648,8506101760,0
200,1787751415805,3500,3500,3500,3500,3500,3500,3500,3500,3500,3500,3500,3500,3500,3500,3500,3500,3500,3500,3500,3500,16.944534301757813,0.21312713623046875,0.3150177001953125,0.25489044189453125,0.33203887939453125,0.38472747802734375,0.3806915283203125,2.85064697265625,2.7381210327148438,2.8096237182617188,2.8313827514648438,0.22055816650390625,9.659317016601563,0.24086761474609375,38.88058090209961,0.2387237548828125,16.174278259277344,0.2593841552734375,25.797218322753906,0.26177978515625,0,239178.35736083984,241585.02838134766,0,34088599552,2147483648,8506101760,0
200,1787751416005,3500,3500,3500,3500,3500,3500,3500,3500,3500,3500,3500,3500,3500,3500,3500,3500,3500,3500,3500,3500,5.381080627441406,0.20371246337890625,0.28924560546875,0.251617431640625,0.26314544677734375,0.225616455078125,0.28350830078125,0.20870208740234375,0.2659912109375,0.31150054931640625,0.42273712158203125,0.25905609130859375,33.875274658203125,0.19482421875,22.42613983154297,0.17900848388671875,46.92045593261719,0.16204071044921875,0.2538604736328125,0.2999267578125,0,239187.16864013672,241591.69787597656,0,34088599552,2147483648,8506167296,0
199,1787751416206,3500,3500,3500,3500,3500,3500,3500,3500,3500,3500,3500,3500,3500,3500,3500,3500,3500,3500,3500,3500,15.337074279785156,0.28546905517578125,0.3300628662109375,0.33026885986328125,0.29071044921875,2.8770675659179688,0.29245758056640625,0.2722015380859375,0.40129852294921875,0.42504119873046875,0.5129318237304688,2.9984817504882813,20.329566955566406,0.27130889892578125,41.019527435302734,0.252899169921875,32.83746337890625,0.26093292236328125,0.33585357666015625,2.840057373046875,0,239197.51928710938,241599.9158935547,0,34088599552,2147483648,8506294272,0
199,1787751416406,3500,3500,3500,3500,3500,3500,3500,3500,3500,3500,3500,3500,3500,3500,3500,3500,3500,3500,3500,3500,1.1798858642578125,2.8031997680664063,2.8471450805664063,0.285247802734375,0.2586517333984375,0.323638916015625,2.7703018188476563,0.28209686279296875,0.39353179931640625,0.3847808837890625,0.48101043701171875,0.3677825927734375,4.441658020019531,0.30139923095703125,0.29404449462890625,2.8167495727539063,100,0.12317657470703125,2.8261489868164063,0.2904510498046875,0,239206.1326904297,241606.40942382813,0,34088599552,2147483648,8506687488,0
200,1787751416606,3500,3500,3500,3500,3500,3500,3500,3500,3500,3500,3500,3500,3500,3500,3500,3500,3500,3500,3500,3500,36.757469177246094,0.1735992431640625,0.29441070556640625,2.7924957275390625,2.7942428588867188,0.28066253662109375,0.208038330078125,0.27971649169921875,1.2432708740234375,0.29486083984375,0.2348785400390625,0.1895904541015625,29.15154266357422,2.7772979736328125,11.98553466796875,0.301605224609375,48.56401443481445,2.7334671020507813,0.2778167724609375,0.29225921630859375,0,239215.14868164063,241613.27215576172,0,34088599552,2147483648,8506949632,0
200,1787751416806,3500,3500,3500,3500,3500,3500,3500,3500,3500,3500,3500,3500,3500,3500,3500,3500,3500,3500,3500,3500,8.103843688964844,0.22724151611328125,1.1273269653320313,0.352508544921875,0.39960479736328125,0.25812530517578125,0.321929931640625,2.7340240478515625,2.7672500610351563,2.8524093627929688,2.824127197265625,0.27054595947265625,37.8687744140625,0.2277374267578125,27.638885498046875,0.2393646240234375,4.9242706298828125,0.29913330078125,3.2029266357421875,0.29090118408203125,0,239224.55810546875,241620.5170288086,0,34088599552,2147483648,8507080704,0
200,1787751417007,3500,3500,3500,3500,3500,3500,3500,3500,3500,3500,3500,3500,3500,3500,3500,3500,3500,3500,3500,3500,6.988624572753906,0.2799072265625,0.29248809814453125,0.3654632568359375,0.2373504638671875,0.30962371826171875,0.31111907958984375,0.39398193359375,0.31396484375,0.3012847900390625,0.333251953125,0.33029937744140625,48.21825408935547,0.255279541015625,48.45261001586914,0.248291015625,0.37305450439453125,0.39952850341796875,0.41776275634765625,0.429046630859375,0,239231.92028808594,241625.76342773438,0,34088599552,2147483648,8507080704,0
200,1787751417207,3500,3500,3500,3500,3500,3500,3500,3500,3500,3500,3500,3500,3500,3500,3500,3500,3500,3500,3500,3500,13.440582275390625,0.25811004638671875,0.29930877685546875,0.2730712890625,0.26688385009765625,2.8090667724609375,0.29521942138671875,0.28374481201171875,0.26963043212890625,0.2150115966796875,0.30718994140625,2.74896240234375,4.174720764160156,0.2600555419921875,92.06159210205078,0.1188507080078125,0.31362152099609375,0.26668548583984375,0.3709259033203125,2.9045257568359375,0,239241.81188964844,241633.5210571289,0,34088599552,2147483648,8507211776,0
200,1787751417408,3500,3500,3500,3500,3500,3500,3500,3500,3500,3500,3500,3500,3500,3500,3500,3500,3500,3500,3500,3500,16.234481811523438,2.7400283813476563,2.7841339111328125,0.260040283203125,0.25799560546875,0.1858978271484375,2.8127212524414063,0.20211029052734375,0.3061370849609375,0.2439727783203125,0.29161834716796875,0.27191162109375,8.820648193359375,0.22945404052734375,80.54896545410156,2.6626968383789063,2.7474136352539063,0.278350830078125,2.8273391723632813,0.25140380859375,0,239251.1700439453,241640.82818603516,0,34088599552,2147483648,8507211776,0
200,1787751417608,3500,3500,3500,3500,3500,3500,3500,3500,3500,3500,3500,3500,3500,3500,3500,3500,3500,3500,3500,3500,7.73486328125,0.2747802734375,0.34664154052734375,2.8792800903320313,2.7806167602539063,0.36031341552734375,0.33112335205078125,0.2196807861328125,0.5708160400390625,0.3622589111328125,0.36989593505859375,0.399688720703125,30.857803344726563,2.75537109375,31.47528076171875,0.2495269775390625,25.995880126953125,2.779022216796875,0.3491363525390625,0.345245361328125,0,239259.09326171875,241646.85040283203,0,34088599552,2147483648,8507641856,0
200,1787751417808,3500,3500,3500,3500,3500,3500,3500,3500,3500,3500,3500,3500,3500,3500,3500,3500,3500,3500,3500,3500,2.0266876220703125,0.29363250732421875,0.326751708984375,0.32775115966796875,0.33798980712890625,0.27574920654296875,0.32025146484375,2.8024215698242188,2.8639144897460938,2.8193511962890625,2.7632598876953125,0.28338623046875,27.985687255859375,0.25301361083984375,76.69615173339844,0.17583465576171875,0.35202789306640625,0.3762054443359375,0.30716705322265625,0.3034210205078125,0,239267.26110839844,241652.8735961914,0,34088599552,2147483648,8507641856,0
200,1787751418008,3500,3500,3500,3500,3500,3500,3500,3500,3500,3500,3500,3500,3500,3500,3500,3500,3500,3500,3500,3500,18.110427856445313,0.16680908203125,0.33261871337890625,0.33980560302734375,0.24237060546875,0.1968536376953125,0.261138916015625,0.15887451171875,0.27042388916015625,0.13710784912109375,0.11679840087890625,0.28948974609375,48.778995513916016,0.118743896484375,38.71961975097656,0.13211822509765625,0.7628097534179688,0.22470855712890625,0.24282073974609375,0.18817138671875,0,239277.12872314453,241660.29040527344,0,34088599552,2147483648,8507981824,0
200,1787751418209,3500,3500,3500,3500,3500,3500,3500,3500,3500,3500,3500,3500,3500,3500,3500,3500,3500,3500,3500,3500,15.9581298828125,0.2214508056640625,0.41243743896484375,0.42208099365234375,0.34136962890625,2.864898681640625,0.36529541015625,0.36064910888671875,3.0610809326171875,0.305908203125,0.27494049072265625,2.9086532592773438,26.858810424804688,0.2321929931640625,34.81732940673828,0.2580108642578125,1.8860931396484375,0.3102569580078125,0.4139862060546875,2.9082565307617188,0,239284.53161621094,241665.55920410156,0,34088599552,2147483648,8508608512,0
200,1787751418409,3500,3500,3500,3500,3500,3500,3500,3500,3500,3500,3500,3500,3500,3500,3500,3500,3500,3500,3500,3500,8.0684814453125,3.1152191162109375,2.9801712036132813,0.45583343505859375,0.5314407348632813,0.450592041015625,3.0825271606445313,0.53448486328125,0.35003662109375,0.286956787109375,0.34958648681640625,0.343994140625,33.815834045410156,0.25901031494140625,2.7673263549804688,2.877471923828125,0.58837890625,0.3639068603515625,0.46112060546875,0.447998046875,0,239290.93438720703,241669.81427001953,0,34088599552,2147483648,8509964288,0
200,1787751418609,3500,3500,3500,3500,3500,3500,3500,3500,3500,3500,3500,3500,3500,3500,3500,3500,3500,3500,3500,3500,14.108039855957031,0.31380462646484375,0.34023284912109375,2.8646774291992188,3.0007858276367188,0.39162445068359375,0.47278594970703125,0.42893218994140625,0.6001434326171875,0.2962799072265625,0.284088134765625,0.241485595703125,13.62890625,2.7736282348632813,5.569488525390625,0.34117889404296875,2.7935562133789063,2.8296661376953125,2.7945556640625,0.3164520263671875,0,239299.0454711914,241675.78143310547,0,34088599552,2147483648,8512475136,0
200,1787751418810,3500,3500,3500,3500,3500,3500,3500,3500,3500,3500,3500,3500,3500,3500,3500,3500,3500,3500,3500,3500,16.2982177734375,0.6626815795898438,0.37996673583984375,0.3638458251953125,0.42337799072265625,0.398529052734375,0.47821044921875,2.9266128540039063,2.974365234375,2.84173583984375,2.9297561645507813,0.3244781494140625,16.600791931152344,0.2427520751953125,4.603797912597656,0.28186798095703125,4.213356018066406,0.2662506103515625,2.064239501953125,0.23751068115234375,0,239307.0108642578,241681.58270263672,0,34088599552,2147483648,8513806336,0
200,1787751419010,3500,3500,3500,3500,3500,3500,3500,3500,3500,3500,3500,3500,3500,3500,3500,3500,3500,3500,3500,3500,14.960494995117188,1.157745361328125,0.38758087158203125,0.40135955810546875,0.4232330322265625,0.398162841796875,0.4959869384765625,0.366607666015625,0.2592010498046875,0.27008819580078125,0.25839996337890625,0.32781219482421875,9.628089904785156,0.237335205078125,0.8979949951171875,0.38318634033203125,0.30953216552734375,0.2848663330078125,0.27083587646484375,0.30948638916015625,0,239314.31799316406,241686.74340820313,0,34088599552,2147483648,8515121152,0
200,1787751419211,3500,3500,3500,3500,3500,3500,3500,3500,3500,3500,3500,3500,3500,3500,3500,3500,3500,3500,3500,3500,14.613456726074219,0.7236175537109375,0.35684967041015625,0.402130126953125,0.4344482421875,2.9380722045898438,0.47090911865234375,0.35540008544921875,0.3014373779296875,0.26268768310546875,0.25215911865234375,2.812835693359375,12.713264465332031,0.31325531005859375,0.9016189575195313,0.327423095703125,0.33345794677734375,0.34308624267578125,0.30712127685546875,2.8790740966796875,0,239321.8433227539,241692.14111328125,0,34088599552,2147483648,8517300224,0
200,1787751419411,3500,3500,3500,3500,3500,3500,3500,3500,3500,3500,3500,3500,3500,3500,3500,3500,3500,3500,3500,3500,14.032379150390625,3.3791275024414063,2.7664947509765625,0.30419158935546875,0.33188629150390625,0.4250030517578125,2.8898544311523438,0.38573455810546875,0.4783477783203125,0.2392730712890625,0.28568267822265625,0.2317352294921875,11.887298583984375,0.216766357421875,3.0588150024414063,2.8043670654296875,0.29212188720703125,0.28289031982421875,0.3291473388671875,0.30449676513671875,0,239329.23748779297,241697.3890991211,0,34088599552,2147483648,8521109504,0
200,1787751419611,3500,3500,3500,3500,3500,3500,3500,3500,3500,3500,3500,3500,3500,3500,3500,3500,3500,3500,3500,3500,15.576637268066406,0.8267440795898438,0.28955078125,2.86932373046875,2.8015899658203125,0.27176666259765625,0.31707000732421875,0.36037445068359375,0.5147628784179688,0.345489501953125,0.283355712890625,0.321563720703125,10.931205749511719,2.7959518432617188,0.564361572265625,0.35662841796875,2.8615798950195313,2.8370590209960938,2.86932373046875,0.32855987548828125,0,239336.45794677734,241702.4722290039,0,34088599552,2147483648,8522018816,0
201,1787751419811,3500,3500,3500,3500,3500,3500,3500,3500,3500,3500,3500,3500,3500,3500,3500,3500,3500,3500,3500,3500,10.298561096191406,0.4459228515625,0.28401947021484375,0.26399993896484375,0.25151824951171875,0.26285552978515625,0.2231597900390625,2.8040084838867188,2.7630157470703125,2.7466964721679688,2.7692108154296875,0.28397369384765625,12.422348022460938,0.218170166015625,1.4775619506835938,0.2595062255859375,0.5045852661132813,0.25501251220703125,0.27848052978515625,0.27907562255859375,0,239344.4471435547,241708.32647705078,0,34088599552,2147483648,8522637312,0
200,1787751420013,3500,3500,3500,3500,3500,3500,3500,3500,3500,3500,3500,3500,3500,3500,3500,3500,3500,3500,3500,3500,9.772407531738281,0,0,0,0,0,0,0,0,0,0,0,9.317062377929688,0,0,0,0,0,0,0,0,239351.40112304688,241713.11669921875,0,34088599552,2147483648,8522842112,0
200,1787751420214,3500,3500,3500,3500,3500,3500,3500,3500,3500,3500,3500,3500,3500,3500,3500,3500,3500,3500,3500,3500,21.483779907226563,0.7601165771484375,0.33734893798828125,0.33855438232421875,0.6243972778320313,2.8163833618164063,0.3485565185546875,0.28424072265625,10.19927978515625,0.7262115478515625,0.32039642333984375,2.8156890869140625,17.3018798828125,0.30139923095703125,4.7389373779296875,0.287994384765625,0.7041091918945313,0.38780975341796875,0.3744049072265625,0.30249786376953125,0,239358.36560058594,241717.91137695313,0,34088599552,2147483648,8528416768,0
200,1787751420414,3500,3500,3500,3500,3500,3500,3500,3500,3500,3500,3500,3500,3500,3500,3500,3500,3500,3500,3500,3500,16.748268127441406,3.794952392578125,2.7845687866210938,0.27234649658203125,0.24909210205078125,0.2567291259765625,2.7938995361328125,0.30713653564453125,0.5577239990234375,0.26610565185546875,0.3242034912109375,0.2515869140625,3.8410186767578125,0.27579498291015625,3.8211517333984375,2.7550201416015625,0.37625885009765625,0.32096099853515625,0.2773895263671875,2.7890548706054688,0,239365.92254638672,241723.3367919922,0,34088599552,2147483648,8528838656,0
200,1787751420614,3500,3500,3500,3500,3500,3500,3500,3500,3500,3500,3500,3500,3500,3500,3500,3500,3500,3500,3500,3500,10.285812377929688,0.46913909912109375,0.23499298095703125,2.7478485107421875,2.7717514038085938,0.19536590576171875,0.23943328857421875,0.22845458984375,0.9915695190429688,0.25545501708984375,0.303558349609375,0.26857757568359375,11.688827514648438,2.751739501953125,1.78277587890625,0.198211669921875,2.949951171875,2.7629165649414063,2.7322311401367188,0.23868560791015625,0,239373.00036621094,241728.27471923828,0,34088599552,2147483648,8528953344,0
200,1787751420815,3500,3500,3500,3500,3500,3500,3500,3500,3500,3500,3500,3500,3500,3500,3500,3500,3500,3500,3500,3500,12.839088439941406,1.0284957885742188,0.4486541748046875,0.424652099609375,0.3047943115234375,0.34944915771484375,0.35604095458984375,2.8671722412109375,2.8768997192382813,2.8719100952148438,2.41961669921875,0.41277313232421875,4.263725280761719,0.34271240234375,0.45130157470703125,0.462921142578125,0.35289764404296875,0.3693084716796875,0.39426422119140625,0.33592987060546875,0,239380.30004882813,241733.43041992188,0,34088599552,2147483648,8528953344,0
200,1787751421015,3500,3500,3500,3500,3500,3500,3500,3500,3500,3500,3500,3500,3500,3500,3500,3500,3500,3500,3500,3500,16.60430145263672,1.2339706420898438,0.0413818359375,0.0419769287109375,0,0.0555267333984375,0,0,0.19281005859375,0,0.3776702880859375,0,7.3606414794921875,0,0.6362991333007813,0.12139129638671875,0.02548980712890625,0.00099945068359375,0.02713775634765625,0.00334930419921875,0,239387.2813720703,241738.28289794922,0,34088599552,2147483648,8528809984,0
200,1787751421216,3500,3500,3500,3500,3500,3500,3500,3500,3500,3500,3500,3500,3500,3500,3500,3500,3500,3500,3500,3500,10.861213684082031,0.994537353515625,0.6633071899414063,0.6862640380859375,1.3663482666015625,3.2171401977539063,0.7285842895507813,0.7557220458984375,30.763717651367188,0.6482162475585938,0.6417465209960938,3.125518798828125,10.7225341796875,0.6415481567382813,1.9346466064453125,0.6633071899414063,0.668487548828125,0.684967041015625,0.6724166870117188,0.6847686767578125,0,239394.32745361328,241743.17486572266,0,34088599552,2147483648,8528855040,0
200,1787751421416,3500,3500,3500,3500,3500,3500,3500,3500,3500,3500,3500,3500,3500,3500,3500,3500,3500,3500,3500,3500,12.981277465820313,2.8390274047851563,2.831085205078125,0.28952789306640625,0.25585174560546875,0.27288818359375,2.8113021850585938,0.24671173095703125,5.4577789306640625,0.31560516357421875,0.25970458984375,0.28478240966796875,16.697288513183594,0.248260498046875,9.334014892578125,2.7556915283203125,1.7900848388671875,0.27114105224609375,0.5862503051757813,2.7949142456054688,0,239401.73797607422,241748.4506225586,0,34088599552,2147483648,8528650240,0
200,1787751421616,3500,3500,3500,3500,3500,3500,3500,3500,3500,3500,3500,3500,3500,3500,3500,3500,3500,3500,3500,3500,12.034591674804688,0.5669937133789063,0.291290283203125,2.8369293212890625,2.8584060668945313,0.328399658203125,0.32965087890625,0.23769378662109375,0.5390243530273438,0.26656341552734375,0.28549957275390625,0.21517181396484375,13.92193603515625,2.8065109252929688,0.57269287109375,0.31461334228515625,2.8642044067382813,2.9589996337890625,2.8167037963867188,0.316162109375,0,239409.013671875,241753.5919189453,0,34088599552,2147483648,8528699392,0
200,1787751421817,3500,3500,3500,3500,3500,3500,3500,3500,3500,3500,3500,3500,3500,3500,3500,3500,3500,3500,3500,3500,14.447715759277344,0.8361053466796875,0.37805938720703125,0.3511199951171875,0.2162017822265625,0.1812744140625,0.3147430419921875,2.80230712890625,3.2764129638671875,2.7921218872070313,0.20581817626953125,0.29582977294921875,8.316452026367188,0.2254791259765625,0.6409149169921875,0.284454345703125,0.37915802001953125,0.37821197509765625,0.26415252685546875,0.27602386474609375,0,239416.87353515625,241759.31030273438,0,34088599552,2147483648,8528953344,0
200,1787751422017,3500,3500,3500,3500,3500,3500,3500,3500,3500,3500,3500,3500,3500,3500,3500,3500,3500,3500,3500,3500,8.914329528808594,0.8067169189453125,0.41498565673828125,0.43204498291015625,0.3310089111328125,0.24658203125,0.323974609375,0.2975311279296875,0.4253082275390625,0.28006744384765625,2.853240966796875,0.301422119140625,11.354835510253906,0.292236328125,0.8189926147460938,0.30535888671875,0.33779144287109375,0.33609771728515625,0.3130950927734375,0.32392120361328125,0,239423.91009521484,241764.20416259766,0,34088599552,2147483648,8529018880,0
200,1787751422217,3500,3500,3500,3500,3500,3500,3500,3500,3500,3500,3500,3500,3500,3500,3500,3500,3500,3500,3500,3500,16.616111755371094,1.2148666381835938,0.4175872802734375,0.42108917236328125,0.2837066650390625,2.856964111328125,0.247650146484375,0.2505950927734375,1.8754119873046875,0.2308197021484375,0.30413055419921875,2.8311920166015625,5.600059509277344,0.3675537109375,0.3743438720703125,0.30083465576171875,0.35451507568359375,0.289794921875,0.29683685302734375,0.30962371826171875,0,239431.66595458984,241769.8367919922,0,34088599552,2147483648,8529346560,0
200,1787751422417,3500,3500,3500,3500,3500,3500,3500,3500,3500,3500,3500,3500,3500,3500,3500,3500,3500,3500,3500,3500,8.651176452636719,2.7557220458984375,2.9552993774414063,0.398956298828125,0.38176727294921875,0.3942108154296875,2.8784637451171875,0.33580780029296875,0.6783676147460938,0.36298370361328125,0.26157379150390625,0.31812286376953125,11.312873840332031,0.2481842041015625,4.0093841552734375,2.843841552734375,0.3014373779296875,0.308135986328125,0.30588531494140625,2.84344482421875,0,239439.1551513672,241775.20318603516,0,34088599552,2147483648,8529408000,0
199,1787751422618,3500,3500,3500,3500,3500,3500,3500,3500,3500,3500,3500,3500,3500,3500,3500,3500,3500,3500,3500,3500,13.789566040039063,0.6278610229492188,0.29718780517578125,2.8716354370117188,3.3243560791015625,0.5902328491210938,0.5140609741210938,0.5473556518554688,0.940826416015625,0.6515274047851563,0.5015335083007813,0.5060272216796875,12.264549255371094,2.7212982177734375,3.017333984375,0.26848602294921875,3.2999954223632813,2.8097915649414063,2.904327392578125,0.25765228271484375,0,239447.05139160156,241780.95111083984,0,34088599552,2147483648,8529543168,0
199,1787751422818,3500,3500,3500,3500,3500,3500,3500,3500,3500,3500,3500,3500,3500,3500,3500,3500,3500,3500,3500,3500,12.612953186035156,0.9735336303710938,0.30884552001953125,0.326995849609375,0.49906158447265625,0.5502090454101563,0.4064788818359375,2.974395751953125,2.8297195434570313,2.7911224365234375,0.3416900634765625,0.2700042724609375,8.403114318847656,0.27405548095703125,0.7217788696289063,0.35294342041015625,0.5052108764648438,0.31329345703125,0.3079986572265625,0.29885101318359375,0,239454.10516357422,241785.87091064453,0,34088599552,2147483648,8529543168,0
200,1787751423018,3500,3500,3500,3500,3500,3500,3500,3500,3500,3500,3500,3500,3500,3500,3500,3500,3500,3500,3500,3500,12.964698791503906,1.3653793334960938,0.3216400146484375,0.28875732421875,0.4932098388671875,0.5163497924804688,0.48116302490234375,0.48911285400390625,0.36801910400390625,0.35402679443359375,2.9365615844726563,0.39655303955078125,7.090675354003906,0.28371429443359375,0.6771163940429688,0.3435821533203125,0.32898712158203125,0.3123931884765625,0.31259918212890625,0.29355621337890625,0,239461.99017333984,241791.6346435547,0,34088599552,2147483648,8529657856,0
200,1787751423218,3500,3500,3500,3500,3500,3500,3500,3500,3500,3500,3500,3500,3500,3500,3500,3500,3500,3500,3500,3500,23.653366088867188,1.0309295654296875,0.111846923828125,0.09520721435546875,0.28423309326171875,0.2540130615234375,0.22203826904296875,0.2775421142578125,1.5875625610351563,0.1885223388671875,0.16419219970703125,2.8283462524414063,17.11994171142578,0.062591552734375,8.590042114257813,0.084869384765625,1.6300735473632813,0.13232421875,0.12403106689453125,0.1029510498046875,0,239469.2045288086,241796.6746826172,0,34088599552,2147483648,8531120128,0
200,1787751423419,3500,3500,3500,3500,3500,3500,3500,3500,3500,3500,3500,3500,3500,3500,3500,3500,3500,3500,3500,3500,10.733978271484375,3.3817214965820313,3.1107101440429688,0.5655441284179688,0.5928573608398438,3.0162200927734375,0.574066162109375,0.5690841674804688,0.5953521728515625,0.6316299438476563,0.554931640625,0.5263290405273438,14.089683532714844,0.48964691162109375,4.42559814453125,3.0948562622070313,0.5645980834960938,0.60546875,0.5501480102539063,3.0656585693359375,0,239476.58129882813,241801.92388916016,0,34088599552,2147483648,8531456000,0
200,1787751423619,3500,3500,3500,3500,3500,3500,3500,3500,3500,3500,3500,3500,3500,3500,3500,3500,3500,3500,3500,3500,12.042327880859375,0.836456298828125,0.35115814208984375,0.35295867919921875,2.8096237182617188,0.24759674072265625,2.8247604370117188,0.2420501708984375,0.44927978515625,0.521270751953125,0.49353790283203125,0.4022674560546875,9.788742065429688,2.8109207153320313,1.4561920166015625,0.3568572998046875,2.8259124755859375,2.8720245361328125,2.8081283569335938,0.2812652587890625,0,239485.5164794922,241808.73291015625,0,34088599552,2147483648,8531918848,0
200,1787751423819,3500,3500,3500,3500,3500,3500,3500,3500,3500,3500,3500,3500,3500,3500,3500,3500,3500,3500,3500,3500,10.978286743164063,0.7255172729492188,0.34784698486328125,2.848876953125,0.2485504150390625,0.2909088134765625,0.324371337890625,2.7945327758789063,3.8817367553710938,2.9724578857421875,0.4011993408203125,0.3321685791015625,6.8903045654296875,0.2890625,0.675567626953125,0.28591156005859375,0.5362625122070313,0.5150833129882813,0.29120635986328125,0.31403350830078125,0,239492.66961669922,241813.7534790039,0,34088599552,2147483648,8532123648,0
200,1787751424020,3500,3500,3500,3500,3500,3500,3500,3500,3500,3500,3500,3500,3500,3500,3500,3500,3500,3500,3500,3500,13.534042358398438,1.4527587890625,0.33815765380859375,0.36739349365234375,0.24971771240234375,0.23270416259765625,0.27381134033203125,0.1909027099609375,0.1741943359375,0.22283172607421875,2.7739181518554688,0.11837005615234375,6.238029479980469,0.23954010009765625,1.6589279174804688,0.20477294921875,0.4782867431640625,0.4642181396484375,0.24881744384765625,0.22133636474609375,0,239499.34216308594,241818.29803466797,0,34088599552,2147483648,8532480000,0
200,1787751424220,3500,3500,3500,3500,3500,3500,3500,3500,3500,3500,3500,3500,3500,3500,3500,3500,3500,3500,3500,3500,14.107200622558594,1.5908355712890625,0.4779815673828125,0.49688720703125,0.58544921875,0.4736480712890625,0.5904388427734375,0.5820083618164063,0.90081787109375,0.31980133056640625,0.37181854248046875,2.8737411499023438,2.1664657592773438,0.37355804443359375,0.3766021728515625,0.3611907958984375,0.45733642578125,0.44217681884765625,0.35939788818359375,0.364837646484375,0,239505.42791748047,241822.27380371094,0,34088599552,2147483648,8534573056,0
200,1787751424420,3500,3500,3500,3500,3500,3500,3500,3500,3500,3500,3500,3500,3500,3500,3500,3500,3500,3500,3500,3500,7.475372314453125,3.2096099853515625,2.7893447875976563,0.2840118408203125,0.42816162109375,2.9157562255859375,0.38634490966796875,0.42681884765625,1.106964111328125,0.23628997802734375,0.21280670166015625,0.14585113525390625,8.69171142578125,0.24224090576171875,3.1061325073242188,2.695556640625,0.2321929931640625,0.219757080078125,0.24373626708984375,2.7484207153320313,0,239512.33966064453,241827.0629272461,0,34088599552,2147483648,8535785472,0
200,1787751424621,3500,3500,3500,3500,3500,3500,3500,3500,3500,3500,3500,3500,3500,3500,3500,3500,3500,3500,3500,3500,14.673080444335938,0.6519775390625,0.30966949462890625,0.3584747314453125,1.1400833129882813,0.36305999755859375,2.8478240966796875,0.39664459228515625,0.46665191650390625,0.31760406494140625,0.28851318359375,0.36042022705078125,9.752410888671875,2.8417816162109375,0.5465927124023438,0.33457183837890625,2.8545074462890625,2.8736724853515625,2.8695297241210938,0.3298797607421875,0,239519.67053222656,241832.26397705078,0,34088599552,2147483648,8536973312,0
200,1787751424821,3500,3500,3500,3500,3500,3500,3500,3500,3500,3500,3500,3500,3500,3500,3500,3500,3500,3500,3500,3500,10.115531921386719,0.9167327880859375,0.31201171875,2.8217086791992188,2.8057403564453125,0.28665924072265625,0.2880096435546875,0.2958984375,3.0775299072265625,2.8109283447265625,0.3156585693359375,0.2236328125,7.553436279296875,0.2924041748046875,1.2732086181640625,0.300933837890625,0.46368408203125,0.40373992919921875,0.30852508544921875,0.31266021728515625,0,239528.18194580078,241838.64715576172,0,34088599552,2147483648,8538038272,0
200,1787751425021,3500,3500,3500,3500,3500,3500,3500,3500,3500,3500,3500,3500,3500,3500,3500,3500,3500,3500,3500,3500,11.902442932128906,1.475006103515625,0.398712158203125,0.37421417236328125,0.34183502197265625,0.27048492431640625,0.2520751953125,2.8134002685546875,0.2606048583984375,0.25626373291015625,2.8355026245117188,0.2911376953125,7.5663299560546875,0.26000213623046875,0.3116455078125,0.30785369873046875,0.43109893798828125,0.40804290771484375,0.32097625732421875,0.2951812744140625,0,239534.98181152344,241843.32153320313,0,34088599552,2147483648,8539291648,0
200,1787751425222,3500,3500,3500,3500,3500,3500,3500,3500,3500,3500,3500,3500,3500,3500,3500,3500,3500,3500,3500,3500,14.118621826171875,1.12860107421875,0.3916015625,0.41167449951171875,0.29805755615234375,0.22194671630859375,0.2593536376953125,0.25510406494140625,0.31398773193359375,0.23677825927734375,0.2292327880859375,2.8338851928710938,10.761642456054688,0.2919158935546875,4.785881042480469,0.25925445556640625,4.442474365234375,0.30175018310546875,2.6658782958984375,0.2839202880859375,0,239542.68060302734,241848.8920288086,0,34088599552,2147483648,8542347264,0
200,1787751425422,3500,3500,3500,3500,3500,3500,3500,3500,3500,3500,3500,3500,3500,3500,3500,3500,3500,3500,3500,3500,9.040084838867188,3.55718994140625,0.30877685546875,0.30612945556640625,0.47499847412109375,2.9087905883789063,0.4581756591796875,0.4185943603515625,0.3304901123046875,0.338531494140625,0.253173828125,0.25292205810546875,6.1955413818359375,0.2857208251953125,2.816741943359375,2.85882568359375,0.43361663818359375,0.40167236328125,0.3025360107421875,2.8385086059570313,0,239549.35131835938,241853.439453125,0,34088599552,2147483648,8544571392,0
202,1787751425622,3500,3500,3500,3500,3500,3500,3500,3500,3500,3500,3500,3500,3500,3500,3500,3500,3500,3500,3500,3500,17.347999572753906,0.651458740234375,2.8074569702148438,0.3159637451171875,0.3199615478515625,0.35268402099609375,2.877593994140625,0.3608245849609375,1.0142822265625,0.47362518310546875,0.35363006591796875,0.33939361572265625,42.267147064208984,2.7441635131835938,0.9371490478515625,0.29892730712890625,0.33155059814453125,2.87115478515625,2.8329849243164063,0.30637359619140625,0,239558.08923339844,241860.05407714844,0,34088599552,2147483648,8545419264,0
199,1787751425824,3500,3500,3500,3500,3500,3500,3500,3500,3500,3500,3500,3500,3500,3500,3500,3500,3500,3500,3500,3500,11.508720397949219,0.410919189453125,0.40924072265625,2.90289306640625,2.878387451171875,0.32881927490234375,0.42771148681640625,0.34151458740234375,0.5170135498046875,2.9671554565429688,0.45581817626953125,0.44272613525390625,93.84904479980469,0.2222747802734375,0.68817138671875,0.37441253662109375,2.8862457275390625,0.381134033203125,0.392242431640625,0.376190185546875,0,239568.04052734375,241867.86499023438,0,34088599552,2147483648,8545398784,0
200,1787751426024,3500,3500,3500,3500,3500,3500,3500,3500,3500,3500,3500,3500,3500,3500,3500,3500,3500,3500,3500,3500,24.582489013671875,0.14621734619140625,0.31826019287109375,0.33927154541015625,0.369049072265625,0.28748321533203125,0.34392547607421875,2.7831573486328125,2.7410202026367188,0.233642578125,2.7419204711914063,0.169189453125,82.11349487304688,0.08922576904296875,0.20636749267578125,0.22638702392578125,0.30889892578125,0.28137969970703125,0.225982666015625,0.22412872314453125,0,239575.97088623047,241873.68963623047,0,34088599552,2147483648,8545529856,0
200,1787751426225,3500,3500,3500,3500,3500,3500,3500,3500,3500,3500,3500,3500,3500,3500,3500,3500,3500,3500,3500,3500,26.254920959472656,0.200439453125,0.377166748046875,0.37741851806640625,0.45557403564453125,0.2986602783203125,0.306793212890625,0.32321929931640625,0.8990249633789063,0.24829864501953125,0.21950531005859375,2.8235015869140625,76.79876708984375,0.135955810546875,0.38201141357421875,0.26871490478515625,0.32401275634765625,0.315582275390625,0.2625274658203125,0.29027557373046875,0,239584.38385009766,241880.35876464844,0,34088599552,2147483648,8545538048,0
200,1787751426425,3500,3500,3500,3500,3500,3500,3500,3500,3500,3500,3500,3500,3500,3500,3500,3500,3500,3500,3500,3500,47.4317512512207,0.22344207763671875,0.42675018310546875,0.42165374755859375,0.40021514892578125,2.8405838012695313,0.3477020263671875,0.34960174560546875,0.2732086181640625,0.36144256591796875,0.29803466796875,0.2754058837890625,55.092655181884766,0.212799072265625,3.0018692016601563,2.8112030029296875,0.32756805419921875,0.33106231689453125,0.30867767333984375,2.8494720458984375,0,239593.17449951172,241886.8881225586,0,34088599552,2147483648,8545538048,0
199,1787751426625,3500,3500,3500,3500,3500,3500,3500,3500,3500,3500,3500,3500,3500,3500,3500,3500,3500,3500,3500,3500,36.51536560058594,2.6912689208984375,2.9354629516601563,0.41762542724609375,0.39618682861328125,0.341583251953125,2.8124923706054688,0.3295135498046875,0.3540496826171875,0.276458740234375,0.2215576171875,0.269378662109375,65.59037780761719,2.6242446899414063,3.579925537109375,0.27545928955078125,0.24903106689453125,2.766815185546875,2.7798309326171875,0.2308807373046875,0,239602.09924316406,241893.89501953125,0,34088599552,2147483648,8545669120,0
200,1787751426826,3500,3500,3500,3500,3500,3500,3500,3500,3500,3500,3500,3500,3500,3500,3500,3500,3500,3500,3500,3500,13.475685119628906,0.2022247314453125,0.359130859375,2.9126663208007813,2.9187088012695313,0.4198455810546875,0.35198211669921875,0.3922119140625,0.25464630126953125,2.6582717895507813,0.19178009033203125,0.26233673095703125,48.67813491821289,0.13941192626953125,45.15659713745117,0.16480255126953125,2.77239990234375,0.2489471435546875,0.229156494140625,0.26323699951171875,0,239612.49725341797,241901.72003173828,0,34088599552,2147483648,8545726464,0
199,1787751427026,3500,3500,3500,3500,3500,3500,3500,3500,3500,3500,3500,3500,3500,3500,3500,3500,3500,3500,3500,3500,20.51935577392578,0.2154998779296875,0.38519287109375,0.377166748046875,0.470916748046875,0.47046661376953125,0.383697509765625,2.9865188598632813,2.8393783569335938,0.2328643798828125,2.820220947265625,0.2361602783203125,31.29468536376953,0.1883544921875,57.14552307128906,0.18177032470703125,0.3336029052734375,0.28455352783203125,0.2694854736328125,0.2958831787109375,0,239621.1094970703,241908.21453857422,0,34088599552,2147483648,8545845248,0
200,1787751427226,3500,3500,3500,3500,3500,3500,3500,3500,3500,3500,3500,3500,3500,3500,3500,3500,3500,3500,3500,3500,1.7279891967773438,0.35726165771484375,0.4238739013671875,0.433868408203125,0.523773193359375,0.5199737548828125,0.46210479736328125,0.5202789306640625,0.46245574951171875,0.399139404296875,0.48863983154296875,2.8859329223632813,9.676902770996094,0.28589630126953125,93.39402770996094,0.1715087890625,0.31398773193359375,0.37599945068359375,0.3273773193359375,0.32532501220703125,0,239630.23150634766,241915.2314453125,0,34088599552,2147483648,8545849344,0
200,1787751427426,3500,3500,3500,3500,3500,3500,3500,3500,3500,3500,3500,3500,3500,3500,3500,3500,3500,3500,3500,3500,3.03271484375,0.26995086669921875,0.4539947509765625,0.4590911865234375,0.5332183837890625,3.0675582885742188,0.4354248046875,0.5324630737304688,0.5534286499023438,0.465972900390625,0.5450973510742188,0.5671615600585938,3.4998397827148438,0.3108367919921875,17.71343994140625,2.8343963623046875,85.261474609375,0.225921630859375,0.3671875,2.8652420043945313,0,239639.12384033203,241922.01837158203,0,34088599552,2147483648,8545849344,0
200,1787751427627,3500,3500,3500,3500,3500,3500,3500,3500,3500,3500,3500,3500,3500,3500,3500,3500,3500,3500,3500,3500,11.673316955566406,2.7526321411132813,2.8619918823242188,0.35112762451171875,0.43304443359375,0.41219329833984375,2.9513473510742188,0.446563720703125,0.50653076171875,0.31655120849609375,0.3538665771484375,0.37158203125,74.9571533203125,0.1161956787109375,2.45404052734375,0.2705535888671875,18.177780151367188,2.8207778930664063,2.7737884521484375,0.2548370361328125,0,239648.27087402344,241929.03045654297,0,34088599552,2147483648,8546402304,0
200,1787751427827,3500,3500,3500,3500,3500,3500,3500,3500,3500,3500,3500,3500,3500,3500,3500,3500,3500,3500,3500,3500,7.4544830322265625,0.32941436767578125,0.39351654052734375,2.9276809692382813,2.843475341796875,0.3747100830078125,0.41851043701171875,0.3480224609375,0.39705657958984375,2.9500350952148438,0.48252105712890625,0.493194580078125,39.33115005493164,2.7493820190429688,61.596519470214844,0.210723876953125,3.6087570190429688,0.31060028076171875,0.2889556884765625,0.33649444580078125,0,239658.64031982422,241937.27178955078,0,34088599552,2147483648,8546398208,0
199,1787751428028,3500,3500,3500,3500,3500,3500,3500,3500,3500,3500,3500,3500,3500,3500,3500,3500,3500,3500,3500,3500,26.529762268066406,0.18450164794921875,0.41909027099609375,0.400482177734375,0.34734344482421875,0.26183319091796875,0.240875244140625,2.8041000366210938,2.8504486083984375,0.2745513916015625,2.78125,0.364105224609375,8.478713989257813,0.2096405029296875,69.51094818115234,0.15940093994140625,4.29840087890625,0.264923095703125,0.28223419189453125,0.3259429931640625,0,239668.693359375,241945.20086669922,0,34088599552,2147483648,8546529280,0
200,1787751428228,3500,3500,3500,3500,3500,3500,3500,3500,3500,3500,3500,3500,3500,3500,3500,3500,3500,3500,3500,3500,2.2002182006835938,0.27471923828125,0.31281280517578125,0.33490753173828125,0.261322021484375,0.298065185546875,0.2897186279296875,0.26287841796875,3.2192306518554688,0.34654998779296875,0.3636474609375,2.7477645874023438,18.46521759033203,0.24868011474609375,64.83340454101563,0.20513916015625,19.958595275878906,0.24822998046875,0.30811309814453125,0.2813720703125,0,239677.73858642578,241952.12030029297,0,34088599552,2147483648,8546594816,0
200,1787751428429,3500,3500,3500,3500,3500,3500,3500,3500,3500,3500,3500,3500,3500,3500,3500,3500,3500,3500,3500,3500,3.3034744262695313,0.02480316162109375,0.1027679443359375,0.070526123046875,0.04801177978515625,2.6232223510742188,0.0140228271484375,0.11199951171875,0.06348419189453125,0.1224365234375,0.10042572021484375,0.18093109130859375,28.524917602539063,0.04671478271484375,48.19221496582031,2.5601806640625,32.70359802246094,0.05670166015625,0.086944580078125,2.6529693603515625,0,239686.3466796875,241958.55364990234,0,34088599552,2147483648,8542146560,0
200,1787751428629,3500,3500,3500,3500,3500,3500,3500,3500,3500,3500,3500,3500,3500,3500,3500,3500,3500,3500,3500,3500,2.8010406494140625,3.0251388549804688,3.0763320922851563,0.53961181640625,0.48020172119140625,0.5711135864257813,3.1140594482421875,0.5178298950195313,0.692138671875,0.5252609252929688,0.49729156494140625,0.591552734375,22.468429565429688,0.50946044921875,55.06692886352539,0.4895172119140625,28.183204650878906,0.5687179565429688,3.1464080810546875,0.6288833618164063,0,239696.86297607422,241966.98345947266,0,34088599552,2147483648,8542081024,0
200,1787751428829,3500,3500,3500,3500,3500,3500,3500,3500,3500,3500,3500,3500,3500,3500,3500,3500,3500,3500,3500,3500,4.742637634277344,0.24016571044921875,0.290191650390625,2.8102493286132813,2.7965545654296875,0.289886474609375,0.27814483642578125,0.2054901123046875,0.289642333984375,0.29898834228515625,0.24961090087890625,0.23432159423828125,11.831077575683594,2.79376220703125,90.96942901611328,0.13167572021484375,2.8406829833984375,2.7779693603515625,0.30877685546875,0.264556884765625,0,239704.58154296875,241972.58935546875,0,34088599552,2147483648,8542052352,0
200,1787751429029,3500,3500,3500,3500,3500,3500,3500,3500,3500,3500,3500,3500,3500,3500,3500,3500,3500,3500,3500,3500,12.055374145507813,0.17974090576171875,0.2688140869140625,0.2735595703125,0.2000274658203125,0.14252471923828125,0.2584228515625,2.7542800903320313,2.7396469116210938,2.7360992431640625,2.7627792358398438,0.202423095703125,36.84976577758789,0.16530609130859375,60.80854034423828,0.1543121337890625,0.4626922607421875,0.25592803955078125,0.25902557373046875,0.2510833740234375,0,239713.8057861328,241979.6807861328,0,34088599552,2147483648,8542171136,0
200,1787751429229,3500,3500,3500,3500,3500,3500,3500,3500,3500,3500,3500,3500,3500,3500,3500,3500,3500,3500,3500,3500,25.94304656982422,0.28873443603515625,0.3096466064453125,0.35935211181640625,0.26358795166015625,0.40351104736328125,0.36328887939453125,0.33354949951171875,0.95458984375,0.3347015380859375,0.292327880859375,0.29666900634765625,13.659683227539063,0.28509521484375,63.27186584472656,0.20934295654296875,6.481819152832031,0.3126373291015625,0.32227325439453125,0.3296051025390625,0,239722.09942626953,241985.83612060547,0,34088599552,2147483648,8542171136,0
200,1787751429430,3500,3500,3500,3500,3500,3500,3500,3500,3500,3500,3500,3500,3500,3500,3500,3500,3500,3500,3500,3500,11.877510070800781,0.20612335205078125,0.2563934326171875,0.27118682861328125,0.271484375,2.7772674560546875,0.21446990966796875,0.24884796142578125,0.29157257080078125,0.26079559326171875,0.2640380859375,2.7535324096679688,18.151161193847656,0.2309112548828125,76.81553649902344,2.6971664428710938,0.295867919921875,0.33864593505859375,0.2956695556640625,2.7996063232421875,0,239730.02868652344,241991.65307617188,0,34088599552,2147483648,8542171136,0
199,1787751429630,3500,3500,3500,3500,3500,3500,3500,3500,3500,3500,3500,3500,3500,3500,3500,3500,3500,3500,3500,3500,33.81952667236328,2.820831298828125,2.8463668823242188,0.31830596923828125,0.29740142822265625,0.27271270751953125,2.8674697875976563,0.321197509765625,0.6273269653320313,0.49179840087890625,0.43901824951171875,0.534942626953125,69.92079162597656,0.21953582763671875,1.1994857788085938,0.3238372802734375,0.44864654541015625,0.4357757568359375,2.8217239379882813,0.3357086181640625,0,239738.28869628906,241997.79718017578,0,34088599552,2147483648,8542171136,0
199,1787751429830,3500,3500,3500,3500,3500,3500,3500,3500,3500,3500,3500,3500,3500,3500,3500,3500,3500,3500,3500,3500,12.091400146484375,0.2209320068359375,0.25152587890625,2.7908172607421875,2.7600173950195313,0.207183837890625,0.201080322265625,0.23423004150390625,0.36077117919921875,0.44651031494140625,0.33612060546875,0.43636322021484375,17.788673400878906,2.7270736694335938,16.645416259765625,0.23468017578125,65.03370666503906,2.7133255004882813,0.310028076171875,0.3330230712890625,0,239746.89892578125,242004.29138183594,0,34088599552,2147483648,8542228480,0
200,1787751430030,3500,3500,3500,3500,3500,3500,3500,3500,3500,3500,3500,3500,3500,3500,3500,3500,3500,3500,3500,3500,8.425628662109375,0.3631439208984375,0.34600067138671875,0.3471527099609375,0.3412017822265625,0.3336029052734375,0.3560943603515625,2.8411331176757813,2.8301315307617188,2.9110031127929688,2.8282852172851563,0.33890533447265625,35.582763671875,0.26543426513671875,45.69617462158203,0.2408447265625,24.971725463867188,0.261138916015625,0.4390106201171875,0.42966461181640625,0,239755.21258544922,242010.47064208984,0,34088599552,2147483648,8542498816,0
200,1787751430230,3500,3500,3500,3500,3500,3500,3500,3500,3500,3500,3500,3500,3500,3500,3500,3500,3500,3500,3500,3500,1.7949752807617188,0.24295806884765625,0.3654327392578125,0.34436798095703125,0.3916015625,0.3574981689453125,0.3725738525390625,0.3151092529296875,0.3173065185546875,0.28045654296875,0.2905426025390625,0.2888946533203125,30.693618774414063,0.21823883056640625,56.204586029052734,0.216644287109375,16.03496551513672,0.28459930419921875,0.34880828857421875,0.34810638427734375,0,239764.52319335938,242017.66870117188,0,34088599552,2147483648,8542498816,0
199,1787751430431,3500,3500,3500,3500,3500,3500,3500,3500,3500,3500,3500,3500,3500,3500,3500,3500,3500,3500,3500,3500,24.671775817871094,0.1780853271484375,0.25003814697265625,0.2934112548828125,0.41957855224609375,2.9028854370117188,0.31439971923828125,0.31954193115234375,0.722686767578125,0.25983428955078125,0.24564361572265625,2.7584228515625,21.15343475341797,0.198822021484375,60.718727111816406,0.18668365478515625,0.2901611328125,0.272125244140625,0.25368499755859375,2.8055419921875,0,239772.28045654297,242023.3074951172,0,34088599552,2147483648,8542502912,0
200,1787751430631,3500,3500,3500,3500,3500,3500,3500,3500,3500,3500,3500,3500,3500,3500,3500,3500,3500,3500,3500,3500,18.574012756347656,2.7527542114257813,2.8012466430664063,0.29425048828125,0.37789154052734375,0.3816375732421875,2.8396453857421875,0.33414459228515625,0.49501800537109375,0.23760986328125,0.28980255126953125,0.19866943359375,4.857170104980469,0.26770782470703125,52.96257400512695,2.7130126953125,34.10315704345703,0.2263641357421875,2.8363418579101563,0.256011962890625,0,239781.42608642578,242030.31408691406,0,34088599552,2147483648,8543055872,0
200,1787751430831,3500,3500,3500,3500,3500,3500,3500,3500,3500,3500,3500,3500,3500,3500,3500,3500,3500,3500,3500,3500,12.450508117675781,0.30934906005859375,0.30455780029296875,2.8069686889648438,2.8920669555664063,0.25115203857421875,0.19969940185546875,0.31339263916015625,0.3532257080078125,0.37957763671875,0.44541168212890625,0.33575439453125,3.334930419921875,2.7681884765625,55.110206604003906,0.2176666259765625,39.40632247924805,2.826934814453125,0.563751220703125,0.3014678955078125,0,239790.90856933594,242037.66876220703,0,34088599552,2147483648,8543055872,0
200,1787751431031,3500,3500,3500,3500,3500,3500,3500,3500,3500,3500,3500,3500,3500,3500,3500,3500,3500,3500,3500,3500,2.6143646240234375,0.2708740234375,0.30324554443359375,0.3051910400390625,0.2381134033203125,0.28685760498046875,0.3152313232421875,2.791534423828125,2.9765548706054688,2.9369430541992188,2.8892364501953125,0.39235687255859375,14.88580322265625,0.2197265625,89.7684097290039,0.147003173828125,0.9850540161132813,0.4134368896484375,0.26898193359375,0.32167816162109375,0,239799.9969482422,242044.64514160156,0,34088599552,2147483648,8543186944,0
199,1787751431232,3500,3500,3500,3500,3500,3500,3500,3500,3500,3500,3500,3500,3500,3500,3500,3500,3500,3500,3500,3500,9.795433044433594,0.27483367919921875,0.28271484375,0.3201751708984375,0.33238983154296875,0.302215576171875,0.277374267578125,0.24196624755859375,0.38018035888671875,0.41888427734375,0.40023040771484375,0.35179901123046875,31.009803771972656,0.1923828125,64.04185485839844,0.18041229248046875,0.46387481689453125,0.41509246826171875,0.35638427734375,0.27288818359375,0,239808.2787475586,242050.7963256836,0,34088599552,2147483648,8543170560,0
200,1787751431432,3500,3500,3500,3500,3500,3500,3500,3500,3500,3500,3500,3500,3500,3500,3500,3500,3500,3500,3500,3500,8.724945068359375,0.287567138671875,0.3105621337890625,0.267974853515625,0.33444976806640625,2.80712890625,0.304962158203125,0.2661285400390625,0.33280181884765625,0.27692413330078125,0.23918914794921875,2.8470611572265625,51.10337448120117,0.1760711669921875,54.41937255859375,0.2138519287109375,3.885589599609375,0.3138580322265625,0.528961181640625,2.8210220336914063,0,239817.38311767578,242057.75994873047,0,34088599552,2147483648,8543580160,0
200,1787751431632,3500,3500,3500,3500,3500,3500,3500,3500,3500,3500,3500,3500,3500,3500,3500,3500,3500,3500,3500,3500,6.248939514160156,2.8268966674804688,2.8808212280273438,0.3349761962890625,0.42046356201171875,0.38106536865234375,2.9776763916015625,0.4160308837890625,0.7126998901367188,0.36200714111328125,0.318267822265625,0.30429840087890625,67.2874755859375,0.22539520263671875,31.468582153320313,2.832183837890625,0.3566741943359375,0.35986328125,2.8849563598632813,0.30998992919921875,0,239826.15698242188,242064.412109375,0,34088599552,2147483648,8543780864,0
199,1787751431833,3500,3500,3500,3500,3500,3500,3500,3500,3500,3500,3500,3500,3500,3500,3500,3500,3500,3500,3500,3500,4.78680419921875,0.21010589599609375,0.29122161865234375,2.7833404541015625,2.9644393920898438,0.3052978515625,0.317230224609375,0.35211944580078125,0.37668609619140625,0.26421356201171875,0.34014129638671875,0.407379150390625,75.91522216796875,2.6232986450195313,25.98351287841797,0.19707489013671875,2.7530899047851563,2.813690185546875,0.22502899169921875,0.2859344482421875,0,239834.2954711914,242070.42797851563,0,34088599552,2147483648,8543760384,0
200,1787751432033,3500,3500,3500,3500,3500,3500,3500,3500,3500,3500,3500,3500,3500,3500,3500,3500,3500,3500,3500,3500,3.7427139282226563,0.25911712646484375,0.33858489990234375,0.3257904052734375,0.37827301025390625,0.352630615234375,0.3812255859375,2.9174346923828125,2.8994903564453125,2.8883438110351563,2.8678970336914063,0.3172454833984375,6.034706115722656,0.2697601318359375,96.79950714111328,0.15345001220703125,2.5141677856445313,0.36077880859375,0.4166107177734375,0.415863037109375,0,239843.17041015625,242077.18463134766,0,34088599552,2147483648,8543891456,0
200,1787751432233,3500,3500,3500,3500,3500,3500,3500,3500,3500,3500,3500,3500,3500,3500,3500,3500,3500,3500,3500,3500,6.77410888671875,0.23535919189453125,1.2649765014648438,0.289703369140625,0.27642822265625,0.2522735595703125,0.296844482421875,0.24369049072265625,0.41347503662109375,0.3624725341796875,0.4192657470703125,0.4081878662109375,35.67998504638672,0.2085113525390625,8.933708190917969,0.28975677490234375,22.857513427734375,0.2474365234375,49.10492706298828,0.21819305419921875,0,239853.92864990234,242085.79418945313,0,34088599552,2147483648,8544772096,0
200,1787751432433,3500,3500,3500,3500,3500,3500,3500,3500,3500,3500,3500,3500,3500,3500,3500,3500,3500,3500,3500,3500,1.5376815795898438,0.22863006591796875,0.37541961669921875,0.33496856689453125,0.32868194580078125,2.7835845947265625,0.26094818115234375,0.23636627197265625,0.8354263305664063,0.39012908935546875,0.371673583984375,2.9466323852539063,16.22473907470703,0.2169647216796875,2.8340072631835938,0.365142822265625,0.30115509033203125,0.30988311767578125,86.04187774658203,2.6631851196289063,0,239863.0326538086,242092.78088378906,0,34088599552,2147483648,8544755712,0
199,1787751432634,3500,3500,3500,3500,3500,3500,3500,3500,3500,3500,3500,3500,3500,3500,3500,3500,3500,3500,3500,3500,2.5178070068359375,2.9284744262695313,2.9045562744140625,0.3605804443359375,0.5199737548828125,0.3211822509765625,2.961181640625,0.3506927490234375,0.5316543579101563,0.4923553466796875,0.3751068115234375,0.49864959716796875,16.143753051757813,0.2700958251953125,87.26100158691406,2.6882858276367188,0.5786972045898438,0.308746337890625,0.30340576171875,0.34979248046875,0,239872.55310058594,242100.6845703125,0,34088599552,2147483648,8544755712,0
200,1787751432834,3500,3500,3500,3500,3500,3500,3500,3500,3500,3500,3500,3500,3500,3500,3500,3500,3500,3500,3500,3500,21.541641235351563,0.1937255859375,0.24535369873046875,2.75909423828125,2.9063339233398438,0.25659942626953125,0.3935394287109375,0.39379119873046875,0.36165618896484375,0.451019287109375,0.30347442626953125,0.3182220458984375,70.39620208740234,2.6494369506835938,18.722023010253906,0.19342041015625,2.9085311889648438,2.7878799438476563,2.77093505859375,0.27133941650390625,0,239882.01104736328,242107.81323242188,0,34088599552,2147483648,8545157120,0
199,1787751433034,3500,3500,3500,3500,3500,3500,3500,3500,3500,3500,3500,3500,3500,3500,3500,3500,3500,3500,3500,3500,2.7254180908203125,0.2601318359375,0.3032989501953125,0.2998046875,0.281768798828125,0.30135345458984375,0.30919647216796875,2.8939056396484375,2.936279296875,3.0174713134765625,2.9117431640625,0.3947906494140625,20.82280731201172,0.25682830810546875,82.11026763916016,0.1753387451171875,3.0298690795898438,0.406982421875,0.30804443359375,0.32718658447265625,0,239891.5150756836,242114.9302368164,0,34088599552,2147483648,8545357824,0
200,1787751433234,3500,3500,3500,3500,3500,3500,3500,3500,3500,3500,3500,3500,3500,3500,3500,3500,3500,3500,3500,3500,2.0400314331054688,0.2994232177734375,0.3546600341796875,0.33061981201171875,0.324615478515625,0.3310699462890625,0.3401641845703125,0.37665557861328125,3.2352828979492188,0.3646087646484375,0.47878265380859375,0.35015869140625,19.192642211914063,0.30762481689453125,0.29852294921875,0.37070465087890625,83.52777099609375,0.18524932861328125,0.3168182373046875,0.3466644287109375,0,239901.46270751953,242123.19830322266,0,34088599552,2147483648,8545497088,0
199,1787751433434,3500,3500,3500,3500,3500,3500,3500,3500,3500,3500,3500,3500,3500,3500,3500,3500,3500,3500,3500,3500,1.8610458374023438,0.9354934692382813,0.272308349609375,0.27605438232421875,0.29769134521484375,2.8554534912109375,0.41031646728515625,0.40052032470703125,0.27675628662109375,0.23508453369140625,0.24782562255859375,2.8065872192382813,32.006324768066406,0.201507568359375,70.34233093261719,0.14369964599609375,0.29169464111328125,0.3084869384765625,0.28279876708984375,2.8656997680664063,0,239909.34173583984,242128.91796875,0,34088599552,2147483648,8545501184,0
200,1787751433634,3500,3500,3500,3500,3500,3500,3500,3500,3500,3500,3500,3500,3500,3500,3500,3500,3500,3500,3500,3500,0.5815963745117188,19.464500427246094,2.81695556640625,0.3233489990234375,0.5047073364257813,0.33113861083984375,2.83514404296875,0.26544189453125,0.42352294921875,0.5096511840820313,0.50225830078125,0.37905120849609375,75.70745849609375,0.1842041015625,21.94342041015625,2.8277511596679688,0.5802459716796875,0.3242950439453125,0.6948623657226563,0.3326873779296875,0,239918.98150634766,242136.2875366211,0,34088599552,2147483648,8546766848,0
200,1787751433835,3500,3500,3500,3500,3500,3500,3500,3500,3500,3500,3500,3500,3500,3500,3500,3500,3500,3500,3500,3500,3.3341751098632813,9.70404052734375,0.2665557861328125,2.7893905639648438,2.8111419677734375,0.2304840087890625,0.266754150390625,0.22798919677734375,0.47010040283203125,0.4683074951171875,0.48267364501953125,0.40305328369140625,61.18803405761719,2.6650161743164063,33.59613037109375,0.25034332275390625,2.7943267822265625,2.815826416015625,2.790283203125,0.285614013671875,0,239929.75952148438,242144.64196777344,0,34088599552,2147483648,8546729984,0
199,1787751434035,3500,3500,3500,3500,3500,3500,3500,3500,3500,3500,3500,3500,3500,3500,3500,3500,3500,3500,3500,3500,0.6746292114257813,7.0557098388671875,0.27166748046875,0.278961181640625,0.20679473876953125,0.2738189697265625,0.26183319091796875,2.6940689086914063,2.8879852294921875,2.8617630004882813,2.8520736694335938,0.28955078125,5.988609313964844,0.233062744140625,92.1123046875,0.110015869140625,0.30667877197265625,0.31147003173828125,0.272918701171875,0.25089263916015625,0,239939.03790283203,242151.80688476563,0,34088599552,2147483648,8546861056,0
200,1787751434235,3500,3500,3500,3500,3500,3500,3500,3500,3500,3500,3500,3500,3500,3500,3500,3500,3500,3500,3500,3500,0.8529129028320313,10.973030090332031,0.32163238525390625,0.34546661376953125,0.33061981201171875,0.2671661376953125,0.305389404296875,0.29250335693359375,0.4289093017578125,0.5383834838867188,0.5276870727539063,0.46833038330078125,62.98750305175781,0.22409820556640625,33.30968475341797,0.26047515869140625,0.48542022705078125,0.3317718505859375,0.3377685546875,0.30913543701171875,0,239947.54748535156,242158.20208740234,0,34088599552,2147483648,8546926592,0
200,1787751434435,3500,3500,3500,3500,3500,3500,3500,3500,3500,3500,3500,3500,3500,3500,3500,3500,3500,3500,3500,3500,0.6844100952148438,19.328636169433594,0.30437469482421875,0.29767608642578125,0.43512725830078125,2.9523162841796875,0.37000274658203125,0.42543792724609375,0.354217529296875,0.7444000244140625,0.43473052978515625,2.9851303100585938,53.10072708129883,0.18795013427734375,34.404762268066406,0.2714080810546875,0.35666656494140625,0.298431396484375,0.2946319580078125,2.801025390625,0,239956.9073486328,242165.4139404297,0,34088599552,2147483648,8547872768,0
200,1787751434636,3500,3500,3500,3500,3500,3500,3500,3500,3500,3500,3500,3500,3500,3500,3500,3500,3500,3500,3500,3500,0.7227249145507813,14.488204956054688,2.7876129150390625,0.28012847900390625,0.27313995361328125,0.28865814208984375,2.7683029174804688,0.26470947265625,0.37783050537109375,0.5729827880859375,0.4797210693359375,0.4872589111328125,70.70958709716797,0.14899444580078125,25.4764404296875,2.7237930297851563,0.322296142578125,0.284820556640625,0.29320526123046875,0.2962493896484375,0,239966.0350341797,242172.41790771484,0,34088599552,2147483648,8548130816,0
199,1787751434836,3500,3500,3500,3500,3500,3500,3500,3500,3500,3500,3500,3500,3500,3500,3500,3500,3500,3500,3500,3500,3.2011260986328125,18.013214111328125,0.2907867431640625,2.849151611328125,2.8541488647460938,0.4366607666015625,0.3872528076171875,0.3466796875,0.5054244995117188,0.4196929931640625,0.49394989013671875,0.5120620727539063,9.720451354980469,2.814971923828125,76.42391967773438,0.1697235107421875,2.8019943237304688,2.8156204223632813,2.8424148559570313,0.3324127197265625,0,239975.39672851563,242179.66766357422,0,34088599552,2147483648,8548126720,0
200,1787751435036,3500,3500,3500,3500,3500,3500,3500,3500,3500,3500,3500,3500,3500,3500,3500,3500,3500,3500,3500,3500,0.7388839721679688,5.985862731933594,0.31658935546875,0.35477447509765625,0.45067596435546875,0.36316680908203125,0.43433380126953125,2.980865478515625,2.9841079711914063,2.8864059448242188,2.8929595947265625,0.42803955078125,82.50477600097656,0.143280029296875,17.816513061523438,0.2800140380859375,5.565574645996094,0.30519866943359375,0.2929534912109375,0.28105926513671875,0,239984.50354003906,242186.63177490234,0,34088599552,2147483648,8550117376,0
200,1787751435236,3500,3500,3500,3500,3500,3500,3500,3500,3500,3500,3500,3500,3500,3500,3500,3500,3500,3500,3500,3500,0.7912521362304688,9.038780212402344,0.33422088623046875,0.28725433349609375,0.5024032592773438,0.4062652587890625,0.45858001708984375,0.49285888671875,0.26666259765625,0.33026885986328125,0.35015869140625,0.24817657470703125,4.221122741699219,0.19466400146484375,93.32278442382813,0.14040374755859375,0.6438522338867188,0.5168914794921875,0.2864990234375,0.3270721435546875,0,239993.0274658203,242193.0484008789,0,34088599552,2147483648,8550105088,0
200,1787751435437,3500,3500,3500,3500,3500,3500,3500,3500,3500,3500,3500,3500,3500,3500,3500,3500,3500,3500,3500,3500,2.3330459594726563,15.321144104003906,0.3047637939453125,0.3245391845703125,0.44693756103515625,2.86376953125,0.32428741455078125,0.4375457763671875,0.2584228515625,0.22626495361328125,0.37058258056640625,2.809295654296875,48.5896110534668,0.189910888671875,41.137298583984375,0.242645263671875,0.43540191650390625,0.42026519775390625,0.3038177490234375,0.2980194091796875,0,240001.64428710938,242199.5355834961,0,34088599552,2147483648,8550371328,0
200,1787751435637,3500,3500,3500,3500,3500,3500,3500,3500,3500,3500,3500,3500,3500,3500,3500,3500,3500,3500,3500,3500,0.74688720703125,12.192710876464844,2.8017349243164063,0.2673187255859375,0.22203826904296875,0.24288177490234375,2.8116302490234375,0.1945037841796875,0.36367034912109375,0.5601806640625,0.449432373046875,0.33219146728515625,6.3095245361328125,0.205047607421875,14.186538696289063,2.7554550170898438,88.65322875976563,0.1083984375,0.25502777099609375,2.779296875,0,240009.34246826172,242205.09936523438,0,34088599552,2147483648,8550686720,0
200,1787751435837,3500,3500,3500,3500,3500,3500,3500,3500,3500,3500,3500,3500,3500,3500,3500,3500,3500,3500,3500,3500,3.0684890747070313,6.40155029296875,0.27591705322265625,2.84674072265625,2.84649658203125,0.25283050537109375,0.251678466796875,0.261627197265625,0.4007110595703125,0.47602081298828125,0.4744720458984375,0.36907196044921875,91.5309829711914,2.6806259155273438,3.8681106567382813,0.22484588623046875,14.184494018554688,2.7979660034179688,2.8300552368164063,0.2756195068359375,0,240018.3734741211,242211.99603271484,0,34088599552,2147483648,8555003904,0
199,1787751436037,3500,3500,3500,3500,3500,3500,3500,3500,3500,3500,3500,3500,3500,3500,3500,3500,3500,3500,3500,3500,0.6994476318359375,8.916488647460938,0.27869415283203125,0.27060699462890625,0.21985626220703125,0.2389678955078125,0.2841339111328125,2.784271240234375,2.8984909057617188,2.9904098510742188,0.548248291015625,0.37015533447265625,32.40477752685547,0.20912933349609375,63.78730392456055,0.17310333251953125,0.34246063232421875,0.24126434326171875,0.2432098388671875,0.293609619140625,0,240027.0850830078,242218.58923339844,0,34088599552,2147483648,8555274240,0
199,1787751436237,3500,3500,3500,3500,3500,3500,3500,3500,3500,3500,3500,3500,3500,3500,3500,3500,3500,3500,3500,3500,0.8197174072265625,9.650039672851563,0.41440582275390625,0.4062652587890625,0.27439117431640625,0.28668212890625,0.35788726806640625,0.25930023193359375,0.3506927490234375,0.335052490234375,2.6612396240234375,0.26564788818359375,62.12406539916992,0.192840576171875,34.44035339355469,0.35549163818359375,0.363983154296875,0.34709930419921875,0.3104705810546875,0.33385467529296875,0,240037.30712890625,242226.69567871094,0,34088599552,2147483648,8555278336,0
200,1787751436437,3500,3500,3500,3500,3500,3500,3500,3500,3500,3500,3500,3500,3500,3500,3500,3500,3500,3500,3500,3500,0.7051467895507813,11.557670593261719,0.3824615478515625,0.39286041259765625,0.2567596435546875,2.781707763671875,0.33028411865234375,0.31018829345703125,0.28989410400390625,0.7076950073242188,0.24896240234375,2.8287887573242188,39.29530334472656,0.19977569580078125,53.33403396606445,0.20462799072265625,0.43194580078125,0.33453369140625,0.46138763427734375,0.28824615478515625,0,240046.21356201172,242233.47619628906,0,34088599552,2147483648,8555233280,0
200,1787751436638,3500,3500,3500,3500,3500,3500,3500,3500,3500,3500,3500,3500,3500,3500,3500,3500,3500,3500,3500,3500,0.7250518798828125,9.389549255371094,2.83111572265625,0.2608489990234375,0.5185089111328125,0.424468994140625,2.8757400512695313,0.39766693115234375,0.26773834228515625,0.36676788330078125,0.2328948974609375,0.25411224365234375,40.962120056152344,0.14035797119140625,39.90569305419922,2.7088775634765625,25.92511749267578,0.22286224365234375,0.22505950927734375,2.8025131225585938,0,240055.94915771484,242241.07012939453,0,34088599552,2147483648,8559689728,0
200,1787751436838,3500,3500,3500,3500,3500,3500,3500,3500,3500,3500,3500,3500,3500,3500,3500,3500,3500,3500,3500,3500,3.2929153442382813,3.3917312622070313,0.4461517333984375,2.958465576171875,3.0014572143554688,0.34952545166015625,0.42887115478515625,0.350128173828125,0.4612274169921875,0.39527130126953125,0.273681640625,0.3462371826171875,45.71726989746094,2.7723159790039063,55.34869384765625,0.2777252197265625,2.8575515747070313,2.9060821533203125,2.9024887084960938,0.324066162109375,0,240065.19885253906,242248.1982421875,0,34088599552,2147483648,8559665152,0
200,1787751437038,3500,3500,3500,3500,3500,3500,3500,3500,3500,3500,3500,3500,3500,3500,3500,3500,3500,3500,3500,3500,0.639404296875,9.975212097167969,0.38939666748046875,0.37526702880859375,0.43936920166015625,0.3585968017578125,0.3869476318359375,2.882171630859375,2.7984542846679688,2.787872314453125,0.26763153076171875,0.26458740234375,60.036014556884766,0.15131378173828125,35.42473602294922,0.23413848876953125,0.340423583984375,0.30512237548828125,0.302978515625,0.27557373046875,0,240075.28076171875,242256.1572265625,0,34088599552,2147483648,8559792128,0
200,1787751437238,3500,3500,3500,3500,3500,3500,3500,3500,3500,3500,3500,3500,3500,3500,3500,3500,3500,3500,3500,3500,0.7657394409179688,26.505935668945313,0.3520660400390625,0.34781646728515625,0.27152252197265625,0.29095458984375,0.30245208740234375,0.27082061767578125,0.26377105712890625,0.35596466064453125,2.8189773559570313,0.323883056640625,26.417991638183594,0.18473052978515625,6.934989929199219,0.25433349609375,50.21108627319336,0.19786834716796875,0.27661895751953125,0.27801513671875,0,240084.15850830078,242262.8934326172,0,34088599552,2147483648,8561811456,0
199,1787751437439,3500,3500,3500,3500,3500,3500,3500,3500,3500,3500,3500,3500,3500,3500,3500,3500,3500,3500,3500,3500,0.678070068359375,8.396942138671875,0.290924072265625,0.28553009033203125,0.278839111328125,2.9085235595703125,0.2874755859375,0.3281707763671875,0.470489501953125,0.35973358154296875,0.37880706787109375,3.0099868774414063,1.9240493774414063,0.20732879638671875,17.855453491210938,0.268402099609375,76.80522918701172,0.16263580322265625,0.2819366455078125,0.27953338623046875,0,240093.19818115234,242269.82012939453,0,34088599552,2147483648,8561876992,0
200,1787751437639,3500,3500,3500,3500,3500,3500,3500,3500,3500,3500,3500,3500,3500,3500,3500,3500,3500,3500,3500,3500,0.9318161010742188,4.830833435058594,2.7902984619140625,0.3267822265625,0.4152374267578125,0.48394775390625,3.02972412109375,0.48569488525390625,0.5119857788085938,0.49768829345703125,0.4922943115234375,0.49999237060546875,2.6976470947265625,0.29329681396484375,2.8206329345703125,2.8129348754882813,100,0.1333770751953125,0.3102874755859375,2.8377227783203125,0,240101.78271484375,242276.28021240234,0,34088599552,2147483648,8561930240,0
200,1787751437839,3500,3500,3500,3500,3500,3500,3500,3500,3500,3500,3500,3500,3500,3500,3500,3500,3500,3500,3500,3500,3.1161880493164063,9.685501098632813,0.27358245849609375,2.8287811279296875,2.96142578125,0.36638641357421875,0.43813323974609375,0.349517822265625,0.49224853515625,0.44736480712890625,0.53173828125,0.4864044189453125,1.527069091796875,2.778900146484375,0.7044754028320313,0.313018798828125,95.00198364257813,2.6658248901367188,2.8157501220703125,0.2907562255859375,0,240110.60620117188,242282.9926147461,0,34088599552,2147483648,8561917952,0
200,1787751438039,3500,3500,3500,3500,3500,3500,3500,3500,3500,3500,3500,3500,3500,3500,3500,3500,3500,3500,3500,3500,0.6243133544921875,23.704574584960938,0.265289306640625,0.26049041748046875,0.44033050537109375,0.3805999755859375,0.46155548095703125,2.96026611328125,2.887451171875,2.8619308471679688,0.395782470703125,0.34754180908203125,13.706527709960938,0.20166015625,36.02483367919922,0.200714111328125,37.46449279785156,0.23487091064453125,0.24346160888671875,0.27802276611328125,0,240119.7225341797,242289.98040771484,0,34088599552,2147483648,8563232768,0
200,1787751438240,3500,3500,3500,3500,3500,3500,3500,3500,3500,3500,3500,3500,3500,3500,3500,3500,3500,3500,3500,3500,0.8671951293945313,4.526954650878906,0.307769775390625,0.33979034423828125,0.33075714111328125,0.26363372802734375,0.3113555908203125,0.321533203125,0.39110565185546875,0.36382293701171875,2.80352783203125,0.3711090087890625,24.415283203125,0.26686859130859375,79.10257720947266,0.17584991455078125,0.3678131103515625,0.3250274658203125,0.32277679443359375,0.35230255126953125,0,240128.25268554688,242296.36547851563,0,34088599552,2147483648,8563232768,0
205,1787751438440,3500,3500,3500,3500,3500,3500,3500,3500,3500,3500,3500,3500,3500,3500,3500,3500,3500,3500,3500,3500,0.6618423461914063,3.5178298950195313,0.2849273681640625,0.2697601318359375,0.282684326171875,1.6372146606445313,0.21994781494140625,0.2601776123046875,0.2618255615234375,0.3766632080078125,0.25388336181640625,2.7774276733398438,14.567207336425781,0.19104766845703125,87.77397155761719,0.12906646728515625,0.26880645751953125,0.268707275390625,0.32166290283203125,0.351409912109375,0,240136.5733642578,242302.57763671875,0,34088599552,2147483648,8563580928,0
200,1787751438646,3500,3500,3500,3500,3500,3500,3500,3500,3500,3500,3500,3500,3500,3500,3500,3500,3500,3500,3500,3500,0.29691314697265625,24.1826171875,2.2723846435546875,0,0,0.8884963989257813,2.3124313354492188,0,0,2.531158447265625,0,0,12.020843505859375,0,6.1110076904296875,2.2903289794921875,76.50157928466797,0,0,2.3702316284179688,0,240145.6583251953,242309.42840576172,0,34088599552,2147483648,8563789824,0
200,1787751438846,3500,3500,3500,3500,3500,3500,3500,3500,3500,3500,3500,3500,3500,3500,3500,3500,3500,3500,3500,3500,3.6229019165039063,13.966361999511719,1.098876953125,2.4631500244140625,3.6072006225585938,0.7598342895507813,0.7716598510742188,0.7664871215820313,0.7575454711914063,1.710479736328125,0.7657928466796875,0.7554550170898438,46.93824005126953,3.1908798217773438,51.23112869262695,0.734832763671875,5.131980895996094,3.303680419921875,3.6548538208007813,0.8305435180664063,0,240155.74798583984,242317.4139404297,0,34088599552,2147483648,8564609024,0
200,1787751439046,3500,3500,3500,3500,3500,3500,3500,3500,3500,3500,3500,3500,3500,3500,3500,3500,3500,3500,3500,3500,0.6317367553710938,3.7346343994140625,0.3214263916015625,1.155364990234375,0.2836151123046875,0.28271484375,0.239166259765625,2.7783737182617188,2.8047637939453125,2.8261184692382813,0.25966644287109375,0.30446624755859375,83.3641128540039,0.14043426513671875,9.960884094238281,0.36248779296875,9.57794189453125,0.30047607421875,0.30312347412109375,0.28206634521484375,0,240165.822265625,242325.35815429688,0,34088599552,2147483648,8564740096,0
200,1787751439247,3500,3500,3500,3500,3500,3500,3500,3500,3500,3500,3500,3500,3500,3500,3500,3500,3500,3500,3500,3500,0.7431640625,2.167572021484375,0.29979705810546875,0.294647216796875,0.42514801025390625,0.32765960693359375,0.29210662841796875,0.40232086181640625,0.2763214111328125,0.36261749267578125,2.7609176635742188,0.3161773681640625,3.8463821411132813,0.240814208984375,69.66024780273438,0.18123626708984375,30.717254638671875,0.23467254638671875,0.3068389892578125,0.305389404296875,0,240174.23065185547,242331.64715576172,0,34088599552,2147483648,8564723712,0
200,1787751439447,3500,3500,3500,3500,3500,3500,3500,3500,3500,3500,3500,3500,3500,3500,3500,3500,3500,3500,3500,3500,2.5172653198242188,5.659568786621094,0.32729339599609375,0.293548583984375,0.4725189208984375,0.39154815673828125,0.36548614501953125,0.4736175537109375,0.278167724609375,0.2305908203125,0.27117919921875,2.8322296142578125,11.869438171386719,0.204681396484375,67.95924377441406,0.16654205322265625,27.943984985351563,0.27557373046875,0.7988204956054688,0.271728515625,0,240183.59295654297,242338.8823852539,0,34088599552,2147483648,8564936704,0
199,1787751439647,3500,3500,3500,3500,3500,3500,3500,3500,3500,3500,3500,3500,3500,3500,3500,3500,3500,3500,3500,3500,0.8713531494140625,6.3406524658203125,2.876007080078125,0.3348236083984375,0.475677490234375,3.0123138427734375,0.388641357421875,0.47353363037109375,0.28998565673828125,0.27347564697265625,0.29327392578125,0.2745208740234375,100,0.13885498046875,3.0994491577148438,2.8220901489257813,0.30709075927734375,0.350982666015625,0.2963714599609375,2.8356552124023438,0,240193.6834716797,242346.85748291016,0,34088599552,2147483648,8564932608,0
200,1787751439847,3500,3500,3500,3500,3500,3500,3500,3500,3500,3500,3500,3500,3500,3500,3500,3500,3500,3500,3500,3500,3.1462631225585938,17.742591857910156,0.267974853515625,0.294921875,1.410247802734375,0.29666900634765625,2.8401412963867188,0.26992034912109375,0.33416748046875,0.3653106689453125,0.25252532958984375,0.28531646728515625,6.5394439697265625,2.7517547607421875,80.9240493774414,0.14473724365234375,2.7817001342773438,2.8039474487304688,2.8026504516601563,0.27581787109375,0,240202.99255371094,242354.03283691406,0,34088599552,2147483648,8564998144,0
200,1787751440048,3500,3500,3500,3500,3500,3500,3500,3500,3500,3500,3500,3500,3500,3500,3500,3500,3500,3500,3500,3500,0.6558914184570313,6.66571044921875,0.25896453857421875,2.80584716796875,1.6391754150390625,0.2636566162109375,0.26320648193359375,0.42168426513671875,2.8492202758789063,2.737060546875,0.2565155029296875,0.22901153564453125,56.64878845214844,0.183990478515625,42.535892486572266,0.2213287353515625,0.282318115234375,0.27408599853515625,0.27259063720703125,0.3003387451171875,0,240211.51806640625,242360.43115234375,0,34088599552,2147483648,8565391360,0
200,1787751440248,3500,3500,3500,3500,3500,3500,3500,3500,3500,3500,3500,3500,3500,3500,3500,3500,3500,3500,3500,3500,0.7600250244140625,3.599761962890625,0.36002349853515625,0.3189544677734375,0.26505279541015625,0.34116363525390625,0.35129547119140625,2.6096649169921875,0.32898712158203125,0.3137664794921875,2.8907928466796875,0.305877685546875,11.731491088867188,0.2813720703125,32.86693572998047,0.286163330078125,61.7591667175293,0.2321624755859375,0.42246246337890625,0.4297943115234375,0,240221.70544433594,242368.49975585938,0,34088599552,2147483648,8565530624,0
200,1787751440448,3500,3500,3500,3500,3500,3500,3500,3500,3500,3500,3500,3500,3500,3500,3500,3500,3500,3500,3500,3500,0.7936172485351563,25.935104370117188,0.38544464111328125,0.3813934326171875,0.28850555419921875,0.21385955810546875,0.2713165283203125,0.246185302734375,0.19422149658203125,0.585662841796875,0.27286529541015625,2.660675048828125,25.098312377929688,0.21025848388671875,29.441314697265625,0.23624420166015625,24.26197052001953,0.2559814453125,0.39678192138671875,0.38874053955078125,0,240230.5092163086,242375.18579101563,0,34088599552,2147483648,8565727232,0
200,1787751440649,3500,3500,3500,3500,3500,3500,3500,3500,3500,3500,3500,3500,3500,3500,3500,3500,3500,3500,3500,3500,0.7885284423828125,31.907867431640625,4.127388000488281,0.3856048583984375,0.948822021484375,2.9842453002929688,0.39414215087890625,0.3588104248046875,0.26224517822265625,0.7845840454101563,0.260894775390625,0.36869049072265625,36.94365310668945,0.19542694091796875,62.54043960571289,2.7700576782226563,8.48388671875,0.3630523681640625,5.831306457519531,2.9029998779296875,0,240241.40460205078,242383.90258789063,0,34088599552,2147483648,8579756032,0
199,1787751440849,3500,3500,3500,3500,3500,3500,3500,3500,3500,3500,3500,3500,3500,3500,3500,3500,3500,3500,3500,3500,3.2003250122070313,24.873939514160156,35.098228454589844,0.24739837646484375,1.8279342651367188,0.34954833984375,2.8828811645507813,0.34465789794921875,0.287689208984375,5.739997863769531,0.9161376953125,0.6098785400390625,64.62501525878906,2.7286529541015625,100,0.12726593017578125,46.06515121459961,2.746826171875,58.50346755981445,0.26816558837890625,0,240255.74481201172,242396.02716064453,0,34088599552,2147483648,8605577216,0
200,1787751441049,3500,3500,3500,3500,3500,3500,3500,3500,3500,3500,3500,3500,3500,3500,3500,3500,3500,3500,3500,3500,0.6105117797851563,38.7819709777832,0.87261962890625,2.871368408203125,3.12158203125,0.529510498046875,0.49872589111328125,0.49308013916015625,0.7981109619140625,2.9853057861328125,0.43511199951171875,0.4206695556640625,55.429962158203125,0.254058837890625,51.07026290893555,0.28034210205078125,82.11109161376953,0.19869232177734375,58.3342170715332,0.27034759521484375,0,240268.740234375,242406.85546875,0,34088599552,2147483648,8615510016,0
199,1787751441249,3500,3500,3500,3500,3500,3500,3500,3500,3500,3500,3500,3500,3500,3500,3500,3500,3500,3500,3500,3500,0.6951675415039063,29.089752197265625,0.378265380859375,0.344085693359375,0.3244476318359375,0.28771209716796875,0.35308074951171875,2.882415771484375,2.3915557861328125,0.29131317138671875,2.8674240112304688,0.2572784423828125,47.955204010009766,0.1873626708984375,75.69140625,0.21654510498046875,34.5380859375,0.27666473388671875,7.326683044433594,0.26177215576171875,0,240278.73455810547,242414.6773071289,0,34088599552,2147483648,8583942144,0
200,1787751441449,3500,3500,3500,3500,3500,3500,3500,3500,3500,3500,3500,3500,3500,3500,3500,3500,3500,3500,3500,3500,0.716705322265625,2.8602752685546875,0.31374359130859375,0.3380889892578125,0.2632598876953125,0.2620086669921875,0.28780364990234375,0.355377197265625,0.2937469482421875,0.32138824462890625,0.31084442138671875,2.8974151611328125,43.54011917114258,0.196380615234375,57.9304313659668,0.25521087646484375,0.3232421875,0.318145751953125,0.3330841064453125,0.29505157470703125,0,240288.19372558594,242422.01068115234,0,34088599552,2147483648,8583626752,0
200,1787751441650,3500,3500,3500,3500,3500,3500,3500,3500,3500,3500,3500,3500,3500,3500,3500,3500,3500,3500,3500,3500,0.8079833984375,30.08251190185547,0.30818939208984375,0.35048675537109375,0.22542572021484375,2.8465194702148438,0.3090362548828125,0.28633880615234375,0.2855377197265625,0.3397674560546875,0.2982635498046875,0.32894134521484375,58.76586151123047,0.21844482421875,31.14635467529297,2.8102569580078125,4.956047058105469,0.30429840087890625,0.3929901123046875,2.8482131958007813,0,240296.38256835938,242428.03192138672,0,34088599552,2147483648,8582987776,0
199,1787751441850,3500,3500,3500,3500,3500,3500,3500,3500,3500,3500,3500,3500,3500,3500,3500,3500,3500,3500,3500,3500,3.3802261352539063,4.940696716308594,2.82598876953125,0.3259429931640625,0.3059844970703125,0.19136810302734375,2.8859176635742188,0.3077850341796875,0.29955291748046875,0.2956085205078125,0.3199615478515625,0.31401824951171875,86.30704498291016,2.6628646850585938,15.491996765136719,0.2769927978515625,0.32120513916015625,2.8258819580078125,2.848541259765625,0.29216766357421875,0,240304.67114257813,242434.19537353516,0,34088599552,2147483648,8582987776,0
200,1787751442050,3500,3500,3500,3500,3500,3500,3500,3500,3500,3500,3500,3500,3500,3500,3500,3500,3500,3500,3500,3500,0.6903305053710938,4.537322998046875,0.305023193359375,2.7921600341796875,2.8072052001953125,0.23279571533203125,0.34661102294921875,0.2716827392578125,0.32257080078125,2.7958602905273438,0.30892181396484375,0.26818084716796875,30.407005310058594,0.18145751953125,61.91129684448242,0.1605072021484375,12.659858703613281,0.2765350341796875,0.3284149169921875,0.31327056884765625,0,240312.67639160156,242440.08123779297,0,34088599552,2147483648,8582778880,0
200,1787751442250,3500,3500,3500,3500,3500,3500,3500,3500,3500,3500,3500,3500,3500,3500,3500,3500,3500,3500,3500,3500,0.9115066528320313,2.4518661499023438,0.35269927978515625,0.3128814697265625,0.29204559326171875,0.306182861328125,0.2757568359375,2.7821807861328125,2.8217010498046875,0.3021392822265625,2.866119384765625,0.2776031494140625,4.013603210449219,0.27215576171875,0.4464874267578125,0.30733489990234375,100,0.14389801025390625,0.29319000244140625,0.3335113525390625,0,240323.10845947266,242448.38537597656,0,34088599552,2147483648,8582234112,0
200,1787751442450,3500,3500,3500,3500,3500,3500,3500,3500,3500,3500,3500,3500,3500,3500,3500,3500,3500,3500,3500,3500,0.5728836059570313,18.961532592773438,0.28202056884765625,0.25203704833984375,0.201019287109375,0.21491241455078125,0.21930694580078125,0.22980499267578125,0.22055816650390625,0.79779052734375,0.25144195556640625,2.7403564453125,17.73236083984375,0.164794921875,46.5314826965332,0.19677734375,23.99327850341797,0.20377349853515625,0.2429962158203125,0.253387451171875,0,240332.4080810547,242455.55267333984,0,34088599552,2147483648,8582238208,0
199,1787751442651,3500,3500,3500,3500,3500,3500,3500,3500,3500,3500,3500,3500,3500,3500,3500,3500,3500,3500,3500,3500,1.0003890991210938,10.000770568847656,0.439117431640625,0.40316009521484375,0.33045196533203125,2.8280181884765625,0.417144775390625,0.316864013671875,0.31441497802734375,0.3657073974609375,0.33873748779296875,0.37494659423828125,1.6286773681640625,0.2968902587890625,94.80340576171875,2.732086181640625,0.3886260986328125,0.35871124267578125,0.3486785888671875,2.89349365234375,0,240340.19848632813,242461.7391357422,0,34088599552,2147483648,8582238208,0
200,1787751442851,3500,3500,3500,3500,3500,3500,3500,3500,3500,3500,3500,3500,3500,3500,3500,3500,3500,3500,3500,3500,0.7338943481445313,4.934669494628906,2.8098831176757813,0.3101043701171875,0.32065582275390625,0.22422027587890625,2.7963409423828125,0.27310943603515625,0.27275848388671875,0.3451995849609375,0.22916412353515625,0.25466156005859375,6.59722900390625,2.8204345703125,25.84233856201172,0.20961761474609375,70.78076171875,2.682952880859375,2.7986907958984375,0.27416229248046875,0,240348.2176513672,242467.1264038086,0,34088599552,2147483648,8582238208,0
199,1787751443051,3500,3500,3500,3500,3500,3500,3500,3500,3500,3500,3500,3500,3500,3500,3500,3500,3500,3500,3500,3500,3.1197433471679688,21.538002014160156,0.28760528564453125,2.790771484375,2.8086318969726563,0.3270721435546875,0.31295013427734375,0.3329620361328125,0.26859283447265625,2.7735595703125,0.25806427001953125,0.2583160400390625,71.41767883300781,0.1334228515625,6.2391815185546875,0.2494354248046875,13.559921264648438,0.43769073486328125,0.26909637451171875,0.29079437255859375,0,240357.64263916016,242474.7664794922,0,34088599552,2147483648,8582328320,0
200,1787751443251,3500,3500,3500,3500,3500,3500,3500,3500,3500,3500,3500,3500,3500,3500,3500,3500,3500,3500,3500,3500,0.8359756469726563,3.7052993774414063,0.321258544921875,0.31951141357421875,0.26198577880859375,0.35799407958984375,0.31266021728515625,2.8320846557617188,2.8081512451171875,0.3916778564453125,2.8318862915039063,0.3589935302734375,30.423446655273438,0.24423980712890625,42.5216064453125,0.2457427978515625,37.65547561645508,0.31026458740234375,0.5599517822265625,0.279327392578125,0,240367.37677001953,242482.49395751953,0,34088599552,2147483648,8582328320,0
200,1787751443452,3500,3500,3500,3500,3500,3500,3500,3500,3500,3500,3500,3500,3500,3500,3500,3500,3500,3500,3500,3500,2.4194412231445313,2.48583984375,0.2784271240234375,0.30403900146484375,0.287567138671875,0.26285552978515625,0.2635498046875,0.24927520751953125,0.3132781982421875,0.396697998046875,0.35890960693359375,2.8578262329101563,3.2694015502929688,0.2884674072265625,38.24320602416992,0.23574066162109375,62.094932556152344,0.24462890625,0.33264923095703125,0.288909912109375,0,240375.98681640625,242488.49993896484,0,34088599552,2147483648,8582307840,0
200,1787751443652,3500,3500,3500,3500,3500,3500,3500,3500,3500,3500,3500,3500,3500,3500,3500,3500,3500,3500,3500,3500,0.7452316284179688,11.139717102050781,0.31633758544921875,0.2954559326171875,0.28191375732421875,2.8569183349609375,0.265228271484375,0.2220611572265625,0.35825347900390625,0.4604644775390625,0.44487762451171875,0.3466644287109375,2.502960205078125,0.263031005859375,3.6138381958007813,2.7861251831054688,92.1578369140625,0.1487274169921875,0.28066253662109375,2.8428268432617188,0,240384.73114013672,242495.11907958984,0,34088599552,2147483648,8582299648,0
200,1787751443852,3500,3500,3500,3500,3500,3500,3500,3500,3500,3500,3500,3500,3500,3500,3500,3500,3500,3500,3500,3500,0.6185684204101563,8.402786254882813,2.86474609375,0.313751220703125,0.26248931884765625,0.30387115478515625,2.7342300415039063,0.27571868896484375,0.31459808349609375,0.5136566162109375,0.36560821533203125,0.3406524658203125,50.34507369995117,0.193359375,5.4169921875,0.24866485595703125,51.662174224853516,2.7540435791015625,3.0107421875,0.263092041015625,0,240394.4008178711,242502.6473388672,0,34088599552,2147483648,8582430720,0
200,1787751444053,3500,3500,3500,3500,3500,3500,3500,3500,3500,3500,3500,3500,3500,3500,3500,3500,3500,3500,3500,3500,3.0688018798828125,35.05481719970703,0.3761749267578125,2.8569717407226563,2.8041000366210938,0.2852020263671875,0.310638427734375,0.23761749267578125,0.3694915771484375,2.89617919921875,0.37014007568359375,0.5220184326171875,7.583343505859375,2.71337890625,63.435997009277344,0.17173004150390625,2.84130859375,0.2855987548828125,0.37587738037109375,0.30739593505859375,0,240403.18774414063,242509.29486083984,0,34088599552,2147483648,8582561792,0
199,1787751444253,3500,3500,3500,3500,3500,3500,3500,3500,3500,3500,3500,3500,3500,3500,3500,3500,3500,3500,3500,3500,0.8455886840820313,2.2818222045898438,0.39826202392578125,0.392364501953125,0.25069427490234375,0.3162384033203125,0.278350830078125,2.7800216674804688,2.8757705688476563,0.35488128662109375,2.8581466674804688,0.24166107177734375,3.9262771606445313,0.30785369873046875,66.21595764160156,0.20267486572265625,34.18190002441406,0.2582855224609375,0.46120452880859375,0.373199462890625,0,240412.0648803711,242516.05310058594,0,34088599552,2147483648,8582561792,0
200,1787751444453,3500,3500,3500,3500,3500,3500,3500,3500,3500,3500,3500,3500,3500,3500,3500,3500,3500,3500,3500,3500,0.6547393798828125,2.146209716796875,0.413787841796875,0.42638397216796875,0.30561065673828125,0.31105804443359375,0.3511810302734375,0.2908172607421875,0.2464447021484375,0.7950515747070313,0.33074188232421875,2.174041748046875,1.5964508056640625,0.2815704345703125,0.414886474609375,0.42078399658203125,100,0.1451568603515625,0.43792724609375,0.41474151611328125,0,240421.46197509766,242523.34375,0,34088599552,2147483648,8582561792,0
200,1787751444653,3500,3500,3500,3500,3500,3500,3500,3500,3500,3500,3500,3500,3500,3500,3500,3500,3500,3500,3500,3500,0.7409820556640625,9.683219909667969,0.39141845703125,0.38527679443359375,0.2671051025390625,2.8091888427734375,0.2294921875,0.26760101318359375,0.29866790771484375,0.3047637939453125,0.25217437744140625,0.933868408203125,30.76166534423828,0.2137603759765625,16.264877319335938,2.8452987670898438,55.971435546875,0.18129730224609375,16.473548889160156,2.835906982421875,0,240430.48999023438,242530.22149658203,0,34088599552,2147483648,8582541312,0
200,1787751444854,3500,3500,3500,3500,3500,3500,3500,3500,3500,3500,3500,3500,3500,3500,3500,3500,3500,3500,3500,3500,0.7411727905273438,12.411460876464844,2.9069747924804688,0.37310791015625,0.45513916015625,0.28728485107421875,2.8134613037109375,0.19736480712890625,0.3167877197265625,1.0013427734375,0.2988128662109375,0.261566162109375,24.42090606689453,0.22103118896484375,16.654541015625,0.2350616455078125,54.26866912841797,0.1967620849609375,2.9493637084960938,0.3653717041015625,0,240439.10510253906,242536.71600341797,0,34088599552,2147483648,8582529024,0
200,1787751445054,3500,3500,3500,3500,3500,3500,3500,3500,3500,3500,3500,3500,3500,3500,3500,3500,3500,3500,3500,3500,3.2071151733398438,12.307151794433594,0.3242645263671875,2.8781585693359375,2.7958831787109375,0.24617767333984375,0.24448394775390625,0.351654052734375,0.319427490234375,0.2697296142578125,0.24603271484375,0.313934326171875,49.018802642822266,2.6858673095703125,44.89762496948242,0.2020721435546875,2.7942886352539063,2.8348464965820313,0.28534698486328125,0.30141448974609375,0,240447.98455810547,242543.4620361328,0,34088599552,2147483648,8582660096,0
200,1787751445254,3500,3500,3500,3500,3500,3500,3500,3500,3500,3500,3500,3500,3500,3500,3500,3500,3500,3500,3500,3500,0.7620010375976563,2.34136962890625,0.28745269775390625,0.30930328369140625,0.2812652587890625,0.25273895263671875,0.28116607666015625,2.8415069580078125,2.8031005859375,2.7568130493164063,2.8175125122070313,0.27204132080078125,4.1183624267578125,0.21337890625,100,0.11975860595703125,0.29254150390625,0.29743194580078125,0.29688262939453125,0.2853546142578125,0,240456.00061035156,242549.3634033203,0,34088599552,2147483648,8582660096,0
200,1787751445455,3500,3500,3500,3500,3500,3500,3500,3500,3500,3500,3500,3500,3500,3500,3500,3500,3500,3500,3500,3500,0.7955322265625,4.166725158691406,0.294586181640625,0.3081512451171875,0.3382720947265625,0.26067352294921875,0.2380828857421875,0.29897308349609375,0.274688720703125,0.285858154296875,0.24730682373046875,0.30989837646484375,3.7816696166992188,0.250152587890625,9.055068969726563,0.26940155029296875,91.09304809570313,0.1542510986328125,0.28804779052734375,0.32595062255859375,0,240466.19744873047,242557.42108154297,0,34088599552,2147483648,8582860800,0
200,1787751445655,3500,3500,3500,3500,3500,3500,3500,3500,3500,3500,3500,3500,3500,3500,3500,3500,3500,3500,3500,3500,0.7947235107421875,2.5355148315429688,0.23696136474609375,0.29088592529296875,0.27386474609375,2.8091278076171875,0.2352142333984375,0.161773681640625,0.25394439697265625,0.15727996826171875,0.2078094482421875,2.8088302612304688,1.5990371704101563,0.22922515869140625,2.8488235473632813,0.3861541748046875,100,0.089874267578125,0.250396728515625,2.8237075805664063,0,240475.4041748047,242564.50927734375,0,34088599552,2147483648,8582856704,0
200,1787751445856,3500,3500,3500,3500,3500,3500,3500,3500,3500,3500,3500,3500,3500,3500,3500,3500,3500,3500,3500,3500,0.6382675170898438,5.8033905029296875,2.9065628051757813,0.3673095703125,0.368408203125,0.340301513671875,2.885345458984375,0.3094482421875,0.515716552734375,0.393218994140625,0.38348388671875,0.40584564208984375,24.936378479003906,0.27565765380859375,32.62452697753906,2.6118850708007813,45.87410354614258,0.28339385986328125,2.9126052856445313,0.4142303466796875,0,240484.12225341797,242571.10205078125,0,34088599552,2147483648,8581480448,0
199,1787751446056,3500,3500,3500,3500,3500,3500,3500,3500,3500,3500,3500,3500,3500,3500,3500,3500,3500,3500,3500,3500,3.1199264526367188,8.588455200195313,0.26284027099609375,2.7780685424804688,2.7815628051757813,0.29290771484375,0.2290191650390625,0.264984130859375,0.44380950927734375,0.29425811767578125,0.2960052490234375,0.3007965087890625,21.660568237304688,2.7428512573242188,4.856536865234375,0.213836669921875,47.52677536010742,2.6944046020507813,30.930091857910156,0.2239227294921875,0,240492.75653076172,242577.59423828125,0,34088599552,2147483648,8581939200,0
200,1787751446256,3500,3500,3500,3500,3500,3500,3500,3500,3500,3500,3500,3500,3500,3500,3500,3500,3500,3500,3500,3500,0.8713226318359375,10.179985046386719,0.34545135498046875,0.30770111083984375,0.27495574951171875,0.28755950927734375,0.31719970703125,2.8681716918945313,3.0213470458984375,2.9770584106445313,2.972503662109375,0.44623565673828125,12.999763488769531,0.2818603515625,83.37232971191406,0.1818695068359375,0.39708709716796875,0.32125091552734375,0.3365020751953125,0.31305694580078125,0,240501.9356689453,242584.65661621094,0,34088599552,2147483648,8581922816,0
200,1787751446456,3500,3500,3500,3500,3500,3500,3500,3500,3500,3500,3500,3500,3500,3500,3500,3500,3500,3500,3500,3500,0.6311111450195313,5.2728729248046875,0.38646697998046875,0.3613433837890625,0.2852020263671875,0.26662445068359375,0.265472412109375,0.28780364990234375,0.5076141357421875,0.3607940673828125,0.38552093505859375,0.47653961181640625,8.12237548828125,0.22985076904296875,94.8437271118164,0.114105224609375,0.28086090087890625,0.304534912109375,0.2747650146484375,0.317474365234375,0,240511.09393310547,242591.68560791016,0,34088599552,2147483648,8582905856,0
200,1787751446656,3500,3500,3500,3500,3500,3500,3500,3500,3500,3500,3500,3500,3500,3500,3500,3500,3500,3500,3500,3500,0.8289413452148438,3.0085296630859375,0.41831207275390625,0.43074798583984375,0.30313873291015625,2.8747329711914063,0.33194732666015625,0.3671417236328125,0.47188568115234375,0.4629974365234375,0.36963653564453125,2.9113311767578125,20.021644592285156,0.2835693359375,83.89080810546875,0.1632537841796875,0.33504486083984375,0.314971923828125,0.34462738037109375,2.918121337890625,0,240519.98541259766,242598.46392822266,0,34088599552,2147483648,8582905856,0
200,1787751446856,3500,3500,3500,3500,3500,3500,3500,3500,3500,3500,3500,3500,3500,3500,3500,3500,3500,3500,3500,3500,0.6432876586914063,10.325668334960938,2.8871002197265625,0.363861083984375,0.5716934204101563,0.44219970703125,3.0093002319335938,0.39258575439453125,0.2266693115234375,0.997955322265625,0.2726287841796875,0.28177642822265625,46.26020812988281,0.15457916259765625,54.44533157348633,2.7119369506835938,0.6554794311523438,0.2596435546875,2.9989089965820313,0.4774169921875,0,240529.18463134766,242605.5326538086,0,34088599552,2147483648,8583303168,0
200,1787751447057,3500,3500,3500,3500,3500,3500,3500,3500,3500,3500,3500,3500,3500,3500,3500,3500,3500,3500,3500,3500,3.1569595336914063,11.090431213378906,0.391387939453125,2.902862548828125,2.9004135131835938,0.46312713623046875,0.47261810302734375,0.36910247802734375,0.21492767333984375,0.27178192138671875,0.34867095947265625,0.25484466552734375,61.315921783447266,2.70916748046875,36.61874008178711,0.2170257568359375,3.0083770751953125,2.9269943237304688,0.5429611206054688,0.5296707153320313,0,240538.03393554688,242612.26190185547,0,34088599552,2147483648,8583434240,0
200,1787751447257,3500,3500,3500,3500,3500,3500,3500,3500,3500,3500,3500,3500,3500,3500,3500,3500,3500,3500,3500,3500,0.7045822143554688,17.91559600830078,0.41864776611328125,0.42789459228515625,0.3568878173828125,0.4023590087890625,0.415802001953125,2.8897323608398438,2.8321151733398438,2.84130859375,2.8907318115234375,0.3610382080078125,57.74147415161133,0.19258880615234375,15.20306396484375,0.37242889404296875,15.69757080078125,0.39391326904296875,0.5240402221679688,0.5246353149414063,0,240548.55859375,242620.6632080078,0,34088599552,2147483648,8583434240,0
199,1787751447457,3500,3500,3500,3500,3500,3500,3500,3500,3500,3500,3500,3500,3500,3500,3500,3500,3500,3500,3500,3500,2.2588577270507813,15.222549438476563,0.31806182861328125,0.32569122314453125,0.22766876220703125,0.20891571044921875,0.17794036865234375,0.203277587890625,0.28194427490234375,0.29770660400390625,0.387847900390625,0.282989501953125,27.198944091796875,0.1233673095703125,33.209136962890625,0.20916748046875,31.7728271484375,0.19659423828125,0.42261505126953125,0.4150848388671875,0,240557.2264404297,242627.19982910156,0,34088599552,2147483648,8583610368,0
199,1787751447657,3500,3500,3500,3500,3500,3500,3500,3500,3500,3500,3500,3500,3500,3500,3500,3500,3500,3500,3500,3500,0.879302978515625,9.815834045410156,0.4521942138671875,0.44464874267578125,0.3260650634765625,2.7697296142578125,0.31522369384765625,0.386627197265625,0.37743377685546875,0.36489105224609375,0.4032745361328125,2.8931121826171875,3.71429443359375,0.28528594970703125,3.735931396484375,0.3980255126953125,91.32776641845703,0.2000885009765625,0.42940521240234375,2.9388351440429688,0,240567.11840820313,242634.9647216797,0,34088599552,2147483648,8583802880,0
200,1787751447857,3500,3500,3500,3500,3500,3500,3500,3500,3500,3500,3500,3500,3500,3500,3500,3500,3500,3500,3500,3500,0.5801162719726563,14.234169006347656,2.9091415405273438,0.37060546875,0.30817413330078125,0.23675537109375,2.7755889892578125,0.2373046875,0.3204193115234375,0.81732177734375,0.3049774169921875,0.2861328125,27.093589782714844,0.19202423095703125,0.570770263671875,2.8094253540039063,66.14045715332031,0.2474517822265625,2.8418197631835938,0.279937744140625,0,240577.1649169922,242642.9037475586,0,34088599552,2147483648,8583802880,0
200,1787751448058,3500,3500,3500,3500,3500,3500,3500,3500,3500,3500,3500,3500,3500,3500,3500,3500,3500,3500,3500,3500,3.2288131713867188,15.986221313476563,0.38482666015625,2.8889236450195313,2.7777099609375,0.17725372314453125,0.26507568359375,0.24747467041015625,0.38721466064453125,0.43634033203125,0.4041748046875,0.4173431396484375,37.83104705810547,2.769775390625,53.781612396240234,0.2024383544921875,2.9899673461914063,2.912567138671875,0.2481689453125,0.29674530029296875,0,240586.61584472656,242650.21813964844,0,34088599552,2147483648,8583933952,0
200,1787751448258,3500,3500,3500,3500,3500,3500,3500,3500,3500,3500,3500,3500,3500,3500,3500,3500,3500,3500,3500,3500,0.7958984375,14.717720031738281,1.2478561401367188,0.3738250732421875,0.25878143310546875,0.29804229736328125,0.23438262939453125,2.8293838500976563,2.850341796875,2.9662857055664063,2.83282470703125,0.316802978515625,15.447868347167969,0.233184814453125,9.607200622558594,0.2758941650390625,84.97774505615234,0.1687774658203125,1.4536056518554688,0.2663116455078125,0,240598.1025390625,242659.55853271484,0,34088599552,2147483648,8584470528,0
200,1787751448458,3500,3500,3500,3500,3500,3500,3500,3500,3500,3500,3500,3500,3500,3500,3500,3500,3500,3500,3500,3500,0.7287139892578125,2.9824981689453125,0.43003082275390625,0.4375762939453125,0.3729705810546875,0.29273223876953125,0.2991790771484375,0.34389495849609375,0.353240966796875,0.8677597045898438,0.26285552978515625,0.337799072265625,29.21039581298828,0.23172760009765625,72.0672607421875,0.20259857177734375,0.4727020263671875,0.42998504638671875,0.314117431640625,0.33115386962890625,0,240606.29034423828,242665.6146850586,0,34088599552,2147483648,8584536064,0
200,1787751448659,3500,3500,3500,3500,3500,3500,3500,3500,3500,3500,3500,3500,3500,3500,3500,3500,3500,3500,3500,3500,0.43433380126953125,9.4488525390625,0.04815673828125,0.08014678955078125,0.15401458740234375,2.634368896484375,0.1143341064453125,0.1856536865234375,0.02071380615234375,0,0.04566192626953125,2.526519775390625,5.122657775878906,0.0361785888671875,43.92043685913086,0,54.98381423950195,0,0.03513336181640625,2.542236328125,0,240616.51763916016,242673.71868896484,0,34088599552,2147483648,8590315520,0
200,1787751448859,3500,3500,3500,3500,3500,3500,3500,3500,3500,3500,3500,3500,3500,3500,3500,3500,3500,3500,3500,3500,1.062957763671875,6.36529541015625,3.101104736328125,0.601715087890625,0.55755615234375,0.5505218505859375,3.036529541015625,0.5967788696289063,0.700469970703125,0.8814163208007813,0.6503219604492188,0.6402435302734375,26.32202911376953,0.5708770751953125,0.9736862182617188,3.0822906494140625,75.36231231689453,0.46852874755859375,0.580810546875,0.5671844482421875,0,240625.63201904297,242680.7109375,0,34088599552,2147483648,8590491648,0
200,1787751449059,3500,3500,3500,3500,3500,3500,3500,3500,3500,3500,3500,3500,3500,3500,3500,3500,3500,3500,3500,3500,3.189727783203125,6.219818115234375,0.28481292724609375,2.8044509887695313,2.8302688598632813,0.2946929931640625,0.2728271484375,0.2794647216796875,0.45847320556640625,0.5141983032226563,0.46566009521484375,0.40419769287109375,26.144393920898438,2.7453384399414063,50.04096984863281,0.1897430419921875,30.34398651123047,2.711334228515625,2.7868804931640625,0.261138916015625,0,240636.46166992188,242689.84936523438,0,34088599552,2147483648,8592273408,0
200,1787751449260,3500,3500,3500,3500,3500,3500,3500,3500,3500,3500,3500,3500,3500,3500,3500,3500,3500,3500,3500,3500,0.8321151733398438,10.698158264160156,0.3388671875,0.2852783203125,0.46532440185546875,0.45693206787109375,0.38886260986328125,3.0121078491210938,2.8583297729492188,2.8601837158203125,2.899139404296875,0.30185699462890625,27.226905822753906,0.24657440185546875,34.175132751464844,0.23783111572265625,35.270103454589844,0.28857421875,0.33502197265625,0.2816314697265625,0,240645.99633789063,242697.25457763672,0,34088599552,2147483648,8592482304,0
200,1787751449460,3500,3500,3500,3500,3500,3500,3500,3500,3500,3500,3500,3500,3500,3500,3500,3500,3500,3500,3500,3500,0.6710968017578125,10.194618225097656,0.41082000732421875,0.3932037353515625,0.4486083984375,0.49314117431640625,0.41262054443359375,0.4937896728515625,0.3343963623046875,0.3394927978515625,0.32106781005859375,0.3308563232421875,32.88896179199219,0.20131683349609375,60.85103988647461,0.19557952880859375,0.3597564697265625,0.40009307861328125,0.40253448486328125,0.37298583984375,0,240656.09521484375,242704.94720458984,0,34088599552,2147483648,8592596992,0
200,1787751449661,3500,3500,3500,3500,3500,3500,3500,3500,3500,3500,3500,3500,3500,3500,3500,3500,3500,3500,3500,3500,0.7468948364257813,18.24262237548828,0.351898193359375,0.33049774169921875,0.33154296875,2.8833160400390625,0.32530975341796875,0.40222930908203125,0.18193817138671875,0.40741729736328125,0.276763916015625,2.7624893188476563,9.987533569335938,0.14830780029296875,48.961944580078125,0.1663665771484375,28.386154174804688,0.25536346435546875,0.35089874267578125,2.87762451171875,0,240665.19787597656,242711.7830810547,0,34088599552,2147483648,8593530880,0
199,1787751449861,3500,3500,3500,3500,3500,3500,3500,3500,3500,3500,3500,3500,3500,3500,3500,3500,3500,3500,3500,3500,0.60791015625,23.62432098388672,2.8367843627929688,0.33065032958984375,0.2358856201171875,0.342376708984375,2.8342437744140625,0.350067138671875,0.28025054931640625,0.72088623046875,0.2624359130859375,0.3353424072265625,40.713409423828125,0.22615814208984375,47.50005340576172,2.7375335693359375,0.5617446899414063,0.30350494384765625,0.4191741943359375,0.42421722412109375,0,240674.60150146484,242719.0430908203,0,34088599552,2147483648,8595017728,0
200,1787751450061,3500,3500,3500,3500,3500,3500,3500,3500,3500,3500,3500,3500,3500,3500,3500,3500,3500,3500,3500,3500,3.2297439575195313,17.58563995361328,0.2759246826171875,2.7764816284179688,2.7536773681640625,0.25337982177734375,0.21413421630859375,0.2784271240234375,0.3375244140625,0.3042755126953125,0.27817535400390625,0.26132965087890625,24.869956970214844,2.7256317138671875,45.819435119628906,0.19298553466796875,21.28759765625,2.6968307495117188,2.81817626953125,0.2518768310546875,0,240684.4409790039,242726.7762451172,0,34088599552,2147483648,8595095552,0
200,1787751450261,3500,3500,3500,3500,3500,3500,3500,3500,3500,3500,3500,3500,3500,3500,3500,3500,3500,3500,3500,3500,0.8610382080078125,18.0350341796875,0.36522674560546875,0.37261962890625,0.4999542236328125,0.5162429809570313,0.443359375,3.0342025756835938,3.0001373291015625,2.95123291015625,2.9438323974609375,0.3979949951171875,46.14767074584961,0.2303924560546875,39.4627571105957,0.243133544921875,0.36537933349609375,0.3279571533203125,0.3990478515625,0.386810302734375,0,240693.5853881836,242733.8095703125,0,34088599552,2147483648,8595070976,0
200,1787751450461,3500,3500,3500,3500,3500,3500,3500,3500,3500,3500,3500,3500,3500,3500,3500,3500,3500,3500,3500,3500,0.7308197021484375,10.083610534667969,1.3693161010742188,0.38238525390625,5.4022216796875,0.41584014892578125,0.44016265869140625,0.353179931640625,0.42403411865234375,8.566184997558594,0.482208251953125,0.39836883544921875,19.698692321777344,0.300048828125,67.5921630859375,0.1715240478515625,4.699012756347656,0.3150787353515625,18.587631225585938,0.33974456787109375,0,240704.75048828125,242742.82012939453,0,34088599552,2147483648,8596508672,0
200,1787751450662,3500,3500,3500,3500,3500,3500,3500,3500,3500,3500,3500,3500,3500,3500,3500,3500,3500,3500,3500,3500,0.7503814697265625,18.543128967285156,0.37126922607421875,0.31024932861328125,0.367919921875,2.9843826293945313,0.32657623291015625,0.31499481201171875,0.48067474365234375,0.9518661499023438,0.5708084106445313,3.0576858520507813,17.4271240234375,0.2482757568359375,68.24498748779297,0.18491363525390625,0.3360137939453125,0.308502197265625,0.44766998291015625,1.5502395629882813,0,240714.57348632813,242750.59381103516,0,34088599552,2147483648,8596815872,0
200,1787751450862,3500,3500,3500,3500,3500,3500,3500,3500,3500,3500,3500,3500,3500,3500,3500,3500,3500,3500,3500,3500,0.5676803588867188,19.01275634765625,2.8345413208007813,0.2834625244140625,0.4026336669921875,0.3087005615234375,2.8165512084960938,0.2882080078125,0.43071746826171875,0.565826416015625,0.45415496826171875,0.40558624267578125,2.6689987182617188,0.216461181640625,3.0937652587890625,2.78826904296875,85.69429779052734,0.1236724853515625,0.3903961181640625,1.7796783447265625,0,240723.3270263672,242757.14282226563,0,34088599552,2147483648,8597213184,0
199,1787751451062,3500,3500,3500,3500,3500,3500,3500,3500,3500,3500,3500,3500,3500,3500,3500,3500,3500,3500,3500,3500,3.1787796020507813,18.528106689453125,0.2711944580078125,2.8445510864257813,2.7715911865234375,0.26854705810546875,0.302337646484375,0.26570892333984375,0.30503082275390625,0.26445770263671875,0.29579925537109375,0.252532958984375,9.907905578613281,2.7361602783203125,1.91912841796875,0.26386260986328125,79.74281311035156,2.686798095703125,2.81915283203125,0.29784393310546875,0,240731.87994384766,242763.5903930664,0,34088599552,2147483648,8597467136,0
199,1787751451262,3500,3500,3500,3500,3500,3500,3500,3500,3500,3500,3500,3500,3500,3500,3500,3500,3500,3500,3500,3500,0.9189987182617188,28.18683624267578,2.3971099853515625,0.31334686279296875,0.28450775146484375,0.30609893798828125,0.259765625,2.7734298706054688,2.75299072265625,2.9007949829101563,2.8049697875976563,0.2650146484375,51.17623519897461,0.16759490966796875,28.628738403320313,0.35738372802734375,10.163337707519531,0.286102294921875,3.1432647705078125,0.3216400146484375,0,240740.50756835938,242770.06378173828,0,34088599552,2147483648,8598216704,0
200,1787751451462,3500,3500,3500,3500,3500,3500,3500,3500,3500,3500,3500,3500,3500,3500,3500,3500,3500,3500,3500,3500,2.4426803588867188,18.696861267089844,0.27203369140625,0.3065185546875,0.360260009765625,0.2639312744140625,0.39644622802734375,0.318267822265625,0.26483154296875,0.26068115234375,0.30477142333984375,0.20424652099609375,61.039127349853516,0.15515899658203125,27.315773010253906,0.2555389404296875,0.33206939697265625,0.296173095703125,0.36341094970703125,0.38115692138671875,0,240748.71600341797,242776.1469116211,0,34088599552,2147483648,8598261760,0
199,1787751451663,3500,3500,3500,3500,3500,3500,3500,3500,3500,3500,3500,3500,3500,3500,3500,3500,3500,3500,3500,3500,0.8513641357421875,10.572418212890625,0.33562469482421875,0.33612823486328125,0.47698211669921875,2.942779541015625,0.37572479248046875,0.38401031494140625,0.2763214111328125,0.30574798583984375,0.34265899658203125,2.8092575073242188,23.959327697753906,0.2363739013671875,69.55368041992188,0.1939239501953125,0.360565185546875,0.317169189453125,0.30774688720703125,0.34745025634765625,0,240757.73291015625,242783.05206298828,0,34088599552,2147483648,8598315008,0
200,1787751451863,3500,3500,3500,3500,3500,3500,3500,3500,3500,3500,3500,3500,3500,3500,3500,3500,3500,3500,3500,3500,0.709869384765625,4.960411071777344,2.8200454711914063,0.28633880615234375,0.2666473388671875,0.24365234375,2.8141021728515625,0.29083251953125,0.38275146484375,1.045989990234375,0.34926605224609375,0.4723663330078125,2.2699661254882813,0.2563018798828125,16.617103576660156,2.758270263671875,86.38037109375,0.1505889892578125,0.2940826416015625,2.8148956298828125,0,240766.6322631836,242789.83825683594,0,34088599552,2147483648,8598573056,0
199,1787751452063,3500,3500,3500,3500,3500,3500,3500,3500,3500,3500,3500,3500,3500,3500,3500,3500,3500,3500,3500,3500,3.1400299072265625,12.343162536621094,0.2957916259765625,2.8001937866210938,2.8705825805664063,0.2401123046875,0.28411865234375,0.238067626953125,0.470947265625,0.4168701171875,0.40215301513671875,0.47493743896484375,36.3307991027832,2.7589874267578125,25.930343627929688,0.22444915771484375,38.21598815917969,2.7463150024414063,2.8112640380859375,0.34033966064453125,0,240774.37872314453,242795.43670654297,0,34088599552,2147483648,8599097344,0
200,1787751452263,3500,3500,3500,3500,3500,3500,3500,3500,3500,3500,3500,3500,3500,3500,3500,3500,3500,3500,3500,3500,0.748260498046875,9.843681335449219,0.3273162841796875,0.30267333984375,0.351409912109375,0.34600830078125,0.2916259765625,2.8375244140625,2.9008102416992188,2.882415771484375,0.371307373046875,0.36835479736328125,40.09855651855469,0.1965484619140625,21.80358123779297,0.2622833251953125,32.02666473388672,0.23734283447265625,0.38755035400390625,0.40055084228515625,0,240783.16729736328,242802.11492919922,0,34088599552,2147483648,8599097344,0
200,1787751452464,3500,3500,3500,3500,3500,3500,3500,3500,3500,3500,3500,3500,3500,3500,3500,3500,3500,3500,3500,3500,0.699920654296875,2.3456649780273438,0.29959869384765625,0.3080902099609375,0.34836578369140625,0.43720245361328125,0.34621429443359375,0.47573089599609375,0.23272705078125,0.31322479248046875,2.769989013671875,0.323211669921875,3.9408950805664063,0.26027679443359375,100,0.13006591796875,0.30564117431640625,0.30175018310546875,0.3014984130859375,0.31137847900390625,0,240791.32592773438,242808.15118408203,0,34088599552,2147483648,8599089152,0
199,1787751452664,3500,3500,3500,3500,3500,3500,3500,3500,3500,3500,3500,3500,3500,3500,3500,3500,3500,3500,3500,3500,0.745635986328125,3.8466415405273438,0.318572998046875,0.26702880859375,0.34644317626953125,2.9605026245117188,0.34714508056640625,0.41112518310546875,0.27536773681640625,0.6807022094726563,0.232208251953125,2.7757415771484375,3.3528976440429688,0.2373046875,3.1799240112304688,0.36582183837890625,97.26187133789063,0.11263275146484375,0.3189697265625,0.35378265380859375,0,240800.52673339844,242815.2280883789,0,34088599552,2147483648,8599072768,0
200,1787751452864,3500,3500,3500,3500,3500,3500,3500,3500,3500,3500,3500,3500,3500,3500,3500,3500,3500,3500,3500,3500,0.7423171997070313,5.9031219482421875,2.8433303833007813,0.3156280517578125,0.27044677734375,0.2593994140625,2.810638427734375,0.28034210205078125,0.29144287109375,0.399749755859375,0.2844390869140625,0.23841094970703125,2.0869598388671875,0.2563018798828125,2.9826278686523438,2.937591552734375,100,0.13800048828125,0.32497406005859375,2.8959579467773438,0,240810.32299804688,242822.90545654297,0,34088599552,2147483648,8599134208,0
200,1787751453064,3500,3500,3500,3500,3500,3500,3500,3500,3500,3500,3500,3500,3500,3500,3500,3500,3500,3500,3500,3500,3.1601638793945313,26.89525604248047,0.26126861572265625,2.7931365966796875,2.79412841796875,0.30561065673828125,0.3009185791015625,0.193206787109375,0.2591705322265625,0.26041412353515625,0.25087738037109375,0.3239898681640625,37.79298782348633,2.7406005859375,7.0832061767578125,0.299468994140625,39.337615966796875,2.747344970703125,2.7641220092773438,0.2941741943359375,0,240818.86358642578,242829.31677246094,0,34088599552,2147483648,8599105536,0
200,1787751453265,3500,3500,3500,3500,3500,3500,3500,3500,3500,3500,3500,3500,3500,3500,3500,3500,3500,3500,3500,3500,0.7894973754882813,4.1630859375,0.27138519287109375,0.2976531982421875,0.39797210693359375,0.2119140625,0.269439697265625,2.8041534423828125,2.8139877319335938,2.879302978515625,0.2642974853515625,0.2393798828125,32.00708770751953,0.16742706298828125,31.67333221435547,0.2085723876953125,0.37474822998046875,0.337249755859375,38.309669494628906,0.20607757568359375,0,240828.8525390625,242837.18969726563,0,34088599552,2147483648,8599072768,0
200,1787751453465,3500,3500,3500,3500,3500,3500,3500,3500,3500,3500,3500,3500,3500,3500,3500,3500,3500,3500,3500,3500,0.6654205322265625,3.0860977172851563,0.301971435546875,0.32342529296875,0.2872467041015625,0.31923675537109375,0.2617950439453125,0.318634033203125,0.38715362548828125,0.446685791015625,2.882843017578125,0.41719818115234375,5.051612854003906,0.25690460205078125,0.6989517211914063,0.28424835205078125,0.40891265869140625,0.4131011962890625,100,0.14766693115234375,0,240839.00170898438,242845.2095336914,0,34088599552,2147483648,8599072768,0
200,1787751453665,3500,3500,3500,3500,3500,3500,3500,3500,3500,3500,3500,3500,3500,3500,3500,3500,3500,3500,3500,3500,0.8504104614257813,3.2922744750976563,0.31548309326171875,0.31748199462890625,0.3951873779296875,2.8326034545898438,0.29331207275390625,0.24172210693359375,0.41631317138671875,0.39488983154296875,0.329071044921875,2.833404541015625,47.79511260986328,0.20410919189453125,51.903038024902344,0.24047088623046875,0.412872314453125,0.373565673828125,1.6670608520507813,0.3137359619140625,0,240848.48864746094,242852.58282470703,0,34088599552,2147483648,8599203840,0
200,1787751453865,3500,3500,3500,3500,3500,3500,3500,3500,3500,3500,3500,3500,3500,3500,3500,3500,3500,3500,3500,3500,0.758453369140625,4.795173645019531,2.7783584594726563,0.34307861328125,0.28849029541015625,0.304962158203125,2.9772415161132813,0.33649444580078125,0.23929595947265625,0.43558502197265625,0.2362518310546875,0.25386810302734375,26.148651123046875,0.23336029052734375,40.42759323120117,2.754608154296875,39.117794036865234,0.22911834716796875,0.31673431396484375,2.8010101318359375,0,240857.1713256836,242859.14642333984,0,34088599552,2147483648,8599273472,0
200,1787751454066,3500,3500,3500,3500,3500,3500,3500,3500,3500,3500,3500,3500,3500,3500,3500,3500,3500,3500,3500,3500,3.207794189453125,3.878143310546875,0.24432373046875,2.12548828125,2.7963409423828125,0.31838226318359375,0.262542724609375,0.2173309326171875,0.2955780029296875,0.22261810302734375,0.2775115966796875,0.20166015625,41.90618896484375,2.696929931640625,30.502960205078125,0.1597442626953125,34.8533935546875,2.7054672241210938,2.7728805541992188,0.2566070556640625,0,240868.48693847656,242868.32458496094,0,34088599552,2147483648,8599265280,0
200,1787751454266,3500,3500,3500,3500,3500,3500,3500,3500,3500,3500,3500,3500,3500,3500,3500,3500,3500,3500,3500,3500,0.7836380004882813,25.64012908935547,0.2823944091796875,0.9306564331054688,0.35292816162109375,0.24253082275390625,0.298431396484375,2.7749786376953125,2.7502059936523438,2.9103622436523438,0.28884124755859375,0.31531524658203125,62.063228607177734,0.15625762939453125,17.46430206298828,0.2353363037109375,2.5584259033203125,0.257415771484375,0.27280426025390625,0.306671142578125,0,240876.8921508789,242874.5980834961,0,34088599552,2147483648,8599470080,0
200,1787751454466,3500,3500,3500,3500,3500,3500,3500,3500,3500,3500,3500,3500,3500,3500,3500,3500,3500,3500,3500,3500,0.682220458984375,2.1597366333007813,0.324920654296875,0.30313873291015625,0.3364105224609375,0.20250701904296875,0.31227874755859375,0.280853271484375,0.24597930908203125,0.28000640869140625,2.8532028198242188,0.2620697021484375,4.219688415527344,0.2498779296875,77.23355865478516,0.2024078369140625,23.146827697753906,0.2710113525390625,0.3727874755859375,0.4022674560546875,0,240886.5028076172,242882.10369873047,0,34088599552,2147483648,8599461888,0
200,1787751454667,3500,3500,3500,3500,3500,3500,3500,3500,3500,3500,3500,3500,3500,3500,3500,3500,3500,3500,3500,3500,0.8928298950195313,2.9815826416015625,0.25982666015625,0.25099945068359375,0.19387054443359375,0.23293304443359375,0.26511383056640625,0.25164794921875,0.21367645263671875,0.23343658447265625,0.2354278564453125,2.71881103515625,7.204681396484375,0.25524139404296875,0.5210494995117188,0.2616729736328125,94.12234497070313,0.07743072509765625,0.34888458251953125,0.34963226318359375,0,240896.17877197266,242889.63427734375,0,34088599552,2147483648,8599662592,0
200,1787751454867,3500,3500,3500,3500,3500,3500,3500,3500,3500,3500,3500,3500,3500,3500,3500,3500,3500,3500,3500,3500,0.7057418823242188,6.5427093505859375,2.8982772827148438,0.36829376220703125,1.0101547241210938,2.8401336669921875,0.35761260986328125,0.32532501220703125,0.3272705078125,0.37866973876953125,0.369537353515625,0.37697601318359375,31.911399841308594,0.262542724609375,72.0703353881836,2.8231201171875,0.3746795654296875,0.34468841552734375,0.3650970458984375,2.87017822265625,0,240905.44372558594,242896.7938232422,0,34088599552,2147483648,8599666688,0
200,1787751455067,3500,3500,3500,3500,3500,3500,3500,3500,3500,3500,3500,3500,3500,3500,3500,3500,3500,3500,3500,3500,3.2267379760742188,12.503013610839844,0.28589630126953125,0.28739166259765625,2.746063232421875,0.31032562255859375,2.7286300659179688,0.2562255859375,0.29663848876953125,0.27410888671875,0.27970123291015625,0.19692230224609375,28.408103942871094,2.7415695190429688,58.20787048339844,0.2013702392578125,10.87860107421875,2.7716903686523438,2.8315353393554688,0.26201629638671875,0,240914.90283203125,242904.12341308594,0,34088599552,2147483648,8599666688,0
200,1787751455268,3500,3500,3500,3500,3500,3500,3500,3500,3500,3500,3500,3500,3500,3500,3500,3500,3500,3500,3500,3500,0.9176254272460938,4.0476226806640625,0.29449462890625,2.82342529296875,0.3410491943359375,0.2266387939453125,0.2460479736328125,1.8847427368164063,2.8362960815429688,2.9570999145507813,0.27069854736328125,0.2516326904296875,60.32585525512695,0.184722900390625,41.077476501464844,0.19440460205078125,0.38486480712890625,0.40801239013671875,0.26735687255859375,0.3264312744140625,0,240925.30853271484,242912.6021118164,0,34088599552,2147483648,8599666688,0
200,1787751455468,3500,3500,3500,3500,3500,3500,3500,3500,3500,3500,3500,3500,3500,3500,3500,3500,3500,3500,3500,3500,2.428070068359375,3.3540115356445313,0.36676788330078125,0.3232269287109375,0.276947021484375,0.2903594970703125,0.328216552734375,1.1321182250976563,0.2827301025390625,0.262481689453125,2.8441543579101563,0.25370025634765625,58.42093276977539,0.20812225341796875,45.336002349853516,0.1954498291015625,0.42920684814453125,0.398681640625,0.30512237548828125,0.29764556884765625,0,240933.86932373047,242918.86474609375,0,34088599552,2147483648,8599666688,0
199,1787751455668,3500,3500,3500,3500,3500,3500,3500,3500,3500,3500,3500,3500,3500,3500,3500,3500,3500,3500,3500,3500,0.77459716796875,5.734840393066406,0.350860595703125,0.31052398681640625,0.2324066162109375,0.23709869384765625,0.28072357177734375,0.24188995361328125,0.31806182861328125,0.23380279541015625,0.2879638671875,2.7706832885742188,70.5592269897461,0.14505767822265625,29.831512451171875,0.24184417724609375,0.68853759765625,0.34012603759765625,0.27683258056640625,0.27188873291015625,0,240942.59106445313,242925.43188476563,0,34088599552,2147483648,8599924736,0
200,1787751455869,3500,3500,3500,3500,3500,3500,3500,3500,3500,3500,3500,3500,3500,3500,3500,3500,3500,3500,3500,3500,0.6607666015625,19.987808227539063,2.9546356201171875,0.43109893798828125,0.3942718505859375,2.839752197265625,0.3461456298828125,0.3037261962890625,0.266998291015625,0.9427032470703125,0.3442535400390625,0.25859832763671875,51.70026397705078,0.1986846923828125,40.76820373535156,2.7326126098632813,12.189682006835938,0.2686920166015625,0.31366729736328125,2.8344039916992188,0,240951.51293945313,242932.74243164063,0,34088599552,2147483648,8600186880,0
200,1787751456069,3500,3500,3500,3500,3500,3500,3500,3500,3500,3500,3500,3500,3500,3500,3500,3500,3500,3500,3500,3500,3.3415069580078125,10.104873657226563,0.45343017578125,0.48799896240234375,0.34039306640625,0.24222564697265625,2.789306640625,0.30039215087890625,0.28472900390625,0.30712127685546875,0.25385284423828125,0.2754974365234375,73.20211029052734,2.7354888916015625,1.1520309448242188,0.243072509765625,4.242927551269531,2.87860107421875,23.62842559814453,0.25409698486328125,0,240960.82098388672,242939.3980102539,0,34088599552,2147483648,8600182784,0
200,1787751456270,3500,3500,3500,3500,3500,3500,3500,3500,3500,3500,3500,3500,3500,3500,3500,3500,3500,3500,3500,3500,0.7614288330078125,3.2894058227539063,0.38665008544921875,2.9396133422851563,2.8123092651367188,0.24578094482421875,0.34609222412109375,0.18950653076171875,2.8130645751953125,2.8275299072265625,0.2329559326171875,0.29586029052734375,2.6425552368164063,0.32663726806640625,0.6064376831054688,0.287384033203125,89.54310607910156,0.15593719482421875,10.886695861816406,0.35941314697265625,0,240970.3416748047,242946.78833007813,0,34088599552,2147483648,8600326144,0
200,1787751456470,3500,3500,3500,3500,3500,3500,3500,3500,3500,3500,3500,3500,3500,3500,3500,3500,3500,3500,3500,3500,0.6744003295898438,2.4170684814453125,0.27909088134765625,0.284088134765625,0.2166900634765625,0.263458251953125,0.37462615966796875,2.86029052734375,0.24027252197265625,0.230926513671875,2.7689056396484375,0.2889862060546875,3.8162307739257813,0.20514678955078125,0.4159393310546875,0.244720458984375,100,0.10222625732421875,0.3838653564453125,0.38227081298828125,0,240979.3778076172,242953.7020263672,0,34088599552,2147483648,8600326144,0
200,1787751456670,3500,3500,3500,3500,3500,3500,3500,3500,3500,3500,3500,3500,3500,3500,3500,3500,3500,3500,3500,3500,0.925201416015625,2.239044189453125,0.32086944580078125,0.34853363037109375,0.28815460205078125,0.28446197509765625,0.29909515380859375,0.3083343505859375,0.259490966796875,0.8535842895507813,0.29874420166015625,2.8066253662109375,1.6580352783203125,0.27892303466796875,0.30548858642578125,0.33465576171875,100,0.1441802978515625,0.36516571044921875,0.390533447265625,0,240987.44024658203,242959.65521240234,0,34088599552,2147483648,8600457216,0
200,1787751456870,3500,3500,3500,3500,3500,3500,3500,3500,3500,3500,3500,3500,3500,3500,3500,3500,3500,3500,3500,3500,0.6137847900390625,13.506233215332031,0.2797393798828125,0.29407501220703125,0.344085693359375,2.8009719848632813,0.30666351318359375,0.25380706787109375,0.3571319580078125,0.99444580078125,0.29217529296875,0.2588043212890625,55.23772048950195,0.172119140625,25.978904724121094,2.809417724609375,15.101371765136719,0.30706787109375,0.2954254150390625,2.8222579956054688,0,240996.783203125,242966.8666381836,0,34088599552,2147483648,8600797184,0
200,1787751457070,3500,3500,3500,3500,3500,3500,3500,3500,3500,3500,3500,3500,3500,3500,3500,3500,3500,3500,3500,3500,3.2205734252929688,13.193321228027344,2.784210205078125,0.3214111328125,0.28855133056640625,0.2407073974609375,2.7716217041015625,0.29369354248046875,0.25543975830078125,0.2830047607421875,0.22212982177734375,0.31436920166015625,17.81878662109375,2.7631301879882813,61.9000244140625,0.19281768798828125,16.021881103515625,2.7804641723632813,2.9880599975585938,0.2908477783203125,0,241005.9776611328,242973.943359375,0,34088599552,2147483648,8601079808,0
200,1787751457270,3500,3500,3500,3500,3500,3500,3500,3500,3500,3500,3500,3500,3500,3500,3500,3500,3500,3500,3500,3500,0.8737716674804688,11.041595458984375,0.28903961181640625,2.7977981567382813,2.772552490234375,0.236907958984375,0.22531890869140625,0.28409576416015625,0.32642364501953125,2.7901458740234375,0.243011474609375,0.22971343994140625,15.902862548828125,0.2655029296875,3.2905120849609375,0.2823944091796875,77.31468963623047,0.14809417724609375,0.41054534912109375,0.3754119873046875,0,241016.08782958984,242981.92071533203,0,34088599552,2147483648,8601116672,0
200,1787751457471,3500,3500,3500,3500,3500,3500,3500,3500,3500,3500,3500,3500,3500,3500,3500,3500,3500,3500,3500,3500,0.8169784545898438,2.82574462890625,0.3333892822265625,0.332489013671875,0.31512451171875,0.24855804443359375,0.35933685302734375,2.7777938842773438,2.87445068359375,0.31432342529296875,2.8457107543945313,0.27919769287109375,24.95806884765625,0.27774810791015625,51.28936767578125,0.2294921875,27.734962463378906,0.26796722412109375,0.43194580078125,0.42945098876953125,0,241026.65985107422,242990.3721923828,0,34088599552,2147483648,8601096192,0
200,1787751457672,3500,3500,3500,3500,3500,3500,3500,3500,3500,3500,3500,3500,3500,3500,3500,3500,3500,3500,3500,3500,0,10.076362609863281,0,0,0,0,0,0,0,0,0,1.408660888671875,18.089141845703125,0,75.60257720947266,0,0,0,0,0,0,241034.8969116211,242996.4227294922,0,34088599552,2147483648,8601296896,0
200,1787751457872,3500,3500,3500,3500,3500,3500,3500,3500,3500,3500,3500,3500,3500,3500,3500,3500,3500,3500,3500,3500,1.1172332763671875,3.4617767333984375,0.7336196899414063,0.6989059448242188,0.6759109497070313,3.272613525390625,0.7471542358398438,0.7478103637695313,0.6680145263671875,0.7115325927734375,0.7484130859375,0.7441329956054688,3.2822189331054688,0.6939239501953125,3.68731689453125,3.2234115600585938,100,0.5647811889648438,0.7041397094726563,3.2599868774414063,0,241044.0880126953,243003.54656982422,0,34088599552,2147483648,8601239552,0
199,1787751458072,3500,3500,3500,3500,3500,3500,3500,3500,3500,3500,3500,3500,3500,3500,3500,3500,3500,3500,3500,3500,0.650421142578125,7.747718811035156,2.82305908203125,0.293212890625,0.24609375,0.32735443115234375,2.7806243896484375,0.26201629638671875,0.28702545166015625,0.3795166015625,0.34926605224609375,0.30234527587890625,2.3064193725585938,2.7385940551757813,27.180862426757813,0.2439422607421875,70.84611511230469,2.7017593383789063,2.808380126953125,0.2766876220703125,0,241053.9741821289,243011.3194580078,0,34088599552,2147483648,8601309184,0
200,1787751458272,3500,3500,3500,3500,3500,3500,3500,3500,3500,3500,3500,3500,3500,3500,3500,3500,3500,3500,3500,3500,3.4528961181640625,4.202545166015625,0.26601409912109375,2.8080062866210938,2.7943115234375,0.25586700439453125,0.26930999755859375,0.29775238037109375,0.40771484375,3.025238037109375,0.388916015625,0.43210601806640625,32.662254333496094,0.22817230224609375,69.63691711425781,0.15529632568359375,2.8028106689453125,0.28290557861328125,0.2766571044921875,0.2984466552734375,0,241064.81469726563,243020.04034423828,0,34088599552,2147483648,8601296896,0
200,1787751458473,3500,3500,3500,3500,3500,3500,3500,3500,3500,3500,3500,3500,3500,3500,3500,3500,3500,3500,3500,3500,0.7442550659179688,4.2396087646484375,0.2923431396484375,0.30989837646484375,0.22650146484375,0.28630828857421875,0.32506561279296875,2.8271255493164063,2.767120361328125,0.375091552734375,2.7645263671875,0.24121856689453125,36.19728469848633,0.25572967529296875,64.0662841796875,0.2066497802734375,5.07708740234375,0.29189300537109375,0.315185546875,0.28351593017578125,0,241074.1220703125,243027.21551513672,0,34088599552,2147483648,8601436160,0
200,1787751458673,3500,3500,3500,3500,3500,3500,3500,3500,3500,3500,3500,3500,3500,3500,3500,3500,3500,3500,3500,3500,0.9499282836914063,2.645965576171875,0.30303955078125,0.31612396240234375,0.32176971435546875,0.25759124755859375,0.2794189453125,0.3088836669921875,0.2792205810546875,0.3889923095703125,0.278717041015625,2.8255996704101563,12.679229736328125,0.24016571044921875,89.01786041259766,0.15177154541015625,0.29380035400390625,0.3183746337890625,0.33160400390625,0.28116607666015625,0,241082.5528564453,243033.52661132813,0,34088599552,2147483648,8601567232,0
199,1787751458873,3500,3500,3500,3500,3500,3500,3500,3500,3500,3500,3500,3500,3500,3500,3500,3500,3500,3500,3500,3500,0.7108230590820313,25.264572143554688,0.34236907958984375,0.31777191162109375,0.488433837890625,2.850982666015625,0.3941497802734375,0.2911376953125,0.2313232421875,2.0618820190429688,0.287994384765625,0.25312042236328125,37.117164611816406,0.233917236328125,43.90129852294922,2.7734603881835938,0.34406280517578125,0.34606170654296875,0.37699127197265625,2.8794631958007813,0,241091.38360595703,243040.2368774414,0,34088599552,2147483648,8601628672,0
200,1787751459073,3500,3500,3500,3500,3500,3500,3500,3500,3500,3500,3500,3500,3500,3500,3500,3500,3500,3500,3500,3500,0.6502227783203125,8.24462890625,2.8789596557617188,0.37545013427734375,0.29012298583984375,0.227935791015625,2.803924560546875,0.26697540283203125,0.2371826171875,0.242431640625,0.26682281494140625,0.31151580810546875,22.981971740722656,1.0758056640625,51.2076416015625,0.15605926513671875,26.00048828125,2.8479690551757813,3.1242904663085938,0.330108642578125,0,241100.31622314453,243047.04022216797,0,34088599552,2147483648,8601628672,0
200,1787751459274,3500,3500,3500,3500,3500,3500,3500,3500,3500,3500,3500,3500,3500,3500,3500,3500,3500,3500,3500,3500,3.2799835205078125,3.1533584594726563,0.25725555419921875,2.8236770629882813,2.7745742797851563,0.32648468017578125,0.27918243408203125,0.20525360107421875,0.256500244140625,2.8181838989257813,0.31189727783203125,0.3901214599609375,2.1529693603515625,1.8058547973632813,40.06093978881836,0.1747283935546875,17.225677490234375,0.26839447021484375,46.95638656616211,0.249755859375,0,241109.56549072266,243054.17266845703,0,34088599552,2147483648,8602034176,0
200,1787751459474,3500,3500,3500,3500,3500,3500,3500,3500,3500,3500,3500,3500,3500,3500,3500,3500,3500,3500,3500,3500,2.4706802368164063,16.733360290527344,0.3553314208984375,0.298919677734375,0.32456207275390625,0.2636566162109375,0.317626953125,2.87005615234375,2.8429718017578125,0.292236328125,2.8752899169921875,0.27507781982421875,21.12316131591797,0.2476959228515625,69.68658447265625,0.20654296875,0.33982086181640625,0.3246612548828125,0.3326416015625,0.324462890625,0,241119.31579589844,243061.80627441406,0,34088599552,2147483648,8602025984,0
200,1787751459675,3500,3500,3500,3500,3500,3500,3500,3500,3500,3500,3500,3500,3500,3500,3500,3500,3500,3500,3500,3500,0.8318023681640625,10.454803466796875,0.4222869873046875,0.42528533935546875,0.3386383056640625,0.2770538330078125,0.28693389892578125,0.29686737060546875,0.27904510498046875,0.28588104248046875,0.33599090576171875,2.8425750732421875,2.158111572265625,0.309539794921875,91.6127700805664,0.15152740478515625,0.29965972900390625,0.365692138671875,0.33135223388671875,0.31053924560546875,0,241127.70764160156,243068.0883178711,0,34088599552,2147483648,8602226688,0
200,1787751459875,3500,3500,3500,3500,3500,3500,3500,3500,3500,3500,3500,3500,3500,3500,3500,3500,3500,3500,3500,3500,0.5596237182617188,12.1416015625,0.3710174560546875,0.3731689453125,0.2017364501953125,2.7995223999023438,0.21051788330078125,0.22864532470703125,0.2570953369140625,0.3182525634765625,0.2537994384765625,0.25125885009765625,32.181304931640625,0.15056610107421875,60.134220123291016,2.7370147705078125,5.009864807128906,0.30147552490234375,0.26802825927734375,2.7935333251953125,0,241138.24505615234,243076.49365234375,0,34088599552,2147483648,8602562560,0
200,1787751460075,3500,3500,3500,3500,3500,3500,3500,3500,3500,3500,3500,3500,3500,3500,3500,3500,3500,3500,3500,3500,0.7762298583984375,16.388900756835938,2.88690185546875,0.380157470703125,0.2798309326171875,0.22994232177734375,2.8090744018554688,0.24295806884765625,0.2526397705078125,0.27639007568359375,0.27623748779296875,0.264862060546875,2.9370956420898438,0.21976470947265625,23.16199493408203,0.23976898193359375,66.03028869628906,2.6994705200195313,2.8323287963867188,0.29329681396484375,0,241147.54541015625,243083.66845703125,0,34088599552,2147483648,8602562560,0
200,1787751460276,3500,3500,3500,3500,3500,3500,3500,3500,3500,3500,3500,3500,3500,3500,3500,3500,3500,3500,3500,3500,3.2965164184570313,30.051345825195313,0.40886688232421875,2.89404296875,2.9043807983398438,0.28995513916015625,0.37975311279296875,0.2367706298828125,0.36252593994140625,1.4485931396484375,0.26813507080078125,0.2527008056640625,56.81037902832031,2.71710205078125,17.27325439453125,0.33914947509765625,2.8572311401367188,0.30988311767578125,0.33745574951171875,0.28665924072265625,0,241157.5428466797,243091.56463623047,0,34088599552,2147483648,8602554368,0
200,1787751460476,3500,3500,3500,3500,3500,3500,3500,3500,3500,3500,3500,3500,3500,3500,3500,3500,3500,3500,3500,3500,0.6389312744140625,25.114601135253906,0.34008026123046875,0.33344268798828125,0.337432861328125,0.33917999267578125,0.377410888671875,2.812408447265625,2.7933883666992188,1.700286865234375,2.7173309326171875,0.31402587890625,10.687095642089844,0.25832366943359375,71.20428466796875,0.18016815185546875,0.32415771484375,0.29331207275390625,0.3866424560546875,0.35979461669921875,0,241163.97021484375,243096.35107421875,0,34088599552,2147483648,8602554368,0
199,1787751460676,3500,3500,3500,3500,3500,3500,3500,3500,3500,3500,3500,3500,3500,3500,3500,3500,3500,3500,3500,3500,0.80322265625,4.4232635498046875,0.28765106201171875,0.2740020751953125,0.6325149536132813,0.2398223876953125,0.35636138916015625,0.19994354248046875,0.275054931640625,0.5161285400390625,0.1808013916015625,0.2734527587890625,9.206878662109375,0.22827911376953125,93.37860107421875,0.12163543701171875,0.6358642578125,0.264556884765625,0.37055206298828125,0.36705780029296875,0,241173.2236328125,243103.3148803711,0,34088599552,2147483648,8602898432,0
200,1787751460876,3500,3500,3500,3500,3500,3500,3500,3500,3500,3500,3500,3500,3500,3500,3500,3500,3500,3500,3500,3500,0.8511581420898438,13.839210510253906,0.4389495849609375,0.32048797607421875,0.28295135498046875,2.82403564453125,0.32303619384765625,0.32593536376953125,0.3163909912109375,0.44844818115234375,0.27100372314453125,2.7240676879882813,63.68293762207031,0.18173980712890625,38.54349899291992,2.783447265625,5.384605407714844,0.28929901123046875,0.5372695922851563,2.9370956420898438,0,241181.37182617188,243109.04022216797,0,34088599552,2147483648,8606908416,0
200,1787751461077,3500,3500,3500,3500,3500,3500,3500,3500,3500,3500,3500,3500,3500,3500,3500,3500,3500,3500,3500,3500,0.9380035400390625,17.082305908203125,2.7948684692382813,0.305755615234375,0.29772186279296875,0.27069854736328125,2.8134689331054688,0.25104522705078125,0.3713836669921875,0.38918304443359375,0.2531890869140625,0.27154541015625,56.46149444580078,0.16332244873046875,0.9432449340820313,0.28490447998046875,0.6348953247070313,0.28505706787109375,3.1019210815429688,0.35457611083984375,0,241190.50415039063,243116.12829589844,0,34088599552,2147483648,8607752192,0
200,1787751461277,3500,3500,3500,3500,3500,3500,3500,3500,3500,3500,3500,3500,3500,3500,3500,3500,3500,3500,3500,3500,3.2278289794921875,20.715805053710938,0.32353973388671875,2.8297958374023438,2.8126602172851563,0.290863037109375,0.2865142822265625,0.29076385498046875,0.34346771240234375,0.57843017578125,0.42250823974609375,0.3462677001953125,88.40303039550781,2.6624374389648438,1.7282485961914063,0.29001617431640625,2.9300155639648438,2.92132568359375,0.26358795166015625,0.32523345947265625,0,241198.76727294922,243122.11602783203,0,34088599552,2147483648,8611299328,0
199,1787751461477,3500,3500,3500,3500,3500,3500,3500,3500,3500,3500,3500,3500,3500,3500,3500,3500,3500,3500,3500,3500,0.6382293701171875,18.537918090820313,0.31256103515625,0.29320526123046875,1.1228561401367188,0.24507904052734375,0.3122100830078125,2.8091278076171875,2.7679824829101563,3.6041641235351563,2.8841934204101563,0.31600189208984375,83.28781127929688,0.16827392578125,9.639869689941406,0.27829742431640625,0.3833770751953125,0.39868927001953125,0.312957763671875,0.293304443359375,0,241206.89666748047,243128.1346435547,0,34088599552,2147483648,8612810752,0
200,1787751461677,3500,3500,3500,3500,3500,3500,3500,3500,3500,3500,3500,3500,3500,3500,3500,3500,3500,3500,3500,3500,1.21533203125,7.7223968505859375,0.40439605712890625,0.38849639892578125,0.22908782958984375,0.29767608642578125,0.3057708740234375,0.1925506591796875,0.28572845458984375,0.25968170166015625,0.270233154296875,0.26673126220703125,28.811874389648438,0.21369171142578125,56.097843170166016,0.2012481689453125,0.40814208984375,0.397247314453125,0.28462982177734375,0.29882049560546875,0,241216.99194335938,243136.09631347656,0,34088599552,2147483648,8614617088,0
200,1787751461877,3500,3500,3500,3500,3500,3500,3500,3500,3500,3500,3500,3500,3500,3500,3500,3500,3500,3500,3500,3500,0.705047607421875,3.2535629272460938,0.3872528076171875,0.39405059814453125,0.24658966064453125,2.848175048828125,0.32643890380859375,0.28551483154296875,0.313751220703125,0.26593017578125,0.18978118896484375,2.835479736328125,10.812606811523438,0.2044677734375,94.64628601074219,0.11847686767578125,0.39664459228515625,0.39604949951171875,0.2921600341796875,2.8658065795898438,0,241224.85803222656,243141.83673095703,0,34088599552,2147483648,8615493632,0
200,1787751462078,3500,3500,3500,3500,3500,3500,3500,3500,3500,3500,3500,3500,3500,3500,3500,3500,3500,3500,3500,3500,0.7369537353515625,7.999176025390625,2.8036651611328125,0.36702728271484375,0.334259033203125,0.2849884033203125,2.826507568359375,0.2926177978515625,0.2787017822265625,0.277801513671875,0.31630706787109375,0.26692962646484375,22.04737091064453,0.272369384765625,80.49893951416016,2.7061614990234375,0.519195556640625,0.42218780517578125,2.9283523559570313,0.3864288330078125,0,241234.31616210938,243149.15942382813,0,34088599552,2147483648,8616046592,0
200,1787751462278,3500,3500,3500,3500,3500,3500,3500,3500,3500,3500,3500,3500,3500,3500,3500,3500,3500,3500,3500,3500,3.105377197265625,19.065948486328125,0.282257080078125,2.827911376953125,2.8497390747070313,0.31427001953125,0.32970428466796875,0.28470611572265625,0.27686309814453125,0.2721710205078125,0.32281494140625,0.27376556396484375,36.82715606689453,2.7279205322265625,49.76466751098633,0.2296600341796875,2.9807052612304688,3.0189666748046875,0.28984832763671875,0.2799072265625,0,241244.57025146484,243157.30462646484,0,34088599552,2147483648,8615718912,0
199,1787751462479,3500,3500,3500,3500,3500,3500,3500,3500,3500,3500,3500,3500,3500,3500,3500,3500,3500,3500,3500,3500,1.0290679931640625,22.617713928222656,0.35157012939453125,0.34618377685546875,0.29453277587890625,0.297576904296875,0.36319732666015625,2.9193267822265625,2.9038543701171875,2.8911819458007813,2.9223709106445313,0.2697296142578125,24.39508819580078,0.2702789306640625,11.22113037109375,0.37697601318359375,0.594451904296875,0.5880203247070313,0.35007476806640625,0.34488677978515625,0,241252.47436523438,243163.06994628906,0,34088599552,2147483648,8616501248,0
200,1787751462679,3500,3500,3500,3500,3500,3500,3500,3500,3500,3500,3500,3500,3500,3500,3500,3500,3500,3500,3500,3500,1.3707733154296875,8.808662414550781,0.32204437255859375,0.32228851318359375,0.2660675048828125,0.256072998046875,0.3373870849609375,0.30445098876953125,0.35422515869140625,0.6651229858398438,0.25687408447265625,0.28740692138671875,9.833663940429688,0.34787750244140625,0.5894088745117188,0.3779144287109375,0.79345703125,0.5407867431640625,0.3020477294921875,0.319244384765625,0,241259.26879882813,243167.74700927734,0,34088599552,2147483648,8616775680,0
200,1787751462879,3500,3500,3500,3500,3500,3500,3500,3500,3500,3500,3500,3500,3500,3500,3500,3500,3500,3500,3500,3500,1.1746902465820313,14.42559814453125,0.3236236572265625,0.30493927001953125,0.30184173583984375,2.8294754028320313,0.227203369140625,0.24294281005859375,0.30873870849609375,0.2959442138671875,0.29639434814453125,2.7753753662109375,15.014442443847656,0.27816009521484375,8.742462158203125,0.2953948974609375,3.1874237060546875,0.447418212890625,0.35919189453125,2.864349365234375,0,241268.27307128906,243174.58526611328,0,34088599552,2147483648,8617050112,0
200,1787751463079,3500,3500,3500,3500,3500,3500,3500,3500,3500,3500,3500,3500,3500,3500,3500,3500,3500,3500,3500,3500,1.3622512817382813,17.002944946289063,2.815826416015625,0.29827880859375,0.3849639892578125,0.46435546875,2.87603759765625,0.32750701904296875,0.287841796875,0.28598785400390625,0.3408966064453125,0.2891845703125,11.943367004394531,0.23097991943359375,1.9045028686523438,2.8377609252929688,0.5383071899414063,0.5398025512695313,2.8537979125976563,0.2658538818359375,0,241276.1241455078,243180.3110961914,0,34088599552,2147483648,8616890368,0
200,1787751463280,3500,3500,3500,3500,3500,3500,3500,3500,3500,3500,3500,3500,3500,3500,3500,3500,3500,3500,3500,3500,3.5277633666992188,8.771842956542969,0.26665496826171875,2.7923431396484375,3.00189208984375,0.46408843994140625,0.35536956787109375,0.3567657470703125,0.28176116943359375,0.37811279296875,0.271087646484375,0.27178955078125,8.024948120117188,2.76690673828125,1.5631103515625,0.2458038330078125,2.960205078125,2.928680419921875,0.2866973876953125,0.2666015625,0,241283.34503173828,243185.404296875,0,34088599552,2147483648,8616738816,0
200,1787751463480,3500,3500,3500,3500,3500,3500,3500,3500,3500,3500,3500,3500,3500,3500,3500,3500,3500,3500,3500,3500,2.6865005493164063,2.2487564086914063,0.3628692626953125,0.37664794921875,0.498291015625,0.508819580078125,0.4600067138671875,2.9807357788085938,2.8869476318359375,2.8572006225585938,2.8552093505859375,0.27881622314453125,14.476531982421875,0.28195953369140625,3.3107681274414063,0.2897491455078125,0.6944961547851563,0.34635162353515625,0.29479217529296875,0.309417724609375,0,241290.44091796875,243190.38153076172,0,34088599552,2147483648,8616738816,0
200,1787751463680,3500,3500,3500,3500,3500,3500,3500,3500,3500,3500,3500,3500,3500,3500,3500,3500,3500,3500,3500,3500,1.0955963134765625,0.33161163330078125,0.47332000732421875,0.5109176635742188,0.471221923828125,0.513519287109375,0.41390228271484375,0.44196319580078125,0.29885101318359375,0.280975341796875,0.3234710693359375,0.31488037109375,18.653411865234375,0.2708892822265625,5.241737365722656,0.29959869384765625,0.6084442138671875,0.32122039794921875,0.31787872314453125,0.30159759521484375,0,241297.85095214844,243195.66827392578,0,34088599552,2147483648,8617009152,0
200,1787751463880,3500,3500,3500,3500,3500,3500,3500,3500,3500,3500,3500,3500,3500,3500,3500,3500,3500,3500,3500,3500,0.8289794921875,0.23979949951171875,0.390625,0.38962554931640625,0.34569549560546875,2.9993972778320313,0.342742919921875,0.34404754638671875,0.2575225830078125,0.3274688720703125,0.2362518310546875,2.7949447631835938,13.896835327148438,0.20565032958984375,4.590553283691406,0.23815155029296875,0.5795974731445313,0.3037567138671875,0.27669525146484375,2.7961959838867188,0,241304.63732910156,243200.33673095703,0,34088599552,2147483648,8617127936,0
200,1787751464081,3500,3500,3500,3500,3500,3500,3500,3500,3500,3500,3500,3500,3500,3500,3500,3500,3500,3500,3500,3500,0.7867507934570313,2.8406600952148438,3.6470718383789063,0.357421875,0.32848358154296875,0.4533233642578125,2.91461181640625,0.3925018310546875,0.2569732666015625,0.18502044677734375,0.38117218017578125,0.2656097412109375,20.303977966308594,0.2307281494140625,13.090827941894531,2.6618270874023438,3.823211669921875,0.302032470703125,1.6341705322265625,0.244598388671875,0,241312.14349365234,243205.67553710938,0,34088599552,2147483648,8617746432,0
200,1787751464281,3500,3500,3500,3500,3500,3500,3500,3500,3500,3500,3500,3500,3500,3500,3500,3500,3500,3500,3500,3500,3.3662643432617188,0.31470489501953125,0.49066925048828125,3.0377883911132813,2.9222946166992188,0.5036849975585938,0.43314361572265625,0.40300750732421875,0.480987548828125,0.3538665771484375,0.3882904052734375,0.47554779052734375,15.720283508300781,2.8046035766601563,5.716728210449219,0.23638153076171875,2.9908447265625,2.9311752319335938,2.9629592895507813,0.3508758544921875,0,241318.08203125,243209.5072631836,0,34088599552,2147483648,8618229760,0
200,1787751464482,3500,3500,3500,3500,3500,3500,3500,3500,3500,3500,3500,3500,3500,3500,3500,3500,3500,3500,3500,3500,0.814666748046875,0.32917022705078125,0.4235076904296875,0.42290496826171875,0.3672027587890625,0.4544525146484375,0.35327911376953125,2.8737411499023438,2.9790496826171875,3.0027618408203125,2.9812469482421875,0.4642333984375,15.170280456542969,0.285797119140625,4.928565979003906,0.19600677490234375,0.379180908203125,0.311553955078125,0.40468597412109375,0.4104766845703125,0,241325.04223632813,243214.3403930664,0,34088599552,2147483648,8618565632,0
200,1787751464682,3500,3500,3500,3500,3500,3500,3500,3500,3500,3500,3500,3500,3500,3500,3500,3500,3500,3500,3500,3500,1.0187606811523438,0.22594451904296875,0.333892822265625,0.320465087890625,0.25994873046875,0.27877044677734375,0.2869110107421875,0.16782379150390625,0.3006439208984375,0.28920745849609375,0.8513870239257813,0.242218017578125,15.207084655761719,0.18035125732421875,2.1646499633789063,0.23423004150390625,0.28426361083984375,0.3060302734375,0.3862762451171875,0.367950439453125,0,241332.11743164063,243219.30145263672,0,34088599552,2147483648,8618835968,0
201,1787751464882,3500,3500,3500,3500,3500,3500,3500,3500,3500,3500,3500,3500,3500,3500,3500,3500,3500,3500,3500,3500,0.770477294921875,0.21755218505859375,0.23748779296875,0.25982666015625,0.2127532958984375,2.8102493286132813,0.23954010009765625,0.214752197265625,0.282806396484375,0.22534942626953125,0.40332794189453125,2.7996063232421875,17.37652587890625,0.18262481689453125,3.91839599609375,0.18552398681640625,0.25677490234375,0.24298858642578125,0.32378387451171875,2.8536148071289063,0,241338.53576660156,243223.60516357422,0,34088599552,2147483648,8619114496,0
199,1787751465083,3500,3500,3500,3500,3500,3500,3500,3500,3500,3500,3500,3500,3500,3500,3500,3500,3500,3500,3500,3500,0.38552093505859375,2.435516357421875,2.4681243896484375,0,0,0,2.4666290283203125,0,0,0,0.1663055419921875,0,13.120452880859375,0,6.475456237792969,2.3938217163085938,0.49787139892578125,0,0.13733673095703125,0,0,241346.09301757813,243229.01861572266,0,34088599552,2147483648,8619651072,0
200,1787751465283,3500,3500,3500,3500,3500,3500,3500,3500,3500,3500,3500,3500,3500,3500,3500,3500,3500,3500,3500,3500,3.83892822265625,0.6604385375976563,0.7280731201171875,3.23822021484375,3.2662887573242188,0.6287765502929688,0.6947784423828125,0.7450485229492188,0.65869140625,0.7815322875976563,0.7754592895507813,0.66326904296875,18.655685424804688,3.2145767211914063,5.1733856201171875,0.64306640625,3.4016189575195313,3.2533493041992188,3.2982406616210938,0.8007965087890625,0,241353.3759765625,243234.17834472656,0,34088599552,2147483648,8629227520,0
199,1787751465484,3500,3500,3500,3500,3500,3500,3500,3500,3500,3500,3500,3500,3500,3500,3500,3500,3500,3500,3500,3500,0.8355178833007813,0.254150390625,0.29885101318359375,0.2956085205078125,0.3502044677734375,0.2792205810546875,0.22447967529296875,2.7717361450195313,2.8551025390625,2.8115005493164063,2.7810287475585938,0.22013092041015625,16.131324768066406,0.27092742919921875,3.2209396362304688,0.22867584228515625,0.282318115234375,0.28851318359375,0.405792236328125,0.38811492919921875,0,241359.5811767578,243238.26989746094,0,34088599552,2147483648,8629227520,0
200,1787751465684,3500,3500,3500,3500,3500,3500,3500,3500,3500,3500,3500,3500,3500,3500,3500,3500,3500,3500,3500,3500,1.1735000610351563,0.2440185546875,0.3576812744140625,0.35333251953125,0.31194305419921875,0.28615570068359375,0.39821624755859375,0.26041412353515625,0.5024795532226563,0.387420654296875,0.4742889404296875,0.4590911865234375,17.239402770996094,0.25701141357421875,1.0307998657226563,0.282257080078125,0.30059814453125,0.30519866943359375,0.4211578369140625,0.39776611328125,0,241366.4949951172,243243.06353759766,0,34088599552,2147483648,8629428224,0
200,1787751465884,3500,3500,3500,3500,3500,3500,3500,3500,3500,3500,3500,3500,3500,3500,3500,3500,3500,3500,3500,3500,0.6854095458984375,0.227569580078125,0.3745574951171875,0.34607696533203125,0.39029693603515625,2.8837356567382813,0.3824005126953125,0.33758544921875,0.44460296630859375,0.326995849609375,0.3153533935546875,2.90496826171875,24.353233337402344,0.22492218017578125,11.406845092773438,0.26024627685546875,2.9887542724609375,0.253997802734375,0.382049560546875,2.4995880126953125,0,241374.83197021484,243249.2471923828,0,34088599552,2147483648,8629432320,0
200,1787751466084,3500,3500,3500,3500,3500,3500,3500,3500,3500,3500,3500,3500,3500,3500,3500,3500,3500,3500,3500,3500,0.74383544921875,2.7855453491210938,2.8899154663085938,0.3466644287109375,0.20458221435546875,0.23944854736328125,2.7952423095703125,0.2384033203125,0.46551513671875,0.3780364990234375,0.686431884765625,0.36409759521484375,15.851303100585938,0.212677001953125,7.0816497802734375,2.8239212036132813,3.320159912109375,0.26453399658203125,0.3590545654296875,0.706268310546875,0,241382.6923828125,243255.0009765625,0,34088599552,2147483648,8629628928,0
199,1787751466284,3500,3500,3500,3500,3500,3500,3500,3500,3500,3500,3500,3500,3500,3500,3500,3500,3500,3500,3500,3500,3.3533096313476563,0.21811676025390625,0.3436279296875,2.8986968994140625,2.7442169189453125,0.2703094482421875,0.18450164794921875,0.228302001953125,0.44686126708984375,0.347076416015625,0.43967437744140625,0.31640625,11.911605834960938,2.735076904296875,4.339286804199219,0.1449432373046875,3.5176315307617188,2.7713394165039063,2.7530593872070313,0.24762725830078125,0,241389.83892822266,243260.0291748047,0,34088599552,2147483648,8629616640,0
200,1787751466485,3500,3500,3500,3500,3500,3500,3500,3500,3500,3500,3500,3500,3500,3500,3500,3500,3500,3500,3500,3500,0.8834915161132813,0.40569305419921875,0.5006637573242188,0.4996185302734375,0.3267059326171875,0.421875,0.3834228515625,2.8754653930664063,3.020721435546875,3.0006942749023438,2.9506683349609375,0.3692474365234375,15.893768310546875,0.3357391357421875,7.719795227050781,0.3192596435546875,0.7396392822265625,0.390167236328125,0.38507080078125,0.4092864990234375,0,241396.10736083984,243264.47729492188,0,34088599552,2147483648,8629678080,0
200,1787751466685,3500,3500,3500,3500,3500,3500,3500,3500,3500,3500,3500,3500,3500,3500,3500,3500,3500,3500,3500,3500,1.0618972778320313,0.2680206298828125,0.35559844970703125,0.408905029296875,0.24729156494140625,0.26332855224609375,0.258880615234375,0.1996307373046875,0.2928466796875,0.2859039306640625,1.2141647338867188,0.254730224609375,18.663497924804688,0.22795867919921875,11.659416198730469,0.2527313232421875,2.5157546997070313,0.270416259765625,0.2680206298828125,0.3146820068359375,0,241404.5479736328,243270.89282226563,0,34088599552,2147483648,8630616064,0
199,1787751466885,3500,3500,3500,3500,3500,3500,3500,3500,3500,3500,3500,3500,3500,3500,3500,3500,3500,3500,3500,3500,0.8350677490234375,0.28807830810546875,0.39990234375,0.4514923095703125,0.22774505615234375,2.834625244140625,0.313201904296875,0.291473388671875,0.4154815673828125,0.34386444091796875,0.3205413818359375,2.8194427490234375,12.786529541015625,0.27634429931640625,3.9589691162109375,0.25496673583984375,0.30086517333984375,0.3126983642578125,0.5858917236328125,0.32833099365234375,0,241412.0400390625,243276.0932006836,0,34088599552,2147483648,8630616064,0
200,1787751467085,3500,3500,3500,3500,3500,3500,3500,3500,3500,3500,3500,3500,3500,3500,3500,3500,3500,3500,3500,3500,0.7877578735351563,2.8441009521484375,2.81787109375,0.30542755126953125,0.36589813232421875,0.440704345703125,2.8719406127929688,0.32806396484375,0.2735443115234375,0.2831878662109375,1.174041748046875,0.26070404052734375,14.643081665039063,0.24800872802734375,7.5151824951171875,2.7685928344726563,1.7927398681640625,0.27019500732421875,0.5327987670898438,2.829559326171875,0,241419.49249267578,243281.39379882813,0,34088599552,2147483648,8630878208,0
200,1787751467285,3500,3500,3500,3500,3500,3500,3500,3500,3500,3500,3500,3500,3500,3500,3500,3500,3500,3500,3500,3500,3.314178466796875,0.31253814697265625,0.27962493896484375,2.8107757568359375,2.985198974609375,0.4042510986328125,0.397857666015625,0.450958251953125,0.3602447509765625,0.2726287841796875,0.3739776611328125,0.23896026611328125,13.268440246582031,2.8109207153320313,5.753913879394531,0.20149993896484375,3.2897491455078125,2.7982864379882813,2.8475341796875,0.3345184326171875,0,241427.3334350586,243286.98583984375,0,34088599552,2147483648,8630857728,0
200,1787751467486,3500,3500,3500,3500,3500,3500,3500,3500,3500,3500,3500,3500,3500,3500,3500,3500,3500,3500,3500,3500,2.3893508911132813,0.3091583251953125,1.3292922973632813,0.2746734619140625,0.4084625244140625,0.46150970458984375,0.42633056640625,2.9707260131835938,2.8138275146484375,2.81512451171875,1.1911087036132813,0.3226318359375,17.271484375,0.25630950927734375,10.262786865234375,0.23400115966796875,2.4376068115234375,0.3250732421875,1.5739669799804688,0.3254241943359375,0,241434.92169189453,243292.36492919922,0,34088599552,2147483648,8630841344,0
200,1787751467686,3500,3500,3500,3500,3500,3500,3500,3500,3500,3500,3500,3500,3500,3500,3500,3500,3500,3500,3500,3500,1.1180191040039063,0.2508697509765625,0.42983245849609375,0.41825103759765625,0.320587158203125,0.3187408447265625,0.325225830078125,0.35577392578125,0.527191162109375,0.40053558349609375,2.0403060913085938,0.381622314453125,17.3626708984375,0.25650787353515625,2.2856369018554688,0.33770751953125,0.5569381713867188,0.3366546630859375,0.3415985107421875,0.33306121826171875,0,241442.52502441406,243297.86962890625,0,34088599552,2147483648,8630476800,0
200,1787751467886,3500,3500,3500,3500,3500,3500,3500,3500,3500,3500,3500,3500,3500,3500,3500,3500,3500,3500,3500,3500,0.8019943237304688,0.20749664306640625,0.39278411865234375,0.39837646484375,0.3150177001953125,2.8074569702148438,0.32280731201171875,0.2196807861328125,0.49840545654296875,0.3888397216796875,0.350311279296875,2.868499755859375,13.886024475097656,0.23230743408203125,2.429840087890625,0.30204010009765625,0.8895492553710938,0.30164337158203125,0.41455078125,0.2719879150390625,0,241449.1229248047,243302.35772705078,0,34088599552,2147483648,8630448128,0
200,1787751468087,3500,3500,3500,3500,3500,3500,3500,3500,3500,3500,3500,3500,3500,3500,3500,3500,3500,3500,3500,3500,0.7241973876953125,2.789459228515625,2.910369873046875,0.38729095458984375,0.28681182861328125,0.2583465576171875,2.839752197265625,0.293701171875,0.49701690673828125,0.44412994384765625,0.56927490234375,0.35527801513671875,13.193336486816406,0.2599945068359375,9.20819091796875,2.742218017578125,1.6597442626953125,0.31812286376953125,0.3251190185546875,2.8192214965820313,0,241456.40466308594,243307.5311279297,0,34088599552,2147483648,8630448128,0
200,1787751468287,3500,3500,3500,3500,3500,3500,3500,3500,3500,3500,3500,3500,3500,3500,3500,3500,3500,3500,3500,3500,3.2240676879882813,0.3099212646484375,0.2443389892578125,2.8417739868164063,2.7856674194335938,0.35550689697265625,0.29401397705078125,0.27172088623046875,0.5060806274414063,0.4435882568359375,0.45256805419921875,0.47760009765625,11.688888549804688,2.84686279296875,5.607490539550781,0.23256683349609375,2.856689453125,2.8356399536132813,2.8064651489257813,0.2705230712890625,0,241463.4471435547,243312.44104003906,0,34088599552,2147483648,8630407168,0
200,1787751468487,3500,3500,3500,3500,3500,3500,3500,3500,3500,3500,3500,3500,3500,3500,3500,3500,3500,3500,3500,3500,0.8610916137695313,0.26025390625,0.3175811767578125,0.3138427734375,0.3813018798828125,0.45554351806640625,0.3931732177734375,2.8805007934570313,2.8997116088867188,2.9258575439453125,0.2793121337890625,0.2936859130859375,14.630332946777344,0.26923370361328125,3.1078262329101563,0.28864288330078125,2.1877593994140625,0.32855987548828125,0.3443756103515625,0.31209564208984375,0,241470.88067626953,243317.75366210938,0,34088599552,2147483648,8630321152,0
200,1787751468688,3500,3500,3500,3500,3500,3500,3500,3500,3500,3500,3500,3500,3500,3500,3500,3500,3500,3500,3500,3500,0.944122314453125,0.185394287109375,0.2854156494140625,0.29755401611328125,0.31903839111328125,0.2921600341796875,0.20627593994140625,0.24649810791015625,0.28641510009765625,0.30410003662109375,3.599029541015625,0.239501953125,15.152488708496094,0.18944549560546875,3.2415237426757813,0.27606964111328125,0.32558441162109375,0.30644989013671875,0.26618194580078125,0.2989501953125,0,241478.3338623047,243323.1024169922,0,34088599552,2147483648,8630353920,0
200,1787751468888,3500,3500,3500,3500,3500,3500,3500,3500,3500,3500,3500,3500,3500,3500,3500,3500,3500,3500,3500,3500,0.685791015625,0.26280975341796875,0.2698516845703125,0.2731475830078125,0.29087066650390625,2.7858963012695313,0.2384490966796875,0.2331085205078125,0.2627105712890625,0.1942138671875,0.290069580078125,2.714752197265625,14.174507141113281,0.22422027587890625,3.7904129028320313,0.22826385498046875,1.5068283081054688,0.2346038818359375,0.26091766357421875,0.2584228515625,0,241485.87426757813,243328.51446533203,0,34088599552,2147483648,8630325248,0
200,1787751469088,3500,3500,3500,3500,3500,3500,3500,3500,3500,3500,3500,3500,3500,3500,3500,3500,3500,3500,3500,3500,0.5946121215820313,2.8849258422851563,2.8761444091796875,0.32883453369140625,0.38604736328125,0.30663299560546875,2.7821121215820313,0.30808258056640625,0.314666748046875,0.315765380859375,1.1001358032226563,0.3541717529296875,28.869606018066406,0.2408905029296875,37.05278015136719,2.7502365112304688,15.774276733398438,0.28867340087890625,0.307586669921875,2.8457183837890625,0,241494.2543334961,243334.77423095703,0,34088599552,2147483648,8630263808,0
200,1787751469289,3500,3500,3500,3500,3500,3500,3500,3500,3500,3500,3500,3500,3500,3500,3500,3500,3500,3500,3500,3500,3.2666091918945313,0.33063507080078125,0.40831756591796875,2.9550552368164063,2.8282623291015625,0.3070526123046875,0.2919158935546875,0.24420166015625,0.33892822265625,0.2496490478515625,0.29276275634765625,0.27337646484375,29.037841796875,2.7874908447265625,68.42930603027344,0.18854522705078125,10.108718872070313,2.8226165771484375,2.8440475463867188,0.31938934326171875,0,241503.4800415039,243341.89166259766,0,34088599552,2147483648,8630173696,0
200,1787751469489,3500,3500,3500,3500,3500,3500,3500,3500,3500,3500,3500,3500,3500,3500,3500,3500,3500,3500,3500,3500,0.5422210693359375,0.28551483154296875,0.39876556396484375,0.40221405029296875,0.3036956787109375,0.2703399658203125,0.24037933349609375,2.7911605834960938,2.8077316284179688,2.7945556640625,0.30788421630859375,0.26739501953125,46.09788131713867,0.17865753173828125,57.51267623901367,0.17661285400390625,0.3829345703125,0.3134765625,0.27812957763671875,0.33589935302734375,0,241512.18487548828,243348.47314453125,0,34088599552,2147483648,8630128640,0
200,1787751469689,3500,3500,3500,3500,3500,3500,3500,3500,3500,3500,3500,3500,3500,3500,3500,3500,3500,3500,3500,3500,0.518096923828125,0.28676605224609375,0.3054351806640625,0.30933380126953125,0.3035430908203125,0.1673736572265625,0.32570648193359375,0.2432708740234375,0.27233123779296875,0.2709808349609375,2.7406463623046875,0.25031280517578125,16.81243133544922,0.2027740478515625,89.97779846191406,0.10605621337890625,0.43386077880859375,0.37244415283203125,0.34563446044921875,0.35491943359375,0,241520.68188476563,243354.8637084961,0,34088599552,2147483648,8630251520,0
200,1787751469890,3500,3500,3500,3500,3500,3500,3500,3500,3500,3500,3500,3500,3500,3500,3500,3500,3500,3500,3500,3500,0.6809234619140625,0.3330078125,0.33754730224609375,0.3213348388671875,0.3247222900390625,2.8116989135742188,0.33240509033203125,0.268707275390625,0.30991363525390625,0.3368988037109375,0.292999267578125,2.7525405883789063,2.9936599731445313,0.2345428466796875,100,0.14630126953125,0.4174041748046875,0.41466522216796875,0.41356658935546875,0.41745758056640625,0,241529.27197265625,243361.34143066406,0,34088599552,2147483648,8630247424,0
199,1787751470090,3500,3500,3500,3500,3500,3500,3500,3500,3500,3500,3500,3500,3500,3500,3500,3500,3500,3500,3500,3500,0.5059738159179688,2.80987548828125,2.7674484252929688,0.28948974609375,0.35211181640625,0.305084228515625,2.9105682373046875,0.34821319580078125,0.2808990478515625,0.18305206298828125,1.7336578369140625,0.33911895751953125,34.36144256591797,0.147918701171875,66.45960998535156,2.6656494140625,7.1034393310546875,0.29373931884765625,0.29903411865234375,2.8249130249023438,0,241538.94451904297,243368.89880371094,0,34088599552,2147483648,8630509568,0
199,1787751470290,3500,3500,3500,3500,3500,3500,3500,3500,3500,3500,3500,3500,3500,3500,3500,3500,3500,3500,3500,3500,3.059722900390625,0.24761962890625,0.224273681640625,2.430389404296875,2.9343719482421875,0.338836669921875,0.41845703125,0.4095611572265625,0.20313262939453125,0.23812103271484375,0.2389678955078125,0.2073822021484375,19.946624755859375,2.6817550659179688,67.89068603515625,0.11611175537109375,20.9322509765625,2.7060470581054688,2.7731246948242188,0.2432708740234375,0,241547.1131591797,243374.95153808594,0,34088599552,2147483648,8630448128,0
200,1787751470490,3500,3500,3500,3500,3500,3500,3500,3500,3500,3500,3500,3500,3500,3500,3500,3500,3500,3500,3500,3500,0.6867141723632813,0.3742218017578125,0.36212158203125,0.6396408081054688,0.4914093017578125,0.532440185546875,0.45438385009765625,3.0747604370117188,2.8690643310546875,2.8924026489257813,0.28610992431640625,0.30295562744140625,26.84967041015625,0.26976776123046875,70.9152603149414,0.2162933349609375,5.939727783203125,0.33978271484375,0.34023284912109375,0.3935089111328125,0,241557.0059814453,243382.7495727539,0,34088599552,2147483648,8630407168,0
200,1787751470690,3500,3500,3500,3500,3500,3500,3500,3500,3500,3500,3500,3500,3500,3500,3500,3500,3500,3500,3500,3500,2.8044891357421875,0.31908416748046875,17.574234008789063,0.27664947509765625,0.3956298828125,0.475311279296875,0.4305267333984375,0.4822998046875,0.22916412353515625,0.243896484375,2.9380950927734375,0.24658966064453125,36.33679962158203,0.20140838623046875,75.42820739746094,0.20180511474609375,46.96240234375,0.19532012939453125,21.976356506347656,0.23541259765625,0,241568.02838134766,243391.5728149414,0,34088599552,2147483648,8644227072,0
200,1787751470890,3500,3500,3500,3500,3500,3500,3500,3500,3500,3500,3500,3500,3500,3500,3500,3500,3500,3500,3500,3500,12.963890075683594,0.35457611083984375,46.85517501831055,0.27593231201171875,2.5864791870117188,0.9441299438476563,0.49173736572265625,0.4410552978515625,0.3297576904296875,0.33535003662109375,1.5939102172851563,3.0166473388671875,55.130062103271484,0.276275634765625,55.712528228759766,0.23378753662109375,91.2896957397461,0.23732757568359375,50.20647430419922,0.287261962890625,0,241580.92016601563,243402.27850341797,0,34088599552,2147483648,8664289280,0
199,1787751471091,3500,3500,3500,3500,3500,3500,3500,3500,3500,3500,3500,3500,3500,3500,3500,3500,3500,3500,3500,3500,4.298858642578125,2.8427658081054688,47.62147903442383,0.24889373779296875,0.39630889892578125,2.857147216796875,0.31096649169921875,0.3097686767578125,0.3515167236328125,0.421722412109375,0.6580352783203125,0.32030487060546875,26.15410614013672,0.267913818359375,58.850677490234375,2.7561264038085938,84.70220947265625,0.24559783935546875,61.027122497558594,2.7789459228515625,0,241594.259765625,243413.45513916016,0,34088599552,2147483648,8676478976,0
200,1787751471291,3500,3500,3500,3500,3500,3500,3500,3500,3500,3500,3500,3500,3500,3500,3500,3500,3500,3500,3500,3500,3.2062759399414063,0.372100830078125,29.188949584960938,0.29917144775390625,2.8700180053710938,0.34415435791015625,2.842376708984375,0.25247955322265625,0.29392242431640625,0.3277130126953125,0.347503662109375,0.32985687255859375,31.024192810058594,2.73480224609375,48.56141662597656,0.222991943359375,35.73506164550781,2.7411041259765625,16.91973876953125,0.284423828125,0,241604.6851196289,243421.72869873047,0,34088599552,2147483648,8640864256,0
200,1787751471491,3500,3500,3500,3500,3500,3500,3500,3500,3500,3500,3500,3500,3500,3500,3500,3500,3500,3500,3500,3500,2.2711944580078125,0.35774993896484375,0.29381561279296875,2.8367996215820313,0.29816436767578125,0.30805206298828125,0.25994873046875,2.7604217529296875,2.8209152221679688,2.8398971557617188,0.45220947265625,0.285919189453125,11.788566589355469,0.27518463134765625,28.425674438476563,0.24321746826171875,68.33961486816406,0.19721221923828125,0.287017822265625,0.33013153076171875,0,241613.81127929688,243428.71990966797,0,34088599552,2147483648,8640565248,0
200,1787751471691,3500,3500,3500,3500,3500,3500,3500,3500,3500,3500,3500,3500,3500,3500,3500,3500,3500,3500,3500,3500,0.5461044311523438,0.29299163818359375,0.2597503662109375,0.2768707275390625,0.28804779052734375,0.20963287353515625,0.24607086181640625,0.21367645263671875,0.224609375,0.25835418701171875,2.7553176879882813,0.25450897216796875,32.18028259277344,0.175048828125,32.960533142089844,0.19940185546875,42.499935150146484,0.18029022216796875,0.26578521728515625,0.28160858154296875,0,241623.7300415039,243436.5191040039,0,34088599552,2147483648,8638345216,0
200,1787751471892,3500,3500,3500,3500,3500,3500,3500,3500,3500,3500,3500,3500,3500,3500,3500,3500,3500,3500,3500,3500,0.5616226196289063,0.354949951171875,0.3088531494140625,0.317779541015625,0.29457855224609375,0.32117462158203125,0.31194305419921875,0.25351715087890625,0.29662322998046875,0.31359100341796875,0.25312042236328125,2.8398818969726563,2.6535186767578125,0.25336456298828125,32.97252655029297,0.22008514404296875,69.29071807861328,0.18426513671875,0.32192230224609375,0.30316162109375,0,241633.55603027344,243444.21447753906,0,34088599552,2147483648,8637870080,0
200,1787751472092,3500,3500,3500,3500,3500,3500,3500,3500,3500,3500,3500,3500,3500,3500,3500,3500,3500,3500,3500,3500,3.3415908813476563,2.8389663696289063,5.444435119628906,0.34137725830078125,1.6094512939453125,2.84625244140625,0.2738037109375,0.2648773193359375,0.281829833984375,0.24044036865234375,0.34302520751953125,0.3245697021484375,17.482818603515625,0.2461700439453125,27.427139282226563,2.7675018310546875,73.86955261230469,0.1649322509765625,5.078369140625,2.8704376220703125,0,241643.40466308594,243451.90002441406,0,34088599552,2147483648,8636215296,0
200,1787751472292,3500,3500,3500,3500,3500,3500,3500,3500,3500,3500,3500,3500,3500,3500,3500,3500,3500,3500,3500,3500,17.326316833496094,0.272125244140625,0.5106430053710938,0.343505859375,0.41912841796875,0.335418701171875,2.8773269653320313,0.26153564453125,0.24829864501953125,0.25888824462890625,0.2785186767578125,0.29485321044921875,18.340003967285156,2.7266769409179688,2.5296249389648438,0.206146240234375,27.075042724609375,2.7081985473632813,48.73383712768555,0.1745758056640625,0,241652.61950683594,243459.01147460938,0,34088599552,2147483648,8635822080,0
200,1787751472493,3500,3500,3500,3500,3500,3500,3500,3500,3500,3500,3500,3500,3500,3500,3500,3500,3500,3500,3500,3500,0.6127395629882813,0.3755340576171875,0.38082122802734375,2.8783721923828125,2.679931640625,0.38301849365234375,0.3403167724609375,0.33258056640625,2.77520751953125,2.8942337036132813,0.294921875,0.35672760009765625,2.3396148681640625,0.3223114013671875,1.742340087890625,0.29431915283203125,0.3936920166015625,0.4061126708984375,100,0.1765899658203125,0,241661.7622680664,243466.03381347656,0,34088599552,2147483648,8635650048,0
200,1787751472693,3500,3500,3500,3500,3500,3500,3500,3500,3500,3500,3500,3500,3500,3500,3500,3500,3500,3500,3500,3500,0.6622161865234375,0.35715484619140625,0.43997955322265625,0.42960357666015625,0.4587860107421875,0.3528594970703125,0.487579345703125,3.0303497314453125,0.24593353271484375,0.3083038330078125,2.8516769409179688,0.32038116455078125,5.085746765136719,0.27637481689453125,2.0648727416992188,0.23480987548828125,60.60378646850586,0.25107574462890625,39.78614807128906,0.23540496826171875,0,241670.26055908203,243472.41723632813,0,34088599552,2147483648,8635764736,0
200,1787751472894,3500,3500,3500,3500,3500,3500,3500,3500,3500,3500,3500,3500,3500,3500,3500,3500,3500,3500,3500,3500,0.6069107055664063,0.29824066162109375,2.909088134765625,0.3706512451171875,0.29584503173828125,0.3118133544921875,0.3642120361328125,0.31964874267578125,0.2518768310546875,0.2310638427734375,0.7343215942382813,2.7509841918945313,11.453536987304688,0.22373199462890625,4.9814453125,0.1819610595703125,75.00131225585938,0.12841033935546875,18.444854736328125,0.230316162109375,0,241678.35858154297,243478.67517089844,0,34088599552,2147483648,8635445248,0
200,1787751473094,3500,3500,3500,3500,3500,3500,3500,3500,3500,3500,3500,3500,3500,3500,3500,3500,3500,3500,3500,3500,0.513397216796875,2.8405532836914063,2.84759521484375,0.3656005859375,0.26064300537109375,2.8197860717773438,0.2682342529296875,0.303985595703125,0.31127166748046875,0.2904052734375,0.5700225830078125,0.2381744384765625,20.071945190429688,0.22728729248046875,24.30474090576172,2.7629165649414063,64.32095336914063,0.1954345703125,0.356964111328125,2.8159942626953125,0,241687.55297851563,243485.96911621094,0,34088599552,2147483648,8635432960,0
200,1787751473294,3500,3500,3500,3500,3500,3500,3500,3500,3500,3500,3500,3500,3500,3500,3500,3500,3500,3500,3500,3500,3.0570297241210938,0.317840576171875,0.32323455810546875,0.3461151123046875,0.2897186279296875,0.26514434814453125,2.8452835083007813,0.29805755615234375,0.29621124267578125,0.3196868896484375,3.1486434936523438,0.25035858154296875,7.372840881347656,2.8026275634765625,89.8628921508789,0.1659393310546875,10.469131469726563,2.8346939086914063,2.8707122802734375,0.29436492919921875,0,241696.64044189453,243492.96795654297,0,34088599552,2147483648,8635219968,0
200,1787751473494,3500,3500,3500,3500,3500,3500,3500,3500,3500,3500,3500,3500,3500,3500,3500,3500,3500,3500,3500,3500,0.5837478637695313,0.30445098876953125,0.310638427734375,2.8520050048828125,2.8544540405273438,0.32231903076171875,0.2306365966796875,0.1884613037109375,2.7608184814453125,2.7660140991210938,0.2577362060546875,0.3343963623046875,12.351173400878906,0.30020904541015625,2.0301361083984375,0.37187957763671875,56.51802062988281,0.2255401611328125,34.441734313964844,0.24660491943359375,0,241706.6357421875,243500.7559814453,0,34088599552,2147483648,8634802176,0
200,1787751473695,3500,3500,3500,3500,3500,3500,3500,3500,3500,3500,3500,3500,3500,3500,3500,3500,3500,3500,3500,3500,0.4997711181640625,0.27330780029296875,0.275054931640625,0.25702667236328125,0.2859954833984375,0.18975067138671875,0.2163238525390625,2.7526779174804688,0.21607208251953125,0.2450408935546875,2.8731002807617188,0.1885986328125,11.678352355957031,0.20568084716796875,44.16436767578125,0.1852569580078125,13.292640686035156,0.24054718017578125,42.93092727661133,0.2329559326171875,0,241716.68359375,243508.22662353516,0,34088599552,2147483648,8634757120,0
200,1787751473895,3500,3500,3500,3500,3500,3500,3500,3500,3500,3500,3500,3500,3500,3500,3500,3500,3500,3500,3500,3500,0.5532073974609375,0.361602783203125,0.353363037109375,0.3296051025390625,0.4310760498046875,0.4425048828125,0.375274658203125,0.33055877685546875,0.3383941650390625,0.31787872314453125,0.2599334716796875,2.8672027587890625,2.352081298828125,0.27146148681640625,1.8500289916992188,0.33544921875,100,0.1632080078125,0.32691192626953125,0.35431671142578125,0,241726.5816040039,243515.98895263672,0,34088599552,2147483648,8634757120,0
200,1787751474095,3500,3500,3500,3500,3500,3500,3500,3500,3500,3500,3500,3500,3500,3500,3500,3500,3500,3500,3500,3500,0.5889205932617188,2.7758331298828125,1.44781494140625,0.2962799072265625,0.2694244384765625,2.808929443359375,0.33466339111328125,0.29123687744140625,0.28385162353515625,0.285003662109375,1.6931838989257813,0.2281036376953125,4.339790344238281,0.23114776611328125,33.030250549316406,2.7529220581054688,71.07410430908203,0.1448974609375,0.2924346923828125,2.820953369140625,0,241736.01824951172,243523.30780029297,0,34088599552,2147483648,8634712064,0
199,1787751474296,3500,3500,3500,3500,3500,3500,3500,3500,3500,3500,3500,3500,3500,3500,3500,3500,3500,3500,3500,3500,3.09246826171875,0.30884552001953125,4.264961242675781,0.462127685546875,0.34650421142578125,0.220611572265625,2.7956924438476563,0.3116912841796875,0.33463287353515625,0.28595733642578125,0.33364105224609375,0.24625396728515625,13.840538024902344,2.7284011840820313,65.285400390625,0.21527862548828125,5.1154937744140625,2.791351318359375,30.336318969726563,0.2638092041015625,0,241746.81579589844,243531.95343017578,0,34088599552,2147483648,8633786368,0
200,1787751474496,3500,3500,3500,3500,3500,3500,3500,3500,3500,3500,3500,3500,3500,3500,3500,3500,3500,3500,3500,3500,0.6181793212890625,0.3291778564453125,15.477684020996094,2.8022842407226563,2.8077316284179688,0.30084228515625,0.34462738037109375,0.297393798828125,0.3352813720703125,2.8790054321289063,0.33322906494140625,0.32927703857421875,18.149009704589844,0.2299652099609375,39.75666809082031,0.262451171875,33.00511932373047,0.25576019287109375,0.37615966796875,0.334075927734375,0,241754.29040527344,243537.32006835938,0,34088599552,2147483648,8633593856,0
199,1787751474696,3500,3500,3500,3500,3500,3500,3500,3500,3500,3500,3500,3500,3500,3500,3500,3500,3500,3500,3500,3500,0.6066436767578125,0.35512542724609375,0.2955169677734375,0.34130859375,0.26917266845703125,0.30155181884765625,0.35343170166015625,2.7621536254882813,2.799163818359375,0.33248138427734375,2.81268310546875,0.3036956787109375,4.840583801269531,0.3488922119140625,2.3120956420898438,0.25725555419921875,99.79362487792969,0.14536285400390625,0.40196990966796875,0.31232452392578125,0,241763.7421875,243544.66424560547,0,34088599552,2147483648,8633679872,0
200,1787751474896,3500,3500,3500,3500,3500,3500,3500,3500,3500,3500,3500,3500,3500,3500,3500,3500,3500,3500,3500,3500,0.537139892578125,0.30530548095703125,0.28026580810546875,0.32825469970703125,0.334197998046875,0.3722381591796875,0.4146270751953125,0.2811126708984375,0.2640228271484375,0.24762725830078125,0.758270263671875,2.8034133911132813,2.3027114868164063,0.28626251220703125,1.9263229370117188,0.224334716796875,100,0.1214599609375,0.2647705078125,0.29781341552734375,0,241773.45880126953,243552.26171875,0,34088599552,2147483648,8633679872,0
200,1787751475097,3500,3500,3500,3500,3500,3500,3500,3500,3500,3500,3500,3500,3500,3500,3500,3500,3500,3500,3500,3500,0.5307540893554688,2.7591705322265625,10.4581298828125,0.19461822509765625,1.6051406860351563,2.7929534912109375,0.244171142578125,0.2111358642578125,0.2205657958984375,0.18892669677734375,0.8070602416992188,0.32566070556640625,21.105133056640625,0.14092254638671875,45.21950149536133,2.640106201171875,32.2880859375,0.19422149658203125,5.844703674316406,2.7769393920898438,0,241782.86279296875,243559.50756835938,0,34088599552,2147483648,8633569280,0
200,1787751475297,3500,3500,3500,3500,3500,3500,3500,3500,3500,3500,3500,3500,3500,3500,3500,3500,3500,3500,3500,3500,2.9461135864257813,0.3703155517578125,2.8405303955078125,0.34705352783203125,0.5038070678710938,0.4559326171875,3.081451416015625,0.40550994873046875,0.5027618408203125,0.5079498291015625,1.6971282958984375,0.3958282470703125,8.737892150878906,2.7629013061523438,59.91541290283203,0.27132415771484375,27.422271728515625,2.805084228515625,13.033576965332031,0.39752197265625,0,241792.2611694336,243566.77990722656,0,34088599552,2147483648,8633561088,0
200,1787751475498,3500,3500,3500,3500,3500,3500,3500,3500,3500,3500,3500,3500,3500,3500,3500,3500,3500,3500,3500,3500,2.4234085083007813,0.2997894287109375,0.308074951171875,2.8268356323242188,3.0040664672851563,0.42917633056640625,0.475128173828125,0.3550262451171875,0.34554290771484375,2.9286727905273438,0.249542236328125,0.32054901123046875,3.0714340209960938,0.2322235107421875,2.3630294799804688,0.23726654052734375,11.461814880371094,0.265106201171875,91.50682830810547,0.1562347412109375,0,241801.67041015625,243574.083984375,0,34088599552,2147483648,8632565760,0
200,1787751475698,3500,3500,3500,3500,3500,3500,3500,3500,3500,3500,3500,3500,3500,3500,3500,3500,3500,3500,3500,3500,0.6214675903320313,0.3273773193359375,0.303070068359375,0.332672119140625,0.4829559326171875,0.3787384033203125,0.48670196533203125,2.989593505859375,2.8802871704101563,0.31639862060546875,2.8845291137695313,0.27911376953125,5.1561737060546875,0.271575927734375,34.04576110839844,0.23519134521484375,67.2496337890625,0.20020294189453125,0.360870361328125,0.33591461181640625,0,241811.33935546875,243581.64489746094,0,34088599552,2147483648,8632561664,0
199,1787751475898,3500,3500,3500,3500,3500,3500,3500,3500,3500,3500,3500,3500,3500,3500,3500,3500,3500,3500,3500,3500,0.5201416015625,0.28661346435546875,0.2679901123046875,0.286468505859375,0.304840087890625,0.31917572021484375,0.44577789306640625,0.376556396484375,0.3328094482421875,0.26863861083984375,0.3845977783203125,2.90374755859375,19.866195678710938,0.1767425537109375,36.77775192260742,0.1922760009765625,23.15105438232422,0.224884033203125,33.594825744628906,0.2601470947265625,0,241819.86279296875,243588.0262451172,0,34088599552,2147483648,8632156160,0
200,1787751476098,3500,3500,3500,3500,3500,3500,3500,3500,3500,3500,3500,3500,3500,3500,3500,3500,3500,3500,3500,3500,0.5864944458007813,0.27817535400390625,0.3326568603515625,0.2583770751953125,0.3516082763671875,2.985992431640625,0.49456787109375,0.3404083251953125,0.4295806884765625,0.356903076171875,1.1251449584960938,0.31331634521484375,10.973236083984375,0.25948333740234375,31.850051879882813,2.7163162231445313,58.65241241455078,0.20859527587890625,8.299957275390625,2.846832275390625,0,241828.1903076172,243594.25146484375,0,34088599552,2147483648,8632147968,0
200,1787751476298,3500,3500,3500,3500,3500,3500,3500,3500,3500,3500,3500,3500,3500,3500,3500,3500,3500,3500,3500,3500,0.6292953491210938,2.8208770751953125,2.8309707641601563,0.30915069580078125,0.394073486328125,0.48238372802734375,3.0374679565429688,0.4005126953125,0.3267364501953125,0.28357696533203125,0.35181427001953125,0.21019744873046875,11.604598999023438,2.7585372924804688,83.53543853759766,0.1721343994140625,10.011688232421875,2.8908615112304688,2.844207763671875,0.30420684814453125,0,241836.4237060547,243600.3741455078,0,34088599552,2147483648,8632123392,0
200,1787751476499,3500,3500,3500,3500,3500,3500,3500,3500,3500,3500,3500,3500,3500,3500,3500,3500,3500,3500,3500,3500,3.0212936401367188,0.30403900146484375,7.065193176269531,2.8026123046875,2.9687728881835938,0.4561309814453125,0.457275390625,0.3385009765625,0.46889495849609375,2.9005813598632813,0.4791717529296875,0.3264312744140625,7.384635925292969,0.2281646728515625,14.402442932128906,0.24602508544921875,16.008216857910156,0.22901153564453125,78.60758972167969,0.134033203125,0,241846.51080322266,243608.31958007813,0,34088599552,2147483648,8631578624,0
200,1787751476699,3500,3500,3500,3500,3500,3500,3500,3500,3500,3500,3500,3500,3500,3500,3500,3500,3500,3500,3500,3500,0.5675048828125,0.29059600830078125,0.372955322265625,0.32147979736328125,0.33148193359375,0.37091064453125,0.3104400634765625,2.7795639038085938,2.89959716796875,0.3789520263671875,2.9854049682617188,0.3816986083984375,28.164207458496094,0.20189666748046875,4.609611511230469,0.22513580322265625,68.4045181274414,0.1655120849609375,8.019699096679688,0.2813568115234375,0,241855.48468017578,243615.17639160156,0,34088599552,2147483648,8631717888,0
200,1787751476899,3500,3500,3500,3500,3500,3500,3500,3500,3500,3500,3500,3500,3500,3500,3500,3500,3500,3500,3500,3500,0.521240234375,0.3146514892578125,0.28099822998046875,0.326385498046875,0.21877288818359375,0.31600189208984375,0.20758819580078125,0.3065643310546875,0.44948577880859375,0.37717437744140625,1.9820556640625,2.973358154296875,22.93597412109375,0.2426910400390625,6.228157043457031,0.27275848388671875,77.21114349365234,0.16014862060546875,8.040023803710938,0.29257965087890625,0,241864.1075439453,243621.6802368164,0,34088599552,2147483648,8631713792,0
200,1787751477100,3500,3500,3500,3500,3500,3500,3500,3500,3500,3500,3500,3500,3500,3500,3500,3500,3500,3500,3500,3500,0.5942459106445313,0.31182098388671875,0.296600341796875,0.36238861083984375,0.37197113037109375,2.8647537231445313,0.3080291748046875,0.27972412109375,0.40985870361328125,0.33573150634765625,0.7740936279296875,0.3746185302734375,9.859619140625,0.25307464599609375,5.64764404296875,2.8057022094726563,78.77824401855469,0.16677093505859375,16.12347412109375,2.7821426391601563,0,241874.04650878906,243629.49450683594,0,34088599552,2147483648,8631713792,0
200,1787751477300,3500,3500,3500,3500,3500,3500,3500,3500,3500,3500,3500,3500,3500,3500,3500,3500,3500,3500,3500,3500,0.6199798583984375,2.854339599609375,14.097129821777344,0.3832550048828125,0.30340576171875,0.29422760009765625,2.8931961059570313,0.2583160400390625,0.3546295166015625,0.33632659912109375,0.9633865356445313,0.37293243408203125,19.33336639404297,0.33951568603515625,20.842559814453125,0.26490020751953125,61.280147552490234,2.76800537109375,3.0813827514648438,0.31746673583984375,0,241883.263671875,243636.57421875,0,34088599552,2147483648,8631726080,0
200,1787751477500,3500,3500,3500,3500,3500,3500,3500,3500,3500,3500,3500,3500,3500,3500,3500,3500,3500,3500,3500,3500,3.0909042358398438,0.29718017578125,0.3423614501953125,2.932830810546875,2.7390060424804688,0.27770233154296875,0.29972076416015625,0.2462005615234375,0.35749053955078125,2.8510971069335938,0.4337310791015625,0.36298370361328125,3.2296066284179688,2.8076553344726563,6.0302734375,0.1954193115234375,36.48115539550781,0.22762298583984375,62.9697265625,0.16670989990234375,0,241892.40075683594,243643.5982055664,0,34088599552,2147483648,8631713792,0
200,1787751477701,3500,3500,3500,3500,3500,3500,3500,3500,3500,3500,3500,3500,3500,3500,3500,3500,3500,3500,3500,3500,0.55633544921875,0.29529571533203125,0.3961334228515625,0.41790008544921875,0.25011444091796875,0.28141021728515625,0.274322509765625,2.7716522216796875,2.7998580932617188,0.2759246826171875,2.745391845703125,0.25879669189453125,5.307273864746094,0.2579498291015625,46.9992790222168,0.19205474853515625,54.618465423583984,0.18935394287109375,0.36388397216796875,0.2848052978515625,0,241901.61419677734,243650.67907714844,0,34088599552,2147483648,8631844864,0
200,1787751477901,3500,3500,3500,3500,3500,3500,3500,3500,3500,3500,3500,3500,3500,3500,3500,3500,3500,3500,3500,3500,0.5798568725585938,0.3209381103515625,0.42144012451171875,0.43631744384765625,0.28987884521484375,0.28768157958984375,0.28668212890625,0.30096435546875,0.30561065673828125,0.36147308349609375,0.26432037353515625,2.8322982788085938,2.3850479125976563,0.2894287109375,2.2411041259765625,0.24340057373046875,100,0.14853668212890625,0.30970001220703125,0.32508087158203125,0,241911.46466064453,243658.4268798828,0,34088599552,2147483648,8631762944,0
200,1787751478101,3500,3500,3500,3500,3500,3500,3500,3500,3500,3500,3500,3500,3500,3500,3500,3500,3500,3500,3500,3500,0.5056304931640625,0.2407989501953125,0.912567138671875,0.31147003173828125,0.20947265625,2.7530517578125,0.2476806640625,0.21356201171875,0.1615447998046875,0.2169036865234375,0.5234375,0.25202178955078125,30.440948486328125,0.1881256103515625,17.845298767089844,2.6718597412109375,52.733551025390625,0.14813232421875,17.088645935058594,2.7610321044921875,0,241920.1903076172,243665.00018310547,0,34088599552,2147483648,8631754752,0
200,1787751478302,3500,3500,3500,3500,3500,3500,3500,3500,3500,3500,3500,3500,3500,3500,3500,3500,3500,3500,3500,3500,0.54248046875,2.908203125,2.8642196655273438,0.357147216796875,0.3004913330078125,0.3133087158203125,2.9023208618164063,0.2982940673828125,0.2783966064453125,0.31002044677734375,3.2001190185546875,0.38747406005859375,3.2840576171875,0.29410552978515625,33.940101623535156,0.24672698974609375,67.45986938476563,0.225128173828125,2.9687576293945313,0.3950042724609375,0,241929.66326904297,243672.35778808594,0,34088599552,2147483648,8631717888,0
200,1787751478502,3500,3500,3500,3500,3500,3500,3500,3500,3500,3500,3500,3500,3500,3500,3500,3500,3500,3500,3500,3500,3.17523193359375,0.36699676513671875,0.3021087646484375,2.8393630981445313,2.8756179809570313,0.41138458251953125,0.48450469970703125,0.360015869140625,0.28035736083984375,2.86639404296875,0.28589630126953125,0.32340240478515625,11.436790466308594,2.7647933959960938,81.07185363769531,0.1774139404296875,15.100425720214844,2.8015060424804688,0.37277984619140625,0.297119140625,0,241938.57421875,243679.15301513672,0,34088599552,2147483648,8631652352,0
200,1787751478703,3500,3500,3500,3500,3500,3500,3500,3500,3500,3500,3500,3500,3500,3500,3500,3500,3500,3500,3500,3500,0.5506820678710938,0.29607391357421875,0.25760650634765625,0.25666046142578125,0.33344268798828125,0.4303436279296875,0.42620086669921875,2.892333984375,2.7967376708984375,0.1700439453125,2.7804718017578125,0.20745849609375,4.7420196533203125,0.24079132080078125,1.9079666137695313,0.217041015625,66.18461608886719,0.14524078369140625,34.27320861816406,0.203765869140625,0,241946.5634765625,243685.40460205078,0,34088599552,2147483648,8631758848,0
200,1787751478903,3500,3500,3500,3500,3500,3500,3500,3500,3500,3500,3500,3500,3500,3500,3500,3500,3500,3500,3500,3500,0.5781173706054688,0.31386566162109375,0.3366241455078125,0.2949981689453125,0.3689727783203125,0.439453125,0.48003387451171875,0.34905242919921875,0.34336090087890625,0.31845855712890625,0.7975921630859375,2.6231231689453125,15.995559692382813,0.26934051513671875,22.130645751953125,0.227813720703125,71.80764770507813,0.19127655029296875,2.6887130737304688,0.33188629150390625,0,241956.33953857422,243692.6962890625,0,34088599552,2147483648,8631734272,0
200,1787751479104,3500,3500,3500,3500,3500,3500,3500,3500,3500,3500,3500,3500,3500,3500,3500,3500,3500,3500,3500,3500,0.6019210815429688,0.3513946533203125,0.40357208251953125,0.4008331298828125,2.1194381713867188,2.8030166625976563,0.243438720703125,0.2578582763671875,0.313079833984375,0.2615966796875,0.5798721313476563,1.5887527465820313,8.702888488769531,0.295867919921875,23.0133056640625,2.7095870971679688,77.80366516113281,0.19734954833984375,0.3860626220703125,2.861083984375,0,241965.13012695313,243699.33239746094,0,34088599552,2147483648,8632201216,0
200,1787751479304,3500,3500,3500,3500,3500,3500,3500,3500,3500,3500,3500,3500,3500,3500,3500,3500,3500,3500,3500,3500,0.65216064453125,2.8199844360351563,2.909271240234375,0.39546966552734375,0.26222991943359375,0.27336883544921875,2.751861572265625,0.2756195068359375,0.2469482421875,0.22542572021484375,0.28765106201171875,0.3688507080078125,10.66082763671875,0.25524139404296875,16.531211853027344,0.2320709228515625,63.37398910522461,0.1883697509765625,18.0743408203125,0.242156982421875,0,241973.2510986328,243705.32836914063,0,34088599552,2147483648,8632266752,0
199,1787751479504,3500,3500,3500,3500,3500,3500,3500,3500,3500,3500,3500,3500,3500,3500,3500,3500,3500,3500,3500,3500,16.19377899169922,0.34656524658203125,5.31573486328125,2.8694076538085938,2.7762069702148438,0.3132476806640625,0.2868804931640625,0.3061065673828125,0.29631805419921875,0.22829437255859375,22.77484893798828,0.2332916259765625,58.36274337768555,2.7467422485351563,37.40971374511719,0.20961761474609375,48.71113586425781,2.7181777954101563,31.98255157470703,0.229095458984375,0,241984.76165771484,243714.63018798828,0,34088599552,2147483648,8641507328,0
200,1787751479704,3500,3500,3500,3500,3500,3500,3500,3500,3500,3500,3500,3500,3500,3500,3500,3500,3500,3500,3500,3500,0.5042266845703125,0.3032073974609375,0.5985107421875,0.38199615478515625,0.40843963623046875,0.41239166259765625,0.3873443603515625,2.8754348754882813,2.8162918090820313,2.7766494750976563,2.8113937377929688,0.22681427001953125,12.0841064453125,0.22011566162109375,61.03656005859375,0.16342926025390625,41.396087646484375,0.192169189453125,19.775650024414063,0.24906158447265625,0,241996.3296508789,243724.091796875,0,34088599552,2147483648,8641703936,0
200,1787751479905,3500,3500,3500,3500,3500,3500,3500,3500,3500,3500,3500,3500,3500,3500,3500,3500,3500,3500,3500,3500,0.546722412109375,0.30658721923828125,0.40497589111328125,0.3925018310546875,0.41880035400390625,0.48894500732421875,0.37035369873046875,0.47692108154296875,0.40642547607421875,0.463897705078125,0.4594573974609375,0.4777679443359375,2.8549957275390625,0.27181243896484375,1.8073043823242188,0.2711639404296875,100,0.126129150390625,0.29805755615234375,0.3281402587890625,0,242006.10064697266,243731.73950195313,0,34088599552,2147483648,8641703936,0
200,1787751480105,3500,3500,3500,3500,3500,3500,3500,3500,3500,3500,3500,3500,3500,3500,3500,3500,3500,3500,3500,3500,8.667533874511719,0.290374755859375,1.8037185668945313,0.396514892578125,1.0699234008789063,3.3961563110351563,1.1624908447265625,0.499359130859375,0.47081756591796875,0.401153564453125,6.438606262207031,7.881690979003906,10.159919738769531,0.267120361328125,8.679756164550781,2.7897109985351563,58.82619094848633,0.2451629638671875,24.29334259033203,2.7980880737304688,0,242016.0767211914,243739.58099365234,0,34088599552,2147483648,8642924544,0
200,1787751480306,3500,3500,3500,3500,3500,3500,3500,3500,3500,3500,3500,3500,3500,3500,3500,3500,3500,3500,3500,3500,0.5918121337890625,2.79376220703125,3.19549560546875,0.324981689453125,0.38188934326171875,0.43076324462890625,2.8734588623046875,0.4509124755859375,0.20029449462890625,0.3107147216796875,0.6697158813476563,0.32697296142578125,25.07965850830078,0.177001953125,38.58992385864258,0.127227783203125,46.08299255371094,0.17166900634765625,6.719322204589844,0.2525634765625,0,242026.05841064453,243747.41717529297,0,34088599552,2147483648,8642662400,0
200,1787751480506,3500,3500,3500,3500,3500,3500,3500,3500,3500,3500,3500,3500,3500,3500,3500,3500,3500,3500,3500,3500,3.292236328125,0.4649658203125,0.460418701171875,2.9577560424804688,2.9485702514648438,0.48178863525390625,0.4255828857421875,0.434661865234375,0.3575439453125,0.443450927734375,0.43292236328125,0.3911895751953125,3.433502197265625,2.8652572631835938,26.12970733642578,0.28052520751953125,41.386329650878906,2.8282241821289063,37.170650482177734,0.33129119873046875,0,242035.06768798828,243754.29766845703,0,34088599552,2147483648,8641073152,0
200,1787751480706,3500,3500,3500,3500,3500,3500,3500,3500,3500,3500,3500,3500,3500,3500,3500,3500,3500,3500,3500,3500,0.5290298461914063,0.31975555419921875,0.39275360107421875,0.40139007568359375,0.40508270263671875,0.5021820068359375,0.3809814453125,3.0332565307617188,2.7831649780273438,2.79638671875,2.7804183959960938,0.2947998046875,4.7517242431640625,0.2214508056640625,1.9556884765625,0.25103759765625,0.314910888671875,0.2958526611328125,100,0.1176605224609375,0,242044.04718017578,243761.1703491211,0,34088599552,2147483648,8641204224,0
199,1787751480906,3500,3500,3500,3500,3500,3500,3500,3500,3500,3500,3500,3500,3500,3500,3500,3500,3500,3500,3500,3500,0.499542236328125,0.34320068359375,0.39225006103515625,0.40093994140625,0.3706207275390625,0.508880615234375,0.36318206787109375,0.47971343994140625,0.3167266845703125,0.2272186279296875,0.33396148681640625,0.26767730712890625,2.637054443359375,0.29055023193359375,1.688873291015625,0.21613311767578125,57.26702880859375,0.20413970947265625,43.411476135253906,0.25249481201171875,0,242053.02142333984,243768.03149414063,0,34088599552,2147483648,8641204224,0
200,1787751481107,3500,3500,3500,3500,3500,3500,3500,3500,3500,3500,3500,3500,3500,3500,3500,3500,3500,3500,3500,3500,0.508697509765625,0.240447998046875,0.24334716796875,0.31243133544921875,0.311981201171875,2.8363113403320313,0.28753662109375,0.28533935546875,0.21155548095703125,0.2773895263671875,0.7885818481445313,2.7583236694335938,10.778900146484375,0.166717529296875,23.475502014160156,2.5852127075195313,67.53341674804688,0.13287353515625,18.01324462890625,2.8636550903320313,0,242061.6668701172,243774.51177978516,0,34088599552,2147483648,8638357504,0
200,1787751481307,3500,3500,3500,3500,3500,3500,3500,3500,3500,3500,3500,3500,3500,3500,3500,3500,3500,3500,3500,3500,0.6728668212890625,2.8630142211914063,2.8353042602539063,0.3695068359375,0.30609893798828125,0.34000396728515625,2.9147415161132813,0.2918701171875,0.352783203125,0.32457733154296875,0.36681365966796875,0.31893157958984375,10.37603759765625,0.31044769287109375,2.4080810546875,0.36042022705078125,92.43445587158203,0.193267822265625,3.306121826171875,0.5088577270507813,0,242069.6058959961,243780.34881591797,0,34088599552,2147483648,8638169088,0
200,1787751481507,3500,3500,3500,3500,3500,3500,3500,3500,3500,3500,3500,3500,3500,3500,3500,3500,3500,3500,3500,3500,3.0727310180664063,0.2975616455078125,0.28223419189453125,2.8237533569335938,2.8299942016601563,0.27199554443359375,0.30280303955078125,0.27674102783203125,0.32677459716796875,0.3382568359375,0.22714996337890625,0.2732391357421875,2.842681884765625,2.8803329467773438,1.67071533203125,0.27129364013671875,46.95563507080078,2.714599609375,56.030906677246094,0.183013916015625,0,242078.2830810547,243786.9071044922,0,34088599552,2147483648,8637251584,0
200,1787751481707,3500,3500,3500,3500,3500,3500,3500,3500,3500,3500,3500,3500,3500,3500,3500,3500,3500,3500,3500,3500,0.53668212890625,0.3324737548828125,23.58423614501953,0.25832366943359375,0.2336883544921875,0.26451873779296875,0.26491546630859375,2.7862319946289063,2.8123626708984375,2.7871780395507813,2.8364410400390625,0.23778533935546875,7.820610046386719,0.26122283935546875,4.564353942871094,0.2245941162109375,30.265785217285156,0.2191009521484375,46.044551849365234,0.21240234375,0,242087.7603149414,243794.25610351563,0,34088599552,2147483648,8637296640,0
199,1787751481907,3500,3500,3500,3500,3500,3500,3500,3500,3500,3500,3500,3500,3500,3500,3500,3500,3500,3500,3500,3500,0.5694503784179688,0.3392791748046875,100,0.1640472412109375,0.3081207275390625,0.31790924072265625,0.35890960693359375,0.29503631591796875,0.2894439697265625,0.34207916259765625,0.31410980224609375,0.28719329833984375,2.35174560546875,0.30072784423828125,1.9431533813476563,0.31441497802734375,0.3416290283203125,0.3560638427734375,0.33823394775390625,0.32065582275390625,0,242095.82513427734,243800.20068359375,0,34088599552,2147483648,8637292544,0
200,1787751482108,3500,3500,3500,3500,3500,3500,3500,3500,3500,3500,3500,3500,3500,3500,3500,3500,3500,3500,3500,3500,0.63616943359375,0.34899139404296875,54.54150390625,0.238861083984375,0.2747344970703125,2.7688522338867188,0.350738525390625,0.3014678955078125,0.305267333984375,0.2925262451171875,0.5245361328125,2.8503570556640625,9.220069885253906,0.31146240234375,6.653450012207031,0.24080657958984375,38.97420120239258,0.3123626708984375,0.3191070556640625,2.85650634765625,0,242104.37799072266,243806.6392211914,0,34088599552,2147483648,8636706816,0
200,1787751482308,3500,3500,3500,3500,3500,3500,3500,3500,3500,3500,3500,3500,3500,3500,3500,3500,3500,3500,3500,3500,0.5421524047851563,2.848114013671875,2.8318328857421875,0.3256988525390625,0.2879486083984375,0.28485870361328125,2.8271942138671875,0.32544708251953125,0.298736572265625,0.2572479248046875,1.1106643676757813,0.27297210693359375,3.8040924072265625,0.2952423095703125,23.29700469970703,2.8079681396484375,77.57284545898438,0.1895904541015625,2.8849105834960938,0.2979888916015625,0,242113.5927734375,243813.73223876953,0,34088599552,2147483648,8636612608,0
199,1787751482508,3500,3500,3500,3500,3500,3500,3500,3500,3500,3500,3500,3500,3500,3500,3500,3500,3500,3500,3500,3500,4.497901916503906,0.3263092041015625,27.37067413330078,2.8101654052734375,2.7432327270507813,0.225311279296875,0.250885009765625,0.2486419677734375,0.19879150390625,0.2318115234375,0.33425140380859375,0.24274444580078125,20.252357482910156,2.7113189697265625,30.67742156982422,0.163726806640625,38.567684173583984,2.7695083618164063,8.071220397949219,0.24799346923828125,0,242123.5545654297,243821.53942871094,0,34088599552,2147483648,8636039168,0
200,1787751482708,3500,3500,3500,3500,3500,3500,3500,3500,3500,3500,3500,3500,3500,3500,3500,3500,3500,3500,3500,3500,1.0994415283203125,0.39244842529296875,34.69371032714844,0.28515625,0.8833999633789063,0.38735198974609375,0.41928863525390625,2.8655471801757813,2.8233718872070313,2.8107223510742188,7.719734191894531,2.0750503540039063,49.3343391418457,0.2533721923828125,73.77754211425781,0.21279144287109375,46.60797119140625,0.212188720703125,28.461273193359375,0.26016998291015625,0,242134.86895751953,243830.6517944336,0,34088599552,2147483648,8652808192,0
200,1787751482909,3500,3500,3500,3500,3500,3500,3500,3500,3500,3500,3500,3500,3500,3500,3500,3500,3500,3500,3500,3500,0.65667724609375,0.33118438720703125,2.8512191772460938,0.34085845947265625,5.261749267578125,0.3845672607421875,0.358123779296875,0.33747100830078125,0.3207550048828125,0.318206787109375,12.436805725097656,0.7676849365234375,18.67389678955078,0.2743072509765625,49.86576461791992,0.24332427978515625,80.1714096069336,0.16544342041015625,28.200599670410156,0.250457763671875,0,242143.58764648438,243837.20642089844,0,34088599552,2147483648,8637308928,0
200,1787751483109,3500,3500,3500,3500,3500,3500,3500,3500,3500,3500,3500,3500,3500,3500,3500,3500,3500,3500,3500,3500,0.6005935668945313,0.30646514892578125,0.3918914794921875,0.39752960205078125,0.5763320922851563,2.843597412109375,0.241455078125,0.34810638427734375,0.27675628662109375,0.3071136474609375,1.2220077514648438,2.776641845703125,9.082099914550781,0.27141571044921875,37.454307556152344,0.24080657958984375,62.342830657958984,0.2054595947265625,0.35404205322265625,2.9062042236328125,0,242153.22875976563,243844.71032714844,0,34088599552,2147483648,8637308928,0
200,1787751483309,3500,3500,3500,3500,3500,3500,3500,3500,3500,3500,3500,3500,3500,3500,3500,3500,3500,3500,3500,3500,0.5849380493164063,2.8271865844726563,3.03338623046875,0.43271636962890625,0.29946136474609375,0.3184814453125,2.8268890380859375,0.29875946044921875,0.293670654296875,0.2105865478515625,0.3562774658203125,0.306549072265625,19.693862915039063,0.23006439208984375,41.76347351074219,2.7124099731445313,46.6802864074707,0.20404815673828125,6.577667236328125,0.3660125732421875,0,242162.17083740234,243851.52124023438,0,34088599552,2147483648,8637177856,0
199,1787751483510,3500,3500,3500,3500,3500,3500,3500,3500,3500,3500,3500,3500,3500,3500,3500,3500,3500,3500,3500,3500,4.951202392578125,0.401702880859375,0.36739349365234375,2.8747100830078125,2.8496780395507813,0.291290283203125,0.2763824462890625,0.29453277587890625,0.2561798095703125,0.342010498046875,0.2696990966796875,0.2332916259765625,5.805877685546875,2.7596588134765625,58.81277084350586,0.18536376953125,18.69770050048828,2.7929763793945313,25.982330322265625,0.33483123779296875,0,242172.32348632813,243859.5473022461,0,34088599552,2147483648,8637018112,0
200,1787751483710,3500,3500,3500,3500,3500,3500,3500,3500,3500,3500,3500,3500,3500,3500,3500,3500,3500,3500,3500,3500,0.6332321166992188,0.342559814453125,0.30701446533203125,0.2923736572265625,0.187652587890625,0.297271728515625,0.31311798095703125,2.7867584228515625,2.8387908935546875,2.8003997802734375,3.5987396240234375,0.1983489990234375,13.166885375976563,0.2295379638671875,27.337051391601563,0.212646484375,68.60273742675781,0.17929840087890625,0.43353271484375,0.41999053955078125,0,242181.64947509766,243866.74420166016,0,34088599552,2147483648,8637075456,0
199,1787751483910,3500,3500,3500,3500,3500,3500,3500,3500,3500,3500,3500,3500,3500,3500,3500,3500,3500,3500,3500,3500,0.554779052734375,0.325347900390625,0.310333251953125,0.27422332763671875,0.26694488525390625,0.21701812744140625,0.26479339599609375,0.19347381591796875,0.34429931640625,0.31392669677734375,0.26274871826171875,0.30170440673828125,6.5878448486328125,0.24310302734375,19.053573608398438,0.2103271484375,74.07164001464844,0.14748382568359375,8.1064453125,0.35492706298828125,0,242191.03833007813,243874.0004272461,0,34088599552,2147483648,8633954304,0
200,1787751484110,3500,3500,3500,3500,3500,3500,3500,3500,3500,3500,3500,3500,3500,3500,3500,3500,3500,3500,3500,3500,0.6056137084960938,0.2728424072265625,0.3782501220703125,0.399688720703125,1.5038528442382813,2.8573684692382813,0.26519775390625,0.26004791259765625,0.4247283935546875,0.39874267578125,0.6070632934570313,2.9485855102539063,28.616485595703125,0.262298583984375,6.656669616699219,0.26079559326171875,67.53179168701172,0.1449432373046875,5.169258117675781,2.83062744140625,0,242200.94580078125,243881.78552246094,0,34088599552,2147483648,8633905152,0
200,1787751484311,3500,3500,3500,3500,3500,3500,3500,3500,3500,3500,3500,3500,3500,3500,3500,3500,3500,3500,3500,3500,0.5976486206054688,2.8397598266601563,2.9256973266601563,0.33977508544921875,0.331298828125,0.29688262939453125,2.9254989624023438,0.36057281494140625,0.27573394775390625,0.32236480712890625,0.3016204833984375,0.2920379638671875,24.2791748046875,0.24869537353515625,37.49350357055664,2.723388671875,40.81638717651367,0.22565460205078125,3.43646240234375,0.30246734619140625,0,242209.53485107422,243888.40002441406,0,34088599552,2147483648,8633360384,0
199,1787751484511,3500,3500,3500,3500,3500,3500,3500,3500,3500,3500,3500,3500,3500,3500,3500,3500,3500,3500,3500,3500,3.1013336181640625,0.29196929931640625,0.2790985107421875,2.8136520385742188,2.95916748046875,0.32379150390625,0.44161224365234375,0.36260223388671875,0.22930908203125,0.250762939453125,0.3353118896484375,0.212005615234375,20.38097381591797,2.733489990234375,5.262214660644531,0.2420806884765625,39.694557189941406,2.7652206420898438,45.5052375793457,0.25714874267578125,0,242220.15942382813,243897.15698242188,0,34088599552,2147483648,8632844288,0
200,1787751484711,3500,3500,3500,3500,3500,3500,3500,3500,3500,3500,3500,3500,3500,3500,3500,3500,3500,3500,3500,3500,0.7220458984375,0.34932708740234375,0.31749725341796875,0.28582000732421875,0.32274627685546875,0.237152099609375,0.28607177734375,2.7883453369140625,2.7857513427734375,2.7821502685546875,2.856353759765625,0.25273895263671875,18.069992065429688,0.25904083251953125,51.93246078491211,0.1971282958984375,4.625091552734375,0.32984161376953125,37.82647705078125,0.28072357177734375,0,242229.35778808594,243904.14807128906,0,34088599552,2147483648,8632242176,0
200,1787751484912,3500,3500,3500,3500,3500,3500,3500,3500,3500,3500,3500,3500,3500,3500,3500,3500,3500,3500,3500,3500,0.5606918334960938,0.2983245849609375,0.3065032958984375,0.28545379638671875,0.40691375732421875,0.26929473876953125,0.253631591796875,0.29288482666015625,0.26520538330078125,0.27223968505859375,0.886749267578125,0.33782958984375,2.4810256958007813,0.2737884521484375,24.48682403564453,0.21976470947265625,23.8387451171875,0.27313995361328125,53.629783630371094,0.21193695068359375,0,242239.91827392578,243912.24285888672,0,34088599552,2147483648,8632184832,0
200,1787751485112,3500,3500,3500,3500,3500,3500,3500,3500,3500,3500,3500,3500,3500,3500,3500,3500,3500,3500,3500,3500,0.5133743286132813,0.3602752685546875,0.357635498046875,0.30644989013671875,0.36870574951171875,2.9764480590820313,0.4127044677734375,0.44274139404296875,0.28086090087890625,0.34905242919921875,0.4758148193359375,2.8689422607421875,20.392990112304688,0.25666046142578125,26.660919189453125,0.240753173828125,31.99457550048828,0.29931640625,30.486526489257813,2.8420562744140625,0,242249.39044189453,243919.59533691406,0,34088599552,2147483648,8632176640,0
200,1787751485313,3500,3500,3500,3500,3500,3500,3500,3500,3500,3500,3500,3500,3500,3500,3500,3500,3500,3500,3500,3500,0.551513671875,2.7879791259765625,2.8876495361328125,0.38188934326171875,0.37340545654296875,0.32711029052734375,2.7929229736328125,0.28237152099609375,0.263946533203125,0.32985687255859375,0.31368255615234375,0.1756134033203125,3.1931915283203125,0.25725555419921875,3.66107177734375,2.7646636962890625,2.8477554321289063,0.33365631103515625,96.9229507446289,0.121337890625,0,242258.46240234375,243926.53314208984,0,34088599552,2147483648,8631721984,0
200,1787751485513,3500,3500,3500,3500,3500,3500,3500,3500,3500,3500,3500,3500,3500,3500,3500,3500,3500,3500,3500,3500,3.0064697265625,0.33333587646484375,0.3339385986328125,2.8757400512695313,2.8497390747070313,0.31311798095703125,0.312774658203125,0.34052276611328125,0.3358306884765625,0.351409912109375,0.496612548828125,0.37836456298828125,26.738739013671875,2.7087249755859375,19.139572143554688,0.213043212890625,29.99573516845703,2.7355270385742188,55.050968170166016,0.19417572021484375,0,242266.79357910156,243932.73992919922,0,34088599552,2147483648,8639389696,0
200,1787751485713,3500,3500,3500,3500,3500,3500,3500,3500,3500,3500,3500,3500,3500,3500,3500,3500,3500,3500,3500,3500,0.5759735107421875,0.2792510986328125,0.3235931396484375,0.27660369873046875,0.32259368896484375,0.25927734375,0.4289093017578125,2.8475189208984375,2.8601531982421875,2.8721847534179688,2.9197769165039063,0.3505096435546875,13.3485107421875,0.217529296875,56.02592086791992,0.16089630126953125,3.6811676025390625,0.27550506591796875,33.83238983154297,0.21952056884765625,0,242274.90240478516,243938.73541259766,0,34088599552,2147483648,8639500288,0
200,1787751485914,3500,3500,3500,3500,3500,3500,3500,3500,3500,3500,3500,3500,3500,3500,3500,3500,3500,3500,3500,3500,0.5951766967773438,0.39776611328125,0.36164093017578125,0.35805511474609375,0.4636688232421875,0.45912933349609375,0.5223846435546875,0.3975677490234375,0.5287704467773438,0.4529876708984375,0.5339584350585938,0.4532928466796875,2.35211181640625,0.3633880615234375,1.8231887817382813,0.318389892578125,100,0.17720794677734375,0.36114501953125,0.39975738525390625,0,242284.84643554688,243946.57165527344,0,34088599552,2147483648,8639401984,0
200,1787751486114,3500,3500,3500,3500,3500,3500,3500,3500,3500,3500,3500,3500,3500,3500,3500,3500,3500,3500,3500,3500,0.5426483154296875,0.30623626708984375,12.124397277832031,0.2442474365234375,0.63800048828125,2.9774627685546875,0.4314117431640625,0.3083343505859375,0.3797149658203125,0.38491058349609375,0.5856552124023438,2.9091339111328125,10.180625915527344,0.26308441162109375,14.968894958496094,0.24449920654296875,86.48881530761719,0.118377685546875,4.4531097412109375,2.8902511596679688,0,242295.50708007813,243955.07196044922,0,34088599552,2147483648,8638795776,0
200,1787751486314,3500,3500,3500,3500,3500,3500,3500,3500,3500,3500,3500,3500,3500,3500,3500,3500,3500,3500,3500,3500,0.5579299926757813,2.7992401123046875,2.9415054321289063,0.31813812255859375,0.21826934814453125,0.33187103271484375,2.7983932495117188,0.24613189697265625,0.39504241943359375,0.469146728515625,0.471038818359375,0.48607635498046875,6.965667724609375,0.32218170166015625,2.047760009765625,2.8596572875976563,95.16363525390625,0.1359710693359375,0.5262680053710938,0.49396514892578125,0,242302.60052490234,243960.05657958984,0,34088599552,2147483648,8638730240,0
200,1787751486515,3500,3500,3500,3500,3500,3500,3500,3500,3500,3500,3500,3500,3500,3500,3500,3500,3500,3500,3500,3500,3.0497894287109375,0.3561248779296875,0.283416748046875,2.825775146484375,2.806121826171875,0.3464508056640625,0.30510711669921875,0.2570343017578125,0.36380767822265625,0.4452972412109375,0.47681427001953125,0.448638916015625,21.66602325439453,2.73785400390625,13.07708740234375,0.2906951904296875,69.61279296875,2.679901123046875,28.67699432373047,0.2627716064453125,0,242312.06280517578,243967.37939453125,0,34088599552,2147483648,8638873600,0
199,1787751486715,3500,3500,3500,3500,3500,3500,3500,3500,3500,3500,3500,3500,3500,3500,3500,3500,3500,3500,3500,3500,0.614501953125,0.31768798828125,0.3451080322265625,0.38720703125,0.24666595458984375,0.2440185546875,0.27663421630859375,2.7956085205078125,2.7487640380859375,2.8487472534179688,2.7874679565429688,0.2559051513671875,5.044441223144531,0.22429656982421875,4.689399719238281,0.2185516357421875,0.40838623046875,0.2577056884765625,100,0.10488128662109375,0,242321.6593017578,243974.86297607422,0,34088599552,2147483648,8639004672,0
199,1787751486915,3500,3500,3500,3500,3500,3500,3500,3500,3500,3500,3500,3500,3500,3500,3500,3500,3500,3500,3500,3500,0.52716064453125,0.32952880859375,0.3765106201171875,0.3773651123046875,0.6109237670898438,0.254058837890625,0.360321044921875,0.25795745849609375,0.268798828125,0.31293487548828125,0.632171630859375,0.219970703125,8.525245666503906,0.26630401611328125,4.4229888916015625,0.25510406494140625,2.9336318969726563,0.268402099609375,97.28659057617188,0.1652374267578125,0,242331.32153320313,243982.3999633789,0,34088599552,2147483648,8632696832,0
200,1787751487115,3500,3500,3500,3500,3500,3500,3500,3500,3500,3500,3500,3500,3500,3500,3500,3500,3500,3500,3500,3500,0.502593994140625,0.3153076171875,0.30181121826171875,0.297210693359375,0.34334564208984375,2.7961502075195313,0.31395721435546875,0.28466033935546875,0.26432037353515625,0.31470489501953125,0.3200531005859375,2.8287353515625,3.4729461669921875,0.27431488037109375,7.809120178222656,0.23802947998046875,77.95991516113281,0.17464447021484375,16.59649658203125,2.8134918212890625,0,242342.09997558594,243991.06182861328,0,34088599552,2147483648,8632676352,0
200,1787751487315,3500,3500,3500,3500,3500,3500,3500,3500,3500,3500,3500,3500,3500,3500,3500,3500,3500,3500,3500,3500,0.523956298828125,2.8170318603515625,2.7794647216796875,0.2756195068359375,0.25661468505859375,0.30310821533203125,2.78076171875,0.28679656982421875,0.27557373046875,0.28664398193359375,0.38153076171875,0.31089019775390625,3.9685592651367188,0.27108001708984375,78.12049102783203,2.6744613647460938,25.34980010986328,0.303955078125,0.274871826171875,0.28220367431640625,0,242351.19012451172,243998.03204345703,0,34088599552,2147483648,8632373248,0
200,1787751487516,3500,3500,3500,3500,3500,3500,3500,3500,3500,3500,3500,3500,3500,3500,3500,3500,3500,3500,3500,3500,4.75347900390625,0.32779693603515625,0.28466033935546875,2.8602447509765625,2.8385772705078125,0.258453369140625,0.33453369140625,0.215667724609375,0.47591400146484375,0.3592987060546875,0.33133697509765625,0.4199066162109375,11.576820373535156,2.8151626586914063,77.34793090820313,0.16539764404296875,5.901115417480469,2.8503570556640625,18.1488037109375,0.251861572265625,0,242360.2373046875,244004.95477294922,0,34088599552,2147483648,8631070720,0
200,1787751487716,3500,3500,3500,3500,3500,3500,3500,3500,3500,3500,3500,3500,3500,3500,3500,3500,3500,3500,3500,3500,0.54302978515625,0.27231597900390625,0.2957611083984375,0.30948638916015625,0.268524169921875,0.205657958984375,0.1887969970703125,2.8447265625,2.8506622314453125,2.86492919921875,2.8124465942382813,0.30245208740234375,14.181808471679688,0.21523284912109375,34.95093536376953,0.18395233154296875,47.89530563354492,0.1693878173828125,11.825035095214844,0.2665252685546875,0,242369.38806152344,244011.96771240234,0,34088599552,2147483648,8630276096,0
200,1787751487916,3500,3500,3500,3500,3500,3500,3500,3500,3500,3500,3500,3500,3500,3500,3500,3500,3500,3500,3500,3500,0.5931320190429688,0.31755828857421875,0.32718658447265625,0.32035064697265625,0.25595855712890625,0.333526611328125,0.2878570556640625,0.30857086181640625,0.35788726806640625,0.2922515869140625,0.3524932861328125,0.29444122314453125,4.982109069824219,0.31396484375,2.3335494995117188,0.28556060791015625,100,0.14974212646484375,0.3048248291015625,0.340667724609375,0,242377.58758544922,244018.04278564453,0,34088599552,2147483648,8630263808,0
199,1787751488117,3500,3500,3500,3500,3500,3500,3500,3500,3500,3500,3500,3500,3500,3500,3500,3500,3500,3500,3500,3500,0.5053863525390625,0.2994537353515625,0.303192138671875,0.2690277099609375,0.17331695556640625,2.8727569580078125,0.2231903076171875,0.26488494873046875,0.2833404541015625,0.24932861328125,0.22788238525390625,2.7714080810546875,14.269721984863281,0.2716217041015625,4.45654296875,0.24852752685546875,71.4144287109375,0.1418914794921875,15.455497741699219,2.7927093505859375,0,242386.97692871094,244025.3109741211,0,34088599552,2147483648,8630235136,0
200,1787751488317,3500,3500,3500,3500,3500,3500,3500,3500,3500,3500,3500,3500,3500,3500,3500,3500,3500,3500,3500,3500,0.5951309204101563,2.7759017944335938,5.502716064453125,0.343597412109375,0.3506927490234375,0.30396270751953125,2.7365188598632813,0.23804473876953125,0.19446563720703125,0.2642822265625,3.06976318359375,0.291717529296875,7.1975555419921875,0.22064971923828125,5.949317932128906,2.7396621704101563,81.87342834472656,0.1233978271484375,14.614761352539063,0.2306976318359375,0,242395.2178955078,244031.42504882813,0,34088599552,2147483648,8628846592,0
199,1787751488518,3500,3500,3500,3500,3500,3500,3500,3500,3500,3500,3500,3500,3500,3500,3500,3500,3500,3500,3500,3500,3.08538818359375,0.27956390380859375,9.069351196289063,2.83404541015625,2.805419921875,0.2973175048828125,0.2398681640625,0.32489776611328125,0.25103759765625,0.2480010986328125,0.24275970458984375,0.324493408203125,8.234291076660156,2.7629318237304688,32.95697021484375,0.19873046875,3.557342529296875,2.7744522094726563,59.45582962036133,0.1840667724609375,0,242405.2921142578,244039.3739013672,0,34088599552,2147483648,8627601408,0
200,1787751488718,3500,3500,3500,3500,3500,3500,3500,3500,3500,3500,3500,3500,3500,3500,3500,3500,3500,3500,3500,3500,0.6080169677734375,0.35704803466796875,0.36104583740234375,0.365692138671875,0.4875030517578125,0.47415924072265625,0.5194320678710938,2.9067306518554688,2.8682098388671875,2.8724517822265625,2.8727035522460938,0.31851959228515625,3.2296524047851563,0.357147216796875,63.961708068847656,0.2278900146484375,15.962486267089844,0.3409576416015625,21.510986328125,0.30478668212890625,0,242414.20111083984,244046.17071533203,0,34088599552,2147483648,8627732480,0
199,1787751488918,3500,3500,3500,3500,3500,3500,3500,3500,3500,3500,3500,3500,3500,3500,3500,3500,3500,3500,3500,3500,0.47979736328125,0.24050140380859375,0.2972259521484375,0.26032257080078125,0.42087554931640625,0.32129669189453125,0.40074920654296875,0.31525421142578125,0.239898681640625,0.27005767822265625,0.6776504516601563,0.288787841796875,4.862052917480469,0.1875152587890625,10.001510620117188,0.1699371337890625,45.664310455322266,0.1578521728515625,46.74869918823242,0.16504669189453125,0,242422.62030029297,244052.47161865234,0,34088599552,2147483648,8627687424,0
200,1787751489118,3500,3500,3500,3500,3500,3500,3500,3500,3500,3500,3500,3500,3500,3500,3500,3500,3500,3500,3500,3500,0.5537109375,0.327178955078125,26.223915100097656,0.36556243896484375,0.49369049072265625,2.9417190551757813,0.47679901123046875,0.39864349365234375,0.30164337158203125,0.307037353515625,0.32183074951171875,2.8167343139648438,5.175407409667969,0.264862060546875,8.275650024414063,0.2330322265625,30.989334106445313,0.23587799072265625,42.1156005859375,0.2366790771484375,0,242431.09252929688,244058.81146240234,0,34088599552,2147483648,8627052544,0
200,1787751489319,3500,3500,3500,3500,3500,3500,3500,3500,3500,3500,3500,3500,3500,3500,3500,3500,3500,3500,3500,3500,0.5624847412109375,2.8351669311523438,2.915313720703125,0.40203857421875,0.4969482421875,0.43889617919921875,3.0372543334960938,0.47589874267578125,0.2739105224609375,0.30777740478515625,0.5737533569335938,0.28139495849609375,7.207313537597656,0.2861785888671875,4.0403289794921875,2.7525253295898438,96.15348052978516,0.15296173095703125,0.41899871826171875,2.94219970703125,0,242440.64520263672,244066.2431640625,0,34088599552,2147483648,8626745344,0
200,1787751489519,3500,3500,3500,3500,3500,3500,3500,3500,3500,3500,3500,3500,3500,3500,3500,3500,3500,3500,3500,3500,2.9748611450195313,0.22821044921875,0.35848236083984375,2.874176025390625,2.934295654296875,0.40158843994140625,0.375640869140625,0.4020843505859375,0.21977996826171875,0.2023162841796875,0.198272705078125,0.281097412109375,3.3153839111328125,2.7377700805664063,39.9404296875,0.1613006591796875,64.26568603515625,2.6584396362304688,3.132720947265625,0.33078765869140625,0,242449.28680419922,244072.77014160156,0,34088599552,2147483648,8626204672,0
199,1787751489719,3500,3500,3500,3500,3500,3500,3500,3500,3500,3500,3500,3500,3500,3500,3500,3500,3500,3500,3500,3500,0.6335678100585938,0.288330078125,0.42535400390625,0.4392852783203125,0.279693603515625,0.3562164306640625,0.30280303955078125,2.8477935791015625,2.8110504150390625,2.8643646240234375,2.8199920654296875,0.25643157958984375,9.455986022949219,0.301605224609375,71.30631256103516,0.19298553466796875,23.262962341308594,0.2679595947265625,0.4326934814453125,0.42864990234375,0,242457.45794677734,244079.18951416016,0,34088599552,2147483648,8626327552,0
200,1787751489919,3500,3500,3500,3500,3500,3500,3500,3500,3500,3500,3500,3500,3500,3500,3500,3500,3500,3500,3500,3500,0.6427459716796875,0.36115264892578125,2.373291015625,0.3082275390625,0.28704071044921875,0.32147216796875,0.26824951171875,0.27100372314453125,0.24211883544921875,0.2348175048828125,0.33316802978515625,0.22982025146484375,24.90117645263672,0.23941802978515625,45.71152114868164,0.2104339599609375,34.23871612548828,0.2331695556640625,16.85492706298828,0.34191131591796875,0,242465.98236083984,244085.29821777344,0,34088599552,2147483648,8625909760,0
200,1787751490120,3500,3500,3500,3500,3500,3500,3500,3500,3500,3500,3500,3500,3500,3500,3500,3500,3500,3500,3500,3500,0.5936813354492188,0.30927276611328125,0.34526824951171875,0.30153656005859375,0.33643341064453125,2.796234130859375,0.27826690673828125,0.250213623046875,0.29784393310546875,0.255706787109375,0.3394775390625,2.8046188354492188,5.092491149902344,0.31092071533203125,6.699562072753906,0.2471160888671875,77.64360046386719,0.18032073974609375,16.518714904785156,0.3111724853515625,0,242474.8865966797,244091.9740600586,0,34088599552,2147483648,8625905664,0
200,1787751490320,3500,3500,3500,3500,3500,3500,3500,3500,3500,3500,3500,3500,3500,3500,3500,3500,3500,3500,3500,3500,0.5180282592773438,2.7816848754882813,2.89788818359375,0.26168060302734375,0.33050537109375,0.2656707763671875,2.784881591796875,0.227569580078125,0.2435760498046875,0.2924041748046875,0.28566741943359375,0.2675628662109375,4.386238098144531,0.25200653076171875,19.597801208496094,2.7656326293945313,76.11601257324219,0.16413116455078125,8.875411987304688,2.7732086181640625,0,242484.71258544922,244099.68139648438,0,34088599552,2147483648,8625381376,0
200,1787751490520,3500,3500,3500,3500,3500,3500,3500,3500,3500,3500,3500,3500,3500,3500,3500,3500,3500,3500,3500,3500,3.0541534423828125,0.32288360595703125,0.40195465087890625,2.8974609375,1.3680572509765625,0.3618927001953125,0.3309783935546875,0.26444244384765625,0.31064605712890625,0.31684112548828125,0.37383270263671875,0.29460906982421875,6.5894927978515625,2.7893142700195313,25.595306396484375,0.22882843017578125,79.72208404541016,2.7276763916015625,3.110748291015625,0.29201507568359375,0,242494.8321533203,244107.6407470703,0,34088599552,2147483648,8624402432,0
199,1787751490721,3500,3500,3500,3500,3500,3500,3500,3500,3500,3500,3500,3500,3500,3500,3500,3500,3500,3500,3500,3500,0.5306625366210938,0.29894256591796875,0.3006439208984375,0.32469940185546875,1.715911865234375,0.24798583984375,0.37630462646484375,2.91473388671875,2.7286300659179688,2.7079696655273438,0.43569183349609375,0.2613677978515625,11.606185913085938,0.225830078125,53.403724670410156,0.1618499755859375,35.7080078125,0.23012542724609375,7.1189727783203125,0.3046875,0,242503.81182861328,244114.5125732422,0,34088599552,2147483648,8623378432,0
200,1787751490921,3500,3500,3500,3500,3500,3500,3500,3500,3500,3500,3500,3500,3500,3500,3500,3500,3500,3500,3500,3500,0.577911376953125,0.37856292724609375,0.33979034423828125,0.36656951904296875,0.479034423828125,0.33654022216796875,0.36417388916015625,0.2885284423828125,0.24541473388671875,0.2965240478515625,2.7819671630859375,0.720947265625,22.35973358154297,0.2528533935546875,35.1881103515625,0.25400543212890625,45.87353515625,0.26629638671875,7.4246673583984375,0.3282012939453125,0,242513.28985595703,244121.8515625,0,34088599552,2147483648,8622780416,0
200,1787751491121,3500,3500,3500,3500,3500,3500,3500,3500,3500,3500,3500,3500,3500,3500,3500,3500,3500,3500,3500,3500,0.5631561279296875,0.31652069091796875,0.3562164306640625,0.43454742431640625,0.30938720703125,2.7684402465820313,0.31742095947265625,0.26729583740234375,0.32071685791015625,0.3058929443359375,0.28342437744140625,2.7423782348632813,6.29638671875,0.24932861328125,48.73245620727539,0.18772125244140625,3.1870574951171875,0.29535675048828125,47.70165252685547,0.1994476318359375,0,242523.44256591797,244129.89581298828,0,34088599552,2147483648,8622731264,0
200,1787751491322,3500,3500,3500,3500,3500,3500,3500,3500,3500,3500,3500,3500,3500,3500,3500,3500,3500,3500,3500,3500,0.515777587890625,2.7943038940429688,2.888458251953125,0.3641204833984375,1.6274337768554688,0.28696441650390625,2.7830276489257813,0.29918670654296875,0.26128387451171875,0.27265167236328125,0.39284515380859375,0.2434234619140625,16.101158142089844,0.20702362060546875,24.77745819091797,2.737548828125,61.47671127319336,0.1792449951171875,8.009956359863281,2.78009033203125,0,242530.88610839844,244135.2017211914,0,34088599552,2147483648,8621563904,0
200,1787751491522,3500,3500,3500,3500,3500,3500,3500,3500,3500,3500,3500,3500,3500,3500,3500,3500,3500,3500,3500,3500,4.722938537597656,0.3041534423828125,0.30718994140625,2.8449554443359375,0.34729766845703125,0.28354644775390625,0.31746673583984375,0.21649932861328125,0.25630950927734375,0.3356781005859375,0.25830841064453125,0.31816864013671875,8.720039367675781,2.7981643676757813,33.28522491455078,0.29302215576171875,65.77374267578125,2.69171142578125,3.1961441040039063,0.355133056640625,0,242539.28509521484,244141.48809814453,0,34088599552,2147483648,8621314048,0
200,1787751491722,3500,3500,3500,3500,3500,3500,3500,3500,3500,3500,3500,3500,3500,3500,3500,3500,3500,3500,3500,3500,2.3423233032226563,0.3067779541015625,4.759803771972656,0.2291717529296875,2.7811279296875,0.2962799072265625,0.27384185791015625,2.7600860595703125,2.8601760864257813,2.8772201538085938,0.36524200439453125,0.408966064453125,17.783279418945313,0.20478057861328125,19.303565979003906,0.24346160888671875,42.20309066772461,0.24700927734375,5.9267425537109375,0.2891387939453125,0,242546.97833251953,244147.03399658203,0,34088599552,2147483648,8615813120,0
200,1787751491923,3500,3500,3500,3500,3500,3500,3500,3500,3500,3500,3500,3500,3500,3500,3500,3500,3500,3500,3500,3500,0.776336669921875,0.274505615234375,0.29467010498046875,0.32132720947265625,0.4873046875,0.478424072265625,0.3449859619140625,0.35457611083984375,0.2603759765625,0.36266326904296875,2.7672958374023438,0.2546844482421875,5.639068603515625,0.27205657958984375,0.42046356201171875,0.32317352294921875,0.5368728637695313,0.5126190185546875,0.30609893798828125,0.2671661376953125,0,242553.58111572266,244151.52569580078,0,34088599552,2147483648,8615813120,0
200,1787751492123,3500,3500,3500,3500,3500,3500,3500,3500,3500,3500,3500,3500,3500,3500,3500,3500,3500,3500,3500,3500,0.7554244995117188,0.2745513916015625,0.302276611328125,0.2846221923828125,0.44756317138671875,3.0100860595703125,0.35265350341796875,0.3245697021484375,0.25933837890625,0.2420806884765625,0.25719451904296875,2.799468994140625,4.177558898925781,0.26727294921875,0.871826171875,0.3011322021484375,0.519775390625,0.5380325317382813,0.29325103759765625,0.31459808349609375,0,242559.93133544922,244155.76232910156,0,34088599552,2147483648,8615804928,0
200,1787751492324,3500,3500,3500,3500,3500,3500,3500,3500,3500,3500,3500,3500,3500,3500,3500,3500,3500,3500,3500,3500,0.9056320190429688,2.8641815185546875,2.8062591552734375,0.2874755859375,0.3792266845703125,0.31716156005859375,2.765594482421875,0.25743865966796875,0.27545166015625,0.2245635986328125,0.39409637451171875,0.2145843505859375,3.8879547119140625,0.2751007080078125,3.0844039916992188,2.7932357788085938,0.5221633911132813,0.5198745727539063,0.287628173828125,2.8175811767578125,0,242567.7817993164,244161.48962402344,0,34088599552,2147483648,8615497728,0
200,1787751492524,3500,3500,3500,3500,3500,3500,3500,3500,3500,3500,3500,3500,3500,3500,3500,3500,3500,3500,3500,3500,3.2459487915039063,0.27138519287109375,0.28716278076171875,1.6588287353515625,0.3011474609375,0.27338409423828125,0.27922821044921875,0.2980499267578125,0.25970458984375,0.29610443115234375,0.29100799560546875,0.27812957763671875,4.646820068359375,2.8010940551757813,0.29261016845703125,0.29830169677734375,2.983551025390625,2.9853973388671875,2.81488037109375,0.29151153564453125,0,242575.4532470703,244167.04107666016,0,34088599552,2147483648,8614928384,0
200,1787751492724,3500,3500,3500,3500,3500,3500,3500,3500,3500,3500,3500,3500,3500,3500,3500,3500,3500,3500,3500,3500,0.8636398315429688,0.29837799072265625,0.2973785400390625,1.3999557495117188,2.7732086181640625,0.20949554443359375,0.23011016845703125,2.8628311157226563,2.7788467407226563,2.9066009521484375,0.30097198486328125,0.26409149169921875,9.041282653808594,0.2352447509765625,1.826629638671875,0.2390899658203125,0.48087310791015625,0.356414794921875,0.352569580078125,0.3014678955078125,0,242582.16314697266,244171.63732910156,0,34088599552,2147483648,8618323968,0
200,1787751492925,3500,3500,3500,3500,3500,3500,3500,3500,3500,3500,3500,3500,3500,3500,3500,3500,3500,3500,3500,3500,0.8080368041992188,0.220611572265625,0.28726959228515625,0.26615142822265625,0.23529052734375,0.26654815673828125,0.25836181640625,0.29241943359375,0.21631622314453125,0.25461578369140625,3.2229232788085938,0.21746826171875,6.025596618652344,0.22824859619140625,0.45490264892578125,0.4198455810546875,0.290618896484375,0.2896728515625,0.37191009521484375,0.3741607666015625,0,242588.22393798828,244175.58862304688,0,34088599552,2147483648,8618262528,0
199,1787751493125,3500,3500,3500,3500,3500,3500,3500,3500,3500,3500,3500,3500,3500,3500,3500,3500,3500,3500,3500,3500,0.733154296875,0.33560943603515625,0.3510284423828125,0.3949432373046875,0.33221435546875,2.8645858764648438,0.3917999267578125,0.2674407958984375,0.3351593017578125,0.3060150146484375,0.38591766357421875,2.8572006225585938,5.93243408203125,0.2599029541015625,0.5175094604492188,0.47783660888671875,0.3008270263671875,0.39145660400390625,0.47574615478515625,0.48352813720703125,0,242594.33782958984,244179.5938720703,0,34088599552,2147483648,8618532864,0
0,1787751493325,3500,3500,3500,3500,3500,3500,3500,3500,3500,3500,3500,3500,3500,3500,3500,3500,3500,3500,3500,3500,0.7552261352539063,3.0735321044921875,2.8325881958007813,0.26284027099609375,1.8892059326171875,0.3913116455078125,0.5122833251953125,0.344818115234375,0.28258514404296875,0.2281951904296875,3.547119140625,0.49298095703125,15.1029052734375,0.607208251953125,6.007438659667969,2.9013214111328125,16.140663146972656,0.25759124755859375,0.6782379150390625,2.8726272583007813,0,242601.8388671875,244184.9522705078,0,34088599552,2147483648,7794745344,0
